Immune cells	Malignant cells	Others
A1BG	0.01758	0.02971	0.05289
A1BG-AS1	0.03501	0.04082	0.0445
A1CF	0.00047	0.00166	0.00061
A2M	1.99209	0.25412	0.01655
A2M-AS1	0.02744	0.01176	0.004
A2ML1	0.00281	0.00991	0.00273
A2MP1	0.00263	0.00188	0.03382
A4GALT	0.00133	0.00396	0.00027
A4GNT	0.00576	0.00052	0
AAAS	0.14096	0.39463	0.31963
AACS	0.04403	0.15044	0.05253
AACSP1	0.0011	0.00223	0.00038
AADACL2	0	0.00037	0
AADACL3	3e-04	0.00025	0
AADACL4	5e-05	0.00026	0
AADAT	0.00111	0.12572	0.06209
PRXL2C	0.07901	0.0345	0.03824
AAGAB	0.14309	0.24912	0.15024
AAK1	0.09275	0.09725	0.09158
AAMDC	0.1127	0.22484	0.44897
AAMP	0.43329	0.8008	0.67404
AANAT	0.02068	0.00293	0
AAR2	0.17109	0.33372	0.28105
AARD	0.02244	0.03151	0.01708
AARS	0.17742	0.45477	0.6211
AARS2	0.07029	0.14054	0.06704
AARSD1	0.11444	0.32842	0.20973
AASDH	0.06322	0.15464	0.08364
AASDHPPT	0.1553	0.63813	0.51764
AASS	0.05446	0.48951	0.4606
AATK	0.00707	0.01331	0.67368
PVALEF	5e-05	0.00021	0.00012
ABAT	0.05666	0.48764	0.11819
ABCA1	0.49292	0.2937	0.236
ABCA10	0.00143	0.0089	0.00801
ABCA11P	0.03684	0.12553	0.06428
ABCA12	0.00044	0.00561	2e-05
ABCA13	0.00153	0.01308	0.00382
ABCA17P	0.00141	0.00216	2e-05
ABCA2	0.0267	0.08155	1.84854
ABCA3	0.00696	0.11658	0.11522
ABCA4	3e-05	0.00277	0
ABCA5	0.02372	0.06323	0.09738
ABCA6	0.00502	0.01062	0.08381
ABCA7	0.04251	0.0113	0.01178
ABCA8	0.00304	0.07184	0.84935
ABCA9	0.02799	0.05112	0.05009
ABCB1	0.01597	0.01017	0.00052
ABCB10	0.03425	0.04689	0.03633
ABCB11	0	0.00037	0
ABCB4	0.03675	0.02126	0.00028
ABCB5	0.01827	0.02531	0.01813
ABCB6	0.01648	0.23418	0.09645
ABCB7	0.16977	0.23198	0.1473
ABCB8	0.05426	0.13212	0.11425
ABCB9	0.00528	0.04766	0.06362
ABCC1	0.04534	0.04167	0.02118
ABCC10	0.0783	0.09481	0.0688
ABCC11	0.00069	0.00116	0
ABCC12	5e-05	0.00168	0
ABCC13	0.00279	0.0041	0.0028
ABCC2	0.00192	0.00363	7e-05
ABCC3	0.134	0.05749	0.00092
ABCC4	0.20925	0.05145	0.00928
ABCC5	0.21178	0.33711	0.28462
ABCC5-AS1	0.00099	0.00301	0.00175
ABCC6	0.03216	0.01516	0
ABCC6P1	0.00026	0.00673	0
ABCC6P2	0.00032	0.02448	0
ABCC8	0.00031	0.03386	0.00446
ABCC9	0.39442	0.55394	0.44144
ABCD1	0.06764	0.02246	0.01863
ABCD2	0.01731	0.04611	0.00828
ABCD3	0.12341	0.47932	0.40876
ABCD4	0.18047	0.27849	0.29421
ABCE1	0.17946	0.42462	0.31191
ABCF1	0.15475	0.30194	0.16529
ABCF2	0.12403	0.39202	0.14528
ABCF3	0.15251	0.27575	0.24308
ABCG1	0.30407	0.09041	0.54349
ABCG2	0.0106	0.01079	4e-05
ABCG4	4e-05	0.00503	0
ABCG5	0.00026	0.00142	0.00071
ABCG8	0.00033	0.00125	0
ABHD1	0.00615	0.01094	0.00295
ABHD10	0.1154	0.30786	0.26075
ABHD11	0.1965	0.22006	0.1193
ABHD12	0.40854	0.29644	0.62483
ABHD12B	0.01647	0.02101	0.15875
ABHD13	0.11385	0.15633	0.0755
ABHD14A	0.11932	0.28482	0.23845
ABHD14A-ACY1	0.00332	0.01904	0.02887
ABHD14B	0.24721	0.0944	0.06002
ABHD15	0.1141	0.04721	0.02307
ABHD16A	0.38624	0.46341	0.44479
ABHD16B	0.01973	0.01882	0.00648
ABHD2	0.24378	0.44573	0.13988
ABHD3	0.39696	0.23457	0.15348
ABHD4	0.12407	0.27851	0.29851
ABHD5	0.10901	0.16816	0.17794
ABHD6	0.03164	0.09004	0.48766
ABHD8	0.0262	0.02467	0
ABI1	0.584	0.31782	0.17188
ABI2	0.10623	0.58468	0.26108
ABI3	0.67469	0.00061	0.00012
ABI3BP	0.00161	0.02435	0.00024
ABL1	0.04519	0.13723	0.16073
ABL2	0.25335	0.09402	0.06147
ABLIM1	0.03347	0.16602	0.00648
ABLIM2	0.00247	0.04373	0.03504
ABLIM3	0.03114	0.01422	0.04522
ABO	0.00088	0.00082	0
ABR	0.30288	0.22919	0.00551
ABRA	0.02917	0.00984	0.00208
ABRACL	0.36304	0.23267	0.00306
ABT1	0.15287	0.20725	0.09955
ABTB1	0.18131	0.06873	0.221
ABTB2	0.00645	0.05702	0.22438
ACAA1	0.53553	0.57497	0.75728
ACAA2	0.39114	0.36986	0.28784
ACACB	0.02451	0.02915	0.02722
ACAD10	0.07232	0.15152	0.07033
ACAD11	0.10953	0.17906	0.22222
ACAD8	0.11567	0.36787	0.19621
ACAD9	0.08829	0.18547	0.16847
ACADL	0.00059	0.01314	0.00495
ACADM	0.25482	0.46669	0.28697
ACADS	0.0802	0.06931	0.10563
ACADSB	0.06509	0.09688	0.14674
ACADVL	0.46602	0.58892	0.45745
ACAN	0.00033	0.0119	0.03464
ACAP1	0.1235	0.00296	0.00088
ACAP2	0.18933	0.15025	0.12123
ACAP3	0.01113	0.13228	0.08673
ACAT1	0.30028	0.50133	0.54054
ACAT2	0.14504	0.54898	0.41887
ACBD3	0.06042	0.1082	0.10561
ACBD4	0.05845	0.05408	0.01842
ACBD5	0.20809	0.25693	0.38497
ACBD7	0.07224	0.12703	0.08319
ACCS	0.08437	0.02811	0.02143
ACCSL	0.00017	0.00097	0
ACD	0.08725	0.21571	0.1393
ACE	0.00678	0.00139	0
ACE2	1e-05	0.00137	5e-05
ACER1	0.00026	0.00089	0
ACER2	0.0151	0.01744	0.00673
ACER3	0.27815	0.16495	0.53819
ACHE	0.00229	0.15358	0.00306
ACIN1	0.19625	0.261	0.16324
ACLY	0.2599	0.69074	0.32018
ACMSD	5e-05	0.00109	0.0031
SDHAF3	0.07828	0.21446	0.08742
ACO1	0.05679	0.1924	0.09934
ACO2	0.3021	0.51061	0.55934
ACOT1	0.02444	0.06555	0.01918
ACOT11	0.03461	0.03008	0.01795
ACOT12	8e-05	0.00637	8e-05
ACOT13	0.18275	0.18628	0.14147
ACOT2	0.14288	0.24127	0.06987
ACOT4	0.01145	0.00755	0.00972
ACOT6	0.0018	0.00621	0
ACOT7	0.02863	0.40229	0.58877
ACOT8	0.11403	0.25701	0.25992
ACOT9	0.32743	0.21494	0.03578
ACOX1	0.09823	0.21237	0.10958
ACOX2	0.00568	0.05501	0.00187
ACOX3	0.09166	0.13811	0.12855
ACOXL	6e-05	0.00186	0
ACP1	0.4376	0.92298	0.70548
ACP2	0.28914	0.32066	0.25242
ACP5	0.13303	0.00342	0.00132
ACP6	0.03891	0.11351	0.0302
PXYLP1	0.01729	0.23563	0.04403
ACPP	0.13218	0.00426	0.00099
ACP4	0.00122	0.00434	0.00146
ACR	0	0.00072	0
ACRBP	0.07987	0.01079	0.00017
GCNA	0.02557	0.01526	0.00579
ACRV1	2e-05	0.02992	0
ACSBG1	0.00271	0.13818	0.01062
ACSBG2	0.00107	0.00631	0.00203
ACSF2	0.13476	0.03694	0.00619
ACSF3	0.11509	0.1207	0.07247
ACSL1	1.02593	0.10161	0.58718
ACSL3	0.28983	0.57174	0.45394
ACSL4	0.27645	0.09666	0.10269
ACSL5	0.19025	0.00448	0.00023
ACSL6	0.01726	0.04916	0.01626
ACSM1	0.00078	0.00027	0.0021
ACSM2A	4e-05	3e-04	0
ACSM3	0.01038	0.00093	0.00016
ACSM4	0.00061	0.00056	0.00062
ACSM5	0.13491	0.00907	0.00475
ACSS1	0.04832	0.07412	0.0416
ACSS2	0.08552	0.11819	0.25317
ACSS3	0.00138	0.17873	0.00308
ACTA1	0.00197	0.00617	0.00023
ACTA2	0.0685	0.06724	0.00583
ACTB	4.15773	3.90727	4.14193
ACTBL2	0	0.00063	0
ACTC1	0.00025	0.01838	0.00014
ACTG1	2.36205	3.41002	3.309
ACTG1P4	0.00262	0.00892	0.00172
ACTG2	0.0014	0.00562	0.00047
ACTL10	0.00233	0.00542	0.00681
ACTL6A	0.225	0.58455	0.35917
ACTL6B	0	0.11552	0
ACTL7A	0.00234	0.00289	0
ACTL7B	0	0.00082	0
ACTL8	1e-04	0.0013	0
ACTN1	0.13104	0.24336	0.00762
ACTN2	0.0042	0.13358	0.27207
ACTN3	0	0.00072	0.0011
ACTN4	0.16928	0.44567	0.71256
ACTR10	0.30718	0.57051	0.62898
ACTR1A	0.37311	0.59451	0.81286
ACTR1B	0.14517	0.20251	0.44562
ACTR2	0.70805	0.40078	0.42395
ACTR3	1.11615	0.89978	0.72418
ACTR3B	0.01132	0.112	0.03461
ACTR3BP2	0.00213	0.00173	0
ACTR3BP5	0.00374	0.00251	0
ACTR3C	0.0107	0.01481	0.00273
ACTR5	0.05861	0.1145	0.062
ACTR6	0.13578	0.39471	0.28779
ACTR8	0.10556	0.19424	0.11363
ACTRT3	0.0085	0.00336	0.00988
ACVR1	0.03908	0.05022	0.02042
ACVR1B	0.02279	0.05457	0.01806
ACVR1C	0.00036	0.00461	0.0368
ACVR2A	0.05442	0.22179	0.10195
ACVR2B	0.0075	0.056	0.03164
ACVR2B-AS1	0.00454	0.012	0.00498
ACVRL1	0.00923	0.00469	0.00047
ACY1	0.13255	0.12037	0.10568
ACY3	0.13502	0.01131	0.00197
ACYP1	0.05698	0.23648	0.19177
ACYP2	0.10413	0.29518	0.85096
ADA	0.06425	0.08358	0.43068
ADAD1	2e-05	0.00022	0
ADAD2	0.00169	0.00025	0.00016
ADAL	0.03897	0.09677	0.06833
ADAM10	0.40857	0.30169	0.4843
ADAM11	0.00166	0.01778	0.00158
ADAM12	0.00881	0.05395	0.01116
ADAM15	0.1463	0.19706	0.44668
ADAM17	0.40851	0.37675	0.20169
ADAM18	3e-05	0.00045	0
ADAM19	0.05235	0.10085	0.09975
ADAM1A	0.0125	0.06421	0.01633
ADAM20	0.00201	0.01531	0.00558
ADAM20P1	0.00167	0.00742	0
ADAM21	0.00192	0.00669	0
ADAM21P1	7e-05	0.00121	0
ADAM22	0.00861	0.16716	0.0804
ADAM23	2e-05	0.05015	0.00514
ADAM28	1.14201	0.00708	0
ADAM30	0.00021	0.00053	0
ADAM32	0.0016	0.00818	0.00124
ADAM33	0.00311	0.02276	0.00137
ADAM3A	8e-05	0.00064	0.00028
ADAM5	0	6e-04	0
ADAM7	0.00018	0.0013	0.00028
ADAM8	0.14282	0.00441	0.007
ADAM9	0.63672	0.57902	0.22208
ADAMDEC1	0.13669	0.00062	6e-04
ADAMTS1	0.00153	0.16575	0.28119
ADAMTS10	0.04118	0.03673	0
ADAMTS12	6e-05	0.00653	0.00142
ADAMTS13	0.00348	0.02557	0.0191
ADAMTS14	0.00291	0.00577	0.06387
ADAMTS15	0.00322	0.00261	0
ADAMTS16	7e-05	0.00522	5e-04
ADAMTS17	0.01007	0.0152	0.00536
ADAMTS18	0.00025	0.00729	0.15642
ADAMTS19	0.00103	0.00533	0.00767
ADAMTS2	0.01323	0.00672	0.00971
ADAMTS20	1e-05	0.00399	0.00025
ADAMTS3	0.00082	0.0363	0.00018
ADAMTS4	0.05592	0.11609	1.2269
ADAMTS5	9e-04	0.01421	0.00542
ADAMTS6	0.00216	0.03922	0.00535
ADAMTS7	0.00058	0.0297	0.00268
ADAMTS8	0.00091	0.00302	0.04899
ADAMTS9	0.00079	0.1018	0.00011
ADAMTS9-AS2	0.00091	0.04039	0
ADAMTSL1	2e-05	0.0274	0.00047
ADAMTSL2	0.06079	0.03042	0.02969
ADAMTSL3	8e-05	0.00166	0.01518
ADAMTSL4	0.07864	0.02743	0.00839
ADAMTSL5	0.00354	0.00179	0.00065
ADAP1	0.02921	0.00705	0.28971
ADAP2	0.6448	0.00379	5e-05
ADAR	0.21706	0.40772	0.32531
ADARB1	0.01359	0.02349	0.00905
ADARB2	0.00166	0.00326	0.20933
ADARB2-AS1	0	0.00156	0.0707
ADAT1	0.1171	0.20074	0.11383
ADAT2	0.03543	0.0375	0.01438
ADAT3	0.01106	0.02154	0.05108
AZIN2	0.11998	0.05117	0.26562
ADCK1	0.06844	0.08228	0.11424
ADCK2	0.06083	0.03288	0.03123
COQ8A	0.10868	0.13025	0.2252
COQ8B	0.0762	0.21664	0.12576
ADCK5	0.05945	0.07194	0.04229
ADCY1	0.00407	0.05584	0.00272
ADCY10	0.00172	0.00242	0
ADCY10P1	0.01664	0.0176	0.06508
ADCY2	0.00244	0.02103	0.0018
ADCY3	0.08483	0.03341	0.07457
ADCY4	0.01372	0.00175	0.00022
ADCY5	0.00044	0.02186	0.17229
ADCY6	0.02283	0.10895	0.03655
ADCY7	0.40874	0.04447	0.02926
ADCY8	0.00113	0.0373	0.00111
ADCY9	0.00517	0.01446	0.00276
ADCYAP1	6e-05	0.01802	0.00056
ADCYAP1R1	0.00083	0.15414	0.00384
ADD1	0.17006	0.49382	0.63724
ADD2	0.00249	0.23205	0.00038
ADD3	0.1048	0.21873	0.88201
ADGB	2e-04	0.00016	6e-05
ADH1A	0	0.00061	3e-04
ADH1B	4e-05	0.00013	0.00014
ADH4	0.00787	0.01333	0.00737
ADH5	0.26978	0.78346	0.44218
ADH6	0.00041	0.00346	0
ADH7	5e-05	3e-04	0
ADHFE1	0.07088	0.07686	0.09506
ADI1	0.43957	0.5196	0.62002
ADIG	0.00044	0.00102	0
ADIPOQ	0.00599	0.00823	0.00471
ADIPOQ-AS1	0.00198	0.00299	0.00235
ADIPOR1	0.69554	0.55059	0.97074
ADIPOR2	0.04275	0.06134	0.3442
ADIRF	0.00143	0.00843	0
ADK	0.15382	0.23297	0.12263
ADM	0.28888	0.25841	0.01753
ADM2	0.0088	0.01165	0.00575
ADM5	0.00644	0.01859	0
ADNP	0.08692	0.2468	0.0842
ADNP2	0.04668	0.07977	0.0667
ADO	0.03757	0.04955	0.13141
ADORA1	0.00436	0.07468	0.13792
ADORA2A	0.02501	0.0236	0.00092
ADORA2A-AS1	0.00509	0.00566	0.00143
ADORA2B	0.02007	0.04684	0.00592
TMIGD3	1.22975	0.00267	0.01623
ADPGK	0.70188	0.26056	0.20454
ADPGK-AS1	0.06667	0.03163	0.02892
ADPRH	0.14983	0.03092	0.02001
ADPRHL1	0.00029	0.00924	0.01606
ADPRHL2	0.15974	0.39192	0.49058
ADPRM	0.08334	0.12626	0.06869
ADRA1A	0.05515	0.09316	0.05364
ADRA1B	0.00084	0.00085	0
ADRA1D	0	0.00326	0
ADRA2A	0.00086	0.00155	0
ADRA2C	0.00013	0.00028	0
ADRB1	0.0023	0.0164	0
ADRB2	0.477	0.00499	0.00552
ADRB3	0.00098	0.00019	0
GRK2	0.21832	0.05603	0.04353
GRK3	0.1111	0.04842	0.02564
ADRM1	0.40755	0.65071	0.66105
ADSL	0.29351	0.47994	0.34486
ADSS	0.20365	0.23727	0.63506
ADSSL1	0.04651	0.02764	0.02969
ADTRP	0.00363	0.00024	0
AEBP1	0.0014	0.13193	0.0081
AEBP2	0.08981	0.2031	0.08086
AEN	0.10555	0.25312	0.10054
AES	0.08685	0.32045	0.13678
AFAP1	0.02441	0.17104	0.02874
AFAP1-AS1	0.00502	0.00996	0.00031
AFAP1L1	0.00436	0.09071	0.01019
AFAP1L2	0.00332	0.13169	0.00731
AFF1	0.1443	0.10466	0.12689
AFF2	5e-05	0.00503	0
AFF3	0.01664	0.07575	0.01377
AFF4	0.2835	0.47131	0.42481
AFG3L1P	0.12308	0.20032	0.14642
AFG3L2	0.12337	0.20291	0.12389
AFMID	0.19398	0.19976	0.90396
AFTPH	0.15963	0.13917	0.09498
AGA	0.15923	0.15148	0.41385
AGAP1	0.0018	0.12635	0.20728
AL136982.1	0.00279	0.00502	0.00331
AGAP2	0.02619	0.10841	0.00052
AGAP3	0.08563	0.16836	0.11086
AGAP4	0.03675	0.04474	0.02223
AGAP5	0.06243	0.05754	0.02631
AGAP6	0.0624	0.10091	0.05942
AGAP7P	0.00948	0.02062	0.00831
AGBL2	0.00356	0.00808	4e-04
AGBL3	0.00657	0.02996	0.01094
AGBL4	0.00102	0.01135	0.00012
AGBL5	0.02397	0.14706	0.06228
AGER	0.02652	0.02798	0.00486
AGFG1	0.0673	0.08228	0.08227
AGFG2	0.01852	0.08973	0.01926
AGGF1	0.12347	0.21218	0.14973
AGK	0.16133	0.27971	0.13056
AGL	0.05554	0.09491	0.08559
AGMAT	0.05712	0.05404	0.03601
AGMO	0.00739	0.12473	0.05107
AGO1	0.08734	0.15049	0.10741
AGO2	0.06351	0.13297	0.11877
AGO3	0.12882	0.21505	0.25053
AGO4	0.07311	0.05654	0.03419
AGPAT1	0.13466	0.35377	0.35824
AGPAT2	0.17724	0.06169	1e-04
AGPAT3	0.04816	0.0744	0.0968
AGPAT4	0.01897	0.12648	0.36256
AGPAT5	0.11478	0.29847	0.1832
GPAT4	0.18932	0.24017	0.24141
GPAT3	0.09025	0.00542	0.00215
AGPS	0.05716	0.06749	0.09485
AGR2	6e-05	0.00053	0
AGRN	0.00308	0.06624	0.03562
AGRP	0.00639	0.00341	0.00859
AGT	0.01009	0.57697	0.27735
AGTPBP1	0.10454	0.10753	0.38141
AGTR1	0	0.00229	0
AGTRAP	0.38871	0.26705	0.47743
AGXT	0	0.00561	0
AHCTF1	0.06823	0.11689	0.06275
AHCTF1P1	0.00048	0.00539	0.00066
AHCY	0.24366	0.64768	0.41445
AHCYL1	0.1843	0.44377	0.23097
AHCYL2	0.02624	0.13605	0.03507
AHDC1	0.00749	0.0339	0.00637
AHI1	0.11119	0.22785	0.20771
AHNAK	0.34927	0.07339	0.00026
AHNAK2	0.01955	0.00973	0.00709
AHR	0.20463	0.10878	0.16555
AHRR	0.00207	0.0102	0.00052
AHSA1	0.44752	0.57255	0.8076
AHSA2P	0.11013	0.08926	0.12098
AHSG	0	0.00663	0.00011
AICDA	0.01713	0.02095	0.01116
AIDA	0.22892	0.19103	0.29223
AIF1	1.76458	0.00266	0.00916
AIF1L	0.00453	0.4771	1.73514
AIFM1	0.14426	0.22515	0.15086
AIFM2	0.02772	0.05087	0.02741
AIFM3	0.00526	0.00342	0.00306
AIG1	0.34238	0.34028	0.61436
CRYBG1	0.10411	0.01424	0.00511
CRYBG2	0.00217	0.00048	0
AIM2	0.04057	0.01919	0.00372
AIMP1	0.18076	0.30803	0.23201
AIMP2	0.16434	0.40427	0.16793
AIP	0.40018	0.41689	0.6558
AIPL1	0.02582	0.03523	0.02242
AIRE	0.00189	0.00395	0.004
AIRN	0.004	0.00177	0.00123
AJAP1	0.00071	0.00401	0.03116
AJUBA	0.00115	0.03032	0.00095
AK1	0.06848	0.1969	0.23152
AK2	0.40768	0.46229	0.45571
AK3	0.16997	0.30337	0.25719
AK4	0.04175	0.2781	0.04599
AK5	0.0012	0.00675	0.53232
AK7	1e-04	0.00246	0.02053
AK8	0.00166	0.01167	0.01124
AKAP1	0.03397	0.07245	0.06707
AKAP10	0.17226	0.17787	0.15999
AKAP11	0.09238	0.18182	0.18928
AKAP12	0.00888	0.20264	0.01055
AKAP13	0.60747	0.21721	0.00428
AKAP14	0	0.00216	0
AKAP17A	0.05956	0.05062	0.03235
AKAP2	0.04183	0.04638	0.03721
AKAP3	0.00241	0.0098	0.02265
AKAP5	0.0364	0.0549	0.0316
AKAP6	0.00441	0.1262	0.33928
AKAP7	0.04512	0.27263	0.03813
AKAP8	0.13472	0.2732	0.15837
AKAP8L	0.07349	0.19816	0.12497
AKAP9	0.19556	0.27597	0.21383
AKIP1	0.36521	0.41765	0.35059
AKIRIN1	0.38022	0.65461	0.85902
AKIRIN2	0.44128	0.51487	0.36293
AKNA	0.21533	0.04605	0.02262
AKNAD1	3e-05	0.05451	0.00601
AKR1A1	0.80087	0.42762	0.4805
AKR1B1	1.17298	0.8835	0.58704
AKR1B10	0.01338	0.01664	0.00819
AKR1B15	0.00095	0.00132	0.00157
AKR1C1	0.00152	0.01782	0
AKR1C2	0.00033	0.00552	4e-05
AKR1C3	0.04146	0.03885	0
AKR1C6P	0.00097	0.00079	0.00051
AKR1C8P	0.00042	6e-04	0
AKR1D1	0.01386	0.01724	0.01038
AKR1E2	0.00667	0.00271	0
AKR7A2	0.19698	0.35051	0.20571
AKR7A2P1	0.01049	0.01408	0.00335
AKR7A3	0.00487	0.02734	0.00778
AKR7L	0.00336	0.02622	0.01145
AKT1	0.08851	0.14306	0.05803
AKT1S1	0.02264	0.06525	0.0584
AKT2	0.04659	0.17299	0.08322
AKT3	0.03848	0.25325	0.10361
AKTIP	0.08439	0.23444	0.50887
ALAD	0.1525	0.14822	0.60465
ALAS1	0.18089	0.28778	0.21409
ALAS2	0.00096	0.00122	0
ALB	0.00049	0.00241	0.00735
ALCAM	0.41055	0.42653	1.09641
ALDH16A1	0.0745	0.05965	0.0417
ALDH18A1	0.07861	0.30034	0.06245
ALDH1A1	0.20182	0.01488	0.00073
ALDH1A2	0.00786	0.0041	0.00651
ALDH1A3	0.00486	0.00952	0.02186
ALDH1B1	0.05661	0.16262	0.07142
ALDH1L1	0.00176	0.13497	0.00542
ALDH1L1-AS1	0	0.00278	0
ALDH1L1-AS2	0.00096	0.03839	0
ALDH1L2	0.00959	0.04875	0.01764
ALDH2	1.10208	0.41467	0.3166
ALDH3A1	0.00118	0.00375	0.0077
ALDH3A2	0.16154	0.46072	0.69583
ALDH3B1	0.1882	0.04227	0.07144
ALDH3B2	0.00123	0.00036	0.00029
ALDH4A1	0.01968	0.09931	0.01474
ALDH5A1	0.03139	0.11405	0.01112
ALDH6A1	0.12475	0.37505	0.79678
ALDH7A1	0.07259	0.42182	0.2337
ALDH8A1	0.0112	0.02628	0.03167
ALDH9A1	0.36797	0.60982	0.49275
ALDOA	1.77388	2.13748	2.08855
ALDOB	0.00121	0.00524	0.00762
ALDOC	0.10864	0.38663	0.31598
ALG1	0.10888	0.15667	0.12803
ALG10	0.04054	0.05769	0.04601
ALG10B	0.0273	0.07223	0.03103
ALG11	0.10238	0.22909	0.20407
ALG12	0.12279	0.17582	0.23661
ALG13	0.22355	0.19679	0.23123
ALG14	0.06979	0.19406	0.41997
ALG1L	0.00542	0.02462	0.03087
ALG1L2	0.00132	0.00458	0.00351
ALG1L9P	0.02395	0.07744	0.04442
ALG2	0.24122	0.24863	0.12634
ALG3	0.2578	0.32775	0.16684
ALG5	0.29819	0.49036	0.53639
ALG6	0.09081	0.22574	0.1313
ALG8	0.20825	0.34465	0.34763
ALG9	0.05523	0.17666	0.14388
ALK	0.00041	0.05786	0.00539
ALKBH1	0.05776	0.09251	0.05829
ALKBH2	0.05367	0.39708	0.18712
ALKBH3	0.09601	0.18491	0.19744
ALKBH4	0.06168	0.23754	0.13624
ALKBH5	0.09431	0.17148	0.19231
ALKBH6	0.09287	0.13202	0.10526
ALKBH7	0.2401	0.30094	0.3499
ALKBH8	0.02197	0.05906	0.01332
ALLC	0	0.00061	0
ALMS1	0.03746	0.09657	0.07184
ALMS1P1	0.00217	0.01359	0.00758
ALOX12	0.00738	0.00672	0.00122
ALOX12B	1e-05	0.00156	0
ALOX12P2	0.00334	0.02393	0.00136
ALOX15	0.00095	0.00108	4e-04
ALOX15B	0.13085	5e-04	3e-05
ALOX5	0.77146	0.00195	0.01407
ALOX5AP	2.28487	0.00491	0
ALOXE3	0.00014	0.00301	0
ALPK1	0.10097	0.01893	0.0046
ALPK2	0.02224	0.01801	0
ALPK3	0.04767	0.01271	0
ALPL	0.00137	0.03332	0
ALPP	0.00211	0.00222	0.00192
ALS2	0.04038	0.12051	0.09194
ALS2CL	0.01145	0.00604	0.00166
C2CD6	3e-05	0.00899	0.00782
ALS2CR12	0.00204	0.01268	0.00957
ALX1	0.00048	0.00312	0
ALX3	0.00465	0.02716	0.00683
ALX4	8e-05	0.0028	0.00026
ALYREF	0.0106	0.03316	0.01021
AMACR	0.0627	0.09247	0.05647
AMBN	0	0.00045	0
AMBP	0.00088	4e-04	0
AMBRA1	0.07422	0.11521	0.1057
AMD1	0.57506	0.5944	1.84034
AMDHD1	0.01512	0.00394	0.00032
AMDHD2	0.1337	0.07635	0.1671
AMER1	0.00384	0.04163	0.01356
AMER2	0.00259	0.03913	0.58269
AMER3	0.00175	0.01918	0.00148
AMFR	0.08286	0.13065	0.12914
AMH	0.0026	0.03242	0.00468
AMHR2	0.00197	0.00035	0
JAML	0.21632	6e-05	0
AMIGO1	0.00097	0.012	0.00459
AMIGO2	0.02278	0.01523	0
AMIGO3	0.03392	0.08575	0.02198
AMMECR1	0.02289	0.05584	0.01626
AMMECR1L	0.05278	0.15258	0.04582
AMN1	0.06292	0.20812	0.33685
AMOT	0.01928	0.05336	0.0093
AMOTL1	0.01178	0.10961	0.00412
AMOTL2	0.00157	0.24131	0.62203
AMPD1	0.00025	0.00018	0
AMPD2	0.44558	0.26727	0.17683
AMPD3	0.17395	0.00813	0.29526
AMPH	0.008	0.10989	0.01431
AMT	0.09644	0.08051	0.02116
AMY1A	0.00018	0.00061	0.00022
AMY1B	6e-05	0.00041	0
AMY2A	0.00063	0.00134	0.00021
AMY2B	0.06663	0.07257	0.09721
AMZ1	0.01437	0.05159	0.01975
AMZ2	0.27041	0.48307	0.27826
AMZ2P1	0.22683	0.20158	0.18132
ANAPC1	0.05563	0.10994	0.07413
ANAPC10	0.10879	0.22989	0.13189
ANAPC11	0.43409	1.05566	0.63307
ANAPC13	0.32579	0.75001	0.52319
ANAPC15	0.1562	0.31022	0.21906
ANAPC16	0.37047	0.26021	0.22105
ANAPC1P1	0.00637	0.01215	0.00632
ANAPC2	0.04974	0.08386	0.0612
ANAPC4	0.15903	0.19405	0.16087
ANAPC5	0.43739	0.79178	1.07124
ANAPC7	0.18468	0.55568	0.341
ANG	0.11205	0.02978	0.01647
ANGEL1	0.19916	0.22094	0.28179
ANGEL2	0.10425	0.21128	0.18305
ANGPT1	0.00063	0.03672	0.00697
ANGPT2	0.02787	0.04826	0.05865
ANGPT4	0.00018	0.00144	0
ANGPTL1	0.00685	0.06917	0.00135
ANGPTL2	0.00382	0.16685	0.27217
ANGPTL3	0.00181	0.0059	0.00262
ANGPTL4	0.10507	0.07646	0.07467
ANGPTL5	0.00109	0.00174	0.00169
ANGPTL6	0.02346	0.00255	0
ANGPTL7	0.00377	0.01108	0.0085
ANHX	0.00024	0.00181	0
ANK1	0.00762	0.0036	0.00095
ANK2	0.01363	0.25039	0.41302
ANK3	0.01149	0.08426	0.45492
ANKAR	0.02805	0.03477	0.01769
ANKDD1A	0.05565	0.06883	0.02057
ANKDD1B	0.00042	0.00231	0
ANKEF1	0.01133	0.01178	0.00153
ANKFN1	0.00047	0.08019	0
ANKFY1	0.14471	0.20953	0.19691
ANKH	0.0808	0.06342	0.22028
ANKHD1	0.24071	0.2846	0.22582
ANKHD1-EIF4EBP3	0.0262	0.03135	0.0129
ANKIB1	0.07131	0.27586	0.38308
ANKK1	0.00152	0.00407	0.00253
ANKLE1	0.03191	0.0445	0.03603
ANKLE2	0.06319	0.13329	0.05397
ANKMY1	0.06679	0.05077	0.03947
ANKMY2	0.06067	0.26167	0.11489
ANKRA2	0.11083	0.24267	0.20709
ANKRD1	2e-04	0.0017	4e-05
ANKRD10	0.87615	0.98041	0.55269
ANKRD11	0.12723	0.13891	0.11208
ANKRD12	0.20926	0.22923	0.36445
ANKRD13A	0.07952	0.0776	0.14106
ANKRD13B	0.00176	0.0398	0.0342
ANKRD13C	0.11812	0.2171	0.20185
ANKRD13D	0.11952	0.09698	0.08099
ANKRD16	0.02848	0.04894	0.03443
ANKRD17	0.15857	0.31799	0.24502
ANKRD18A	0.00144	0.00718	0.18791
ANKRD18B	0.00073	0.0059	0.00372
ANKRD18DP	0.00858	0.0057	3e-05
ANKRD19P	0.01214	0.05435	0.01712
ANKRD2	0	0.00804	0.00438
ANKRD20A11P	0.00676	0.01834	0.00363
ANKRD20A19P	0.00287	0.00384	0.00185
ANKRD20A2	0.00328	0.14106	0.00517
ANKRD20A4	0.00866	0.10893	0.00417
ANKRD20A5P	0.01304	0.03019	0.00832
ANKRD20A8P	0.0048	0.11248	0.01415
ANKRD20A9P	0.08724	0.1463	0.09339
ANKRD22	0.18534	0.00058	0.00015
ANKRD23	0.02314	0.04484	0.08696
ANKRD24	0.00047	0.00344	0.00311
ANKRD26	0.02518	0.06029	0.02767
ANKRD26P1	0.00025	0.00046	0
ANKRD26P3	0.00376	0.00032	6e-05
ANKRD27	0.07776	0.1086	0.10611
ANKRD28	0.03113	0.09173	0.14673
ANKRD29	0.0066	0.00551	0
ANKRD30A	0.00016	1e-04	0
ANKRD30B	5e-05	0.00041	0
ANKRD30BL	0.00146	0.01092	0.00166
ANKRD30BP2	0.01398	0.01954	0.01226
ANKRD30BP3	3e-05	0.00021	0
ANKRD31	0.00225	0.00293	0.00034
SLF1	0.06018	0.09462	0.04353
ANKRD33	0	0.00097	8e-05
ANKRD33B	0.0021	0.00612	5e-05
ANKRD34A	0.00449	0.01346	0.00825
ANKRD34B	0	0.00096	0
ANKRD35	0.01688	0.05951	0.00991
ANKRD36	0.24132	0.45475	0.46772
ANKRD36B	0.23608	0.39602	0.46471
ANKRD36BP1	0.90515	0.72194	1.27075
ANKRD36BP2	0.00717	0.01625	0.0128
ANKRD37	0.15751	0.08687	0.02533
ANKRD39	0.13203	0.26199	0.44409
ANKRD40	0.15415	0.26645	0.38549
ANKRD42	0.04161	0.05124	0.0053
ANKRD44	0.64855	0.24104	0.30644
ANKRD45	0.01469	0.0451	0.01555
ANKRD46	0.06118	0.31971	0.33299
ANKRD49	0.08576	0.10785	0.08622
ANKRD50	0.01558	0.10751	0.01493
ANKRD52	0.0612	0.20431	0.12812
ANKRD53	0.00014	0.01455	4e-05
ANKRD54	0.02859	0.19688	0.13979
ANKRD55	0.00953	0.00686	0.00022
ANKRD6	0.01384	0.07033	0.00475
ANKRD61	0.00217	0.01205	0.0058
ANKRD62P1-PARP4P3	0.00283	0.00189	0.01794
ANKRD65	0.02712	0.08354	0.5016
ANKRD7	0	0.02361	0.00063
ANKRD9	0.00943	0.00296	5e-05
ANKS1A	0.06432	0.04708	0.0234
ANKS1B	0.01246	0.16097	1.42399
ANKS3	0.03054	0.131	0.10203
ANKS4B	0.02479	0.03226	0.0246
ANKS6	0.0056	0.02772	0.02913
ANKUB1	0.00133	0.00597	0.00409
ANKZF1	0.15976	0.26085	0.14106
ANLN	0.01677	0.10604	1.86834
ANO1	0.00041	0.00231	0
ANO10	0.12342	0.18804	0.21612
ANO2	0	0.00386	0
ANO3	0.00155	0.01164	1e-04
ANO4	0	0.02747	0.38638
ANO5	0.00027	0.02474	0.00074
ANO6	0.18243	0.18673	0.01057
ANO7	0.00058	0.00258	0.01271
ANO8	0.0011	0.00699	0.00421
ANO9	0.0318	8e-05	0
ANP32A	0.14494	0.22419	0.13637
ANP32AP1	0.00178	0.00333	0.003
ANP32B	0.49172	0.60036	0.33565
ANP32C	0	0.009	0.00866
ANP32E	0.31848	0.64915	0.0981
ANPEP	0.09476	0.00259	0
ANTXR1	0.02377	0.29264	0.00034
ANTXR2	0.07814	0.08918	0.00833
ANXA1	1.32807	0.62015	0.00723
ANXA10	0.00012	0.00026	0.00032
ANXA11	0.36073	0.04024	0.00172
ANXA13	0	0.00054	0.0046
ANXA2	1.24599	0.8725	0.37345
ANXA2P1	0.0024	0.0194	0.03765
ANXA2P2	0.00485	0.00557	0.00211
ANXA2P3	0.00254	0.00407	0.00023
ANXA2R	0.05109	0.10657	0.00974
ANXA3	0.01043	0.00461	1e-04
ANXA4	0.33812	0.11351	0.23701
ANXA5	1.67708	1.68502	1.85641
ANXA6	0.14058	0.42691	0.03855
ANXA7	0.65412	0.40018	0.80271
ANXA8	0.00097	2e-04	0
ANXA9	0.0207	0.0052	0.03282
AOAH	0.90064	0.01401	0.00938
AOAH-IT1	0.01021	0.00055	0
AOC2	0.00142	0.00677	0.00167
AOC3	0.00269	0.00513	0.00106
AOX1	0.00127	0.01297	0.02244
AOX2P	0.00041	0.00043	0.00035
AP1AR	0.1142	0.16643	0.1576
AP1B1	0.90061	0.22911	0.21494
AP1B1P1	0.00225	4e-04	0
AP1G1	0.15023	0.26932	0.24731
AP1G2	0.26786	0.06956	0.06335
AP1M1	0.29703	0.62523	0.51797
AP1M2	0	0.00035	0.00028
AP1S1	0.03888	0.23722	0.15618
AP1S2	0.6044	0.76191	0.44243
AP1S3	0.07242	0.09651	0.06338
AP2A1	0.09922	0.19397	0.19118
AP2A2	0.09228	0.08103	0.03836
AP2B1	0.23586	0.70749	0.69483
AP2M1	0.85529	1.26607	0.98529
AP2S1	0.5986	0.6603	0.47904
AP3B1	0.25744	0.24001	0.33857
AP3B2	0.00024	0.10425	0.0466
AP3D1	0.11681	0.2379	0.16703
AP3M1	0.18145	0.32575	0.27384
AP3M2	0.04535	0.14154	0.14903
AP3S1	0.34665	0.53704	0.43405
AP3S2	0.09131	0.19976	0.23483
AP4B1	0.12219	0.18964	0.13684
AP4B1-AS1	0.0574	0.06945	0.05062
AP4E1	0.05072	0.06506	0.06579
AP4M1	0.06518	0.20082	0.06465
AP4S1	0.0735	0.11225	0.07709
AP5B1	0.0669	0.05574	0.02529
AP5M1	0.15971	0.27999	0.33286
AP5S1	0.06519	0.13445	0.11668
AP5Z1	0.10693	0.15889	0.13696
APAF1	0.14261	0.10275	0.10104
APBA1	0.04626	0.06169	0.1188
APBA2	0.0383	0.38405	0.48424
APBA3	0.05338	0.12345	0.09817
APBB1	0.06786	0.60171	1.84584
APBB1IP	0.56222	0.00021	0.00024
APBB2	0.00513	0.29835	0.36484
APBB3	0.19625	0.19084	0.15426
APC	0.06177	0.29728	0.20932
APC2	0.00135	0.0675	0.0588
APCDD1	0.00537	0.0525	0.06265
APCDD1L	0.00304	0.02904	0.00342
APCDD1L-DT	2e-05	0.02475	0.00171
APEH	0.23299	0.36353	0.16176
APEX1	0.70893	1.2174	0.59357
APEX2	0.12441	0.1034	0.12176
APH1A	0.25432	0.35949	0.2167
APH1B	0.12843	0.13374	0.1476
API5	0.3326	0.5264	0.5459
APIP	0.2885	0.35918	0.66331
CENPS	0.02272	0.10077	0.01545
CENPS-CORT	0.00223	0.02685	0.01403
APLF	0.00994	0.02017	0.01217
APLN	0.00093	0.01495	0.04055
APLNR	0.00306	0.00454	0.00031
APLP1	0.00671	0.19118	2.56679
APLP2	1.10463	1.0612	0.45655
APMAP	1.14674	0.86637	0.53701
APOA1	0.00065	0.00631	0.00641
NAXE	0.22747	0.76315	0.98502
APOA2	0.02239	0.00094	0
APOA5	0	0.00048	0.0072
APOB	3e-05	3e-04	7e-05
APOBEC2	0.01867	0.01838	0.02268
APOBEC3A	0.08262	0.05381	0.03539
APOBEC3B	0.02512	0.03224	0
APOBEC3C	0.53425	0.08887	0.00214
APOBEC3D	0.06738	0.04567	0.02698
APOBEC3F	0.07471	0.04605	0.01721
APOBEC3G	0.26561	0.029	0
APOBEC3H	0.05003	0.00054	0.00173
APOBEC4	0	0.01176	0.0116
APOBR	0.06699	0.00039	0
APOC1	1.52561	0.01635	0.01661
APOC1P1	0.0736	0.03669	0.02348
APOC2	1.08737	0.00856	0
APOC3	0	0.00058	0
APOC4	0.0254	0.0036	0.00026
APOC4-APOC2	0.019	0.00021	0
APOD	0.01216	0.47745	3.38041
APOE	1.97497	0.16309	0.02726
APOF	0.00284	0.00853	0.00237
APOH	0	0.00071	2e-04
APOL1	0.09297	0.07699	0.05106
APOL2	0.14323	0.20326	0.27771
APOL3	0.10142	0.01631	0.05341
APOL4	0.10968	0.21793	0.11859
APOL5	7e-05	0.00156	0
APOL6	0.11363	0.05452	0.0666
APOLD1	0.01551	0.05536	0.01115
APOM	0.01847	0.05277	0.03866
APOO	0.09129	0.4413	0.21769
APOOL	0.13336	0.27989	0.25574
APOPT1	0.15864	0.36844	0.23822
APP	0.12204	0.97512	1.868
APPBP2	0.05833	0.22238	0.33191
APPL1	0.16382	0.18281	0.1451
APPL2	0.29542	0.26517	0.23776
APRT	0.60603	0.4751	0.39776
APTX	0.10815	0.23513	0.18842
AQP1	0.00296	0.05147	0.00101
AQP10	0.00143	0.00028	0
AQP11	0.01973	0.06098	0.06313
AQP2	0.00032	0.00057	0
AQP3	0.0581	0.01337	0.00021
AQP4	0.00664	0.41045	0.00955
AQP4-AS1	0.02184	0.04926	0.02076
AQP5	0	0.00253	0
AQP6	0.04387	0.0624	0.04423
AQP7	0	0.00127	0
AQP7P1	0.00079	0.03254	6e-05
AQP8	0.00356	0.00334	0.00501
AQP9	0.11923	0.00084	0
LVRN	0.00144	0.00803	0
AQR	0.11765	0.17299	0.0845
AR	0.00075	0.02586	3e-05
ARAF	0.20527	0.2807	0.20675
ARAP1	0.49012	0.12001	0.18181
ARAP2	0.06517	0.09829	0.31162
ARAP3	0.00628	0.05909	0.00203
ARC	0.00369	0.39985	0.03859
ARCN1	0.28456	0.47681	0.52333
AREG	0.42133	8e-04	0
ARF1	1.46928	1.6712	1.58026
ARF3	0.18138	0.28107	0.23005
ARF4	0.67939	1.34106	0.72975
ARF5	0.63392	1.19066	0.61132
ARF6	0.32366	0.20007	0.13219
ARFGAP1	0.15768	0.35583	0.19058
ARFGAP2	0.26873	0.37317	0.41433
ARFGAP3	0.3372	0.48854	0.27791
ARFGEF1	0.08168	0.10353	0.04736
ARFGEF2	0.0616	0.06257	0.06866
ARFIP1	0.19413	0.24255	0.19238
ARFIP2	0.0972	0.23136	0.19425
ARFRP1	0.13329	0.22299	0.25675
ARG1	0.00347	0.00881	0.00303
ARG2	0.28747	0.1636	0.16899
ARGFX	0.03785	0.04526	0.03432
ARGFXP2	0.00557	0.00787	0.00123
ARGLU1	0.73112	1.09203	0.8093
ARHGAP1	0.19972	0.38359	0.74071
ARHGAP10	0.02031	0.02512	0.00024
ARHGAP11A	0.03429	0.09679	0.0123
AC091057.1	0.04266	0.0685	0.00619
ARHGAP12	0.20253	0.28597	0.18393
ARHGAP15	0.62847	0.01139	0.00571
ARHGAP17	0.10875	0.13597	0.19516
ARHGAP18	0.52651	0.05909	0.04022
ARHGAP19	0.04047	0.04688	0.03319
ARHGAP19-SLIT1	0.04273	0.05006	0.05947
ARHGAP20	0.03028	0.04808	0.00175
ARHGAP21	0.14244	0.25567	0.88602
ARHGAP22	0.13652	0.01685	0.23049
ARHGAP24	0.32995	0.02896	0.02629
ARHGAP25	0.29745	0.04241	0.00315
ARHGAP26	0.13139	0.03955	0.01691
ARHGAP26-AS1	0.0202	0.0018	0.00017
ARHGAP27	0.4263	0.01076	0.01554
ARHGAP28	1e-05	0.01203	0
ARHGAP29	0.00217	0.01833	0.00144
ARHGAP30	0.42732	0.02909	0.0297
ARHGAP31	0.09467	0.12311	0.00094
ARHGAP32	0.01766	0.12457	0.04032
ARHGAP33	0.03212	0.23147	0.22713
ARHGAP35	0.04454	0.17524	0.08034
ARHGAP36	0	0.00469	0
ARHGAP39	0.00125	0.01923	0.0261
ARHGAP4	0.63444	0.03141	0.00426
ARHGAP40	2e-05	0.00083	0
ARHGAP42	0.00077	0.06718	0.0022
ARHGAP44	0.00111	0.00287	0.00138
ARHGAP5	0.07974	0.23565	0.28857
ARHGAP5-AS1	0.0143	0.05376	0.03167
ARHGAP6	0.04116	0.01884	0
ARHGAP8	0.01838	0.00395	0
ARHGAP9	0.49233	0.00369	0.00026
ARHGDIA	0.17885	0.23109	0.27639
ARHGDIB	2.33994	0.01323	0
ARHGDIG	0	0.00697	0.02166
ARHGEF1	0.36514	0.19608	0.19965
ARHGEF10	0.00872	0.05468	0.11106
ARHGEF10L	0.11762	0.05945	0.00776
ARHGEF11	0.03751	0.05383	0.01689
ARHGEF12	0.0221	0.08306	0.03749
ARHGEF15	0.00228	0.00103	0
ARHGEF16	0	0.00693	0.01028
ARHGEF17	0.00423	0.04299	0.00148
ARHGEF18	0.0477	0.07177	0.10981
ARHGEF19	0.01915	0.01407	0
ARHGEF2	0.17322	0.34787	0.64986
ARHGEF25	0.00013	0.04679	0.00014
ARHGEF26	0.02299	0.27247	0.01184
ARHGEF26-AS1	0.33483	0.53786	0.42556
ARHGEF28	0.00024	0.01901	0.01993
ARHGEF3	0.16622	0.16679	0.05737
ARHGEF3-AS1	0	0.00156	0.00033
ARHGEF33	0.00138	0.00698	0.00436
ARHGEF35	0.00186	0.00356	0.00078
ARHGEF37	0.00757	0.02417	0.36404
ARHGEF38	3e-04	0.00281	0.00136
ARHGEF39	0.0448	0.05178	0.01399
ARHGEF4	0.00074	0.0502	0.05971
ARHGEF40	0.14167	0.1676	0.03813
ARHGEF5	0.00204	0.00127	3e-04
ARHGEF6	0.43303	0.26661	0.00913
ARHGEF7	0.2067	0.49424	0.48191
ARHGEF9	0.0372	0.21148	0.05069
ARID1A	0.11593	0.20139	0.15835
ARID1B	0.04677	0.10841	0.08695
ARID2	0.1375	0.27053	0.13483
ARID3A	0.01361	0.00524	0.00029
ARID3B	0.09785	0.05678	0.0101
ARID3C	0	0.00053	0
ARID4A	0.17748	0.17863	0.19076
ARID4B	0.25666	0.3771	0.42141
ARID5A	0.51679	0.23969	0.11018
ARID5B	0.29459	0.26251	0.31924
ARIH1	0.13219	0.14499	0.0852
ARIH2	0.27946	0.47692	0.34205
ARIH2OS	0.05929	0.09639	0.07899
ARL1	0.24779	0.44286	0.44743
ARL10	0.00488	0.04114	0.00685
ARL11	0.15701	0.01599	0.01351
ARL13A	0.0027	0.00152	0.00014
ARL13B	0.0522	0.11466	0.1134
ARL14EP	0.12835	0.25036	0.1842
ARL15	0.10594	0.16901	0.04768
ARL16	0.23697	0.41631	0.27121
ARL17A	0.18772	0.37172	0.28881
ARL17B	0.09413	0.15615	0.11737
ARL2	0.28876	0.44514	1.35695
ARL2BP	0.25448	0.87576	0.32834
ARL3	0.06898	0.22102	0.09177
ARL4A	0.25117	0.6406	0.13386
ARL4C	0.25745	0.22438	0.01303
ARL4D	0.01851	0.22754	0.03931
ARL5A	0.46776	0.2828	0.09754
ARL5B	0.13145	0.12482	0.05495
ARL5C	0.01258	0.00074	0
ARL6	0.01547	0.08133	0.09846
ARL6IP1	1.27881	1.69783	1.18442
ARL6IP4	0.58004	0.53846	0.49751
ARL6IP5	1.219	0.80482	1.74314
ARL6IP6	0.19699	0.52369	0.18206
ARL8A	0.02378	0.07472	0.23903
ARL8B	0.52676	0.48404	0.70688
ARL9	8e-04	0.05229	0.00111
ARMC1	0.15077	0.3395	0.45012
ARMC10	0.07407	0.13254	0.14764
ARMC12	0.00833	0.0213	0
ARMC2	0.01463	0.03014	0.00608
ARMC3	7e-05	0.00449	0.00177
ARMC4	0.00161	0.0059	0
ARMC5	0.04844	0.10706	0.06277
ARMC6	0.07756	0.29618	0.16758
ARMC7	0.06253	0.08228	0.03066
ARMC8	0.2901	0.46676	0.35852
ARMC9	0.02845	0.14163	0.02852
ARMCX1	0.08816	0.41051	0.18926
ARMCX2	0.14589	0.35523	0.16099
ARMCX3	0.25689	0.57433	0.37821
ARMCX4	0.02153	0.14305	0.03369
ARMCX5	0.06868	0.1671	0.13043
ARMCX6	0.31955	0.36335	0.16063
ARMS2	0.00339	0.00123	0
ARNT	0.23273	0.18373	0.16118
ARNT2	0.00245	0.27038	0.26151
ARNTL	0.10875	0.15707	0.01543
ARNTL2	0.01087	0.03162	0.00885
ARPC1A	0.36469	1.19308	0.97947
ARPC1B	1.58425	0.17414	0.01773
ARPC2	1.94142	1.20038	0.6585
ARPC3	2.1981	1.27489	1.28882
ARPC4	1.07174	0.82505	0.70727
ARPC4-TTLL3	0.04652	0.04195	0.01527
ARPC5	1.28195	0.87102	1.68767
ARPC5L	0.20665	0.32568	0.13981
ARPP19	0.45355	0.76891	1.0255
ARPP21	0.00099	0.0952	0.05992
ARR3	0.00297	0.00277	0
ARRB1	0.07116	0.0293	0.15131
ARRB2	0.35145	0.05759	0.039
ARRDC1	0.32121	0.08988	0.05979
ARRDC2	0.24212	0.02177	0.74346
ARRDC3	0.5242	0.67437	0.40708
ARRDC4	0.02794	0.06326	0.00374
ARRDC5	0.04179	0.00047	0.00014
ARSA	0.1974	0.12569	0.2429
ARSB	0.12524	0.0761	0.0902
ARSD	0.0776	0.06887	0.01677
ARSE	0.00053	0.02474	0
ARSF	0.00106	0.01087	0.00012
ARSG	0.06029	0.04307	0.0101
ARSI	0	0.00462	0.00094
ARSJ	0.00308	0.09898	0
ARSK	0.04374	0.08192	0.04837
ART1	7e-05	7e-04	0
ART3	0.00022	0.04532	0.16393
ART4	0.00027	0.00268	0.00329
ART5	0	0.00169	0
ARTN	0	0.002	4e-04
ARV1	0.14591	0.3028	0.43381
ARVCF	0.00081	0.08349	0.00185
ARX	0	0.02767	0
AS3MT	0.04258	0.08889	0.03426
ASAH1	1.76142	0.69818	0.84089
ASAH2	0.00154	0.00849	0.00118
ASAH2B	0.01454	0.08166	0.00807
ASAP1	0.08875	0.28811	0.1265
ASAP2	0.00121	0.11062	0.05712
ASAP3	0.00063	0.06491	0.00988
ASB1	0.03292	0.07074	0.02572
ASB10	0.00069	0.00043	0
ASB11	0.02219	0.02705	0.01797
ASB12	0	0.00125	0.00158
ASB13	0.05389	0.08669	0.08584
ASB14	0.00892	0.01643	0.00688
ASB15	0.01237	0.00915	0.00295
ASB16	0.01587	0.02276	0.01815
ASB16-AS1	0.12716	0.18932	0.11113
ASB18	0	0.00173	0
ASB2	0.0302	0.00311	0
GPR75-ASB3	0.09114	0.3497	0.10805
ASB4	0.00411	0.00838	0.0418
ASB5	0.00122	0.00974	0
ASB6	0.08965	0.22235	0.13605
ASB7	0.05382	0.09436	0.09406
ASB8	0.1916	0.37419	0.31053
ASB9	0.01215	0.00213	0
ASB9P1	0.00669	0.01633	0.01056
ASCC1	0.14818	0.233	0.36666
ASCC2	0.2657	0.26002	0.2803
ASCC3	0.13174	0.1812	0.1192
ASCL1	0.00238	0.44937	0.01055
ASCL2	0.00186	0.00018	0
ASCL3	0	0.00107	0
ASF1A	0.148	0.34013	0.26395
ASF1B	0.053	0.12508	0.01183
ASGR1	0.03542	0.03819	0
ASGR2	0.04831	3e-04	0
ASH1L	0.14022	0.24133	0.18748
ASH1L-AS1	0.03472	0.05872	0.01902
ASH2L	0.16949	0.28988	0.23319
ASIC1	0.00159	0.10356	0.08872
ASIC2	0	0.00444	0
ASIC3	0.00951	0.02407	0.01482
ASIC4	0.00177	0.29268	0.00433
ASIP	0.0068	0.01526	0.00778
ASL	0.20001	0.17001	0.18123
ASMT	0.0048	0.0048	0.00503
ASMTL	0.12822	0.21917	0.29558
ASMTL-AS1	0.04793	0.04566	0.02583
ASNA1	0.26202	0.59081	0.4335
ASNS	0.02995	0.34788	0.15641
ASNSD1	0.10783	0.41413	0.24638
ASPA	7e-05	0.02379	0.95189
ASPDH	0	0.01507	0.06856
ASPG	0.00016	0.00055	0
ASPH	0.2947	0.51876	0.24975
ASPHD1	0.00099	0.04397	0.18617
ASPHD2	0.01056	0.03276	0.0283
ASPM	0.00925	0.07991	0.00121
ASPN	0.01621	0.01931	0.00437
ASPRV1	0.00672	0.03089	0.08309
ASPSCR1	0.07545	0.12661	0.10809
ASRGL1	0.05396	0.34163	0.44406
ASS1	0.007	0.05738	0.00453
ASTE1	0.05495	0.10592	0.09018
ASTL	0.01244	0.00045	0
ASTN1	0.00547	0.32975	0.08262
ASTN2	0.77445	1.16411	0.94731
INTS13	0.08421	0.18223	0.2914
ASXL1	0.07118	0.13339	0.1142
ASXL2	0.10228	0.08453	0.05825
ASXL3	6e-05	0.05304	0.02215
ASZ1	0.00379	0.00392	0.0052
ATAD1	0.30057	0.41429	0.40986
ATAD2	0.04013	0.13431	0.00627
ATAD2B	0.0903	0.12777	0.0578
ATAD3A	0.0282	0.08624	0.02722
ATAD3B	0.02985	0.07421	0.02486
ATAD3C	0.02068	0.03094	0.04944
ATAD5	0.03794	0.12263	0.03525
ATAT1	0.04569	0.65287	0.38189
ATCAY	0.06845	0.40787	0.05772
ATE1	0.09138	0.14055	0.24269
ATF1	0.11031	0.10789	0.04904
ATF2	0.21502	0.37071	0.24166
ATF3	0.87923	0.43436	0.35771
ATF4	1.15865	1.34358	1.34398
ATF5	0.05907	0.04598	0.01642
ATF6	0.28933	0.2129	0.17432
ATF6B	0.28054	0.37631	0.28267
ATF7	0.19713	0.34885	0.4833
ATF7IP	0.36222	0.68662	0.32409
ATF7IP2	0.0455	0.00607	0.01351
ATG10	0.06962	0.09865	0.07577
ATG12	0.23397	0.45689	0.34858
ATG13	0.15688	0.27663	0.57237
ATG14	0.09329	0.11586	0.10126
ATG16L1	0.07525	0.12681	0.08357
ATG16L2	0.24432	0.03868	0.02107
ATG2A	0.05337	0.0533	0.06332
ATG2B	0.0474	0.09268	0.1141
ATG3	0.76293	0.70785	1.40449
ATG4A	0.06418	0.06977	0.03375
ATG4B	0.24113	0.35155	0.27349
ATG4C	0.17064	0.13611	0.61885
ATG4D	0.01371	0.04637	0.02074
ATG5	0.2028	0.23086	0.14017
ATG7	0.18645	0.12271	0.08091
ATG9A	0.11525	0.29001	0.43377
ATG9B	0.00207	0.02403	0
PGGHG	0.11283	0.03484	0.00029
ATIC	0.23304	0.47343	0.51288
ATL1	0.01425	0.21378	0.57513
ATL2	0.10986	0.16217	0.01417
ATL3	0.11864	0.09839	0.10506
ATM	0.23316	0.08972	0.13025
ATMIN	0.02651	0.08672	0.11861
ATN1	0.01887	0.13726	0.0685
ATOH1	0.00017	0.00086	0
ATOH7	0	0.00671	0
ATOH8	0.01688	0.01537	0.01428
ATOX1	0.23834	0.44936	0.89429
ATP10A	0.00586	0.00604	0.00121
ATP10B	0.00019	0.04137	0.18553
ATP10D	0.08235	0.05704	0.01903
ATP11A	0.11856	0.11412	0.35275
ATP11B	0.05691	0.0658	0.07397
ATP11C	0.0459	0.0484	0.02225
ATP13A1	0.10852	0.17383	0.10632
ATP13A2	0.03757	0.07362	0.07147
ATP13A3	0.12707	0.09561	0.04195
ATP13A4	0.00318	0.25676	0.01914
ATP13A5	0.00069	0.01613	0.00047
ATP1A1	0.45561	0.39037	0.49072
ATP1A1-AS1	0.04582	0.05972	0.12692
ATP1A2	0.01589	0.45656	0.0109
ATP1A3	0.00851	0.19548	0.00033
ATP1A4	0.00286	0.00504	0
ATP1B1	0.21514	0.40994	2.00819
ATP1B2	0.01612	0.47742	0.02188
ATP1B3	1.37837	0.97274	0.63042
ATP1B4	0.01857	0.02456	0.01542
ATP2A1	0.00125	0.00728	0.00084
ATP2A2	0.09777	0.20039	0.10981
ATP2A3	0.04631	0.00187	0
ATP2B1	0.27918	0.28003	0.11904
ATP2B2	0.00147	0.04805	0
ATP2B3	0.00082	0.00424	2e-04
ATP2B4	0.12405	0.28543	0.09779
ATP2C1	0.35842	0.28336	0.35285
ATP2C2	0.00271	0.01121	0.0056
ATP4A	3e-05	0.00025	0
ATP4B	0.00059	0.00166	0
ATP5F1A	1.20391	1.90164	1.06545
ATP5F1B	1.4056	2.19729	1.74326
ATP5F1C	0.97788	1.21716	1.0692
ATP5F1D	0.47822	0.89666	0.63104
ATP5F1E	1.21733	1.19023	1.08825
ATP5F1EP2	0.09372	0.08938	0.07939
ATP5PB	0.78274	1.11621	1.04208
ATP5MC1	0.35317	0.79508	0.73125
ATP5MC2	1.26545	1.48333	1.41724
ATP5MC3	0.52042	0.8118	0.70183
ATP5PD	0.66892	0.89413	0.79483
ATP5ME	0.36197	0.68255	0.9598
ATP5PF	0.60153	1.06268	0.93979
ATP5MF	0.42227	0.81855	0.32319
ATP5MF-PTCD1	0.00806	0.02563	0.0051
ATP5MG	0.68485	0.72903	0.70566
ATP5MGL	0.01084	0.01655	0.01498
ATP5PO	0.81221	1.36422	1.01207
ATP5S	0.11137	0.22276	0.1844
DMAC2	0.15695	0.34811	0.24263
ATP6AP1	1.0576	0.90109	1.05444
ATP6AP1L	0.00855	0.03233	0.01999
ATP6AP2	1.55377	1.42967	1.27538
ATP6V0A1	0.3119	0.49532	0.77185
ATP6V0A2	0.03775	0.09286	0.06705
ATP6V0A4	0	0.00578	0.00077
ATP6V0B	1.49337	1.30869	2.02573
ATP6V0C	0.35316	0.34835	0.44266
ATP6V0D1	0.78106	0.61962	0.90138
ATP6V0D2	0.01102	0.01269	0.01127
ATP6V0E1	1.51165	0.97159	1.06124
ATP6V0E2	0.13573	1.1068	0.76297
ATP6V0E2-AS1	0.00505	0.03434	0.01001
ATP6V1A	0.27847	0.36136	0.22898
ATP6V1B1	4e-05	0.02645	0.00085
ATP6V1B2	1.10628	0.5886	0.57519
ATP6V1C1	0.24381	0.19895	0.15205
ATP6V1C2	0.00601	0.01296	0.01528
ATP6V1D	0.26419	0.44773	0.56432
ATP6V1E1	0.5731	0.58577	1.48963
ATP6V1E2	0.00514	0.00972	0.01087
ATP6V1F	1.08728	1.15539	0.86805
ATP6V1G1	0.82354	1.07241	0.62667
ATP6V1G2	0.00796	0.19923	0.23996
ATP6V1G2-DDX39B	0.0019	0.01043	0.01621
ATP6V1H	0.2917	0.41584	0.46288
ATP7A	0.08268	0.05514	0.05419
ATP7B	0.00235	0.02336	0.0023
ATP8A1	0.03253	0.06102	0.50352
ATP8A2	6e-05	0.00713	0.01064
ATP8B1	0.01746	0.01617	0.00891
ATP8B2	0.02416	0.04638	0.01787
ATP8B3	0.01103	0.00119	0
ATP8B4	0.26978	0.00032	0.00066
ATP8B5P	0.00127	0.0044	7e-04
ATP9A	0.00158	0.14206	0.33171
ATP9B	0.12105	0.17808	0.1132
ATPAF1	0.03769	0.07912	0.04701
ATPAF2	0.21391	0.1963	0.16331
ATP5IF1	0.55878	0.75412	0.71721
ATR	0.0841	0.10297	0.07558
ATRAID	0.73099	1.01346	0.74173
ATRIP	0.01234	0.03128	0.01079
ATRN	0.07239	0.14101	0.0989
ATRNL1	0.00264	0.0738	0.011
ATRX	0.27454	0.44464	0.24587
ATXN1	0.06635	0.07696	0.08679
ATXN10	0.3856	0.95658	0.67631
ATXN1L	0.06388	0.10175	0.11975
ATXN2	0.10099	0.2852	0.3007
ATXN2L	0.10374	0.21789	0.15371
ATXN3	0.02401	0.01976	0.02217
ATXN3L	0	0.00467	0
ATXN7	0.07585	0.05748	0.0279
ATXN7L1	0.06327	0.07214	0.02655
ATXN7L2	0.01325	0.11616	0.02529
ATXN7L3	0.04861	0.05515	0.04047
ATXN7L3B	0.20712	0.67087	0.55602
ATXN8OS	5e-04	0.00029	0
AUH	0.06598	0.1078	0.18591
AUNIP	0.01347	0.04298	0.0122
AUP1	0.86456	0.92069	0.77368
AURKA	0.07079	0.0934	0.00563
AURKAIP1	0.2829	0.60154	0.4486
AURKAP1	0.01533	0.03051	0
AURKB	0.02456	0.11392	0
AURKC	0.0184	0.02886	0.02286
AUTS2	0.01931	0.11176	0.03968
AVEN	0.00385	0.01268	0.03429
AVIL	0.01838	0.07023	0.00777
AVL9	0.1198	0.30445	0.14375
AVPI1	0.19496	0.03345	0.15605
AVPR1A	0.0039	0.00479	0.00244
AVPR2	0.00437	0.00126	9e-04
AWAT1	4e-05	0.00271	0.00104
AXDND1	0.00055	0.00227	0.00041
AXIN1	0.03714	0.06284	0.03983
AXIN2	0.00348	0.05639	0.0013
AXL	1.10924	0.11029	0.03573
AZGP1	0.00143	0.06642	0.22528
AZGP1P1	7e-05	0.00143	0.00447
CEP131	0.03159	0.0707	0.02554
AZI2	0.34736	0.3618	0.21247
AZIN1	0.43198	0.58081	0.36632
AZU1	0.00181	0.00086	0
B2M	5.03947	2.81725	4.51748
B3GALNT1	0.11996	0.39917	0.03087
B3GALNT2	0.05543	0.17538	0.0472
B3GALT1	0.00046	0.02288	0.00037
B3GALT2	0.02464	0.08061	0.09431
B3GALT4	0.07076	0.01944	0.09097
B3GALT5	0	0.01064	0.00539
B3GALT6	0.02463	0.06249	0.03947
B3GLCT	0.04203	0.14114	0.03407
B3GAT1	0.0045	0.14751	0.64151
B3GAT2	0.00063	0.05071	0.002
B3GAT3	0.25549	0.35769	0.71239
B4GAT1	0.06631	0.51652	0.24203
B3GNT2	0.15515	0.05128	0.09869
B3GNT3	9e-04	0.00043	0.00118
B3GNT4	0.00027	0.00647	0
B3GNT5	0.58568	0.13391	0.00669
B3GNT6	0.02328	0.03148	0.01843
B3GNT7	0.05239	0.10444	0.12321
B3GNT8	0.00356	0.0044	1e-04
B3GNT9	0.00756	0.02918	0.02248
B3GNTL1	0.07642	0.05536	0.03769
B4GALNT1	0.00111	0.41058	0.03041
B4GALNT2	0	0.00098	0
B4GALNT3	0.00112	0.0059	0.00513
B4GALNT4	5e-05	0.08226	0.01171
B4GALT1	0.69723	0.04158	0.00274
B4GALT2	0.00454	0.08871	0.04714
B4GALT3	0.15559	0.36716	0.17822
B4GALT4	0.18026	0.20854	0.05665
B4GALT5	0.02915	0.11245	0.04376
B4GALT6	0.00179	0.05227	4e-05
B4GALT7	0.11518	0.16969	0.05545
B9D1	0.00709	0.17066	0.12253
B9D2	0.05152	0.09965	0.03232
BAALC	0.00568	0.42752	0.15955
BAAT	0.00119	0.0058	0.00015
BABAM1	0.35371	0.59357	0.4411
BACE1	0.03871	0.12856	0.63644
BACE2	0.00677	0.03332	0.14914
BACH1	0.33677	0.18044	0.1191
BACH2	0.00429	0.03458	0.02787
BAD	0.17308	0.51158	0.45154
BAG1	0.06748	0.09261	0.09614
BAG2	0.04612	0.07126	0.0671
BAG3	0.16603	0.06569	0.05904
BAG4	0.1853	0.23747	0.17291
BAG5	0.10964	0.26227	0.16993
BAG6	0.12079	0.20757	0.17888
BAGE2	0	0.00028	0
BAHCC1	0.00146	0.0165	0.02017
BAHD1	0.01731	0.04365	0.02641
ADGRB1	0.00019	0.03198	0.00093
ADGRB2	0.00024	0.18068	0.09437
ADGRB3	0.01674	0.20511	0.10213
BAIAP2	0.16136	0.20128	0.13638
BAIAP2-DT	0.02876	0.03954	0.01381
BAIAP2L1	0.02776	0.01047	0.00505
BAIAP2L2	0.00017	0.00438	0.00357
BAIAP3	0.00139	0.03365	0.00066
BAK1	0.21728	0.15149	0.10765
BAMBI	0.00374	0.0854	0.12524
BANF1	0.28773	0.64715	0.44218
BANK1	0.0199	0.00147	0
BANP	0.07517	0.09938	0.08159
BAP1	0.10853	0.27618	0.13562
BARD1	0.03352	0.17062	0.08275
BARHL1	0	0.00042	0
BARHL2	0.00055	0.00046	0.00022
BARX1	6e-05	0.00075	0
BARX2	4e-04	0.00039	0.00136
BASP1	0.19839	0.14468	0.00086
BASP1P1	0.00021	0.00056	0
BATF	0.10795	0.00047	0
BATF2	0.00847	0.01817	0.00757
BATF3	0.03438	0.04279	0.00744
BAX	0.13439	0.13648	0.05226
BAZ1A	0.11701	0.11703	0.03668
BAZ1B	0.06988	0.23808	0.14861
BAZ2A	0.11796	0.14917	0.11299
BAZ2B	0.29548	0.42022	0.41324
BBC3	0.00593	0.01277	0.00301
BBIP1	0.15388	0.22447	0.40876
BBOX1	0.00347	0.15795	0
BBS1	0.03923	0.17838	0.06479
BBS10	0.04968	0.18426	0.25233
BBS12	0.026	0.03125	0.00087
BBS2	0.17319	0.58625	0.79941
BBS4	0.07632	0.21606	0.10718
BBS5	0.0619	0.10163	0.08736
BBS7	0.03545	0.14861	0.24088
BBS9	0.05163	0.13596	0.1726
BBX	0.14741	0.1968	0.50289
BCAM	0.00289	0.0239	0
BCAN	0.01711	1.76783	0.12167
BCAP29	0.18512	0.34259	0.41044
BCAP31	1.0053	0.87646	0.77973
BCAR1	0.0029	0.15286	0.22295
BCAR3	0.04347	0.04088	0.00909
BCAR4	7e-05	0.00182	0.00046
BCAS1	0.01767	0.06598	0.9517
BCAS2	0.60564	0.66879	0.46665
BCAS3	0.10079	0.15026	0.21613
BCAS4	0.00777	0.07771	0.00378
BCAT1	0.13371	0.38683	0.13449
BCAT2	0.09289	0.1417	0.0914
BCCIP	0.24681	0.46955	0.25367
BCDIN3D	0.02821	0.08928	0.06033
BCDIN3D-AS1	0.00776	0.03062	0.02108
BCHE	0.00424	0.68564	0.3251
BCKDHA	0.26945	0.35339	0.26334
BCKDHB	0.11741	0.2321	0.12577
BCKDK	0.38269	0.39265	0.23614
BCL10	0.20416	0.19735	0.09346
BCL11A	0.03089	0.16114	0.00386
BCL11B	0.03627	0.02105	0.00032
BCL2	0.08119	0.01707	0.03925
BCL2A1	1.0084	0.00498	0
BCL2L1	0.25485	0.30034	0.54392
BCL2L10	0	0.00152	0.00051
BCL2L11	0.12596	0.06675	0.02843
BCL2L12	0.03359	0.03654	0.0054
BCL2L13	0.13481	0.18348	0.15527
BCL2L14	0.00044	0.02394	0.01179
BCL2L15	0.03051	0.0393	0.02677
BCL2L2	0.02909	0.04717	0.07296
BCL2L2-PABPN1	0.18657	0.34386	0.26567
BCL3	0.03639	0.02234	0.00209
BCL6	0.28419	0.33269	0.33808
BCL6B	0.00114	0.00156	0
BCL7A	0.00276	0.11713	0.04688
BCL7B	0.12754	0.2053	0.09156
BCL7C	0.01728	0.05002	0.02691
BCL9	0.01217	0.1276	0.06125
BCL9L	0.04033	0.04619	0.00258
BCLAF1	0.41209	0.60407	0.41422
BCO1	0	0.00647	0.00505
BCO2	0.06824	0.01363	0.06001
BCOR	0.04862	0.09879	0.06943
BCORL1	0.00935	0.02416	0.0307
BCORP1	0.01817	0.00038	0
BCR	0.01631	0.08496	0.00939
BCRP2	0.00368	0.02729	0.00309
BCRP3	0.00092	0.01533	0.00803
BCS1L	0.13984	0.3076	0.25912
BCYRN1	0.0939	0.22563	0.27311
BDH1	0.03847	0.08208	0.1109
BDH2	0.07138	0.15393	0.19336
BDKRB2	0.00022	0.00385	0
BDNF	0.00172	0.0058	0.00186
BDNF-AS	0.00464	0.04248	0.06775
BDP1	0.10324	0.16694	0.12039
BEAN1	0.0077	0.01013	0.00688
BECN1	0.35836	0.43297	0.38513
BEGAIN	0.00122	0.00822	3e-05
BEND2	0.00599	0.00731	0.00526
BEND3	0.0011	0.02865	0.00399
AL132656.1	0.01422	0.0283	0.01808
BEND4	0.00025	0.00323	0.00021
BEND5	0.00642	0.26257	0.00711
BEND6	0.00208	0.03333	0.04211
BEND7	0.00061	0.02551	0.00352
BEST1	0.13907	0.03932	0.78434
BEST2	0.00022	0.00298	0
BEST3	0.00136	0.15278	0.00116
BEST4	0.00022	0.00512	9e-05
BET1	0.08194	0.17691	0.10396
BET1L	0.17273	0.19858	0.21004
BEX1	0.01257	1.07613	0.7351
BEX2	0.02043	0.45588	0.49032
BEX4	0.57424	0.9311	1.63109
BEX5	0.01784	0.07765	0.0223
BFAR	0.14748	0.26649	0.18827
BFSP1	5e-05	0.00186	0
BFSP2	0.00428	0.00074	0
BGLAP	0.00556	0.01107	0.02376
BGN	0.00483	0.12229	0.00937
BHLHB9	0.0088	0.1146	0.04897
BHLHE22	4e-05	0.00111	0
BHLHE40	0.46999	0.10474	0.00361
BHLHE40-AS1	0.00588	0.00293	0
BHLHE41	0.24832	0.03125	0.18645
BHMT	0.00012	0.00177	0.00068
BHMT2	0.048	0.06584	0.03811
BICC1	2e-04	0.00427	0.00286
BICD1	0.05192	0.25774	0.05575
BICD2	0.11102	0.09543	0.09391
BID	0.38574	0.29911	0.03011
BIK	0.04256	0.00401	0
BIN1	0.53196	0.126	1.40231
BIN2	0.62482	0.00087	0
BIN3	0.09741	0.16052	0.087
BIRC2	0.38473	0.41173	0.354
BIRC3	0.09982	0.01221	0.05664
BIRC5	0.02975	0.23939	0.01999
BIRC6	0.13376	0.1694	0.14359
BIRC7	0.00487	0.00132	0
BIVM	0.05816	0.25847	0.09279
BIVM-ERCC5	0.00191	0.00875	3e-04
BLCAP	0.25083	0.56258	0.34269
BLID	0	0.01489	0.00425
BLK	0.00183	0.00184	0
BLM	0.02637	0.21652	0.01931
BLMH	0.14243	0.36258	0.25522
BLNK	0.39971	0.00194	0.00026
BLOC1S1	0.46913	0.61843	0.88377
BLOC1S2	0.30509	0.3039	0.41029
BLOC1S3	0.07954	0.08032	0.08817
BLOC1S4	0.02006	0.06285	0.05547
BLOC1S5	0.0931	0.13206	0.08053
BLOC1S5-TXNDC5	0.00328	0.01107	0.02009
BLOC1S6	0.27707	0.36714	0.23943
BLVRA	0.20919	0.66609	0.18899
BLVRB	0.34376	0.15183	0.14273
BLZF1	0.09171	0.16537	0.1022
BMF	0.02863	0.00584	0.00452
BMI1	0.01138	0.02916	0.04037
BMP1	0.02504	0.09976	0.05345
BMP2	0.0011	0.04705	0.01581
BMP2K	0.20728	0.02917	0.00959
BMP3	0.00239	0.00473	0.00214
BMP4	5e-05	0.01366	0
BMP5	5e-05	0.01252	0
BMP6	0.00052	0.00679	0.00263
BMP7	0.02545	0.22416	0.09423
BMP8A	0.05546	0.05755	0.22466
BMP8B	0.00436	0.01927	0.02078
BMPER	0.00025	0.05354	0.00036
BMPR1A	0.02873	0.17898	0.04613
BMPR1B	0.00468	0.10072	0.00014
BMPR2	0.08021	0.18086	0.05415
BMS1	0.08264	0.13429	0.1081
BMS1P1	0.10635	0.13512	0.1177
BMS1P2	0.08266	0.09019	0.09554
BMS1P4	0.10326	0.07834	0.07284
BMX	0.00035	0.0012	0
BNC1	0	0.00153	0.00066
BNC2	0.04164	0.00647	1e-04
BNIP1	0.07215	0.24646	0.10026
BNIP2	0.6007	0.42048	0.22342
BNIP3	0.17342	0.73605	1.0716
BNIP3L	0.65114	0.75013	0.99406
BNIPL	0.0367	0.04954	0.02952
BOC	0.00148	0.14517	0.00019
BOD1	0.04837	0.1433	0.07143
BOD1L1	0.08008	0.07686	0.07182
BOD1L2	0	0.00048	0
BOK	0.00087	0.02718	0.56677
BOK-AS1	0.00014	0.00067	0.00031
BOLA1	0.06191	0.21184	0.15181
BOLA2	0.05526	0.09239	0.09794
BOLA2B	0.05526	0.09239	0.09794
BOLA3	0.12496	0.23979	0.25193
BOLA3-AS1	0.0268	0.10349	0.09329
BOLL	0.00015	0.00432	1e-04
BOP1	0.03748	0.15554	0.04768
BORA	0.0662	0.0699	0.0469
BPESC1	0.00057	0.00058	0
BPGM	0.10101	0.47226	0.28003
BPHL	0.092	0.24185	0.07499
BPIFB2	0	0.00209	0
BPIFC	0	0.00714	0
BPNT1	0.06853	0.17366	0.19261
BPTF	0.12978	0.2516	0.20912
BRAF	0.05767	0.13153	0.09036
BRAP	0.1135	0.21613	0.12334
BRAT1	0.17388	0.46186	0.12928
BRCA1	0.02886	0.11078	0.07074
BRCA2	0.027	0.04162	0.00018
BRCC3	0.10973	0.18876	0.10688
BRD1	0.04887	0.07816	0.05768
BRD2	0.62236	0.69145	0.5513
BRD3	0.15768	0.4167	0.34655
BRD4	0.06872	0.11571	0.05555
BRD7	0.07382	0.22122	0.14707
Z99496.1	0.03679	0.07462	0.02835
BRD8	0.13085	0.52825	0.30523
BRD9	0.05824	0.15173	0.10797
BRDT	0.00711	0.0087	0.00773
BABAM2	0.32348	0.32195	0.16237
BRF1	0.03913	0.08306	0.19284
BRF2	0.05379	0.13998	0.1324
BRI3	0.15522	0.09798	0.07676
BRI3BP	0.01898	0.02471	0.01553
BRICD5	0.0193	0.03895	0.01276
BRIP1	0.0397	0.07263	0.03369
BRIX1	0.12337	0.42981	0.2129
BRK1	1.06392	1.29747	0.76828
BRMS1	0.22921	0.32597	0.32732
BRMS1L	0.03986	0.17836	0.15611
BROX	0.20302	0.198	0.3312
BRPF1	0.0291	0.04023	0.00882
BRPF3	0.02894	0.09516	0.06348
BRS3	0	0.0059	0.00039
BRSK1	8e-05	0.00337	0.01735
BRSK2	0.00034	0.02505	0.01423
BRWD1	0.21479	0.4603	0.28009
BRWD1-AS1	0	0.00252	0
BRWD1-AS2	0.0036	0.01327	0.00844
BRWD3	0.03144	0.04054	0.01656
BSCL2	0.16413	0.56279	0.29022
BSDC1	0.2043	0.45089	0.50331
BSG	0.53076	1.3859	0.99023
BSN	0.00072	0.05067	0.00544
BSN-DT	0.01286	0.02238	0.01398
BSPRY	0.00105	0.00139	4e-04
BST1	0.08228	0.01422	0.02817
BST2	0.88911	0.33466	0.00065
BTAF1	0.24328	0.14734	0.09849
BTBD1	0.12446	0.16736	0.0937
BTBD10	0.15671	0.28716	0.22834
BTBD11	0.00255	0.00818	0
BTBD16	0.00049	0.00104	0.04905
BTBD17	4e-05	0.19056	0.0079
BTBD18	0.0154	0.0294	0.00605
BTBD19	0.05113	0.01382	0.00915
BTBD2	0.04468	0.10224	0.04154
BTBD3	0.03054	0.24592	0.58411
BTBD6	0.02154	0.03754	0.03453
BTBD7	0.07586	0.0728	0.05574
BTBD8	0.02124	0.03775	0.13552
BTBD9	0.05366	0.07781	0.03169
BTC	0	0.00472	0.005
BTD	0.11023	0.09323	0.16534
BTF3	1.72259	1.90556	1.5957
BTF3L4	0.29233	0.61241	0.45242
BTF3P11	0.0041	0.00534	0.00362
BTG1	0.56499	0.25137	0.05514
BTG2	1.40345	0.74332	0.66964
BTG3	0.40555	0.83399	0.5444
BTK	0.40601	0.00295	0
BTLA	0.02074	0.00214	0
BTN1A1	7e-04	0.00596	0
BTN2A1	0.19705	0.23066	0.17872
BTN2A2	0.1282	0.08253	0.0038
BTN2A3P	0.02424	0.02914	0.00215
BTN3A1	0.20851	0.12284	0.18982
BTN3A2	0.26908	0.12571	0.36596
BTN3A3	0.11779	0.0748	0.23243
BTNL2	0	0.00206	0
BTNL8	3e-05	0.00016	0
BTNL9	0.00185	0.00019	3e-05
BTRC	0.05437	0.15387	0.16024
BUB1	0.02137	0.10264	0.01377
BUB1B	0.02238	0.11023	0.00594
BUB3	0.4002	0.62397	0.75838
BUD13	0.09318	0.17814	0.08092
BUD31	0.39662	1.10048	0.51914
BVES	0.03669	0.04535	0.13516
BVES-AS1	0.0069	0.00511	0.03929
BYSL	0.02906	0.16023	0.04394
TSPOAP1	0.03218	0.03702	0.00132
TSPOAP1-AS1	0.01496	0.0036	0.00016
BZW1	0.82335	1.34494	0.98592
BZW2	0.13247	0.59449	0.11046
DEPP1	0.03572	0.12245	0.19243
C10orf105	0.00444	0.00245	0.00015
CABCOCO1	0	0.02367	0.07113
LRMDA	0.20465	0.01454	0.00021
C10orf111	0.01327	0.02477	0.023
C10orf113	8e-04	0.01278	0
CCDC186	0.06755	0.03891	0.0765
TMEM273	0.08744	7e-04	0.18848
ACSM6	1e-04	0.00211	6e-05
TWNK	0.01617	0.0605	0.01826
C10orf25	0.01417	0.03642	0.03422
BORCS7	0.27898	0.25028	0.29922
FAM241B	0.00943	0.13952	0.0092
VSIR	1.12761	0.01106	0.11073
C10orf55	0.01472	0.0029	0
C10orf62	5e-05	0.00249	0
C10orf67	0.00117	0.0021	0.01044
C10orf71	2e-05	3e-05	0.00017
ARMH3	0.18656	0.13011	0.1499
C10orf82	0	0.001	0
C10orf88	0.03925	0.08505	0.10768
C10orf90	0.00162	0.02923	0.85829
C10orf91	0.00599	7e-05	0
C10orf95	0.00164	0.00127	0.00016
C11orf1	0.05711	0.14337	0.0861
C11orf16	0.00216	0.00126	0.00218
C11orf21	0.02535	7e-04	0
C11orf24	0.1427	0.21656	0.42529
EMSY	0.0554	0.13465	0.10304
SELENOH	0.42182	0.55654	0.27968
LMNTD2	0.00728	0.00073	0
C11orf42	0.00103	0.00219	0.00027
C11orf44	0.00193	0.00317	0.00176
C11orf45	0.03933	0.00279	0
LBHD1	0.16831	0.25636	0.21067
C11orf49	0.1082	0.65122	0.50766
C11orf52	0.00081	0.00214	0.02074
C11orf54	0.1149	0.18152	0.23984
NKAPD1	0.0612	0.17536	0.08782
C11orf58	0.62437	1.02111	0.97697
JHY	0.02309	0.03535	0.01261
C11orf65	0.00299	0.01834	0.02894
C11orf68	0.03291	0.05809	0.04637
CFAP300	0.01339	0.03676	0.01353
C11orf71	0.06249	0.10767	0.24173
HIKESHI	0.2099	0.49689	0.38291
C11orf74	0.07967	0.21685	0.24098
C11orf80	0.01448	0.05177	0.0072
DDIAS	0.01294	0.07928	0.00354
UQCC3	0.04786	0.12118	0.09484
SPINDOC	0.00177	0.00662	0.00619
MAJIN	0	0.00032	0
C11orf87	0	0.00486	0
C11orf88	0.00043	0.00276	0.01386
C11orf91	6e-05	0.00211	0.00212
C11orf94	0.00058	0.00475	0.0085
C11orf95	0.0054	0.04515	0.00595
C11orf96	0.00261	0.06761	0.03896
C12orf10	0.16331	0.48657	0.34755
TMEM263	0.15189	0.4505	0.08561
C12orf29	0.0652	0.25991	0.25409
LINC01559	0.00018	0.00067	0
SPX	3e-05	0.00103	0.00072
C12orf4	0.09209	0.18784	0.07453
C12orf40	0.00022	0.00141	0.00014
C12orf42	0.00047	0.0016	0
C12orf43	0.06736	0.19825	0.11089
ATG101	0.23467	0.39753	0.26962
C12orf45	0.11497	0.25415	0.13484
C12orf49	0.02034	0.06745	0.06218
TIGAR	0.16506	0.1724	0.08152
C12orf50	0	0.00483	0.00046
C12orf54	0.00046	7e-04	0
C12orf56	0.00084	0.00155	0.00365
C12orf57	0.21264	0.98343	0.36752
C12orf60	0.00224	0.01825	0.01451
LINC01465	0.01616	0.01893	0.01023
C12orf65	0.15844	0.32249	0.18656
C12orf66	0.04968	0.06259	0.12695
CCDC184	0.00043	0.06086	0.00805
C12orf71	0.00015	0.01018	0.00971
C12orf73	0.05319	0.14717	0.11742
C12orf75	0.15892	0.06874	0
C12orf76	0.05426	0.30282	0.81873
C12orf77	0.01977	0.02487	0.01438
ATP11AUN	2e-05	0.00033	0
LMO7DN	0.00122	0.00353	0
ERG28	0.09417	0.31908	0.28065
CCDC198	0.01452	0.02176	0.01944
C14orf119	0.22095	0.24122	0.2021
C14orf132	0.00502	0.18092	0.25439
GON7	0.09644	0.17319	0.04659
DGLUCY	0.20173	0.12336	0.12668
RTRAF	0.62932	0.87822	0.76473
LRRC74A	0.00162	0.00105	0
C14orf178	0.02621	0.02807	0.02443
C14orf180	0	0.02853	0
LINC01588	0.01093	0.01304	0.00745
ATP5MPL	0.48729	0.85977	0.63173
LINC01551	0.08596	0.16894	0.0912
C14orf28	0.0211	0.0291	0.03898
ARMH4	0.08703	0.18276	0.0242
C14orf39	5e-05	0.017	0
LINC01550	0.01578	0.0272	0.00328
CLBA1	0.00537	0.05813	0.01707
TEDC1	0.0055	0.02945	0.02317
C14orf93	0.04634	0.07848	0.03192
CFAP161	0.00259	0.00401	0
TMEM266	0.00169	0.00422	0
C15orf32	0	4e-04	0
ST20-AS1	0.02418	0.02408	0.01723
ARPIN	0.08628	0.1085	0.14361
C15orf38-AP3S2	0.02837	0.05765	0.04303
C15orf39	0.06947	0.02627	0.00162
C15orf40	0.14756	0.21721	0.21597
C15orf41	0.0369	0.1295	0.08807
C15orf48	0.12554	0.00408	0.01116
CCDC9B	0.08595	0.04409	0.06454
C15orf53	0.00835	0.00015	0
C15orf54	0.00087	0.00149	0
C15orf56	0.00197	0.001	0
CCDC32	0.12101	0.12236	0.09629
INSYN1	4e-05	0.00201	0.00014
REC114	0.00305	0.00306	0
C15orf61	0.06568	0.12719	0.07257
C15orf62	0.0046	0.01042	0.0018
PRR35	0	0.00762	0
METTL26	0.25198	0.54473	0.36914
GAS8-AS1	0.00145	0.0189	0.00509
C16orf45	0.01181	0.67067	0.4745
C16orf46	0.0065	0.05836	0.09174
MOSMO	0.00699	0.02733	0.01321
C16orf54	0.14888	0.00403	0.00405
C16orf58	0.12041	0.25047	0.18058
TEDC2	0.01299	0.06308	0.0076
VPS35L	0.17884	0.25271	0.42885
C16orf70	0.18611	0.15817	0.33233
C16orf71	0.00099	0.00815	0.00683
C16orf72	0.11891	0.12447	0.09837
C16orf74	0.00484	0.01216	0
CFAP20	0.1409	0.77229	0.73169
C16orf86	0.03368	0.01427	0.02867
C16orf87	0.0924	0.26569	0.05778
C16orf89	0.01285	0.01107	0.00238
C16orf90	0.00084	0.00134	0
C16orf91	0.07421	0.26324	0.10514
C16orf92	8e-05	0.00495	0
CCDC189	0.02084	0.04608	5e-04
C16orf95	0.01219	0.03782	0.02135
C16orf96	0.00049	0.00314	0.00468
C17orf102	0.0014	0.00146	0.00085
MEIOC	0.00124	0.01283	0.00099
CFAP97D1	0	0.00029	0
C17orf107	0.07904	0.0046	0.00656
C17orf47	0.00434	0.00436	0
C17orf49	0.36034	0.5808	0.37306
C17orf50	0.00061	0.00135	0
C17orf51	0.0059	0.07652	0.02184
C17orf53	0.01707	0.04408	0.00041
C17orf58	0.04425	0.22091	0.12592
BORCS6	0.06251	0.04761	0.06897
TMEM256-PLSCR3	0.01164	0.01698	0.00815
CYBC1	0.82401	0.60707	0.58478
C17orf64	0.00049	0.00094	0
HEATR9	0.00197	0.00075	0
C17orf67	0.00373	0.00475	0.00697
FAAP100	0.12247	0.30695	0.12446
PRR29	0.00314	0.00482	0
SPEM2	0.00135	0.00125	0
C17orf75	0.09416	0.19909	0.14329
C17orf77	0.00741	0.01047	0.00597
C17orf80	0.08011	0.20444	0.06183
C17orf82	0	0.0057	0
NCBP3	0.07064	0.13779	0.11421
NDUFAF8	0.12495	0.34433	0.18005
C17orf97	0.00287	0.00563	0.00108
C17orf99	0.00056	0.00117	0
C18orf21	0.11456	0.27015	0.18264
C18orf25	0.14933	0.24147	0.09317
C18orf32	0.54609	1.01063	1.63678
AKAIN1	2e-05	0.00071	0
C18orf54	0.02521	0.09525	0.04101
TYMSOS	0.00425	0.0546	0.27672
C18orf63	0	0.00064	0.00062
RMC1	0.18092	0.23787	0.2338
MYDGF	0.74696	0.90374	0.65035
C19orf12	0.0489	0.15123	0.06779
C19orf18	0.00212	0.04764	0.01287
C19orf24	0.19137	0.28973	0.1854
C19orf25	0.08128	0.21096	0.21713
CBARP	0.00027	0.00467	0.00156
C19orf33	0.01138	0	0
PEAK3	0.02939	0.02055	0.01206
C19orf38	0.14363	0.00353	0
FAAP24	0.03118	0.05793	0.01396
TRIR	0.2865	0.53949	0.33331
C19orf44	0.00782	0.05038	0.01729
TEX45	0	0.00229	0.02021
C19orf47	0.01852	0.06505	0.04802
C19orf48	0.13196	0.55669	0.22813
TIMM29	0.03168	0.08104	0.01625
C19orf53	0.31361	0.64238	0.45945
C19orf54	0.06499	0.07114	0.04908
PROSER3	0.02423	0.05972	0.0238
C19orf57	0.00692	0.09797	0.01196
MCEMP1	0.05799	8e-05	0
REX1BD	0.67926	0.59834	0.51378
C19orf66	0.18674	0.1689	0.22375
ERICH4	0.00068	0.00227	0.00017
C19orf70	0.17563	0.33643	0.31726
C19orf71	0.00675	0.00377	0.00703
C19orf73	0.00682	0.05015	0.06301
SMIM24	0.01457	0.00208	0
ANGPTL8	0.00143	0.00325	0
C19orf81	0.00139	0.00263	0.00361
C1D	0.2896	0.42038	0.45792
C1GALT1	0.10195	0.14227	0.37697
C1GALT1C1	0.15847	0.2254	0.24255
C1QA	2.46446	0.00292	0.00045
C1QB	3.05234	0.00436	0.00611
C1QBP	0.56435	1.23549	0.80771
C1QC	2.56175	0.00302	0.00221
C1QL1	5e-05	0.04061	0.00182
C1QL2	0	0.00196	0.00061
C1QL3	0.00818	7e-05	0
C1QL4	0	0.00107	0
C1QTNF1	0.00058	0.02381	0.00292
C1QTNF2	0.00854	0.02615	0.01017
C1QTNF3	0.01537	0.08885	0.02702
C1QTNF4	0.00165	0.01161	0.00437
C1QTNF5	1e-04	0.00403	0.00423
C1QTNF6	0.03831	0.10987	0.03183
C1QTNF7	0.00101	0.01101	0.00356
C1QTNF8	0	0.00014	0
C1QTNF9	0.00459	0.00811	0.00861
C1QTNF9B	0.00065	0.0055	0.00746
PCOTH	0.00184	0.02019	0.00876
C1R	0.01912	0.27135	0.04367
C1RL	0.0539	0.0589	0.02122
C1RL-AS1	0.00636	0.00745	0.00053
C1S	0.00984	0.19632	0.0152
C1orf100	0.00018	3e-04	0
CATSPERE	0.0055	0.00883	0.01967
C1orf105	0	0.00082	0
INAVA	0.00308	0.07777	0.00511
C1orf109	0.05314	0.193	0.06389
CCDC190	0.00068	6e-04	0.00109
SPATA46	0.00012	0.01009	0.00594
C1orf112	0.07805	0.08822	0.05007
C1orf115	7e-04	0.00471	0.00026
C1orf116	6e-05	0.00354	0.00714
C1orf122	0.04731	0.22603	0.42825
C1orf123	0.22096	0.46744	0.30098
C1orf127	0.0077	0.00056	0
C1orf131	0.10201	0.21166	0.18422
C1orf141	0.00384	0.00475	0.00436
OBSCN-AS1	0.00594	0.02052	0
C1orf146	0.00183	0.00052	0
C1orf158	0	0.00709	0
C1orf159	0.03595	0.08396	0.08875
C1orf162	1.00004	0.0067	0.00686
FYB2	0.00076	0.00129	0
PERM1	0.00146	0.00367	0.00099
KDF1	0.00079	0.004	0
ERICH3	1e-05	0.0133	0.00812
C1orf174	0.22009	0.30257	0.19067
LEXM	9e-05	0.00045	0
LINC01555	0.00016	0.00098	0.00034
C1orf185	0.00033	0.00061	0
RHEX	0.01518	0.00148	0
C1orf189	0.00051	0.00053	0.00176
CFAP126	0.00572	0.0207	0.0103
C1orf194	0	0.00874	0.00763
C1orf198	0.02799	0.27369	1.37621
PIK3CD-AS1	0.01243	0.00049	0
SNHG28	0.0072	0.01766	0.01713
C1orf21	0.00728	0.18898	0.00964
C1orf210	0.04506	0.04712	0.03369
ZNF436-AS1	0.0075	0.07166	0.02431
C1orf216	0.04381	0.15036	0.14116
C1orf220	0.01902	0.0263	0.01184
C1orf226	0.00638	0.10562	0.05162
SPATA45	0.00549	0.00497	0.00918
ARMH1	0.05326	0.01012	0.00124
C1orf229	0.01953	0.03789	0.03111
FNDC10	0.00648	0.00507	0.00157
ODR4	0.14006	0.24101	0.23037
C1orf35	0.09665	0.22643	0.12046
C1orf43	0.87191	1.00306	1.53812
C1orf50	0.0526	0.13328	0.09002
CIART	0.00591	0.11571	0.03238
C1orf52	0.11808	0.3011	0.26851
C1orf53	0.00983	0.05897	0.01872
C1orf54	0.40943	0.07129	0.00155
C1orf56	0.24036	0.30228	0.15606
C1orf61	0.02172	1.82028	0.32071
RSRP1	0.61693	0.38795	0.67568
SRARP	0.00041	0.00093	0
CCDC185	0	0.00041	0
C1orf74	0.01957	0.04823	0.03262
GLMP	0.2751	0.1379	0.30695
FAAP20	0.09575	0.19168	0.13107
C1orf87	0	0.00016	0
C1orf94	0.00163	0.0339	0.00611
STUM	0.00195	0.00992	0.001
C2	0.36065	0.02985	0
NOL4L	0.16325	0.31339	0.46921
C20orf144	0.00075	0.00423	0
MIR1-1HG	0.00038	0.00096	8e-05
MIR1-1HG-AS1	0.00532	0.01314	0.00495
C20orf173	0.00083	0.00377	0.00625
C20orf194	0.13884	0.12255	0.24831
FNDC11	0.00042	0.00396	0
SHLD1	0.06329	0.09497	0.07909
C20orf197	0.03691	0.00109	0
LKAAEAR1	0.00354	0.01113	0
C20orf202	0.00227	0.00676	0.00682
C20orf203	0.00628	0.01518	0.00807
RAB5IF	0.18747	0.2817	0.126
CFAP61	0.00048	0.0217	0.00694
C20orf27	0.36415	0.3061	0.07855
C20orf96	0.06851	0.12117	0.03781
URB1-AS1	0.03005	0.18521	0.08134
CFAP410	0.06828	0.11953	0.18894
GATD3A	0.32399	0.47485	0.57356
LINC01549	0.00148	0.00883	0.18026
C21orf62-AS1	0.00913	0.02592	0.01278
C21orf58	0.00693	0.04397	0.01166
CFAP298	0.18919	0.56272	0.34762
C21orf62	0.0737	0.22484	0.07331
LINC01547	0.00661	0.03555	0.01121
B3GALT5-AS1	0.0015	0.00985	9e-04
TSPEAR-AS2	0.00086	0.00155	0.00146
C21orf91	0.03337	0.05299	0.48127
C21orf91-OT1	0.00189	0.00123	0.00202
C22orf15	0.00152	0.00098	0
C22orf23	0.00069	0.02672	0.01387
C22orf24	0	0.0055	0.00823
PRR34	0.00844	0.00764	0.00356
RTL10	0.04696	0.09241	0.03826
C22orf31	0.00218	0.00655	0
C22orf34	0.06436	0.00156	3e-05
C22orf39	0.16975	0.3488	0.16672
C22orf42	0	0.00111	0
DRICH1	0.00065	0.00323	0
C22orf46	0.01348	0.0274	0.01684
C2CD2	0.0216	0.02788	0.02166
C2CD2L	0.02557	0.02012	0.02635
C2CD3	0.05131	0.13811	0.10971
C2CD4A	0.00151	0.00299	0.00118
C2CD4C	0	0.00365	0.00056
C2CD4D	0	0.00173	0.00808
C2CD5	0.167	0.1917	0.06385
AC079447.1	0.01122	0.01757	0.03737
C2orf16	0.00277	0.03419	0.00458
C2orf27A	0.00657	0.09625	0.00879
C2orf27B	0	0.00137	0
C2orf40	0.00209	0.0618	0.0068
C2orf42	0.0292	0.09949	0.11083
LDAH	0.05809	0.16909	0.07448
WDCP	0.02302	0.11627	0.03581
MAIP1	0.08328	0.16879	0.07658
C2orf48	0.00672	0.02122	0
C2orf49	0.0659	0.13017	0.15158
C2orf50	0.00034	0.00921	0
MAB21L4	0.00047	0.00171	0.00152
STPG4	0.00603	0.00974	0.00671
CATIP	0.00863	0.00024	0.00012
C2orf66	0.00071	0.08109	0.00197
C2orf68	0.14332	0.26689	0.17052
C2orf69	0.11855	0.22126	0.20084
C2orf70	0	0.00696	0
PCARE	8e-05	0.00065	0
C2orf72	0.00015	0.03597	0.03168
C2orf73	0	0.00393	0.00074
C2orf74	0.12438	0.19934	0.30122
C2orf76	0.03661	0.08333	0.08639
C2orf78	0.00035	0.00018	0
C2orf80	0.00099	0.31498	0.00329
AC005041.1	0.01498	0.04566	0.00685
SNORC	0	0.00262	0.01068
C2orf83	0.02454	0.03055	0.02299
C2orf88	0.01324	0.07305	0.18433
C2orf91	0.04609	0.05535	0.03843
C3	2.09219	0.05206	0.00368
C3AR1	1.48612	0.00482	0
C3orf14	0.07865	0.40944	0.40685
NEPRO	0.09593	0.19689	0.18695
C3orf18	0.01832	0.08585	0.03416
C3orf20	0.00077	0.00356	3e-05
C3orf22	0	0.00033	0
LINC01565	0.00582	0.00896	0.00421
C3orf30	0	0.00089	0
C3orf33	0.07667	0.13103	0.11426
C3orf35	0.01187	0.01923	0.00058
C3orf38	0.18062	0.28235	0.2233
C3orf49	0.00149	0.00349	0.00377
C3orf52	0.00019	0.00262	0
PQLC2L	0	0.00341	0
C3orf58	0.25857	0.18125	0.54157
C3orf62	0.08652	0.06187	0.01801
IGF2BP2-AS1	0.00265	0.02762	0
C3orf67	7e-05	0.00755	3e-05
C3orf70	0.01825	0.42814	0.09915
FOXL2NB	0.02517	0.03162	0.0201
C3orf80	0	0.00284	0.0051
C4A	0.01253	0.10148	0.11806
C4B	0.00199	0.04548	0.05033
C4BPA	0.00178	0.00035	0.00022
C4BPB	0.00266	0.00031	0.0017
C4orf17	0	0.00051	0
C4orf19	0.05936	0.0741	0.03847
ZGRF1	0.03568	0.07028	0.0354
CFAP299	0.001	0.00121	0.00132
ODAPH	0.05373	0.0677	0.04717
HPF1	0.14031	0.48768	0.55872
ABHD18	0.08706	0.07663	0.0753
C4orf3	0.47013	0.6127	0.51109
FAM241A	0.01019	0.00045	0.02129
C4orf33	0.14059	0.11018	0.16578
C4orf36	0.00182	0.00556	0.00151
PRR27	0.00185	0.00279	0.00126
C4orf45	0.00384	0.00206	0.00108
C4orf46	0.04835	0.16243	0.10998
C4orf47	0.00674	0.02629	0
C4orf48	0.16724	0.39439	0.98897
C4orf51	0	0.00033	0
LINC01587	0.00031	0.00865	0
C5	0.0127	0.04925	0.01684
C5AR1	0.87953	0.01489	0.00297
C5AR2	0.06189	0.0021	0.00232
C5orf15	0.46337	0.69268	0.66859
DCANP1	7e-04	2e-04	0
C5orf22	0.10378	0.20242	0.1298
C5orf24	0.12316	0.2967	0.27291
LINC01554	0.08882	0.0257	0.02458
TMEM267	0.07975	0.15902	0.0607
C5orf30	0.02083	0.16488	0.54713
C5orf34	0.01932	0.08184	0.01798
C5orf38	0	0.00245	0
CPLANE1	0.0316	0.09835	0.05259
MRNIP	0.06345	0.15595	0.11423
C5orf46	0	0.00104	0
C5orf47	3e-05	0.00179	0
TEX43	0	0.00066	0.00032
C5orf49	0	0.00856	0
C5orf51	0.14736	0.29458	0.34738
ZBED8	0.01016	0.13089	0.09837
EXOC3-AS1	0.05977	0.12256	0.0837
C5orf56	0.07404	0.09379	0.16632
C5orf58	0.00429	0.00131	0
C5orf60	0.00363	0.0068	0.00235
C5orf63	0.04073	0.07685	0.00535
C5orf64	0.02702	0.03134	0.07855
C6	2e-05	0.00043	0.00019
SMIM29	0.24976	0.34755	0.60014
C6orf10	2e-05	0.00651	0.00466
C6orf106	0.06955	0.07188	0.10961
C6orf118	0	0.05366	0
C6orf120	0.12431	0.15198	0.14629
LINC01558	0.0287	0.04053	0.02777
C6orf132	0.00341	0.00468	0.00269
C6orf136	0.0398	0.1062	0.09431
C6orf141	0	0.0356	0
C6orf15	0.00241	0.05444	0
C6orf163	0.00261	0.01099	0.00397
AL049697.1	0	0.00822	0
LINC01600	0	0.00213	0
C6orf201	0.00079	0.00095	0.00011
C6orf203	0.08195	0.24734	0.12556
ARMT1	0.16612	0.1815	0.13377
C6orf223	0.00109	0.00135	0
C6orf226	0.07605	0.17027	0.09573
MPIG6B	0.03766	0.04326	0.0284
C6orf47	0.12348	0.1703	0.19843
C6orf48	0.87688	1.13375	0.78427
C6orf52	0.00113	0.03568	0.03707
SDHAF4	0.04163	0.06886	0.03321
C6orf58	0	0.00221	0
C6orf62	2.22117	1.96881	1.42079
C6orf89	0.16363	0.24351	0.31265
C6orf99	0.00231	0.00278	0
C7	0.00317	0.01083	0.00256
C7orf25	0.05421	0.19343	0.13656
C7orf26	0.01907	0.06678	0.03515
C7orf31	0.005	0.01091	0.00833
C7orf33	0.00058	0.00062	0
LLCFC1	0.00217	0.00083	0.01704
C7orf43	0.02902	0.02741	0.00898
CYREN	0.24604	0.3831	0.23045
C7orf50	0.26269	0.84114	0.30861
FMC1	0.10606	0.36817	0.2161
LUC7L2	0.00362	0.05586	0.02677
C7orf57	0.00045	0.00833	0
BMT2	0.06841	0.17028	0.02889
C7orf61	0.01143	0.07356	0.07563
TEX47	0	0.00304	0
CFAP69	0.00242	0.02792	0.00023
C7orf65	0.0076	0.00683	0.00455
C7orf69	4e-04	0.00085	0
C7orf71	0.00915	0.00269	0
STMP1	0.31318	0.78342	0.32713
C8A	2e-05	3e-04	0
C8B	9e-05	3e-04	0
C8G	0.00089	0.00124	0
FAM167A-AS1	0	0.00098	0.00086
PPDPFL	0.00132	0.01555	0
C8orf31	0.00934	0.04182	0.01626
C8orf33	0.16024	0.647	0.37813
C8orf34	0	0.00855	0.00034
C8orf37	0.02371	0.04842	0.01969
TCIM	0.00496	0.30887	0.04633
C8orf44	0.01991	0.04814	0.02662
VXN	0.00875	0.57677	1.17736
ERICH5	0.00166	0.00329	0
C8orf48	0.00144	0.01797	0.02055
BAALC-AS2	0.00059	0.03136	0.00515
C8orf58	0.01256	0.02611	0.00586
C8orf59	0.20241	0.29632	0.27145
C8orf76	0.14417	0.23544	0.07246
C8orf82	0.00488	0.01658	0.00421
C8orf86	0.01505	0.01902	0.01309
C9	0.00035	0.00125	0
C9orf106	0.05347	0.00251	0
SPOUT1	0.07527	0.17622	0.11791
C9orf116	0.00597	0.04174	0.00449
CFAP157	0.0046	0.01005	0.00596
C9orf129	0.00072	0.02482	0
C9orf131	0.02673	0.04889	0.01933
C9orf135	0	0.0013	0.01959
C9orf139	0.01278	0.00616	0.00852
PAXX	0.42552	0.48786	0.46118
C9orf152	1e-04	0.00097	0.00258
C9orf153	0.00342	0.00412	0.00092
TRMO	0.13846	0.14891	0.19231
C9orf16	0.33939	0.47357	0.10205
C9orf163	0.00037	0.0014	0.00084
CYSRT1	0.00091	0.00767	0.00747
C9orf170	0.001	0.00863	0.00855
CFAP77	0.0013	0.00891	0.00866
AJM1	1e-05	0.00024	0.00059
STPG3	0.00067	3e-04	0
C9orf24	0.00296	0.01312	0.00514
C9orf3	0.07135	0.19494	0.45603
ARRDC1-AS1	0.08416	0.17823	0.16613
C9orf40	0.00472	0.01411	0.00997
CARNMT1	0.01421	0.02731	0.0077
C9orf43	0.00345	0.00868	0.00667
C9orf50	0.00014	0.01236	0.00134
CDKN2A-DT	0	0.0032	0
C9orf57	0	0.00074	0
C9orf64	0.10739	0.17895	0.09722
C9orf66	0.10476	0.00836	0.00516
TMEM250	0.02653	0.03217	0.02699
C9orf72	0.85053	0.29834	0.34514
C9orf78	0.36913	0.54924	0.41205
C9orf84	0.00679	0.0061	0.00571
C9orf85	0.11846	0.14738	0.1989
CARD19	0.24779	0.18307	0.29574
SPACA9	0.01672	0.08772	0.09107
TMEM268	0.04459	0.04701	0.02068
STKLD1	9e-04	0.00318	0.0061
CA1	0	0.00072	0
CA10	0.0021	0.1792	0.00872
CA11	0.01727	0.03581	0.02808
CA12	0.00991	0.2399	0.00041
CA13	0.01416	0.03815	0.02775
CA14	0.00394	0.16109	0.57446
CA2	0.06611	0.26959	2.83893
CA3	0.00385	0.02357	2e-04
CA4	0.00161	0.00273	0
CA5A	0.00551	0.00116	0.00092
CA5B	0.07269	0.10165	0.05794
CA5BP1	0.07978	0.1482	0.05959
CA7	2e-04	0.00218	0.00014
CA8	0.01043	0.11976	0.0046
CA9	0.00046	0.07228	0
CAAP1	0.08066	0.14459	0.06574
CAB39	0.18063	0.13176	0.08896
CAB39L	0.02716	0.10251	0.07562
CABIN1	0.08246	0.15553	0.12184
CABLES1	0.0243	0.01636	0
CABLES2	0.01856	0.04168	0.01432
CABP1	0.00336	0.02817	0
CABP4	0.07833	0.0863	0.05418
CABP5	0.00145	0.00129	0.00042
CABP7	0.00265	0.04604	0.00653
CABS1	0	0.00089	0
CABYR	0.01799	0.06363	0.11769
CACFD1	0.01981	0.24209	0.16202
CACHD1	2e-04	0.06796	0.00015
CACNA1A	0.0045	0.02618	0.00154
CACNA1B	3e-05	0.00123	0
CACNA1C	1e-05	6e-04	4e-05
CACNA1C-AS1	0.00298	0.00171	0
CACNA1C-AS4	4e-04	0.00178	0
CACNA1C-IT3	0	0.00071	0
CACNA1D	0.02732	0.01489	0.00156
CACNA1E	0.00019	0.02651	0.02018
CACNA1F	0.00412	0.00055	0
CACNA1G	0	0.00029	0
CACNA1G-AS1	0.00121	0.00179	0
CACNA1H	0.00083	0.00436	0
CACNA1I	0.00037	0.00119	0
CACNA2D1	0.00092	0.06467	0.05814
CACNA2D2	0.00048	0.00801	0.00066
CACNA2D3	0.04866	0.01155	0
CACNA2D3-AS1	0	0.00063	0
CACNA2D4	0.05717	0.00042	0.00042
CACNB1	0.01956	0.0913	0.03071
CACNB2	0.00999	0.10218	0.01044
CACNB3	0.00737	0.08999	0.00039
CACNB4	0.04851	0.05589	0.00516
CACNG1	0.00151	0.00606	7e-05
CACNG2	0.00025	0.00752	0
CACNG3	0	0.00119	3e-05
CACNG4	0.00134	0.13561	0.00375
CACNG5	0	0.06878	0
CACNG6	0	0.00027	0
CACNG7	0.00026	0.03706	0.01545
CACNG8	0.01523	0.04166	0.01263
CACTIN	0.00928	0.02993	0.00876
CACTIN-AS1	4e-04	0.00052	0
CACUL1	0.3102	0.22543	0.15622
CACYBP	0.40555	0.67203	0.80394
CAD	0.05596	0.12283	0.04647
CADM1	0.26897	0.56616	0.60758
CADM2	0.00267	0.38597	0.57369
CADM2-AS2	0.00175	0.00658	0.00378
CADM3	0.00043	0.08649	0.00104
CADM4	0.00089	0.09055	0.13879
CADPS	0.00022	0.04282	0
CADPS2	0.00321	0.01665	0.00151
CAGE1	0.00302	0.00316	0.00036
CAHM	0.02021	0.06901	0.07653
CALB1	0.00121	0.05827	0.00085
CALB2	0.01144	0.01305	0
CALCA	0.00013	0.00218	0
CALCB	0.00159	0.01298	0
CALCOCO1	0.26915	0.44104	0.52584
CALCOCO2	0.30841	0.27183	0.58482
CALCR	0.0155	0.00029	0
CALCRL	0.00787	0.21869	0.00491
CALD1	0.01131	0.49135	0.28675
CALHM1	0.00182	0.00179	0.00046
CALHM2	0.19444	0.04255	0.00391
CALHM3	0.00011	0.00063	0
CALM1	1.03841	1.77915	2.10012
CALM2	2.51452	2.77915	4.09397
CALM3	0.22906	0.55277	0.4553
CALML4	0.08346	0.02696	0.01681
CALML6	8e-05	0.00027	0
CALN1	0.0049	0.01103	0.04199
CALR	1.3376	1.63782	1.34632
CALR3	0	0.00071	0
CALU	0.25984	0.87639	0.42944
CALY	0.00044	0.00197	0
CAMK1	0.03746	0.05796	0.00903
CAMK1D	0.17659	0.10324	0.0414
CAMK1G	4e-05	0.00615	0
CAMK2A	0.00133	0.02496	0.00118
CAMK2B	0.00222	0.09168	0.00072
CAMK2D	0.18936	0.53643	0.19561
CAMK2G	0.13033	0.1709	0.04501
CAMK2N1	0.0035	0.17073	0.67572
CAMK2N2	0	0.01081	0.00065
CAMK4	0.06603	0.08797	0.00027
CAMKK1	0.03512	0.0113	0.00455
CAMKK2	0.08573	0.12788	0.12375
CAMKMT	0.04085	0.08847	0.11493
CAMKV	0.00011	0.07397	0
CAMLG	0.27523	0.62035	0.54662
CAMSAP1	0.03745	0.09502	0.03571
CAMSAP2	0.03273	0.15851	0.0866
CAMSAP3	0.00021	0.00903	0
CAMTA1	0.2455	0.54334	0.30077
CAMTA2	0.06277	0.05862	0.07491
CAND1	0.11459	0.32418	0.17763
CAND2	0.00748	0.07156	0.02665
CANT1	0.03466	0.07971	0.07612
CANX	1.07307	1.48339	1.36417
CAP1	1.20714	0.62779	0.89357
CAP2	0.00078	0.20784	0
CAPG	1.55888	0.12924	0.00339
CAPN1	0.36811	0.29128	0.04147
CAPN10	0.0181	0.04273	0.02701
CAPN11	0.00209	0.00011	0
CAPN12	0.01232	0.00508	0.00305
CAPN13	0	0.00099	0.07613
CAPN14	4e-05	0.00297	0
CAPN2	0.1689	0.4845	0.40155
CAPN3	0.11691	0.04888	2.60458
CAPN5	0.01148	0.38464	0.02383
CAPN6	0.00018	0.01068	0
CAPN7	0.1214	0.21172	0.12277
CAPN8	4e-05	0.00082	0.00035
CAPN9	0	0.00404	0.02445
CAPNS1	0.20022	0.29014	0.27923
CAPNS2	0.03151	0.00165	0.0031
CAPRIN1	0.4267	0.89593	0.54094
CAPRIN2	0.05206	0.16163	0.02697
CAPS	0.04201	0.06364	0.07758
CAPS2	0.00265	0.01295	0.00575
CAPZA1	1.49675	0.87475	0.78317
CAPZA2	1.18514	1.32078	0.62108
CAPZA3	0.00048	0.00145	0
CAPZB	1.17225	0.61272	0.66446
CARD10	2e-05	0.00929	0
CARD11	0.16482	0.00205	0
CARD14	0.01591	0.01538	0.02192
CARD16	0.35347	0.06417	0.0018
CARD17	0.00543	0.00033	0
CARD6	0.09369	0.02642	0.00924
CARD8	0.37453	0.16655	0.08815
CARD9	0.3625	0.00794	0.00261
CARHSP1	0.04839	0.18609	0.16768
NAXD	0.14062	0.37813	0.29694
CARM1	0.01699	0.03874	0.01056
CARNS1	0.00401	0.00295	1.12997
CARS	0.14444	0.38477	0.43996
CARS2	0.0339	0.05988	0.04269
CASC1	0.0032	0.01484	0.00419
CASC2	0.00142	0.01581	0.00491
CASC3	0.21468	0.54797	0.37636
CASC4	0.30102	0.59181	0.4571
KNL1	0.0203	0.07128	0.01245
CASD1	0.02378	0.11661	0.07757
CASK	0.01524	0.19333	0.02775
CASKIN1	0.00047	0.00827	0.00095
CASKIN2	0.00165	0.04849	0.0716
CASP1	0.76028	0.06884	0.00038
CASP10	0.16991	0.01037	0.00506
CASP14	0.00129	0.00236	0.00157
CASP2	0.22281	0.57376	0.16948
CASP3	0.20742	0.44013	0.16249
CASP4	0.53523	0.09425	0.00012
CASP5	0.02395	0.00084	0
CASP6	0.11028	0.17172	0.02445
CASP7	0.10173	0.08787	0.00451
CASP8	0.21193	0.05302	0.02217
CASP8AP2	0.07355	0.12417	0.11331
CASP9	0.11198	0.12792	0.13117
CASQ1	0.00289	0.04259	0.00017
CASQ2	0.00089	0.00104	0.00033
CASR	6e-04	0.00025	0
CASS4	0.21551	0.00654	0.00259
CAST	0.33299	0.21384	0.32535
CASZ1	0.00599	0.01497	0.00079
CAT	0.48781	0.28679	0.57113
CATSPER1	0.00803	0.00043	0
CATSPER2	0.0529	0.02976	0.04082
CATSPER2P1	0.0152	0.01863	0.00839
CATSPER3	0.00276	0.00914	0.01398
CATSPERB	0.00261	0.00048	0
CATSPERD	0.00035	0.00084	9e-05
CATSPERG	0.00223	0.00406	0.01036
CAV1	0.00563	0.11737	0.20329
CAV2	0.01479	0.09145	0.22035
CAV3	0	0.00238	0
CBFA2T2	0.05345	0.11128	0.08303
CBFA2T3	0.01149	0.00449	0
CBFB	0.29451	0.30515	0.39561
CBL	0.14224	0.13327	0.07736
CBLB	0.15255	0.19704	0.12126
CBLL1	0.08173	0.22356	0.1338
CBLN1	1e-05	0.00428	0
CBLN2	0	0.00164	0
CBLN3	0.00104	0.00147	0.00076
CBLN4	0.00162	0.03346	0
CBR1	0.30024	0.85009	2.59227
CBR3	0.01078	0.13195	0.02935
CBR3-AS1	0.02723	0.04589	0.02699
CBR4	0.08185	0.23743	0.10491
CBS	0.00639	0.36717	0.13107
CBWD1	0.33166	0.40308	0.18295
CBWD2	0.27323	0.41138	0.15643
CBWD3	0.30913	0.39961	0.21713
CBWD5	0.10967	0.12744	0.12411
AL163540.1	0.10702	0.12248	0.075
CBX1	0.08469	0.33071	0.11551
CBX2	0.00206	0.08456	0.00186
CBX3	0.52481	1.49889	0.5154
CBX3P2	0.00331	0.0144	0.00601
CBX4	0.02642	0.05934	0.06734
CBX5	0.15041	0.8742	0.37386
CBX6	0.02444	0.0568	0.07318
CBX7	0.03817	0.01599	0.1026
CBX8	0.01334	0.04154	0.01471
CBY1	0.05897	0.28518	0.16578
CBY3	0.00145	0.0105	0.00192
CC2D1A	0.03861	0.08588	0.03972
CC2D1B	0.09021	0.08232	0.16763
CC2D2A	0.07412	0.18393	0.0694
CC2D2B	0.0062	0.00733	0.00108
CCAR1	0.31185	0.40433	0.30323
CCBE1	0.03297	0.03831	0.02656
KYAT1	0.03763	0.12158	0.17439
KYAT3	0.16702	0.20009	0.12913
SGF29	0.13057	0.17912	0.1598
CCDC102A	0.00162	0.00719	0
CCDC102B	0.01003	0.10309	0.00855
CCDC103	0.00384	0.06405	0.00384
CFAP36	0.08578	0.48911	0.24294
CCDC106	0.01451	0.04959	0.02638
CCDC107	0.21884	0.25764	0.15783
CFAP65	0.00034	0.00365	0
MCUB	0.2252	0.28392	0.11669
CFAP53	0.00164	0.01605	0.00714
CCDC110	4e-05	0.00281	0.00674
CCDC112	0.08979	0.15986	0.1335
CCDC113	0.01802	0.07293	0.04316
CCDC114	0.00279	0.00649	0.00282
CCDC115	0.32555	0.35059	0.385
CCDC116	0.00092	0.00483	0
CCDC117	0.10747	0.12121	0.10549
CCDC12	0.25126	0.47387	0.34005
CCDC120	0.0167	0.04103	0.00846
CCDC121	0.0256	0.0509	0.06908
CCDC122	0.03666	0.07369	0.09678
CCDC124	0.19445	0.54688	0.28305
CCDC125	0.07599	0.06732	0.03994
CCDC126	0.07843	0.23364	0.07428
CCDC127	0.07546	0.16035	0.16531
ITPRID1	0.00011	0.0025	0.01424
CCDC13	0.00323	0.01044	0.02738
CCDC13-AS1	3e-05	0.00052	0.01013
CCDC130	0.1836	0.35622	0.19598
VPS50	0.11596	0.18944	0.10967
CCDC134	0.06074	0.07635	0.07515
DRC7	0.00169	0.0012	0
CCDC136	0.00786	0.08397	0.03634
CCDC137	0.09721	0.1898	0.06114
CCDC138	0.02462	0.09718	0.05949
CCDC14	0.06454	0.25914	0.07028
CCDC140	0	0.00088	0
CCDC141	0.00551	0.00434	0.00029
CCDC142	0.15296	0.21646	0.13889
CCDC144A	0.03666	0.07681	0.05249
CCDC144B	0.20921	0.31951	0.29192
CCDC144NL	0.00052	0.00265	0.01189
CCDC146	0.02066	0.03597	0.02026
CFAP58	0.00064	0.00123	0.00534
CCDC148	0.00921	0.03986	0.04238
CCDC149	0.01443	0.02643	0.04603
CCDC15	0.01961	0.06386	0.01051
CCDC150	0.00472	0.03162	0.01545
CCDC151	0.00441	0.01217	0
CCDC152	0.05388	0.08329	0.32327
CCDC153	0.01108	0.00669	0.00701
CCDC154	0.00691	0.00513	0.00262
CCDC157	0.01321	0.02018	0.00249
CCDC158	3e-05	0.00195	0.00061
CCDC159	0.11922	0.11766	0.31797
CCDC160	0	0.01459	0.022
CCDC162P	0.00034	0.00054	0.00105
CCDC167	0.08835	0.43642	0.28075
CCDC168	0.00072	0.00312	0.00182
CCDC169	2e-04	0.03284	0.00185
CCDC169-SOHLH2	0	0.01152	0
CCDC17	0.00853	0.00771	0.01428
CCDC170	0.03884	0.01317	0.00193
CCDC171	0.01124	0.03778	0.02253
CCDC172	2e-05	0.00034	0.00021
CCDC173	0.00082	0.01937	0.00464
CCDC174	0.10551	0.15263	0.10937
CCDC175	0.00042	0.00263	0
BBOF1	0.01747	0.03206	0.0072
CCDC177	0.00013	8e-04	0
CCDC178	0.00015	0.00814	0
CCDC18	0.04047	0.03955	0.00681
CFAP45	0.00032	0.00591	0.00038
CCDC22	0.15371	0.14433	0.16611
SVBP	0.28278	0.14744	0.24533
CCDC24	0.01983	0.05402	0.00913
CCDC25	0.08257	0.19671	0.10083
CCDC27	0.00011	0.00059	0
CCDC28A	0.19771	0.10948	0.05333
CCDC28B	0.0203	0.34467	0.04385
CCDC3	0.00072	0.00319	0
CCDC30	0.0378	0.0591	0.03463
CCDC33	0	0.00027	0
CCDC34	0.0153	0.10773	0.00695
CCDC36	0.00665	0.00598	3e-05
CFAP100	0.00229	0.00545	0.00501
CCDC38	0.00011	0.00145	0
CCDC39	0.0016	0.00523	0.00481
CCDC40	0.02525	0.04604	0.00476
CEP83	0.05726	0.15679	0.06014
CFAP73	0.00323	0.0044	0
CCDC43	0.10955	0.24562	0.18966
CCDC47	0.51197	0.73972	0.72988
CCDC50	0.18527	0.30751	0.13352
CCDC51	0.04156	0.13393	0.06957
WASHC3	0.32827	0.4301	0.66687
CCDC54	0	0.00113	0.01868
CCDC57	0.04373	0.08585	0.02589
CCDC58	0.0546	0.20044	0.07533
CCDC59	0.16488	0.22188	0.14729
CCDC6	0.07863	0.08478	0.05499
CCDC60	0.00083	0.00034	0
CCDC61	0.00603	0.00718	0.01426
CCDC62	0.00235	0.0102	7e-05
BICDL1	0.00784	0.01528	0.00081
BICDL2	0.0014	0.00077	0.00057
CCDC65	0.00656	0.02915	0.00575
CCDC66	0.09553	0.17355	0.11323
DEUP1	0.00031	0.00013	0
CCDC68	0	0.00068	9e-05
CCDC69	0.09991	0.02009	0.01039
CCDC7	0.05829	0.03566	0.05837
CCDC70	0	0.00048	0
CCDC71	0.01684	0.02647	0.01105
CCDC71L	0.0179	0.01929	0.00561
CCDC73	0.00877	0.03102	0.02047
CCDC74A	0.00327	0.10405	0.00151
CCDC74B	0.00038	0.0511	0.00225
CCDC77	0.04705	0.11555	0.07425
CCDC78	0.00107	0.00642	0.00473
TERB1	2e-05	0.00079	0
CCDC8	0.00303	0.03481	0.00243
CCDC80	0.00139	0.21463	0.0019
CCDC81	0.00088	0.00797	0.00145
CCDC82	0.15143	0.4417	0.39049
CCDC83	0.00215	0.00227	0.00011
CCDC84	0.14404	0.18298	0.16518
CCDC85A	0.00121	0.00328	0.00272
CCDC85B	0.04794	0.09273	0.0335
CCDC85C	0.00732	0.02556	0.01844
CCDC86	0.06843	0.19966	0.1039
CCDC87	0	0.00899	0.00539
CCDC88A	0.25355	0.46849	0.6489
CCDC88B	0.0485	0.00528	0.00237
CCDC88C	0.02129	0.02053	0.0045
CCDC89	0.00489	0.02625	0.01748
CCDC9	0.01926	0.01941	0.00753
CCDC90B	0.22156	0.59694	0.60091
CCDC91	0.19048	0.19655	0.23894
CCDC92	0.03584	0.09267	0.11243
CCDC93	0.11206	0.23264	0.07319
YJU2	0.14463	0.23674	0.21506
CCDC96	0.01017	0.00504	0
CCDC97	0.13211	0.1683	0.10841
CCHCR1	0.04474	0.09307	0.03966
CCIN	0.00713	0.00332	0
CCK	0.00371	0.00654	0.00262
CCKAR	0.00015	0.00555	0
CCKBR	0	0.00154	0
CCL17	0.00098	0.00133	0
CCL2	0.3365	0.08813	0.00721
CCL20	0.16387	0.00138	0
CCL22	0.04888	0.0405	0.02456
CCL25	0	0.00755	0
CCL27	0	0.00705	0
CCL28	0.00652	0.00658	0.00415
CCL5	0.59483	0.40664	0.29754
CCL8	0.04754	0.00069	0
CCM2	0.18957	0.17626	0.16719
CCM2L	0.00028	0.00024	0
CCNA1	0.00197	0.01224	0
CCNA2	0.02368	0.13173	0.01123
CCNB1	0.02696	0.21296	0.02329
CCNB1IP1	0.18114	0.37713	0.12341
CCNB2	0.03902	0.20669	0.01771
CCNB3	0.00838	0.01072	0.03328
CCNC	0.34607	0.47675	0.21414
CCND1	0.30337	0.48922	0.01215
CCND2	0.15137	1.1593	0.01297
CCND3	0.48928	0.35355	0.31755
CCNDBP1	0.33329	0.20884	0.36465
CCNE1	0.007	0.02826	0.007
CCNE2	0.02526	0.22684	0.59426
CCNF	0.01599	0.07704	0.01394
CCNG1	0.4146	0.44557	0.33624
CCNG2	0.05438	0.08992	0.025
CCNH	0.83185	0.53637	0.53798
CCNI	0.74172	0.91083	0.78204
CCNI2	0.00199	0.01463	0.04039
CCNJ	0.03731	0.09387	0.03345
CCNJL	0.00016	0.01992	0.00087
CCNK	0.13531	0.16084	0.13507
CCNL1	0.77839	0.61115	0.38963
CCNL2	0.33812	0.80506	0.38945
CCNO	0.00071	0.01292	6e-05
CCNT1	0.11765	0.15353	0.05803
CCNT2	0.1209	0.19072	0.14845
CCNY	0.07292	0.0523	0.14355
CCNYL1	0.04721	0.12599	0.12258
CCP110	0.09655	0.22306	0.83756
CCPG1	0.29272	0.26168	0.4721
CCR1	0.40979	0.00676	0
CCR10	0.00701	0.01975	0.02522
CCR2	0.07838	0.00058	0
CCR4	0.02336	0.00032	0
CCR5	0.17947	0.00011	0
CCR6	0.05606	0.03211	0.0164
CCR7	0.04387	0.00133	0.01201
CCR8	0.0069	0.00092	0.00472
CCR9	0.00243	0.00176	0
CCRL2	0.36816	4e-04	0
NOCT	0.04804	0.05615	0.06069
CCS	0.28921	0.34239	0.12243
CCSAP	0.07929	0.1607	0.1498
CCSER1	0.01127	0.00441	0.00252
CCSER2	0.10443	0.16097	0.25164
CCT2	0.39066	1.34663	0.55689
CCT3	0.54792	1.29833	1.00798
CCT4	0.58135	0.97469	0.81472
CCT5	0.39776	0.8812	0.65928
CCT6A	0.63014	1.56544	0.7324
CCT6B	0.01042	0.04203	0.02106
CCT6P1	0.07743	0.23055	0.06421
CCT6P3	0.10011	0.25381	0.09509
CCT7	0.56845	1.43014	1.03574
CCT8	0.74573	1.14898	0.60153
CCT8L2	2e-05	0.00519	0
CCZ1	0.06425	0.19045	0.12062
CCZ1B	0.03578	0.11731	0.0702
CD101	0.03878	0.02077	2e-04
CD109	0.042	0.01836	0.00752
CD14	2.21087	0.01325	0.00662
CD151	0.08896	0.3298	0.0135
CD160	0.00566	0.02037	0.01123
CD163	1.39593	0.00025	0
CD163L1	0.0278	0.00477	0
CD164	1.29432	0.69234	0.81884
CD180	0.1438	0.00114	0
CD19	0.00709	0.00026	0
CD1A	0.01165	0.00035	0
CD1C	0.03722	3e-05	0
CD1D	0.13345	0.00275	0.00075
CD1E	0.03898	0.00034	0
CD2	0.23575	8e-05	0
CD200	0.00016	0.22924	0.22923
CD200R1	0.04725	0.00211	0
CD200R1L	0.00023	0.00026	0
CD207	0.0077	0.00673	0
CD209	0.02562	0.01201	0.00905
CD22	0.01052	0.00061	0.23815
CD226	0.07483	0.00415	0.00337
CD24	0.034	0.69882	0.0529
CD244	0.04084	1e-04	0
CD247	0.12049	0.01083	0
CD248	0.0026	0.01269	0
CD27	0.06209	0.00535	0.00687
CD27-AS1	0.02998	0.13147	0.14224
CD274	0.03987	0.02144	0.02948
CD276	0.21161	0.36092	0.01257
CD28	0.04428	0.00242	0.00211
CD2AP	0.07776	0.02554	0.02266
CD2BP2	0.1715	0.41256	0.35931
CD300A	0.72465	0.00122	4e-04
CD300C	0.28043	0.00033	0
CD300E	0.08487	0.00427	0.00234
CD300LB	0.12311	0.00038	0
CD300LF	0.24925	0.00065	0
CD300LG	0.01663	0.01974	0.01089
CD302	0.77123	0.1376	0.02654
CD320	0.0333	0.64667	0.11623
CD33	0.48999	0.00072	0
CD34	2e-04	0.0231	0.00801
CD36	0.06966	0.01042	0.01064
CD37	1.35648	0.00214	0
CD38	0.08161	0.00367	0
CD3D	0.24548	0.00046	0
CD3E	0.14374	8e-05	0
CD3EAP	0.06909	0.10849	0.07835
CD3G	0.14211	0.03222	0.02346
CD4	1.16268	0.00322	0
CD40	0.16901	0.00475	0.00778
CD40LG	0.04198	0.00087	0.00033
CD44	0.6846	0.23008	0.09364
CD46	0.68111	0.48299	0.58155
CD47	0.40559	0.5493	1.56288
CD48	0.50637	0.00065	0.00044
CD5	0.07606	0.00576	4e-05
CD52	0.28994	0.00015	0
CD53	2.07776	0.00119	0.01222
CD55	0.65793	0.03736	0.56525
CD58	0.84243	0.27461	0.04922
CD59	0.29586	0.31137	0.49288
CD5L	0.00413	0.00031	0
CD6	0.03049	0.00061	0
CD63	2.0052	2.08472	2.15157
CD68	1.8891	0.09984	0.04974
CD69	0.85333	0.00432	0.00013
CD7	0.03294	1e-04	0
CD70	0.01591	0.00785	0.0038
CD72	0.14952	0.01316	0.00485
CD74	4.58225	0.08589	0.15024
CD79A	0.00834	0.00346	0
CD79B	0.02687	0.00336	0
CD80	0.04939	9e-04	0
CD81	0.62909	0.36706	0.43623
CD82	0.29754	0.58106	0.89258
CD83	1.4791	0.06964	0.00304
CD84	0.52368	0.02741	0.01793
CD86	0.87079	0.00119	0
CD8A	0.15108	0.00559	0.00029
CD8B	0.08727	0.00042	0
CD9	1.00604	1.25023	3.1481
CD93	0.22712	0.00119	9e-05
CD96	0.14679	0.02168	0.01624
ADGRE5	0.30145	0.16563	0.30276
CD99	0.94225	0.91692	0.04446
CD99L2	0.09994	0.24968	0.58739
CD99P1	0.06249	0.03569	0
CDA	0.01861	0.00036	0
CDADC1	0.04366	0.08372	0.08249
CDAN1	0.01027	0.03261	0.01945
CDC123	0.39423	0.53905	0.48236
CDC14A	0.10582	0.05524	0.00217
CDC14B	0.03593	0.12026	0.15617
CDC16	0.09555	0.20035	0.16386
CDC20	0.01979	0.17644	0.14544
CDC20B	0.00057	0.00013	0
CDC23	0.08634	0.27631	0.14647
CDC25A	0.00077	0.02192	0
CDC25B	0.05617	0.26033	0.11296
CDC25C	0.0026	0.05118	0.00254
CDC26	0.26232	0.36928	0.14353
CDC27	0.15212	0.22817	0.18485
CDC34	0.01393	0.08272	0.02305
CDC37	0.91068	1.10741	0.7342
CDC37L1	0.10085	0.16949	0.15596
CDC40	0.13871	0.15554	0.11636
CDC42	0.93838	1.02025	1.00744
CDC42BPA	0.00455	0.12648	0.2138
CDC42BPB	0.02435	0.0586	0.11448
CDC42BPG	0.00182	8e-04	0
CDC42EP1	0.00471	0.07384	0.58826
CDC42EP2	0.03096	0.02912	0.88142
CDC42EP3	0.10469	0.10982	0.00269
CDC42EP4	0.02672	0.53949	0.07227
CDC42SE1	0.66727	0.56853	0.69047
CDC42SE2	0.46449	0.36488	0.74382
CDC45	0.01338	0.13164	0.00202
CDC5L	0.11565	0.22325	0.16445
CDC6	0.01889	0.1221	0.01228
CDC7	0.02276	0.19133	0.02583
CDC73	0.13688	0.20602	0.24122
CDCA2	0.01	0.05832	0.00122
CDCA3	0.01793	0.09039	0.00644
CDCA4	0.05052	0.1384	0.04249
CDCA5	0.02341	0.13397	0.00719
CDCA7	0.01496	0.31149	0.01014
CDCA7L	0.04057	0.50548	0.18622
CDCA8	0.01856	0.09073	0.00751
CDCP1	0.20547	0.01621	0.00435
CDCP2	0.00076	0.00132	0.00018
CDH1	0.00471	0.00852	0.06722
CDH10	0.00081	0.2269	0.00632
CDH11	0.00145	0.25503	0.10181
CDH12	0.00075	0.00872	0.00867
CDH13	0.01943	0.13467	0.10804
CDH15	0.00012	0.00982	0
CDH16	0.00019	6e-05	0
CDH17	0.00396	0.00356	0.00127
CDH18	5e-05	0.01098	0.00025
CDH19	0.00056	0.0477	0.36739
CDH2	0.00422	0.78468	0.21564
CDH20	0.00139	0.03116	0.07579
CDH22	7e-05	0.00274	0
CDH23	0.07037	0.04838	0.05279
CDH24	0.00077	0.02375	0.00152
CDH26	0.04598	0.00435	0.00768
CDH3	0.00013	0.01709	0.00162
CDH4	0.00032	0.06291	6e-04
CDH5	0.00269	0.01565	0
CDH6	0.00466	0.24577	0.03219
CDH7	0	0.01462	0.00691
CDH8	0.00098	0.01163	0.07838
CDH9	0.00018	0.00239	0
CDHR1	0.00681	0.03666	0.00067
CDHR2	0	0.00428	0
CDHR3	0.00968	0.01961	0.00958
CDHR4	0.00121	0.00036	0
CDHR5	0.00065	0.001	0.00237
CDIP1	0.05901	0.14576	0.18752
CDIPT	0.10562	0.13583	0.18511
CDK1	0.11761	0.26026	0.01533
CDK10	0.17412	0.28979	0.08777
CDK11A	0.09976	0.1023	0.05062
CDK11B	0.10461	0.11674	0.05405
CDK12	0.07522	0.1099	0.05534
CDK13	0.04509	0.0895	0.06023
CDK14	0.01168	0.16533	0.01126
CDK15	0.00845	0.00357	0.00511
CDK16	0.10215	0.3499	0.14753
CDK17	0.09814	0.25086	0.41051
CDK18	0.03625	0.04395	1.21994
CDK19	0.04375	0.07089	0.27968
CDK2	0.05746	0.22264	0.0491
CDK20	0.00966	0.15765	0.04585
CDK2AP1	0.30647	1.0818	0.55664
CDK2AP2	0.35044	0.42076	0.69188
CDK3	0.03206	0.07837	0.01977
CDK4	0.2302	1.19527	0.37468
CDK5	0.11566	0.31769	0.1374
CDK5R1	0.00765	0.13692	0.02118
CDK5R2	0	0.00213	0
CDK5RAP1	0.15139	0.27283	0.22081
CDK5RAP2	0.07044	0.12697	0.13022
CDK5RAP3	0.50286	0.71697	0.47617
CDK6	0.05754	0.35771	0.11182
CDK7	0.1202	0.24635	0.11486
CDK8	0.01924	0.03774	0.01698
CDK9	0.08499	0.08396	0.04904
CDKAL1	0.12887	0.28733	0.15934
CDKL1	0.00732	0.0498	0.02849
CDKL2	0.00118	0.00445	0.08002
CDKL3	0.00989	0.07271	0.04249
CDKL4	0.00253	0.00718	5e-04
CDKL5	0.01737	0.03419	0.14024
CDKN1A	1.00041	0.36072	0.12508
CDKN1B	0.20923	0.41105	0.72949
CDKN1C	0.02284	0.03738	0.23599
CDKN2A	0.05321	0.22504	0.02232
CDKN2AIP	0.20424	0.32662	0.21471
CDKN2AIPNL	0.12106	0.38944	0.25618
CDKN2B	0.0357	0.05235	0.0278
CDKN2B-AS1	0.02984	0.04974	0.02229
CDKN2C	0.05045	0.3289	0.05437
CDKN2D	0.02843	0.07253	0.12116
CDKN3	0.04824	0.21915	0.01652
CDNF	0.00504	0.01018	0.01347
CDO1	0.00371	0.25834	0.02975
CDON	0.00275	0.02808	0.00978
CDPF1	0.04673	0.10045	0.09986
CDR1	0.01105	0.24685	0.5568
CDR2	0.01959	0.03775	0.00141
CDR2L	0.01127	0.06791	0.29348
CDRT1	0.00196	0.00552	0.00139
CDRT15	1e-04	0.00232	0
CDRT15L2	0.00031	0.001	0
CDRT15P1	0.00412	0.01146	0
CDRT4	0.02019	0.01673	0.0181
CDS1	0.00477	0.00702	6e-05
CDS2	0.17122	0.35936	0.49454
CDSN	0.00011	0.0052	0.00019
CDT1	0.01043	0.04323	0.01481
CDV3	0.31708	0.26492	0.16083
CDX1	0.00047	0.0015	0
CDYL	0.02545	0.07578	0.05234
CDYL2	0.00906	0.00854	0
CEACAM1	0.0298	0.0065	0.00011
CEACAM16	0.00026	4e-04	0
CEACAM19	0.00371	0.01836	0.00446
CEACAM21	0.11519	0.00132	0
CEACAM22P	0.05203	0.06291	0.04249
CEACAM3	0.00624	0.00023	0
CEACAM4	0.07919	0.00061	0
CEACAM5	0.00885	0.01206	0.00552
CEACAM6	0.00041	8e-05	1e-04
CEACAM8	0.01876	0.02451	0.01826
CEBPA	0.14967	0.00529	0.00056
CEBPA-DT	0.01197	0.00136	0
CEBPB	0.13099	0.01432	0.00091
CEBPD	0.2662	0.09187	0.02974
CEBPE	0.00402	3e-05	0
CEBPG	0.23128	0.3041	0.05079
CEBPZ	0.15757	0.31398	0.14707
ADA2	0.65649	0.08377	0.08229
CECR2	0.00715	0.05483	0.04801
CECR3	0.00098	0.00432	0.00242
HDHD5	0.17919	0.46083	0.14159
HDHD5-AS1	0.00521	0.03669	0.01148
TMEM121B	0.02204	0.02705	0.00098
CECR7	0.00509	0.04521	0.03049
CEL	0.00051	0.00142	0
CELA1	0.00291	0.00021	0
CELA2A	0.00042	0.00066	0.0011
CELA2B	8e-05	0.00072	0.00085
CELF1	0.25072	0.40373	0.14768
CELF2	0.56557	0.30537	0.00654
CELF2-AS2	4e-05	0.0112	0
CELF3	0.00119	0.0555	7e-04
CELF4	0.00272	0.05613	9e-05
CELF5	0	0.0416	0.00144
CELF6	0.02188	0.02123	0.00958
CELP	0.00022	0.00109	0.00083
CELSR1	0.00281	0.01242	0.00033
CELSR2	0.01974	0.17457	0.46832
CELSR3	0.00517	0.10585	0.01101
CEMP1	0.09146	0.07297	0.11383
CEND1	0.00092	0.16322	0.16964
CENPA	0.00435	0.02374	0.00164
CENPB	0.01034	0.03255	0.01744
CENPBD1	0.08389	0.10851	0.0969
CENPE	0.0147	0.05333	0.01184
CENPF	0.01745	0.13333	0.00451
CENPH	0.03202	0.22611	0.03752
CENPI	0.00668	0.03574	0.00113
CENPJ	0.03415	0.11331	0.02729
CENPK	0.03443	0.21586	0.00133
CENPL	0.03792	0.13735	0.01599
CENPM	0.03739	0.15877	0.00222
CENPN	0.0591	0.15235	0.15
CENPO	0.03096	0.09924	0.02172
CENPP	0.03383	0.08401	0.03488
CENPQ	0.04559	0.11982	0.11824
CENPT	0.17502	0.31105	0.16249
CENPV	0.00331	0.15711	0.05458
CENPVL1	0	0.00936	0
CENPW	0.08476	0.16148	0.02493
CEP104	0.04228	0.06442	0.08712
CEP112	0.0094	0.10138	0.00723
CEP120	0.03384	0.04341	0.03436
CEP128	0.0471	0.03484	0.01468
CEP135	0.06301	0.09078	0.03089
CEP152	0.02709	0.05458	0.00876
CEP164	0.03479	0.07071	0.05191
CEP170	0.35021	0.55129	0.57593
CEP170B	0.00059	0.01196	0.01076
CEP170P1	0.00591	0.00692	0.01291
CEP19	0.03101	0.08595	0.03589
CEP192	0.04477	0.07824	0.04937
CEP250	0.04142	0.07613	0.01668
CEP290	0.03022	0.08489	0.0756
CEP350	0.09216	0.10509	0.11001
CEP41	0.0885	0.24677	0.21104
CEP44	0.05439	0.12696	0.1239
CEP55	0.00448	0.01482	0.00049
CEP57	0.14979	0.30769	0.11161
CEP57L1	0.03424	0.12232	0.04759
CEP63	0.1498	0.26997	0.14613
CEP68	0.15631	0.24379	0.16695
CEP70	0.02485	0.15924	0.10424
CEP72	0.01449	0.05682	0.02648
CEP76	0.02374	0.08583	0.03001
CEP78	0.05335	0.22176	0.12338
CEP85	0.06237	0.06819	0.13231
CEP85L	0.10875	0.20373	0.11935
CEP89	0.03865	0.13202	0.04158
CEP95	0.09372	0.29688	0.14485
CEP97	0.02541	0.16163	0.28078
CEPT1	0.27225	0.25211	0.29758
CER1	0	0.00163	0
CERCAM	0.02098	0.10636	1.47787
CERK	0.07618	0.06968	0.01165
CERKL	0.09198	0.04983	0.00064
CERS1	0.00345	0.08209	0.16788
CERS2	0.21359	0.2605	1.3616
CERS3	0	0.00104	0
CERS4	0.07974	0.27485	0.6857
CERS5	0.25023	0.61343	0.41548
CERS6	0.02615	0.06656	8e-05
CERS6-AS1	0.02799	0.08021	6e-05
CES1	0.03757	0.00199	0.00085
CES1P1	0.00145	0.00106	0
CES2	0.1035	0.20144	0.12383
CES3	0.06791	0.08973	0.06205
CES4A	0.04604	0.00434	0.35539
CES5A	0	0.00084	0.01152
CES5AP1	0	0.00094	0.00121
CETN2	0.10107	0.32997	0.15759
CETN3	0.08558	0.30017	0.27988
CETN4P	0.00396	0.00995	0.04282
CETP	0.00536	0.00101	0.00185
CFB	0.01902	0.01864	0.00171
CFC1	0	0.00212	0.00025
CFC1B	0.00028	0.00327	0
CFD	0.54013	0.0136	0.00283
CFDP1	0.15874	0.47337	0.32658
CFH	0.00925	0.07551	0.00107
CFHR1	0	0.0116	0
CFHR3	4e-05	0.00073	0
CFHR4	1e-04	0.00073	0
CFHR5	7e-05	0.0015	0
CFI	0.02789	0.1679	0
CFL1	2.10447	2.20514	2.18375
CFL1P1	0.00204	0.00891	0.00271
CFL2	0.06858	0.4644	1.82411
CFLAR	0.81204	0.60922	0.59076
CFLAR-AS1	0.02168	0.00288	0.00047
CFP	0.07669	0.00893	0.00022
CFTR	2e-05	0.00029	0.00355
CGA	0.00055	0.00145	0.00022
CGB3	0.00138	0.00098	0
CGB1	0.00056	0.00116	0
CGB2	0.00025	0.00152	0
CGB5	0.00078	0.00042	0
CGB7	0	9e-04	0
CGB8	8e-05	0.00027	0
CGGBP1	0.14645	0.29702	0.26135
CGN	0.00049	0.01468	0.0285
CGNL1	0.0171	0.02538	0.00428
CGREF1	0.01192	0.04155	0.02024
CGRRF1	0.16443	0.33173	0.35829
CH25H	0.61864	0.03641	0.02219
CHAC1	0.00961	0.03204	0.01351
CHAC2	0.02135	0.09289	0.07394
CHAD	0.00086	0.01391	0.00032
CHADL	0.01455	0.01306	0.31234
CHAF1A	0.02443	0.06496	0.01064
CHAF1B	0.01412	0.12779	0.01781
CHAMP1	0.02256	0.09292	0.07975
CHAT	0.00011	0.00295	0
CHCHD1	0.16561	0.18547	0.14263
CHCHD10	0.02522	0.01324	0.00377
CHCHD2	1.28597	2.42142	1.90209
CHCHD3	0.28414	0.75296	0.25391
CHCHD4	0.03649	0.07243	0.05339
CHCHD5	0.12392	0.25874	0.15156
CHCHD6	0.08112	0.30134	0.14707
CHCHD7	0.45581	0.21408	0.16308
CHD1	0.24168	0.19768	0.0741
CHD1L	0.17976	0.28027	0.3364
CHD2	0.37308	0.2889	0.18238
CHD3	0.04879	0.1113	0.0011
CHD4	0.23376	0.4567	0.30693
CHD5	0.00091	0.03325	0
CHD6	0.07054	0.14611	0.08287
CHD7	0.10015	0.47669	0.30144
CHD8	0.0681	0.12115	0.0739
CHD9	0.25597	0.32193	0.17177
CHDH	0.01613	0.09028	0.03243
CHEK1	0.02974	0.1756	0.03365
CHEK2	0.07868	0.06406	0.00625
CHEK2P2	0.0038	0.00896	0.00337
CHERP	0.04213	0.15935	0.0607
CHFR	0.19582	0.20488	0.14144
CHGA	0.00251	0.0386	0.00297
CHGB	0.00169	0.1711	0
CHI3L1	0.06689	0.41323	0.0696
CHI3L2	0.00858	0.07346	0.00134
CHIA	9e-04	0.00059	0
CHIAP2	0.00513	0.0094	0.00679
CHIC1	0.02698	0.05987	0.09919
CHIC2	0.2735	0.4933	0.1586
CHID1	0.17644	0.41824	0.22549
CHIT1	0.00141	0.00542	0.00194
CHKA	0.17593	0.12299	0.16907
CHKB	0.1781	0.10647	0.07504
CHKB-CPT1B	0.00525	0.00487	0.00358
CHL1	0.00068	0.23822	0.00108
CHM	0.11764	0.17201	0.1186
CHML	0.02746	0.04196	0.01374
CHMP1A	0.27267	0.48274	0.38897
CHMP1B	0.84792	0.44214	0.33282
CHMP2A	0.62144	1.09271	1.13356
CHMP2B	0.23443	0.2453	0.45153
CHMP3	0.39228	0.56131	0.295
CHMP4A	0.4061	0.32855	0.43188
CHMP4B	0.01362	0.02197	0.01315
CHMP4C	0.01085	0.01197	0.00652
CHMP5	0.39808	0.64873	0.90882
CHMP6	0.12079	0.26084	0.20208
CHMP7	0.14793	0.25468	0.1485
CHN1	0.01513	0.32351	0.14268
CHN2	0.10929	0.03903	0.81318
CHODL	0	0.01982	0.02614
CHODL-AS1	1e-04	0.00034	0
CHORDC1	0.23696	0.21782	0.26153
CHP1	0.7355	0.67268	0.7144
CHP2	0.05057	0.0587	0.04826
CHPF	0.00957	0.28157	0.0616
CHPF2	0.0623	0.10714	0.02843
CHPT1	0.07386	0.16482	0.03713
CHRAC1	0.20032	0.18822	0.44316
CHRD	3e-05	0.04845	0.00122
CHRDL1	9e-05	0.10264	0.00355
CHRDL2	7e-05	0.00261	0
CHRFAM7A	0.05346	0.01931	1e-04
CHRM1	0.00072	0.01303	3e-05
CHRM2	1e-05	0.00517	8e-05
CHRM3	0.09979	0.22582	0.12987
CHRM4	0.00159	0.00392	0
CHRM5	0.00047	0.00254	0.14932
CHRNA1	0.01577	0.09476	0
CHRNA10	0.01135	0.00905	0.00042
CHRNA2	0.00045	0.00013	0.00039
CHRNA3	0.00031	0.00844	0.00011
CHRNA4	0	0.01272	0.00062
CHRNA5	0.01657	0.02979	0.0193
CHRNA6	0.06826	0.00066	0
CHRNA7	0.02468	0.04733	0.00557
CHRNA9	0.00209	0.02804	0
CHRNB1	0.07009	0.12795	0.15842
CHRNB2	0.00594	0.04458	0.00475
CHRNB4	0.00086	0.00309	0.00038
CHRND	0.00092	0.00258	0
CHRNE	0.02521	0.00763	0.002
CHRNG	0.0036	0.00267	0
CHST1	0.00613	0.00985	0.01485
CHST10	0.01048	0.09318	0.02911
CHST11	0.11797	0.13231	0.00178
CHST12	0.05588	0.18617	0.04936
CHST13	0.0286	0.00033	0
CHST14	0.02724	0.05356	0.01718
CHST15	0.22718	0.03329	0
CHST2	0.00451	0.01488	0.02135
CHST3	0.00042	0.0988	0.18209
CHST4	0	9e-04	0
CHST5	0.0082	0.01838	0.00902
CHST6	0.03492	0.05566	0.14014
CHST7	0.01337	0.05439	0
CHST8	0.00069	0.0667	0.01175
CHST9	0.00103	0.16506	0
CHSY1	0.1378	0.09458	0.03573
CHSY3	0.00234	0.00367	0
CHTF18	0.02775	0.11547	0.01808
CHTF8	0.19844	0.28601	0.21003
CHTOP	0.32982	0.77501	0.68304
CHUK	0.05642	0.05762	0.07792
CHURC1	0.33624	0.34035	0.54361
CHURC1-FNTB	0.03513	0.06532	0.26964
CIAO1	0.28911	0.57442	0.37839
CIAPIN1	0.18333	0.55164	0.1644
CIB1	0.79557	0.35339	0.47122
CIB2	0.00255	0.02212	0.0133
CIC	0.02614	0.07144	0.06542
CIDEB	0.0689	0.0213	0.01771
CIDEC	0.0032	0.00621	0.004
CIDECP	0.07594	0.18594	0.12229
CIITA	0.38476	0.01776	0.00714
CILP	0.00014	0.00486	0
CILP2	0.00042	0.00279	0
CINP	0.15697	0.32341	0.59902
CIR1	0.24628	0.28454	0.23585
CIRBP	0.95908	1.46114	1.50695
CIRBP-AS1	0.00165	0.00346	0.00014
UTP4	0.13868	0.41504	0.11277
CISD1	0.0488	0.18804	0.20133
CISD2	0.15964	0.21716	0.25043
CISH	0.1233	0.04266	0.00028
CIT	0.01076	0.08807	0.05146
CITED1	0.00112	0.10497	0.01031
CITED2	0.11481	0.04775	4e-04
CITED4	0.00119	0.00047	0
CIZ1	0.06107	0.14859	0.05149
CKAP2	0.11968	0.30972	0.05683
CKAP2L	0.00933	0.08116	0.00781
CKAP4	0.0247	0.14327	0.03309
CKAP5	0.10372	0.28501	0.2417
CKB	0.24919	2.47101	1.89876
CKLF	0.64595	0.31066	0.1775
CKLF-CMTM1	0.00805	0.01778	0.02801
CKM	0.00463	0.00213	0
CKMT1A	0	0.03526	3e-05
CKMT1B	0	0.04037	3e-05
CKMT2	0.00298	0.01455	0.03084
CKS1B	0.15917	0.47961	0.38603
CKS2	0.51535	0.50542	0.04837
CLASP1	0.12962	0.31266	0.1077
CLASP2	0.10442	0.48271	0.9098
CLASRP	0.05721	0.10609	0.12594
CLCA1	0.00019	0.00013	0
CLCA2	0.00043	0.00068	0.03144
CLCA3P	3e-05	0.00032	5e-05
CLCA4	0.00056	0.00017	0.34659
CLCC1	0.17085	0.39677	0.50579
CLCF1	0.00939	0.02378	0.01452
CLCN1	0.00386	0.00158	3e-05
CLCN2	0.00911	0.06438	0.06934
CLCN3	0.08967	0.33068	0.51943
CLCN4	0.00781	0.06376	0.40649
CLCN5	0.04313	0.07378	0.01652
CLCN6	0.10767	0.1553	0.24202
CLCN7	0.08973	0.07052	0.09705
CLCNKA	0	5e-04	0.00018
CLCNKB	0	0.00058	0.00033
CLDN1	0.08327	0.01176	0
CLDN10	0.00403	0.11984	0.00347
CLDN11	0.03047	0.09993	2.77771
CLDN12	0.02406	0.39867	0.04371
CLDN14	0.00093	0.00132	0.00649
CLDN15	0.01918	0.05768	0.04783
CLDN16	0.0155	0.01704	0.00934
CLDN18	0.00281	0.00652	0.00177
CLDN19	0.01075	0.01333	0.00413
CLDN2	0.00088	0.00402	0.0043
CLDN20	0.00464	0.01075	0.0077
CLDN22	0.00097	0.00402	0.00131
CLDN23	0.01547	0.00263	0
CLDN24	0.00095	0.00177	0.00187
CLDN3	0.00372	0.00147	0
CLDN4	0.00048	0.00378	0
CLDN5	0.00461	0.03468	0.00539
CLDN6	0	0.00095	0
CLDN7	0.05079	0.00231	0
CLDN9	0.00317	0.00161	0
CLDND1	0.46821	1.07078	4.17364
CLDND2	0.00413	0.0078	0.00093
CLEC10A	0.04526	0.006	0
CLEC11A	0.03646	0.0757	0.04128
CLEC12A	0.16101	0.00049	0
CLEC12B	0.00938	0.00072	0.00148
CLEC14A	0.00026	0.00337	0.0292
CLEC16A	0.15081	0.23463	0.22293
CLEC17A	0.13675	0.00111	0.00143
CLEC18A	0.00349	0.03856	0.01164
CLEC18B	0.00263	0.07889	0.00749
CLEC18C	8e-04	0.02029	0.00136
CLEC19A	0.01256	0.00783	0.00555
CLEC1A	0.03579	0.00116	0
CLEC1B	0.00239	1e-04	0
CLEC2B	0.43101	0.07451	0.00953
CLEC2D	0.19114	0.08817	0.01759
CLEC2L	0.00018	0.00255	0
CLEC3B	0.00696	0.00932	0
CLEC4A	0.29016	0.05101	0.02058
CLEC4C	0.00562	0.00298	0.00184
CLEC4D	0.02068	0.00081	0
CLEC4E	0.1105	0.01525	0.01177
CLEC4F	0.00349	0.0069	0
CLEC4GP1	0.04576	0.04833	0.04118
CLEC5A	0.48749	0.00436	0
CLEC6A	0.00414	0.00053	0
CLEC7A	1.1946	0.03036	0.02209
CLEC9A	0.13076	7e-05	0
CLECL1	0.09022	0.0012	0
CLGN	0.00112	0.10833	0.01208
CLHC1	0.01886	0.09363	0.03024
CLIC1	1.59581	0.61547	0.04512
CLIC2	0.11814	0.02052	0
CLIC3	0.03135	0.00118	0
CLIC4	0.21638	0.83067	1.46721
CLIC5	0.01878	0.00032	0.00018
CLIC6	0.00026	0.0049	0.00028
CLINT1	0.30097	0.40785	0.15915
CLIP1	0.11176	0.16043	0.08339
CLIP2	0.02396	0.26248	0.2048
CLIP3	0.00589	0.32038	0.27569
CLIP4	0.0571	0.08228	0.29035
CLK1	1.31107	1.22753	1.19363
CLK2	0.07448	0.12274	0.07693
CLK3	0.31587	0.32006	0.22662
CLK4	0.19211	0.30891	0.32871
CLLU1	0.00786	0.00037	0
CLLU1OS	0.00493	0.00117	0
CLMN	0.01493	0.01544	0.48663
CLMP	0.00145	0.01492	0.00434
CLN3	0.24926	0.2776	0.32167
CLN5	0.19915	0.25946	0.29454
CLN6	0.06718	0.04656	0.05011
CLN8	0.19962	0.08749	0.2347
CLNK	0.00809	0.00047	0
CLNS1A	0.54504	1.0759	0.81729
CLOCK	0.06454	0.11318	0.15877
CLP1	0.1064	0.12514	0.0673
CLPB	0.16031	0.21771	0.19529
CLPP	0.21587	0.59097	0.32924
CLPS	0.00118	0.00112	0.00336
CLPSL2	0	0.00187	0
CLPTM1	0.17158	0.38465	0.44446
CLPTM1L	0.09031	0.12817	0.10182
CLPX	0.14629	0.23959	0.21115
CLRN1	0.00023	0.0033	0.00287
CLRN1-AS1	0	0.00079	0
CLRN3	0.00077	0.00025	0
CLSPN	0.02668	0.07673	0.01478
CLSTN1	0.06245	0.15933	0.1181
CLSTN2	0.00021	0.03128	0.00076
CLSTN3	0.03155	0.13846	0.00018
CLTA	0.84903	1.05384	1.74349
CLTB	0.13975	0.27077	0.21903
CLTC	0.38748	0.52668	0.5212
CLTCL1	0.00372	0.03137	0.02891
CLU	0.07786	1.58282	1.78105
CLUAP1	0.05414	0.18204	0.08206
CLUH	0.02144	0.05325	0.01789
CLUHP3	0.01862	0.06204	0.01683
CLUL1	0.0021	0.00413	0.02721
CLVS1	0.00423	0.08024	0.01655
CLVS2	0.00126	0.03893	0.00162
CLYBL	0.01565	0.01163	0.00615
CMA1	0	0.00026	0
CMAHP	0.11433	0.01206	0
CMAS	0.19976	0.41881	0.47793
CMBL	0.05173	0.18905	0.03712
CMC1	0.16717	0.23324	0.23552
CMC2	0.22685	0.52433	0.80633
CMC4	0.05918	0.09025	0.0802
CMIP	0.02923	0.0218	0.01691
CMKLR1	0.2084	0.00345	0
CMPK1	0.28967	0.51887	0.38855
CMPK2	0.03848	0.03021	0.0386
CMSS1	0.07933	0.31383	0.2126
CMTM1	0.00967	0.01652	0.00551
CMTM2	0.00603	0.00266	0.00126
CMTM3	0.27702	0.19728	0.02211
CMTM4	0.00658	0.04146	0.07241
CMTM5	0.00075	0.09058	0.849
CMTM6	0.97508	0.40823	0.09422
CMTM7	0.52336	0.02273	0.02334
CMTM8	0.00153	0.01458	0
CMYA5	0.00621	0.03736	0.00119
CNBD1	0	0.00093	0
CNBD2	0.00332	0.0044	0.00189
CNBP	1.3888	1.51938	1.32902
CNDP1	0.00497	0.00354	3.00364
CNDP2	0.5386	0.40081	1.02503
CNEP1R1	0.33729	0.26852	0.20731
CNFN	0.01591	0.00381	0.00274
CNGA1	0.00217	0.00309	0.0014
CNGA3	0.00094	0.11275	0
CNGA4	0.00051	0.00155	0
CNGB1	0.00236	0.00391	0.00208
CNGB3	7e-05	0.00081	1e-04
CNIH2	0.0015	0.01727	0.0051
CNIH3	0.00171	0.12797	0.00617
CNIH4	0.34472	0.68675	0.36608
CNKSR1	0.00516	0.01585	0.02586
CNKSR2	0.0041	0.10782	0.00568
CNKSR3	4e-04	0.03882	0.09471
CNN1	4e-05	0.0047	0.00031
CNN2	0.24187	0.06031	0.0583
CNN3	0.02884	1.83093	0.79932
CNNM1	0.00609	0.01341	0.00712
CNNM2	0.00882	0.01205	0.02004
CNNM3	0.06961	0.12348	0.11721
CNNM4	0.03667	0.03436	0.0412
CNOT1	0.32182	0.42571	0.27813
CNOT10	0.17809	0.28595	0.16552
CNOT11	0.08423	0.0425	0.01633
CNOT2	0.28959	0.48465	0.48172
CNOT3	0.02586	0.06625	0.04053
CNOT4	0.16595	0.34675	0.16197
CNOT6	0.03263	0.09824	0.06885
CNOT6L	0.11262	0.0768	0.05999
CNOT7	0.39268	0.66091	0.27672
CNOT8	0.3603	0.44882	0.42455
CNP	0.21013	0.77075	3.4665
CNPPD1	0.22726	0.27391	0.57884
CNPY1	0.00063	0.06818	0
CNPY2	0.28622	0.9081	0.86185
CNPY3	1.16094	0.3727	0.29633
CNPY4	0.03295	0.17991	0.0605
CNR1	8e-04	0.26325	3e-05
CNR2	0.0013	0.00039	0
CNRIP1	0.13033	0.39311	0.18684
CNST	0.09548	0.13196	0.08116
CNTD1	0.00946	0.0224	0.01918
CNTD2	5e-04	0.02137	0.00563
CNTF	0.00725	0.01309	0.1486
CNTFR	0.00012	0.11531	0
CNTLN	0.07631	0.10804	0.05494
CNTN1	0.00138	0.62091	0.12705
CNTN2	0.00293	0.05413	1.48682
CNTN3	4e-05	0.01039	0.00645
CNTN4	0.00379	0.01833	0.0022
CNTN5	0.00262	0.00651	7e-05
CNTN6	0	0.00644	0
CNTNAP1	0.00254	0.04288	0.00201
CNTNAP2	0.00331	0.01903	0.17589
CNTNAP3	0.00061	0.01886	0.01679
CNTNAP3B	0.0013	0.0583	0.00608
CNTNAP4	0.00103	0.02409	0.8461
CNTNAP5	0.00107	0.06572	0.006
CNTRL	0.14008	0.07801	0.04283
CNTROB	0.03398	0.09587	0.03521
COA1	0.3453	0.71264	0.47489
COA3	0.22131	0.66213	0.64455
COA4	0.21106	0.64421	0.58277
COA5	0.12594	0.47332	0.3279
COA6	0.19507	0.34585	0.14344
COASY	0.14395	0.22523	0.19285
COBL	0.00102	0.11164	0.36666
COBLL1	0.00474	0.02703	0.00607
COCH	0.00753	0.0629	0.01209
COG1	0.12987	0.27832	0.13791
COG2	0.16336	0.28869	0.2528
COG3	0.10266	0.15908	0.13152
COG4	0.18664	0.40911	0.31064
COG5	0.19787	0.31429	0.17935
COG6	0.09735	0.21498	0.25038
COG7	0.06587	0.18676	0.11918
COG8	0.05712	0.16942	0.13184
COIL	0.08257	0.18511	0.07575
COL10A1	0.00559	0.00149	0.04141
COL11A1	0.00013	0.12624	0.0054
COL11A2	0.00095	0.03468	0.06892
COL12A1	5e-05	0.01375	0
COL13A1	2e-05	0.00715	0.00116
COL14A1	0.00052	0.01577	0.00069
COL15A1	0.02403	0.00584	0
COL16A1	0.00169	0.16536	0.30355
COL17A1	0.00089	0.00076	0.00295
COL18A1	0.0181	0.02499	0.14345
COL18A1-AS1	0	0.00153	0
COL19A1	2e-05	0.00566	0
COL1A1	0.00183	0.05182	0
COL1A2	0.00268	0.22609	0.00023
COL20A1	0.00031	0.21362	0.00471
COL21A1	4e-05	0.04305	0.00048
COL22A1	0.00043	0.02905	0
COL23A1	0.00554	0.02579	0.00012
COL24A1	0.00329	0.01234	0
COL25A1	0.00359	0.01861	0
COL26A1	0.00192	0.0074	0
COL27A1	0.0012	0.01416	0.00059
COL28A1	0.00113	0.06709	9e-05
COL2A1	4e-05	0.01441	0
COL3A1	0.00469	0.03483	0.00014
COL4A1	0.00538	0.10607	0
COL4A2	0.01106	0.10355	0
COL4A2-AS1	0.00502	0.00103	0
COL4A3	0.00182	0.01451	6e-05
COL4A3BP	0.12142	0.13457	0.16903
COL4A4	0.00154	0.01147	1e-05
COL4A5	0.00099	0.04652	0.46042
COL4A6	3e-04	0.00931	0.00012
COL5A1	0.00424	0.03038	4e-04
COL5A2	0.00133	0.14262	0.00116
COL5A3	0.00018	0.00802	0
COL6A1	0.0014	0.18914	0.00638
COL6A2	0.00075	0.04421	2e-04
COL6A3	0.00185	0.00387	0
COL6A4P1	0.00037	0.00063	0.00054
COL6A4P2	0.00266	0.00386	0.00208
COL6A5	2e-05	0.00014	0.00031
COL6A6	0.00151	0.00262	0.00177
COL7A1	0.00083	0.01669	0.00185
COL8A1	0.00022	0.05037	0.00614
COL8A2	0.03218	0.00378	0.00044
COL9A1	0.00079	0.23571	0.02951
COL9A2	0.03085	0.05006	0.19201
COL9A3	0.0022	0.21722	0.32112
COLEC11	0.00027	0.0137	0
COLEC12	0.03322	0.00881	0.00987
COLQ	0.01122	0.02626	0.02752
COMMD1	0.244	0.36896	0.37379
COMMD10	0.28082	0.42622	0.18155
COMMD2	0.15738	0.36607	0.24897
COMMD3	0.44622	0.53618	0.76355
COMMD3-BMI1	0.09904	0.15414	0.25946
COMMD4	0.29925	0.41086	0.5065
COMMD5	0.18973	0.33033	0.23865
COMMD6	0.30636	0.29971	0.18711
COMMD7	0.25216	0.35973	0.24374
COMMD8	0.28222	0.1899	0.19727
COMMD9	0.24274	0.25008	0.28747
COMP	0.00271	0.00088	0.00044
COMT	0.58267	0.67963	0.96809
COMTD1	0.03406	0.02489	0.01592
COPA	0.50101	0.72599	1.16666
COPB1	0.46514	0.67833	0.46786
COPB2	0.35704	0.69993	0.40778
COPE	0.78313	1.19099	1.16116
COPG1	0.33355	0.61	0.54411
COPG2	0.05701	0.25554	0.13498
COPRS	0.06754	0.21644	0.12032
COPS2	0.19588	0.29398	0.46694
COPS3	0.35294	0.70277	0.55834
COPS4	0.248	0.59132	0.2342
COPS5	0.35644	0.69181	0.8582
COPS6	0.56671	1.36221	1.11062
COPS7A	0.30088	0.52887	0.52281
COPS7B	0.14792	0.32322	0.33684
COPS8	0.22409	0.81665	0.49514
COPZ1	0.48471	0.9405	0.49901
COPZ2	0.01219	0.01494	0.00618
COQ10A	0.04205	0.12077	0.02391
COQ10B	0.41702	0.3544	0.35171
COQ2	0.2945	0.14518	0.0294
COQ3	0.03964	0.14829	0.03515
COQ4	0.11847	0.25394	0.24881
COQ5	0.12844	0.31885	0.29037
COQ6	0.13274	0.22519	0.21454
COQ7	0.06145	0.1386	0.06618
COQ9	0.2074	0.59288	0.26087
CORIN	0.00068	0.00293	0.00127
CORO1A	1.62715	0.08182	0.00016
CORO1B	0.4883	0.25458	0.37785
CORO1C	0.49004	0.80816	0.42035
CORO2A	0.04681	0.04498	0.02712
CORO2B	0.00086	0.14675	0.29554
CORO6	0.01406	0.00964	0.02753
CORO7	0.3644	0.19934	0.39631
CORO7-PAM16	0.08334	0.06451	0.16068
CORT	0.00568	0.01884	0.01725
COTL1	1.39976	0.64026	0.0232
COX10	0.06207	0.14215	0.06599
COX10-AS1	0.05665	0.14668	0.0617
COX11	0.18853	0.42718	0.30717
COX14	0.2196	0.27048	0.38836
COX15	0.09345	0.12056	0.09631
COX16	0.14486	0.32209	0.26424
COX17	0.25446	0.35222	0.52698
COX18	0.08277	0.11053	0.08269
COX19	0.07461	0.12081	0.08706
COX20	0.16972	0.4621	0.15975
COX4I1	1.71128	1.80632	1.71291
COX4I2	4e-05	0.00136	0
COX5A	0.75418	1.14296	1.14864
COX5B	0.89694	1.38229	2.0091
COX6A1	0.87646	1.80111	1.5457
COX6A2	0.00555	0.00106	0.00202
COX6B1	0.66245	1.04526	0.85864
COX6B2	0.06696	0.08575	0.06524
COX6C	0.53129	1.04011	0.8396
COX7A1	0.00039	0.02481	0
COX7A2	0.57059	1.07519	1.04694
COX7A2L	0.53812	0.70797	0.70856
COX7B	0.65049	1.02609	0.7489
COX7C	1.5215	1.84333	1.54805
COX8A	0.8525	1.38542	0.99516
COX8C	0	0.00102	0
CP	0.00953	0.04733	0.01446
CPA1	0	0.00076	0
CPA2	0	0.00505	0.01574
CPA3	0.03907	0.00094	0
CPA4	0.01463	0.02356	0.01502
CPA5	0.00168	0.00165	0
CPA6	0.01597	0.00272	0
CPAMD8	0.00112	0.01465	0.00042
CPB1	0.00128	0.00378	0.0224
CPB2	0.00312	0.00585	0.02945
CPB2-AS1	0.02233	0.03986	0.14202
CPD	0.0705	0.11248	0.2314
CPE	0.00231	0.32862	0.03511
CPEB1	0.00083	0.02086	0.38475
CPEB2	0.03114	0.07456	0.15911
CPEB3	0.05125	0.02453	0.06055
CPEB4	0.2191	0.27808	0.33102
CPED1	0.18977	0.02036	0
CPLX1	5e-05	0.00583	0
CPLX2	0.00077	0.02709	0.00011
CPLX3	0.00095	0.00286	0
CPM	0.62241	0.11129	0.61681
CPN2	0.00255	0.00431	0.00439
CPNE1	0.4736	0.77171	0.37003
CPNE2	0.04257	0.14718	0.321
CPNE3	0.16532	0.47193	0.22942
CPNE4	0.00053	0.17425	0.00784
CPNE5	0.00827	0.06402	0
CPNE6	3e-05	0.00218	0
CPNE7	0.01794	0.0086	0
CPNE8	0.07008	0.07505	0
CPNE9	0.00184	0.00396	0
CPO	0	0.00196	0.00493
CPOX	0.0139	0.03024	0.30676
CPPED1	0.11171	0.05098	0.29978
CPQ	0.33235	0.14236	0.8652
CPS1	0.00022	0.01979	0.07569
CPSF1	0.13178	0.19475	0.06805
CPSF2	0.13916	0.18068	0.14843
CPSF3	0.19554	0.42653	0.19666
INTS11	0.24483	0.41537	0.36211
CPSF4	0.03341	0.1702	0.04062
CPSF4L	0	0.00131	0
CPSF6	0.19614	0.57483	0.24902
CPSF7	0.09633	0.24105	0.11652
CPT1A	0.08899	0.12179	0.0453
CPT1B	0.03425	0.03842	0.04368
CPT1C	0.00193	0.23984	0.16471
CPT2	0.09967	0.13754	0.08976
CPVL	1.66773	0.22759	0.00671
CPXM1	0.0062	0.51065	0.00159
CPXM2	0	0.00747	0.01843
CPZ	0	0.00222	0
CR1	0.03145	0.00499	0.00877
CR1L	0.0025	0.00071	0.00524
CR2	0.0017	0.00038	0.00053
CRABP1	0.00081	0.05127	0
CRABP2	0.01218	0.04079	0.01117
CRADD	0.07597	0.21676	0.16011
CRAMP1	0.02465	0.07812	0.04451
CRAT	0.08611	0.28697	0.17335
CRB1	0.00105	0.34066	0.09708
CRB2	0.00268	0.02284	0.10551
CRB3	0.00184	0.00068	0.00022
CRBN	0.21816	0.35146	0.66492
CRCP	0.10694	0.25859	0.11824
CRCT1	0	0.00065	0
CREB1	0.0992	0.18733	0.11301
CREB3	0.17296	0.44022	0.3075
CREB3L1	0	0.03928	0
CREB3L2	0.25769	0.19212	0.26994
CREB3L3	0	0.00024	0
CREB3L4	0.03283	0.08398	0.00771
CREB5	0.03983	0.38842	0.41301
CREBBP	0.07851	0.11086	0.07566
CREBL2	0.24693	0.08423	0.07647
CREBRF	0.16527	0.10414	0.12518
CREBZF	0.13075	0.31452	0.21508
CREG1	0.96322	0.13479	0.37886
CREG2	0.00203	0.00234	0.01507
CRELD1	0.135	0.21538	0.1222
CRELD2	0.11227	0.31043	0.2936
CREM	0.70745	0.24521	0.1588
CRH	0	0.01164	0
CRHBP	0.00784	2e-05	0.30674
CRHR1	4e-05	0.00698	0.01065
LINC02210	0.03703	0.14594	0.15484
CRHR2	0.00056	0.00244	0
CRIM1	0.01926	0.0764	0.0116
CRIP1	0.20664	0.02477	0.00303
CRIP2	0.01485	1.02371	0.28199
CRIP3	0.00031	0.01455	0.00208
CRIPT	0.17498	0.52645	0.63284
CRISPLD1	0.00305	0.33961	0.0022
CRISPLD2	0.01363	0.03136	0.0036
CRK	0.18195	0.31793	0.23385
CRKL	0.2765	0.60637	0.44277
CRLF1	0.00023	0.02194	0
CRLF3	0.38658	0.24189	0.07807
CRLS1	0.03714	0.12139	0.03868
CRMP1	5e-04	0.55793	0.00907
CRNDE	0.00345	0.14514	0.00371
CRNKL1	0.10325	0.20793	0.13028
CRNN	0.00039	0.00026	0
CROCC	0.02017	0.03316	0.03062
CROCCP2	0.13499	0.27221	0.26959
CROCCP3	0.0392	0.0804	0.0579
CROT	0.07431	0.21191	0.03604
CRTAC1	0	0.02288	0.02885
CRTAM	0.05193	0.01697	0.01123
CRTAP	0.38938	0.26213	0.16885
CRTC1	0.03129	0.07741	0.04656
CRTC2	0.10525	0.09859	0.0967
CRTC3	0.04338	0.15515	0.31587
CRX	0.06133	0.07662	0.05556
CRY1	0.10163	0.33749	0.17274
CRY2	0.07844	0.10292	0.06241
CRYAA	0.00032	0.00319	0
CRYAB	0.04631	0.57248	3.98354
CRYBA1	0.00746	0.00765	0.01353
CRYBA2	0	0.01038	0
CRYBA4	0	0.00233	0
CRYBB1	0.08157	0.00237	0
CRYBB2	0.00478	0.01868	0.00667
CRYBB2P1	0.12883	0.29751	0.25198
CRYBB3	0.00078	0.00096	0
CRYBG3	0.04297	0.05316	0.19468
CRYGA	0	0.00512	0
CRYGD	0.00023	0.03541	0.00139
CRYGN	3e-05	0.00055	0
CRYGS	0.01231	0.03067	0.0016
CRYL1	0.2988	0.28738	0.96834
CRYM	0.00031	0.01116	0
CRYM-AS1	0.01843	0.02069	0.01483
CRYZ	0.13059	0.28905	0.21123
CRYZL1	0.20629	0.31255	0.35008
CS	0.40465	0.71869	0.35096
CSAD	0.07515	0.14466	0.17339
CSAG1	0.00072	0.00631	0.00557
CSAG3	0.00018	0.00531	0
CSAG2	0.00032	0.00528	0
CSAG4	0	0.00249	0
CSDC2	0.00027	0.0344	0.00056
CSDE1	0.92357	1.04555	0.83162
CSE1L	0.18008	0.54758	0.53661
CSF1	0.02642	0.08205	0.19988
CSF1R	1.92004	0.00538	5e-05
CSF2RA	0.49127	0.00953	0.00896
CSF2RB	0.16808	7e-05	0
CSF3	0.00236	0.0045	0
CSF3R	0.60508	0.00041	0
CSGALNACT1	0.25202	0.16966	0.00632
CSGALNACT2	0.13626	0.09585	0.09305
CSH2	0	0.00053	0
CSK	0.25513	0.07452	0.02987
CSMD1	6e-04	0.11104	0.00567
CSMD2	0.00056	0.08786	0.02864
CSMD3	0.00019	0.05105	0.01522
CSNK1A1	0.91625	1.26733	1.04832
CSNK1A1L	8e-05	0.00193	0.00046
CSNK1A1P1	0.00048	0.00121	0.00182
CSNK1D	0.2152	0.23304	0.12308
CSNK1E	0.11298	0.40445	0.23315
CSNK1G1	0.06718	0.10957	0.05315
CSNK1G2	0.04606	0.04302	0.02444
CSNK1G2-AS1	0.0072	0.00356	0.00103
CSNK1G3	0.08729	0.27317	0.21343
CSNK2A1	0.23609	0.64099	0.52622
CSNK2A2	0.01898	0.03426	0.01723
CSNK2A3	0.00692	0.01425	0.00231
CSNK2B	0.72106	1.04762	0.86595
CSPG4	0.00235	0.44291	0.00412
CSPG4P1Y	0	0.00442	0
CSPG5	0.00093	0.19351	0.01691
CSPP1	0.05764	0.13816	0.07228
CSRNP1	0.41616	0.14419	0.13304
CSRNP2	0.0434	0.14343	0.08707
CSRNP3	0.00115	0.10158	0.02222
CSRP1	0.24765	0.3957	2.92863
CSRP2	0.02343	0.65431	0.02047
KAT14	0.05896	0.16673	0.19214
CSRP3	2e-04	0.00098	0
CST3	2.38423	1.94552	0.22982
CST5	0.00042	0.00016	0
CST6	0.02077	0.00153	0
CST7	0.14784	0.00135	0
CST9	0	0.00035	0
CSTA	0.19364	0.00096	0
CSTB	0.7177	0.457	0.4459
CSTF1	0.14582	0.24613	0.19006
CSTF2	0.05898	0.21702	0.16898
CSTF2T	0.1313	0.21008	0.35231
CSTF3	0.18294	0.57627	0.17585
CSTF3-DT	0.02533	0.03753	0.02132
CT45A1	1e-05	0.00015	0.00012
CT45A3	1e-05	2e-04	0.00012
CT45A5	0.00011	0.00024	0.00024
CT45A10	0.00253	0.00131	0.00695
LINC01194	0.00144	0.00245	7e-04
LINC01193	0.00019	0.00204	0.00015
CT62	0.00098	0.00054	0
LINC01192	0.00309	0.00402	0.0032
CTAGE1	2e-05	0.00058	7e-05
CTAGE10P	0.00036	0.00082	0.00176
CTAGE11P	0.00088	0.0024	0.00106
CTAGE4	0.00324	0.00191	0.00414
MIA2	0.19668	0.11687	0.1162
CTAGE7P	0.00144	0.00493	0.00031
CTAGE9	0.00123	0.00106	0.00029
CTBP1	0.14589	0.28826	0.24628
CTBP2	0.13452	0.15192	0.11758
CTBS	0.36552	0.10898	0.18191
CTC1	0.0919	0.0874	0.04341
CTCF	0.07294	0.14953	0.09612
CTCFL	0.01792	0.0223	0.01433
CTDNEP1	0.0906	0.10994	0.07597
CTDP1	0.01521	0.01389	0.01943
CTDSP1	0.35652	0.1209	0.22128
CTDSP2	0.18883	0.41516	0.4039
CTDSPL	0.00625	0.08227	0.02011
CTDSPL2	0.11565	0.2454	0.10452
CTF1	0.00478	0.00552	0.00099
CTGF	0.00545	0.10011	0.02511
CTH	0.02906	0.10537	0.01945
CTHRC1	0.00501	0.29949	0.04387
CTIF	0.00944	0.06848	0.06635
CTLA4	0.03174	0.00012	0
CTNNA1	0.48032	0.83048	1.6326
CTNNA2	0.00045	0.21626	0.07449
CTNNA3	0.00202	0.0306	0.33111
CTNNAL1	0.01626	0.22465	0.05861
CTNNB1	0.94754	1.30036	0.9637
CTNNBIP1	0.01397	0.04768	0.04002
CTNNBL1	0.30879	0.42582	0.25878
CTNND1	0.05899	0.06527	0.04201
CTNND2	0.00287	0.25144	0.22162
CTNS	0.11475	0.08264	0.14946
CTPS1	0.07658	0.29123	0.07329
CTPS2	0.02342	0.1501	0.07132
CTR9	0.17414	0.26547	0.17053
CTRB1	0	0.00091	0.00913
CTRB2	0.00133	0.00099	0.00479
CTRC	0.00136	0.00369	0
CTRL	0.02967	0.04326	0.03208
CTSA	0.82588	0.49586	0.66088
CTSB	2.77901	0.83962	0.56724
CTSC	1.44989	0.2429	0.07673
CTSD	2.19089	0.8952	1.94969
CTSF	0.07484	0.21146	0.32801
CTSH	1.47264	0.03516	0.00629
CTSK	0.04061	0.16231	0.01669
CTSO	0.18935	0.21077	0.36113
CTSS	1.53281	0.03277	0.01774
CTSW	0.0714	0.00181	0.00019
CTSZ	0.03034	0.00599	0.00689
CTTN	0.00901	0.77797	1.07137
CTTNBP2	0.12598	0.24181	0.3243
CTTNBP2NL	0.26626	0.19117	0.09996
CTU1	0.00125	0.00321	0.00015
CTU2	0.03584	0.15965	0.14535
CTXN1	0	0.01124	0.00015
CTXN2	0	0.00653	0
CUBN	0.0043	0.01278	0.00171
CUEDC1	0.00929	0.03226	0.0668
CUEDC2	0.37143	0.85958	0.92627
CUL1	0.215	0.40024	0.30671
CUL2	0.13264	0.1704	0.19091
CUL3	0.05663	0.12504	0.06367
CUL4A	0.1433	0.20822	0.19628
CUL4B	0.08422	0.21298	0.11424
CUL5	0.12186	0.21257	0.20486
CUL7	0.04252	0.07446	0.01453
CUL9	0.06455	0.12027	0.06553
CUTA	0.42358	0.91805	1.13026
CUTC	0.17211	0.16458	0.40469
CUX1	0.24477	0.29982	0.19388
CUX2	7e-05	0.00729	2e-05
CUZD1	0.00379	0.00862	0.00969
CWC15	0.22845	0.38727	0.39394
CWC22	0.17387	0.27059	0.13635
CWC27	0.12638	0.28531	0.22633
CWF19L1	0.11739	0.12197	0.12361
CWF19L2	0.06682	0.08327	0.04772
CWH43	0.00032	0.00036	0
CX3CL1	0.00151	0.08885	0.00371
CX3CR1	1.13953	0.00266	0.00243
CXADR	0.21149	0.54523	0.81455
CXADRP2	0.00181	0.00253	0.00173
CXADRP3	0.00052	0.00201	0.00313
CXCL1	0.04999	0.00071	0
CXCL10	0.05174	0.01045	0
CXCL11	0.00235	0.01222	0
CXCL12	0.25634	0.01262	0
CXCL13	0.00018	0.00164	0
CXCL14	0.00124	0.11298	0.00019
CXCL16	1.57162	0.15128	0.08001
CXCL17	0.0046	0.00349	0
CXCL2	0.28172	0.03971	0.02201
CXCL3	0.1965	0.0101	0
CXCL5	0.02262	0.00066	0.00025
CXCL6	0.00768	0.00025	0
CXCL9	0.00603	0.00155	0
CXCR2	0.03147	0.00618	0.00453
CXCR2P1	0.01632	0.00105	0
CXCR3	0.04989	0.00191	0
CXCR4	2.18258	0.13927	0.17545
CXCR5	0.01039	0.00136	6e-05
CXCR6	0.08405	0.00808	0.0125
CXXC1	0.17217	0.2785	0.15536
RTP5	0.00052	0.00346	0
CXXC4	0.00042	0.12258	0.05178
CXXC5	0.04941	0.37644	0.37789
CXorf21	0.34137	0.012	0.00793
CFAP47	8e-05	0.00082	0
BCLAF3	0.0214	0.05264	0.03647
HYPM	0	0.002	0
LINC01546	0.00454	0.05859	0.00309
LINC01545	0.00514	0.00841	0.0175
CXorf36	0.02264	0.02506	0.07925
CXorf38	0.13767	0.11848	0.05644
CXorf40A	0.17194	0.14051	0.1766
CXorf40B	0.19746	0.29183	0.25019
CXorf49	0	0.00012	0
CXorf49B	0	0.00012	0
CXorf56	0.13206	0.18908	0.14153
CXorf57	0.00683	0.11412	0.12991
CXorf58	0.00084	0.00209	0.00537
PRR32	0.00014	0.01345	0
CXorf65	0.00742	3e-04	0
CYB561	0.03657	0.08229	0.0108
CYB561D1	0.04405	0.06067	0.04902
CYB561D2	0.32311	0.23278	0.35422
CYB5A	0.1549	0.37601	0.52366
CYB5B	0.13903	0.22846	0.20027
CYB5D1	0.15207	0.10721	0.04386
CYB5D2	0.15292	0.39895	0.40805
CYB5R1	0.35412	0.27873	0.38458
CYB5R2	0.0026	0.04809	0.58543
CYB5R3	0.32216	0.55908	0.71586
CYB5R4	0.41564	0.20871	0.20333
CYB5RL	0.01465	0.04468	0.03782
CYBA	0.9251	0.0096	0
CYBB	1.39163	0.00196	0
CYBRD1	0.22355	0.12616	0.22087
CYC1	0.52081	1.07871	0.90175
CYCS	0.50593	0.91712	0.57083
CYCSP52	0.02541	0.01088	0.00778
CYFIP2	0.07562	0.27051	0.14386
CYGB	0.00167	0.01856	0
CYHR1	0.1266	0.31282	0.35004
CYLC1	0	0.00052	0
CYLC2	0.00051	0.00063	2e-04
CYLD	0.14614	0.06901	0.15982
CYP11A1	0	0.0014	0
CYP17A1	0.00157	0.00021	0.00101
CYP19A1	0.01493	0.00303	0.00019
CYP1A2	0.04261	0.04944	0.03349
CYP1B1	0.01713	0.00969	0
CYP1B1-AS1	0.00128	5e-04	0
CYP20A1	0.17233	0.20728	0.15035
CYP21A1P	5e-04	0.00423	0.00637
CYP21A2	5e-05	0.00565	0.01076
CYP24A1	0	0.00265	0
CYP26A1	0.00113	0.00406	0
CYP26B1	0.00043	0.0061	0.00012
CYP26C1	0.00047	5e-04	0
CYP27A1	0.11144	0.14494	0.95159
CYP27B1	0.0048	0.05167	0.00252
CYP27C1	0.01205	0.02415	0.00934
CYP2A13	0.00011	0.00013	0
CYP2A6	8e-05	0.00187	5e-05
CYP2A7	0.00015	0.00087	0.00119
CYP2B6	0.01412	0.01515	0.00957
CYP2C18	0.00025	0.00081	0.00167
CYP2C8	0.00062	0.00628	0
CYP2C9	0.00012	0.00027	0
CYP2D6	0.01024	0.03037	0.02215
CYP2E1	0.00019	0.01002	0.00601
CYP2F1	0.00095	0.00531	0.00509
CYP2G1P	0.00027	0.00768	0.00867
CYP2J2	0.00012	0.03163	0.65077
CYP2R1	0.07916	0.04546	0.03616
CYP2S1	0.11968	0.00026	0
CYP2U1	0.01701	0.05958	0.0452
CYP2W1	0.00276	0.00386	0.00295
CYP39A1	0	0.00507	0.0062
CYP3A4	0.00151	0.00267	0.00124
CYP3A43	0.00015	0.00281	0
CYP3A5	0.02992	0.10569	0.03636
CYP3A7	0.00042	0.00167	0.00088
CYP46A1	0.00038	0.02325	0.0353
CYP4A11	0.00428	0.00734	0.00337
CYP4F11	0.00851	0.01725	0.01969
CYP4F12	0	0.00766	0.00018
CYP4F2	0	0.00074	0
CYP4F24P	0.00019	0.02811	0.00342
CYP4F3	0.00088	0.00085	0
CYP4F30P	0.00063	0.00144	0.00052
CYP4F35P	0.00083	0.01265	0.00292
CYP4V2	0.14165	0.19846	0.17689
CYP4X1	0	0.00689	0
CYP4Z1	0	0.00035	0
CYP51A1	0.21331	0.79474	0.67963
CYP7A1	0	0.00059	0
CYP7B1	8e-05	0.01655	0.14614
CYP8B1	0.00675	0.00536	0.00225
CYR61	0.00636	0.39113	0.00701
CYS1	0.0024	0.00167	0
CYSLTR1	0.07076	0.00032	0
CYSLTR2	0.0168	0.00345	0
CYSTM1	0.15838	0.29731	0.50729
CYTH1	0.41281	0.18555	0.71168
CYTH2	0.08419	0.25605	0.16708
CYTH3	0.04968	0.04994	0.00602
CYTH4	0.49283	0.00082	0
CYTIP	0.50024	0.00219	0.00013
CYTL1	0.39815	0.15617	0.00037
CYYR1	0.00661	0.01254	0
D2HGDH	0.04729	0.06396	0.03806
DAAM1	0.03801	0.14802	0.02224
DAAM2	0.00737	0.00653	0.6457
DAB1	0.00034	0.04047	7e-04
DAB2	0.45549	0.03249	0.00012
DAB2IP	0.00683	0.03639	0.01228
DACH2	0	0.01529	0
DACT1	0.00372	0.01629	0.00415
DACT2	0	0.00619	0.0024
DACT3	0.00694	0.02983	0.09214
DACT3-AS1	0.00417	0.01439	0.04615
DAD1	0.83205	1.10188	1.44304
DAG1	0.03223	0.37774	0.1479
DAGLA	0.00507	0.06031	0.00392
DAGLB	0.52389	0.19736	0.09758
TKFC	0.06193	0.07267	0.0361
DALRD3	0.08883	0.26606	0.13897
DANCR	0.17274	0.87733	0.41243
DAND5	0.09331	0.12299	0.08881
DAO	0.00136	0.00098	0
DAOA-AS1	5e-05	0.00031	0.00226
DAP	0.40148	0.46475	0.13666
DAP3	0.43485	0.48485	0.24148
DAPK1	0.15869	0.08941	1e-04
DAPK2	0.00733	0.01974	0.12381
DAPK3	0.07696	0.30112	0.15848
DAPL1	0	0.02548	0.00893
DAPP1	0.1608	0.01025	0.00757
ACKR1	0.00077	0.0408	0.01058
DARS	0.5406	0.76936	0.47149
DARS2	0.08311	0.13514	0.03125
DAW1	0	0.00108	0
DAXX	0.11678	0.31138	0.20038
DAZ2	1e-05	0.00953	0
DAZ4	0	0.00167	0
DAZAP1	0.0257	0.04488	0.05012
DAZAP2	1.54509	1.1243	1.81621
DAZL	0	3e-04	0
DBF4	0.04606	0.15481	0.00706
DBF4B	0.02088	0.04449	0.04325
DBH	0.00065	8e-04	0
DBI	0.87551	2.3771	1.23398
DBIL5P	0.00256	0.00767	0
DBIL5P2	0.00347	0.00926	0.00397
DBN1	0.00459	0.81914	0.0077
DBNDD1	0.00149	0.10809	0.01029
DBNDD2	0.35741	0.3798	4.2701
DBNL	0.75449	0.63924	0.51576
DBP	0.02061	0.02638	0.00044
DBR1	0.1084	0.20002	0.14264
DBT	0.04914	0.08995	0.06095
DBX2	0.00096	0.04379	0
DCAF10	0.0573	0.11637	0.06089
DCAF11	0.20137	0.24765	0.20478
DCAF12	0.18487	0.23251	0.08236
DCAF12L2	2e-05	0.00811	0.00097
DCAF13	0.2112	0.65253	0.19341
DCAF13P3	0.00876	0.00756	0.00703
DCAF15	0.00861	0.01258	0.00204
DCAF16	0.09232	0.30997	0.27182
DCAF17	0.03193	0.08443	0.08375
DCAF4	0.02127	0.06699	0.06451
DCAF4L1	0.00782	0.01818	0.00189
DCAF4L2	0	0.01451	0
DCAF5	0.07952	0.11583	0.03675
DCAF6	0.1411	0.10267	0.08465
DCAF7	0.26551	0.52444	0.33055
DCAF8	0.3373	0.53	0.59535
DCAF8L1	0	0.00029	0
DCAF8L2	3e-04	0.00025	8e-05
DCAKD	0.07888	0.43536	0.21501
DCBLD1	0.00684	0.02989	0.00705
DCBLD2	0.02608	0.10141	0.02956
DCC	4e-04	0.12226	0.01425
DCDC1	0.00062	0.00868	0.00024
DCDC2	0.00438	0.00909	0.00275
DCDC2B	0.01767	0.03498	0.01096
DCHS1	0.00986	0.18421	0.02679
DCHS2	0.00018	0.01112	0.00055
DCK	0.4538	0.24076	0.21136
DCLK1	0.00295	0.13796	0.00317
DCLK2	0.00242	0.2245	0.01846
DCLK3	0	0.00036	0
DCLRE1A	0.03032	0.08126	0.03699
DCLRE1B	0.06204	0.13161	0.03002
DCLRE1C	0.12075	0.16894	0.09132
DCN	0.00684	0.10963	0.00392
DCP1B	0.04898	0.13028	0.08292
DCP2	0.15169	0.18342	0.0488
DCPS	0.09445	0.14062	0.08686
DCST1	9e-05	0.00056	0.00027
DCST2	0.00167	0.00222	0.00116
DCSTAMP	0.02782	0.00063	0
DCT	0.00163	0.01585	0.0026
DCTD	0.32073	0.37367	0.09911
DCTN1	0.22425	0.57529	1.0928
DCTN1-AS1	0.00062	0.00197	0.06124
DCTN2	0.4371	1.2054	1.14166
DCTN3	0.31276	0.84191	0.71784
DCTN4	0.32869	0.584	0.50165
DCTN5	0.10363	0.25178	0.15496
DCTN6	0.37889	0.75797	1.09048
DCTPP1	0.17531	0.48428	0.14538
DCUN1D1	0.36678	0.46094	0.54555
DCUN1D2	0.08998	0.1546	0.14018
DCUN1D3	0.06724	0.07404	0.07273
DCUN1D4	0.06348	0.26447	0.2319
DCUN1D5	0.03523	0.1009	0.05618
DCX	0.00371	0.37308	0.0058
DCXR	0.35001	0.56295	0.56585
DDA1	0.04575	0.11849	0.08175
DDAH1	0.00377	0.52493	0.02091
DDAH2	0.46915	0.6182	0.08616
DDB1	0.28679	0.61962	0.46233
DDB2	0.23545	0.18263	0.0749
DDC	6e-05	0.00271	0
DDHD1	0.06166	0.08941	0.07323
DDHD2	0.10614	0.32367	0.3781
DDI1	0.00014	0.00232	0
DDI2	0.06195	0.05771	0.03268
DDIT3	0.62673	0.82923	0.89024
DDIT4	1.30296	0.59201	0.50295
DDIT4L	0.00121	0.01829	0
DDN	0.00072	0.00195	0
DDO	0.01662	0.02414	0.14525
DDOST	0.92113	1.13216	0.657
DDR1	0.02921	0.82515	1.31025
DDR2	0.00379	0.06029	0.00148
DDRGK1	0.18546	0.35068	0.45574
DDT	0.25881	0.37463	0.5182
DDTL	0.04465	0.05205	0.03984
DDX1	0.24967	0.79965	0.57919
DDX10	0.1248	0.2081	0.08256
DDX11	0.04213	0.16414	0.04045
DDX11-AS1	0.00497	0.04868	0.00273
DDX11L1	0.00246	0.00597	0.00288
DDX11L10	2e-05	0.00197	0.00384
DDX11L2	0.00937	0.01954	0.01227
DDX11L5	2e-04	0.00172	0.0011
DDX11L9	0.00225	0.00788	0.00237
DDX12P	0.02141	0.07725	0.0062
DDX17	0.69543	0.8284	0.90748
DDX18	0.20696	0.28992	0.18943
DDX19A	0.09805	0.21564	0.1306
DDX19B	0.27051	0.27823	0.12395
DDX20	0.06097	0.13866	0.04933
DDX21	0.23759	0.1689	0.09467
DDX23	0.13175	0.34282	0.19924
DDX24	0.38475	0.4737	0.58879
DDX25	0.00303	0.09284	0.03174
INTS6L	0.08889	0.04682	0.0278
DDX27	0.24764	0.27802	0.20256
DDX28	0.0443	0.10762	0.03581
DDX31	0.0397	0.07821	0.03067
DDX39A	0.50128	0.72268	0.63124
DDX39B	0.53707	0.98719	0.58875
DDX3X	0.92127	0.78052	0.55111
DDX3Y	0.32735	0.136	0.14234
DDX4	5e-04	0.0073	0.00129
DDX41	0.21258	0.45292	0.1673
DDX42	0.09176	0.17367	0.07626
DDX43	0.02147	0.00126	0.01453
DDX46	0.16559	0.24932	0.12988
DDX47	0.36737	0.6164	0.41777
DDX49	0.11925	0.41683	0.22029
DDX5	2.58968	2.43765	2.12159
DDX50	0.13628	0.18906	0.10456
DDX51	0.07529	0.12087	0.07904
DDX53	0.00038	0.00169	0
DDX54	0.12273	0.20124	0.09133
DDX55	0.06676	0.17354	0.05333
DDX56	0.17129	0.54077	0.21167
DDX58	0.10641	0.08749	0.10421
DDX59	0.11991	0.19947	0.09158
DDX6	0.45499	0.66663	0.49644
DDX60	0.07213	0.05494	0.05599
DDX60L	0.12062	0.03868	0.01805
DEAF1	0.01794	0.06461	0.02297
DEC1	0.00044	0.00072	0
DECR1	0.43169	0.74721	0.46701
DECR2	0.05397	0.15766	0.07299
DEDD	0.19146	0.34865	0.22073
DEDD2	0.28776	0.22384	0.2106
DEF6	0.40911	0.00402	7e-05
DEF8	0.19155	0.36861	0.42964
DEFB1	0.00097	6e-04	0
DEFB109A	0	0.00632	0.00306
DEFB109B	0.00099	0.0147	0.02185
DEFB122	0.00059	0.00061	0
DEFB130A	0.0013	0.00063	0.00097
DEFB131A	0.00018	0.00077	0
DEGS1	0.8707	0.94473	1.32713
DEGS2	0.01063	0.00432	0
DEK	0.55249	0.71485	0.43941
DENND1A	0.06891	0.07316	0.11198
DENND1B	0.06881	0.08492	3e-05
DENND1C	0.15744	0.00049	0.00142
DENND2A	0.00128	0.13042	0.02947
DENND2C	0.00371	0.0043	0.00842
DENND2D	0.15422	0.01301	0.00808
DENND3	0.54322	0.01587	0
DENND4A	0.1399	0.08763	0.11294
DENND4B	0.18365	0.08359	0.10736
DENND4C	0.16799	0.14484	0.06137
DENND5A	0.12009	0.26731	0.62407
DENND5B	0.00844	0.09633	0.02935
DENND5B-AS1	0.00014	0.00411	0
DENND6A	0.09	0.11063	0.08611
DENND6B	0.05535	0.09761	0.04961
DENR	0.35106	0.70379	0.2037
DEPDC1	0.0063	0.04672	0.05597
DEPDC1B	0.00718	0.10125	0.02386
DEPDC4	0.00457	0.016	0.0129
DEPDC5	0.08157	0.1227	0.08405
DEPDC7	0.05248	0.068	0.12333
DEPTOR	0.14549	0.01338	0.27489
DERA	0.27577	0.37273	0.47415
DERL1	0.28924	0.36127	0.32252
DERL2	0.35998	0.44454	0.26599
DERL3	0.03462	0.01999	0.00247
DES	0.00028	0.04619	0
DESI1	0.12606	0.17035	0.28322
DESI2	0.05271	0.12645	0.01641
DET1	0.0316	0.08059	0.07277
DEXI	0.06844	0.04398	0.03195
DFFA	0.23425	0.45959	0.39649
DFFB	0.06481	0.11151	0.07949
GSDME	0.27515	0.43301	0.09286
WHRN	0.00635	0.02291	0.10022
PJVK	0.01797	0.02747	0.01641
DGAT1	0.02736	0.04731	0.01093
DGAT2	0.00141	0.01202	4e-05
DGAT2L6	0.00046	0.00119	0
DGCR10	0.001	0.00702	0
DGCR11	0.00908	0.02293	0.02167
ESS2	0.03524	0.09217	0.05685
DGCR2	0.15391	0.43169	0.35228
DGCR5	9e-05	0.01638	0.00234
DGCR6	0.04204	0.12667	0.07439
DGCR6L	0.20069	0.46122	0.43372
DGCR8	0.04606	0.14853	0.10042
DGCR9	0.00115	0.03334	0.00217
DGKA	0.26989	0.0844	0.00304
DGKB	0.01505	0.17802	0.01881
DGKD	0.06034	0.08842	0.08397
DGKE	0.02821	0.02487	0.01597
DGKG	0.00806	0.14985	0.02808
DGKH	0.01125	0.02226	0.00269
DGKI	0.00018	0.07622	0.03879
DGKQ	0.03427	0.03697	0.02006
DGKZ	0.10986	0.05257	0.04906
DGUOK	0.2758	0.67895	0.37901
DHCR24	0.01833	0.16358	0.72928
DHCR7	0.09273	0.32906	0.49076
DHDDS	0.09417	0.18004	0.10425
DHDH	0.00202	0.00183	0.00105
DHFR	0.02459	0.15953	0.03392
DHFR2	0.0259	0.06468	0.10031
DHH	7e-04	0.00442	0.00697
DHODH	0.06068	0.13314	0.07697
DHPS	0.25092	0.87333	0.71286
DHRS1	0.1301	0.11168	0.14456
DHRS12	0.08698	0.07781	0.10304
DHRS13	0.01443	0.18876	0.0756
DHRS2	0.00367	0.00723	0.00343
DHRS3	0.92196	0.15899	0.02111
DHRS4	0.23433	0.14498	0.1814
DHRS4-AS1	0.08781	0.11923	0.15289
DHRS4L2	0.16765	0.11604	0.08146
DHRS7	1.31236	0.63275	0.9628
DHRS7B	0.07386	0.1668	0.08246
DHRS9	0.12527	0.0012	0.00021
DHRSX	0.12212	0.25995	0.09512
DHTKD1	0.10851	0.15843	0.15032
DHX15	0.40494	0.84399	0.58787
DHX16	0.14899	0.18175	0.13684
DHX29	0.13409	0.25936	0.28286
DHX30	0.19399	0.52517	0.35105
DHX32	0.03454	0.04071	0.02651
DHX33	0.03893	0.11279	0.04578
DHX34	0.07802	0.10118	0.0474
DHX35	0.08887	0.15203	0.08356
DHX36	0.16039	0.29262	0.17551
DHX37	0.02301	0.06051	0.05032
DHX38	0.12493	0.22835	0.17741
DHX40	0.1262	0.45581	0.21761
DHX57	0.04993	0.13674	0.04008
DHX58	0.06598	0.02534	0.01054
DHX8	0.13137	0.22077	0.1158
DHX9	0.27916	0.70464	0.45016
DIABLO	0.18739	0.57311	0.38383
DIAPH1	0.07944	0.12181	0.01576
DIAPH2	0.07323	0.02894	0.01225
DIAPH3	0.00836	0.06212	0.00436
DIAPH3-AS1	0	0.00065	0
DIAPH3-AS2	0	0.00044	0
DICER1	0.12143	0.14604	0.3544
DICER1-AS1	0.02972	0.08671	0.06353
DIDO1	0.16908	0.31259	0.24631
UTP25	0.03488	0.07217	0.06339
DIMT1	0.20824	0.42457	0.40489
DIO1	0.0128	0.0043	0.00064
DIO2	0.00453	0.07886	0.00764
DIO2-AS1	0.0015	0.00224	0.00053
DIO3	8e-05	0.00601	0
DIO3OS	0.00071	0.00023	9e-05
DIP2A	0.16698	0.22052	0.31777
DIP2A-IT1	0.00351	0.00579	0.00655
DIP2B	0.13614	0.29377	0.68078
DIP2C	0.02792	0.10289	0.23311
DIRAS1	0.00051	0.01261	0.00213
DIRAS2	0.00082	0.13981	0.0396
DIRAS3	0.00441	0.18287	0.04795
DIRC1	0.00246	0.00509	0.00489
DIRC2	0.04535	0.03871	0.04615
DIRC3	0.01235	0.02009	0.00073
DIS3	0.0926	0.17914	0.11515
DIS3L	0.13327	0.20886	0.19035
DIS3L2	0.11788	0.23022	0.36088
DISC1	0.13648	0.14988	0.0587
DISP1	0.09093	0.05034	0.01137
DISP2	0.00485	0.02232	0.00208
DIXDC1	0.00934	0.08951	0.45275
DKC1	0.3072	0.40688	0.19643
DKK1	0	0.00746	0.00347
DKK2	0.00178	0.00083	0
DKK3	0.00965	0.37597	0.04598
DKK4	0.00052	0.00055	0
DKKL1	0	0.00653	0.00076
DLAT	0.07484	0.17954	0.11354
DLC1	0.01449	0.13806	0.43951
DLD	0.26017	0.64604	0.23344
DLEC1	0.01749	0.00286	8e-05
DLEU1	0.04849	0.15998	0.08136
DLEU2	0.09362	0.13263	0.09891
DLEU2L	0.03165	0.07125	0.02649
DLEU7	0.09547	0.01104	0.01352
DLEU7-AS1	0.06583	0.00708	0.00246
DLG1	0.04058	0.12436	0.52363
DLG1-AS1	0.00016	0.00131	0.00222
DLG2	0.00236	0.07425	0.83683
DLG3	0.00788	0.052	0.00868
DLG4	0.01221	0.06077	0.02472
DLG5	0.00379	0.13121	0.06066
DLG5-AS1	0.00433	0.00497	0.00313
DLGAP1	0.00131	0.24086	0.00886
DLGAP1-AS1	0.05041	0.07564	0.01349
DLGAP1-AS3	0	0.0126	0.00448
DLGAP1-AS5	0.00044	0.02811	5e-05
DLGAP2	0.00216	8e-04	0
DLGAP3	0.00474	0.00371	0
DLGAP4	0.07477	0.34247	0.03861
DLGAP5	0.00656	0.07035	0.00451
DLK1	0	0.02401	0
DLK2	0.00122	0.01834	0.01722
DLL1	0.00741	0.31311	0.1367
DLL3	0.00051	0.33589	0.0028
DLL4	0.00034	0.00683	6e-05
DLST	0.10299	0.13094	0.06385
DLX1	7e-05	0.14734	0.00042
DLX2	0.00208	0.076	2e-04
DLX3	6e-05	0.00095	0
DLX4	0.00011	0.00149	0
DLX5	0	0.19545	0.00073
DLX6	0.00011	0.08877	0
DLX6-AS1	0.01993	0.17692	0.01892
DMAP1	0.16297	0.41021	0.3363
DMBT1	1e-05	1e-04	0.00604
DMBX1	0.01664	0.03098	0.01528
DMC1	0.05404	0.05736	0.04802
DMD	0.01475	0.12444	0.0988
DMGDH	0	0.01047	0
DMKN	0.00087	0.00241	0
DMP1	0.04875	0.0025	1e-04
DMPK	0.00245	0.11035	0.02325
DMRT1	0	0.00236	0
DMRT2	3e-05	0.02318	0.05264
DMRT3	0	0.00065	0
DMRTA1	0.00014	0.00687	0
DMRTA2	0.00052	0.02755	0.00634
DMRTC1	4e-05	0.01434	0
DMRTC1B	4e-05	0.01434	0
DMTF1	0.22802	0.55152	0.35337
DMWD	0.00248	0.08206	0.04846
DMXL1	0.10103	0.11191	0.19161
DMXL2	0.17902	0.15799	0.07292
DNA2	0.0098	0.04531	0.01968
DNAAF1	0.00918	0.00333	0
DNAAF2	0.04298	0.14094	0.11493
DNAAF3	0.00015	0.00664	0
DNAH1	0.04701	0.02678	0.03078
DNAH10	0.00029	0.00667	0.00813
DNAH11	0.00063	0.02794	0.00045
DNAH12	0.00278	0.00296	0.00334
DNAH14	0.01206	0.02603	0.00045
DNAH17	0.00971	0.00354	0.1051
DNAH2	0.00013	0.00319	1e-04
DNAH3	2e-04	0.00046	7e-05
DNAH5	0.00034	0.00263	4e-05
DNAH6	0	0.00979	0.00393
DNAH7	0.00036	0.0125	0.00026
DNAH8	0.00116	0.00039	3e-05
DNAH9	6e-04	0.05919	0.02705
DNAI1	4e-05	0.00293	0.00027
DNAI2	0.00031	0.00051	0.0039
DNAJA1	1.38305	1.43032	1.2784
DNAJA1P5	0.00027	0.00153	0
DNAJA2	0.33582	0.55292	0.42703
DNAJA3	0.16637	0.39435	0.21625
DNAJA4	0.1775	0.0722	0.11312
DNAJB1	1.50129	1.33093	1.6203
DNAJB11	0.42222	0.67206	0.57207
DNAJB12	0.23644	0.15451	0.26585
DNAJB13	0.00414	0.00738	0.0047
DNAJB14	0.34393	0.30387	0.32616
DNAJB2	0.02358	0.07013	0.28629
DNAJB4	0.2707	0.21898	0.41062
DNAJB5	0.02118	0.15908	0.05139
DNAJB6	0.93338	1.2249	1.11071
DNAJB7	0.02367	0.02816	0.01262
DNAJB8	0	0.00061	0.00023
DNAJB9	0.42235	0.5105	0.38395
DNAJC1	0.14452	0.16255	0.24168
DNAJC10	0.24375	0.29982	0.27055
DNAJC11	0.10828	0.25718	0.17977
DNAJC12	0.01937	0.05462	0.22297
DNAJC13	0.09248	0.05871	0.0533
DNAJC14	0.16023	0.19651	0.18168
DNAJC15	0.13696	0.19487	0.14475
DNAJC16	0.08838	0.11576	0.18044
DNAJC17	0.1297	0.15805	0.12703
DNAJC18	0.04461	0.26781	0.26103
DNAJC19	0.17913	0.45692	0.38979
DNAJC2	0.16448	0.33643	0.09807
DNAJC21	0.03373	0.03306	0.05451
DNAJC22	0.05658	0.10078	0.09477
DNAJC24	0.04966	0.11513	0.06417
DNAJC25	0.02502	0.04079	0.02725
DNAJC25-GNG10	0.00055	0.00046	0
DNAJC27	0.01802	0.05771	0.10531
DNAJC27-AS1	0.02735	0.04951	0.04153
DNAJC28	0.01638	0.0401	0.02629
DNAJC3	0.34604	0.26341	0.28899
DNAJC30	0.04909	0.14812	0.1032
DNAJC4	0.27918	0.17462	0.1031
DNAJC5	0.11489	0.12065	0.09771
DNAJC5B	0.00282	8e-04	0
DNAJC5G	0.00159	0.0022	0.00174
DNAJC6	0.00104	0.08661	0.8695
DNAJC7	0.37205	0.63431	0.42607
DNAJC8	0.50842	0.77681	0.57515
DNAJC9	0.17644	0.36047	0.23716
DNAJC9-AS1	0.01031	0.02083	0.00985
DNAL1	0.04097	0.09503	0.0473
DNAL4	0.03447	0.1085	0.04896
DNALI1	0.00167	0.16365	0.02544
DNASE1	0.04065	0.08836	0.04554
DNASE1L1	0.13442	0.02034	0.01587
DNASE1L2	0.00072	0.00657	0.00626
DNASE2	0.81199	0.22452	0.10224
DNASE2B	0.0067	0.00361	0
DND1	0.08796	0.16067	0.10523
DNER	0.00342	0.29875	0.42676
DNHD1	0.05652	0.10807	0.07079
DNLZ	0.01448	0.03659	0.02444
DNM1	0.00284	0.1047	0.00235
DNM1L	0.15311	0.38636	0.27388
DNM1P35	0.00186	0.0046	0.00201
DNM1P46	0.02885	0.02661	0.05973
DNM2	0.20347	0.09027	0.22717
DNM3	0.0126	0.17622	0.53666
DNM3OS	0.00297	0.05126	0.1547
DNMBP	0.04156	0.05883	0.02073
DNMBP-AS1	0.01778	0.01774	0.00931
DNMT1	0.15035	0.33763	0.13283
DNMT3A	0.07326	0.12429	0.09349
DNMT3B	0.00407	0.02394	0.01418
DNPEP	0.10225	0.13867	0.06478
DNPH1	0.27122	0.44999	0.25571
DNTTIP1	0.11239	0.1454	0.057
DNTTIP2	0.46961	0.48132	0.19969
DOC2A	0.01299	0.00907	0
DOC2B	0	0.00173	0
DOC2GP	0.00211	0.00073	0
DOCK1	0.02338	0.11074	0.44101
DOCK10	0.33637	0.15656	0.57006
DOCK11	0.11194	0.03108	0.01066
DOCK2	0.5249	0.00082	3e-05
DOCK3	0.00564	0.04094	0.11574
DOCK4	0.5742	0.16215	0.28037
DOCK5	0.09694	0.01189	0.72422
DOCK6	0.00838	0.03581	0.01018
DOCK7	0.06278	0.24363	0.05883
DOCK8	0.55858	0.00064	0
DOCK9	0.00526	0.0351	0.55306
DOHH	0.03207	0.12887	0.49179
DOK1	0.31469	0.07496	0.0269
DOK2	0.17576	0.00031	0
DOK3	0.40446	0.02019	0.00041
DOK4	0.00316	0.07173	0.00851
DOK5	0.01383	0.24598	0.00025
DOK6	0.00265	0.0137	0.00087
DOK7	0.00016	0.00472	0
DOLK	0.09795	0.19899	0.10498
DOLPP1	0.05787	0.24214	0.21612
DONSON	0.02301	0.07012	0.02204
DOP1A	0.04969	0.08458	0.07025
DOP1B	0.09493	0.06317	0.02473
DOT1L	0.01673	0.08292	0.02742
DPAGT1	0.23509	0.23018	0.18929
DPCD	0.07122	0.19443	0.02323
MUCL3	0.00116	0.00131	0.00506
DPEP2	0.14868	0.00042	0
DPEP3	0.02093	0.00021	0
DPF1	0.00115	0.07441	0.03534
DPF2	0.19175	0.50691	0.56214
DPF3	0.00428	0.17919	0.06975
DPH1	0.13009	0.22292	0.10127
DPH2	0.08002	0.22565	0.11747
DPH3	0.09794	0.18899	0.15515
DPH3P1	0.02501	0.03976	0.04838
DPH5	0.13515	0.27495	0.14979
DPM1	0.25484	0.54262	0.18852
DPM2	0.1674	0.3663	0.27769
DPM3	0.12586	0.24611	0.1542
DPP10	3e-05	0.0353	0.00048
DPP3	0.1323	0.20652	0.23227
DPP4	0.0346	0.05225	5e-05
DPP6	0.00189	0.56658	0.13752
DPP7	0.69889	0.32922	0.4825
DPP8	0.2118	0.26223	0.25296
DPP9	0.1594	0.195	0.13133
DPPA2	0.00271	0.00273	0.00083
DPPA2P3	0.00165	0.00163	0
DPPA3	0.00045	0.00676	3e-04
DPPA4	0.01184	0.01172	0.00719
DPPA5	0.00168	0.00109	0.00026
DPRX	0	0.00706	0
DPRXP4	0.0705	0.00822	0
DPY19L1	0.04055	0.12339	0.15342
DPY19L1P1	0.02852	0.08246	0.02983
DPY19L2	0.00413	0.0834	0.00723
DPY19L2P1	0.00112	0.04141	0.00179
DPY19L2P2	0.14247	0.24434	0.14148
DPY19L2P3	0.00462	0.03487	0.01662
DPY19L2P4	0.00074	0.03282	0.00319
DPY19L3	0.03631	0.23633	0.09174
DPY19L4	0.0618	0.17936	0.22054
DPY30	0.27527	0.55353	0.54666
DPYD	0.494	0.12962	0.28397
DPYD-AS1	0.00153	0.00037	0
DPYS	0.00807	8e-04	0
DPYSL2	0.66669	1.24983	2.42765
DPYSL3	0.01283	0.58853	0.00658
DPYSL4	0.00221	0.23229	0.08078
DPYSL5	0.01465	0.29912	0.86845
DQX1	0.00177	0.00173	1e-04
DR1	0.35542	0.3677	0.226
DRAM1	0.09896	0.04781	0.0067
DRAM2	0.63226	0.23608	0.1715
DRAP1	0.22021	0.2859	0.26817
DRAXIN	0.00207	0.15508	0.00057
DRD1	0	0.00034	0
DRD2	0.00038	0.01242	0.00429
DRD3	0.00014	0.00175	0
DRD4	0.00081	0.00061	0
DRD5	4e-04	0.00144	0
DRG1	0.28128	0.58916	0.47047
DRG2	0.15377	0.2492	0.24138
DROSHA	0.04161	0.11486	0.06951
DRP2	0.00041	0.03182	0.00069
DSC1	0.00274	0.00284	0.00145
DSC2	0.14734	0.01603	0.00055
DSC3	0.0136	0.01646	0.01021
DSCAM	0.01442	0.2354	0.00244
DSCAM-AS1	0.0083	0.01857	0.0053
DSCAM-IT1	0.00301	0.01507	0
DSCAML1	0.00029	0.06605	0.24584
DSCC1	0.01244	0.11718	0.03295
VPS26C	0.2154	0.2613	0.35434
DSCR9	0.00467	0.01206	0.00819
DSE	0.23257	0.0318	0.00727
DSEL	0.0139	0.62974	0.26865
DSG1	0.00011	0.00021	0
DSG2	0.01372	0.03752	0.01376
DSG3	0.01176	0.01518	0.01179
DSG4	0.00034	0.00021	0
DSN1	0.08947	0.18494	0.02232
DSP	0.00015	0.00102	0
DSPP	0.01562	0.0016	0
DST	0.13016	0.36538	0.64836
DSTN	0.43908	1.52108	1.74474
DSTNP2	0.04813	0.05535	0.03634
DSTYK	0.06576	0.11575	0.15805
DTD1	0.16764	0.65991	0.4411
DTD2	0.07041	0.15572	0.20582
DTHD1	0.01175	0.01285	0.01038
DTL	0.01457	0.14674	0.01218
DTNA	0.10761	0.59512	0.28986
DTNB	0.13785	0.11328	0.21292
DTNBP1	0.11062	0.13953	0.05948
DTWD1	0.06731	0.16897	0.14945
DTWD2	0.03682	0.03123	0.03182
DTX1	0.00037	0.03279	0.00743
DTX2	0.22324	0.15007	0.13323
DTX2P1-UPK3BP1-PMS2P11	0.04653	0.06284	0.04764
DTX3	0.0058	0.15671	0.05884
DTX3L	0.20578	0.17155	0.13238
DTX4	0.00376	0.02784	0.07567
DTYMK	0.10141	0.42869	0.15808
DUOX1	0.00482	0.01803	0.02998
DUOX2	0.00015	0.00077	0.00098
DUOXA1	0.00015	0.00423	0.02896
DUOXA2	0	0.00028	0
DUS1L	0.05178	0.06346	0.0565
DUS3L	0.13356	0.24415	0.16699
DUS4L	0.02374	0.12259	0.10957
DUSP1	2.88674	1.05222	0.88391
DUSP10	0.27566	0.40214	0.41174
DUSP11	0.18042	0.25219	0.07886
DUSP12	0.19338	0.54196	0.1786
DUSP13	0.00054	0.00076	0
DUSP15	0.00159	0.02664	0.05754
DUSP16	0.03716	0.13938	0.19091
DUSP18	0.10186	0.09308	0.13745
DUSP19	0.01392	0.04925	0.02435
DUSP2	0.38891	0.00861	0.00392
DUSP22	0.19777	0.0483	0.20659
DUSP23	0.31963	0.09965	0.14789
DUSP26	0.00106	0.14492	0.156
DUSP27	0.03042	0.00043	0
DUSP28	0.05312	0.05121	0.0388
DUSP3	0.18882	0.21686	0.21576
DUSP4	0.12576	0.08468	0.00319
DUSP5	0.0222	0.0169	0.00243
DUSP5P1	0.0013	0.02021	0.00408
DUSP6	0.71581	0.69165	0.04329
DUSP7	0.07275	0.04653	0.25627
DUSP8	0.00357	0.03833	0.01558
DUSP9	0.00026	0.00153	0.00015
DUT	0.17269	0.38636	0.26669
DUXA	0.01289	0.01988	0.01331
DVL1	0.01445	0.04895	0.07238
DVL2	0.04774	0.18387	0.13066
DVL3	0.06797	0.20466	0.1183
DYDC1	0.0345	0.0423	0.03707
DYDC2	0.00187	0.00582	0.00416
DYM	0.24235	0.3487	0.32375
DYNAP	0.02199	0.01969	0.01483
DYNC1H1	0.19028	0.35321	0.54449
DYNC1I1	0.00044	0.12952	0.48289
DYNC1I2	0.22045	0.51054	1.25231
DYNC1LI1	0.26141	0.43211	0.30088
DYNC1LI2	0.14022	0.62001	0.61985
DYNC2H1	0.00523	0.05162	0.03556
DYNC2LI1	0.0716	0.28472	0.12328
DYNLL1	0.68221	1.45085	2.01886
DYNLL2	0.01264	0.03906	0.04579
DYNLRB1	0.54588	1.11031	1.12873
DYNLRB2	7e-05	0.00573	0
DYNLT1	0.67741	1.25874	0.62984
DYNLT3	0.32055	0.29184	0.15186
DYRK1A	0.08201	0.11436	0.09011
DYRK1B	0.03123	0.06527	0.08066
DYRK2	0.07602	0.10198	0.02745
DYRK3	0.00271	0.02837	0.00014
DYRK4	0.154	0.21812	0.213
DYSF	0.0205	0.0012	0.14176
DNAAF4	0.02574	0.05016	0.00549
DNAAF4-CCPG1	0.00422	0.00807	0.0019
DZANK1	0.02937	0.06025	0.01993
DZIP1	0.00231	0.0858	0.0017
DZIP1L	0.0553	0.0487	0.00145
DZIP3	0.05241	0.17937	0.145
E2F1	0.00506	0.05332	0.02055
E2F2	0.00932	0.03429	0.00625
E2F3	0.04993	0.08827	2e-05
E2F4	0.14482	0.14163	0.08128
E2F5	0.00344	0.05461	0.02006
E2F6	0.03037	0.14548	0.09502
E2F7	0.00211	0.03668	0.00012
E2F8	0.00394	0.02735	0.00184
E4F1	0.08898	0.20787	0.10949
EAF1	0.14595	0.22758	0.13365
EAF2	0.27039	0.05489	0.06006
EAPP	0.2301	0.35703	0.26112
EARS2	0.04116	0.13393	0.0545
EBAG9	0.15	0.218	0.24611
EBF1	0.00206	0.04188	0.00231
EBF2	0.00018	0.00626	0
EBF3	0.00021	0.0099	4e-05
EBF4	0.00012	0.03847	0.0167
EBI3	0.27086	0.00105	0.00024
EBLN2	0.01982	0.02921	0.03062
EBNA1BP2	0.18693	0.52234	0.44572
EBP	0.19007	0.41715	0.19945
EBPL	0.03777	0.11869	0.03134
ECD	0.17899	0.21199	0.26923
ECE1	0.03219	0.17712	0.11399
ECE2	0.0299	0.06968	0.00451
ECEL1	1e-05	0.0182	0.00063
ECEL1P2	1e-04	0.00028	0
ECH1	0.54087	0.92831	0.8391
ECHDC1	0.31069	0.39153	0.66222
ECHDC2	0.12637	0.10164	0.00737
ECHDC3	0.02148	0.00194	0
ECHS1	0.47737	0.51466	0.71709
ECI1	0.04474	0.11785	0.06208
ECI2	0.15765	0.42867	0.24871
ECM1	0.01463	0.04649	0.02096
ECM2	0.01565	0.05867	0.01378
ECSCR	0.00816	0.00166	0
ECSIT	0.1408	0.44191	0.23349
ECT2	0.05956	0.19507	0.04169
ECT2L	0.00377	0.00823	0.00463
EDA	0.01083	0.00347	0.01336
EDA2R	0.0245	0.05475	0.01217
EDAR	0.00109	0.00197	0.00526
EDARADD	0.00566	0.00686	0
EDC3	0.07198	0.23563	0.15641
EDC4	0.11065	0.24033	0.18114
EDEM1	0.18994	0.06403	0.04159
EDEM2	0.27327	0.19635	0.1883
EDEM3	0.17542	0.15731	0.10546
EDF1	0.86405	1.21337	1.1382
EDIL3	0.00084	0.05566	1.55088
EDN1	0.0216	0.00838	0.00406
EDN2	1e-05	0.00275	0
EDN3	0	0.00743	0
EDNRA	0.00144	0.01014	0.00236
EDNRB	0.08665	0.43258	0.00571
EEA1	0.1325	0.19167	0.16844
EED	0.13442	0.14434	0.09158
EEF1A1	3.76336	3.50609	3.04538
EEF1A2	0.00044	0.03005	0.00075
EEF1B2	2.1433	1.51938	1.02545
EEF1D	1.3538	1.29465	1.1479
EEF1DP3	0.00403	0.01493	0.01474
EEF1E1	0.22464	0.65178	0.87362
EEF1G	2.59315	2.52948	1.4815
EEF2	1.4242	1.90679	1.40608
EEF2K	0.11763	0.13602	0.03472
EEFSEC	0.10196	0.17963	0.09785
EEPD1	0.09745	0.0684	0.13083
EFCAB1	0.00016	0.00343	7e-05
EFCAB10	0.00225	0.00718	0.00313
EFCAB11	0.02375	0.05122	0.07355
EFCAB12	0.00106	0.00666	0.00406
EFCAB13	0.05661	0.0284	0.01719
EFCAB14	0.32264	0.27843	0.55973
EFCAB14-AS1	0.00395	0.00555	0.00487
EFCAB2	0.03973	0.18532	0.16841
EFCAB3	0.00228	0.02926	0.00138
CRACR2B	0.00447	0.00234	0
CRACR2A	0.02799	0.01912	0.00126
EFCAB5	0.00087	0.00951	0.00633
EFCAB6	0.00259	0.02342	0.0068
EFCAB6-AS1	0.00037	0.00083	0
EFCAB7	0.02825	0.14919	0.10811
EFCAB9	0	0.00156	0
EFCC1	0.00067	0.00048	0
EFEMP1	0.00511	0.42607	0.01458
EFEMP2	0.0211	0.3222	0.01615
EFHB	0.00896	0.01633	0.00758
EFHC1	0.053	0.2106	0.0484
EFHC2	0.00063	0.01999	0
EFHD1	0.0026	0.02577	1.36661
EFHD2	0.10103	0.03374	0.00989
EFNA1	0.01149	0.27711	1.1061
EFNA2	0.00189	0.04564	0.00375
EFNA3	0.00169	0.02189	0.01498
EFNA4	0.05556	0.02798	0
EFNA5	0.00177	0.07789	0
EFNB1	0.01244	0.04569	0.00609
EFNB2	0.00644	0.06513	0.03107
EFNB3	7e-05	0.03	0
EFR3A	0.18816	0.09935	0.08819
EFR3B	0.00827	0.14855	0.1585
EFS	0.00043	0.10381	0.12993
EFL1	0.09815	0.14784	0.0827
EFL1P1	0.00071	0.05201	0.00167
EFTUD2	0.29503	0.50732	0.20938
EGF	0.00073	0.00751	0.00117
EGFEM1P	0.01235	0.16639	0.01264
EGFL6	0.00029	0.00059	0
EGFL7	0.03166	0.03234	0
EGFL8	0.01836	0.07358	0.04534
EGFLAM	2e-05	0.00841	0
EGFLAM-AS4	0.0015	0.00244	0.00372
EGFR	0.01372	1.12516	0.01235
EGFR-AS1	0.00226	0.22982	0.00287
EGLN1	0.06036	0.0867	0.10435
EGLN2	0.33966	0.50806	0.50412
EGLN3	0.03967	0.1192	0.74063
EGOT	0.01362	0.00522	0.00135
EGR1	0.86283	1.57163	0.72794
EGR2	0.68437	0.24221	0.10286
EGR3	0.37951	0.11164	0.00058
EGR4	0.00035	0.00135	0
EHBP1	0.0492	0.22418	0.04323
EHBP1L1	0.06201	0.00976	0.00116
EHD1	0.12505	0.23843	0.37729
EHD2	0.0133	0.1611	0.03685
EHD3	0.00986	0.10781	0.0917
EHD4	0.19202	0.06281	0.09426
EHF	0.0015	0.00069	0.02428
EHHADH	0.02293	0.03111	0.01417
EHHADH-AS1	0.00125	0.0021	0.00149
EHMT1	0.14828	0.225	0.11805
EHMT2	0.0555	0.19674	0.13842
EI24	0.06363	0.35166	0.25158
EID1	0.67906	1.46329	1.79939
EID2	0.02802	0.08053	0.05949
EID2B	0.02279	0.08897	0.0305
EID3	0.01624	0.04973	0.02563
EIF1	2.83759	2.66998	3.15826
EIF1AD	0.13668	0.2102	0.13504
EIF1AX	0.31095	0.68625	0.57975
EIF1AY	0.1424	0.20264	0.32354
EIF1B	0.58776	1.11375	1.15413
EIF2A	0.32227	0.39524	0.25966
EIF2AK1	0.08844	0.24003	0.1421
EIF2AK2	0.19114	0.34524	0.24591
EIF2AK3	0.06989	0.06427	0.05493
EIF2AK4	0.09773	0.09777	0.05986
EIF2B1	0.31697	0.61	0.5457
EIF2B2	0.11746	0.30875	0.30272
EIF2B3	0.14678	0.33909	0.34959
EIF2B4	0.18594	0.44936	0.37567
EIF2B5	0.05959	0.12018	0.07157
EIF2D	0.14681	0.16545	0.2177
EIF2S1	0.21373	0.45661	0.2529
EIF2S2	0.31133	0.47499	0.40056
EIF2S3	1.03284	0.94054	0.51449
EIF3A	0.43776	0.47022	0.42375
EIF3B	0.07372	0.26483	0.1001
EIF3C	0.70159	1.15004	0.93031
EIF3CL	0.04252	0.05017	0.08011
EIF3D	0.77704	0.78706	0.4866
EIF3E	1.27369	1.27497	0.96003
EIF3F	1.31913	1.30111	0.93077
EIF3G	0.82724	0.97795	0.80101
EIF3H	1.2192	1.26887	1.02246
EIF3I	0.68293	1.06422	0.61768
EIF3IP1	1e-04	0.00122	0.01256
EIF3J	0.16785	0.27178	0.27878
EIF3K	1.17671	1.08444	0.84313
EIF3L	1.29211	1.2503	0.9109
EIF3M	0.70683	0.9411	0.53516
EIF4A1	2.00129	2.07888	1.31933
EIF4A2	1.45876	1.7924	1.67521
EIF4A3	0.82455	0.7986	0.4117
EIF4B	0.88568	0.87071	0.69299
EIF4E	0.45865	0.77414	0.37254
EIF4E1B	0.00018	0.00099	0
EIF4E2	0.23624	0.30843	0.15908
EIF4E3	0.01687	0.02879	0.06187
EIF4EBP1	0.35247	0.49824	0.0191
EIF4EBP2	0.125	0.21121	0.04803
EIF4EBP3	0.15337	0.09361	0.04892
EIF4ENIF1	0.03627	0.08094	0.04455
EIF4G1	0.197	0.45049	0.18682
EIF4G2	1.21254	1.75015	1.28806
EIF4G3	0.14744	0.23981	0.21759
EIF4H	0.99995	1.62316	1.46812
EIF5	0.62628	0.66823	0.71679
EIF5A	0.86189	1.5301	1.05121
EIF5A2	0.03338	0.09414	0.14801
EIF5AL1	0.01621	0.0177	0.00798
EIF5B	0.11131	0.2435	0.14995
EIF6	0.44206	0.83169	0.50898
ELAC1	0.04752	0.14222	0.0569
ELAC2	0.17962	0.3088	0.19511
ELANE	0	0.00421	0
ELAVL1	0.05109	0.16591	0.0753
ELAVL2	0.00046	0.05829	0
ELAVL3	0.00081	0.06244	0.12391
ELAVL4	0.02108	0.3337	0
ELF1	0.75824	0.09773	0.19254
ELF2	0.15584	0.16252	0.16327
ELF3	0.00259	0.00467	0
ELF4	0.05745	0.00664	0.00297
ELF5	0.00027	0.00099	0.00362
ELFN1	1e-05	0.00941	0.00028
ELFN2	8e-05	0.00942	0
ELK1	0.05808	0.16091	0.03947
ELK2AP	5e-05	0.00094	0
ELK3	0.17513	0.07821	0.00793
ELK4	0.1231	0.11327	0.10926
ELL	0.14094	0.07292	0.03598
ELL2	0.47613	0.05429	0.16034
ELL3	0.0245	0.03051	0.02299
ELMO1	0.44814	0.35918	1.11348
ELMO2	0.13589	0.35835	0.42674
ELMO3	0.0066	0.00431	0.00199
ELMOD1	0.03411	0.13189	0.03057
ELMOD2	0.10887	0.17332	0.06872
ELMOD3	0.08541	0.11851	0.08863
ELMSAN1	0.19453	0.21161	0.19027
ELN	0.00048	0.17089	0.01045
ELOF1	0.18889	0.52402	0.41811
ELOVL1	0.47694	0.28221	2.63451
ELOVL2	0.00142	0.31302	0.02305
ELOVL2-AS1	0.00259	0.02115	0.00236
ELOVL3	0.00091	0.00202	0
ELOVL4	4e-05	0.11174	0.08687
ELOVL5	0.50655	0.75853	1.34558
ELOVL6	0.01811	0.10479	0.07855
ELOVL7	0.01298	0.01541	0.22407
ELP2	0.25386	0.42905	0.13821
ELP3	0.0879	0.23464	0.14718
ELP4	0.12092	0.28092	0.23777
ELP5	0.18546	0.44588	0.23471
ELP6	0.11974	0.31847	0.32577
ELSPBP1	0	0.01768	0
ADGRL4	0.00158	0.00478	0.00057
EMB	0.59273	0.01027	0
EMBP1	0.01075	0.0024	0.00639
EMC1	0.12847	0.25986	0.16807
EMC10	0.03086	0.0839	0.08571
EMC2	0.23872	0.42353	1.17891
EMC3	0.49596	0.56634	0.60539
EMC4	0.63135	1.14856	1.20103
EMC6	0.21449	0.47358	0.36856
EMC7	0.70146	0.89949	1.23502
EMC8	0.08967	0.25914	0.1349
EMC9	0.05381	0.1394	0.05562
EMCN	0.00053	0.00206	0.00065
EMD	0.15884	0.22811	0.15503
EME1	0.00908	0.06062	0.00152
EME2	0.00492	0.00798	0.0025
EMG1	0.17806	0.35564	0.26687
EMID1	0.01137	0.01793	0
EMILIN1	0.00361	0.02056	0.00014
EMILIN2	0.0508	0.0264	0.04805
EMILIN3	0.00313	0.07106	0.00097
EML1	0.08481	0.06536	0.14305
EML2	0.02999	0.03407	0.31109
EML3	0.07323	0.04941	0.08526
EML4	0.23517	0.15726	0.03242
EML5	0.00192	0.01379	0.00816
EML6	0.00859	0.01747	0.02141
EMP1	0.04803	0.26243	0.05721
EMP2	0.0862	0.13864	0.05188
EMP3	0.53029	0.34328	0.01004
ADGRE1	0.08167	5e-05	7e-05
ADGRE2	0.24985	0.00493	0.03552
ADGRE3	0.02604	0.00015	0
ADGRE4P	0.09146	0.00709	0.00538
EMX1	0.00057	0.00237	0
EMX2	0.00069	0.01288	1e-04
EMX2OS	0.02154	0.04774	0.01892
EN1	0.00028	0.01917	0
EN2	0.00031	0.02538	0.00167
ENAH	0.01631	0.35269	0.21352
ENAM	0.00018	0.00027	0
ENC1	0.02787	0.23024	0.01703
ENDOD1	0.0517	0.20381	1.2423
ENDOG	0.00517	0.028	0.00795
ENDOU	0.00138	0.00792	0.02245
ENDOV	0.02736	0.10669	0.05226
ENG	0.65094	0.04902	0.00065
ENGASE	0.06333	0.03228	0.02402
ENHO	0.00322	0.05657	0.01069
ENKD1	0.00744	0.02957	0.00817
ENKUR	0.00245	0.09663	0.00074
ENO1	1.55623	2.02097	1.49574
ENO1-AS1	0.00217	0.01248	6e-04
ENO2	0.12085	0.85722	0.94969
ENO3	0.03714	0.04517	0.00868
ENO4	0.00471	0.00919	0.01948
ENOPH1	0.32172	0.998	1.3792
ENOSF1	0.06833	0.08235	0.31882
ENOX1	1e-05	0.06345	0.25728
ENOX2	0.07959	0.05267	0.07544
ENPEP	0.00149	0.00147	0.00296
ENPP1	0.04433	0.02358	0.0114
ENPP2	0.04771	0.03405	2.97253
ENPP3	0.00846	0.00466	0
ENPP4	0.13677	0.03758	0.55577
ENPP5	0.01017	0.02657	0.10235
ENPP6	0.00679	0.05165	0.56742
ENPP7	0.00246	0.00033	0
ENSA	0.33207	0.59307	0.39841
ENTHD1	0.00052	0.00048	0
TEPSIN	0.02467	0.02078	0.01893
ENTPD1	0.38975	0.08758	0.02915
ENTPD2	3e-05	0.02041	0.00015
ENTPD3	0.01111	0.01291	0.01117
ENTPD3-AS1	0.01594	0.02824	0.04875
ENTPD4	0.16506	0.19432	0.13678
ENTPD5	0.03613	0.06193	0.11069
ENTPD6	0.2196	0.31778	0.1661
ENTPD7	0.02466	0.03024	0.00738
ENTPD8	5e-05	0.00072	0
ENY2	0.23641	0.36865	0.17302
EOGT	0.07268	0.05891	0.04756
EOMES	0.00818	0.00078	0
EP300	0.13898	0.14439	0.11303
EP400	0.05545	0.10075	0.04931
EP400P1	0.01096	0.02478	0.01314
EPAS1	0.06735	0.2125	0.00068
EPB41	0.13109	0.12814	0.01014
EPB41L1	0.00251	0.06176	0.27167
EPB41L2	0.85479	0.29581	0.84598
EPB41L3	0.14795	0.01933	0.81529
EPB41L4A	0.02144	0.16311	0.0876
EPB41L4A-AS1	0.18958	0.38518	0.30856
EPB41L4B	0.00048	0.03509	0.00524
EPB41L5	0.024	0.16365	0.04309
EPB42	0.00073	0.00041	0.00012
EPC1	0.15405	0.16471	0.15469
EPC2	0.0549	0.1248	0.07096
EPCAM	0.00164	0.00719	0.02535
EPDR1	0.00526	0.16235	0.10602
EPG5	0.04057	0.06366	0.06042
EPGN	0.0326	0.03457	0.02667
EPHA1	0.02582	0.00671	0.00057
EPHA1-AS1	0.02191	0.02115	0.00597
EPHA10	0.04865	0.06364	0.04828
EPHA2	0.01354	0.03509	0
EPHA3	0.00106	0.06227	0.00428
EPHA4	0.00261	0.17206	0.00376
EPHA5	0.00016	0.01575	0.00062
EPHA6	0.00017	0.00061	0
EPHA7	0.00031	0.01615	0.00017
EPHA8	0.00124	0.00034	4e-05
EPHB1	0.0021	0.21934	0.00302
EPHB2	0.04039	0.09656	0.0668
EPHB3	0.0063	0.06369	0.00106
EPHB4	0.00513	0.02337	0
EPHB6	0.04853	0.0297	0
EPHX1	0.01035	0.01792	0.05923
EPHX2	0.00904	0.0398	0.05494
EPHX3	0.01841	0.01138	0
EPHX4	0.00113	0.00697	0
EPM2A	0.03135	0.03905	0.02729
EPM2AIP1	0.15167	0.33133	0.24481
EPN1	0.03716	0.06029	0.02778
EPN2	0.0522	0.56101	0.57985
EPN2-AS1	0.00548	0.07165	0.02011
EPN3	0.00032	0.00215	0
EPO	0.00035	0.00235	0
EPOR	0.09497	0.02837	0.00995
EPPIN	0.074	0.11268	0.09542
EPPK1	0.00109	0.00152	0
EPRS	0.21107	0.50787	0.36689
EPS15	0.36697	0.20991	0.60226
EPS15L1	0.11379	0.28891	0.13052
EPS8	0.2219	0.22406	0.21833
EPS8L1	0.00038	0.00925	0
EPS8L2	0.00816	0.01719	0.00207
EPSTI1	0.19762	0.01887	0.01539
SELENOI	0.02716	0.11848	0.14064
EPX	0.00101	0.00503	0.00164
EQTN	0.00149	0.00589	0.01815
ERAL1	0.17182	0.50894	0.31678
ERAP1	0.20983	0.12656	0.22086
ERAP2	0.17531	0.05664	0.07981
ERAS	0	0.00494	0.00432
ERBB2	0.00711	0.06448	0.00528
ERBIN	0.1142	0.15659	0.43819
ERBB3	0.01056	0.17506	1.06143
ERBB4	0.00063	0.04551	0.07955
ERC1	0.03925	0.11015	0.0439
ERC2	0.03289	0.0648	0.03053
ERCC1	0.53352	0.59613	0.31009
ERCC2	0.0653	0.14128	0.06734
ERCC3	0.17599	0.29787	0.21587
ERCC4	0.04579	0.08265	0.07153
ERCC5	0.15347	0.15032	0.09065
ERCC6	0.07041	0.04417	0.04575
ERCC6L	0.00781	0.02338	0.00497
ERCC6L2	0.05575	0.1467	0.08369
ERCC8	0.09858	0.24205	0.13937
EREG	0.07045	0.00998	0.00511
ERF	0.04079	0.08639	0.0733
ERG	0.00065	0.00033	0
ERGIC1	0.16764	0.21013	0.10342
ERGIC2	0.30246	0.59911	0.52978
ERGIC3	0.8035	1.30906	0.7342
ERH	0.31984	0.83238	0.53554
ERI1	0.15535	0.26446	0.11985
ERI2	0.04754	0.0867	0.13671
ERI3	0.12075	0.4707	0.33988
ERICH1	0.28596	0.13739	0.08717
ERLEC1	0.31136	0.62111	0.71021
ERLIN1	0.11607	0.15136	0.07953
ERLIN2	0.0784	0.11501	0.13366
ERMAP	0.13551	0.05335	0.01102
ERMN	0.01426	0.00891	2.94057
ERMP1	0.0228	0.02138	0.17531
ERN1	0.0397	0.02286	0.00675
ERN2	0.00276	0.00406	0.0027
ERO1A	0.15252	0.07453	0.01665
ERO1B	0.08112	0.08222	0.08212
ERP27	0.04516	0.01761	1e-04
ERP29	0.71923	0.62505	0.58179
ERP44	0.47987	0.32078	0.24236
ERRFI1	0.11158	0.27425	0.28157
ERV3-1	0.1186	0.32278	0.09175
ERVFRD-1	0.01189	0.00837	0.00362
ERVK13-1	0.08809	0.12501	0.09694
ERVMER34-1	0.00125	0.00349	0.00127
ERVV-1	0.03864	0.04643	0.03086
ERVV-2	0.00061	0.00048	0
ESAM	0.00525	0.01206	0.00804
ESCO1	0.12015	0.16576	0.10356
ESCO2	0.01168	0.07429	0.00282
ESD	0.47745	0.86188	0.86657
ESF1	0.07674	0.20861	0.14749
ESM1	0	0.00145	0
ESPL1	0.00696	0.04773	0.00058
ESPN	0	0.00091	0
ESPNL	7e-05	0.00172	0.00032
ESPNP	0	0.00042	0
ESR1	0.019	0.00273	0.00038
ESR2	0.00519	0.02222	0.00238
ESRG	0.04847	0.07924	0.04626
ESRP1	0.00044	0.00077	0
ESRP2	0.00952	0.00692	0.00119
ESRRA	0.07187	0.07958	0.04405
ESRRB	0.00558	0.00329	6e-05
ESRRG	0.00078	0.01635	0.00435
ESYT1	0.23774	0.15371	0.07968
ESYT2	0.10037	0.1562	0.10095
ESYT3	0.00034	0.00502	0
ETAA1	0.03649	0.119	0.07181
ETF1	0.46524	0.34911	0.16276
ETFA	0.45518	0.59858	0.28224
ETFB	0.26295	0.46661	0.63995
ETFDH	0.08581	0.15224	0.0977
ETHE1	0.31025	0.1944	0.09658
ETNK1	0.58576	0.75167	0.58625
ETNK2	0.00636	0.0744	0.00144
ETS1	0.0737	0.04956	0.00107
ETS2	0.66533	0.06747	0.00052
ETV1	0.01523	0.77463	0.01574
ETV2	0.00073	0.00425	0.00169
ETV3	0.20152	0.07382	0.01037
ETV3L	0.00057	0.00055	0
ETV4	0.00269	0.15599	0.00579
ETV5	0.2717	0.31608	0.23931
ETV6	0.16883	0.10554	0.01404
ETV7	0.00962	0.01666	0.04631
EVA1A	0	0.00954	0
EVA1B	0.00597	0.01215	0.01312
EVA1C	0.01027	0.05512	0.1087
EVC	0.00097	0.03468	0.00018
EVC2	0.00192	0.01013	0
EVI2A	0.9435	0.05543	2.26829
EVI2B	1.05793	0.02179	0.09009
EVI5	0.10103	0.12459	0.21149
EVI5L	0.00198	0.01787	0.05304
EVL	0.22038	0.10382	0.0694
EVPL	0.00199	0.00184	0
EVPLL	0.00059	0.00022	0
EVX1	0	0.00107	4e-05
EWSR1	0.70151	1.11951	0.85804
EXD1	0.05077	0.05882	0.03721
EXD2	0.05174	0.17982	0.22002
EXD3	0.03904	0.03577	0.03724
EXO1	0.01183	0.07859	0.0027
EXO5	0.0542	0.08844	0.07821
EXOC1	0.24287	0.37429	0.39395
EXOC2	0.16882	0.22924	0.18545
EXOC3	0.15255	0.13681	0.20349
EXOC3L1	4e-04	0.00574	6e-04
EXOC4	0.47069	0.85901	0.52529
EXOC5	0.09427	0.22116	0.23737
EXOC6	0.07817	0.12283	0.06034
EXOC6B	0.0775	0.19286	0.37293
EXOC7	0.18855	0.47222	0.33228
EXOC8	0.0728	0.08624	0.10115
EXOG	0.0528	0.17594	0.09798
EXOSC1	0.13251	0.15702	0.1567
EXOSC10	0.25921	0.59308	0.55465
EXOSC2	0.07292	0.18343	0.09761
EXOSC3	0.13853	0.30141	0.19469
EXOSC4	0.17358	0.40814	0.18066
EXOSC5	0.11922	0.27299	0.19531
EXOSC6	0.0856	0.13229	0.09719
EXOSC7	0.18047	0.32257	0.18585
EXOSC8	0.19476	0.45078	0.29175
EXOSC9	0.17336	0.34049	0.15885
EXPH5	0.02162	0.03753	0.01587
EXT1	0.00983	0.04435	0.00204
EXT2	0.17408	0.4119	0.17793
EXTL1	0.00013	0.02485	0.00264
EXTL2	0.06824	0.25868	0.08351
EXTL3	0.04004	0.33959	0.10315
EYA1	0	0.08794	0.00011
EYA2	0.03511	0.10453	0
EYA3	0.13234	0.19107	0.1012
EYA4	0.00042	0.03714	0.00151
EYS	0.00708	0.0231	0.00447
EZH1	0.13428	0.15114	0.2519
EZH2	0.06491	0.42924	0.02175
EZR	0.65073	0.5018	0.03317
F10	0.00074	0.00197	0.00177
F11	0.00051	0.00073	0
F11R	0.15998	0.07461	0.02524
F12	4e-04	0.06468	0.00082
F13A1	0.61472	0.01947	0
F13B	0	0.00089	0
F2	0.00017	0.00056	6e-05
F2R	0.06383	0.42912	0.01702
F2RL1	0.03268	0.02174	0.0048
F2RL2	0.01913	0.01927	0.0086
F2RL3	0.01619	0.02042	0.01197
F3	0.02554	0.54661	0.01967
F5	0.00935	0.01184	0.00386
F7	1e-05	0.00268	0.00203
F8	0.0499	0.05117	0.04502
FA2H	0.00084	0.01291	0.55217
FAAH	0.01549	0.04735	0.34184
FAAH2	0.00638	0.0112	0.00862
FABP12	0	0.00091	0
FABP2	0.00208	0.00251	0.00076
FABP3	0.04885	0.04205	0.09227
FABP4	0.00217	0.00396	0
FABP5	0.63746	1.34374	0.5926
FABP5P3	0.00145	0.00629	0.00078
FABP6	0.00075	0.02262	0
FABP7	0.01574	1.50006	0.01918
FADD	0.06121	0.12961	0.1051
FADS1	0.15196	0.37932	0.41587
FADS2	0.0262	0.34657	0.02627
FADS3	0.02374	0.05222	0.02341
FADS6	0.02225	0.03159	0.02189
FAF1	0.03065	0.08282	0.0924
FAF2	0.14729	0.35117	0.21461
FAH	0.21348	0.03774	0.00738
FAHD1	0.10422	0.25036	0.17555
FAHD2A	0.09581	0.23034	0.4222
FAHD2B	0.05144	0.1153	0.65105
FAHD2CP	0.02351	0.10683	0.82475
FAIM	0.06336	0.27647	0.35206
FAIM2	0.00272	0.21036	1.06012
FCMR	0.0579	0.00047	0.00193
RFLNA	0.00153	0.00604	0.00315
RFLNB	0.02308	0.02399	0.00914
FAM102A	0.06174	0.0975	1.05336
FAM102B	0.05943	0.02501	0.00822
RAMAC	0.19457	0.32282	0.18501
FAM104A	0.1778	0.33576	0.19352
FAM104B	0.05142	0.18063	0.14139
OTULINL	0.45031	0.04532	0.00947
OTULIN	0.08571	0.06215	0.04038
FAM107A	0.02066	0.07313	0.01233
FAM107B	0.09256	0.07711	1.16937
PHETA1	0.00912	0.04141	0.0094
PHETA2	0.02945	0.03097	0.01381
FAM110A	0.05534	0.05363	7e-04
FAM110B	0.14027	0.38349	0.02617
FAM110C	0.00127	0.00581	0.00342
FAM110D	0	0.00203	0
FAM111A	0.25223	0.14544	0.04161
FAM111B	0.01712	0.08802	0.01093
FAM114A1	0.13041	0.14009	0.23659
FAM114A2	0.09052	0.15642	0.09903
TCAF1	0.07097	0.50438	0.11836
TCAF2	0.0509	0.09866	0.05942
FAM117A	0.01292	0.0129	0.00091
FAM117B	0.06425	0.12842	0.04689
FAM118A	0.19834	0.11598	0.09305
FAM118B	0.12102	0.23211	0.19764
FAM120A	0.17484	0.17416	0.15465
FAM120AOS	0.13655	0.16705	0.16519
FAM120B	0.29149	0.55941	0.41963
FAM120C	0.0617	0.19712	0.13029
FAM122A	0.04834	0.06766	0.06905
FAM122B	0.04085	0.06374	0.05809
FAM122C	0.07917	0.13899	0.06055
FAM124A	0.00838	0.02693	0.30299
FAM124B	0.00755	0.00678	0.00292
FAM126A	0.07876	0.21851	0.15678
FAM126B	0.096	0.14438	0.08751
RTL8C	0.21473	1.03135	1.08951
RTL8A	0.12449	0.56492	0.63931
RTL8B	0.02559	0.15106	0.18922
FAM129A	0.25112	0.06328	0.002
FAM129B	0.01222	0.01262	0.00344
FAM129C	0.00468	0.00198	0.0024
FAM131A	0.08108	0.21488	0.12356
FAM131B	0.00222	0.10774	0.2324
FAM131C	0.00039	0.00307	0.1493
C1QTNF12	0.00041	0.00185	0.00146
FAM133A	0	0.00596	0.01529
FAM133B	0.10076	0.17239	0.07401
FAM133CP	0.01364	0.01407	0.00503
FAM133DP	0.25042	0.28709	0.15523
RETREG2	0.08533	0.1184	0.15525
RETREG1	0.01537	0.06089	0.47757
RETREG3	0.23539	0.31636	0.15184
FAM135A	0.18753	0.10815	0.03773
FAM135B	0.00074	0.0148	0.00732
FAM136A	0.22702	0.40706	0.04957
FAM138A	0.00275	0.0038	0.00064
FAM138B	0.00089	0.00227	0.00157
FAM138C	0.0011	0.00129	0.00033
FAM138D	0.00234	0.0029	0.00191
FAM138E	0.00171	0.00139	1e-04
FAM13A	0.14345	0.12048	0.02529
FAM13A-AS1	0.07876	0.04282	0.05601
FAM13B	0.18907	0.23236	0.21357
FAM13C	0.00163	0.08287	0.70255
FAM149A	0.08062	0.0238	0.00051
FAM149B1	0.0359	0.04218	0.06131
ALKAL2	0.00193	0.01384	0.06116
FAM151A	0.00035	4e-04	0
FAM151B	0.00484	0.02186	0.01301
FAM153A	0.00061	0.00041	0
FAM153B	6e-05	0.00107	0
FAM153C	0.05031	0.06173	0.04155
SAXO1	0.00015	0.00078	0
SAXO2	0.00034	0.02448	0.01642
FAM155A	0.00014	0.02177	0.01276
FAM155B	1e-05	0.00427	0
FAM156A	0.2148	0.48153	0.18604
FAM156B	0.01153	0.02746	0.01407
FAM157A	0.08727	0.00134	0.00057
FAM157B	0.1797	0.00161	0.00063
SHISAL2A	0.04034	0.00425	0
SHISAL2B	0.00019	0.00661	0.00082
FAM160A1	0.00168	0.00333	0
FAM160A2	0.05981	0.07838	0.05215
FAM160B1	0.05295	0.0518	0.02816
FAM160B2	0.08003	0.16468	0.06444
FAM161A	0.02685	0.1279	0.0914
FAM161B	0.00934	0.06236	0.06028
FAM162A	0.3265	0.39201	0.3277
FAM162B	0.00131	0.00327	0.00706
FAM163A	8e-05	0.0015	4e-05
FAM163B	0.00218	0.00453	0
FAM166A	0.01027	0.00963	0.00619
FAM166B	0.0069	0.0017	0.00172
FAM167A	0.00289	0.02289	0.00956
FAM167B	0	0.00153	0
FAM168A	0.06748	0.1593	0.17767
FAM168B	0.09634	0.31861	0.21418
FAM169A	0.00602	0.06494	0.05535
FAM171A1	0.0017	0.07184	0.68632
FAM171A2	4e-05	0.0028	0
FAM171B	0.00588	0.27157	0.35641
FAM172A	0.08696	0.26975	0.25139
FAM172BP	0.01392	0.01437	0.01005
FAM173A	0.0452	0.08703	0.06211
FAM173B	0.04062	0.15511	0.10767
FAM174A	0.13293	0.24609	0.35758
FAM174B	0.00609	0.01548	0.04257
ABRAXAS1	0.07627	0.08352	0.0368
ABRAXAS2	0.09765	0.1027	0.05612
FAM177A1	0.20056	0.38388	0.84583
FAM177B	0.1486	7e-04	0
SLF2	0.16597	0.27589	0.41088
FAM178B	0.00189	0.00349	0.12626
TOGARAM2	0.00797	0.00885	0.00018
TOGARAM1	0.08525	0.15437	0.25864
FAM180A	1e-05	0.0197	0
FAM180B	0.00234	0.00265	0.00485
FAM181A	0.00343	0.10312	0.00282
FAM181A-AS1	0	0.00598	0
FAM181B	0.00034	0.03913	0.01472
FAM182A	0.00045	0.01141	0.00218
FAM182B	0.00084	0.01582	0.00538
FAM183A	0	0.00391	0.00087
FAM183BP	0.00318	0.00249	0.00017
FAM184A	0.00166	0.04204	0.00641
FAM184B	0.0219	0.07812	0.08432
FAM185A	0.06759	0.13076	0.09071
FAM186A	3e-05	0.00191	9e-05
FAM186B	0.00953	0.01251	0.0036
MINDY3	0.08766	0.16771	0.39963
MINDY4	0.00446	0.04539	0
FAM189A1	0.00017	0.00673	7e-05
FAM189A2	7e-05	0.00871	0.01397
FAM189B	0.01013	0.02883	0.01796
FAM192A	0.25128	0.471	0.4583
FAM193A	0.08245	0.14684	0.07216
FAM193B	0.0478	0.07814	0.07201
ERICH6	0.00014	0.00149	0.00198
ERICH6B	4e-05	0.002	0.00105
MCRIP2	0.07292	0.07828	0.01423
MCRIP1	0.36043	0.79948	0.7737
INSYN2	0.00332	0.03392	0.04321
INSYN2B	0.02048	0.00353	0.10219
FAM198A	0.00838	0.03441	0.00354
FAM198B	0.22791	0.05174	0.08711
FAM199X	0.04678	0.08895	0.07051
FAM19A1	0.0012	0.02683	0.00035
FAM19A2	0.00371	0.03296	0.00376
FAM19A3	0	0.01205	0.01911
FAM19A4	0	0.00025	0.18073
FAM19A5	1e-04	0.06273	0.09355
FAM200A	0.03759	0.18421	0.04558
FAM200B	0.0548	0.16509	0.15946
FAM201A	0.00053	0.00684	0.18293
HGH1	0.02552	0.05484	0.03812
FAM204A	0.16405	0.19919	0.19696
FAM205A	0.00015	0.00041	0
FAM205BP	3e-05	8e-05	6e-05
FAM206A	0.09101	0.23833	0.22069
FAM207A	0.03074	0.07023	0.0533
FAM208A	0.1251	0.21356	0.1434
FAM208B	0.05221	0.07362	0.06437
FAM209A	0.00885	0.00427	0
FAM209B	0.00914	0.0067	0.00194
FAM20A	0.09167	0.01184	0.00588
FAM20B	0.04867	0.08388	0.05391
FAM20C	0.06591	0.13503	0.06419
FAM210A	0.15155	0.17039	0.07793
FAM210B	0.05909	0.13379	0.05632
LRRC75A	0.03418	0.07805	0.02526
LRRC75B	0.00394	0.04279	0.01413
INKA1	0.2049	0.02189	0.01331
INKA2	0.02529	0.23755	0.01331
PRXL2A	0.2395	0.62686	0.1625
PRXL2B	0.04826	0.15975	0.03575
FAM214A	0.05591	0.0965	0.11204
FAM214B	0.12221	0.05477	0.09572
FAM215A	0.0502	0.11709	0.07473
FAM216A	0.05514	0.24	0.14877
FAM216B	0.00084	0.00085	0.00053
FAM217A	0.00272	0.00171	0.00399
FAM217B	0.09772	0.18032	0.173
FAM218A	0.0044	0.09912	0.10064
FAM219A	0.01229	0.06721	0.0959
FAM219B	0.13101	0.20268	0.09242
WASHC2A	0.074	0.07803	0.12752
WASHC2C	0.14358	0.12141	0.15845
FAM220A	0.04827	0.11676	0.0512
FAM221A	0.07955	0.44303	0.72972
FAM221B	0.00045	0.00642	0.00506
FAM222A	0.00273	0.08881	0.32025
FAM222A-AS1	0.00724	0.03181	0.06382
FAM222B	0.05559	0.18383	0.11698
FAM223B	0.01534	0.02203	0.0154
FAM225A	0.00514	0.01534	0.03149
FAM225B	2e-05	0.00612	0.00377
FAM226B	0.00016	0.00753	0.00286
FAM227A	0.01694	0.03846	0.01743
FAM227B	0.0045	0.02345	0.02895
FAM228A	0.0072	0.01161	0.00498
FAM228B	0.04659	0.10109	0.10219
FAM229A	0.00921	0.03227	0.00973
FAM229B	0.00968	0.2028	0.4359
FAM24B	0.02946	0.04629	0.08505
FAM25A	0.00031	7e-04	0.00208
FAM25G	0	0.00014	0.00163
CALHM5	0.00033	0.00076	0.00775
CALHM6	0.64613	0.00356	0.00036
FAM27C	5e-04	0.01738	6e-04
FAM27E5	0	0.00268	0
FAM32A	0.49511	1.06732	0.47022
SHLD2	0.11376	0.12713	0.0668
SHLD2P1	0.00383	0.00309	0.00109
SHLD2P3	0.02976	0.02286	0.02478
FAM3A	0.07903	0.13185	0.24722
FAM3B	0.03952	0.00044	0
FAM3C	0.10581	0.55851	0.08102
FAM41AY1	0	7e-05	0
FAM41AY2	0	7e-05	0
FAM41C	0.0249	0.03495	0.03293
FAM43A	0.00763	0.00508	0.00351
FAM43B	1e-04	0.00253	0
FAM45A	0.10447	0.17954	0.20255
FAM45BP	0.02991	0.04125	0.05225
TENT5A	0.14436	0.24341	0.01748
TENT5B	0	0.00464	0
TENT5C	0.06109	0.00998	0.00698
TENT5D	0	0.00067	0
FAM47C	0	0.00034	0
FAM47E	0.00579	0.0503	0.07744
STBD1	0.00123	0.01264	0.00667
FAM49A	0.26121	0.18974	0.03091
FAM49B	0.95307	0.36038	0.6502
FAM50A	0.25547	0.35434	0.48684
FAM50B	0.05921	0.07326	0.22948
FAM53A	0.00354	0.00288	0.02472
FAM53B	0.08931	0.04448	0.22471
FAM53C	0.28427	0.18593	0.14193
FAM57A	0.01625	0.13318	0.00345
FAM57B	1e-04	0.01208	0
CCNQ	0.06383	0.04507	0.09039
SINHCAF	0.13428	0.31174	0.01159
MINDY1	0.05222	0.11816	0.47197
MINDY2	0.10561	0.18351	0.28097
PIMREG	0.01182	0.22163	0.00596
RIPOR1	0.23193	0.29784	0.10456
RIPOR2	0.08663	0.05304	0.00387
RIPOR3	0.02399	0.0202	0.00289
FAM66A	7e-05	0.00568	0.0024
FAM66B	0.00276	0.02883	0.01927
FAM66C	0.00634	0.10261	0.0704
FAM66D	0.00219	0.01705	0.01204
FAM66E	0.001	0.0096	0.00283
FAM69A	0.13494	0.24662	0.77239
FAM69B	0.00175	0.07038	0.00334
FAM69C	0.00042	0.04428	0.31483
FAM71A	0.02873	0.01222	0.00959
FAM71C	0	0.00315	0.0048
FAM71D	0.00027	0.00153	0.0039
FAM71E1	0.00438	0.02355	0.00708
FAM71E2	2e-04	0.00023	0
FAM71F1	0.00015	0.00471	0
FAM71F2	0.00392	0.01424	0.01038
FAM72A	0.06468	0.0469	0.0138
FAM72B	0.05219	0.03742	0.00353
FAM72D	0.04647	0.04973	0.01306
MIGA1	0.08545	0.15244	0.37046
MIGA2	0.09965	0.11544	0.10065
FAM76A	0.10434	0.15554	0.22782
FAM76B	0.04754	0.17192	0.03397
FAM78A	0.08477	0.00183	0
FAM78B	0.00011	0.01063	0
FAM81A	0.00012	0.01313	0.02082
FAM81B	0.00016	0.00239	0.00166
FAM83A	0.00155	0.00285	0.00235
FAM83B	0.00722	0.00913	0.00663
FAM83C	2e-05	0.00114	0
FAM83D	0.01017	0.06904	0.00664
FAM83E	0.00267	0.00497	0.0053
FAM83G	0.00426	0.0015	0
FAM83H	0.0052	0.00271	0.00144
FAM84A	0.00043	0.18463	0.00026
FAM84B	0.02164	0.19493	0.20884
EEF2KMT	0.0452	0.10752	0.0559
FAM86B1	0.00462	0.04478	0.00817
FAM86B2	0.00147	0.01497	8e-04
FAM86B3P	0.02026	0.04091	0.00749
FAM86C1	0.01421	0.04808	0.02088
FAM86C2P	0.00385	0.03406	0.00764
FAM86DP	0.0247	0.10847	0.04029
FAM86EP	0.00476	0.03675	0.00837
FAM86FP	0.01204	0.03794	0.00393
FAM86HP	0.00278	0.0209	0.00272
FAM86JP	0.00168	0.02424	0.00999
FAM89A	0.01195	0.04232	0.01061
FAM89B	0.01839	0.04002	0.00473
FAM8A1	0.02279	0.0978	0.0898
FAM90A1	0.00157	0.00702	0.00208
FAM90A25P	0.00183	0.00964	0.00242
FAM90A2P	0	0.00206	0
FAM91A1	0.15207	0.12305	0.08486
FAM92A	0.01156	0.31709	0.01174
FAM92A1P2	0.01575	0.01978	0.01023
FAM92B	0.00267	0.00407	0.00116
FAM95B1	8e-04	0.09645	0.00246
CIAO2A	0.82828	0.58506	0.6289
CIAO2B	0.53246	0.98578	1.1045
FAM98A	0.06883	0.25429	0.35895
FAM98B	0.0251	0.08471	0.05534
FAM98C	0.01908	0.05476	0.07726
FAM9A	0.00091	0.00099	0.0012
FAM9C	0.00265	0.00233	0.00157
FAN1	0.05363	0.16276	0.20581
FANCA	0.03403	0.13289	0.00519
FANCB	0.00764	0.05186	0.03812
FANCC	0.0297	0.10661	0.04228
FANCD2	0.05447	0.12109	0.01871
FANCD2OS	6e-05	0.00056	0
FANCE	0.00588	0.03142	0.01565
FANCF	0.05076	0.13996	0.05714
FANCG	0.04818	0.15648	0.04335
FANCI	0.04257	0.19625	0.01934
FANCL	0.08534	0.36584	0.43018
FANCM	0.02719	0.03314	0.0196
FANK1	0.00455	0.01448	0.00064
FAP	0.00083	0.04345	0.01057
FAR1	0.22473	0.24749	0.55386
FAR2	0.15704	0.10846	0.04779
FARP1	0.04229	0.14581	0
FARP2	0.07047	0.17412	0.23062
FARS2	0.13171	0.19282	0.11043
FARSA	0.29409	0.67863	0.45843
FARSB	0.18465	0.60692	0.25239
FAS	0.14908	0.0728	4e-05
FASLG	0.03137	0.00012	0
FASN	0.0206	0.14596	0.1687
FASTK	0.1565	0.43307	0.22922
FASTKD1	0.13215	0.19103	0.14506
FASTKD2	0.09588	0.19608	0.09751
FASTKD3	0.08822	0.15359	0.15326
FASTKD5	0.16998	0.21721	0.10971
FAT1	0.00087	0.11668	0.06123
FAT2	0.00189	0.00189	0.00226
FAT3	0.00423	0.11374	0.00376
FAT4	4e-05	0.01479	0.05452
FAU	2.07536	1.76852	1.46096
FAXC	2e-04	0.03777	0.00443
FBF1	0.00922	0.02304	0.0119
FBL	0.38711	0.70263	0.17339
FBLIM1	0.23617	0.3513	0.22337
FBLL1	0.00067	0.00895	0.0013
FBLN1	0.01209	0.22647	0.01754
FBLN2	0.00416	0.04904	0.00078
FBLN5	0.02265	0.03704	0.0159
FBLN7	0.01239	0.01397	0.00032
FBN1	0.00093	0.02084	0.08767
FBN2	0.00322	0.02839	0
FBN3	5e-04	0.07521	0
FBP1	0.36278	0.00302	0
FBP2	0.00073	0.00058	0.00031
FBRS	0.06028	0.06766	0.09681
FBRSL1	0.00299	0.009	0.00324
FBXL12	0.17371	0.29212	0.13583
FBXL13	0.01351	0.03309	0.02178
FBXL14	0.0222	0.03207	0.04372
FBXL15	0.09748	0.08823	0.07879
FBXL16	7e-05	0.02565	0
FBXL17	0.01537	0.03024	0.02099
FBXL18	0.049	0.10958	0.09304
FBXL19	0.00093	0.00296	0
FBXL19-AS1	0.02274	0.05856	0.0362
FBXL2	0.00371	0.06443	0.038
FBXL20	0.13353	0.18141	0.11491
FBXL22	0.00427	0.00614	0.00252
FBXL3	0.06297	0.07668	0.14071
FBXL4	0.06902	0.095	0.11125
FBXL5	0.45601	0.63564	0.81916
FBXL6	0.01062	0.02895	0.00233
FBXL7	0.00037	0.03389	0.08398
FBXL8	0.02253	0.02709	0.04775
FBXO10	0.0083	0.08564	0.03781
FBXO11	0.16617	0.34066	0.14833
FBXO15	0.00205	0.01374	0.02928
FBXO16	0.00179	0.04922	0.00239
FBXO17	0.01189	0.1733	0.01491
FBH1	0.06577	0.08475	0.09479
FBXO2	0.00159	0.00501	0.04544
FBXO21	0.13554	0.65756	0.44162
FBXO22	0.06856	0.20684	0.1014
FBXO24	0.00349	0.00493	0.00204
FBXO25	0.10383	0.1727	0.14105
FBXO27	0.07771	0.10734	0.09841
FBXO28	0.08433	0.15725	0.15633
FBXO3	0.09021	0.32356	0.24945
FBXO30	0.0693	0.12641	0.09535
FBXO31	0.01101	0.03991	0.03747
FBXO32	0.02198	0.08983	0.31952
FBXO33	0.03956	0.04033	0.04215
FBXO34	0.12208	0.1146	0.05863
FBXO36	0.01568	0.10703	0.10633
FBXO38	0.18	0.18124	0.15379
FBXO39	0.00119	0.00504	0
FBXO4	0.09963	0.13743	0.08032
FBXO40	0.00996	0.00274	0.00117
FBXO41	0.02537	0.03638	0.00339
FBXO42	0.13267	0.21804	0.08978
FBXO43	0.00187	0.01139	0
FBXO44	0.05744	0.15048	0.22053
FBXO45	0.03367	0.08684	0.07306
FBXO46	0.01377	0.02784	0.01839
FBXO47	0.00072	0.00027	0
FBXO48	0.04236	0.03866	0.05245
FBXO5	0.04507	0.21938	0.04157
FBXO6	0.16876	0.17843	0.14848
FBXO7	0.49485	0.57963	1.23949
FBXO8	0.09248	0.15646	0.15205
FBXO9	0.06668	0.09514	0.0799
FBXW10	3e-05	0.00421	0.00101
FBXW11	0.20207	0.39361	0.45874
FBXW12	0	0.00957	0.00046
FBXW2	0.08892	0.14674	0.06921
FBXW4	0.08425	0.06801	0.081
FBXW4P1	0.00525	0.02486	0
FBXW5	0.21222	0.2274	0.20641
FBXW7	0.07254	0.1605	0.02182
FBXW8	0.0275	0.09992	0.01806
FBXW9	0.01597	0.14685	0.03379
FCAMR	0.00052	0.00015	0
FCAR	0.27854	0.09135	0.06477
FCER1A	0.16318	3e-05	0
FCER1G	2.98657	0.01427	0
FCER2	0.00734	0.00119	0
FCF1	0.08677	0.11834	0.10114
FCGR1A	1.07388	0.00361	0.00765
FCGR1B	0.48925	0.01131	0.00625
FCGR1CP	0.50667	0.0012	0.00209
FCGR2A	1.70423	0.02956	0.01196
FCGR2B	0.57575	0.00153	0.00099
FCGR2C	0.43695	0.00243	3e-04
FCGR3A	2.51632	0.00148	6e-05
FCGR3B	0.23607	0.00055	0
FCGRT	1.56073	0.28203	0.00192
FCHO1	0.0796	0.02003	0.32082
FCHO2	0.18658	0.08415	0.07145
FCHSD1	0.05331	0.03354	0.0264
FCHSD2	0.2079	0.15618	0.21693
FCN1	0.11182	0.00018	0
FCN3	0.00016	0.00035	0
FCRL1	0.00375	7e-04	0.00072
FCRL2	5e-04	0.00018	0
FCRL3	0.01567	0.00013	0
FCRL4	4e-05	0.00027	0
FCRL5	5e-05	0.00032	0
FCRL6	0.03368	0.00042	0
FCRLA	0.01163	0.01825	0.01685
FCRLB	0.01743	0.03431	0.00198
FDFT1	0.53677	0.53888	1.22514
FDPS	0.31239	0.69258	0.6537
FDX1	0.08452	0.11541	0.05126
FDX2	0.10465	0.34964	0.19095
FDXACB1	0.0478	0.07323	0.06887
FDXR	0.05599	0.12305	0.05488
FECH	0.09751	0.08747	0.22148
FEM1A	0.12662	0.24797	0.20759
FEM1B	0.07652	0.14586	0.13855
FEM1C	0.12472	0.45059	0.24264
FEN1	0.06852	0.306	0.22288
FENDRR	0.0019	0.01411	0.00144
FER	0.12011	0.22246	0.10868
FER1L5	9e-05	0.00278	0.00037
FER1L6	0.00027	2e-04	0
FERMT1	0.00023	0.10311	0.00377
FERMT2	0.00552	0.29779	0.24138
FERMT3	0.62876	0.01721	0.00099
FES	0.34673	0.02815	0
FETUB	3e-05	0.00295	0.0276
FEV	0	0.00413	0
FEZ1	0.0364	1.33305	3.21195
FEZ2	0.12423	0.12034	0.30777
FEZF1	0.00024	0.00592	0
FEZF1-AS1	0	0.00809	0
FEZF2	0	0.00171	0
FFAR1	0.00026	8e-05	0.01871
FFAR2	0.02726	0.01851	0.01401
FFAR3	0.02457	5e-05	0.00935
FFAR4	0.08921	0.00653	0.00438
FGA	0	0.00062	0
FGB	0.00507	0.00654	0.00419
FGD1	0.00388	0.05444	0.01185
FGD2	0.51307	0.0015	0.00026
FGD3	0.24571	0.04477	0.00012
FGD4	0.24473	0.05267	0.03192
FGD5	0.00531	0.00217	6e-05
FGD5-AS1	0.30159	0.48557	0.3712
FGD6	0.02147	0.02181	0.00231
FGF1	0.0038	0.08034	1.01949
FGF10	0.00101	0.01445	0
FGF11	0.00847	0.0506	0.00247
FGF12	0.00383	0.15211	0.01834
FGF13	0.00174	0.0352	0
FGF13-AS1	0.00042	0.00387	0.00045
FGF14	0.00128	0.21373	0.00656
FGF14-AS2	0.00408	0.11423	0.0911
FGF14-IT1	0.00013	0.07375	0.00061
FGF17	0	0.01175	0.00249
FGF18	0.00258	0.00753	0.00195
FGF19	0	0.00749	0
FGF2	0.00177	0.03523	0.00717
FGF20	0.07472	0.00083	0
FGF23	0.00394	0.00317	0.00098
FGF5	0.05216	0.08745	0.06237
FGF7	0.00233	0.0079	0.02667
FGF8	0.00115	0.00255	0
FGF9	0.00157	0.05326	0.00274
FGFBP2	0.007	0.01053	0.02452
FGFBP3	0.00143	0.05006	0.00179
FGFR1	0.01268	0.14513	0.02154
FGFR1OP	0.09642	0.19486	0.04883
FGFR1OP2	0.37865	0.37742	0.46949
FGFR2	0.01678	0.05918	0.7889
FGFR3	0.00043	0.0448	0.00203
FGFR4	0.00036	0.00859	0
FGFRL1	0.01413	0.06591	0.04166
FGGY	0.05946	0.05547	0.011
FGL1	0.01838	0.00171	0
FGL2	0.75048	0.01499	0.00428
FGR	0.43874	0.00241	0
FH	0.21365	0.45085	0.40805
FHAD1	0.02126	0.00878	0.00433
FHDC1	0.00406	0.02362	0.00454
FHIT	0.17094	0.11987	0.24847
FHL1	0.02052	1.24984	0.09373
FHL2	0.00584	0.06578	0.0016
FHL3	0.17594	0.1174	0
FHL5	0.00107	0.00127	0
FHOD1	0.06827	0.01701	0.00444
FHOD3	0.00048	0.05778	1e-04
FIBCD1	0.00057	0.01248	0.00106
FIBIN	0.00305	0.53984	0.0047
FIBP	0.28545	0.63301	0.47266
FICD	0.04543	0.07687	0.14566
FIG4	0.12992	0.16325	0.23486
VEGFD	0.00114	0.0021	0.00558
FIGLA	1e-04	0.00059	0
FIGN	0.00043	0.10386	0.04021
FIGNL1	0.02352	0.21198	0.06388
FILIP1	3e-04	0.00885	0.00321
FILIP1L	0.28684	0.05936	0.00978
FIP1L1	0.23256	0.6054	0.2454
FIS1	0.45895	0.94421	2.00773
FITM1	0.00111	0.00659	0.02175
FITM2	0.01059	0.043	0.02805
FIZ1	0.00397	0.0127	0.00305
FJX1	0.00046	0.05445	0.02586
FKBP10	0.00242	0.26975	0.00374
FKBP11	0.05814	0.09621	0.01253
FKBP14	0.08321	0.19162	0.06027
FKBP15	0.2289	0.119	0.12695
FKBP1A	1.01116	1.21696	0.75094
FKBP1B	0.01194	0.04857	0.00379
FKBP2	0.39797	0.52903	0.70269
FKBP3	0.32492	0.71404	0.65716
FKBP4	0.13585	0.3666	0.45444
FKBP5	1.03329	0.42198	0.39322
FKBP6	0.00635	0.00806	0.00332
FKBP7	0.01982	0.09969	0.03454
FKBP8	0.10162	0.2095	0.20011
FKBP9	0.06991	0.62577	0.17281
FKBP9P1	0.01008	0.05522	0.01612
FKBPL	0.02211	0.06412	0.0992
FKRP	0.0529	0.08053	0.03918
FKTN	0.04307	0.14193	0.11951
FLAD1	0.15554	0.37185	0.21246
FLCN	0.18935	0.24753	0.41917
FLG	0.00342	0.0042	0.00036
FLG2	0.00605	0.00758	0.0053
FLI1	0.20098	0.00281	0.00015
FLII	0.46483	0.28387	0.30712
LINC01973	0.00022	0.00066	0.00016
FLNA	0.16047	0.35733	0.03118
FLNB	0.02713	0.04965	0.10912
FLNC	0.00068	0.1067	0.10706
FLOT1	0.83158	0.80923	0.76789
FLOT2	0.32724	0.47001	0.11679
FLRT1	0.00399	0.11981	0.07145
FLRT2	0.00132	0.02538	0
FLRT3	0.00244	0.12008	0.0105
FLT1	0.07777	0.01939	0.00879
FLT3	0.02779	0.00019	0.00117
FLT3LG	0.06041	0.03467	0.03986
FLT4	0.00759	0.00779	0.00533
FLVCR1	0.06688	0.14068	0.08595
FLVCR1-DT	0.04233	0.04324	0.05196
FLVCR2	0.13175	0.0119	0.00014
FLYWCH1	0.04473	0.05935	0.04092
FLYWCH2	0.1102	0.28561	0.19629
FMN1	0.04773	0.00878	0.00758
FMN2	0.00099	0.02822	0.00181
FMNL1	0.06625	0.00135	0
FMNL2	0.18498	0.24842	0.84349
FMNL3	0.61817	0.24094	0.10545
FMO2	0	0.00465	0
FMO3	0.00075	0.00259	0
FMO4	0.03229	0.01984	0.07193
FMO5	0.05149	0.01739	0.0781
FMO6P	0	0.00127	0
FMOD	0.00253	0.0413	0
FMR1	0.08211	0.14536	0.07185
FMR1-AS1	0.00102	0.00328	0.00047
FMR1NB	0	0.00023	0
FN1	0.27186	0.17295	0.02515
FN3K	0.00338	0.01383	0.08399
FN3KRP	0.20804	0.35355	0.6435
FNBP1	0.1322	0.10045	0.43306
FNBP1L	0.05045	0.40312	0.00633
FNBP4	0.27712	0.39935	0.22671
FNDC1	2e-05	0.00021	0
FNDC3A	0.31578	0.43624	0.27118
FNDC3B	0.17068	0.18793	0.03356
FNDC4	0.00096	0.0886	0.01572
FNDC5	0.0026	0.03528	0.00865
FNDC7	0.00117	0.00618	0.00947
FNDC8	0.00234	0.00724	0.00014
FNDC9	0.01167	0.01611	0.00529
FNIP1	0.20742	0.21184	0.37414
FNIP2	0.12229	0.0648	0.14841
FNTA	0.16068	0.24932	0.60732
FNTB	0.05844	0.10264	0.71051
FOCAD	0.06847	0.08912	0.05804
FOLH1	0.00156	0.04125	1.68826
FOLH1B	7e-05	0.00312	0.19738
FOLR1	0.0028	0.01469	0
FOLR2	0.85852	0.00071	0
FOLR3	0.00935	0.00106	0
FOPNL	0.17714	0.30897	0.16596
FOS	2.91671	2.69387	2.4555
FOSB	0.74914	0.35428	0.4755
FOSL1	0.04095	0.04168	0.00465
FOSL2	0.19995	0.07271	0.01619
FOXA1	6e-05	0.00045	0
FOXA2	0	0.00032	0
FOXA3	0.00016	0.00036	0
FOXB1	0.00023	0.00251	0
FOXC1	0	0.00709	0.00053
FOXD1	0.00014	0.007	0
FOXD2	0.00216	0.00444	2e-05
FOXD2-AS1	0.00572	0.0264	0.00024
FOXD3	0	0.00242	0
FOXD4	0.00036	0.00522	0
FOXD4L1	0.00027	0.00224	0
FOXD4L3	0.00093	0.00421	0
FOXD4L4	0.00099	0.0056	0.00142
FOXD4L5	0.00035	0.00235	0.00154
FOXE1	0.00099	0.00075	0
FOXF1	3e-04	0.0118	0
FOXF2	0.00013	0.00443	0
FOXG1	0.00172	0.20244	0.00105
FOXH1	0.00357	0.00454	0.00071
FOXI1	0.00254	0.00016	0
FOXI2	0.00069	8e-05	0.00019
FOXJ1	5e-05	0.014	0
FOXJ2	0.06125	0.08912	0.04515
FOXJ3	0.16326	0.34063	0.23819
FOXK1	0.08132	0.18405	0.12987
FOXK2	0.0432	0.0952	0.07401
FOXL1	0.00016	0.00067	0
FOXL2	0	0.00018	0
FOXM1	0.01598	0.13998	0.01578
FOXN2	0.12365	0.21334	0.38371
FOXN3	0.21859	0.09854	0.04449
FOXN3-AS1	0.00555	0.00249	0.00066
FOXN3-AS2	0.03607	0.00812	0.00694
FOXN4	0.00025	0.00426	0
FOXO1	0.06757	0.10848	0.1409
FOXO3	0.21462	0.26283	0.15923
FOXO3B	0.01131	0.11037	0.03802
FOXO4	0.01117	0.00864	0.01204
FOXP1	0.23529	0.1244	0.14419
FOXP2	0.03366	0.04856	0.01841
FOXP3	0.00623	0.00075	0
FOXP4	0.00908	0.01878	0.01677
FOXR1	0	0.00119	0
FOXRED1	0.08865	0.20238	0.16263
FOXRED2	0.03992	0.18168	0.07146
FOXS1	0.00029	0.00505	0
FPGS	0.20495	0.24014	0.15372
FPGT	0.06553	0.10349	0.1442
FPGT-TNNI3K	0.01369	0.02251	0.03188
FPR1	1.52115	0.00034	0
FPR2	0.12595	3e-04	0
FPR3	0.36997	0.00455	1e-04
FRA10AC1	0.09044	0.12014	0.18652
FRAS1	0.00027	0.02394	0.00011
FRAT1	0.01604	0.00644	0.0021
FRAT2	0.0188	0.00691	0.00748
FREM1	0.00034	0.02079	0.00123
FREM2	0.00192	0.18332	0.01985
FREM3	0.00032	0.0039	0.00032
FRG1	0.27406	0.3618	0.30936
FRG1BP	0.18596	0.19753	0.25517
FRG2	0.00048	0.00118	0.00054
FRG2B	0	4e-04	0
FRG2C	0.00191	0.00475	0.00139
FRK	6e-05	0.00055	0.08228
FRMD1	0	0.00012	0
FRMD3	0.00952	0.05864	0.00808
FRMD4A	0.25926	0.09004	0.02755
FRMD4B	0.19462	0.04187	0.51268
FRMD5	0.00046	0.03561	0.15869
FRMD6	0.00181	0.10305	0.00135
FRMD6-AS2	0.00036	0.00117	0
FRMD7	0.00027	0.00066	0
FRMD8	0.10587	0.14577	0.23587
FRMD8P1	7e-05	0.00032	0.00026
FRMPD1	0	0.0116	0.0075
FRMPD2	0.00015	0.0026	6e-05
FRMPD4	0.00336	0.00017	0
FRRS1	0.05481	0.03228	0.0207
FRRS1L	0.00068	0.00756	0.00805
FRS2	0.04175	0.19109	0.11579
FRS3	0.00472	0.01219	0.00929
FRY	0.00619	0.08471	0.07921
FRYL	0.10719	0.20378	0.62293
FRZB	0.00177	0.05301	0.00361
FSBP	0.00059	0.01966	0.00306
FSCN1	0.21318	0.49459	0.76163
FSCN2	0.00035	0.00323	0.00295
FSCN3	8e-05	0.00298	9e-05
FSD1	0.00194	0.22394	0.09215
FSD1L	0.02471	0.14974	0.13901
FSD2	0.00054	0.00216	0.00031
FSHB	0.00192	0.001	0
FSIP1	0.00846	0.02	0
FSIP2	0.00198	0.01783	0.00839
FST	0.0024	0.02153	0.00803
FSTL1	0.00516	0.27026	0.00735
FSTL3	0.01249	0.03569	0.00967
FSTL4	5e-05	0.00412	0.00029
FSTL5	0.00082	0.00171	0.01863
FTCD	0.00017	0.00183	0.03
FTH1	4.11167	2.84754	4.20322
FTH1P18	0	0.00157	0.00406
FTH1P3	0.09014	0.0406	0.06782
FTL	4.58354	2.42495	3.32584
FTLP10	0.01035	0.01184	0.00852
FTO	0.1483	0.48889	0.59311
FTSJ1	0.14953	0.32428	0.14685
MRM2	0.16396	0.31097	0.1775
FTSJ3	0.10269	0.20307	0.11302
FTX	0.08822	0.16377	0.14517
FUBP1	0.36383	0.66983	0.34389
FUBP3	0.06325	0.15542	0.17736
FUCA1	0.59954	0.09692	0.10861
FUCA2	0.47293	0.29704	0.36859
FUK	0.03889	0.06647	0.08827
FUNDC1	0.11963	0.32212	0.22194
FUNDC2	0.23496	0.4505	0.31537
FUNDC2P2	0.00021	0.00189	7e-04
FUOM	0.19822	0.04695	0.06803
FURIN	0.09743	0.04715	0.0329
FUS	0.46819	0.836	0.51987
FUT1	0.03707	0.04786	0.03665
FUT10	0.04816	0.09159	0.03751
FUT11	0.06693	0.04953	0.04731
FUT2	0.03939	0.04908	0.03605
FUT3	0.0012	0.00395	0
FUT4	0.01255	0.01495	0.01752
FUT5	7e-04	0.00195	0
FUT6	0.02028	0.027	0.02136
FUT7	0.0053	0.00084	0.0023
FUT8	0.05907	0.14155	0.75557
FUT9	0.00222	0.04754	0.05055
FUZ	0.04464	0.17277	0.20619
FXN	0.09635	0.12669	0.07193
FXR1	0.145	0.18744	0.16021
FXR2	0.02554	0.07197	0.08222
FXYD1	0	0.01163	0.00149
FXYD2	0.00266	0.0072	0
FXYD3	0.00159	0.01526	0.04915
FXYD4	0	0.00014	0.0476
FXYD5	1.08785	0.12411	0.00198
FXYD6	0.03734	1.81232	0.09714
FXYD6-FXYD2	3e-05	0.02042	0
FXYD7	0.0054	0.09847	0.0652
FYB1	0.94363	0.00753	0
FYCO1	0.05001	0.04722	0.05331
FYN	0.07098	0.35761	0.19956
FYTTD1	0.33597	0.50309	0.33776
FZD1	0.04104	0.02568	0.00021
FZD10	0.00017	0.00151	0
FZD2	0.02816	0.02454	0.01209
FZD3	0.01273	0.38102	0.04364
FZD4	0.00637	0.01707	0.00942
FZD5	0.03828	0.11663	0.11247
FZD6	0.00896	0.06194	0.03112
FZD7	0.00151	0.0524	0.00436
FZD8	0.00114	0.00342	0.00081
FZD9	0.00016	0.00175	0.01365
FZR1	0.03851	0.08443	0.0578
G0S2	0.48704	0.13485	0.01402
G2E3	0.06707	0.14737	0.15247
G3BP1	0.34266	0.81742	0.46614
G3BP2	0.24689	0.37397	0.26136
G6PC	0.00527	0.00551	0.00344
G6PC2	0.00049	0.00297	0.00018
G6PC3	0.2109	0.56606	0.37617
G6PD	0.12277	0.11821	0.17269
GAA	0.90714	0.23582	0.14537
GAB1	0.05383	0.30631	0.77332
GAB2	0.1739	0.13409	0.32535
GAB3	0.18231	0.02149	0.00573
GAB4	0	0.00035	7e-05
GABARAP	1.9298	1.65445	2.17775
GABARAPL1	0.52924	0.35839	0.56866
GABARAPL2	0.88136	1.53481	2.33243
GABARAPL3	0.00032	0.00324	0.00035
GABBR1	0.01996	0.28332	0.05207
GABBR2	0.00071	0.01551	0
GABPA	0.08345	0.16644	0.16211
GABPB1	0.1637	0.22018	0.06165
GABPB1-AS1	0.07516	0.24525	0.10443
GABPB2	0.02978	0.03083	0.04786
GABRA1	3e-05	0.00028	0.00011
GABRA2	0.00163	0.01508	0.00097
GABRA3	0.00579	0.09182	0.00139
GABRA4	0.00059	0.00177	0.00017
GABRA5	0	0.02006	0
GABRB1	0.00066	0.03624	0.00691
GABRB2	0.01221	0.00674	4e-05
GABRB3	0.00126	0.07047	0.00162
GABRD	0	0.01768	0.00046
GABRE	0.00218	0.03105	0
GABRG1	0.00062	0.00152	0
GABRG2	0.00058	0.00554	0
GABRG3	0	0.00263	0
GABRP	0	0.00083	0
GABRR1	0.00011	0.00069	0.00013
GABRR2	0.00078	0.00356	0.00762
GABRR3	0	0.00019	0
GAD1	0.00214	0.42154	0.01184
GAD2	6e-05	0.00622	0
GADD45A	0.08736	0.39428	0.07115
GADD45B	0.91865	0.39226	0.42195
GADD45G	0.03534	0.13078	0.00628
GADD45GIP1	0.17542	0.58821	0.37563
GADL1	0.00057	0.00118	0.00014
GAGE1	0.00018	0.00051	0
GAGE10	5e-04	0.00058	0
GAK	0.28376	0.20863	0.17843
GAL	8e-05	0.01239	0
GAL3ST1	0.00084	0.0126	0.23238
GAL3ST2	0.00022	0.00081	0
GAL3ST3	0.00037	0.04651	0.00015
GAL3ST4	0.58445	0.20172	0.0093
GALC	0.36484	0.20484	0.67567
GALE	0.13237	0.18063	0.09713
GALK1	0.20757	0.22114	0.19795
GALK2	0.09554	0.13307	0.21202
GALM	0.25261	0.10201	0.02589
GALNS	0.08367	0.17188	0.09235
GALNT1	0.12807	0.1354	0.06563
GALNT10	0.06962	0.06512	0.01215
GALNT11	0.1741	0.32772	0.09585
GALNT12	0.00476	0.00443	0.01219
GALNT13	0.00014	0.08738	0.09696
GALNT14	4e-05	0.00896	1e-04
GALNT15	0.01403	0.05088	0.54886
GALNT16	1e-05	0.03847	0.027
GALNT18	0.00099	0.04896	0.01451
GALNT2	0.27986	0.22585	0.17544
GALNT3	0.02462	0.01882	0.00649
GALNT4	0.02906	0.03188	0.03138
GALNT5	0	0.00652	0
GALNT6	0.09743	0.0198	0.25244
GALNT7	0.0856	0.13197	0.50964
GALNT8	0.00161	0.01529	0.01574
GALNT9	0.00103	0.01073	0.00328
GALNTL6	0.00112	0.00082	0.00082
GALP	0	0.00107	0
GALR1	0.00026	0.03776	0
GALR2	0.00173	0.00153	0.00513
GALR3	0	0.00136	0
GALT	0.16185	0.13206	0.12082
GAMT	0.10525	0.30125	0.68743
GAN	0.00536	0.02534	0.0092
GANAB	0.51143	0.8847	0.48357
GANC	0.08822	0.07353	0.07809
GAP43	0.00478	0.92232	0.02672
GAPDH	3.08414	4.19729	3.90803
GAPDHS	0.00546	0.01352	0.00484
GAPT	0.30244	0.00232	0.00045
GAPVD1	0.17952	0.24149	0.28746
GAR1	0.09444	0.24888	0.10124
GAREM1	0.01464	0.02545	0.11062
GAREM2	0.0064	0.09665	0.01563
GARNL3	0.02387	0.04799	0.08829
GARS	0.23971	0.7348	0.25416
GART	0.2035	0.53617	0.24329
GAS1	0.00044	0.06337	0.00457
GAS2	0.00108	0.03532	0.06066
GAS2L1	0.00979	0.02432	0.02642
GAS2L2	0	0.00092	0
GAS2L3	0.03147	0.10608	0.00088
GAS5	1.10442	1.16844	0.62579
GAS5-AS1	0.02759	0.05779	0.03091
GAS6	0.20251	0.04078	0.03728
GAS6-AS1	0.04173	0.00217	0
GAS7	0.06931	0.11661	0.46666
GAS8	0.01531	0.12939	0.03536
GAST	0.00112	0.0022	0
GATA1	0.0011	0.00044	0.00094
GATA2	0.01668	0.05419	0
GATA3	0.01405	0.00408	0
GATA3-AS1	8e-05	0.00043	0.00069
GATA4	0.00264	0.00338	0
GATA6	0.00014	0.00058	0
GATAD1	0.11695	0.18066	0.14282
GATAD2A	0.04235	0.09085	0.0349
GATAD2B	0.10748	0.23612	0.20928
GATC	0.06457	0.1614	0.16151
GATM	0.4252	0.78813	1.28124
CASTOR3	0.0186	0.19868	0.3208
CASTOR1	0.06214	0.05939	0.0132
GBA	0.30959	0.25671	0.34173
GBA2	0.07542	0.14351	0.11678
GBA3	0.00104	0.00056	0.00015
GBAP1	0.01046	0.07853	0.05457
NIPSNAP2	0.44198	0.97308	0.32665
GBE1	0.20819	0.33433	0.12977
GBF1	0.13948	0.17674	0.1839
GBGT1	0.29497	0.01399	0
GBP1	0.16638	0.14421	0.22018
GBP1P1	0.00444	0.01697	0.03009
GBP2	0.36762	0.06569	0.19294
GBP3	0.10465	0.05662	0.0125
GBP4	0.12057	0.04623	0.03333
GBP5	0.11658	0.01452	0.00657
GBP6	0.01569	0.01892	0.01607
GBP7	0.00081	0.00637	0.00403
GBX1	0.00052	0.00063	0.00023
GBX2	0	0.01615	0.001
GC	3e-05	0.00026	0
GCA	0.41057	0.14985	0.65495
GCAT	0.02619	0.24747	0.16799
GCC1	0.08851	0.14329	0.06866
GCC2	0.20061	0.13132	0.12279
GCDH	0.11444	0.24101	0.14082
GCFC2	0.06217	0.18778	0.23023
GCG	0.00016	0.00062	0
GCGR	0.00013	0.00066	0
GCH1	0.04954	0.01049	0
GCHFR	0.13753	0.03642	0.00217
GCK	0.00101	0.03567	0.01873
GCKR	0	0.00356	0
GCLC	0.0777	0.06887	0.17755
GCLM	0.06918	0.0865	0.07414
GCM1	0.00435	0.00746	0.00342
GCM2	2e-05	0.0056	0.00153
GCN1	0.0846	0.19927	0.12648
GCNT1	0.02779	0.00449	1e-04
GCNT2	0.04356	0.07702	0.00654
GCNT3	0.00304	3e-04	0
GCNT4	0.00287	0.00148	0
GCNT7	0.00922	0.00807	0.00255
GCOM1	0.00026	0.00122	0.00039
GCSAM	0.00308	0.0019	0
GCSAML	0.00829	0.00119	0.00024
GCSH	0.11626	0.81257	1.10718
GCSHP3	0.02003	0.11853	0.09586
GDA	4e-04	0.00116	0
GDAP1	0.05478	0.40541	0.21715
GDAP1L1	0.00151	0.13158	0.00825
GDAP2	0.20637	0.2535	0.19839
GDE1	0.35606	0.38527	0.8643
GDF1	0	0.00272	0.00366
GDF10	1e-05	0.00088	0
GDF11	0.0224	0.06331	0.02135
GDF15	0.01635	0.09467	0.01487
GDF2	0	0.00015	0.00014
GDF3	0.00196	0.00424	0
GDF5	0.00125	0.01065	0
GDF6	0.00019	0.00298	0.00015
GDF7	2e-05	0.00087	0
GDF9	0.00431	0.0226	0
GDI1	0.27588	1.09927	1.32984
GDI2	1.07694	0.80081	1.2395
GDNF	0.0016	0.00824	0.00957
GDPD1	0.09479	0.20244	0.13371
GDPD2	0.00391	0.07951	0.00016
GDPD3	0.01443	0.01258	0.00536
GDPD4	0.00178	0.00118	0
GDPD5	0.01037	0.008	0.00636
GDPGP1	0.01278	0.01506	0.02513
GEM	0.10558	0.08765	0.02944
GEMIN2	0.06197	0.20053	0.11718
GEMIN4	0.04291	0.10945	0.01935
GEMIN5	0.0258	0.08531	0.05039
GEMIN6	0.08641	0.19429	0.09609
GEMIN7	0.09379	0.2198	0.13781
GEMIN8	0.11002	0.20934	0.18542
GEMIN8P4	0.00452	0.01536	0.02549
GEN1	0.01621	0.07534	0.01537
GET4	0.10292	0.27964	0.3085
GFAP	0.13993	0.90441	0.14981
GFER	0.02511	0.03886	0.01287
GFI1	0.00464	0.00052	0
GFI1B	0.00698	0.00446	0
GFM1	0.23463	0.36475	0.20824
GFM2	0.09118	0.22939	0.09596
GFOD1	0.0395	0.03847	0.06033
GFOD2	0.08906	0.26152	0.15686
GFPT1	0.06382	0.16465	0.06641
GFPT2	0.00848	0.19304	0.05753
GFRA1	0.00011	0.05651	0.00459
GFRA2	0.00124	0.04501	0
GFRA3	0.00044	0.0032	0
GFRAL	0.00882	0.01188	0.00884
GGA1	0.4724	0.32291	0.37926
GGA2	0.2827	0.11394	0.01583
GGA3	0.17619	0.17529	0.11539
GGACT	0.02308	0.0234	0.04112
GGCT	0.26424	0.63449	0.12882
GGCX	0.11927	0.12937	0.12531
GGH	0.07853	0.5362	0.04578
GGN	0.00071	0.00779	0.00334
GGPS1	0.18287	0.32121	0.27037
GGT1	0.02144	0.03114	0.03801
GGT3P	0.00046	0.00277	3e-05
GGT5	0.00316	0.00949	0.00029
GGT6	0.03588	0.04509	0.03077
GGT7	0.05616	0.19464	0.08092
GGT8P	0.02794	0.09524	0.0302
GGTA1P	0.3858	0.00152	0
GGTLC1	3e-05	0.00041	0.00034
GGTLC2	0.00282	0.00251	0.00173
GHDC	0.0556	0.04804	0.02576
GHITM	0.89504	0.73811	0.74757
GHR	0.00412	0.00717	0.00315
GHRH	0	0.00065	0
GHRL	0.0581	0.00954	0.00225
GHRLOS	0.05721	0.04881	0.0118
GHSR	0.0015	0.00057	0
GID4	0.01928	0.02774	0.02241
GID8	0.0801	0.19561	0.10447
GIF	0	0.00028	0
GIGYF1	0.05446	0.13629	0.06501
GIGYF2	0.10895	0.21153	0.16053
GIMAP1	0.18666	0.00767	0.00254
GIMAP2	0.41216	0.06531	0
GIMAP4	0.8426	0.00123	0
GIMAP5	0.30153	0.0026	6e-04
GIMAP6	0.29071	0.00025	0
GIMAP7	0.31615	0.00491	0
GIMAP8	0.1309	0.00584	0
GIN1	0.01938	0.05029	0.07086
GINM1	0.2886	0.30048	0.46626
GINS1	0.01753	0.13512	0.00744
GINS2	0.03547	0.26686	0.01582
GINS3	0.03378	0.10787	0.05799
GINS4	0.0337	0.05769	0.02574
GIPC1	0.03272	0.11415	0.27124
GIPC2	0.0076	0.00354	0.00081
GIPC3	0.00096	0.00074	0
GIPR	0.00336	0.0027	0.04135
GIT1	0.04196	0.12281	0.18322
GIT2	0.55131	0.37994	0.33946
GJA1	0.01189	0.14304	0.01163
GJA3	1e-05	0.00145	0
GJA4	0.00388	0.00515	0.00216
GJA5	2e-05	0.00888	0
GJA9	0.0075	0.02164	0.0329
GJB1	0.00065	0.01846	1.6551
GJB2	0.00137	0.02176	0.00516
GJB3	6e-05	0.00308	0.0027
GJB4	1e-05	0.0034	0
GJB5	0	0.00374	0
GJB6	0	0.00254	0
GJB7	0.01562	0.02316	0.00875
GJC1	0.02895	0.0983	0.02564
GJC2	0.00063	0.00099	0.06257
GJC3	0.00197	0.00514	0.01573
GJD3	7e-05	0.0019	0.00041
GJD4	0.00252	0.00314	0.0029
GK	0.34854	0.09984	0.03477
GK3P	0.01234	0.01164	0.03219
GK5	0.05414	0.08703	0.16707
GKAP1	0.01393	0.04034	0.04454
GLA	0.54566	0.2498	0.13615
GLB1	0.52957	0.34961	0.12832
GLB1L	0.0435	0.03169	0.0044
GLB1L2	0.00066	0.04185	0.00537
GLB1L3	0.00927	0.01459	0.00579
GLCCI1	0.04142	0.33231	0.03333
GLCE	0.07978	0.10394	0.18082
GLDC	0.00112	0.08038	0.00138
GLDN	0.3228	0.00589	0.57549
GLE1	0.1227	0.20435	0.0907
GLG1	0.21795	0.45974	0.45256
GLI1	0.00588	0.01342	0
GLI2	0.00012	0.01848	6e-05
GLI3	0.00034	0.0461	0.00327
GLI4	0.01817	0.02779	0.0332
GLIPR1	0.83196	0.07967	0.00125
GLIPR1L1	0.00184	0.00983	0.01347
GLIPR1L2	0.26952	0.4126	0.42919
GLIPR2	0.30983	0.31864	0.62394
GLIS1	4e-05	0.00052	0
GLIS2	0.00165	0.03737	0.00058
GLIS3	0.00551	0.04535	0.00375
GLIS3-AS1	0.00247	0.00338	0.00233
GLMN	0.05679	0.14167	0.05565
GLO1	0.29735	0.74964	0.62225
GLOD4	0.28396	0.59005	0.18226
GLOD5	0	0.00114	0
GLP1R	4e-05	0.00303	0
GLRA1	0.00011	0.00109	0
GLRA2	0.00018	0.01531	5e-05
GLRA3	2e-05	0.01384	0
GLRA4	0	0.00123	0.00029
GLRB	0.00013	0.16575	0.16268
GLRX	0.845	0.22599	0.04892
GLRX2	0.10208	0.13454	0.17286
GLRX3	0.34096	0.53442	0.43771
GLRX5	0.03056	0.07659	0.0408
GLS	0.24416	0.1201	0.04316
GLS2	0.00473	0.03002	0.00285
GLT1D1	0.00467	0.00299	0
GLT8D1	0.1289	0.41828	0.22548
GLT8D2	0.00098	0.02902	0.00723
GLTP	0.21422	0.442	1.75331
CPTP	0.01275	0.02602	0.02351
GLTPD2	0.00678	0.00183	0.00034
BICRA	0.00546	0.01568	0.01355
BICRAL	0.04029	0.05444	0.10479
NOP53	0.25605	0.21546	0.17759
GLUD1	0.18117	0.21819	0.34324
GLUD1P3	0.0462	0.03416	0.02839
GLUD2	0.00089	0.01158	0.00709
GLUL	1.72651	1.03342	2.6633
GLYAT	1e-05	0.00145	0
GLYATL1	0.00927	0.00331	0
GLYATL2	0.00198	0.01006	0.00056
GLYCTK	0.04432	0.06382	0.03878
GLYR1	0.13348	0.21761	0.16757
GM2A	0.4728	0.10593	0.34771
GMCL1	0.07424	0.1935	0.09801
GMCL2	0.00751	0.01359	0.00525
GMDS	0.10136	0.10788	0.04837
GMEB1	0.08995	0.10995	0.07727
GMEB2	0.01559	0.04712	0.0436
GMFB	0.26495	0.5219	0.38875
GMFG	0.62695	0.00208	0
GMIP	0.19859	0.03457	0.00173
GMNC	5e-05	0.00066	0
GMNN	0.0962	0.49056	0.09079
GMPPA	0.14188	0.20348	0.19209
GMPPB	0.0884	0.10927	0.03857
GMPR	0.02219	0.08938	0.03601
GMPR2	0.33574	0.30897	0.34504
GMPS	0.20588	0.39499	0.20975
GNA11	0.00486	0.08004	0.05157
GNA12	0.05466	0.14975	0.07701
GNA13	0.61691	0.12381	0.16295
GNA14	0.00123	0.01901	0.00019
GNA15	0.2481	0.00176	0
GNAI1	0.04127	0.27456	1.59085
GNAI2	0.36971	0.19538	0.23786
GNAI3	0.50977	0.58623	0.27568
GNAL	0.02662	0.03548	0.03087
GNAO1	0.00721	0.12598	0.60513
GNAQ	0.10368	0.08572	0.18927
GNAS	0.79071	1.36083	0.6512
GNAS-AS1	0.0014	0.01231	0.00442
GNAT1	0.00032	0.00211	1e-04
GNAT2	0.07739	0.04425	0.01691
GNAZ	0.00278	0.07509	0.23479
GNB1	0.24566	0.46114	0.41121
GNB1L	0.0534	0.1049	0.04076
GNB2	0.10239	0.2433	0.08281
RACK1	2.77064	2.95936	1.85816
GNB3	0.00185	0.05082	0
GNB4	0.44341	0.28678	0.08505
GNB5	0.05215	0.21203	0.03428
GNE	0.11317	0.20056	0.23346
GNG10	0.99514	0.83632	0.95007
GNG11	0.01009	0.13133	0.01173
GNG12	0.01635	0.36705	0.07403
GNG12-AS1	0.00083	0.00883	6e-05
GNG2	0.20675	0.53247	0.00554
GNG3	0.00388	0.12742	0.00515
GNG4	0.03027	0.26425	0.0299
GNG5	1.19167	1.20684	0.55123
GNG7	0.12045	0.23007	0.83952
GNG8	0	0.00146	0.00632
GNGT1	0	0.00128	0
GNGT2	0.08916	9e-05	0
GNL1	0.04095	0.15947	0.08228
GNL2	0.19789	0.29563	0.1693
GNL3	0.28989	0.70551	0.28369
GNL3L	0.1246	0.20545	0.12246
GNLY	0.15815	0.00142	0
GNMT	0.02694	0.02722	0.00552
GNPAT	0.20383	0.52009	0.39024
GNPDA1	0.35761	0.40195	0.20888
GNPDA2	0.05488	0.2399	0.16585
GNPNAT1	0.09547	0.22694	0.1858
GNPTAB	0.15437	0.09561	0.0464
GNPTG	0.57032	0.50347	0.91934
GNRH1	0.0059	0.01477	0.01023
GNRH2	0	0.00148	0
GNRHR	0.0013	0.00904	0.00651
GNRHR2	0.11461	0.22047	0.16401
GNS	0.54839	0.3813	0.32275
GOLGA1	0.07478	0.11599	0.09511
GOLGA2	0.11084	0.20372	0.16261
GOLGA2P2Y	2e-05	0.00332	0
GOLGA2P3Y	2e-05	0.00332	0
GOLGA2P5	0.00841	0.01065	0.00036
GOLGA3	0.09094	0.17366	0.09135
GOLGA4	0.23387	0.25274	0.35475
GOLGA5	0.15297	0.22478	0.20454
GOLGA6A	0.00064	0.0016	0.00062
GOLGA6B	0.00066	0.00113	0
GOLGA6C	0.00967	0.0054	0.00103
GOLGA6D	0.00108	0.00087	0
GOLGA6L4	0.02046	0.02799	0.00204
GOLGA6L7	0.00125	0.00498	0.00348
GOLGA6L9	0.01803	0.05885	0.00538
GOLGA7	0.31687	0.62416	1.2978
GOLGA7B	0.00052	0.01983	0.00018
GOLGA8A	0.1515	0.21732	0.06019
GOLGA8B	0.06754	0.17616	0.01853
GOLGA8CP	0.00013	0.00122	3e-04
GOLGA8DP	0.00268	0.00109	0.00074
GOLGA8EP	0.00455	0.00172	0.00157
GOLGA8F	0.00222	0.00088	0.00035
GOLGA8G	0.00118	0.00035	0.00028
GOLGA8S	0.07411	0.02296	0.04784
GOLGA8T	0.06142	0.02182	0.04254
GOLGB1	0.17228	0.19685	0.19704
GOLIM4	0.21287	0.40904	0.13018
GOLM1	0.01664	0.48955	0.07147
GOLPH3	0.15821	0.22612	0.22954
GOLPH3L	0.09354	0.12036	0.09038
GOLT1A	0.00029	0.00358	0
GOLT1B	0.23869	0.38696	0.36925
GON4L	0.18294	0.29979	0.10292
GOPC	0.09239	0.18999	0.13979
GORAB	0.04973	0.12508	0.08708
GORASP1	0.15357	0.26098	0.30411
GORASP2	0.28863	0.53903	0.66159
GOSR1	0.29452	0.41411	0.33186
GOSR2	0.15212	0.37325	0.34004
GOT1	0.12995	0.16731	0.38451
GOT2	0.1792	0.52869	0.64838
GP1BA	0.00613	0.0107	0.00489
GP1BB	0.00022	0.02663	0.00029
GP2	0.02484	0.03044	0.02791
GP5	0.00203	0.00161	0.00092
GP6	0.02163	0.01437	0.01072
GPA33	0.0085	0.00309	0.00013
GPAA1	0.43229	0.63608	0.8325
GPAM	0.01976	0.06681	0.06401
GPANK1	0.08682	0.15012	0.12549
GPAT2	0.02366	0.01153	0.06144
GPATCH1	0.03469	0.09306	0.03436
GPATCH11	0.07253	0.1164	0.12375
GPATCH2	0.07126	0.13761	0.07903
GPATCH2L	0.13766	0.17641	0.11591
GPATCH3	0.06437	0.10756	0.08506
GPATCH4	0.09362	0.28287	0.1244
GPATCH8	0.11657	0.23088	0.22484
GPBAR1	0.05818	0.00409	0
GPBP1	0.35315	0.61133	0.47219
GPBP1L1	0.20371	0.16574	0.2169
GPC1	0.00402	0.24349	0.05302
GPC2	0.00429	0.11679	0.00701
GPC3	0	0.04487	0
GPC4	0.00458	0.07924	0.00185
GPC5	5e-05	0.02099	0.02906
GPC5-AS1	0	0.00297	0
GPC6	3e-04	0.06449	0.00086
GPC6-AS2	0.00021	0.00112	0
GPCPD1	0.39547	0.25623	0.01236
GPD1	0.00146	0.09205	0.825
GPD1L	0.09109	0.12758	0.1433
GPD2	0.10123	0.16681	0.03635
GPHA2	0	0.00312	0.00048
GPHN	0.0239	0.1562	0.25409
GPI	0.58135	1.05261	0.4796
GPKOW	0.08518	0.21049	0.24318
GPLD1	0.02024	0.07128	0.02094
GPM6A	0.01167	2.22243	0.06497
GPM6B	0.07378	2.70779	4.2096
GPN1	0.23689	0.46772	0.24268
GPN2	0.10241	0.153	0.13186
GPN3	0.25585	0.28566	0.25487
GPNMB	0.9092	0.03494	0.00016
GPR1	0.01897	0.05405	0.02314
GPR107	0.05163	0.08116	0.09217
GPR108	0.32095	0.27399	0.2707
ADGRF1	0.00361	0.00701	0.00436
ADGRF2	0.00057	0.00079	0.00044
ADGRG4	8e-05	0.00078	0
ADGRF3	0.00461	0.00785	0.0018
ADGRG5	0.061	0.00124	0
ADGRF5	0.00161	0.0022	0.00111
GPR12	0.01138	0.03215	0.01114
ADGRA1	7e-05	0.07455	0.01817
ADGRA2	0.00129	0.01296	7e-04
ADGRA3	0.00456	0.06637	0.00388
ADGRG6	0.06114	0.01067	6e-05
ADGRG7	0	0.00812	0
GPR132	0.16621	0.00262	0.00363
ADGRD1	0.06341	0.01114	0
GPR135	0.00155	0.01054	0.00302
GPR137	0.01921	0.07458	0.06087
GPR137B	0.1271	0.10276	0.06292
GPR137C	0.00425	0.03868	0.01601
GPR139	0	0.0106	0
GPR141	0.0632	0.00027	0
GPR142	2e-05	0.00036	0.0091
GPR143	0.002	0.00693	0.00381
ADGRD2	1e-05	0.00074	0.00014
GPR146	0.01354	0.02052	0.05815
GPR149	0.00026	0.00093	0.00026
GPR150	0	0.00055	0
GPR151	0	0.00423	0.00089
GPR152	0.00771	0.0057	0.00038
GPR153	0.00099	0.04556	0.00017
GPR155	0.22725	0.17581	0.16394
GPR156	2e-05	0.01674	0.00066
GPR157	0.00519	0.00413	0
GPR158	0.00045	0.06213	0.0791
GPR158-AS1	0.00097	0.00795	0.00382
GPR160	0.03629	0.00769	0.00381
GPR161	0.01831	0.1077	0.00548
GPR162	0.01659	0.09989	0.00466
GPR17	0.00039	0.15367	0.04233
GPR171	0.0617	0.02653	5e-05
GPR173	0.00023	0.04437	0.00919
GPR174	0.03626	0.0018	0
GPR176	0.00136	0.05434	0
GPR18	0.06342	0.01371	0.00986
GPR180	0.03619	0.07528	0.11699
GPR182	3e-04	0.00074	0
GPR183	1.8999	0.02119	0.01999
GPR19	0.00431	0.15976	0.05274
GPR21	0.00246	0.00435	0.01458
GPR22	0.03009	0.05891	0.02389
GPR25	0.00667	0.00084	0
GPR26	2e-05	6e-05	0.00039
GPR27	0	0.00037	0.00028
GPR3	0.01237	0.05808	0.00781
GPR31	0.00529	7e-05	0
GPR32	2e-05	0.00099	0
GPR34	1.63393	0.05356	0.00299
GPR35	0.05212	0.0215	0.00654
GPR37	0.00207	0.06324	1.04496
GPR37L1	0.03772	0.51786	0.47422
GPR39	0	0.00511	9e-05
GPR4	0.00093	0.0024	0.00777
GPR45	0.00161	0.01314	0.00147
GPR50	0	0.00035	0
GPR52	0.00428	0.00356	0.00409
GPR55	0.00401	0.00068	0
ADGRG1	0.44148	1.06426	0.11075
GPR61	0	0.00218	0.00097
GPR62	3e-05	0.00165	0.29272
GPR63	0.00138	0.01886	0.0035
ADGRG2	0.00097	0.00485	0.00079
GPR65	0.44787	0.01387	0.00808
GPR68	0.00971	0.00295	0.00633
GPR75	0.02318	0.1063	0.05857
ASB3	0.0453	0.16567	0.08419
GPR78	0.00666	0.00726	0.0046
GPR82	0.15477	0.17468	0.06459
GPR83	0.00895	0.01702	0.00889
GPR84	0.3024	0.00401	0
GPR85	0.00846	0.03161	0.00056
GPR87	0.00044	0.0293	0
GPR88	0	0.00066	0
GPR89A	0.16332	0.32955	0.20901
GPR89B	0.05835	0.1555	0.1453
ADGRG3	0.00149	0.00216	0
ADGRV1	0.00037	0.06365	0.00151
GPRASP1	0.01054	0.09729	0.03305
GPRASP2	0.00508	0.11924	0.02362
GPRC5A	0.01181	0.02287	0.04175
GPRC5B	0.01266	0.86647	2.75086
GPRC5C	0.05838	0.06216	0
GPRC5D	0.00082	0.00046	0.00715
GPRC6A	0.00013	0.00045	0
GPRIN1	9e-04	0.03258	0.00385
GPRIN2	1e-05	0.00161	0
GPRIN3	0.2767	0.00784	0.00072
GPS1	0.34757	0.73203	0.67269
GPS2	0.40363	0.51448	0.54749
GPSM1	0.00925	0.12636	0.04704
GPSM2	0.01239	0.32261	0.1908
GPSM3	0.32174	0.00557	0.00226
GPT	0.00187	0.00697	0.00028
GPT2	0.00255	0.14447	0.13177
GPX1	2.55281	1.01838	0.23348
GPX2	0.01053	0.00955	0.00446
GPX3	0.36314	0.06666	0.00672
GPX4	1.14836	1.27642	1.35605
GPX6	0.00054	0.00038	0.00042
GPX7	0.11237	0.23876	0.03272
GPX8	0.00754	0.03632	0.00382
GRAMD1A	0.08148	0.14071	0.07462
GRAMD1B	0.01915	0.01754	0.00329
GRAMD1C	7e-05	0.04789	0.00603
GRAMD2A	0.00023	0.00735	0
GRAMD2B	0.06592	0.32195	0.62351
GRAMD4	0.04198	0.02757	0.00708
GRAP	0.06535	0.00295	0.00239
GRAP2	0.05173	0.00031	0
GRAPL	0.00918	0.00117	0
GRASP	0.08441	0.00438	2e-04
GRB10	0.00254	0.13653	0.07519
GRB14	4e-05	0.06088	0.01404
GRB2	1.12474	0.63832	0.56802
GRB7	0.00093	0.00064	0
GREB1	0.03765	0.12067	0.07008
GREB1L	0.00112	0.00642	0.02718
GREM1	0.00155	0.00786	0.46715
GREM2	0.00102	0.0016	0.00019
GRHL1	0.00187	0.03333	0.00607
GRHL2	0.00098	0.00693	0.00429
GRHL3	0.00108	0.00152	0.00016
GRHPR	0.33411	0.73667	1.31729
GRIA1	0.00038	0.09308	0
GRIA2	0.00133	0.56304	0.18474
GRIA3	0.00127	0.4405	0.23183
GRIA4	0.00105	0.34024	0.17994
GRID1	0.00147	0.04304	0.16665
GRID2	0.00534	0.08194	0.01028
GRID2IP	5e-05	0.0017	0
GRIK1	0.00416	0.09673	0.00044
GRIK1-AS1	0.00052	0.00696	0
GRIK2	0.00065	0.26907	0.03608
GRIK3	0.00054	0.19135	0.00179
GRIK4	0.00011	0.04592	0.06265
GRIK5	0.00214	0.0405	5e-05
GRIN1	0	1e-04	0
GRIN2A	3e-05	0.01122	0.01291
GRIN2B	0.00052	0.03654	0
GRIN2C	0.00115	0.00273	0.00055
GRIN2D	0.00183	0.00495	0
GRIN3A	0.0019	0.00348	0.00061
GRIN3B	0.00018	0.00067	0
GRINA	0.27028	0.22971	0.1138
GRIP1	0.00673	0.009	0.00274
GRIP2	0.00141	0.01955	0.00075
GRIPAP1	0.18455	0.30763	0.17685
GRK1	0.0011	0.00059	0
GRK4	0.00035	0.02142	0.00603
GRK5	0.05338	0.0298	0.00307
GRK6	0.02893	0.02883	0.01638
GRK7	0.0033	0.00542	0.00171
GRM1	0.00153	0.00228	0
GRM2	0.00166	0.01357	0.00153
GRM3	0.00124	0.01582	0.9059
GRM4	0.00014	0.00028	0
GRM5	1e-05	0.01718	0.00069
GRM5-AS1	2e-05	0.01099	8e-04
GRM6	0.01908	0.03582	0.01838
GRM7	0	0.00783	0.00289
GRM8	0.00039	0.02654	0.00804
GRN	1.98713	0.58105	0.64479
GRP	0	0.0027	0
GRPEL1	0.29687	0.30403	0.27609
GRPEL2	0.04274	0.16254	0.09493
GRPR	0.00017	0.00783	1e-04
GRSF1	0.17906	0.3681	0.28816
GRTP1	0.00027	0.01973	0.00702
GRWD1	0.14667	0.2568	0.18129
GSC	0.00143	0.02791	0.00325
GSDMA	0.07344	0.0487	0.03502
GSDMB	0.03114	0.04196	0.01809
GSDMC	0.0115	0.01278	0.00967
GSDMD	0.29879	0.08407	0.00974
GSE1	0.04599	0.14143	0.00301
GSG1	0.10903	0.17238	0.16496
GSG1L	0.00166	0.05829	7e-05
HASPIN	0.01155	0.02939	0.00025
GSK3A	0.00773	0.0192	0.01241
GSK3B	0.03349	0.11341	0.03844
GSKIP	0.09828	0.1351	0.12724
GSN	1.6411	0.32952	3.16871
GSPT1	0.08835	0.15911	0.09962
GSPT2	0.03815	0.22195	0.07458
GSR	0.08815	0.10757	0.02567
GSS	0.25635	0.35347	0.27333
GSTA1	0.00011	0.00026	0
GSTA4	0.0271	0.79226	0.21624
GSTA7P	0.00075	0.00015	0
GSTCD	0.03349	0.11225	0.06504
GSTK1	1.01129	0.67245	0.54695
GSTM1	0.24247	0.20434	0.0996
GSTM2	0.35064	0.33481	0.06756
GSTM2P1	0.00027	0.00079	0.00205
GSTM3	0.0926	0.21862	0.06615
GSTM4	0.24907	0.25223	0.13888
GSTM5	0.01101	0.02294	0.0035
GSTO1	0.79004	0.35259	1.11881
GSTO2	0.00515	0.03075	0.08923
GSTP1	0.89543	1.58922	1.51112
GSTT2	0.05121	0.1856	0.11579
GSTT2B	0.03792	0.11194	0.06201
GSTZ1	0.06519	0.11692	0.20922
GSX1	0.00011	0.13077	0
GSX2	3e-05	0.00203	0
GTDC1	0.1206	0.1632	0.24303
GTF2A1	0.05074	0.07421	0.09342
GTF2A1L	0	0.00267	7e-04
GTF2A2	0.31977	0.64968	0.70444
GTF2B	0.57324	0.4011	0.28659
GTF2E1	0.08155	0.14765	0.08469
GTF2E2	0.03998	0.06225	0.05413
GTF2F1	0.20558	0.40434	0.22798
GTF2F2	0.25421	0.54133	0.41065
GTF2H1	0.13116	0.24957	0.14664
GTF2H2	0.08399	0.21435	0.10354
GTF2H2B	0.05476	0.1355	0.07875
GTF2H2C	0.10115	0.22794	0.14174
GTF2H3	0.11058	0.23674	0.16146
GTF2H4	0.0488	0.09573	0.04865
GTF2H5	0.0387	0.07864	0.06758
GTF2I	0.16229	0.67361	0.35129
GTF2IRD1	0.01833	0.11352	0.0348
GTF2IRD1P1	0.01954	0.0284	0.02774
GTF2IRD2	0.01893	0.0684	0.04286
GTF2IRD2B	0.02094	0.09795	0.06781
GTF2IRD2P1	0.00279	0.00591	0.00653
GTF3A	0.79668	0.73281	0.69594
GTF3C1	0.06587	0.26539	0.1453
GTF3C2	0.16629	0.28249	0.17995
GTF3C3	0.13613	0.21132	0.11343
GTF3C4	0.00775	0.05371	0.03149
GTF3C5	0.18745	0.39398	0.30264
GTF3C6	0.32656	0.87108	0.62155
GTPBP1	0.12322	0.18088	0.25692
GTPBP10	0.04191	0.11647	0.03849
GTPBP2	0.0489	0.08194	0.05841
GTPBP3	0.07094	0.14588	0.07547
GTPBP4	0.19541	0.31426	0.14594
GTPBP6	0.05205	0.09568	0.05887
GTPBP8	0.05228	0.12127	0.11619
GTSE1	0.01229	0.0689	0.00143
GTSF1	0.04008	0.00037	0.02513
GTSF1L	0.00056	0.00093	0
GUCA1A	0.00012	0.00635	0
GUCA1B	0.02042	0.03369	0.02918
GUCA1C	0.00012	0.00054	0
GUCD1	0.11919	0.15385	0.10792
GUCY1A2	0.00075	0.03959	0.00647
GUCY1A1	0.0178	0.01412	3e-05
GUCY1B2	9e-05	0.00622	0
GUCY1B1	0.00371	0.09473	0.083
GUCY2C	0.00134	0.00129	8e-05
GUCY2D	0.00086	0.00055	0
GUCY2F	0	0.0015	0.00063
GUF1	0.07854	0.18516	0.10758
GUK1	0.8331	1.24542	1.44929
GULP1	0.00044	0.08899	0.0039
GUSB	0.44478	0.40154	0.29047
GUSBP1	0.13339	0.41759	0.43131
GUSBP10	3e-05	0.00154	0
GUSBP11	0.13601	0.14326	0.10257
GUSBP2	0.02333	0.11538	0.22652
GUSBP3	0.08802	0.30544	0.5397
GUSBP4	0.03719	0.09698	0.1036
GUSBP5	0.00294	0.01368	0.0212
GUSBP9	0.03663	0.1202	0.24297
GVINP1	0.04041	0.00354	0.00173
GXYLT1	0.02489	0.03274	0.01567
GXYLT2	0	0.00329	0.01336
GYG1	0.31587	0.26532	0.25793
GYG2	0.00059	0.04439	0
GYG2P1	0.00288	0.00404	0.00265
LARGE2	0.00068	0.00682	0
GYPA	0	0.00121	0
GYPC	0.48023	0.07487	0.00689
GYPE	0.00422	0.00502	0.00016
GYS1	0.10589	0.17562	0.07448
GYS2	0.0021	0.00309	0.00491
GZF1	0.13393	0.11211	0.10203
GZMA	0.16339	3e-04	0
GZMB	0.07216	0.00039	0
GZMH	0.09521	0.00019	0.00079
GZMK	0.11023	0.00013	0.00051
GZMM	0.03765	0.00252	0.00207
H19	0.00017	0.1173	8e-04
H1F0	0.15713	0.30226	0.16079
H1FNT	0.00151	0.00324	0
H1FOO	0.00113	0.00014	0.00185
H1FX	0.02593	0.09272	0.01103
H1FX-AS1	0.00425	0.01535	0.00313
H2AFJ	0.07338	0.04447	0.08234
H2AFV	0.35823	0.91665	0.36333
H2AFX	0.0452	0.14205	0.11759
H2AFY	0.43342	0.62533	0.18694
H2AFY2	0.04085	0.18145	0.03927
H2AFZ	1.03581	1.76435	0.75918
H2BFM	0.00021	0.00751	0
H2BFWT	8e-05	0.001	0
H3F3A	1.04801	1.22594	0.88321
H3F3AP4	1.51605	2.15731	1.54555
H3F3B	2.45229	2.65864	2.35058
H3F3C	0.04397	0.03937	0.03285
H6PD	0.07323	0.07615	0.07594
HAAO	0.07027	0.00565	0.00971
HABP2	0	0.00465	0
HABP4	0.01062	0.05825	0.07058
HACE1	0.05348	0.11831	0.12776
HACL1	0.12435	0.2194	0.13515
HADH	0.18734	0.31213	0.22635
HADHA	0.75133	0.7015	0.76027
HADHB	0.72918	0.84878	1.23119
HAGH	0.13411	0.23978	0.46422
HAGHL	0.02273	0.06489	0.10733
HAL	0.00355	0.00141	8e-05
HAMP	0.304	0.00112	0
HAND2	3e-05	0.01595	0.00023
HAO1	5e-05	7e-04	0
HAO2	8e-04	0.00101	0
HAP1	0.00129	0.07226	0.02857
HAPLN1	0.00037	0.11342	0.00671
HAPLN2	0.00084	0.00801	0.55857
HAPLN3	0.01663	0.03711	0.00182
HAPLN4	1e-05	0.01692	0
HAR1A	0.00221	0.00187	0.00201
HAR1B	0.00291	0.00176	0
HARBI1	0.04874	0.10304	0.21856
HARS	0.23188	0.55459	0.43304
HARS2	0.12878	0.23522	0.21915
HAS1	0.05366	0.00267	0.04013
HAS2	0.00153	0.16663	0.00091
HAS2-AS1	3e-04	0.02883	0.00017
HAS3	0.00591	0.00991	0.00826
HAT1	0.32096	0.66111	0.4847
HAUS1	0.15836	0.39376	0.11521
HAUS2	0.08683	0.13762	0.13947
HAUS3	0.10513	0.16624	0.11962
HAUS4	0.34344	0.15432	0.09571
HAUS5	0.08051	0.21684	0.10075
HAUS6	0.06174	0.13304	0.09013
HAUS7	0.11673	0.20819	0.14223
HAUS8	0.07922	0.12327	0.02416
HAVCR1	0.04219	0.00818	0.00484
HAVCR1P1	0.00102	0.05215	0.00777
HAVCR2	1.35397	0.0482	0.0881
HAX1	0.33933	0.57392	0.46074
HBA1	0.00029	0.00154	0.00063
HBA2	0.00023	0.00227	0
HBB	0.00058	0.01698	0.0068
HBEGF	0.69892	0.09749	0.31211
HBP1	0.42381	0.39569	0.42135
HBQ1	0	0.00223	0.00157
HBS1L	0.15812	0.31871	0.53676
HBZ	0	0.00054	0
HCAR1	0.01957	0.03168	0.01816
HCAR2	0.10623	0.00281	0
HCAR3	0.04738	0.00165	0
HCCS	0.1575	0.14965	0.06924
HCFC1	0.12668	0.27742	0.14354
HCFC1R1	0.09412	0.13153	0.20335
HCFC2	0.04081	0.11244	0.1223
HCG11	0.05472	0.02543	0.01727
HCG17	0.00416	0.04131	0.01939
HCG18	0.0572	0.16174	0.0839
HCG22	0.01519	0.02631	0.00339
HCG23	0.00029	0.0238	0.01515
HCG25	0.01184	0.01579	0.01865
HCG27	0.00296	0.00393	0.00188
HCG4	0.00942	0.01401	0.00885
HCG4B	0.01079	0.03309	0.01551
HCG9	0.00278	0.01128	0.00068
HCK	0.74314	0.00028	0
HCLS1	1.64237	0.00262	0.00041
HCN1	0.00049	0.00258	0.00014
HCN2	3e-05	0.00048	0.00589
HCN3	0.00722	0.07242	0.01878
HCN4	3e-05	0.00232	8e-05
HCP5	0.29814	0.05173	0.02927
HCRT	0.00186	0.00149	0
HCRTR1	6e-05	0.00154	0
HCST	0.52422	0.0023	0
HDAC1	0.29926	0.40364	0.24005
HDAC10	0.02771	0.01945	0.00854
HDAC11	0.02098	0.05505	0.68158
HDAC2	0.22851	0.68933	0.33653
HDAC3	0.26831	0.34447	0.10632
HDAC4	0.02418	0.05007	0.06018
HDAC5	0.10243	0.14428	0.25673
HDAC6	0.12483	0.26412	0.23432
HDAC7	0.03509	0.05909	0.02582
HDAC8	0.15168	0.28186	0.16874
HDAC9	0.10068	0.20855	0.11955
HDC	0.01506	0.00314	0
HDDC2	0.13505	0.42638	0.26034
HDDC3	0.07165	0.09141	0.10189
HDGF	0.08839	0.26448	0.15564
HDGFL2	0.00619	0.0246	0.00984
HDGFL3	0.02653	0.26015	0.1511
PUDP	0.12772	0.16402	0.09879
HDHD2	0.2069	0.61357	0.63976
HDHD3	0.05926	0.07133	0.05801
HDLBP	0.27458	0.44647	0.371
HDX	0.01636	0.05262	0.02767
HEATR1	0.03444	0.08608	0.03384
DNAAF5	0.0153	0.06459	0.03157
HEATR3	0.06949	0.05427	0.028
HEATR4	0.00047	0.00898	0.00546
HEATR5A	0.07809	0.10481	0.10902
HEATR5B	0.12514	0.11885	0.10304
HEATR6	0.07707	0.12158	0.07866
HEBP1	0.24377	0.1351	0.68609
HEBP2	0.02324	0.05986	0.01023
HECA	0.13499	0.05199	0.04378
HECTD1	0.09552	0.15762	0.11447
HECTD2	0.09259	0.11095	0.04313
HECTD3	0.11025	0.18187	0.19495
HECTD4	0.04178	0.1163	0.09674
HECW1	5e-05	0.05147	0.00057
HECW2	0.00449	0.00878	0.08145
HEG1	0.02051	0.04256	0.07595
HELB	0.0314	0.03627	0.02606
HELLS	0.03095	0.11458	0.00628
HELQ	0.11143	0.10168	0.07179
HELZ	0.16973	0.20927	0.09874
HELZ2	0.01513	0.03241	0.01662
HEMGN	0.00014	0.00082	8e-05
HEMK1	0.05226	0.07735	0.03369
HENMT1	0.14325	0.03241	0.06623
HEPACAM	0.00271	0.18296	0.50868
HEPACAM2	0.00195	0.00535	0.00016
HEPH	0.00122	0.02251	0.06098
HEPHL1	0.00295	0.00165	0
HEPN1	0.01284	1.00371	2.2953
HERC1	0.14309	0.12055	0.13065
HERC2	0.05167	0.12015	0.12608
HERC2P10	0.01137	0.00644	0.00054
HERC2P3	0.0477	0.09541	0.06688
HERC2P4	0.23918	0.37775	0.30351
AC242376.1	0.07238	0.21434	0.12403
HERC2P9	0.19746	0.43196	0.29859
HERC3	0.19289	0.11253	0.20722
HERC4	0.12318	0.09664	0.11817
HERC5	0.05356	0.05898	0.05094
HERC6	0.05088	0.06075	0.07948
HERPUD1	1.87379	0.61294	0.49331
HERPUD2	0.11596	0.1775	0.09022
HES1	0.03573	0.07512	0.00207
HES2	0.02257	0.02873	0.01941
HES3	0	0.00289	0
HES4	0.00449	0.01751	0.00276
HES5	0	0.00863	0
HES6	0.00755	0.32746	0.06658
HES7	1e-04	0.00128	0
HESX1	0.02473	0.01808	0.00571
HEXA	0.94845	0.40753	0.47054
HEXA-AS1	0.01546	0.01219	0.00569
HEXB	1.13064	0.47251	0.18068
HEXDC	0.05513	0.03727	0.04173
HEXIM1	0.16121	0.15288	0.10626
HEXIM2	0.02959	0.05973	0.04529
HEY1	0.00944	0.47411	0.01182
HEY2	0.00012	0.06124	0.08817
HEYL	0.00039	0.01481	0.00331
HFE	0.05726	0.0216	0.02299
HFM1	0.00012	0.03724	0.0047
HGD	0.00135	0.01024	0
HGF	0.12887	0.05819	0
HGFAC	0.00013	0.0182	0.00067
HGS	0.36969	0.67846	0.75162
HGSNAT	0.14019	0.1182	0.10941
HHAT	0.02457	0.02528	0.02107
HHATL	0.00154	0.00826	1.31203
HHEX	0.15272	0.00482	0
HHIP	0.00119	0.06026	0.82529
HHIP-AS1	0	0.02599	0.10636
HHIPL1	0.00321	0.00897	0.00802
HHIPL2	0.00014	0.00164	0.00051
HHLA1	0.00014	0.00023	0
HHLA2	0.03234	0.03118	0.03871
HHLA3	0.07788	0.13159	0.21334
MFSD14A	0.25715	0.3723	0.62357
MFSD14B	0.10704	0.1093	0.25871
MFSD14C	0.01558	0.01942	0.01518
HIBADH	0.16278	0.30164	0.21297
HIBCH	0.11466	0.38697	0.41755
HIC1	0.00174	0.00075	0.00063
HIC2	0.01787	0.0323	0.01203
HID1	0.00151	0.08847	0.36708
HIF1A	1.47504	0.98173	0.31988
HIF1A-AS2	0.20602	0.05991	0.03601
HIF1AN	0.12002	0.13721	0.19167
HIF3A	0.02327	0.11629	0.02274
HIGD1A	0.33889	0.78785	1.23415
HIGD1B	0.00725	0.01651	0.00099
HIGD1C	0.00207	0.00447	0.00194
HIGD2A	0.72968	0.69933	0.39122
HIGD2B	0.00091	0.00318	0
HILPDA	0.09295	0.47542	0.15491
HILS1	3e-04	0.03956	0
HINFP	0.06416	0.1487	0.12559
HINT1	0.88212	1.68056	1.78451
HINT2	0.15972	0.26035	0.3442
HINT3	0.18509	0.38043	0.55119
HIP1	0.04447	0.2795	0.34433
HIP1R	0.02321	0.28757	0.55611
HIPK1	0.13747	0.17352	0.12956
HIPK2	0.08234	0.2926	0.44882
HIPK3	0.24328	0.16245	0.16888
HIPK4	0.00536	0.00303	0.00194
HIRA	0.02663	0.08313	0.04125
HIRIP3	0.04336	0.21508	0.20968
HIST1H1A	0.00442	0.00706	0
HIST1H1B	0.02427	0.06909	0.00098
HIST1H1C	0.1367	0.24785	0.10593
HIST1H1D	0.07034	0.06574	0.00023
HIST1H1E	0.1734	0.30789	0.13978
HIST1H1T	0.00257	0.00319	0.00471
HIST1H2AC	0.11308	0.16515	0.30555
HIST1H2AD	0.02377	0.01569	0
HIST1H2AG	0.01918	0.03392	0.00084
HIST1H2AI	0.0068	0.00595	0
HIST1H2BC	0.07479	0.05941	0.1886
HIST1H2BD	0.10808	0.11916	0.04743
HIST1H2BJ	0.04549	0.04169	0.02072
HIST1H2BK	0.32288	0.28674	0.20982
HIST1H2BL	0.0045	0.00898	0
HIST1H2BN	0.01769	0.03417	0.01055
HIST1H3D	0.04693	0.03485	0.00478
HIST1H3J	0.01106	0.01884	0
HIST2H4B	0.01805	0.00973	0
HIST1H4C	0.26303	0.48952	0.23234
HIST1H4H	0.01272	0.03176	0.0408
HIST1H4J	0.01934	0.04406	0
HIST2H2AA4	0.41777	0.16565	0.15841
HIST2H2AA3	0.41777	0.16565	0.15841
HIST2H2AB	0.00228	0.0051	0
HIST2H2AC	0.02252	0.02253	0.00364
HIST2H2BA	0.02344	0.02389	0.00922
HIST2H2BE	0.15552	0.19097	0.36645
HIST2H2BF	0.153	0.06845	0.04446
HIST2H3A	0.01076	0.0217	0.01372
HIST2H3C	0.01076	0.0217	0.01372
HIST2H3D	0.06854	0.03262	0.00517
HIST3H2A	0.04998	0.14829	0.04952
HIST3H2BB	0.01146	0.01097	0.00311
HIST3H3	0.00332	0.00423	0
HIST4H4	0.02746	0.01536	0.01395
HIVEP1	0.02273	0.04989	0.01534
HIVEP2	0.06881	0.07058	0.09309
HIVEP3	0.10897	0.12075	0.06355
HJURP	0.02109	0.09899	0.01623
HK1	0.47451	0.30401	0.00451
HK2	0.25285	0.07108	0.01053
HK3	0.23487	0.00156	0
HKDC1	0.00248	0.0081	0.00099
HKR1	0.08316	0.27588	0.14753
HLA-A	2.56567	1.68565	2.32872
HLA-B	3.35698	1.2595	2.25519
HLA-C	2.682	1.16227	1.95603
HLA-DMA	2.02437	0.03807	0.02208
HLA-DMB	2.09143	0.01448	0.008
HLA-DOA	0.53438	0.01339	0.00634
HLA-DOB	0.04489	0.01004	0.0071
HLA-DPA1	3.2502	0.03089	0.01239
HLA-DPB1	1.62272	0.02031	0.00078
HLA-DPB2	0.04677	0.00043	0
HLA-DQA1	1.47627	0.00199	0
HLA-DQA2	0.44234	5e-04	0
HLA-DQB1	1.60959	0.00684	0.00794
HLA-DQB2	0.13472	0.00067	0
HLA-DRA	4.16284	0.08828	0.01569
HLA-DRB1	2.81575	0.02751	0.00326
HLA-DRB5	1.75936	0.0088	0
HLA-DRB6	0.99178	0.00262	0
HLA-E	2.62323	0.32768	0.78153
HLA-F	0.69996	0.1217	0.39882
HLA-F-AS1	0.05149	0.03373	0.01504
HLA-G	0.11351	0.03387	0.0861
HLA-H	0.53267	0.1977	0.4946
HLA-J	0.12429	0.05048	0.12035
HLA-L	0.03774	0.03415	0.04014
HLCS	0.02788	0.09065	0.09572
HLF	0.00312	0.01229	0.00976
HLTF	0.08969	0.30349	0.16174
HLTF-AS1	0.00078	0.00354	0.00022
HLX	0.07517	0.01133	0.00042
HM13	0.92852	0.97881	0.59344
HM13-AS1	0.01286	0.01539	0.01498
HMBOX1	0.1409	0.25707	0.12068
HMBS	0.09078	0.28949	0.25117
HMCN1	4e-05	0.00177	0.00037
HMG20A	0.14965	0.31572	0.24327
HMG20B	0.21343	0.37184	0.2568
HMGA1	0.27467	0.33913	0.18801
HMGA1P7	0.00163	0.00747	0.02922
HMGA2	0.00113	0.02521	0
HMGB1	1.06341	1.54895	1.37801
HMGB2	0.67961	0.63509	0.14224
HMGB3	0.02906	0.33101	0.01544
HMGB3P1	0.0343	0.04892	0.02038
HMGB4	0	0.00281	0.00015
HMGCL	0.22129	0.20315	0.1651
HMGCLL1	0.00042	0.01491	0.01253
HMGCR	0.08503	0.33349	0.08063
HMGCS1	0.04034	0.23094	0.06342
HMGCS2	0	8e-04	0
HMGN1	1.24923	1.68209	0.43602
HMGN2	1.31651	2.04104	1.44102
HMGN2P46	0.00902	0.00721	0.00449
HMGN3	0.74382	1.04401	1.0863
HMGN4	0.2706	0.53167	0.23827
HMGN5	0.0251	0.07663	0.01164
HMGXB3	0.15373	0.24013	0.14394
HMGXB4	0.09532	0.16471	0.15914
ARHGAP45	0.49166	0.03223	0.01489
HMMR	0.01701	0.03963	0.00106
HMOX1	0.93876	0.03016	0.03728
HMOX2	0.18672	0.33109	0.91078
HMSD	0.00361	0.00902	0.20107
HMX1	0	0.00646	0.00058
HMX2	0	0.00257	0
HMX3	0	0.00074	0
JPT1	0.56183	1.0799	0.08298
JPT2	0.02612	0.09198	0.13881
HNF1A	0.00253	0.00583	0.00093
HNF1A-AS1	0.04893	0.0637	0.0392
HNF4G	6e-05	0.0316	0
HNMT	0.40426	0.14829	0.22121
HNRNPA0	0.1059	0.38959	0.14159
HNRNPA1	1.99583	2.6469	1.6096
HNRNPA1L2	0.06784	0.17405	0.10644
HNRNPA1P10	0.57296	0.37356	0.39503
HNRNPA1P33	0.00711	0.00989	0.0034
HNRNPA2B1	1.42404	2.19491	1.78956
HNRNPA3	0.43773	0.60873	0.28234
HNRNPA3P1	0.00165	0.00319	0.00241
HNRNPAB	0.17697	0.41005	0.18451
HNRNPC	1.12645	1.62376	1.1087
HNRNPCL1	0.00017	0.00024	0.00042
HNRNPD	0.29333	0.64382	0.32787
HNRNPF	0.90139	0.92511	0.97486
HNRNPH1	1.28291	1.91216	0.92656
HNRNPH2	0.44008	0.5905	0.80589
HNRNPH3	0.56818	0.94677	0.66034
HNRNPK	1.51035	2.14423	1.69448
HNRNPKP3	0.00145	0.00427	0.00268
HNRNPL	0.15512	0.25424	0.18037
HNRNPM	0.76774	1.28959	0.94192
HNRNPR	0.49953	1.22784	0.75917
HNRNPU	0.26646	0.49271	0.28364
HNRNPUL1	0.16112	0.30649	0.17591
HNRNPUL2	0.01416	0.03208	0.02251
HNRNPUL2-BSCL2	0.0046	0.01915	0.01448
HOGA1	0.03239	0.06127	0.09664
HOMER1	0.0062	0.08372	0.00913
HOMER2	0.00511	0.03207	0.01529
HOMER3	0.0779	0.09329	0.20479
HOMEZ	0.04068	0.04719	0.04653
HOOK1	0.00143	0.00369	0.00077
HOOK2	0.04084	0.12861	0.01772
HOOK3	0.113	0.15367	0.15869
HOPX	0.10986	0.71873	0.01475
HORMAD1	0.00721	0.00062	0
HORMAD2	2e-05	0.00817	0
HOTAIR	0.00024	0.05935	0
HOTAIRM1	0.08218	0.17736	0.00048
HOTTIP	1e-05	0.00064	0
HOXA-AS3	0	0.00202	0
HOXA1	0.01007	0.013	0
HOXA10	0.00114	0.10782	0
HOXA11	2e-05	0.01472	0
HOXA11-AS	0.00012	0.01529	0
HOXA13	0.00137	0.0038	0
HOXA2	0.00071	0.05763	4e-04
HOXA3	0.0011	0.03219	0.00045
HOXA4	0.00043	0.01935	0
HOXA5	0.01392	0.07025	0
HOXA6	0.00147	0.0441	0
HOXA7	0.00141	0.14979	0.00083
HOXA9	0.0037	0.09686	0.00035
HOXB-AS3	0	0.00064	0
HOXB13	0	0.01087	0
HOXB2	0.01109	0.02701	8e-05
HOXB3	0.00411	0.02147	0
HOXB4	0.00444	0.01459	0
HOXB5	0.00013	0.01244	0
HOXB6	0.01259	0.00263	0
HOXB7	0.02695	0.0529	0
HOXB8	0	0.00146	0
HOXB9	0	0.00155	0
HOXC10	0.00145	0.09419	0
HOXC11	4e-05	0.01922	0
HOXC13	2e-05	0.00796	0.00183
HOXC4	0.00089	0.01251	0.00037
HOXC5	0.00042	0.01572	0
HOXC6	0	0.00773	0
HOXC8	5e-05	0.0068	0
HOXC9	0.00016	0.09124	0.00037
HAGLR	0.00015	0.02804	0.16867
HOXD-AS2	0	0.01003	0
HOXD1	0.00059	0.00679	0.17276
HOXD10	0	0.01541	0
HOXD11	0.00063	0.0603	0.00025
HOXD12	0	0.00279	0
HOXD13	0.0013	0.00931	0
HOXD3	0.00031	0.0342	0.00458
HOXD4	0.00035	0.0278	0
HOXD8	0.00135	0.05044	0
HOXD9	0	0.02	0
HP	0.00428	0.00784	0
HP1BP3	0.33582	0.654	0.62957
HPCA	2e-05	0.00983	0
HPCAL1	0.15297	0.11011	0.08008
HPCAL4	4e-05	0.02321	0.002
HPD	0.00195	0.00166	0.00087
HPDL	0.00579	0.02015	0.00601
HPGD	0.0222	0.01633	0
HPGDS	0.30636	0.00087	0
HPN	0.0039	0.00303	0.18466
HPR	0.00279	0.0383	0.01057
HPRT1	0.33683	0.23035	0.11062
HPS1	0.33572	0.10497	0.39365
HPS3	0.28079	0.13668	0.08623
HPS4	0.09995	0.17626	0.11592
HPS5	0.1794	0.10285	0.12051
HPS6	0.01894	0.01224	0.00962
HPSE	0.21086	0.02231	0.01798
HPSE2	1e-04	0.00023	0
HPX	0.00415	0.03	6e-04
HR	7e-05	0.01812	0.06487
HRAS	0.04469	0.20086	0.14692
HRASLS	0.00072	0.18201	0.00568
HRASLS2	0.00089	0.00191	0.00223
HRASLS5	0.00102	0.00344	0.01245
HRC	0.00019	0.00206	0
HRCT1	0	0.00395	0
HRG	9e-05	0.00013	0
HRH1	0.00965	0.09055	0.00489
HRH2	0.08489	0.01675	0
HRH3	1e-05	0.00095	0
HRH4	0.01168	0.01523	0.01128
HRK	7e-04	0.0161	0
HRNR	0.0103	0.00922	0.00675
RIDA	0.10651	0.41396	0.313
HS1BP3	0.12052	0.08759	0.23946
HS2ST1	0.05332	0.20797	0.03064
HS3ST1	0.17253	0.10624	0
HS3ST2	0.00459	0.00334	0
HS3ST3A1	0.00145	0.01504	0
HS3ST3B1	0.0533	0.06538	0
HS3ST4	0.00768	0.00114	0
HS3ST5	0.00023	0.00721	0.15906
HS6ST1	0.06173	0.11075	0.0705
HS6ST2	0.00162	0.09307	0
HS6ST2-AS1	4e-05	0.00128	0
HS6ST3	1e-05	0.00149	0
HSBP1	0.42777	1.35679	1.32194
HSBP1L1	0.10685	0.03072	0.04699
HSCB	0.11998	0.15382	0.07542
HSD11B1	0.01389	0.01199	0.15993
HSD11B1L	0.00757	0.13532	0.01901
HSD11B2	0.00194	0.00945	0.00142
HSD17B1	0.02237	0.05591	0.03562
HSD17B10	0.26438	0.66191	0.54216
HSD17B11	0.88095	0.33757	0.43839
HSD17B12	0.35795	0.54391	0.85328
HSD17B13	0.03054	0.0518	0.02854
HSD17B14	0.1005	0.05918	0
HSD17B3	0.00301	0.01177	0.06223
HSD17B4	0.41271	0.47502	1.21041
HSD17B6	0.00345	0.04598	0.03014
HSD17B7	0.12148	0.1271	0.08212
HSD17B7P2	0.06527	0.07555	0.08902
HSD17B8	0.05264	0.05461	0.02726
HSD3B1	5e-05	0.00084	0
HSD3B2	0.00056	0.00087	0
HSD3B7	0.13415	0.06808	0.15758
HSD3BP4	0.00159	0.00385	0.00049
HSDL1	0.09303	0.41823	0.109
HSDL2	0.18604	0.23042	0.16719
HSF1	0.17961	0.31053	0.22074
HSF2	0.06617	0.29186	0.22934
HSF2BP	0.00425	0.03636	0.01184
HSF4	0.00492	0.01718	0.00787
HSF5	0.00145	0.0016	0.00102
HSFX1	0.0011	0.00799	0
HSFY1	0	0.00218	0
HSFY2	0	0.00052	0
HSH2D	0.04486	0.01961	0.01411
HSP90AA1	1.87888	1.96428	2.35915
HSP90AB1	1.93885	2.47628	2.01412
HSP90B1	1.2707	1.61455	1.38966
HSP90B2P	0.00427	0.00771	0.00978
HSPA12A	4e-05	0.05902	0.15311
HSPA12B	0.00236	0.00613	0.00031
HSPA13	0.18624	0.56726	0.27803
HSPA14	0.16435	0.22603	0.14114
HSPA1A	1.71806	0.83872	1.30137
HSPA1B	1.4478	0.93208	1.11319
HSPA1L	0.01237	0.01747	0.01093
HSPA2	0.05664	0.18233	2.22236
HSPA4	0.30023	0.46982	0.28568
HSPA4L	0.00171	0.13368	0.01969
HSPA5	1.1257	1.29098	0.95979
HSPA6	0.32569	0.068	0.01757
HSPA7	0.29536	0.00907	0.00353
HSPA8	2.63762	2.96687	2.91857
HSPA9	0.70228	1.08735	0.90863
HSPB1	0.49679	0.80127	0.06361
HSPB11	0.20625	0.32693	0.20022
HSPB2	0.00035	0.02144	0.09718
HSPB3	0	0.00832	0.00572
HSPB6	0.00119	0.05856	6e-04
HSPB7	0.00067	0.00314	0.02145
HSPB8	0.0183	0.06343	0.00488
HSPB9	0.04523	0.03929	0.01354
HSPBAP1	0.21893	0.11594	0.04091
HSPBP1	0.07881	0.38507	0.2298
HSPD1	0.85238	1.4494	0.87684
HSPE1	0.5969	1.11052	1.10838
HSPE1-MOB4	0.03053	0.05382	0.01615
HSPG2	0.00227	0.01546	0.0087
HSPH1	0.48167	0.38291	0.17377
HTATIP2	0.33462	0.10803	0.4831
HTATSF1	0.1264	0.41978	0.23749
HTATSF1P2	0.07216	0.05552	0.038
HTR1D	0.00199	0.00504	0.00241
HTR1F	0.00032	0.00157	0.00049
HTR2A	0.00074	0.00516	3e-05
HTR2B	0.03041	0.01238	0.00452
HTR2C	0.00088	0.00139	3e-05
HTR3B	0.00461	0.00628	0.0095
HTR3D	0	2e-04	0.00098
HTR3E	4e-05	0.00074	0
HTR4	0.00033	0.00329	0
HTR5A	0	0.00074	0
HTR6	0.00019	0.00066	0
HTR7	0.01207	0.00087	0
HTR7P1	0.01372	0.01223	0.00893
HTRA1	0.40962	0.21815	0.6257
HTRA2	0.08286	0.18248	0.1273
HTRA3	0.00181	0.00284	0
HTRA4	0.06706	0.09885	0.06729
HTT	0.05286	0.0812	0.04169
HUNK	0.00423	0.02826	0.00414
HUS1	0.19682	0.31636	0.18441
HUS1B	0.0015	0.0079	0.01265
HUWE1	0.16144	0.28967	0.26831
HVCN1	0.25591	0.07513	0.00393
HYAL1	0.00704	0.02129	0.00968
HYAL2	0.03271	0.17501	0.02579
HYAL3	0.01231	0.03762	0.01156
HYAL4	0.00844	0.00903	0.0067
HYDIN	0.00254	0.10029	0.12887
HYI	0.0508	0.14594	0.09733
HYLS1	0.02306	0.0635	0.02499
HYOU1	0.07416	0.16663	0.0957
HYPK	0.14489	0.39312	0.25003
IAH1	0.2637	0.51894	0.49723
IAPP	0.06898	0.08791	0.06748
IARS	0.23323	0.60232	0.20365
IARS2	0.23172	0.35985	0.30259
IBA57	0.04685	0.06676	0.04572
IBSP	0.1778	0.00253	0.00152
IBTK	0.13004	0.19547	0.24096
ICA1	0.14071	0.12141	0.00306
ICA1L	0.05812	0.21038	0.08756
ICAM1	0.52979	0.04723	0.07897
ICAM2	0.13739	0.00655	0
ICAM3	0.17474	0.02729	0.00686
ICAM4	0.02644	0.01065	0.0098
ICAM5	0.00218	0.00347	0
ICK	0.04918	0.15946	0.29621
ICMT	0.09122	0.16336	0.13357
ICOS	0.05515	0.00036	0.00077
ICOSLG	0.09122	0.00448	0.23158
MRPL58	0.1111	0.2567	0.12496
ID1	0.02023	0.20475	0.21569
ID2	1.97547	1.05745	0.10654
ID3	0.12324	0.26297	0.12082
ID4	0.00247	0.15786	0.01403
IDE	0.09166	0.10895	0.12294
IDH1	0.56135	0.93073	0.14999
IDH1-AS1	0.00532	0.02081	0.00533
IDH2	0.5362	0.64665	0.73253
IDH3A	0.1684	0.32341	0.49899
IDH3B	0.52766	0.92152	0.54897
IDH3G	0.38851	0.52784	0.44561
IDI1	0.52071	0.54216	0.94053
IDI2	0.01021	0.02932	0.01922
IDI2-AS1	0.0684	0.05516	0.09711
IDNK	0.08949	0.08826	0.05383
IDO1	0.06281	0.08758	0.05242
IDO2	0.00175	0.00021	0
IDS	0.60359	0.6116	0.43808
IDUA	0.02711	0.03366	0.00982
IER2	1.36543	1.26177	0.57009
IER3	1.39633	0.08556	0.0236
IER3IP1	0.33561	0.67566	0.20987
IER5	0.15816	0.06178	0.00827
IER5L	0.00747	0.00976	0.00086
IFFO1	0.24719	0.22816	0.14066
IFFO2	0.00588	0.01552	0.01198
IFI16	0.81628	0.45085	0.27051
IFI27	0.08297	0.04808	0.00588
IFI27L1	0.03224	0.13452	0.02482
IFI27L2	0.18116	0.21304	0.51375
IFI30	2.41961	0.03798	0.05519
IFI35	0.19584	0.10369	0.15763
IFI44	0.48754	0.35652	0.12276
IFI44L	0.22413	0.12302	0.00961
IFI6	0.47406	0.79736	1.15813
IFIH1	0.06935	0.05312	0.09086
IFIT1	0.06464	0.06832	0.39399
IFIT1B	0.00237	0.00347	0.00022
IFIT2	0.16979	0.07892	0.7783
IFIT3	0.16241	0.15809	0.63958
IFIT5	0.06863	0.16632	0.24867
IFITM1	0.29593	0.06865	0.00101
IFITM10	0.07647	0.04153	0.00601
IFITM2	0.99949	0.13194	0.01457
IFITM3	0.78771	0.68354	0.28173
IFITM4P	0.00474	0.00498	0
LMNTD1	0.01383	0.02246	0.01424
IFNA22P	0	0.00225	0
IFNA5	0.00017	0.00103	0
IFNAR1	0.31412	0.29415	0.25243
IFNAR2	0.30675	0.29563	0.18531
IFNG	0.03643	0.00044	0.00123
IFNGR1	1.89775	0.37017	0.89126
IFNGR2	0.78112	0.41967	0.11755
IFNK	0.01136	0.0038	0.00579
IFNL4	0.00219	0.00054	0
IFNLR1	0.14743	0.06889	0.04238
IFNW1	0	0.00132	0.00171
IFRD1	0.71482	0.81464	0.44277
IFRD2	0.15676	0.34091	0.31086
IFT122	0.07092	0.10287	0.03998
IFT140	0.01617	0.08773	0.0211
IFT172	0.03162	0.11876	0.10708
IFT20	0.17647	0.23799	0.15883
IFT27	0.09768	0.23951	0.2385
IFT43	0.09396	0.37314	0.20163
IFT46	0.05898	0.24449	0.11785
IFT52	0.14239	0.48918	0.16158
IFT57	0.06211	0.25951	0.09102
IFT74	0.06586	0.11825	0.09202
IFT80	0.06003	0.24476	0.51884
IFT81	0.01795	0.3837	0.09941
IFT88	0.06853	0.18103	0.19976
IGBP1	0.39636	0.49312	0.53527
IGBP1P1	0.00073	0.00282	0
IGDCC3	0.00282	0.05271	0.00683
IGDCC4	0.00025	0.07644	0.00558
IGF1	0.1751	0.01393	0.00543
IGF1R	0.01283	0.11122	0.11549
IGF2	0.00473	0.22366	0.00415
IGF2-AS	6e-05	0.01868	0
IGF2BP1	1e-05	0.0129	1e-04
IGF2BP2	0.00506	0.07803	0.00605
IGF2BP3	0.02178	0.18056	0.01954
IGF2R	0.05013	0.04754	0.03872
IGFALS	0.00064	0.00395	0
IGFBP1	0.00432	0.00287	0.00022
IGFBP2	0.00296	0.37864	0.00077
IGFBP3	0.01423	0.34981	0.00185
IGFBP4	0.01775	0.05399	0.00046
IGFBP5	0.0081	0.36241	0.00325
IGFBP6	0.00412	0.02739	0
IGFBP7	0.02886	0.1459	0.00776
IGFBPL1	0.00772	0.21866	0.01311
IGFL2	0	0.00271	0.02162
IGFL3	0.00175	0.00074	0.00518
IGFL4	0.00043	0.00466	0.00377
IGFLR1	0.36172	0.0587	0.05097
IGFN1	6e-05	2e-04	0
IGHMBP2	0.05351	0.08542	0.0241
IGIP	0.01295	0.0347	0.0655
JCHAIN	0.01171	0.00087	0
IGLL1	0.00298	0.00153	0
IGLL3P	0.00616	0.00271	0.00313
IGLL5	0.00401	0.00113	0
IGLON5	0.00686	0.01888	3e-05
IGSF1	0	0.01627	0.01308
IGSF10	0.0242	0.04322	0.00079
IGSF11	0.00175	0.23368	0.39916
IGSF11-AS1	6e-05	0.01969	0.01216
IGSF21	0.08812	0.04557	0.00036
IGSF22	0.00295	0.00378	0
IGSF23	0	0.00049	0
IGSF3	0.00166	0.14777	0.00526
IGSF5	0.00087	0.01474	0.00063
IGSF6	0.92766	0.00521	0.00751
IGSF8	0.0878	0.31113	1.22813
IGSF9	0.00469	0.03377	0.00857
IGSF9B	0.00157	0.07229	0.00122
IHH	0	0.00072	0
IK	0.44066	0.67471	0.53085
IKBIP	0.11464	0.10652	0.03161
ELP1	0.07404	0.24846	0.18747
IKBKB	0.14929	0.11027	0.05768
IKBKE	0.14911	0.0205	0.01077
IKBKG	0.09427	0.0905	0.15167
IKZF1	0.17086	0.00039	0
IKZF2	0.01914	0.02404	0.06705
IKZF3	0.01799	0.00537	0.00335
IKZF4	0.01084	0.05213	0.04618
IKZF5	0.07957	0.11119	0.25178
IL10	0.34172	0.06229	0.04868
IL10RA	0.80504	0.00202	0.00044
IL10RB	0.5735	0.22143	0.14676
IL11	0.02087	0.02636	0.01717
IL11RA	0.06258	0.13936	0.14334
IL12A	0.00269	0.02838	0.04269
IL12B	0.00046	0.00023	0
IL12RB1	0.14034	0.06743	0.0447
IL12RB2	0.01126	0.0057	0.00028
IL13	0.00113	0.0039	0
IL13RA1	0.46487	0.03163	0.01469
IL13RA2	0	0.1928	0.00522
IL15	0.09425	0.01193	0.03462
IL15RA	0.08256	0.00483	0.02458
IL16	0.22777	0.00669	0.02373
IL17B	0.00151	0.0038	0
IL17C	0.00474	0.00179	0
IL17D	0.00074	0.03297	0.02055
IL17RA	0.13737	0.01946	0.02117
IL17RB	0.01453	0.18364	0.09673
IL17RC	0.03509	0.08442	0.04079
IL17RD	0.03562	0.12452	0.03064
IL17RE	0.00282	0.00299	0
IL17REL	0.00011	0.00029	0.00015
IL18	0.86582	0.01358	0.01129
IL18BP	0.17229	0.10571	0.09303
IL18R1	0.06527	0.00108	5e-05
IL18RAP	0.01804	0.00042	0
IL19	0.00362	0.00038	0
IL1A	0.14504	0.00487	0
IL1B	1.17927	0.00478	0
IL1R1	0.02109	0.01404	0.00248
IL1R2	0.13481	0.00063	0
IL1RAP	0.27043	0.34453	0.00684
IL1RAPL1	0.00117	0.07561	0.51045
IL1RAPL2	0	0.0014	0
IL1RL1	0.01818	0.00125	0.00026
IL1RL2	0.00557	0.00068	0.00038
IL1RN	0.26206	0.00089	0
IL2	0.01098	0.00037	0.00267
IL20RA	0.00018	0.00728	0
IL20RB	0.01164	0.01388	0.00459
IL21R	0.09264	0.00443	0.0022
IL21R-AS1	0.02058	0.01851	0.01182
IL22RA1	0.00081	0.00154	0
IL22RA2	0	0.00014	0
IL23A	0.01954	0.01167	0.00075
IL23R	0.00873	0.00849	0.00574
IL24	0.00674	2e-04	0.00045
IL25	0.00024	0.00073	0.00262
IL27	0.0126	0.00011	0
IL27RA	0.07094	0.02626	0.00134
IL2RA	0.11121	0.00273	0.0041
IL2RB	0.06636	0.00042	0
IL2RG	0.2928	0.00163	0.00114
IL31	0	0.00245	0
IL31RA	0.00566	0.00609	0.00514
IL32	0.24294	0.01641	0.00018
IL33	0.00032	0.05164	0.0084
IL34	5e-04	0.00449	0
IL36G	0	0.00086	0
IL37	0	0.00051	0
IL3RA	0.06748	0.01169	0.0085
IL4	0.00044	0.00093	0
IL4I1	0.14195	0.00443	9e-05
IL4R	0.14223	0.00241	0
IL5	0.00045	0.00442	0
IL5RA	3e-04	0.0021	0
IL6	0.04486	0.01123	0
IL6R	0.25023	0.0488	0.05665
IL6ST	0.33746	0.313	0.32088
IL7	0.01624	0.0212	0
IL7R	0.19358	0.00063	0
CXCL8	1.05221	0.0206	0.00235
IL9R	0.01877	0.0019	0.00016
ILDR1	0.00653	0.00079	0.00016
ILDR2	0.00178	0.17156	0.0191
ILF2	0.53586	1.40275	0.81192
ILF3	0.46892	1.16369	0.50377
ILF3-DT	0.1714	0.35497	0.23438
ILK	0.58247	0.59291	0.64092
ILKAP	0.18271	0.40181	0.42249
ILVBL	0.2195	0.40176	0.69821
IMMP1L	0.03598	0.1827	0.09324
IMMP2L	0.0563	0.1411	0.05816
IMMT	0.31417	0.4994	0.25976
IMP3	0.33124	0.46116	0.40394
IMP4	0.29896	0.53698	0.45956
IMPA1	0.10347	0.17107	0.16784
IMPA2	0.0293	0.00915	0.00112
IMPACT	0.17021	0.32508	0.14531
IMPAD1	0.05909	0.12677	0.16523
IMPDH1	0.20312	0.19788	0.02774
IMPDH2	0.50283	0.83097	0.45812
IMPG1	0	0.00394	0.00152
IMPG2	0.0069	0.01004	0.00418
INA	0.00043	0.12853	0.00017
PATJ	0.02617	0.05919	0.03548
INCA1	0.01917	0.03029	0.01785
INCENP	0.01133	0.02249	0.00395
INE1	0.08782	0.22124	0.11571
INF2	0.08	0.11467	0.68066
ING1	0.08118	0.14863	0.08624
ING2	0.04891	0.12937	0.04932
ING3	0.22879	0.53247	0.20899
ING4	0.24142	0.66758	0.39336
ING5	0.04196	0.09167	0.06025
INGX	0.07518	0.09713	0.06847
INHA	0	0.01157	0
INHBA	0.02722	0.00682	2e-05
INHBA-AS1	0.02153	0.02767	0.01857
INHBB	7e-05	0.0185	0.00177
INHBC	0.00125	0.00309	0
INHBE	0.00411	0.00612	0.00384
INIP	0.20628	0.30192	0.3089
INMT	0.06611	0.0909	0.07054
INMT-MINDY4	0	0.00054	0
INO80	0.05002	0.05319	0.05042
INO80B	0.00985	0.01961	0.00783
INO80C	0.07233	0.12297	0.06401
INO80D	0.07749	0.1263	0.10865
INO80E	0.04857	0.07037	0.06968
INPP1	0.02584	0.14575	0.74477
INPP4A	0.10784	0.07732	0.02856
INPP4B	0.07458	0.02512	0.0041
INPP5A	0.01317	0.04384	0.17547
INPP5B	0.15921	0.12239	0.08526
INPP5D	0.72235	0.02098	0.00389
INPP5E	0.01012	0.04467	0.0177
INPP5F	0.06646	0.18287	0.40764
INPP5J	0.00245	0.00575	0.00015
INPP5K	0.11081	0.17444	0.20689
INPPL1	0.12811	0.09927	0.03441
INS-IGF2	0	0.01777	0
INSC	0.00105	0.00222	0
INSIG1	0.39046	0.27399	0.39411
INSIG2	0.19653	0.2849	0.25088
INSL3	0.01582	0.00069	0
INSL5	0	0.00094	0
INSL6	0.00242	0.00077	0
INSM1	4e-05	0.07899	0.00724
INSM2	0	0.00428	0
INSR	0.06859	0.1067	0.31996
INSRR	2e-04	0.00476	0.00035
INTS1	0.0613	0.17506	0.07625
INTS10	0.35258	0.47038	0.3259
INTS12	0.10615	0.29566	0.16937
INTS2	0.04345	0.11038	0.08784
INTS3	0.12163	0.24135	0.12082
INTS4	0.11461	0.20782	0.15895
INTS4P2	0.00269	0.01217	0.00471
INTS5	0.04823	0.106	0.05694
INTS6	0.10599	0.09861	0.08183
INTS7	0.06081	0.21231	0.09074
INTS8	0.05675	0.11289	0.04055
INTS9	0.09071	0.18073	0.11381
INTU	0.01545	0.061	0.03766
INVS	0.06618	0.13583	0.12038
IP6K1	0.08692	0.23777	0.22501
IP6K2	0.29498	1.15032	0.6331
IP6K3	2e-05	0.01036	0.43476
IPCEF1	0.12534	0.01186	0.00265
IPMK	0.03701	0.02125	0.00941
IPO11	0.08836	0.18426	0.11336
IPO13	0.04072	0.10948	0.48688
IPO4	0.02728	0.12631	0.0872
IPO5	0.11424	0.33248	0.2058
IPO7	0.18613	0.33761	0.19427
IPO8	0.06142	0.14128	0.06566
IPO9	0.09405	0.36855	0.11315
IPP	0.0312	0.17081	0.08568
IPPK	0.04087	0.09316	0.10871
IQCA1	0.00074	0.02076	0.00129
IQCB1	0.15169	0.2388	0.07936
IQCC	0.02387	0.0885	0.03232
IQCD	0.01434	0.01885	0.00961
IQCE	0.0151	0.05574	0.0126
IQCF1	0	0.00097	0
IQCF3	0.00061	0.00121	0.00044
IQCG	0.07389	0.16744	0.0313
IQCH	0.00393	0.0257	0.00707
IQCH-AS1	0.03678	0.06966	0.02401
IQCJ	0	0.00107	0
IQCK	0.0137	0.22215	0.29967
IQGAP1	0.38822	0.16751	0.31811
IQGAP2	0.05925	0.03649	0.00016
IQGAP3	0.01966	0.04587	0.00211
IQSEC1	0.09539	0.1054	0.09392
IQSEC2	0.02787	0.01033	0
IQSEC3	0.00224	0.00398	0
IQUB	0.00134	0.0203	0.00189
IRAK1	0.25466	0.16036	0.04642
IRAK1BP1	0.0053	0.04528	0.01999
IRAK2	0.1697	0.04882	0.17887
IRAK3	0.20016	0.00497	0.00268
IRAK4	0.19938	0.14366	0.08201
IREB2	0.10259	0.16948	0.04482
IRF1	0.27357	0.28817	0.359
IRF2	0.33506	0.21905	0.32275
IRF2BP1	0.00538	0.02342	0.02872
IRF2BP2	0.22326	0.27953	0.31331
IRF2BPL	0.01394	0.03635	0.01445
IRF3	0.21082	0.18952	0.14334
IRF4	0.03091	0.00082	0.00055
IRF5	0.36783	0.0197	0.00258
IRF6	0.0059	0.00266	0.00078
IRF7	0.24591	0.08568	0.11614
IRF8	1.03804	0.00368	0
IRF9	0.55791	0.43957	0.85794
IRGC	0.00031	0.00152	0
IRGM	0.01723	0.01499	0.01121
IRGQ	0.12624	0.32697	0.18968
IRS1	0.00054	0.02061	0.00823
IRS2	0.19673	0.18485	0.09859
IRS4	1e-05	5e-04	0.00014
IRX1	2e-05	0.00735	0
IRX2	5e-05	0.01483	3e-05
IRX3	0	0.00244	0
IRX4	4e-05	0.00611	0
IRX5	0	0.00254	0.00059
IRX6	1e-05	0.00102	0
ISCA1	0.13799	0.38658	0.33621
ISCA2	0.24404	0.35549	0.20832
ISCU	0.95163	0.63165	0.36812
ISG15	0.31789	0.37658	0.52844
ISG20	0.19603	0.05057	0.33169
ISG20L2	0.18022	0.20038	0.0884
ISL1	8e-05	0.00195	0.00632
ISL2	1e-04	0.01289	0.00536
ISLR	2e-04	0.01536	0
ISLR2	0.0036	0.00994	0.00308
ISM1	0	0.00149	0
ISM1-AS1	0.00183	0.00194	0
ISM2	0.00016	0.00429	0.00338
ISOC1	0.10019	0.26484	0.31473
ISOC2	0.07723	0.20234	0.20479
ISPD	0.00737	0.02141	0.01681
IST1	0.45751	0.65239	0.65843
ISY1	0.12506	0.18006	0.11566
ISY1-RAB43	0.00538	0.0068	0.00124
ISYNA1	0.06325	0.20563	9e-05
ITCH	0.1693	0.23668	0.43711
ITFG1	0.36565	0.65788	0.5586
ITFG2	0.19555	0.30835	0.28315
FAM234A	0.15114	0.43598	0.66139
ITGA1	0.05555	0.00792	1e-04
ITGA10	0.00516	0.01833	0
ITGA11	0.00132	0.00703	0
ITGA2	0.00519	0.05531	0.11809
ITGA2B	0.00088	0.00859	0.0064
ITGA3	0.00124	0.0523	0
ITGA4	0.21323	0.01354	0.00031
ITGA5	0.31997	0.09971	0.00908
ITGA6	0.07365	0.10174	0.00929
ITGA7	0.00542	0.28574	0.02743
ITGA8	6e-05	0.00081	0
ITGA9	0.03315	0.00678	0.00338
ITGAD	0.0047	0.00022	0
ITGAE	0.0978	0.1194	0.12256
ITGAL	0.22779	0.00816	0.00464
ITGAM	0.53042	0.00114	0
ITGAV	0.26285	0.26338	0.17737
ITGAX	0.65503	0.00544	0.00337
ITGB1	0.78536	0.47702	0.53184
ITGB1BP1	0.1751	0.40139	0.47989
ITGB1BP2	0.00726	0.01283	0.00245
ITGB2	1.77318	0.00133	0
ITGB2-AS1	0.16616	5e-04	2e-04
ITGB3	0.0285	0.01275	0.00456
ITGB3BP	0.08933	0.22322	0.0713
ITGB4	0.00385	0.06088	0.05541
ITGB5	0.07244	0.02353	0.02943
ITGB7	0.03686	0.0042	0.00917
ITGB8	0.02781	0.96873	0.60632
ITGBL1	0.00013	0.03552	0.00955
ITIH1	4e-04	0.00098	0.00013
ITIH2	0.00036	0.00063	0.00022
ITIH3	0.00036	0.00066	0.00205
ITIH4	0.0462	0.01823	0.00753
ITIH5	0.0186	0.02297	0.01157
ITIH6	0	0.00043	5e-05
ITK	0.06919	0.00623	0
ITLN2	0	0.00117	0
ITM2A	0.1513	0.24968	0.41375
ITM2B	3.17792	1.87525	2.95953
ITM2C	0.27814	0.96902	0.2548
ITPA	0.34066	0.63171	0.33102
ITPK1	0.14685	0.15178	0.53881
ITPK1-AS1	0.03264	0.02836	0.0445
ITPKA	2e-04	0.02984	0
ITPKB	0.05307	0.05514	0.57164
ITPKC	0.02565	0.04354	0.02472
ITPR1	0.0892	0.02584	0.00705
ITPR2	0.25024	0.09855	0.01628
ITPR3	0.01541	0.02119	0.01491
ITPRIP	0.27279	0.07041	0.01551
ITPRIPL1	0.02504	0.04403	0
ITPRIPL2	0.0818	0.04018	0.00675
ITSN1	0.1208	0.18118	0.08522
ITSN2	0.32842	0.10955	0.19049
IVD	0.26129	0.33364	0.33122
IVL	0.00013	0.00042	0
IVNS1ABP	0.65572	0.50441	0.61107
IWS1	0.19756	0.37345	0.40752
IYD	0.00725	0.00819	0.00599
IZUMO1	0.00332	0.00071	0.00181
IZUMO2	0	0.00065	0
IZUMO4	0.00389	0.01808	0.06824
JAG1	0.02828	0.37216	0.01199
JAG2	0.01711	0.00532	0
JAGN1	0.1669	0.34129	0.37769
JAK1	0.36867	0.23447	0.22197
JAK2	0.21362	0.05965	0.053
JAK3	0.23518	0.03249	0.02039
JAKMIP1	0.0219	0.03822	0
JAKMIP2	0.00545	0.14659	0.14436
JAKMIP3	0.00098	0.00533	0.14927
JAM2	0.11908	0.4201	0.04364
JAM3	0.00717	0.5305	1.42734
JARID2	0.10106	0.10142	0.07891
JAZF1	0.16243	0.17157	0.06426
JAZF1-AS1	3e-05	0.00057	0
JDP2	0.10356	0.01341	0.00951
JKAMP	0.48278	0.5499	0.76319
JMJD1C	0.48469	0.34584	0.25209
JMJD1C-AS1	0.00575	0.01932	0.0048
JMJD4	0.04864	0.11026	0.06635
JMJD6	0.42309	0.30017	0.17255
JMJD7	0.11225	0.0842	0.1574
JMJD7-PLA2G4B	0.01184	0.01995	0.0096
JMJD8	0.06918	0.12169	0.07404
JMY	0.04588	0.06071	0.04948
JOSD1	0.14382	0.09874	0.07503
JOSD2	0.13269	0.20126	0.77874
JPH1	0.00067	0.01709	0.006
JPH2	0	0.00101	0.00023
JPH3	0.003	0.022	0
JPH4	0.00448	0.03686	0.00039
JPX	0.07081	0.13984	0.10808
JRK	0.02745	0.09187	0.04468
JRKL	0.03201	0.08862	0.07213
JRKL-AS1	0.00086	0.00054	0.00039
JSRP1	5e-04	0.00142	0
JTB	0.31338	0.4918	0.36562
JUN	0.68081	0.95221	0.32213
JUNB	1.82756	1.13769	1.00392
JUND	0.06778	0.09073	0.05848
JUP	0.04013	0.04384	0.21896
KAAG1	0.00011	0.00152	0.00571
ANOS1	0.07179	0.01817	0.00086
KALRN	0.00268	0.09204	0.00672
KANK1	0.01725	0.28674	0.31254
KANK2	0.01915	0.10635	0.02836
KANK3	0.00747	0.02649	0.01154
KANK4	0.00291	0.0045	0.03552
KANSL1	0.1303	0.23275	0.17995
KANSL1-AS1	0.0858	0.12326	0.05549
KANSL1L	0.03854	0.07208	0.02909
KANSL2	0.15579	0.42697	0.2731
KANSL3	0.11335	0.21831	0.14014
KARS	0.41183	0.66264	0.38837
KAT2A	0.07267	0.11631	0.0346
KAT2B	0.0634	0.15833	0.24944
KAT5	0.17575	0.33815	0.2531
KAT6A	0.08823	0.13547	0.1208
KAT6B	0.06788	0.14349	0.10465
KAT7	0.26588	0.70403	0.45562
KAT8	0.09628	0.11161	0.09155
KATNA1	0.12329	0.2202	0.20647
KATNAL1	0.01451	0.06895	0.08586
KATNAL2	0.00601	0.04337	0.02085
KATNB1	0.05249	0.19758	0.10246
KATNBL1	0.18369	0.31296	0.21262
KAZALD1	0.00176	0.00866	0
KAZN	0.00197	0.05286	0.16697
KBTBD11	0.00462	0.02791	0.07062
KBTBD12	0.06552	0.0462	0.02417
KBTBD13	2e-05	0.0047	0
KBTBD2	0.15611	0.32581	0.20057
KBTBD3	0.01725	0.05111	0.14763
KBTBD4	0.07482	0.19058	0.14354
KBTBD6	0.03327	0.26983	0.26776
KBTBD7	0.06832	0.15247	0.14853
KBTBD8	0.23526	0.0507	0.02936
KCMF1	0.0451	0.08214	0.0432
KCNA1	4e-05	0.00572	0
KCNA2	6e-04	0.20606	0.12086
KCNA3	0.0282	0.02087	0
KCNA4	6e-05	0.0016	0
KCNA5	0	0.00956	0
KCNA6	6e-05	0.01693	0.00115
KCNA7	0.03019	0.04067	0.02692
KCNAB1	0.04189	0.05938	0.09323
KCNAB2	0.20173	0.06466	0.0459
KCNAB3	0.01146	0.04182	0.01481
KCNB1	0.00046	0.01261	0.00555
KCNB2	0	0.00676	0.00091
KCNC1	0.00047	0.01767	0.00225
KCNC2	0	0.00314	0
KCNC3	0.0014	0.00034	0.00056
KCNC4	0.00135	0.00452	0
KCND1	0.00609	0.01344	0.00017
KCND2	0.00063	0.15735	0.00016
KCND3	0.00012	0.03036	0.02631
KCNE1	0.01221	0.00123	0
KCNE5	0.0018	0.03439	0.00037
KCNE2	0.00286	0.00852	0
KCNE3	0.18707	0.01487	0.0078
KCNE4	0.03503	0.12228	0.03539
KCNF1	0.00357	0.05843	0.00014
KCNG1	2e-05	0.00624	0
KCNG2	0.00214	0.00093	0.00033
KCNG3	0	0.00042	8e-04
KCNG4	9e-04	0.00261	7e-05
KCNH1	0.00126	0.02032	0.0532
KCNH2	0.00115	0.08211	0
KCNH3	0.00045	0.02442	0.00261
KCNH4	0.00199	0.00465	0.00035
KCNH5	0.00019	0.00843	3e-05
KCNH6	0.00885	0.01319	0.01033
KCNH7	0.00119	0.11372	0.00014
KCNH8	0.00056	0.03913	0.25458
KCNIP1	0.01077	0.20084	0.00026
KCNIP2	0.01173	0.09184	4e-04
KCNIP3	0.00027	0.04187	0.01436
KCNIP4	0.00948	0.14852	0.0412
KCNJ1	0.00518	0.00056	0
KCNJ10	0.00191	0.17572	0.98899
KCNJ11	0.02623	0.04028	0.02646
KCNJ12	6e-05	0.00025	3e-05
KCNJ13	0.00806	0.02046	0.01758
KCNJ14	0.0056	0.02323	0.00939
KCNJ15	0.00813	0.00024	0
KCNJ16	0.00026	0.06515	0.00169
KCNJ2	0.04389	0.04264	0.30298
KCNJ2-AS1	0.00753	0.02241	0.13166
KCNJ3	0.00487	0.01026	0.0045
KCNJ4	0	0.00169	0
KCNJ5	0.09885	0.05022	0.02814
KCNJ6	0	0.02829	0
KCNJ8	0.00084	0.03933	0.00223
KCNJ9	0.00055	0.00339	0.02238
KCNK1	0.00125	0.01893	0.74772
KCNK10	0.00545	0.0243	0.11369
KCNK12	0.00022	0.00429	0.00811
KCNK13	0.0214	0.00044	0
KCNK15	3e-05	0.00771	0
KCNK17	0.01121	0.00063	0
KCNK2	0.00027	0.02901	0.00022
KCNK3	0.00149	0.00707	0.00149
KCNK4	7e-05	0.00204	0.00424
KCNK5	0.00375	0.00878	0
KCNK6	0.11888	0.012	0.00039
KCNK7	0.0024	0.00769	0.00161
KCNK9	0	0.01279	0
KCNMA1	0.11802	0.04222	0.00763
KCNMB1	0.17013	0.00781	0
KCNMB2	0.00464	0.04135	0.00046
KCNMB3	0.02964	0.06132	0.07584
KCNMB4	0.00935	0.06456	0.57303
KCNN1	6e-05	0.00358	0
KCNN2	0.02324	0.08824	0.01695
KCNN3	0.00888	0.03493	0.0234
KCNN4	0.07304	0.0154	0
KCNQ1	0.07475	0.00076	0
KCNQ1DN	0.00011	0.00277	0.01463
KCNQ1OT1	0.28438	0.49223	0.34673
KCNQ2	0.00111	0.21004	0
KCNQ3	0.10876	0.01938	0.00404
KCNQ4	0.00033	0.00326	0.00305
KCNQ5	0.00114	0.00771	0
KCNQ5-AS1	5e-05	0.00315	0
KCNRG	0.01531	0.02291	0.0057
KCNS1	0.00215	0.00811	0
KCNS2	0.00028	0.00137	0
KCNS3	0.00057	0.01703	0.08681
KCNT1	0.00094	0.003	0.00039
KCNT2	0.00028	0.07156	3e-04
KCNU1	0.00015	3e-04	0
KCNV1	0.00021	0.00048	0
KCNV2	0.00109	0.00733	0.00051
KCP	0.00296	0.00802	0.00305
KCTD1	0.001	0.05364	0.01404
KCTD10	0.1266	0.19565	0.13188
KCTD11	0.03196	0.03885	0.05212
KCTD12	0.60437	0.0871	0.00032
KCTD13	0.05101	0.2061	0.1989
KCTD14	0.00135	0.0597	0.00995
KCTD15	0.00455	0.12571	0.00068
KCTD16	4e-04	0.01836	0
KCTD17	0.01214	0.04916	0.04613
KCTD18	0.0578	0.08041	0.11752
KCTD19	0.00129	0.00108	0.00032
KCTD2	0.01768	0.05585	0.11009
KCTD20	0.24153	0.34582	0.20973
KCTD21	0.02662	0.04205	0.04429
KCTD3	0.01334	0.14146	0.17568
KCTD4	0.003	0.00744	0.17296
KCTD5	0.07595	0.12856	0.06694
KCTD6	0.05335	0.23201	0.20359
KCTD7	0.09655	0.14838	0.27364
KCTD8	0	0.00868	0.02975
KCTD9	0.07211	0.07913	0.03982
KDELC1	0.00471	0.10842	0.05172
KDELC2	0.0843	0.1576	0.08854
KDELR1	0.36704	0.62328	0.38388
KDELR2	0.69391	1.23954	0.61117
KDELR3	0.02243	0.04501	0.0054
KDM1A	0.0437	0.14028	0.07051
KDM1B	0.03641	0.04534	0.03387
KDM2A	0.14711	0.1568	0.07541
KDM2B	0.07308	0.09001	0.05763
KDM3A	0.1237	0.23244	0.08764
KDM3B	0.10413	0.11585	0.05248
KDM4A	0.08658	0.20003	0.12717
KDM4A-AS1	0.05686	0.11216	0.08786
KDM4B	0.01563	0.0431	0.01771
KDM4C	0.21001	0.13545	0.32634
KDM4D	0.00158	0.02151	0.01562
KDM4E	0.00139	0.00021	0
KDM5A	0.19134	0.28962	0.14607
KDM5B	0.05279	0.21771	0.067
KDM5C	0.0953	0.21019	0.11504
KDM5D	0.08816	0.06798	0.10174
KDM6A	0.08666	0.14408	0.12647
KDM6B	0.12831	0.04297	0.00576
KDM8	0.02218	0.03562	0.05021
KDR	0.00067	0.00283	0.04282
KDSR	0.17044	0.17626	0.40943
KEAP1	0.19545	0.55888	0.5977
KEL	0.00017	0.00522	0.0664
KERA	0.00093	4e-04	0
KHDC1	0.00576	0.15936	0.07238
KHDC1L	0	0.01192	0.00751
KHDC3L	0.0014	0.0021	0
KHDRBS1	0.16364	0.35817	0.24547
KHDRBS2	0.00763	0.04499	0.00351
KHDRBS3	0.01553	0.16003	0.04533
KHK	0.02647	0.0725	0.09379
KHNYN	0.08388	0.07102	0.06426
KHSRP	0.02286	0.07264	0.04813
PUM3	0.14025	0.22654	0.11862
KIAA0040	0.09494	0.06984	0.00356
KIAA0087	0.00573	0.02112	0.00459
KIAA0100	0.15111	0.19714	0.11757
PCLAF	0.07613	0.28024	0.02675
FAM30A	0.0025	0.00034	2e-05
DELE1	0.22452	0.17263	0.14726
TMEM94	0.09515	0.25221	0.17169
WASHC5	0.21913	0.24138	0.48083
RUBCN	0.12413	0.15517	0.1497
RUBCNL	0.20758	0.14722	0
KIAA0232	0.04643	0.11126	0.15005
SUSD6	0.6739	0.14323	0.16905
KIAA0319	0.00071	0.00865	0.00251
KIAA0319L	0.14241	0.22806	0.19416
KIAA0355	0.10372	0.15862	0.20792
ECPAS	0.07014	0.10427	0.19115
KIAA0391	0.11304	0.18563	0.11438
KIAA0408	0.00758	0.10892	0.04932
MARF1	0.09153	0.12035	0.11427
KIAA0513	0.05999	0.04349	0.03899
KIAA0556	0.03277	0.08679	0.07704
KIAA0586	0.06982	0.13507	0.13825
KIAA0753	0.03436	0.07211	0.02697
KIAA0825	0.03783	0.05865	0.02942
KIAA0895	0.00076	0.07482	0.06368
KIAA0895L	0.02508	0.18374	0.05448
KHDC4	0.05058	0.14939	0.084
TMEM131L	0.09615	0.1364	0.04879
KIAA0930	0.06741	0.03089	0.20882
ICE1	0.03864	0.07274	0.0639
CEP162	0.02596	0.08663	0.05548
KIAA1024	0.00077	0.01271	0.00317
KIAA1024L	0.00078	0.00057	0.00027
WASHC4	0.35273	0.23149	0.3391
PHF24	0.00404	0.00643	0.00469
KIAA1109	0.11009	0.12507	0.18814
KIAA1143	0.0975	0.21755	0.25232
KIAA1147	0.07808	0.07577	0.11289
MYORG	0.00674	0.04662	0.0673
KIAA1191	0.26837	0.63547	0.27425
CEMIP	0.00226	0.02213	0.00231
KIAA1210	0.00219	0.00306	0.0026
KIAA1211	0.00035	0.07288	0.00141
KIAA1211L	0.01579	0.00591	0.00075
KIAA1217	3e-04	0.03188	0.0018
NWD2	2e-05	0.00306	0
ARFGEF3	0.00341	0.05115	0.33133
KIAA1257	8e-05	0.00367	0
KIF1BP	0.13553	0.27748	0.51617
KIAA1324	0.03409	0.03967	0.04672
KIAA1324L	0.00657	0.03691	0.12907
KIAA1328	0.03441	0.08845	0.08216
CEP126	0.00781	0.02994	0.03559
CCDC191	0.02215	0.05647	0.01683
VIRMA	0.09331	0.18354	0.12996
CFAP97	0.11388	0.25576	0.19986
RIC1	0.08076	0.05298	0.06832
TRMT9B	0.01386	0.06808	0.01435
JCAD	0.00086	0.00844	0.01917
FAM234B	0.05192	0.219	0.12167
RELCH	0.12745	0.11195	0.12025
KIAA1522	0.00976	0.03704	0.00015
CIP2A	0.03061	0.11954	0.02054
KIAA1549	0.00107	0.10065	0.00405
KIAA1549L	0.00034	0.0304	0.00048
KIAA1551	0.36906	0.16602	0.10182
KIAA1586	0.05526	0.20867	0.07162
SHTN1	0.33929	0.13918	1.24406
KIAA1614	0.01886	0.03997	0.01695
SHISAL1	5e-04	0.00807	0.00073
KIAA1671	0.00759	0.02157	0.00403
IQCN	0.17254	0.15568	0.10373
LNPK	0.09867	0.32863	0.2448
CEP295	0.03119	0.0542	0.04785
KIAA1755	0.00086	0.04592	0.30851
KIAA1841	0.03202	0.12617	0.09267
WDR97	0.01584	0.02294	0.01345
MFSD4B	0.10063	0.11664	0.06542
KIAA1958	0.00455	0.11558	0.12408
KIAA2013	0.08432	0.08635	0.13733
USF3	0.06674	0.07819	0.06932
NEXMIF	0.00161	0.02341	0.00284
KIAA2026	0.07775	0.09857	0.12739
KIDINS220	0.14478	0.46599	0.55984
KIF11	0.03163	0.10836	0.02455
KIF13A	0.0195	0.07498	0.11516
KIF13B	0.07981	0.06092	0.42135
KIF14	0.00671	0.04705	0.00258
KIF15	0.00815	0.08464	0.00294
KIF16B	0.10918	0.04424	0.09017
KIF17	0.00935	0.00303	0
KIF18A	0.01215	0.06802	0.01268
KIF18B	0.06475	0.15661	0.05983
KIF19	2e-04	0.02198	0.20673
KIF1A	0.00046	0.23067	0.79309
KIF1B	0.10267	0.55742	0.59049
KIF1C	0.03399	0.04515	0.02642
KIF20A	0.00797	0.06907	0.00093
KIF20B	0.08504	0.06456	0.02196
KIF21A	0.01488	0.41169	0.22077
KIF21B	0.06667	0.08457	0.00917
KIF22	0.14164	0.33378	0.09936
KIF23	0.01742	0.09357	0.00629
KIF24	0.00964	0.03445	0.01328
KIF25	4e-05	0.00173	0.02583
KIF26A	0.00045	0.00793	0
KIF26B	0.01888	0.05568	0.00038
KIF27	0.02486	0.06579	0.03297
KIF2A	0.1	0.32273	0.2976
KIF2C	0.01386	0.11832	0.00549
KIF3A	0.05309	0.32071	0.2992
KIF3B	0.04244	0.15886	0.05862
KIF3C	0.04183	0.19244	0.07364
KIF4A	0.00785	0.09595	0.00736
KIF4B	0.00048	0.00085	0
KIF5A	0.00102	0.23644	0.06995
KIF5B	0.5112	0.68077	0.59899
KIF5C	0.00403	0.26654	0.38243
KIF6	1e-04	0.00119	0.10796
KIF7	0.00044	0.02443	0.00031
KIF9	0.01357	0.04215	0.01155
KIF9-AS1	0.01211	0.04081	0.01783
KIFAP3	0.11875	0.51543	0.52693
KIFC1	0.01738	0.09828	0.00393
KIFC2	0.00502	0.01618	0.00206
KIFC3	0.04345	0.05225	0.0984
KIN	0.11992	0.15305	0.12576
KIR2DL1	5e-05	0.00036	0.00184
KIR2DL3	0	0.00054	0.00044
KIR3DL2	0.00255	0.00025	0
KIR3DX1	0.00508	0.00026	0
KIRREL1	0.00031	0.09192	0.00414
KIRREL2	0.0063	0.00632	0.00649
KIRREL3	0.00018	0.03301	0.25099
KIRREL3-AS2	8e-05	0.00613	0.03899
KIRREL3-AS3	0	0.00018	0.00034
KISS1	0.00013	4e-04	0
KISS1R	3e-04	0.00168	0
KIT	0.01968	0.02316	0.01656
KITLG	0.00257	0.1076	0.00012
KL	0.00099	0.00208	0.00414
KLB	0.0247	0.0255	0.02114
KLC1	0.15178	0.47643	0.36218
KLC2	0.01267	0.10146	0.07853
KLC3	0.00069	0.00322	0.00074
KLC4	0.04795	0.13297	0.07785
KLF1	0.00369	0.0011	0
KLF10	0.59458	0.39207	0.03159
KLF11	0.04431	0.02386	0.00213
KLF12	0.01916	0.17249	0.01
KLF13	0.03439	0.03533	0.1333
KLF15	0.00201	0.02131	0.03731
KLF16	0.01237	0.01479	0.00482
KLF17	0.00341	0.00376	0.001
KLF2	0.14052	0.00865	0.00241
KLF3	0.15621	0.17577	0.34495
KLF4	0.47407	0.09587	0.05571
KLF5	0.00086	0.00631	0.00068
KLF6	1.26544	0.51936	0.31178
KLF7	0.11697	0.20782	0.2129
KLF8	0.01264	0.02607	0.02379
KLF9	0.05222	0.08891	0.16496
KLHDC1	0.08322	0.05427	0.13666
KLHDC10	0.03381	0.1438	0.07151
KLHDC2	0.31281	0.57641	0.56513
KLHDC3	0.35945	0.64115	0.46439
KLHDC4	0.07768	0.13293	0.10962
KLHDC7A	0.00201	0.00112	0
KLHDC7B	0.00889	0.00079	0
KLHDC8A	0.00519	0.5479	0.00432
KLHDC8B	0.09978	0.1547	0
KLHDC9	0.00263	0.08147	0.02405
KLHL1	1e-05	9e-04	0
KLHL10	0.0015	0.00362	2e-04
KLHL11	0.05668	0.32949	0.32074
KLHL12	0.1459	0.24686	0.13494
KLHL13	0.0032	0.23311	0.02278
KLHL14	0	0.01093	0.00091
KLHL15	0.05256	0.05677	0.02848
KLHL17	0.00554	0.02316	0.00397
KLHL18	0.11001	0.12463	0.04222
KLHL2	0.06125	0.04491	0.16885
KLHL20	0.08116	0.19033	0.11713
KLHL21	0.09806	0.11186	0.27357
KLHL22	0.05112	0.19149	0.08838
KLHL23	0.00402	0.22447	0.0118
KLHL24	0.16927	0.20298	0.28862
KLHL25	0.02006	0.17569	0.01302
KLHL26	0.05087	0.05104	0.09605
KLHL28	0.09686	0.1755	0.19009
KLHL29	0.0078	0.03554	0.00457
KLHL3	0.01129	0.02119	0.05186
KLHL30	0.00871	0.01072	0.00631
KLHL31	0.00128	0.00511	0.00436
KLHL32	0.00163	0.03095	0.96286
KLHL33	0.00506	0.00124	0
KLHL34	0.00018	0.01071	0.00015
KLHL35	0.00794	0.03368	0.00803
KLHL36	0.06263	0.03655	0.01169
KLHL4	0.00167	0.32436	0.40589
KLHL40	0	0.00053	0.00408
KLHL41	0.00433	0.00894	0.00377
KLHL42	0.02341	0.18738	0.15952
KLHL5	0.13595	0.13413	0.05606
KLHL6	0.24998	0.00899	0.0113
KLHL7	0.1156	0.7449	0.14729
KLHL7-DT	0.00535	0.03109	0.00866
KLHL8	0.07987	0.12717	0.05392
KLHL9	0.14112	0.24882	0.26655
KLK1	0	0.00114	0
KLK10	0.00421	0.00698	0.00823
KLK14	0.00062	0.00357	0
KLK2	0	0.00061	0
KLK3	3e-05	0.00047	0
KLK4	0.00153	0.00046	0.00045
KLK6	0.00342	0.01135	2.73676
KLK7	0.01225	0.01672	0.01194
KLK9	0.00061	0.00487	0.00284
KLKB1	0.00198	0.00569	0.0063
KLKP1	0	0.00024	0
KLLN	0.00721	0.00964	0.00393
KLRA1P	0.02122	0.05054	0.0166
KLRB1	0.10406	0.00174	0
KLRC1	0.05103	0.00422	0.00504
KLRC2	0.01651	0.27094	0.24214
KLRC3	0.0299	0.17718	0.25195
KLRC4	0.03902	0.09492	0.00892
KLRC4-KLRK1	0.02444	0.03283	0.00254
KLRD1	0.13459	0.15146	0.11219
KLRF1	0.01093	0.00265	0
KLRG1	0.04103	0.05884	0.06939
KLRG2	0	0.00026	0
KLRK1	0.10105	0.07894	0.01663
KMO	0.04274	0.00368	0.00354
KNDC1	0.00017	0.01303	0.00024
KNG1	0.00079	0.00191	0.00046
KNSTRN	0.0848	0.19755	0.075
KNTC1	0.04472	0.14179	0.01936
KPNA1	0.14794	0.26051	0.26362
KPNA2	0.32816	0.79865	0.2402
KPNA3	0.129	0.26149	0.21557
KPNA4	0.09388	0.10792	0.05708
KPNA5	0.0579	0.13871	0.05847
KPNA6	0.20605	0.38446	0.36297
KPNA7	0.00022	0.00022	0
KPNB1	0.17663	0.3419	0.19465
KPTN	0.04988	0.12305	0.10276
KRAS	0.11329	0.178	0.09329
KRBA1	0.02351	0.08823	0.01204
KRBA2	0.02928	0.14453	0.15284
KRBOX1	0.00904	0.09849	0.04339
KRBOX4	0.12197	0.29836	0.15015
KRCC1	0.22016	0.29644	0.3545
KREMEN1	0.05625	0.09354	0.06786
KREMEN2	3e-05	0.00247	0.00027
KRI1	0.08764	0.18917	0.08966
KRIT1	0.10719	0.28168	0.17593
KRR1	0.2069	0.32851	0.19309
KRT10	0.04701	0.14056	0.06669
KRT12	0.00029	0.00071	0
KRT13	3e-05	4e-04	0.00208
KRT14	0.00277	4e-04	0
KRT15	0	0.00022	0
KRT16	0.001	0.00069	0
KRT16P1	6e-05	0.00049	0
KRT16P2	0.00055	0.00047	0
KRT16P3	7e-05	0.00034	0
KRT17	0.00747	0.00273	0
KRT18	0.0256	0.0392	0.01123
KRT18P55	0.00275	0.00715	0.00221
KRT19	0.00848	0.00247	0
KRT19P2	0.05028	0.00767	0
KRT20	0	0.00099	0
KRT222	0	0.00442	0
KRT23	0.00092	0.00166	0.00032
KRT26	2e-05	0.00012	0
KRT31	0.00038	3e-04	0
KRT32	0	0.00059	0
KRT39	6e-05	0.00042	0
KRT40	1e-04	0.00141	0.00047
KRT42P	0.00731	0.00593	0.00489
KRT5	0.00013	0.01014	0
KRT6A	0.00162	0.00044	0.00024
KRT6B	0	0.00014	0
KRT7	2e-05	0.00388	0.00017
KRT75	9e-05	0.00309	0
KRT79	0	0.00027	0
KRT8	0.05367	0.06559	0.0756
KRT80	0.00016	0.00158	0.00033
KRT81	0.00069	7e-04	0.0021
KRT83	0.00042	0.0025	0.01126
KRT85	0.00048	0.00011	0
KRT86	0.00882	0.00172	5e-05
KRT8P41	0.00332	0.00521	0.00573
KRTAP1-5	0.00162	0.00141	0
KRTAP11-1	0.007	0.00047	0
KRTAP16-1	0.00153	0.00078	0
KRTAP21-1	0.00019	0.00221	0
KRTAP3-1	0.00047	0.00035	0
KRTAP4-11	5e-05	0.00065	0
KRTAP4-12	0.00051	0.00066	0
KRTAP4-6	0.00014	0.00021	0
KRTAP5-1	0.00019	0.00092	0
KRTAP5-10	0.00053	0.00069	0
KRTAP5-11	0.00023	0.00016	0
KRTAP5-2	0.00031	0.00183	0
KRTAP5-3	0	0.00012	0
KRTAP5-4	0	0.00016	0
KRTAP5-7	0.00081	0.00172	0.00163
KRTAP5-8	0.002	0.00295	0
KRTAP5-9	0.001	0.0035	0
KRTCAP2	0.65023	0.80231	0.82578
KRTCAP3	0.002	0.00464	0
KSR1	0.01226	0.03232	0.0329
KSR2	0.00015	0.0036	0.00089
KTI12	0.07451	0.14737	0.07703
KTN1	0.28039	0.29138	0.44536
KTN1-AS1	0.00318	0.00923	0.01245
KXD1	0.3465	0.55903	0.52132
KY	0.00034	0.00962	0
KYNU	0.42447	0.00055	0
L1CAM	0.00017	0.05393	0.00417
L1TD1	0.06389	0.07676	0.06031
L2HGDH	0.32744	0.4841	0.397
L3HYPDH	0.11554	0.25739	0.22178
L3MBTL1	0.01936	0.07595	0.06082
L3MBTL2	0.09402	0.16047	0.11153
L3MBTL3	0.01809	0.02027	0.00678
L3MBTL4	0.05011	0.05525	0.14704
LACC1	0.1015	0.0171	0.44399
AFG1L	0.02059	0.04359	0.0367
LACTB	0.12752	0.0454	0.03708
LACTB2	0.14613	0.16233	0.26783
LAG3	0.011	0.00941	0.00112
LAGE3	0.04591	0.11303	0.06254
LAIR1	1.24845	0.09301	0.07343
LAIR2	0.00985	1e-04	0
LALBA	2e-04	0.00086	0
LAMA1	1e-05	0.02023	0
LAMA2	0.0044	0.05885	0.03837
LAMA3	9e-05	0.00578	0.00016
LAMA4	0.00207	0.17272	0.015
LAMA5	0.00173	0.15454	0.00207
LAMB1	0.00246	0.11322	0.00119
LAMB2	0.07245	0.32501	0.02782
LAMB3	0.00707	0.02074	0.00221
LAMB4	0	0.01026	0
LAMC1	0.00278	0.0963	0.00335
LAMC2	0.00307	0.008	0.00253
LAMC3	0.00063	0.00149	0.01338
LAMP1	0.0617	0.05338	0.12623
LAMP2	0.82909	0.73187	2.60426
LAMP3	0.00866	0.01137	0.00938
LAMP5	0.00185	0.08145	0
LAMTOR1	0.73437	0.78378	1.06037
LAMTOR2	0.3842	0.45299	0.23316
LAMTOR3	0.19141	0.3351	0.14649
LAMTOR4	0.92336	1.09638	1.18458
LAMTOR5	0.55399	1.00327	0.9822
LANCL1	0.06191	0.33306	1.71391
LANCL2	0.02534	0.32011	0.07211
LANCL3	0.00179	0.0078	0
LAP3	0.83936	0.64633	1.06998
LAPTM4A	1.31189	1.18099	0.46416
LAPTM4B	0.01843	0.53914	0.17412
LAPTM5	3.27286	0.00911	0.01709
LARGE1	0.00866	0.05179	0.04045
LARP1	0.12097	0.22732	0.26531
LARP1B	0.05734	0.16093	0.08103
LARP4	0.18414	0.33898	0.2123
LARP4B	0.21	0.1426	0.15165
LARP6	0.00281	0.07949	1.14014
LARP7	0.2199	0.26463	0.22445
LARS	0.2123	0.54351	0.29882
LARS2	0.07026	0.14959	0.05186
LARS2-AS1	0.03205	0.0526	0.03682
LAS1L	0.14844	0.31594	0.20292
LASP1	0.44126	0.33402	0.03854
LAT	0.11032	0.0167	0.01979
LAT2	1.07105	0.02417	0.00204
LATS1	0.25883	0.37894	0.27576
LATS2	0.01733	0.01703	0.02233
LAX1	0.03012	0.00769	0.00827
LAYN	0.00364	0.02937	0.45752
LBH	0.08847	0.25246	0.00134
LBP	0.00072	0.00042	0
LBR	0.37001	0.41561	0.20973
LBX1	2e-05	0.00128	0
LBX2	0.00245	0.00336	0
LBX2-AS1	0.01332	0.00724	0
LCA5	0.00361	0.04531	0.06672
LCA5L	0.00351	0.01548	0.00763
LCAT	0.03019	0.14362	0.05131
LCE1D	0	0.00064	0
LCE1E	0	0.00142	0
LCK	0.16886	0.00049	0
LCLAT1	0.04805	0.17686	0.03344
LCMT1	0.21257	0.48587	0.50811
LCMT2	0.03761	0.10258	0.03621
LCN10	0	0.00083	0
LCN12	0.00011	0.00032	0.00089
LCN2	0	0.00089	0
LCN9	0	7e-04	0
LCNL1	0	0.00033	0.0112
LCOR	0.10809	0.08773	0.14041
LCORL	0.0906	0.18809	0.12929
LCP1	1.0447	0.00343	0.04652
LCP2	0.48776	0.00117	0.00928
LCT	0.00069	0.00111	0
LCTL	0.00088	0.03	0.00612
LDB1	0.08503	0.08031	0.06193
LDB2	0.00419	0.04994	0.0157
LDB3	0.00375	0.01122	0.54503
LDHA	1.90372	1.80373	0.62347
LDHAL6A	0.00944	0.01317	0.00822
LDHAL6B	0.00856	0.00175	0.00506
LDHB	1.10496	2.62558	2.06419
LDHC	0.00149	0.0022	0.01024
LDHD	0.04295	0.01433	0.09027
LDLR	0.04009	0.11724	0.074
LDLRAD1	0.00304	0.00378	0.00309
LDLRAD2	0.00044	0.0019	0.00124
LDLRAD3	0.04742	0.54387	0.54226
LDLRAD4	0.15379	0.06905	0.30842
LDLRAP1	0.06233	0.01281	0.53893
LDOC1	0.00947	0.22963	0.52891
RTL6	0.03071	0.27193	0.12485
LEAP2	0.13733	0.17763	0.06824
CNMD	0.00117	0.05138	0.15104
LECT2	1e-04	0.00062	0
LEF1	0.01259	0.02899	0
LEF1-AS1	0	0.00571	0
LEFTY1	0.00046	0.01198	0.00717
LEFTY2	5e-05	0.00395	0.00385
LEKR1	0.00715	0.01589	0
LEMD1	0.00032	0.06676	0
LEMD1-AS1	0.02445	0.03338	0.0219
LEMD2	0.0587	0.09273	0.07972
LEMD3	0.05671	0.09982	0.05191
LENEP	0.00014	0.00325	0
LENG1	0.10265	0.15187	0.20903
LENG8	0.16184	0.25691	0.17526
LEO1	0.09022	0.32194	0.22533
LEP	0.00537	0.00763	0.00296
LEPR	0.10456	0.12854	0.08971
P3H1	0.14453	0.1855	0.08628
P3H2	0.08042	0.03766	0.0455
P3H3	0.00048	0.05042	0.00406
P3H4	0.09975	0.31625	0.10034
LEPROT	0.48013	0.38121	0.3436
LEPROTL1	0.41086	0.744	0.462
LETM1	0.08306	0.19211	0.10526
LETM2	0.01443	0.04056	0.01893
LETMD1	0.25605	0.24902	0.25663
LFNG	0.02245	0.06697	0.00473
LGALS1	0.79167	0.75107	0.36308
LGALS12	0.00477	0.00103	0.00089
LGALS14	1e-04	0.00083	0
LGALS17A	0.00062	0.0021	0.00044
LGALS2	0.02415	0.0013	0.00097
LGALS3	0.56226	0.87413	0.1609
LGALS3BP	0.46563	0.77107	2.37059
LGALS4	0.00216	0.00767	0
LGALS7B	0.00017	0.00213	0.00489
LGALS8	0.23997	0.1566	0.14218
LGALS8-AS1	0.00057	0.0063	0.00252
LGALS9	0.83965	0.00922	0.00606
LGALS9B	0.00163	0.00033	0.00017
LGALS9C	0.0054	0.00202	0.00027
LGALSL	0.0034	0.1069	0.0183
LGI1	0.00263	0.04619	0
LGI2	0.00611	0.00727	0
LGI3	0.00012	0.00489	0.39419
LGI4	0.00084	0.03507	0.16506
LGMN	0.94171	0.26909	0.37055
LGR4	0.00781	0.06142	0.02644
LGR5	0.00039	0.06302	0.26054
LGR6	0.00227	0.05527	0
LGSN	0.00648	0.00565	0.00262
LHB	0.00721	0.00255	0.00709
LHCGR	6e-05	0.00076	0
LHFPL6	0.01469	0.62075	0.30248
LHFPL1	0.00086	0.00161	0
LHFPL2	0.52942	0.06552	0.04984
LHFPL3	0.00346	0.71523	0.08256
LHFPL3-AS1	0.00034	0.12132	0.00211
LHFPL4	0.01493	0.0623	0.00662
LHFPL5	0.02932	0.03068	0.01828
LHPP	0.06439	0.05204	0.94497
LHX2	0.00016	0.08952	0.00615
LHX4	0.00237	0.01495	0.01105
LHX5	0	0.00026	0
LHX6	2e-05	0.00149	0.00314
LHX9	0	0.01389	0
LIAS	0.1014	0.14453	0.13815
LIF	0.01621	0.01408	0.00029
LIFR	0.00251	0.11516	0.11619
LIG1	0.07689	0.20849	0.06092
LIG3	0.04802	0.2033	0.10841
LIG4	0.05844	0.09006	0.11127
LILRA1	0.21211	0.00018	0
LILRA2	0.46247	4e-05	0
LILRA4	0.12401	0.00016	0
LILRA5	0.06568	0.00249	0.00113
LILRA6	0.10327	0.0099	0.00434
LILRB1	0.45254	0.00525	0.00291
LILRB2	0.21223	0.00049	0.00022
LILRB3	0.21667	0.06158	0.04349
LILRB4	1.08519	0.00052	0
LILRB5	0.01442	2e-05	0.00039
LILRP2	0.00119	0.00025	7e-05
LIMA1	0.05066	0.91037	0.2287
LIMCH1	0.0041	0.17685	0.89591
LIMD1	0.09766	0.14561	0.0491
LIMD1-AS1	0.02543	0.03353	0.01201
LIMD2	0.17842	0.08957	0.00584
LIME1	0.1084	0.10217	0.02817
LIMK1	0.16521	0.06467	0.00763
LIMK2	0.18593	0.07677	0.06063
LIMS1	0.66682	0.21768	0.10872
LIMS2	0.00083	0.02077	0.01277
LIMS3	0.0895	0.02855	0.01959
LIMS4	0.09023	0.02862	0.01967
LIN28A	0.0157	0.02543	0.01818
LIN28B	4e-04	0.00653	0
LIN37	0.04854	0.10527	0.09079
LIN52	0.07882	0.15915	0.09225
LIN54	0.04893	0.08906	0.1049
LIN7A	0.0063	0.0896	0.00716
LIN7B	0.03149	0.09797	0.08897
LIN7C	0.1406	0.36223	0.19678
LIN9	0.01146	0.08417	0.01774
LINC-ROR	0.00085	0.00337	0.00258
ABHD11-AS1	0	0.00175	0
LINC00051	0.00123	0.00021	0
SMIM10L2A	0.00025	0.0055	0.00116
SMIM10L2B	1e-05	0.00232	0.00283
LINC00092	0.01732	0.03446	0.01639
BRD3OS	0.03796	0.20454	0.07286
LINC00102	0.01239	0.00751	0.00335
LINC00113	0.00127	0.00157	0.00122
LINC00114	0.0038	0.00393	0.00607
LINC00115	0.05613	0.09373	0.08876
MTLN	0.0459	0.06942	0.0533
CYTOR	0.15687	0.15455	0.00188
LINC00158	0.00035	0.00472	0.00099
LINC00161	0	0.00042	0.00506
LINC00163	0	0.00221	0
LINC00167	0.00837	0.01354	0.01695
LINC00173	0.00395	0.04088	0.00132
LINC00174	0.05755	0.0917	0.0541
C20orf204	0.00099	0.0031	0
LINC00184	0.00163	0.00174	0
LINC00189	0.01152	0.01305	0.00764
LINC00200	0.00189	3e-04	0
FAM238B	9e-04	6e-04	6e-05
LINC00222	7e-05	0.00162	0.00031
CCDC196	6e-05	0.00112	0
LINC00240	0.00202	0.01784	0.01586
LINC00242	0.00098	0.00909	0
LINC00261	0.00011	0.00059	1e-04
OLMALINC	0.08434	0.12279	0.65447
FAM238A	0.00558	0.00048	0
LINC00265	0.06752	0.18626	0.08155
LINC00266-1	0.0092	0.02154	0.00917
LINC00271	0.00041	0.01558	0.00373
LINC00273	0.00052	0.00027	0
EWSAT1	0	0.0026	0
LINC00278	0.05436	0.00042	0
LINC00284	0	0.00127	0.00124
LINC00293	0.00011	0.00067	0.00011
LINC00299	0.00283	0.00545	0
LINC00303	0	0.00113	0.00028
LINC00304	0.00076	0.00124	0
LINC00308	0	0.00114	0
LINC00309	0.00204	0.00035	0
LINC00310	0.00587	0.01142	0.00465
LINC00311	0.02966	0.04254	0.02399
LINC00313	0.00035	0.00104	0
LINC00314	0.00138	0.00446	0.00217
LINC00319	6e-04	0.00063	0.00202
LINC00320	0.00038	0.01663	0.86895
LINC00323	0.00015	0.00096	0.12328
LINC00324	0.0574	0.01408	0.01166
LINC00326	0.00104	0.00085	0.00367
LINC00327	0.0272	0.04068	0.02412
LINC00330	0.02113	0.02266	0.01423
LINC00331	0.00175	0.00336	0.00229
LINC00333	0.00019	0.00081	0
LINC00336	0.00065	0.00031	0
SNHG20	0.10871	0.22287	0.10891
LINC00339	0.09535	0.11276	0.07293
LINC00346	0.03281	0.02468	0.01707
LINC00348	0.00074	0.00315	0.00868
LINC00351	1e-04	0.00013	0.00051
LINC00353	0.00019	0.00047	0
LINC00366	0.00126	0.00192	0
LINC00379	0.00113	0.00059	0
LINC00381	0.00637	0.01076	0.00986
LINC00398	0.00276	0.00099	0
LINC00410	0.00656	0.01182	0.00921
LINC00421	0.00248	0.00038	0
LINC00423	0	0.00039	0
LINC00426	0.01354	0.00072	0
RB1-DT	0.00623	0.00757	0.00383
LINC00460	0	0.00236	0
LINC00461	0.00394	0.51469	0.02811
LINC00466	0.00549	0.0099	0.00698
LINC00467	0.01593	0.0672	0.04931
LINC00470	0.00298	0.00302	0.00486
LINC00471	0.01089	0.02453	0.00848
LINC00472	0.00237	0.03948	0.00571
LINC00475	0.00031	0.00264	0
LINC00476	0.05192	0.1133	0.11184
LINC00477	0.0058	0.00374	0.00179
MIR99AHG	0.01466	0.21951	0.03543
LINC00482	0.00095	0.00064	0.00011
ANKRD40CL	0.02399	0.02602	0.01858
LINC00485	0.04893	0.06311	0.05172
LINC00486	0	0.00117	0.02626
LINC00487	0.0032	0.00612	0
LINC00488	0.00252	0.00441	0.00222
SMIM26	0.30259	0.52865	0.48441
LINC00494	0.00058	0.00029	0
LINC00507	0.09497	0.12307	0.08061
LINC00511	0.0014	0.0074	0.00252
LINC00514	0.0319	0.03881	0.02667
LINC00515	0.01147	0.02817	0.02369
LINC00518	0.00052	0.00139	0.00056
LINC00520	0.00138	0.00146	0.00011
CCDC197	0.0019	0.00245	0.00012
LINC00525	0.00152	0.00346	0
LINC00526	0.02623	0.11004	0.09348
LINC00534	0.00081	0.00131	0.00058
LINC00535	0.00034	0.00611	0.00079
LINC00536	0.00013	0.00115	5e-05
LINC00551	0	0.00157	0
LINC00558	0.00049	0.00075	0
LINC00559	0.00398	0.00479	0.00262
LINC00565	0.00269	0.00706	9e-05
FALEC	0.00627	0.01422	0.00898
LINC00570	7e-05	0.00052	0
LINC00571	0.00266	0.00357	0
LINC00574	0.01845	0.04459	0.02918
LINC00575	0.00025	0.00617	0.0018
LINC00578	0.04616	0.01559	0.00849
LINC00582	0	0.0013	0
LINC00588	9e-04	0.00335	0
LINC00589	6e-05	0.00056	0
LINC00598	0.01367	0.0227	0.01699
LINC00599	1e-05	0.08737	0
LINC00601	0.00029	0.00352	0.03079
LINC00605	0.0013	0.00262	0.00134
LINC00606	3e-05	0.00356	0.00617
LINC00607	0.00242	6e-04	0
LINC00609	3e-04	0.02114	0.04359
LINC00612	0.02169	0.02321	0.02761
LINC00615	0.00055	0.00053	0.00124
LINC00616	0.00045	0.00049	0
TUNAR	0.00119	0.00661	0.00047
LINC00620	0.00696	0.01503	0.00544
LINC00622	0.0023	0.00732	0
LINC00629	0.02595	0.04301	0.03621
LINC00630	0.01525	0.06713	0.03021
ETDB	0.00013	0.00218	0
LINC00634	0	0.00874	0.00016
LINC00635	0.00058	0.00054	0
LINC00636	0	0.00119	0.00268
LINC00637	0.0089	0.01235	0.01217
LINC00638	0.00621	0.01469	0.0078
LINC00639	0.00564	0.02011	0.36532
LINC00640	0.00016	0.00305	0
LINC00641	0.12138	0.19581	0.06468
LINC00642	0.00039	0.00103	0
LINC00643	0.00475	0.22917	0.00836
LINC00645	0.00014	0.03217	0
LINC00648	0.00225	0.0161	0.00317
LINC00649	0.11022	0.14708	0.09566
LINC00652	0.00919	0.02442	0.0101
LINC00654	0.01332	0.0407	0.00297
NORAD	0.18687	0.41582	0.3217
LINC00662	0.02956	0.12391	0.06805
LINC00663	0.0313	0.05683	0.03727
LINC00665	0.05955	0.28404	0.12477
LINC00667	0.0908	0.18292	0.144
LINC00668	0.00064	0.002	0.00037
AC016205.1	1e-05	0.03301	2e-04
LINC00670	0.07198	0.11835	0.09465
LINC00671	0.01232	0.01445	0.01099
LINC00672	0.05206	0.08506	0.14438
LINC00674	0.1439	0.27752	0.25076
TMEM238L	0.00114	0.01198	0
LINC00685	0.0956	0.18184	0.24256
LINC00689	0.00134	0.17948	0.00492
LINC00691	0.00306	0.00741	0.00153
LINC00692	0.00023	0.00035	0
LINC00698	2e-05	0.00092	0
LINC00700	0.0112	0.01182	0.00826
LINC00701	2e-05	0.00048	0.00016
MANCR	0.00014	0.00031	0.00051
LINC00707	0.00587	0.01905	0.01093
LINC00837	5e-05	0.00041	0.00109
LINC00838	7e-05	0.00015	0
LINC00839	0.00744	0.09952	0.00724
LINC00840	0.00023	0.00034	0
LINC00847	0.12096	0.12555	0.16451
LINC00852	0.06482	0.04588	0.02385
LINC00853	0.00151	0.00104	0
CCDC200	0.06861	0.01042	0.00227
LINC00856	0.00304	0.00893	0
LINC00857	0.0038	0.00401	0.00246
LINC00858	0.00017	0.00223	0
LINGO1	3e-04	0.05367	0.02491
LINGO2	0.00088	0.0027	0
LINGO3	0.00614	0.00142	0
LINGO4	0	0.00227	0
LINS1	0.08265	0.12185	0.10201
LIPA	1.38167	0.20852	1.60605
LIPC	0.02098	0.00345	0.00072
LIPE	0.0122	0.03117	0.23023
LIPF	5e-05	0.00078	0
LIPG	0.01349	0.02203	0
LIPH	0.00012	0.00191	7e-05
LIPI	2e-04	0.0012	0
LIPJ	0.00018	0.00124	0
LIPN	0.04023	6e-05	0
LIPT1	0.06649	0.11862	0.09915
LIPT2	0.01492	0.03265	0.01399
LITAF	1.1398	0.30655	1.18814
LIX1	0.00103	0.03806	0.01352
LLGL1	0.04924	0.17487	0.68186
LLGL2	0.02825	0.00728	0.04322
LLPH	0.24564	0.3404	0.24532
LMAN1	0.23067	0.30502	0.21928
LMAN1L	1e-05	0.00046	0
LMAN2	0.60369	0.77041	0.39437
LMAN2L	0.06749	0.21888	0.11994
LMBR1	0.03498	0.19667	0.07695
LMBR1L	0.20564	0.2362	0.10948
LMBRD1	0.60122	0.33687	1.10395
LMBRD2	0.05949	0.13474	0.09892
LMCD1	0.00357	0.11827	0.15208
LMCD1-AS1	0.00718	0.04222	0.11048
LMF1	0.08095	0.53295	0.72637
LMF2	0.16802	0.19977	0.22649
LMLN	0.02287	0.05372	0.0478
LMNA	0.32363	0.56936	1.05841
LMNB1	0.02654	0.17957	8e-05
LMNB2	0.03451	0.18322	0.03187
LMO1	0.00561	0.19578	0.0037
LMO2	0.08094	0.08656	0
LMO3	0.00442	0.28539	0.00311
LMO4	0.03352	0.19811	0.06713
LMO7	0.02384	0.02779	0.01826
LMOD1	0.00093	0.01126	0.0019
LMOD2	0.00143	0.003	0
LMOD3	0.02071	0.02382	0.03544
LMTK2	0.02184	0.09441	0.04923
LMTK3	1e-05	0.0025	0.00047
LMX1B	0.01003	0.01434	0.00878
LNP1	0.00374	0.0679	0.03064
LNPEP	0.28034	0.18087	0.25767
LNX1	0.00855	0.16541	0.00672
LNX1-AS1	0	0.00239	0
LNX1-AS2	0.00025	0.00127	0
LNX2	0.03151	0.04873	0.02727
ARHGAP27P2	0.00034	0.00024	0
BORCS5	0.09536	0.14406	0.17594
LOH12CR2	0.09217	0.15756	0.11034
LONP1	0.07419	0.19346	0.12914
LONP2	0.2731	0.39672	0.27045
LONRF1	0.01468	0.06506	0.02723
LONRF2	0.00297	0.08411	0.03632
LONRF3	0.06718	0.02773	0.01276
LOX	0.00826	0.06153	0.00277
LOXHD1	0.00108	0.00066	0
LOXL1	0.00014	0.01239	0
LOXL1-AS1	0.00428	0.01903	0.00159
LOXL2	0.00727	0.07239	0.01003
LOXL3	0.23263	0.2524	0.00392
LOXL4	0.00458	0.12366	0.00068
LPA	7e-05	0.00026	0.00011
LPAL2	0.15098	0.24201	0.17837
LPAR1	0.07372	0.09461	1.22065
LPAR2	0.13611	0.0706	0.00151
LPAR3	5e-05	4e-04	0
LPAR4	0.00014	0.0269	0.00352
LPAR5	0.53599	0.0021	0
LPAR6	1.09208	0.11091	0.00543
LPCAT1	0.11287	0.10569	0.00189
LPCAT2	0.6795	0.04335	0.13638
LPCAT3	0.14412	0.21843	0.16153
LPCAT4	0.01702	0.03015	0.00955
LPGAT1	0.0514	0.08552	0.28012
ADGRL1	0.00389	0.05742	0.0331
ADGRL2	0.00051	0.06721	0.00194
ADGRL3	0.00021	0.26333	0.07493
LPIN1	0.15877	0.20265	0.18385
LPIN2	0.21457	0.12104	0.08298
LPIN3	0.03304	0.04216	0.02005
LPL	0.20814	0.30476	0.02258
LPO	0.00077	0.00038	0
LPP	0.19132	0.27638	0.13993
LPP-AS2	0.01016	0.03278	0.01535
PLPPR1	0.00183	0.50355	0.94549
PLPPR3	0.00147	0.00468	0
PLPPR4	6e-05	0.10939	0.00199
PLPPR5	0.00164	0.05042	0.00016
LPXN	0.62145	0.05799	0.09035
LRAT	0.00544	0.01368	0.00608
LRBA	0.09135	0.06849	0.04079
LRCH1	0.08895	0.03794	0.00085
LRCH2	0.00015	0.03562	0.02797
LRCH3	0.1452	0.3826	0.34089
LRCH4	0.10234	0.06043	0.0292
LRCOL1	9e-04	0.00327	0
LRFN1	0.00288	0.0037	0
LRFN2	0	0.0051	0
LRFN3	0.00446	0.02154	0.01011
LRFN4	0.00376	0.03099	0.00883
LRFN5	1e-05	0.02257	0
LRG1	0.04339	0.02233	0.01398
LRGUK	0.00394	0.03952	0.00107
LRIF1	0.12863	0.23971	0.10373
LRIG1	0.03192	0.15188	0.17675
LRIG2	0.08653	0.15839	0.17483
LRIG3	0.00313	0.03068	0.07333
LRIT2	0.00017	0.00194	0
LRIT3	9e-04	0.00344	0
LRMP	0.28457	0.00658	0
LRP1	0.42898	0.58345	0.03229
LRP10	0.13643	0.11791	0.11001
LRP11	0.00706	0.04018	0.0903
LRP12	0.01777	0.14409	0.03453
LRP1B	0.00101	0.09746	0.03945
LRP2	0.00024	0.00402	0.33971
LRP2BP	0.01437	0.06426	0.01492
LRP3	0.01677	0.0721	0.00041
LRP4	0.00112	0.18574	0.32217
LRP4-AS1	0.00594	0.02985	0.03002
LRP5	0.00217	0.07304	0.01394
LRP5L	0.02518	0.03442	0.02215
LRP6	0.00733	0.24356	0.12598
LRP8	0.01236	0.07242	0.00864
LRPAP1	0.24128	0.25877	0.20385
LRPPRC	0.15718	0.36679	0.32022
LRR1	0.06884	0.13199	0.01659
LRRC1	0.00431	0.05616	0.13862
LRRC10	0.00107	0.00432	0.00099
LRRC10B	0	0.00653	0
LRRC14	0.04464	0.11213	0.08405
LRRC14B	0	0.00057	0
LRRC15	7e-05	0.00053	0.00249
CARMIL1	0.02729	0.12862	0
CARMIL3	0.00128	0.02046	0.00558
LRRC17	0.00574	0.12199	0.00088
LRRC18	0.01945	0.00189	0.00022
LRRC19	0.00777	0.01217	0.01389
LRRC2	0.02031	0.02816	0.01395
LRRC20	0.01104	0.05454	0.00858
LRRC23	0.02234	0.08761	0.08832
LRRC24	0.00232	0.02394	0.00416
LRRC25	0.43694	0.0204	0.01083
LRRC26	1e-04	0.00151	0
LRRC27	0.04912	0.11689	0.06659
LRRC28	0.09664	0.14724	0.16654
LRRC29	0.0264	0.04361	0.05563
LRRC3	0.00601	0.00728	0.00459
LRRC31	0.00011	0.00017	0
LRRC32	0.00136	0.00141	0
LRRC34	0.01315	0.09823	0.0147
LRRC36	0.00371	0.00466	0.00239
LRRC37A	0.04642	0.0576	0.03656
LRRC37A11P	0.00045	0.00104	7e-05
LRRC37A2	0.11872	0.16466	0.11494
LRRC37A3	0.03983	0.102	0.04002
LRRC37A4P	0.11383	0.16743	0.13728
LRRC37A6P	0.06467	0.00551	0.00106
LRRC37B	0.03459	0.07769	0.03945
LRRC37BP1	0.11809	0.2423	0.14361
LRRC38	0.00035	0.00019	0
LRRC39	0.0289	0.02323	0.015
LRRC3B	0	0.01888	0
LRRC3C	0	0.00066	0
LRRC4	0.02907	0.07168	0.00332
LRRC40	0.10181	0.30203	0.14385
LRRC41	0.2358	0.54164	0.39431
LRRC42	0.04707	0.21751	0.0907
LRRC43	0.00195	0.00471	0
LRRC45	0.0116	0.03703	0.01348
LRRC46	0.00698	0.01536	0
LRRC47	0.07728	0.22666	0.16882
DRC3	0.00915	0.04322	0.01846
LRRC49	0.00175	0.19095	0.02924
LRRC4B	0.00028	0.0258	0.01676
LRRC4C	0.00013	0.27069	0.12112
LRRC55	5e-05	0.00567	0
LRRC56	0.00368	0.00945	0.00325
LRRC57	0.19682	0.26983	0.17353
LRRC58	0.13312	0.32742	0.28531
LRRC59	0.15013	0.3003	0.15535
LRRC6	0.01697	0.02191	0.00077
LRRC61	0.01786	0.11588	0.00801
LRRC66	0.00114	0.01597	0.0038
LRRC69	0.0081	0.00803	0.00452
LRRC7	1e-05	0.00598	0.06112
LRRC70	0.00989	0.01036	0
LRRC71	0.00028	0.00112	9e-04
LRRC73	0	0.00653	0
LRRC8A	0.02531	0.18098	0.11908
LRRC8B	0.03287	0.07418	0.13147
LRRC8C	0.2389	0.01896	0.07638
LRRC8D	0.10087	0.12804	0.31574
LRRC8E	0.00117	0.00559	0.00104
LRRC9	0.00011	0.00312	0.00031
LRRCC1	0.0417	0.14291	0.10422
LRRD1	0.00041	0.01502	0.00872
LRRFIP1	0.63846	0.22151	0.03574
LRRFIP2	0.1016	0.20361	0.43805
LRRIQ1	3e-05	0.00456	0.002
LRRIQ3	0.01036	0.0071	0.00551
LRRIQ4	0	0.0021	0
LRRK1	0.075	0.00345	0.00073
LRRK2	0.12856	0.13257	0.00023
LRRN1	0.00071	0.43566	0.01409
LRRN2	0.00257	0.07033	0
LRRN3	0.0078	0.44649	0.01563
LRRN4	0.00041	0.00421	0
LRRN4CL	0.04242	0.06729	0.04541
LRRTM1	0.00027	0.06359	0
LRRTM2	0.02336	0.47733	0.26067
LRRTM3	0.00053	0.13008	0.10195
LRRTM4	0	0.09123	0.01768
LRSAM1	0.1083	0.13982	0.0628
LRTM1	0	0.00524	0
LRTM2	2e-05	0.00094	0
LRTOMT	0.21493	0.32388	0.2685
LRWD1	0.04703	0.31198	0.12552
LSAMP	0.00227	0.42006	0.19418
LSG1	0.14018	0.33147	0.17442
LSM1	0.25031	0.49303	0.29476
LSM10	0.30517	0.40376	0.25747
LSM11	0.00354	0.00679	0.00434
LSM12	0.32445	0.62988	0.36488
LSM14A	0.28794	0.54523	0.3854
LSM14B	0.01136	0.03989	0.03258
LSM2	0.20698	0.50919	0.38627
LSM3	0.36681	0.73599	0.53177
LSM4	0.28646	0.62334	0.31856
LSM5	0.12055	0.46465	0.12614
LSM6	0.20234	0.3414	0.13519
LSM7	0.2482	0.90019	0.34962
NAA38	0.15215	0.2315	0.25678
LSP1	0.86594	0.02567	0.00352
LSP1P3	0	0.00103	0
LSR	0.0131	0.01005	0.01272
LSS	0.0542	0.24559	0.75992
LST1	0.71779	0.00864	0
LTA	0.00448	0.00371	0.00045
LTA4H	0.57019	0.36969	0.13045
LTB	0.08476	0.00162	0
LTB4R	0.06837	0.03641	0.0057
LTB4R2	0.01855	0.00825	0
LTBP1	0.00018	0.07914	0.05658
LTBP2	0.02567	0.00909	0.00234
LTBP3	0.03415	0.14019	0.06394
LTBP4	0.04771	0.05343	0.0308
LTBR	0.55385	0.03959	0.05188
LTC4S	0.47597	0.00743	0.00264
LTF	0.00233	0.01443	0
LTK	0.00024	0.00292	0
LTN1	0.08733	0.15922	0.20333
LTV1	0.16652	0.31068	0.16289
LUC7L	0.24286	0.64594	0.28839
C7orf55-LUC7L2	0.20568	0.49488	0.33772
LUC7L3	0.59871	1.09226	0.83846
LUM	0.0042	0.01771	0
LURAP1	0.05553	0.06291	0.29818
LURAP1L	0.00038	0.02202	0.20418
LUZP1	0.1175	0.09367	0.0133
LUZP2	0.00483	0.17298	0.04146
LUZP6	0.24731	0.47715	0.12932
LXN	0.10586	0.0111	0.00056
LY6E	0.27701	0.21679	0.00114
LY6G5B	0.07253	0.15929	0.10251
LY6G5C	0.03467	0.08285	0.03243
LY6G6C	0.00307	0.00827	0
LY6G6D	3e-04	0.00188	0
LY6G6E	0.00012	0.00076	0.00025
LY6G6F	0	0.00055	0.00162
LY6H	2e-04	0.04099	0
LY6K	0.00284	0.0023	0.00408
LY75	0.12504	0.02518	0.01052
LY75-CD302	0.07494	0.00227	0.00171
LY86	1.21849	0.0011	0.00032
LY86-AS1	0.00507	0.00603	0.0051
LY9	0.03469	0.00054	0
LY96	0.58901	0.03314	0.01929
LYAR	0.10404	0.138	0.0918
LYG1	0.01683	0.02611	0.02309
LYG2	0.00388	0.00978	0.00486
LYL1	0.01364	0.00031	0
LYN	0.26299	0.02653	0
LYNX1	0.02084	0.03245	0.07725
LYPD1	0.00301	0.24689	0.01142
LYPD3	0.00912	0.00224	0.01041
LYPD5	0.00691	0.02969	0.04625
LYPD6	6e-05	0.07609	0.00721
LYPD6B	0	0.00541	0
LYPLA1	0.48434	0.5103	0.05671
LYPLA2	0.20526	0.30434	0.11819
LYPLAL1	0.20813	0.23502	0.41305
LYRM1	0.07727	0.25239	0.09672
LYRM2	0.10858	0.2513	0.1864
LYRM4	0.22153	0.40237	0.2846
ETFRF1	0.18047	0.56707	1.07961
LYRM7	0.11744	0.24984	0.26567
LYRM9	0.05714	0.12302	0.07207
LYSMD1	0.03556	0.16538	0.08796
LYSMD2	0.24017	0.12509	0.07466
LYSMD3	0.14205	0.11001	0.10684
LYSMD4	0.03869	0.04419	0.05244
LYST	0.14957	0.12765	0.06944
LYVE1	0.19681	0.00035	0.00165
LYZ	1.64123	0.20067	0.15251
LZIC	0.13802	0.34979	0.52083
LZTFL1	0.03845	0.1129	0.0585
LZTR1	0.07554	0.12336	0.09352
LZTS1	0.01194	0.15902	0.00211
LZTS1-AS1	0.00037	0.01588	0
LZTS2	0.033	0.05346	0.36468
M1AP	0.05173	0.00322	0.00078
M6PR	0.87325	0.53701	0.54978
MAATS1	0.00165	0.02053	0.00024
MAB21L1	0.00107	0.03901	0
MAB21L2	7e-05	0.00138	0
MAB21L3	0.18978	0.32186	0.23267
MACC1	0.02673	0.01227	0.00592
MACC1-AS1	0.00012	0.00432	0
MACF1	0.16347	0.24351	0.27168
MACROD1	0.00456	0.04972	0.00624
MACROD2	0.00041	0.00704	0.00564
MACROD2-AS1	0.00314	0.00498	0.00047
MAD1L1	0.11566	0.22504	0.15061
MAD2L1	0.06477	0.41546	0.03328
MAD2L1BP	0.10043	0.25769	0.09302
MAD2L2	0.16141	0.70852	0.34585
MADCAM1	9e-05	0.00153	0.00202
MADD	0.14956	0.17244	0.20778
MAEA	0.25618	0.3455	0.25941
MAEL	0.00196	0.03671	0.00778
MAF	0.24389	0.05347	0.00332
MAF1	0.29936	0.39665	0.34127
MAFA	0.00014	0.00032	0
MAFB	0.53616	0.05576	0.0161
MAFF	0.31259	0.22169	0.22364
MAFG	0.07242	0.0775	0.09852
MAFG-DT	0.00108	0.01382	0.00788
MAFK	0.03412	0.01747	0.04402
MAG	0.00424	0.00684	3.29804
MAGEA1	0	0.00493	0
MAGEA10	0.01479	0.01833	0.01006
MAGEA11	0	0.00091	0
MAGEA12	0.00107	0.01257	0
MAGEA2	0	0.00156	0
MAGEA2B	0	0.00562	0
MAGEA3	0	0.01281	0
MAGEA5	1e-05	0.00039	0
MAGEA6	0	0.01296	0
MAGEA8	0	0.00071	0
MAGEA9B	0.00029	0.00048	0
MAGEB10	0.01822	0.02626	0.02072
MAGEC1	5e-05	0.00089	0
MAGEC3	0	0.001	0.00448
MAGED1	0.10503	1.51358	0.29299
MAGED2	0.47314	1.26255	0.70333
MAGED4	0.00025	0.09907	0.005
MAGED4B	0.00048	0.16227	0.00898
MAGEE1	0.00063	0.01706	0.04204
MAGEE2	4e-05	0.02984	0.00038
MAGEF1	0.04998	0.27145	0.14368
MAGEH1	0.10384	0.5349	0.78208
MAGEL2	1e-04	0.02726	0
MAGI1	0.0041	0.23308	0.0781
MAGI1-AS1	0.00023	0.00352	0.00237
MAGI2	0.00079	0.23794	0.26628
MAGI2-AS2	0	0.00107	0.00672
MAGI2-AS3	0.00637	0.27659	0.41615
MAGI3	0.00724	0.04213	0.00319
MAGOH	0.14797	0.26769	0.12009
MAGOH2P	0.0079	0.008	0.00089
MAGOHB	0.05536	0.17317	0.07736
MAGT1	0.36378	0.25408	0.55287
MAK	0.01423	0.03258	0.01064
MAK16	0.05118	0.16327	0.09885
MAL	0.01702	0.02136	1.87915
MAL2	0.00023	0.0062	0.00622
MALAT1	3.42303	3.34259	2.94609
MALL	0.00545	0.01329	0.00502
MALSU1	0.15227	0.59711	0.42446
MALT1	0.09609	0.03632	0.00637
MAMDC2	0.03351	0.03444	0.0012
MAMDC4	0.00479	0.02805	0.00448
MAML1	0.08152	0.13951	0.08363
MAML2	0.1056	0.29618	0.05171
MAML3	0.10232	0.02337	0.02199
MAMLD1	0.00995	0.09732	0.00937
MAMSTR	0.00508	0.02561	0.00993
MAN1A1	0.10747	0.00462	0
MAN1A2	0.05733	0.10411	0.07255
MAN1B1	0.19615	0.24644	0.20575
MAN1C1	0.0206	0.01564	0.02008
MAN2A1	0.14166	0.05623	0.48836
MAN2A2	0.10722	0.17817	0.78508
MAN2B1	0.93095	0.1882	0.17728
MAN2B2	0.26501	0.14608	0.21656
MAN2C1	0.2797	0.28807	0.22181
MANBA	0.42479	0.08778	0.06734
MANBAL	0.13671	0.53024	0.26133
MANEA	0.06844	0.13285	0.10161
MANEAL	0.04703	0.12734	0.06515
MANF	0.10824	0.24784	0.11331
MANSC1	0.02372	0.13059	0.14773
MANSC4	4e-05	0.00704	0
MAOA	0.01176	0.06131	0.00762
MAOB	0.01338	0.20102	0.03471
MAP10	0.00804	0.04925	0.02684
MAP1A	0.00884	0.23397	0.79931
MAP1B	0.01306	0.91791	1.08301
MAP1LC3A	0.05148	0.35794	0.42029
MAP1LC3B	0.98638	1.15946	1.50571
MAP1LC3C	0.11229	0.1496	0.10028
MAP1S	0.20311	0.20684	0.16015
MAP2	0.00557	1.18813	0.01934
MAP2K1	0.18692	0.12428	0.10828
MAP2K2	0.07209	0.19806	0.11696
MAP2K3	0.35994	0.15601	0.09987
MAP2K4	0.02449	0.08037	0.10668
MAP2K4P1	0.00367	0.00173	5e-05
MAP2K5	0.10314	0.25516	0.20314
MAP2K6	0.04932	0.07087	0.05681
MAP2K7	0.01227	0.02202	0.0237
MAP3K1	0.07128	0.16723	0.01395
MAP3K10	0.00202	0.00707	0.00548
MAP3K11	0.10352	0.03769	0.19578
MAP3K12	0.03379	0.12596	0.05049
MAP3K13	0.19163	0.49577	0.35579
MAP3K14	0.05782	0.04748	0.01399
MAP3K14-AS1	0.00751	0.01177	0.00493
MAP3K15	0.00014	0.00295	0.00051
MAP3K19	0.00219	0.00268	0.00032
MAP3K2	0.20599	0.13801	0.14642
MAP3K3	0.09563	0.04097	0.03255
MAP3K4	0.06428	0.15491	0.06189
MAP3K5	0.07184	0.01769	3e-05
MAP3K6	0.0184	0.01803	0.00277
MAP3K7	0.14994	0.22363	0.2533
MAP3K8	0.73452	0.01325	0
MAP3K9	0.01311	0.01922	0.00956
MAP4	0.2736	0.61945	0.48196
MAP4K1	0.11602	0.00591	0.00104
MAP4K2	0.06968	0.03353	0.05482
MAP4K3	0.04139	0.09054	0.04528
MAP4K4	0.10144	0.27361	0.35515
MAP4K5	0.09455	0.23359	0.57763
MAP6	0.00018	0.07348	0.01539
MAP6D1	0.00482	0.034	0.51183
MAP7	0.00972	0.01293	0.71436
MAP7D1	0.06383	0.08484	0.33009
MAP7D2	0.00019	0.02204	0.00072
MAP7D3	0.07298	0.08071	0.03211
MAP9	0.01041	0.12406	0.05945
MAPK1	0.1354	0.19898	0.10998
MAPK10	0.00513	0.27463	0.11256
MAPK11	0.00135	0.01467	0
MAPK12	0.00066	0.0709	2e-04
MAPK13	0.07155	0.03898	0.0263
MAPK14	0.10955	0.08879	0.04407
MAPK15	0.00013	0.00155	0
MAPK1IP1L	0.43714	0.65254	0.26694
MAPK3	0.0709	0.12979	0.21912
MAPK4	0.00012	0.05315	0.0034
MAPK6	0.15684	0.40534	0.3441
MAPK7	0.03729	0.11514	0.04213
MAPK8	0.03617	0.09097	0.04409
MAPK8IP1	0.0025	0.13263	0.6634
MAPK8IP2	7e-05	0.0242	0.00564
MAPK8IP3	0.0668	0.15483	0.19871
MAPK9	0.05469	0.10332	0.11591
MAPKAP1	0.10758	0.12826	0.03319
MAPKAPK2	0.03834	0.02812	0.02687
MAPKAPK3	0.32733	0.08334	0.06117
MAPKAPK5	0.03213	0.09681	0.04672
MAPKAPK5-AS1	0.14603	0.2701	0.16869
MAPKBP1	0.04586	0.09316	0.1262
MAPRE1	0.65996	0.79194	0.59141
MAPRE2	0.31372	0.41475	1.14304
MAPRE3	0.01833	0.12704	0.20908
MAPT	0.00656	0.23842	0.42219
MAPT-AS1	0	0.01425	0.00678
MARC1	0.00953	0.12297	0.0247
MARC2	0.0041	0.04448	0.00032
MARCH1	0.45462	0.13143	0.22102
MARCH10	9e-05	0.01949	0.0218
MARCH2	0.13407	0.06306	0.09627
MARCH3	0.10563	0.05967	0.00445
MARCH4	3e-05	0.00626	7e-05
MARCH5	0.15391	0.27292	0.18673
MARCH6	0.38314	0.90743	0.86856
MARCH7	0.45949	0.51828	0.32969
MARCH8	0.02875	0.03812	0.04904
MARCH9	0.01812	0.13466	0.01423
MARCKSL1	0.02773	0.94677	1.30772
MARCO	0.13714	0.00308	0
MARK1	0.00068	0.12478	0.01703
MARK2	0.02337	0.02784	0.03652
MARK2P9	0.00196	0.00447	0.00735
MARK3	0.09639	0.17252	0.16765
MARK4	0.00737	0.02294	0.01098
MARS	0.33355	0.7175	0.36345
MARS2	0.02969	0.14312	0.10941
MARVELD1	0.03182	0.02929	0.00664
MARVELD2	0.00717	0.01189	0.00573
MARVELD3	0.0491	0.07619	0.04815
MASP1	0.00336	0.15983	0.00042
MASP2	0.00587	0.01859	0.00539
MAST1	0.00367	0.10953	6e-04
MAST2	0.01724	0.09065	0.04041
MAST3	0.1638	0.05377	0.42918
MAST4	0.00953	0.05433	0.03799
MASTL	0.09511	0.10518	0.07632
MAT2A	1.41286	1.29609	1.59968
MAT2B	0.65859	0.45862	0.47927
MATK	0.02125	0.00166	0
MATN1	0.00122	0.00273	0.00729
MATN1-AS1	0.01638	0.01065	0.04322
MATN2	0.00592	0.2775	0.23448
MATN3	0.00119	0.00215	0.00331
MATN4	0	0.01512	0
MATR3	0.63432	1.29953	1.02183
MAU2	0.1425	0.27181	0.2755
MAVS	0.16779	0.25955	0.21101
MAX	0.34418	0.25559	0.27159
MAZ	0.07837	0.20786	0.06746
CGAS	0.08408	0.01917	0.01724
MB21D2	0.08764	0.06824	0.00648
MBD1	0.19335	0.36856	0.27188
MBD2	0.0634	0.06545	0.05325
MBD3	0.06586	0.20933	0.09322
MBD4	0.32116	0.21419	0.15908
MBD5	0.02613	0.11682	0.08233
MBD6	0.05442	0.09048	0.05394
MBIP	0.11199	0.3079	0.19253
MBL1P	0.00216	0.00224	0
MBLAC1	0.0011	0.00785	0.00076
MBLAC2	0.02041	0.06678	0.11881
MBNL1	0.58752	0.24613	0.27603
MBNL1-AS1	0.03112	0.0097	0.0054
MBNL2	0.23621	0.18722	1.15962
MBNL3	0.02895	0.03133	0.00271
MBOAT1	0.23227	0.24055	0.28481
MBOAT2	0.03135	0.31651	0.3502
MBOAT4	0.00716	0.00795	0
MBOAT7	0.13912	0.15887	0.0539
MBP	0.22998	0.10941	4.26354
MBTD1	0.02404	0.04238	0.02246
MBTPS1	0.19795	0.3318	0.22648
MBTPS2	0.09237	0.20344	0.11268
MC1R	0.01078	0.03777	0.01095
MC2R	0.00185	0.00239	0.00171
MC4R	0	0.00466	0
MC5R	0	0.00142	0
MCAM	0.01995	0.26263	0.42644
MCAT	0.02828	0.12828	0.07615
MCC	0.01802	0.11291	0.01161
MCCC1	0.19389	0.32008	0.20601
MCCC2	0.13314	0.30692	0.22092
MCCD1	0	0.00032	0
MCEE	0.1252	0.18472	0.16426
MCF2	0.00311	0.00564	0.00869
MCF2L	0.05236	0.05378	0.11953
MCF2L-AS1	0.00731	0.0281	0
MCF2L2	0.01661	0.03255	0.06513
MCFD2	0.30173	0.54876	0.27009
MCHR1	0.00357	0.03782	0.00013
MCHR2	0.00073	0.00148	0.00051
MCL1	1.17261	0.67708	0.22814
MCM10	0.00415	0.06425	0.00226
MCM2	0.04627	0.31105	0.04136
MCM3	0.15384	0.40254	0.11518
MCM3AP	0.16298	0.1821	0.15904
MCM3AP-AS1	0.00939	0.0598	0.02377
MCM4	0.061	0.34283	0.09782
MCM5	0.38132	0.32595	0.17697
MCM6	0.0922	0.27703	0.03137
MCM7	0.17524	0.90607	0.20251
MCM8	0.00865	0.03763	0.0247
MCM9	0.07832	0.06132	0.0731
MCMBP	0.06556	0.07723	0.10339
MCMDC2	0.01364	0.0301	0.01317
MCOLN1	0.22689	0.15295	0.30688
MCOLN2	0.05192	0.00691	0.00202
MCOLN3	0.00163	0.00511	0.00791
MCPH1	0.07324	0.19678	0.14489
MCRS1	0.18814	0.47805	0.38986
MCTP1	0.08612	0.03796	0
MCTP2	0.02368	0.01084	0.00389
MCTS1	0.09238	0.14319	0.10501
MCU	0.04683	0.08263	0.10281
MDC1	0.05696	0.11579	0.07911
MDFI	0.00012	0.03347	0.01482
MDFIC	0.04095	0.02078	0.00564
MDGA1	0.00072	0.01796	0.00473
MDGA2	4e-05	0.06264	0.0126
MDH1	0.67292	1.14729	1.20464
MDH1B	0.00033	0.03198	0.01189
MDH2	0.58769	1.27007	0.65538
MDK	0.02039	1.04868	0.0509
MDM1	0.06467	0.14297	0.12807
MDM2	0.35247	0.61175	0.36882
MDM4	0.30461	0.50802	0.36742
MDN1	0.03263	0.06168	0.07534
MDP1	0.10977	0.22661	0.2364
MDS2	0.00133	0.00195	0.00685
ME1	0.0388	0.04614	0.2068
ME2	0.23653	0.21323	0.15405
ME3	0.01496	0.12301	0.01296
MEA1	0.39639	0.7437	0.59399
MEAF6	0.21415	0.36755	0.2678
MECOM	0.00084	0.02003	4e-05
MECP2	0.06366	0.11678	0.13843
MECR	0.05699	0.17876	0.12145
MED1	0.076	0.17176	0.09356
MED10	0.30007	0.6331	0.54154
MED11	0.12501	0.17555	0.27449
MED12	0.07706	0.18874	0.13408
MED12L	0.01138	0.08766	0.00509
MED13	0.10724	0.19321	0.11853
MED13L	0.10024	0.13507	0.07719
MED14	0.07848	0.12726	0.11499
MED15	0.26117	0.29158	0.27486
MED16	0.13563	0.35678	0.21341
MED17	0.08664	0.2701	0.11146
MED18	0.0777	0.12053	0.1164
MED19	0.07933	0.23211	0.12562
MED20	0.03991	0.15536	0.08238
MED21	0.17544	0.34917	0.22306
MED22	0.09264	0.21119	0.17171
MED23	0.10804	0.16094	0.13763
MED24	0.13046	0.36172	0.20536
MED25	0.01924	0.04505	0.02367
MED26	0.01639	0.02646	0.0101
MED27	0.12981	0.35233	0.27655
MED28	0.33425	0.51719	0.30675
MED29	0.33648	0.43715	0.51169
MED30	0.14934	0.25597	0.21187
MED31	0.04655	0.10927	0.06868
MED4	0.31555	0.44086	0.37524
MED4-AS1	0.00971	0.01036	0.01481
MED6	0.18195	0.30686	0.21107
MED7	0.08614	0.16895	0.15029
MED8	0.21653	0.27162	0.36216
MED9	0.0365	0.18193	0.06916
MEDAG	0.00053	0.00103	7e-05
MEF2A	0.56561	0.12324	0.11541
MEF2B	0.0032	0.01194	0.00508
BORCS8	0.07911	0.21028	0.13679
BORCS8-MEF2B	0.00442	0.00831	0.00595
MEF2C	0.56109	0.11727	0.00522
MEF2D	0.1263	0.06238	0.07345
MEFV	0.07049	0.07724	0.05361
MEG3	0.01144	0.61111	0.00234
AL117190.1	6e-05	0.00949	0
MEG9	9e-05	0.00749	0
MEGF10	0.00054	0.05725	0.37199
MEGF11	0.00488	0.12211	0.00523
MEGF6	0.00715	0.01164	0.00064
MEGF8	0.03177	0.15147	0.07712
MEGF9	0.0588	0.12711	0.45438
MEI1	0.02109	0.00138	0
MEIG1	0.00113	0.00626	0.00689
MEIOB	0.00136	0.00372	0.00035
MEIS1	0.0099	0.50007	0.49413
MEIS1-AS3	2e-05	0.0014	7e-05
MEIS2	0.00271	0.17911	0.10433
MEIS3	0.00079	0.12875	0.00109
MEIS3P1	0.00803	0.03083	0.00453
MELK	0.0234	0.15809	0.01298
MEMO1	0.2638	0.27002	0.12755
MEN1	0.01716	0.04654	0.02071
MEOX1	0.00029	6e-04	0
MEOX2	0.00164	0.25781	0.00184
MEP1A	0.0033	0.00017	0.00227
MEP1B	0.00217	0.00249	0.00433
MEPCE	0.07672	0.1051	0.06305
MEPE	0.01184	0.00024	0
MERTK	0.68818	0.07396	0.00293
TLNRD1	0.01377	0.00721	0.01169
MESD	0.18998	0.23346	0.29643
MESP1	0.00053	0.01666	0.00157
MESP2	0.00079	4e-04	0
MEST	0.10757	1.6058	0.43363
MET	0.00587	0.09438	0.06852
METAP1	0.21604	0.28015	0.13929
METAP1D	0.01564	0.07773	0.04367
METAP2	0.28231	0.59055	0.50763
METRN	0.00627	0.21474	0.05578
METRNL	0.20319	0.02953	0.00147
METTL1	0.04912	0.34999	0.07902
EEF1AKMT2	0.06969	0.12396	0.12038
METTL11B	7e-05	0.00629	0
CSKMT	0.02642	0.0496	0.03453
METTL13	0.09482	0.14598	0.11374
METTL14	0.0826	0.17923	0.13757
METTL15	0.14352	0.16336	0.08088
METTL16	0.0723	0.15116	0.07912
METTL17	0.33729	0.39637	0.2516
METTL18	0.05189	0.09755	0.06593
ETFBKMT	0.03335	0.06459	0.03692
METTL21A	0.866	1.04737	0.88357
EEF1AKMT3	0.05271	0.15179	0.03736
METTL21C	0	0.0054	0
METTL21EP	0.00172	0.00304	0.00435
METTL22	0.12928	0.24132	0.12385
METTL23	0.44209	0.60246	0.49526
METTL24	5e-04	0.00248	0
METTL25	0.04469	0.04414	0.05778
METTL2A	0.10045	0.28527	0.11514
METTL2B	0.11793	0.37709	0.1723
METTL3	0.17758	0.47954	0.29358
METTL4	0.0567	0.10196	0.12488
METTL5	0.22939	0.57171	0.36453
METTL6	0.06678	0.12987	0.10476
METTL7A	0.46631	0.30261	0.29042
METTL7B	0.03431	0.46573	0.00903
METTL8	0.0584	0.10351	0.057
METTL9	0.1973	0.37315	0.13397
MEX3A	0.00083	0.11249	0.00236
MEX3B	0.0051	0.04737	0.01291
MEX3C	0.03433	0.10211	0.0191
MEX3D	0.00018	0.00731	0.00431
MFAP1	0.12498	0.25768	0.14292
MFAP2	5e-05	0.08153	0
MFAP3	0.06038	0.15929	0.05564
MFAP3L	0.00135	0.05203	0.41849
MFAP4	0.00557	0.15832	0.00049
MFAP5	0.02902	0.03052	0.02031
MFF	0.32726	0.86975	0.84995
MFGE8	0.02791	0.17384	0.33288
MFHAS1	0.02038	0.03017	0.00461
MELTF	0.02432	0.00479	0.00993
MELTF-AS1	0.00092	0.0244	0.00325
MFN1	0.08556	0.19922	0.12688
MFN2	0.15804	0.25546	0.20515
MFNG	0.38189	0.10935	0
MFRP	1e-04	0.00403	0.00423
MFSD1	1.45389	0.37365	0.36086
MFSD10	0.22218	0.3672	0.32895
MFSD11	0.20211	0.22987	0.12244
MFSD12	0.09032	0.04336	0.08135
MFSD2A	0.0583	0.14259	0.03859
MFSD2B	0.00016	0.00191	0
MFSD3	0.05486	0.1277	0.05583
MFSD4A	0.01171	0.03289	0.11444
MFSD5	0.07831	0.13225	0.15283
MFSD6	0.03563	0.07435	0.41163
SLC49A3	0.00801	0.00083	0.00026
MFSD8	0.08904	0.1214	0.1458
MFSD9	0.02738	0.0495	0.00888
MGA	0.08913	0.18211	0.16185
MGAM	0.00461	0.00868	0.00125
MGARP	0.00709	0.05484	4e-04
MGAT1	1.13188	0.21307	0.17549
MGAT2	0.15044	0.15941	0.07776
MGAT3	0.00195	0.04301	0.12323
MGAT4A	0.57424	0.07987	0.05954
MGAT4B	0.06828	0.10006	0.08471
MGAT4C	0.00151	0.00587	0
MGAT5	0.07865	0.0598	0.1377
MGAT5B	7e-05	0.01469	0.00277
OGA	0.21756	0.31125	0.19915
MGLL	0.05665	0.14773	0.14056
MGME1	0.15064	0.20471	0.08731
MGMT	0.19042	0.07378	0.16611
MGP	0.00093	0.12167	4e-04
MGRN1	0.13969	0.30028	0.32258
MGST1	0.0362	0.14798	0.00385
MGST2	0.55214	0.06218	0.0159
MGST3	0.38223	0.55817	0.78241
MIA	0.00388	0.0269	0.0034
MIA-RAB4B	0	0.00206	0
MIA3	0.13958	0.16447	0.13123
MIAT	0.02215	0.26149	0.00087
MIB1	0.02531	0.09507	0.05906
MIB2	0.01597	0.04939	0.02226
MICA	0.11475	0.04631	0.00181
MICAL1	0.35043	0.21015	0.01704
MICAL2	0.03513	0.00739	0.01723
MICAL3	0.0385	0.15573	0.3283
MICALL1	0.01316	0.04431	0.11533
MICALL2	0.01038	0.08413	0.062
MICB	0.07374	0.01889	0.00183
MICU1	0.12795	0.27163	0.45552
MID1	0.00207	0.15563	0.03153
MID1IP1	0.01857	0.01656	0.09748
MID2	0.00085	0.01844	0.0028
MIDN	0.03931	0.10943	0.04981
MIEN1	0.29822	0.58692	0.85626
MIER1	0.20488	0.20804	0.17375
MIER2	0.04422	0.07519	0.0386
MIER3	0.04023	0.15971	0.10812
MIF	0.94837	1.70973	2.0666
MIF4GD	0.39826	0.25945	0.26871
MIIP	0.16096	0.23469	0.14772
MILR1	0.29266	0.04081	0.03434
MIMT1	3e-05	0.01781	0.00306
RIOX2	0.06372	0.14139	0.1672
MINK1	0.09244	0.05312	0.15082
MINOS1	0.19755	0.23957	0.17026
MINPP1	0.07918	0.19588	0.09091
MIOS	0.21184	0.23145	0.04162
MIP	0.00578	0.00628	0.00014
MIPEP	0.04992	0.10189	0.08139
MIPEPP3	0.00846	0.07502	0.05211
MIPOL1	0.00194	0.00576	0.00504
MIR1260B	0.0042	0.00839	0
MIR1282	0.01176	0.00374	0
MIR1296	0	0.00191	0
MIR137HG	0.00032	0.00605	4e-04
AC004687.1	0.04345	0	0
CARMN	0.02571	0.03423	0.0241
MIR155HG	0.18904	0.05807	0.0084
MIR17HG	0.02429	0.06251	0.02819
MIR181A2HG	0.00969	0.05242	0.00842
MIR181B1	0.00195	0.00277	0
MIR1972-1	0.00123	0.00125	0.00291
MIR1972-2	0.00123	0.00125	0.00291
MIR199A2	0.00013	0.01006	0.02876
MIR205HG	0.00137	0.00148	0.00112
MIR210HG	0.01817	0.0364	0.01154
MIR215	0.00057	0.00396	0.00455
MIR221	0.00267	0.00324	0
MIR2278	0	0.00186	0
MIR22HG	0.23789	0.07855	0.10164
MIR2355	0.00098	0.00383	0
MIR25	0	0.00553	0
MIR2681	0	0.00151	0
MIR27B	0	0.00173	0
MIR3117	0	0.00314	0
MIR3188	0.00648	0.00074	0.00833
MIR3198-1	0.00852	0.00128	0
MIR31HG	0.00158	0.00031	0
MIR320B2	0.00029	0.00105	0
MIR324	0.00312	0.0028	0
MIR3619	0	0.0018	0
MIR3648-2	0.00039	0.00072	0
MIR3650	0	0.00935	0
AP002990.1	0.00364	0.00394	0
MIR3661	0.00421	0.00251	0
MIR3671	0.00927	0.01581	0.03894
MIR3682	0.01333	0.02715	0.01409
MIR3685	0	0.00485	0
MIR3690	0.07042	0.00011	0
MIR374B	0.005	0.00337	0
MIR3909	0.00337	0.00098	0
AL390728.4	0.00437	0.00149	0
MIR3918	0.00627	0.00074	0
MIR3942	0.00541	0.00779	0
MIR3973	0	0.00352	0
MIR3978	0.00186	0.00154	0.00211
MIR421	0.00975	0.0104	0
MIR4257	0.01117	0.00222	0
MIR4265	0.01023	0.00263	0
MIR4284	0.0033	0.00218	0
AL136454.1	0.0089	0.00698	0
MIR4440	0.00428	0.0159	0.02383
MIR4441	0.00759	0.00575	0
MIR4444-2	0.0039	0.00086	0.00228
MTND4LP30	1.16425	1.54754	0.95857
MIR4500HG	0	0.00125	0
MIR4513	0.00195	0.00154	0
MIR454	0	0.00151	0
MIR4684	0	0.002	0
MIR4694	0	0.00572	0
MIR4737	0.01721	0.02603	0.02229
MIR4742	0.00616	0.00416	0
MIR4789	0	0.0018	0
MIR4803	0	0.00263	0
MIR497HG	0.00606	0.10213	0.00733
MIR4999	0	0.00248	0.00643
MIR499A	0	0.00281	0
MIR5002	0	0.00328	0
MIR5188	0.00154	0.00196	0
MIR545	0.00075	0.00128	0
MIR548A2	0	0.00153	0
MIR548C	0.00504	0.00209	0
MIR548F2	0.00208	0.00606	0.01586
MIR548I1	0.00059	0.00371	0.00381
MIR548I3	0	0.00048	0
MIR548K	0	0.00132	0.00733
MIR554	0.00119	0.00253	0
MIR5687	0.00043	0.00246	0
MIR5690	0.01183	0.00234	0.00166
MIR5699	0	0.00337	0.00219
MIR570	0.00601	0.01053	0.0035
MIR573	0.00887	0.01683	0.00226
MIR581	0.00113	0.00236	0.00522
MIR590	0.0033	0.00658	0
MIR595	0	0.0015	0
MIR597	0.0157	0.03604	0.02099
MIR600HG	0.01737	0.03254	0.01103
MIR604	0.0018	0.00112	0
MIR620	0.00092	0.00256	0
MIR623	0.00208	0.00174	0
MIR624	0.0018	0.00628	0
MIR626	0	0.00225	0
MIR634	0.00065	0.00252	0
MIR644A	0.00337	0.00438	0.01535
MIR645	0.00692	0.00139	0
MIR647	0	0.00431	0.00612
MIR7-3HG	0	0.03151	0
MIR765	0.00181	0.0013	0
MIR920	0	0.00237	0
MIR941-4	0.00318	0.00456	0
MIR98	0.00109	0.00183	0
MIRLET7A2	0	0.00316	0
MIRLET7D	0.0015	0.00247	0
LINC02603	0.04643	0.064	0.02313
MIRLET7F1	0.00109	0.00282	0
MIRLET7G	0	0.00257	0
MIS12	0.13753	0.26032	0.18089
MIS18A	0.04513	0.16738	0.04549
MIS18BP1	0.41765	0.08622	0.01037
MITD1	0.23847	0.26525	0.21197
MITF	0.13519	0.02946	0.23696
MKI67	0.01363	0.09148	0.00212
MKKS	0.13894	0.3704	0.32069
MRTFA	0.09725	0.09617	0.07411
MRTFB	0.03328	0.10721	0.02707
MKLN1	0.13688	0.34926	0.15283
MKNK1	0.55922	0.07069	0.02957
MKNK1-AS1	0.01139	0.00199	3e-05
MKNK2	0.15083	0.11653	0.07142
MKRN1	0.16107	0.33156	0.16511
MKRN2	0.11851	0.30303	0.22462
MKRN3	0.00394	0.31167	0.12612
MKRN7P	5e-04	0.00993	0.00518
MKRN9P	5e-04	0.00275	0.00048
MKS1	0.06354	0.17725	0.0372
MKX	4e-04	0.00534	0
MLANA	0.0413	0.05872	0.04263
MLC1	0.02903	0.5264	0.00499
MLEC	0.11186	0.27546	0.14637
MLF1	0.11835	0.22393	0.11995
MLF2	0.55212	1.54746	1.14746
MLH1	0.18594	0.4099	0.27979
MLH3	0.03794	0.10273	0.16005
MLIP	4e-05	0.0188	0
MAP3K20-AS1	0.00302	0.01881	0.00063
MLKL	0.13274	0.00261	0.02982
MLLT1	0.03035	0.08419	0.03491
MLLT10	0.09934	0.13035	0.08704
MLLT10P1	0.01743	0.02981	0.02795
MLLT11	0.04717	1.18021	0.19636
MLLT3	0.02619	0.09944	0.06712
AFDN	0.00913	0.13331	0.08523
AFDN-DT	0.00532	0.04731	0.02789
MLN	0.00043	0.00232	0.00223
MLNR	9e-05	0.00038	0.00235
MLPH	0.01629	0.00723	0.00025
MLST8	0.13481	0.33229	0.26295
MLX	0.40401	0.36707	0.19513
MLXIP	0.10359	0.08224	0.05252
MLXIPL	0.06814	0.00101	0
MLYCD	0.02007	0.02975	0.03523
MMAA	0.00844	0.02448	0.0203
MMAB	0.02851	0.08631	0.12338
MMACHC	0.01685	0.04708	0.11094
MMADHC	0.519	0.81991	0.57517
MMD	0.33165	0.13802	0.04713
MMD2	0.02151	0.06865	0.043
MME	8e-05	0.00143	0
MMEL1	0.00196	0.00381	0
MMGT1	0.19425	0.25243	0.25821
MMP1	0.00271	0.00089	0
MMP10	3e-05	0.00038	0
MMP11	0.001	0.01809	0
MMP13	0.00081	0.00026	0
MMP14	0.0689	0.05053	0
MMP15	0	0.01645	8e-04
MMP16	0.00168	0.27381	0.00289
MMP17	0.00098	0.0349	0.0041
MMP19	0.20105	0.02505	0.0034
MMP2	0.28752	0.33041	0.00466
MMP21	0.00097	0.00172	0.00109
MMP23A	0.00049	0.00156	0.00357
MMP23B	0.00093	0.00102	0.0033
MMP24	0.01276	0.04384	0.02114
MMP25	0.00245	0.00589	0.00088
MMP28	0.00038	0.0052	8e-05
MMP7	0.00554	0.00943	0
MMP8	0.00075	0.00023	0
MMP9	0.00798	0.00527	0.00097
MMRN1	0.03172	0.00033	0
MMRN2	0.00528	0.00724	0.00196
MMS19	0.1223	0.1674	0.26183
MMS22L	0.05963	0.14723	0.08358
MN1	0.00349	0.03489	0.00242
MNAT1	0.08929	0.30239	0.26397
MND1	0.0079	0.11296	0.03104
MNDA	0.71164	0.00072	0
MNS1	0.01391	0.08916	0.0355
MNT	0.02625	0.02983	0.0342
MNX1	0	0.00393	0
MOAP1	0.25329	0.45245	0.17607
MOB1A	0.93746	0.38438	0.06437
MOB1B	0.25029	0.21161	0.04573
MOB2	0.05183	0.06837	0.11697
MOB3A	0.28725	0.25869	0.14546
MOB3B	0.04451	0.19914	0.69084
MOB3C	0.1574	0.05742	0.05817
MOB4	0.21227	0.513	0.20026
MOBP	0.00089	0.00316	1.36558
MOCOS	0.00553	0.00788	0.00279
MOCS1	0.01311	0.07158	0.18472
MOCS2	0.17401	0.51041	0.42405
MOCS3	0.06338	0.11324	0.05782
MOG	0.05777	0.08539	3.05261
MOGAT1	0.00319	0.0026	0.00028
MOGAT3	0.00439	0.00614	0.00628
MOGS	0.04549	0.06476	0.04364
MOK	0.0184	0.11449	0.03984
MON1A	0.0552	0.15435	0.18567
MON1B	0.14212	0.2257	0.27386
MON2	0.13075	0.2087	0.28547
MORC1	0.00149	0.00073	0.00016
MORC2	0.02356	0.05634	0.01211
MORC2-AS1	0.04963	0.20311	0.06655
MORC3	0.24455	0.2531	0.20441
MORC4	0.01028	0.04029	0.01961
MORF4L1	0.96481	1.47994	1.46679
MORF4L2	0.12853	0.32104	0.32088
MORF4L2-AS1	0.00177	0.01936	0.01384
MORN1	0.00805	0.03382	0.00278
MORN2	0.0462	0.38557	0.24409
MORN3	0.00143	0.02019	0
MORN4	0.01761	0.1433	0.04317
MORN5	0.00019	0.00512	0
MOSPD1	0.0383	0.13175	0.07962
MOSPD2	0.10866	0.11504	0.55439
MOSPD3	0.07328	0.20853	0.09358
MOV10	0.11759	0.11177	0.04789
MOV10L1	0.00519	0.00346	0
MOXD1	0.00172	0.2674	0.00595
MPC1	0.53133	0.80506	1.87967
MPC2	0.43346	0.39126	0.29659
MPDU1	0.32159	0.47948	0.36845
MPDZ	0.00134	0.11635	0.21534
MPEG1	0.30297	0.00173	0.00065
MPG	0.2564	0.43863	0.21092
MPHOSPH10	0.10574	0.27932	0.20469
MPHOSPH6	0.29204	0.36631	0.25842
MPHOSPH8	0.1793	0.24794	0.28191
MPHOSPH9	0.0693	0.16132	0.05882
MPI	0.19213	0.20651	0.23068
MPL	0.01676	0.02579	0.07283
MPLKIP	0.21217	0.57864	0.37541
MPND	0.01991	0.03007	0.0198
MPO	0.00231	0.00127	0
MPP1	0.66255	0.11238	0.28056
MPP2	0.00077	0.08733	0.4233
MPP3	0.00251	0.03904	0.02925
MPP4	7e-05	0.00535	0.00043
MPP5	0.05159	0.12965	0.28638
MPP6	0.00288	0.05955	0.00914
MPP7	0.01572	0.00604	0.00333
MPPE1	0.25218	0.21921	0.22789
MPPED1	0	0.01804	0.01064
MPPED2	0.00591	0.22719	0.02096
MPRIP	0.05617	0.14184	0.12522
MPST	0.14296	0.28201	0.34563
MPV17	0.49285	0.67584	0.67542
MPV17L	0.05858	0.13916	0.15752
MPV17L2	0.10608	0.18621	0.10781
MPZ	0.006	0.00949	0.00528
MPZL1	0.24976	0.43322	0.12745
MPZL2	0.02089	0.00146	0.0019
MPZL3	0.0162	0.00432	0
MR1	0.21282	0.05214	0.02739
MRAP	0.00272	0.01591	0.10437
MRAP2	0.00042	0.00738	0.00081
MRAS	0.02249	0.14842	0.06444
MRC1	0.18471	0.00061	0
MRC2	0.11883	0.14341	0.0024
MRE11	0.1046	0.10624	0.10824
MREG	0.05113	0.08717	0.04071
MRFAP1	0.7433	1.65346	1.96322
MRFAP1L1	0.24438	0.71318	0.53705
MRGBP	0.01768	0.04299	0.02241
MRGPRD	0.00227	0.00117	0
MRGPRE	0	0.00142	0
MRGPRF	0	0.00263	0.00017
MRGPRX3	0.00369	0.00554	0.00341
MRI1	0.13524	0.19363	0.17324
MRO	0.07633	0.03026	0.02052
MROH1	0.12044	0.08929	0.0463
MROH2B	0.00029	1e-04	0
MROH5	1e-05	8e-05	0
MROH6	0.00298	0.00302	0.00024
MROH7	0.01035	0.00751	0.00113
MROH8	0.01643	0.03613	0.02293
MROH9	1e-05	0.00123	0
MRPL57	0.16999	0.32207	0.20243
MRPL1	0.10266	0.22886	0.10195
MRPL10	0.15386	0.33452	0.18587
MRPL11	0.14398	0.23946	0.08516
MRPL12	0.1595	0.44745	0.20764
MRPL13	0.26859	0.572	0.32852
MRPL14	0.28159	0.54791	0.24799
MRPL15	0.19426	0.5082	0.18119
MRPL16	0.25071	0.38981	0.18411
MRPL17	0.0955	0.19699	0.10475
MRPL18	0.33407	0.58559	0.55016
MRPL19	0.08968	0.23622	0.20461
MRPL2	0.07539	0.16479	0.0985
MRPL20	0.33898	0.70404	0.57665
MRPL21	0.21083	0.45117	0.2827
MRPL22	0.08687	0.17931	0.15825
MRPL23	0.1201	0.19666	0.13967
MRPL23-AS1	0.00159	0.00132	0.00013
MRPL24	0.17217	0.418	0.50585
MRPL27	0.17634	0.47746	0.44924
MRPL28	0.25916	0.56755	0.42558
MRPL3	0.40402	0.78616	0.39382
MRPL30	0.10682	0.19338	0.12757
MRPL32	0.26584	0.80548	0.373
MRPL33	0.27033	0.53467	0.53923
MRPL34	0.2492	0.30806	0.26625
MRPL35	0.07364	0.19953	0.0953
MRPL36	0.17922	0.48977	0.30112
MRPL37	0.26111	0.58816	0.32281
MRPL38	0.17016	0.39756	0.26816
MRPL39	0.19226	0.46461	0.39691
MRPL4	0.17917	0.48423	0.19781
MRPL40	0.18568	0.43231	0.42468
MRPL41	0.17345	0.24805	0.35431
MRPL42	0.13069	0.60328	0.30865
MRPL43	0.28407	0.47763	0.90308
MRPL44	0.16411	0.34934	0.24453
MRPL45P2	0.03021	0.05209	0.06312
MRPL46	0.09974	0.27561	0.27816
MRPL47	0.21431	0.52867	0.35099
MRPL48	0.17118	0.29453	0.79368
MRPL49	0.21209	0.39832	0.28119
MRPL50	0.2006	0.49264	0.32645
MRPL51	0.32722	0.86401	0.69347
MRPL52	0.12762	0.23828	0.14998
MRPL53	0.17306	0.29543	0.23796
MRPL54	0.1538	0.23081	0.19028
MRPL55	0.35301	0.61219	0.52
MRPL9	0.2486	0.50554	0.27341
MRPS10	0.25549	0.45306	0.23387
MRPS11	0.14103	0.32138	0.25874
MRPS12	0.18953	0.35978	0.1746
MRPS14	0.12796	0.43314	0.36256
MRPS15	0.26707	0.35941	0.23331
MRPS16	0.26914	0.4609	0.45139
MRPS17	0.09493	0.34831	0.17413
MRPS18A	0.14089	0.38463	0.26255
MRPS18B	0.23393	0.44232	0.60275
MRPS18C	0.16403	0.351	0.31865
MRPS2	0.12736	0.34331	0.17695
MRPS22	0.23665	0.44407	0.54543
MRPS23	0.16767	0.3867	0.32327
MRPS24	0.30827	0.99392	0.44907
MRPS25	0.12563	0.24613	0.14257
MRPS26	0.23477	0.77393	0.44269
MRPS27	0.20468	0.36835	0.23825
MRPS28	0.29297	0.47745	0.42149
MRPS30	0.16564	0.33318	0.22065
MRPS31	0.14944	0.26999	0.19475
MRPS31P5	0.06074	0.15258	0.22715
MRPS33	0.16241	0.48938	0.42537
MRPS34	0.32536	0.66887	0.57009
MRPS35	0.28094	0.67081	0.47188
MRPS36	0.15754	0.28601	0.18297
MRPS5	0.24069	0.49322	0.42714
MRPS6	0.34353	0.62881	0.09999
MRPS7	0.3027	0.65645	0.31471
MRPS9	0.14058	0.26975	0.25394
MRRF	0.1662	0.21223	0.14418
MRS2	0.10352	0.2034	0.12812
AC089984.2	0.04256	0.04641	0.05599
MRTO4	0.08272	0.24191	0.13863
MRVI1	0.02793	0.00354	0.00066
MRVI1-AS1	0.00737	0.00194	0.0101
MS4A1	0.00638	0.00053	0
MS4A10	0.05337	0.06752	0.0477
MS4A14	0.19174	0.00038	0
MS4A2	0.02808	0.0092	0.00609
MS4A4A	1.15364	0.00073	0
MS4A6A	1.98739	0.0012	0.01132
MS4A6E	0.00979	6e-05	0
MS4A7	1.44378	0.00745	0.00411
MSANTD1	0.00131	0.00176	0
MSANTD2	0.02223	0.0634	0.02764
MSANTD3	0.03533	0.15797	0.12896
MSANTD3-TMEFF1	0.00596	0.09478	0.20429
MSANTD4	0.07846	0.40285	0.43436
MSC	0.00426	0.01075	0
MSH2	0.09332	0.34799	0.2325
MSH3	0.10223	0.14392	0.10995
MSH4	0.00355	0.00543	0.00057
MSH5	0.05982	0.11444	0.00816
MSH5-SAPCD1	0.01057	0.02822	0.0026
MSH6	0.10933	0.37464	0.27269
MSI1	0.00195	0.15867	0.00297
MSI2	0.03067	0.34486	0.08279
MSL1	0.10158	0.17991	0.13836
MSL2	0.10438	0.1181	0.09741
MSL3	0.26098	0.145	0.08993
MSL3P1	0.0096	0.02284	0.0042
MSLN	0.07316	9e-05	0
MSMO1	0.14229	0.51188	0.37744
MSMP	0.01257	0.06493	0.01751
MSN	1.06854	0.57211	0.2719
MSR1	1.22247	0.00072	1e-04
MSRA	0.09971	0.31663	0.12649
MSRB1	0.15782	0.25768	0.21835
MSRB2	0.03339	0.03364	0.04085
MSRB3	0.02131	0.05001	0.01475
MSS51	0.02595	0.02794	0.01005
MST1	0.00963	0.04487	0.01898
MST1L	0.0027	0.00556	0.00014
MST1P2	0.00464	0.02423	0.01018
MST1R	0.00263	0.00403	0.00098
STK26	0.0595	0.0024	0
MSTN	0.00171	0.03989	0.00286
MSTO1	0.10832	0.24417	0.12988
MSTO2P	0.05118	0.10098	0.05544
MSX1	0.00245	0.03998	0.00487
MSX2	0	0.00117	0
MSX2P1	0.00136	0.00035	0
MT1A	0.00144	0.01082	0.00551
MT1B	0.00019	4e-04	0
MT1DP	0.00296	0.00093	0
MT1E	0.1154	0.30506	0.04361
MT1F	0.10308	0.20017	0.00158
MT1G	0.12627	0.03227	0
MT1H	0.02646	0.00306	0
MT1JP	0.00262	0.00946	0.00218
MT1L	0.01311	0.03387	0.01056
MT1M	0.01188	0.21879	0.01724
MT1X	0.29321	0.56474	0.08641
MT2A	0.73656	1.4741	0.97095
MT3	0.03727	0.89393	0.74726
MTA1	0.01424	0.06191	0.01581
MTA2	0.07391	0.19929	0.14748
MTA3	0.06247	0.1351	0.12961
MTAP	0.10664	0.12131	0.11855
MTBP	0.0188	0.08627	0.02384
MTCH1	0.37143	0.43835	0.70244
MTCH2	0.28555	0.66143	0.64038
MTCP1	0.01981	0.0141	0.00778
MTDH	0.23277	0.24826	0.35357
MTERF1	0.0609	0.18299	0.06349
MTERF3	0.11672	0.30375	0.12574
MTERF4	0.12926	0.26552	0.24187
MTERF2	0.04766	0.18247	0.0852
MTF1	0.05728	0.07773	0.10148
MTF2	0.2187	0.32867	0.22058
MTFMT	0.19953	0.25557	0.16403
MTFP1	0.09794	0.1379	0.01753
MTFR1	0.01884	0.03787	0.04916
MTFR1L	0.22486	0.48412	0.32546
MTFR2	0.01884	0.03711	0.00777
MTG1	0.18609	0.32147	0.36298
MTHFD1	0.1642	0.40777	0.13588
MTHFD1L	0.1218	0.07422	0.00118
MTHFD2	0.68041	0.45849	0.05934
MTHFD2L	0.01057	0.07061	0.04016
MTHFR	0.10449	0.05235	0.06621
MTHFS	0.10101	0.07063	0.0461
MTHFSD	0.03928	0.06258	0.04719
MTIF2	0.16096	0.20088	0.22568
MTIF3	0.33839	0.38341	0.55646
TESMIN	0.00352	0.00571	0.00354
MTM1	0.10445	0.10369	0.15
MTMR1	0.05258	0.1127	0.03573
MTMR10	0.1374	0.08131	0.57818
MTMR11	0.01354	0.08107	0.02567
MTMR12	0.05647	0.07265	0.07482
MTMR14	0.31999	0.17946	0.19757
MTMR2	0.08121	0.33875	0.46376
MTMR3	0.09718	0.1349	0.04909
MTMR4	0.07055	0.16606	0.16227
MTMR6	0.17827	0.17168	0.31522
MTMR7	0.00904	0.03169	0.099
MTMR8	0.01798	0.00811	0.00646
MTMR9	0.05289	0.14034	0.09963
MTMR9LP	0.02714	0.06373	0.03444
MTNR1A	0	0.00217	0
MTNR1B	0.00058	0.00226	0
MTO1	0.09341	0.12723	0.12717
MTOR	0.09529	0.16719	0.11129
MTOR-AS1	0.0023	0.00608	0.00221
MTPAP	0.1671	0.29092	0.26982
MTPN	0.24731	0.47715	0.12932
MTR	0.09556	0.13588	0.14895
MTRF1	0.05592	0.09317	0.02902
MTRF1L	0.11662	0.26002	0.17778
MTRNR2L1	3.24424	3.66513	3.25917
MTRNR2L10	2.65404	3.03677	2.64907
MTRNR2L2	6.03084	6.4883	6.05611
MTRNR2L3	1.2423	1.53017	1.20635
MTRNR2L4	0.31584	0.44569	0.29205
MTRNR2L5	0.17737	0.26536	0.18303
MTRNR2L6	1.80588	2.20336	1.77231
MTRNR2L7	0.03772	0.06485	0.03402
MTRNR2L8	4.97756	5.39435	5.01575
MTRR	0.1063	0.18663	0.44396
MTSS1	0.21271	0.45453	0.34064
MTSS1L	0.00086	0.06524	0.00729
MTTP	0.00063	0.01864	0.00103
MTUS1	0.20737	0.11188	1.29112
MTUS2	0.0025	0.00575	0.00127
MTUS2-AS1	0.00072	0.00235	0
MTX1	0.17937	0.24506	0.18092
MTX2	0.16667	0.52382	0.53659
MTX3	0.04352	0.14596	0.06974
MUC1	8e-05	0.00554	0
MUC12	0.00032	0.00243	0
MUC13	2e-05	0.00026	0.00017
MUC15	0.00031	0.00059	0
MUC16	0.00123	0.00047	0.00066
MUC17	7e-05	0.00071	0.00231
MUC2	1e-05	0.00012	0
MUC20	0.02565	0.07047	0.0291
MUC21	0.00047	7e-04	0.00036
MUC22	0.00198	0.00132	0.00094
MUC4	0.00177	0.0143	0.00015
MUC5B	2e-05	0.00014	0.00017
MUC6	0.00116	0.00222	0.00032
MUC7	0.00011	0.00052	0.00063
MUL1	0.136	0.2728	0.31205
MUM1	0.12407	0.33464	0.22581
MUM1L1	0	0.00705	0.02282
CAVIN4	0.00289	0.0222	0.03246
MUS81	0.143	0.23929	0.23117
MUSK	0.00026	0.00115	0.02289
MUSTN1	0.04854	0.02608	0.00664
MUT	0.09235	0.25911	0.19004
MUTYH	0.10255	0.19435	0.12404
MVB12A	0.10698	0.25351	0.11
MVB12B	0.08254	0.1837	0.77726
MVD	0.11967	0.21289	0.23388
MVK	0.03406	0.07113	0.16157
MVP	0.40109	0.09642	0.73569
MX1	0.28557	0.11955	0.04931
MX2	0.18899	0.00517	0
MXD1	0.26871	0.15692	0.10359
MXD3	0.0472	0.1143	0.01651
MXD4	0.12355	0.14207	0.07911
MXI1	0.05621	0.12338	0.6281
MXRA5	0.00027	0.01126	0
MXRA7	0.09963	0.26022	0.17177
MXRA8	0.00115	0.04934	0
MYADM	0.33866	0.28418	0.45874
MYADML	0.00028	3e-04	0
MYADML2	0	0.00206	0.00022
MYB	0.00176	0.00754	0
MYBBP1A	0.08587	0.18382	0.13536
MYBL1	0.01399	0.02415	0.01872
MYBL2	0.00351	0.05199	0.00035
MYBPC1	0.00192	0.04117	0
MYBPC2	0.00208	0.00181	8e-05
MYBPC3	0.00528	4e-04	0
MYBPH	0.00652	0.01288	0.00013
MYBPHL	0.0021	0.02049	0.02792
MYC	0.1651	0.25682	0.01738
MYCBP	0.15451	0.13261	0.09053
MYCBP2	0.12927	0.11003	0.07453
MYCBP2-AS1	0.00378	0.00464	0.0062
MYCBPAP	0.00174	0.00482	0.00062
MYCN	0.00012	0.02971	0.02177
MYCNOS	0	0.01103	0.00282
MYCT1	5e-04	0.00056	0
MYD88	0.51848	0.2941	0.06288
MYEF2	0.02355	0.18996	0.05003
MYEOV	0.00012	0.00048	0
COPS9	0.22812	0.42732	0.47005
MYH1	2e-05	8e-05	0
MYH10	0.01357	0.3151	0.01604
MYH11	0.00367	0.00459	0.01106
MYH13	4e-05	8e-05	0
MYH14	2e-05	0.01027	0.04952
MYH15	2e-05	0.00282	0.00582
MYH16	0.00024	0.00113	0
MYH3	0.00688	0.0093	0.01101
MYH6	3e-05	0.00029	0.00042
MYH7	0.00013	0.0226	0
MYH7B	0.00298	0.00597	0.01177
MYH9	0.4671	0.12324	0.18893
MYL10	0.0058	0.00846	0.00434
MYL12A	1.4578	0.59403	0.64618
MYL12B	1.51824	1.32276	1.10127
MYL3	0	0.00338	0
MYL5	0.03072	0.04002	0.06384
MYL6	2.17651	2.31565	2.20262
MYL6B	0.05481	0.57296	0.12598
MYL7	0	0.00244	0
MYL9	0.00608	0.01692	0.0021
MYLIP	0.15704	0.0522	0.22056
MYLK	0.0071	0.0269	1.08189
MYLK-AS1	0.0044	0.04084	0.03279
MYLK2	0.00545	0.00435	0
MYLK3	0.02423	0.02954	0.01932
MYLK4	0.00198	0.00238	0.00378
MYLPF	0.00109	0.00161	0
MYNN	0.09325	0.23242	0.11977
MYO10	0.01994	0.24741	0.22747
MYO15A	0.00155	0.00442	0.00031
MYO15B	0.07669	0.01102	0.03836
MYO16	0.00033	0.04512	0.00166
MYO16-AS1	0.00105	0.00198	0
MYO18A	0.12574	0.09068	0.24805
MYO18B	9e-05	0.00145	0
MYO1A	0.00372	0.00042	0
MYO1B	0.00201	0.05138	0.00132
MYO1C	0.08452	0.06483	0.01625
MYO1D	0.00839	0.00348	0.19125
MYO1E	0.09877	0.0684	0.35899
MYO1F	0.64852	0.00204	0.00882
MYO1G	0.17223	0.00167	0
MYO1H	0.00022	0.00109	4e-05
MYO3A	0	0.00538	0
MYO3B	0.00258	0.01165	0.00447
MYO5A	0.13201	0.16058	0.17085
MYO5B	0.00747	0.01689	0.00571
MYO5C	0.00579	0.05356	0.00719
MYO6	0.03888	0.3156	0.85935
MYO7A	0.1119	0.01948	0
MYO7B	1e-04	0.01846	0
MYO9A	0.05431	0.11104	0.08419
MYO9B	0.14608	0.11766	0.16863
MYOCD	0	0.00047	0
MYOD1	0.00023	0.00161	0
MYOF	0.10355	0.01967	0
MYOG	0	0.00276	0
MYOM1	0.00569	0.00562	0.0017
MYOM2	0.00998	0.02158	0.00652
MYOM3	0.00108	0.00137	9e-04
MYOT	0.0049	0.02769	0.17549
MYOZ1	0.00557	0.00872	0
MYOZ2	0.0047	0.00111	0
MYOZ3	0.00958	0.01703	0.01124
MYPN	1e-05	0.00049	0
MYPOP	0.00435	0.0057	0.001
MYRF	0.00239	0.02837	1.40812
MYRIP	0.0018	0.02255	0.00573
MYSM1	0.07969	0.12189	0.13679
MYT1	8e-04	0.20785	0.00223
MYT1L	0.00027	0.05622	0.00024
MYZAP	0.00463	0.02042	0
MZB1	0.02127	0.00274	0
MZF1	0.07592	0.17042	0.08316
MZT1	0.11486	0.31212	0.18446
MZT2A	0.04561	0.10729	0.04426
MZT2B	0.07565	0.18719	0.06549
N4BP1	0.04128	0.04524	0.0415
N4BP2	0.04672	0.09636	0.0086
N4BP2L1	0.16967	0.06971	0.07305
N4BP2L2	0.72505	0.75452	0.73691
N4BP3	0.00201	0.00407	0.00401
N6AMT1	0.04133	0.1204	0.16162
EEF1AKMT1	0.03579	0.15277	0.05475
NAA10	0.32064	0.5799	0.28366
NAA15	0.19511	0.38574	0.24594
NAA16	0.13917	0.25708	0.10938
NAA20	0.80437	0.99825	0.63517
NAA25	0.11628	0.28555	0.14885
NAA30	0.02919	0.06312	0.03418
NAA35	0.09334	0.21707	0.1551
LSM8	0.05678	0.14486	0.07647
NAA40	0.15174	0.25669	0.12481
NAA50	0.20081	0.30148	0.18431
NAA60	0.14345	0.28955	0.19603
NAAA	0.33902	0.0557	0.01073
NAALAD2	0.00884	0.04133	0.09182
NAALADL1	0.0139	0.00127	0
NAALADL2	0.00631	0.05442	0.03489
NAB1	0.08045	0.15368	0.09965
NAB2	0.05191	0.07526	0.02135
NABP1	0.58826	0.05709	0.02498
NABP2	0.09981	0.42339	0.32794
NACA	2.31528	2.31295	1.68666
NACA2	0.00628	0.00416	0.00275
NACAD	0.00191	0.07841	0.3979
NACA4P	0.00357	0.0031	0.00111
NACC1	0.00252	0.01485	0.00655
NACC2	0.0133	0.05506	0.25591
NADK	0.13117	0.08778	0.05352
NADSYN1	0.24193	0.15906	0.25365
NAE1	0.13998	0.74548	0.39622
NAF1	0.13302	0.0827	0.03573
NAGA	0.70883	0.12317	0.0657
NAGK	0.59104	0.28887	0.37048
NAGLU	0.03609	0.0492	0.0813
NAGPA	0.15233	0.07025	0.06523
NAGS	0.00425	0.0043	0
NAIF1	0.01804	0.03123	0.02246
NAIP	0.496	0.202	0.25616
NALCN	2e-04	0.04322	0.21796
NALCN-AS1	0	0.00446	0.00446
NAMPT	1.1542	0.49673	0.25885
NANOG	0.04001	0.06063	0.04558
NANOGNB	0.00231	0.00235	0.00028
NANOS1	0.01106	0.02102	0.02111
NANOS2	0	0.00186	0
NANOS3	0.00088	0.01186	0
NANP	0.02359	0.08204	0.02896
NANS	0.46572	0.2687	0.14551
NAP1L1	0.89602	0.97301	0.50374
NAP1L2	0.00705	0.0388	0.03838
NAP1L3	0.00523	0.20798	0.2865
NAP1L4	0.28999	0.79172	0.71795
NAP1L5	0.03239	0.2175	0.09098
NAP1L6	0.01718	0.02755	0.02844
NAPA	0.37248	0.4745	0.61201
NAPA-AS1	0.02542	0.02998	0.04259
NAPB	0.04346	0.13621	0.0381
NAPEPLD	0.03106	0.14377	0.38473
NAPG	0.14203	0.23359	0.37818
NAPRT	0.30254	0.17395	0.06618
NAPSA	0.0068	0.00344	0.02288
NAPSB	1.21819	0.00194	0.00097
NARF	0.24907	0.59018	0.25238
CIAO3	0.09275	0.22449	0.16263
ICE2	0.08757	0.14203	0.10035
NARS	0.47946	0.77019	0.71862
NARS2	0.07548	0.26942	0.12664
NASP	0.4494	0.82075	0.53226
NAT1	0.06373	0.00675	0.00703
NAT10	0.08089	0.20004	0.10457
NAT14	0.00518	0.04424	0.01035
NAT16	0.00036	0.02436	0.0016
NAT2	0	0.00093	0.00369
NAA80	0.02573	0.051	0.02876
NAT8	4e-04	0.00418	0
NAT8L	0.00338	0.03492	0.06448
NAT9	0.1631	0.38223	0.20422
NAV1	0.05136	0.20762	0.2585
NAV2	0.00832	0.14414	0.08524
NAV2-AS4	0	0.01683	0.00049
NAV2-AS5	0.00427	0.05456	0.0052
NAV3	0.06821	0.02161	0.07451
NBAS	0.08094	0.16646	0.14003
NBEA	0.01325	0.11997	0.05111
NBEAL1	0.05492	0.07555	0.0857
NBEAL2	0.05695	0.01363	0.00349
NBEAP1	0.00142	0.00451	0
NBL1	0.00798	0.00509	0
NBN	0.1199	0.26063	0.10208
NBPF1	0.09088	0.20483	0.14371
NBPF9	0.03552	0.03361	0.00918
NBPF11	0.01747	0.04689	0.0291
NBPF15	0.08299	0.19622	0.02905
NBPF22P	0.00086	0.00094	1e-04
NBPF3	0.03453	0.09669	0.0433
NBPF4	4e-05	0.00055	0
NBPF6	9e-05	0.00026	0
NBPF7	0.02556	0.02954	0.0133
NBR1	0.24865	0.36363	0.49844
NBR2	0.02846	0.0498	0.04602
NCALD	0.01157	0.29082	0.10093
NCAM1	0.0047	0.86655	1.70801
NCAM2	0.00158	0.2119	0.46198
NCAN	0.00093	0.32059	0.0018
NCAPD2	0.05583	0.13443	0.11137
NCAPD3	0.05591	0.14799	0.05625
NCAPG	0.01844	0.0924	0.01137
NCAPG2	0.04009	0.21605	0.07799
NCAPH	0.01667	0.08236	0.00404
NCAPH2	0.13392	0.34739	0.25513
NCBP1	0.13868	0.28945	0.16628
NCBP2	0.35314	1.03857	0.28812
NCCRP1	0.00576	0.00858	0.00513
NCDN	0.03254	0.17935	0.2293
NCEH1	0.17252	0.06165	0.01351
NCF1	0.46518	0.00177	0.00013
NCF1B	0.23594	0.00176	0.00149
NCF1C	0.27484	0.00335	0.00263
NCF2	0.52632	0.00808	0.00528
NCF4	0.48796	1e-04	0
NCK1	0.31861	0.29728	0.09703
NCK2	0.12283	0.10631	0.06121
NCKAP1	0.00419	0.2266	0.13663
NCKAP1L	0.69856	0.00064	1e-04
NCKAP5	0.05406	0.09559	0.26678
NCKAP5L	0.07577	0.07846	0.06522
NCKIPSD	0.05867	0.11967	0.18671
NCL	0.98872	1.6016	1.27275
NCLN	0.11788	0.25936	0.18237
NCMAP	0.03087	0.05442	0.02795
NCOA1	0.06355	0.14911	0.09965
NCOA2	0.10754	0.10167	0.12423
NCOA3	0.23024	0.15577	0.10989
NCOA4	0.8343	0.4711	0.8657
NCOA5	0.06516	0.16086	0.06036
NCOA6	0.06908	0.17522	0.17512
NCOA7	0.13231	0.04611	0.37768
NCOR1	0.39823	0.54688	0.4931
NCOR1P1	0.00101	0.00317	0.00265
NCOR2	0.09078	0.17327	0.09125
NCR1	0.00497	8e-05	0
NCR3	0.00482	0.00054	0.00088
NCR3LG1	0.01416	0.02871	0.00077
NCS1	0.01084	0.06223	0.015
NCSTN	0.50226	0.61634	0.60085
NDC80	0.03205	0.12182	0.00083
NDE1	0.084	0.14068	0.42612
NDEL1	0.33122	0.22511	0.18727
NDFIP1	0.42259	0.80521	0.48581
NDFIP2	0.02161	0.2757	0.57274
NDN	0.00596	0.06434	0.12904
NDNF	6e-04	0.02123	0.00016
NSMCE3	0.02232	0.03716	0.01872
NDOR1	0.04532	0.06574	0.04935
NDP	0.00139	0.13029	0.23252
NDRG1	0.15012	0.14475	0.97536
NDRG2	0.47357	0.83915	1.42124
NDRG3	0.21074	0.44345	0.57648
NDRG4	0.00515	0.51222	0.11661
NDST1	0.07009	0.21651	0.53298
NDST2	0.09656	0.05054	0.03365
NDST3	0.00489	0.00837	0.00432
NDST4	0	0.01282	0
NDUFA1	0.81569	1.0642	1.18415
NDUFA10	0.28832	0.39095	0.4453
NDUFA11	0.43252	0.87631	0.8287
NDUFA12	0.39276	0.84641	0.63084
NDUFA13	0.72255	1.44609	1.08485
NDUFA2	0.33937	0.44356	0.35327
NDUFA3	0.26083	0.53534	0.41529
NDUFA4	0.56438	1.38501	1.00097
NDUFA4L2	0.00409	0.05738	0.00344
NDUFA5	0.46762	1.37726	0.98829
NDUFA6	0.31212	0.73751	0.36335
AC010323.1	0.16635	0.56056	0.2662
NDUFA8	0.27684	0.58113	0.50124
NDUFA9	0.36378	0.79351	0.48472
NDUFAB1	0.35541	0.96611	0.69241
NDUFAF1	0.1189	0.21768	0.24865
NDUFAF2	0.10942	0.34801	0.29456
NDUFAF3	0.34397	0.58144	0.96237
NDUFAF4	0.0535	0.22672	0.09786
NDUFAF4P1	0.0078	0.02312	0.00956
NDUFAF5	0.05297	0.13892	0.06462
NDUFAF6	0.07154	0.2177	0.07053
NDUFAF7	0.10024	0.16939	0.08781
NDUFB1	0.20066	0.30173	0.34078
NDUFB10	0.41878	0.94971	0.84328
NDUFB11	0.3346	0.67204	0.42698
NDUFB2	0.63043	1.19245	1.29287
NDUFB2-AS1	0.01097	0.02248	0.02615
NDUFB3	0.38132	0.63291	0.69118
NDUFB4	0.49863	0.83044	0.86759
NDUFB5	0.64089	0.90848	0.8495
NDUFB6	0.37098	0.92497	1.27775
NDUFB7	0.34387	0.88644	0.83583
NDUFB8	0.96571	1.04856	1.37628
NDUFB9	0.47646	1.04858	1.27491
NDUFC1	0.33212	0.61725	0.48813
NDUFC2	0.35734	0.73333	0.67509
NDUFC2-KCTD14	6e-04	0.02439	0.00602
NDUFS1	0.15949	0.38043	0.35948
NDUFS2	0.51409	0.90125	0.81724
NDUFS3	0.39341	0.82404	0.58087
NDUFS4	0.30929	0.73789	0.54334
NDUFS5	0.65451	1.35838	0.98158
NDUFS6	0.32019	0.60994	0.47638
NDUFS7	0.5067	0.83784	1.54766
NDUFS8	0.46012	0.87257	0.74112
NDUFV1	0.47531	0.79883	0.85907
NDUFV2	0.65678	1.06617	1.17633
NDUFV3	0.23822	0.36667	0.24436
NEAT1	0.90157	0.3501	0.77535
NEB	0.01729	0.02071	0.00175
NEBL	0.00116	0.01446	0
NEBL-AS1	0	0.00194	0
NECAB1	0.00604	0.06933	0.98745
NECAB2	0.00363	0.01063	0.00022
NECAB3	0.01614	0.05529	0.0535
NECAP1	0.19506	0.42656	0.13946
NECAP2	0.44465	0.25709	0.24479
NEDD1	0.0715	0.16591	0.12074
NEDD4	0.01078	0.06784	0.01174
NEDD4L	0.02607	0.09221	0.08164
NEDD8	0.75502	1.00883	0.98612
NEDD8-MDP1	0.00357	0.01037	0.00311
NEDD9	0.4843	0.29038	0.0304
NEFH	0.02029	0.01967	0
NEFM	0.00083	0.08483	0.04614
NEGR1	0.00157	0.04755	0.05327
NEGR1-IT1	0	0.00049	0
NEIL1	0.03511	0.05499	0.02982
NEIL2	0.08704	0.22596	0.12474
NEIL3	0.00695	0.05811	0.00611
NEK1	0.09354	0.17199	0.11902
NEK10	0.00517	0.00659	0.00032
NEK11	0.01333	0.08003	0.01893
NEK2	0.04608	0.11774	0.03725
NEK3	0.07505	0.1005	0.20451
NEK4	0.09766	0.24371	0.07907
NEK5	0.23335	0.31192	0.2606
NEK6	0.47713	0.80575	0.03593
NEK7	0.08378	0.05049	0.08553
NEK8	0.02976	0.05128	0.01715
NEK9	0.18702	0.20779	0.19288
NELFA	0.10199	0.25267	0.16533
NELFB	0.02045	0.0586	0.03069
NELFCD	0.22947	0.68833	0.49648
NELFE	0.32995	0.83495	0.84417
NELL1	0	0.01116	0.00016
NELL2	0.02647	0.25813	0.00083
NEMF	0.34076	0.38494	0.67814
NENF	0.06305	0.15893	0.47507
NEO1	0.00278	0.07951	0.37566
NES	0.0023	0.27116	0.0241
NET1	0.10738	0.06736	0.02467
NETO1	4e-04	0.07731	0.00228
NETO2	0.02172	0.12041	0.001
NEU1	0.50632	0.338	0.32096
NEU3	0.02569	0.03854	0.02024
NEU4	0.01911	0.2424	0.00671
NEURL1B	0.00116	0.02941	0.00636
NEURL2	0.13224	0.05614	0.05564
NEURL3	0.00637	0.00563	0.00024
NEURL4	0.02178	0.05624	0.0479
NEUROD1	0.00115	0.12045	0.00249
NEUROD2	0	0.00126	0
NEUROD4	2e-05	0.01297	0
NEUROD6	5e-05	0.00453	0
NEUROG1	0	0.00051	0
NEUROG2	3e-05	0.00183	0
NEXN	0.00925	0.02621	0.01087
NF1	0.06266	0.15325	0.13802
NF1P2	8e-05	0.00043	0
NF2	0.22007	0.41791	0.24152
NFAM1	0.17528	0.00566	0.00131
NFASC	0.00197	0.2134	1.08318
NFAT5	0.19233	0.27555	0.2626
NFATC1	0.10748	0.03622	0.02967
NFATC2	0.09643	0.02258	0.00532
NFATC2IP	0.10392	0.13039	0.0637
NFATC3	0.16273	0.13881	0.10872
NFATC4	0.00074	0.01583	0
NFE2	0.00874	0.00256	0
NFE2L1	0.06374	0.11897	0.13863
NFE2L2	0.60397	0.44408	0.77709
NFE2L3	0.09095	0.11851	0.07032
NFIA	0.09418	0.69451	0.47202
NFIB	0.00236	0.59961	0.11091
NFIC	0.10496	0.19261	0.20926
NFIL3	0.28157	0.09899	0.04916
NFIX	0.00195	0.26841	0.26067
NFKB1	0.10907	0.04442	0.08909
NFKB2	0.03307	0.0063	0
NFKBIA	1.60121	0.52266	0.79982
NFKBIB	0.12594	0.17211	0.18142
NFKBID	0.49645	0.02131	0.00383
NFKBIE	0.05693	0.01543	0.01232
NFKBIL1	0.09136	0.19807	0.11901
NFKBIZ	0.5146	0.24327	0.09234
NFRKB	0.05599	0.12684	0.03695
NFS1	0.13427	0.21093	0.2789
NFU1	0.19753	0.33743	0.3308
NFX1	0.23864	0.29915	0.2252
NFXL1	0.06289	0.18282	0.13819
NFYA	0.09898	0.13006	0.10896
NFYB	0.08563	0.25065	0.17286
NFYC	0.26377	0.32767	0.21996
NGB	0	0.00465	0
NGDN	0.29098	0.53351	0.53495
NGEF	0.00021	0.00834	0.00692
NGF	0	0.00245	0
NGFR	0.0021	0.05312	0.28912
BEX3	0.09072	1.64369	1.38651
NGLY1	0.22116	0.31245	0.12822
NGRN	0.3322	1.23486	0.67442
NHEJ1	0.07034	0.11026	0.13044
NHLH1	3e-04	0.03097	0.00401
NHLH2	0.00026	0.00812	0.01693
NHLRC1	0.02092	0.01515	0.04726
NHLRC2	0.08996	0.12414	0.07199
NHLRC3	0.23459	0.15332	0.15116
NHLRC4	0.00835	0.00258	0.00031
NHP2	0.45835	1.13201	0.7314
SNU13	0.52157	0.89225	0.70449
NHS	0.00842	0.02383	0.00027
NHSL1	0.10212	0.27188	0.00195
NHSL2	0.00667	0.00579	0.00243
NICN1	0.08003	0.15052	0.09286
NID1	0.00425	0.19775	0.00235
NID2	0.0014	0.04034	0.01719
NIF3L1	0.0949	0.26509	0.24929
NIN	0.08101	0.15684	0.11229
NINJ1	1.28982	0.40351	0.1588
NINJ2	0.12753	0.01361	1.33097
NINL	6e-04	0.06892	0.02363
NIP7	0.13698	0.22883	0.14441
NIPA1	0.01402	0.04849	0.24854
NIPA2	0.36544	0.41076	0.16432
NIPAL1	0.00093	0.00451	0.00194
NIPAL2	0.0428	0.00865	0
NIPAL3	0.09128	0.08857	1.04597
NIPAL4	0.00716	0.00513	0.29272
NIPBL	0.18664	0.18435	0.16621
NIPSNAP1	0.12054	0.43179	0.15043
NIPSNAP3A	0.32827	0.21151	0.4877
NIPSNAP3B	0.10537	0.03217	0.00572
NISCH	0.21379	0.37297	0.32382
NIT1	0.14091	0.21429	0.20071
NIT2	0.23485	0.3928	0.27977
NKAIN1	0	0.03817	0.04635
NKAIN2	0.00017	0.00545	0.64546
NKAIN3	4e-05	0.07657	0.00023
NKAIN4	0.00138	0.48523	0.00485
NKAP	0.13595	0.18356	0.14889
NKAPL	0.01388	0.00583	0.03096
NKAPP1	0.00819	0.02369	0.01376
NKD1	0.00975	0.05879	0.06558
NKD2	4e-05	0.00175	0
NKG7	0.17121	0.00033	0
NKIRAS1	0.07612	0.26743	0.25486
NKIRAS2	0.16058	0.37165	0.11795
NKPD1	0.00593	0.01024	0.00962
NKRF	0.07046	0.06372	0.03411
NKTR	0.23852	0.33403	0.30586
NKX2-1	0	0.00242	0.00072
NKX2-2	0.00056	0.1311	0.11893
NKX2-3	0	0.00041	0
NKX2-5	0.0013	0.08741	0.00157
NKX3-1	0.03755	0.02642	0.01081
NKX3-2	0	0.00288	0
NKX6-1	0	0.0015	0
NKX6-2	0	0.00027	0.14737
NLE1	0.02443	0.15588	0.04347
NLGN1	0.00392	0.41582	0.23235
NLGN2	0.00144	0.07945	0.02847
NLGN3	0.01321	0.67041	0.65615
NLGN4X	0.00157	0.34363	0.04117
NLGN4Y	0.01868	0.16935	0.17837
NLGN4Y-AS1	0.00074	0.00425	0.00967
NLK	0.03206	0.09928	0.15171
NLN	0.06442	0.12697	0.09259
NLRC3	0.06934	0.04578	0.02503
NLRC4	0.07125	0.00189	1e-04
NLRC5	0.19201	0.07931	0.17165
NLRP1	0.24544	0.00221	0
NLRP11	4e-05	0.00638	7e-05
NLRP12	0.09216	0.09361	0.06509
NLRP14	0	0.00313	0.00615
NLRP2	0.02131	0.009	0
NLRP3	0.43673	0.00854	0.00417
NLRP4	0.0185	1e-05	0
NLRP5	0.00013	0.00036	0
NLRP6	0.00595	3e-05	0
NLRP7	0.00016	2e-04	0
NLRP8	0.00608	0.00707	0.00357
NLRP9	0.00263	0.00663	0.00153
NLRX1	0.01894	0.02044	0.00654
NMB	0.04287	0.16193	0.01411
NMBR	0	0.00365	0
NMD3	0.19799	0.39732	0.22917
NME1	0.26255	1.53949	0.55215
NME2	0.02361	0.36876	0.04512
NME1-NME2	1.28556	1.56303	0.75475
NME3	0.18111	0.21783	0.31613
NME4	0.08606	0.32094	0.01738
NME5	0.00138	0.08209	0.03429
NME6	0.1673	0.23871	0.13549
NME7	0.05119	0.3127	0.08748
NME8	0.01867	0.00021	0.00297
NME9	0.00301	0.02931	0.04371
NMI	0.26017	0.13304	0.0558
NMNAT1	0.14105	0.17069	0.13983
NMNAT2	0.00072	0.04916	0.00036
NMNAT3	0.02062	0.09102	0.03548
NMRAL1	0.13871	0.25025	0.32612
NMRK1	0.39138	0.12196	0.2767
NMRK2	0	0.00032	0
NMT1	0.08583	0.12426	0.08028
NMT2	0.06837	0.13295	0.07205
NMU	0.00113	0.04282	0
NMUR1	0.01463	0.01098	0.00616
NMUR2	0	0.00144	0.01596
NNAT	0.00486	0.52627	0.0161
NNMT	0.01032	0.17269	0.00476
NNT	0.14705	0.29003	0.0642
NOA1	0.17493	0.28281	0.23089
NOB1	0.12186	0.22914	0.06014
NOC2L	0.15668	0.43502	0.2699
NOC3L	0.08436	0.10496	0.11549
NOC4L	0.09054	0.22128	0.11726
NOD1	0.06953	0.0297	0.00876
NOD2	0.06745	0.00564	0.05363
NODAL	0.00221	0.00979	0.0071
NOG	9e-05	0.01612	0
NOL10	0.08987	0.20289	0.11157
NOL11	0.17923	0.43669	0.18748
Z83844.1	0.09226	0.13235	0.09525
NOL3	0.0175	0.15987	0.08853
NOL4	3e-04	0.13082	0.00274
NOL6	0.08529	0.15836	0.1235
NOL7	0.43813	0.63726	0.71087
NOL8	0.11015	0.18466	0.13572
NOL9	0.09031	0.15455	0.09331
NOLC1	0.14552	0.26566	0.19683
NOM1	0.03453	0.07909	0.0324
NOMO1	0.05389	0.21097	0.21317
NOMO2	0.08201	0.17903	0.15872
NOMO3	0.02822	0.06088	0.03731
NONO	0.74995	1.55554	0.6467
NOP10	0.58726	0.62338	0.35415
NOP14	0.02016	0.04022	0.01731
NOP14-AS1	0.01312	0.0594	0.10423
NOP16	0.12282	0.35666	0.14524
NOP2	0.1618	0.32536	0.06975
NOP56	0.31403	0.78858	0.59245
NOP58	0.41013	0.73855	0.35711
NOP9	0.02391	0.02967	0.01796
NOS1	0.00311	0.00964	0.01983
NOS1AP	0.0041	0.0621	0.00797
NOS2	0.0013	0.10281	0.00145
NOS3	0.00251	0.00442	0.00104
NOSIP	0.2588	0.45646	0.39128
NOSTRIN	0.00082	0.00887	9e-05
NOTCH1	0.06871	0.25172	0.09352
NOTCH2	0.23294	0.34065	0.03168
AC239799.1	0.25298	0.31275	0.0602
NOTCH3	0.00031	0.02471	0.00013
NOTCH4	0.02368	0.05306	0.07758
NOTUM	0.00028	0.00136	0
NOV	0.00386	0.04995	0.04427
NOVA1	0.00703	0.95608	0.26398
NOVA2	0	0.01441	0.00522
NOX1	0.00057	0.00186	0.00054
NOX3	0	0.00044	0
NOX4	0.00357	0.01962	0.02037
NOX5	2e-05	0.00045	0.00341
NOXA1	0.02064	0.01147	0.01264
NOXO1	0.00013	0.00404	0.0044
NOXRED1	9e-04	0.00874	0.01351
NPAP1	0.01678	0.02431	0.02962
NPAS1	0.00013	0.00507	0.00053
NPAS2	0.00081	0.02367	4e-05
NPAS3	0.00355	0.11693	0.06945
NPAS4	0	0.01213	0
NPAT	0.09132	0.11324	0.1165
NPB	0	0.00548	0.01093
NPC1	0.23872	0.18622	1.07654
NPC1L1	0.00071	0.00366	0.00027
NPC2	2.62276	0.26604	1.30155
NPDC1	0.01262	0.55299	0.39843
NPEPL1	0.12512	0.17696	0.08135
NPEPPS	0.17056	0.43541	0.29822
NPFF	0.02109	0.04767	0.03866
NPFFR2	0.01993	0.02626	0.01568
NPHP1	0.0038	0.05359	0.01257
NPHP3	0.04446	0.05088	0.05134
NPHP3-AS1	0.00021	0.00093	0
NPHP4	0.03115	0.04561	0.01839
NPHS1	0.02167	0.02698	0.01852
NPL	0.59484	0.06093	0.00152
NPLOC4	0.0777	0.13922	0.14581
NPM1	1.88227	2.1817	1.38171
NPM2	0.00459	0.01315	0
NPM3	0.03879	0.05819	0.02097
NPNT	0.00137	0.17294	1e-04
NPPA	0.01756	0.18945	0.00459
NPPB	0.00034	0.0025	0
NPPC	0	0.00832	0.0104
NPR1	0.00086	0.01161	0
NPR2	0.00373	0.04261	0.00337
NPR3	0.00058	0.01556	0
NPRL2	0.13316	0.26203	0.16609
NPRL3	0.04495	0.11091	0.13613
NPSR1	0	0.00355	0
NPSR1-AS1	5e-05	0.0015	0.00573
NPTN	0.45428	0.36993	0.24954
NPTX1	0.00017	0.01483	0.00036
NPTX2	0.00154	0.05681	0.20441
NPTXR	0.00727	0.06819	0.03203
NPW	0.00102	0.00697	0
NPY	0	0.13248	0.00305
NPY1R	0.01741	0.03494	0
NPY2R	7e-05	0.02229	0
NPY5R	0	0.03991	0
NPY6R	0.00276	0.00422	0.01804
NQO1	0.04167	0.07636	0.2084
NQO2	0.21359	0.18825	0.06624
NR0B1	0.00105	0.03349	0.01019
NR1D1	0.02221	0.04671	0.01733
NR1D2	0.06165	0.07675	0.06939
NR1H2	0.36197	0.31638	0.42241
NR1H3	0.05207	0.04633	0.01807
NR1H4	0.00013	0.00208	4e-04
NR1I2	0.00241	0.00219	0
NR1I3	0.00379	0.00159	0
NR2C1	0.13285	0.19958	0.12072
NR2C2	0.05776	0.10699	0.06592
NR2C2AP	0.08761	0.2058	0.12804
NR2E1	0.00063	0.03967	0.00091
NR2F1	0.00044	0.05712	0.00153
NR2F2	0.00074	0.05126	2e-04
NR2F6	0.02015	0.08627	0.00158
NR3C1	0.30362	0.19941	0.17085
NR3C2	0.01884	0.02225	0.02971
NR4A1	1.08049	0.14512	0.05453
NR4A2	1.09672	0.03722	0.05268
NR4A3	0.49491	0.01988	0.00184
NR5A1	0	0.00028	0.0011
NR5A2	7e-05	0.00143	0
NR6A1	0.00257	0.01101	0.0072
NRADDP	0.00288	0.00402	0.00265
NRAP	2e-05	0.00056	0.00022
NRARP	0.03372	0.02011	0.00113
NRAS	0.19615	0.40877	0.27652
NRBF2	0.36937	0.19945	0.24633
NRBP1	0.43656	0.7144	0.25262
NRBP2	0.02236	0.11635	0.3184
NRCAM	0.00414	0.70246	0.04463
NRDC	0.36666	0.54394	0.47052
NRDE2	0.03069	0.05225	0.06708
NREP	0.04378	0.82143	0.0073
NRF1	0.05865	0.12581	0.07415
NRG1	0.00491	0.05229	0.00017
NRG1-IT3	0	0.00084	0
NRG2	3e-05	0.01288	0.00506
NRG3	8e-05	0.00145	0.00011
NRG4	0.0086	0.03697	0.00127
NRGN	0.00099	0.00391	0.00044
NRIP1	0.07412	0.07822	0.03756
NRIP2	0.02419	0.03255	0.18047
NRIP3	0.1164	0.07549	0.03217
NRK	0	0.00072	0.00069
NRL	0.0072	0.00787	0.00436
NRM	0.10048	0.21463	0.11845
NRN1	0.00943	0.33438	0.00292
NRN1L	0.00467	0.00887	0.02174
NRON	0.01566	0.02868	0.0903
NRP1	0.39527	0.18302	0.00053
NRP2	0.14675	0.08962	0.09839
NRSN1	0.00412	0.1044	0.00435
NRSN2	0.01062	0.30051	0.09298
NRTN	0.00068	0.00045	0
NRXN1	0.00063	0.24896	0.01
NRXN2	0.00065	0.05961	0.05277
NRXN3	0.00625	0.07	0.10923
NSA2	0.34645	0.48061	0.26189
NSD1	0.10952	0.16312	0.10674
NSDHL	0.07938	0.19996	0.25884
NSF	0.23777	0.35429	0.19807
NSFL1C	0.17006	0.39406	0.34559
NSFP1	0.10776	0.11118	0.04329
NSG1	0.00472	0.17554	0.00027
NSL1	0.09454	0.15653	0.18833
NSMAF	0.21424	0.19386	0.06705
NSMCE1	0.27624	0.49231	0.4432
NSMCE2	0.22524	0.2437	0.21085
NSMCE4A	0.17213	0.2445	0.28036
NSMF	0.02372	0.09397	0.02286
NSRP1	0.16376	0.33868	0.19736
NSUN2	0.15612	0.25611	0.14282
NSUN3	0.08611	0.12431	0.10645
NSUN4	0.14709	0.11722	0.09144
NSUN5	0.15015	0.24553	0.16712
NSUN5P1	0.0592	0.17028	0.06545
NSUN5P2	0.05178	0.16851	0.05722
NSUN6	0.0881	0.15229	0.11369
NSUN7	0.0172	0.05454	0.02132
NT5C	0.32644	0.37237	0.33987
NT5C1A	0	0.00286	0
NT5C1B	3e-04	0.00123	0.00013
NT5C1B-RDH14	0	0.00021	0
NT5C2	0.32305	0.28063	0.40042
NT5C3B	0.03267	0.39965	0.12221
NT5DC1	0.09038	0.02599	0.62272
NT5DC2	0.04749	0.3102	0.02161
NT5DC3	0.05533	0.1912	0.0381
NT5E	0.01282	0.28715	0.0222
NT5M	0.00242	0.01466	0.00663
NTAN1	0.12389	0.10748	0.07879
NTF3	0	0.00232	0
NTF4	1e-05	0.00038	0
NTHL1	0.06152	0.30489	0.22277
NTM	0.00175	0.14436	0.348
NTMT1	0.18092	0.38698	0.31882
NTN1	0.0017	0.04435	0.00237
NTN3	0	0.00136	0.00146
NTN4	2e-05	0.03313	0
NTN5	0.00118	0.00176	0
NTNG1	0.0029	0.08593	0.00166
NTNG2	0.00085	0.00653	0.0158
NTPCR	0.13887	0.34837	0.36626
NTRK1	0.00481	0.00484	0.00386
NTRK2	0.00616	0.27621	0.33425
NTRK3	0.0039	0.23548	0.00246
NTRK3-AS1	9e-05	0.00432	0
NTS	0	0.00278	0.01186
NTSR1	0.00038	0.00666	0
NTSR2	0	0.00494	0
NUAK1	0.02402	0.02037	0.09609
NUAK2	0.09235	0.09078	0.08124
NUB1	0.1861	0.21953	0.19008
NUBP1	0.30364	0.24034	0.13317
NUBP2	0.21957	0.61065	0.50992
NUBPL	0.08577	0.12639	0.14027
NUCB1	0.56998	0.55422	0.38366
NUCB2	0.19702	0.43348	0.18359
NUCKS1	0.26612	0.60655	0.70026
NUDC	0.39904	0.80555	0.76199
NUDCD1	0.053	0.17676	0.09255
NUDCD2	0.2423	0.64026	0.94396
NUDCD3	0.12419	0.3867	0.28493
NUDT1	0.16794	0.34472	0.17197
NUDT10	0.00028	0.24109	0.00416
NUDT11	0.00312	0.47375	0.01974
NUDT12	0.02089	0.07318	0.1769
NUDT13	0.03568	0.02195	0.05163
NUDT14	0.26265	0.0545	0.10394
NUDT15	0.0729	0.15582	0.10757
NUDT16	0.17761	0.09574	0.06429
NUDT16L1	0.13921	0.42234	0.35768
NUDT16P1	0.10421	0.00681	0.0102
NUDT17	0.01618	0.04494	0.00419
NUDT19	0.19095	0.27737	0.14123
NUDT2	0.12633	0.14804	0.3276
NUDT21	0.21129	0.48052	0.3065
NUDT22	0.26138	0.24273	0.17428
NUDT3	0.06197	0.06715	0.02941
NUDT4	0.03821	0.06729	0.00819
NUDT4B	0.09812	0.15828	0.02425
NUDT5	0.31041	0.38366	0.44819
NUDT6	0.04811	0.09355	0.07646
NUDT7	0.01976	0.04034	0.03382
NUDT8	0.02393	0.0392	0.05799
NUDT9	0.138	0.25392	0.28712
NUF2	0.02371	0.15794	0.02431
NUFIP1	0.03239	0.09479	0.03357
NUFIP2	0.23841	0.22467	0.1527
NUGGC	0.02617	0.02878	0.01984
NUMA1	0.21269	0.29598	0.35792
NUMB	0.45385	0.20385	0.13193
NUMBL	0.01195	0.04616	0.0177
NUP107	0.15103	0.5079	0.14455
NUP133	0.13403	0.24828	0.19035
NUP153	0.0896	0.12195	0.06714
NUP155	0.06473	0.15692	0.06851
NUP160	0.11454	0.30502	0.11387
NUP188	0.13693	0.27775	0.17465
NUP205	0.08587	0.22091	0.07591
NUP210	0.09643	0.09647	0.04329
NUP210L	0.00233	0.00304	0.00303
NUP214	0.14493	0.25731	0.22996
NUP35	0.04912	0.3121	0.14524
NUP37	0.11225	0.19836	0.0601
NUP43	0.12691	0.23544	0.11224
NUP50	0.15474	0.23013	0.09173
NUP54	0.19207	0.40162	0.27243
NUP62	0.26465	0.37023	0.13205
NUP62CL	0.00993	0.0096	0
NUP85	0.15987	0.2435	0.09799
NUP88	0.16047	0.36234	0.149
NUP93	0.18846	0.37754	0.11681
NUP98	0.35826	0.32105	0.19533
NUP58	0.16157	0.26806	0.21446
NUPL2	0.16062	0.44677	0.11606
NUPR1	0.2874	0.14235	0.13447
NUPR2	0.00164	0.00557	0
NUS1	0.05623	0.10168	0.03916
NUSAP1	0.07819	0.27824	0.01313
NUTF2	0.49511	0.90216	0.75557
NVL	0.07333	0.22019	0.10408
NWD1	0.01442	0.02232	0.01513
NXF1	0.58611	0.44439	0.35017
NXF2	8e-05	0.00024	0.00049
NXF3	0.00867	0.00041	0.00057
NXF4	3e-05	0.00354	4e-05
NXF5	0	0.00073	0.00082
NXN	0.08573	0.12045	0.06862
NXNL1	0.00014	0.00054	0.00033
NXNL2	0.01747	0.02733	0.02485
NXPE2	0	0.00183	0.00059
NXPE3	0.0607	0.0622	0.40819
NXPE4	0	0.00083	0
NXPH1	0.00228	0.41716	0.0095
NXPH2	0.00087	0.01191	0
NXPH3	0.00013	0.01086	0.00074
NXPH4	0.00036	0.0181	0
NXT1	0.23292	0.48895	0.13928
NXT2	0.1164	0.17873	0.09142
NYAP1	0.00026	0.0015	0
NYAP2	0.02169	0.03755	0.01839
NYNRIN	0.05059	0.04226	0.00012
NYX	0	0.00032	0
OACYLP	0	0.00256	0
OAF	0.00594	0.01638	0.01707
OARD1	0.16374	0.24083	0.21113
OAS1	0.4467	0.09639	0.03162
OAS2	0.19609	0.03313	0.00401
OAS3	0.1227	0.12421	0.01632
OASL	0.08679	0.0116	0.00588
OAT	0.42931	0.5621	1.46646
OAZ1	2.63095	2.03694	1.68405
OAZ2	0.56673	0.81249	1.1984
OAZ3	0.00668	0.01267	0.0078
STN1	0.09034	0.04879	0.14606
OBP2A	0	0.00234	0
OBSCN	0.00507	0.01038	2e-05
OBSL1	0.00762	0.13632	0.01008
OC90	0.00069	0.00117	0
OCA2	5e-05	0.00127	0
OCEL1	0.11489	0.06009	0.05494
OCIAD1	0.53288	0.94758	1.01253
OCIAD2	0.12317	0.57457	0.06962
OCLM	0.11089	0.17458	0.05522
OCLN	0.04541	0.08694	0.08993
OCM	0.0041	0.00254	0.00223
OCRL	0.04343	0.12241	0.04505
OCSTAMP	0	0.00065	0
ODC1	0.12637	0.63947	0.02491
ODF1	0	0.00174	0
ODF2	0.08792	0.19621	0.11091
ODF2L	0.49698	0.71866	0.58107
ODF3	0.00087	8e-04	0
ODF3B	0.08827	0.00289	0
ODF3L1	0.0047	0.00511	0
ODF3L2	0	0.00195	0.02444
ODF4	0	0.00081	0.00137
OFD1	0.14772	0.25732	0.10564
OGDH	0.27498	0.4382	0.38474
OGDHL	0.00107	0.03122	0
OGFOD1	0.11859	0.27315	0.24173
OGFOD2	0.08492	0.1184	0.08059
OGFOD3	0.04121	0.09148	0.1001
OGFR	0.05335	0.0629	0.04391
OGFRL1	0.12034	0.01779	0.00158
OGG1	0.07254	0.18544	0.07189
OGN	0.00803	0.02593	0.01451
OGT	0.31951	0.48174	0.34518
OIP5	0.0208	0.12249	0.02663
OIP5-AS1	0.16107	0.21731	0.16436
OIT3	0.00045	0.0012	0
OLA1	0.20104	0.4899	0.37378
OLAH	0.01662	0.02218	0.01302
OLFM1	0.00163	0.17127	0.00707
OLFM2	0.00904	0.13421	0.00381
OLFM3	0.00075	0.01102	0.00374
OLFM4	0.00079	0.00258	0
OLFML1	0.02108	0.0129	0.02443
OLFML2A	0.01766	0.02325	0.01145
OLFML2B	0.38833	0.01656	0.00568
OLFML3	0.93164	0.02231	0
OLIG1	0.00579	0.64204	0.9121
OLIG2	0.00059	0.23568	0.16478
OLR1	1.70598	0.00074	0
OMA1	0.13373	0.10781	0.12813
OMD	0.02885	0.05978	0.03266
OMG	0.01167	0.30787	2.18036
OMP	0.00011	0.00691	0
ONECUT1	0	0.03651	0.00031
ONECUT2	0.00022	0.02315	5e-05
OOEP	5e-05	0.00054	0.00063
OPA1	0.12239	0.22712	0.14871
OPA1-AS1	0.00348	0.00417	0
OPA3	0.08945	0.10675	0.05916
OPALIN	1e-04	0.00058	1.06029
OPCML	3e-05	0.11252	0.00025
OPHN1	0.50394	0.89345	0.66117
OPLAH	0.02996	0.02424	0.04546
OPN1SW	0.00045	0.00516	0
OPN3	0.01755	0.01534	0.01206
OPN5	0	0.00126	0.00293
OPRD1	0	0.00087	0
OPRK1	0.00663	0.00945	0.00427
OPRL1	0.05605	0.01209	0
OPRM1	0.00148	0.02023	0.00064
OPTC	0.00017	0.00377	0
OPTN	0.06265	0.09285	0.48558
OR10AD1	0.00431	0.00308	0
OR10V2P	0.00271	0.00076	0
OR11A1	0.00905	0.01434	0.01523
OR11H1	0.00017	0.00037	0
OR11H12	0.00134	0.00078	0
OR11H2	0.00131	0.00147	0
OR12D2	0	0.00151	0
OR12D3	0.00125	0.00091	0.00241
OR13A1	0.00226	0.00049	2e-04
OR13D1	0.00358	0.00122	0
OR13J1	0	0.00133	0
OR14C36	0	0.00061	0
OR1E1	0	0.00079	0
OR1E2	0	5e-04	0.00014
OR1F1	0	0.001	0
OR1J4	0.00197	0.00046	0.00049
OR1K1	0.00185	0.0023	0
OR1L4	0.00116	0.00104	0
OR1L6	0.00103	0.00085	0
OR1L8	0	0.00376	4e-05
OR1N2	0.00075	0.00141	0.00056
OR2A1	0.00173	0.00098	9e-05
OR2A2	0	0.00062	0
OR2A20P	0.00225	0.0025	0.00061
OR2A4	0.00435	0.00073	0.00281
OR2A42	0.00173	0.00098	9e-05
OR2A7	0.0011	0.00218	0.00281
OR2A9P	0.00038	0.00315	9e-05
OR2AE1	0.00165	0.00734	0.00013
OR2AG2	0	0.00057	0
OR2AK2	0.00104	0.00058	0.00072
OR2AT4	0.00032	0.00116	0
OR2B11	0.00827	0.00022	0
OR2B2	0.00025	0.00139	0.0045
OR2B6	0.00094	0.0028	0
OR2C1	0.00204	0.00163	0.00627
OR2D2	1e-04	0.00073	0.00019
OR2F1	0.00032	6e-04	0
OR2G6	0	0.00072	0
OR2H1	4e-05	0.00088	0
OR2H2	0.00042	0.0101	0
OR2J3	0.00017	0.00193	0
OR2K2	6e-05	0.00063	0.00365
OR2L13	0.00028	0.00121	0.13744
OR2L1P	0	0.00043	0.01915
OR2L2	7e-05	0.00055	0.03206
OR2L3	0.00024	0.0011	0.00876
OR2L5	8e-05	0.00082	0.00327
OR2M5	0	1e-04	0.00188
OR2M7	0	0.00098	0
OR2T1	0	0.00075	0
OR2T12	0	0.00141	0
OR2T2	0	0.00124	0
OR2T27	0.00149	0.00057	0
OR2T29	0	0.00028	0
OR2T3	3e-05	0.00189	0
OR2T33	0	0.00115	0
OR2T34	3e-05	0.00029	0
OR2T4	0.00142	0.00217	0
OR2T5	0	0.00028	0
OR2T6	0	0.00168	0
OR2T8	3e-05	0.00063	0
OR3A1	0.00257	0.00146	0
OR3A2	0.00302	0.00044	0.0034
OR4A15	0	0.00071	0
OR4A47	0.00069	0.00035	0.00581
OR4A5	0.00022	0.00074	0
OR4C12	0.00058	0.00086	0
OR4C13	0.00029	0.00129	0
OR4C46	0.00033	0.00016	0
OR4D1	0.00138	0.00162	0
OR4F13P	0.00656	0.00855	0.00453
OR4F17	0.00161	0.00067	0
OR4F21	0.00011	0.00306	0
OR4F3	0.00038	0.00234	0.00074
OR4F4	7e-05	0.00057	0
OR4F5	0.00078	7e-05	0
OR4K1	0.00071	5e-04	0
OR4K2	0	0.00245	0
AC135068.1	0.00459	0.00203	0
OR4N2	0	0.032	0.01696
OR4N3P	0	0.00226	0
OR4N4	0	0.00046	0
OR4Q3	0	0.00182	0
OR51B4	0	0.00187	0
OR51B6	0	0.00138	0
OR51E1	0	0.00036	0
OR51E2	0.0167	0.0209	0.0126
OR51I1	0.00242	0.00186	0
OR51I2	2e-05	0.00054	0.00477
OR51M1	0	8e-04	0
OR52B2	0.00151	0.00084	0
OR52B6	0.00151	0.00084	0
OR52D1	0.00023	0.00094	0
OR52H1	0.00147	0.00248	0
OR52I1	0	0.00187	0
OR52I2	5e-05	0.00194	0
OR52K1	0.007	0.00036	0
OR52K2	0.0238	0.0011	0
OR52N2	0	9e-04	0
OR52N4	0.00464	0.00246	0
OR52W1	0.00071	0.00054	0
OR5B2	0.00111	0.00025	0
OR5B21	0.00294	0.00097	0
OR5C1	0.00094	0.00114	0
OR5H1	0.00021	0.00137	0
OR5H14	0.00239	0.00082	0
OR5H15	0.00022	0.00048	0
OR5H6	0.00042	0.00162	0
OR5L2	0	0.00068	0
OR5T3	0.00021	0.00063	0
OR6M1	0.00028	0.00058	0
OR6V1	0	0.00247	0.02115
OR6W1P	0.00255	0.0084	0.06361
OR7A5	0	0.00081	0.20183
OR7C1	0.00096	0.00068	0.00287
OR7D2	0.06141	0.07723	0.05524
OR7E12P	0.00812	0.02632	0.01082
OR7E14P	0.0044	0.01434	0.00503
OR7E24	6e-04	0.00143	0.00038
OR7E2P	0.00151	0.00636	0.00215
OR7E37P	0.00952	0.03165	0.02131
OR7E5P	0.002	0.00426	0.00311
OR7E91P	0.00393	0.01138	0.0068
OR8H2	2e-05	0.00054	0
AC089987.1	0.00054	0.00061	0.00021
OR9A2	7e-05	0.00075	0.01807
OR9A4	0.00478	0.00115	0
ORAI2	0.13707	0.22882	0.07157
ORAI3	0.068	0.04878	0.01473
LTO1	0.0514	0.08427	0.09771
ORC1	0.00931	0.06002	0.00115
ORC2	0.07238	0.15542	0.11933
ORC3	0.14122	0.30024	0.3181
ORC4	0.85189	1.2291	1.01027
ORC5	0.10794	0.35032	0.15823
ORC6	0.09039	0.30192	0.06858
ORM1	0.00396	0.00087	0
ORM2	0.0019	0.00042	0
ORMDL1	0.62612	0.72861	0.72922
ORMDL2	0.26329	0.1934	0.33701
ORMDL3	0.05975	0.15038	0.10319
OS9	0.97386	1.09768	0.46526
OSBP	0.03649	0.07308	0.04776
OSBP2	0.00429	0.06232	0.15056
OSBPL10	0.00063	0.01964	0.00483
OSBPL10-AS1	0	8e-04	0
OSBPL11	0.12784	0.07862	0.03387
OSBPL1A	0.12587	0.13734	0.80162
OSBPL2	0.12091	0.20313	0.21804
OSBPL3	0.18894	0.10855	0.00061
OSBPL5	0.02545	0.15044	0.10147
OSBPL6	0.01887	0.19041	0.00765
OSBPL7	0.04243	0.08295	0.0548
OSBPL8	0.22107	0.24431	0.13468
OSBPL9	0.21269	0.29259	0.30006
OSCAR	0.20525	0.00871	0.00277
OSCP1	0.02414	0.12087	0.04302
OSGEP	0.26147	0.28068	0.18018
OSGEPL1	0.06065	0.15236	0.15255
OSGIN1	0.02302	0.01469	0.06865
OSGIN2	0.02542	0.03206	0.00278
OSM	0.69059	8e-04	0
OSMR	0.01748	0.20407	0.04179
OSR1	0	0.02003	0
OSR2	0.00469	0.03223	0.00039
OST4	0.81627	0.98116	0.72408
OSTC	0.73562	0.88207	0.42108
OSTCP1	0.00242	0.00393	0.00103
OSTF1	0.86616	0.08653	0.83439
OSTM1	0.33465	0.27671	0.16398
OTC	0	0.00115	0
OTOA	0.00636	0.00038	0
OTOF	7e-05	0.00267	0
OTOGL	1e-05	0.00445	0.00017
OTOP1	4e-05	0.00282	0.00078
OTOP3	0	0.00043	0
OTOR	9e-05	0.00295	0
OTP	0	0.01974	0
OTUB1	0.34284	0.47595	0.42533
OTUB2	0.0131	0.02224	0.00271
OTUD1	0.21518	0.00939	0.00825
OTUD3	0.02073	0.04801	0.02587
OTUD4	0.05604	0.08349	0.04246
OTUD5	0.08772	0.14592	0.12547
OTUD6A	0.02967	0.03332	0.03177
OTUD6B	0.08108	0.21087	0.20549
OTUD7A	5e-04	0.00699	0.11734
OTUD7B	0.00218	0.03605	0.11663
OTX1	0.00076	0.0386	0
OTX2	0	0.0421	0
OTX2-AS1	0.00745	0.01262	0.00931
OVCA2	0.29242	0.37986	0.21781
OVCH1	0	0.00168	0.00018
OVCH2	6e-05	2e-04	0.00015
OVGP1	0.02125	0.02125	0.02066
OVOL1	0.01188	0.00115	0.00087
OVOL2	0.00027	0.00123	0
OVOL3	0.00172	0.01402	0.01733
OXA1L	0.74028	0.45204	0.30379
OXCT1	0.06694	0.30792	0.14506
OXCT2	0.00704	0.00642	0.00297
OXER1	0.03183	0.00498	0.0043
OXGR1	0.00058	0.00115	0.02069
OXLD1	0.0954	0.16655	0.10886
OXNAD1	0.11808	0.0962	0.07456
OXR1	0.21961	0.37193	0.43042
OXSM	0.0807	0.16557	0.02109
OXSR1	0.06865	0.09604	0.04845
OXT	0	0.00161	0
OXTR	0.00214	0.02337	0.01557
P2RX1	0.05337	0.00422	0
P2RX2	8e-05	0.00058	0
P2RX3	0	0.00106	0
P2RX4	0.39477	0.08777	0.0581
P2RX5	0.01076	0.01341	0.00531
P2RX5-TAX1BP3	0.04635	0.07097	0.04918
P2RX6	0.00095	0.02487	0.01506
P2RX7	0.33183	0.23619	0.54293
P2RY1	0.02521	0.13371	0
P2RY10	0.06176	0.00021	0
P2RY11	0.17172	0.0384	0.00707
P2RY12	0.96397	0.01117	0.02968
P2RY13	0.69519	0.02017	0
P2RY14	0.03411	0.04351	0.00232
P2RY2	0.00241	0.00081	0
P2RY4	0.00053	0.00655	0
P2RY6	0.10765	0.00528	0
P2RY8	0.1047	0.00109	0
P4HA1	0.55429	0.37549	0.16106
P4HA2	0.05762	0.05601	0.0413
P4HA3	0.00125	0.00269	0
P4HB	0.89132	1.11293	0.68879
P4HTM	0.03975	0.16581	0.15352
PA2G4	0.41582	0.7356	0.59865
PA2G4P4	0.01688	0.01074	0.00525
PAAF1	0.10086	0.3116	0.40687
PABPC1	2.18787	1.30394	0.71052
PABPC1L	0.0464	0.11301	0.00692
PABPC1L2A	1e-05	5e-04	0.00017
PABPC1L2B	0	0.00049	0.00187
PABPC1P2	0.0318	0.04039	0.02623
PABPC3	0.00584	0.00811	0.00256
PABPC4	0.29981	0.13672	0.04954
PABPC4L	0	0.00387	0
PABPC5	0.00043	0.04214	0.03069
PABPN1	0.00726	0.01896	0.02002
PABPN1L	0.00027	0.00034	0
PACRG	0.0027	0.05038	0.02254
PACRGL	0.04835	0.13075	0.07593
PACS1	0.05072	0.05446	0.01591
PACS2	0.09968	0.12764	0.67538
PACSIN1	0.00192	0.00233	0
PACSIN2	0.21205	0.18978	0.09209
PACSIN3	0.00425	0.02854	0.22607
PADI1	0.00332	0.00057	0
PADI2	0.80065	0.04607	1.34898
PADI3	0	0.00024	0
PADI4	0.01174	4e-05	0
PAF1	0.22952	0.43624	0.47055
PAFAH1B1	0.14405	0.31423	0.28174
PAFAH1B2	0.3634	0.73369	0.89146
PAFAH1B3	0.10372	0.91702	0.22737
PAFAH2	0.06854	0.09346	0.10891
PAG1	0.23604	0.12727	0.08163
PAGE2	0.00116	0.00149	0
PAGE2B	0.00018	0.00154	0
PAH	0	0.00872	0
PAICS	0.13476	0.767	0.2787
PAIP1	0.18655	0.52067	0.45562
PAIP2	0.98487	1.24589	1.71078
PAIP2B	0.01082	0.01911	0.13091
PAK1	0.29582	0.08106	0.08094
PAK1IP1	0.14754	0.35462	0.17733
PAK2	0.21784	0.30649	0.34385
PAK3	0.00058	0.17135	0.00427
PAK4	0.00951	0.04758	0.02759
PAK6	0.00731	0.01512	2e-05
PAK5	2e-05	0.04164	0.00936
PALB2	0.04288	0.0816	0.03945
PALD1	0.51174	0.02245	0
PALLD	0.09669	0.2561	0.01631
PALM	0.00019	0.04813	0.02165
PALM2	0.00331	0.02498	0.17916
PALM2-AKAP2	0.0016	0.00995	0.03992
PALM3	0.00105	0.01144	0.00019
PALMD	0.00133	0.019	0
PAM	0.06387	0.5065	0.01441
PAM16	0.0669	0.1928	0.11506
PAMR1	3e-05	0.01915	0
PAN2	0.11146	0.23459	0.19106
PAN3	0.3328	0.28919	0.19065
PAN3-AS1	0.01233	0.02151	0.0146
PANK1	0.01007	0.02521	0.00586
PANK2	0.07176	0.08349	0.01401
PANK3	0.0643	0.16602	0.11111
PANK4	0.0711	0.18107	0.09534
PANX1	0.06994	0.11261	0.08966
PANX2	0.00069	0.00215	0.00018
PANX3	0.00153	0.00062	0
PAOX	0.02817	0.00679	0.05253
TENT2	0.34202	0.29553	0.24766
TENT4B	0.07251	0.07272	0.04759
TENT4A	0.05285	0.09463	0.03919
ACP7	0.01031	0.01333	0.0961
PAPLN	0.03663	0.04722	0.01509
PAPOLA	0.45181	0.63855	0.45533
PAPOLB	0.00146	0.00327	0
PAPOLG	0.25315	0.10849	0.09398
PAPPA	0.00345	0.01839	0.01099
PAPPA2	0.00031	0.00437	0.00586
PAPSS1	0.24601	0.71354	1.15451
PAPSS2	0.07007	0.01574	0.00097
PAQR3	0.02111	0.06951	0.08697
PAQR4	0.01957	0.18405	0.57906
PAQR5	0.01651	0.00381	0.00155
PAQR6	0.00875	0.12841	0.66828
PAQR7	0.05469	0.0731	0.019
PAQR8	0.09726	0.05823	0.94977
PAQR9	0	0.00496	0
PARD3	0.00054	0.06273	0.00083
PARD3B	0.00203	0.01664	0.0111
PARD6A	0.02166	0.0417	0.01708
PARD6B	0.03607	0.11747	0.06538
PARD6G	0.03756	0.05724	0.03262
PARG	0.07697	0.14584	0.09832
PRKN	0.04611	0.06361	0.03887
PARK7	0.89681	1.60545	1.39733
PARL	0.34348	0.4975	0.26705
PARM1	0.01204	0.01209	0.00273
PARN	0.1939	0.25121	0.23489
PARP1	0.33628	0.67124	0.65756
PARP10	0.12974	0.06347	0.06677
PARP11	0.05305	0.16141	0.04853
PARP12	0.06265	0.03406	0.03389
PARP14	0.34683	0.12808	0.15995
PARP15	0.07892	0.00028	0
PARP16	0.05361	0.0958	0.01267
PARP2	0.11895	0.3981	0.22941
PARP3	0.05582	0.1258	0.07138
PARP4	0.30006	0.1476	0.21445
PARP6	0.1142	0.25762	0.19089
PARP8	0.21866	0.07571	0.01011
PARP9	0.34577	0.26003	0.31742
PARPBP	0.01775	0.0646	0.00416
PARS2	0.018	0.05253	0.02372
PART1	0.0177	0.0202	0.02262
PARVA	0.00228	0.14814	0.0029
PARVB	0.04752	0.01858	0.00621
PARVG	0.83027	0.00067	0
PASK	0.02034	0.05655	0.00338
PATE1	0	0.00673	0.00098
PATE2	0.00407	0.02062	0.00439
PATE3	0.00061	0.00355	0
PATE4	0.00998	0.02042	0.0086
PATL1	0.09456	0.09605	0.08237
PATL2	0.03173	0.00441	0.01442
PATZ1	0.03401	0.1134	0.05028
PAWR	0.00031	0.00673	0.00128
PAX1	0	0.00066	0
PAX2	0	0.00467	0
PAX3	0.00028	0.04136	0
PAX4	3e-05	5e-04	0
PAX5	9e-05	0.00458	0
PAX6	0.00727	0.06922	0.01648
PAX7	7e-05	0.00054	7e-05
PAX8	0.00673	0.00681	0.00699
PAX9	0	0.00066	0.00083
PAXBP1	0.08173	0.28289	0.14985
PAXBP1-AS1	0.08246	0.12677	0.10441
PAXIP1	0.01946	0.08997	0.02569
PBDC1	0.24232	0.31577	0.17141
PBK	0.00791	0.27724	0.01811
PBLD	0.03779	0.04397	0.10488
PBOV1	0.0101	0.0184	0.04002
PBRM1	0.13463	0.2057	0.09091
PBX1	0.00391	0.17973	0.06402
PBX2	0.02998	0.03368	0.01574
PBX3	0.09842	0.10452	0.11509
PBX4	0.02604	0.02447	0
PBXIP1	0.18758	0.13571	0.04091
PC	0.03842	0.07833	0.12038
PCA3	0.00583	0.01422	0.03707
PCAT1	0.01227	0.01719	0.00949
PCBD1	0.18652	0.25221	0.08433
PCBD2	0.13489	0.20885	0.10938
PCBP1	0.49207	0.53782	0.62407
PCBP1-AS1	0.01773	0.06359	0.05563
PCBP2	0.48415	0.67839	0.41385
PCBP3	0.00299	0.01276	0.07572
PCBP4	0.00697	0.5353	1.10383
PCCA	0.14952	0.20995	0.18049
PCCA-AS1	0.0044	0.0038	0.00409
PCCB	0.15899	0.39174	0.47935
PCDH1	0.0015	0.0907	0.0689
PCDH10	0.00189	0.14845	0.41497
PCDH11X	0.0352	0.20077	0.04748
PCDH11Y	0.03724	0.06348	0.03491
PCDH12	0.07114	0.01509	0.00217
PCDH15	0.00093	0.1944	0.00151
PCDH17	0.00136	0.18003	0.16784
PCDH18	0.00753	0.06162	0.02163
PCDH19	0.00026	0.04749	0.00087
AL592490.1	0.00225	0.037	0.05564
PCDH7	3e-05	0.04865	0.01146
PCDH8	8e-05	0.04989	0.00042
PCDH9	0.0067	0.57224	1.61692
PCDH9-AS2	0	0.00292	0.00927
PCDH9-AS3	0.00067	0.01245	0.04005
PCDHA1	0	0.01463	0.01618
PCDHA10	0.00015	0.09533	0.04075
PCDHA11	0	0.05063	0.00483
PCDHA12	4e-05	0.05802	0.02193
PCDHA13	2e-05	0.02782	0.0074
PCDHA2	0.00031	0.07788	0
PCDHA3	0.00023	0.05345	0.01529
PCDHA4	0.00064	0.08729	0.00705
PCDHA5	0.00064	0.02562	0
PCDHA6	0.00069	0.03927	0.01557
PCDHA7	0	0.0246	0.01609
PCDHA8	2e-04	0.0217	0.00676
PCDHA9	0.01848	0.06114	0.03389
PCDHAC1	3e-05	0.01979	0.00831
PCDHAC2	0.00147	0.01553	0.0348
PCDHB1	0	0.00456	0
PCDHB10	0.00117	0.21112	0.03932
PCDHB11	0.00271	0.10537	0.00196
PCDHB12	2e-04	0.15439	0.00396
PCDHB13	0.00081	0.10878	0.01146
PCDHB14	0.00261	0.11137	0.01721
PCDHB15	0.00101	0.08166	0.04563
PCDHB17P	0.00025	0.03356	3e-04
PCDHB18P	0.00163	0.05785	0.00349
PCDHB19P	0.0026	0.05426	0.00155
PCDHB2	0.00016	0.2765	0.03169
PCDHB3	0.00048	0.11723	0.00969
PCDHB4	0.00201	0.08427	0.07779
PCDHB5	2e-04	0.1365	0.04568
PCDHB6	0	0.05063	0.01306
PCDHB7	0.00126	0.26095	0.03081
PCDHB8	0.0012	0.18507	0.01238
PCDHB9	0.0195	0.21909	0.03527
PCDHGA1	0.00175	0.08241	0.01381
PCDHGA10	0.00577	0.11945	0.02994
PCDHGA11	0.00478	0.10375	0.02337
PCDHGA12	0.009	0.08093	0.02814
PCDHGA2	0.0021	0.07649	0.00103
PCDHGA3	0.00194	0.05117	0.02725
PCDHGA4	0.00043	0.0929	0.04475
PCDHGA5	0.00062	0.05022	0.01419
PCDHGA6	0.00181	0.05245	0.01171
PCDHGA7	0.00504	0.15693	0.02566
PCDHGA8	0.00225	0.05788	0.00413
PCDHGA9	0.00082	0.15017	0.02109
PCDHGB1	0.00069	0.08911	0.02091
PCDHGB2	0.01274	0.34477	0.0662
PCDHGB3	0.00162	0.07017	0.01508
PCDHGB4	0.00431	0.05383	0.01765
PCDHGB6	0.00777	0.13216	0.03627
PCDHGB7	0.01501	0.2646	0.07667
PCDHGB8P	0.0057	0.04024	0.00632
PCDHGC3	0.01586	1.18151	0.03702
PCDHGC4	0.00152	0.33363	0.02654
PCDHGC5	0.00275	0.13722	0.01245
CFAP221	0	0.01388	0.0034
PCED1A	0.10882	0.23452	0.15984
PCED1B	0.10716	0.00249	0
PCED1B-AS1	0.12712	0.01116	0.00739
PCF11	0.2004	0.20973	0.15276
PCGF1	0.08947	0.14128	0.08012
PCGF3	0.11827	0.22126	0.10681
PCGF5	0.23216	0.1807	0.4846
PCGF6	0.09823	0.15108	0.10368
PCID2	0.19465	0.38553	0.3333
PCIF1	0.25571	0.50208	0.35027
PCK1	0.00063	0.00518	6e-04
PCK2	0.16138	0.05066	0.03174
PCLO	0.00162	0.01324	0.00093
PCM1	0.23818	0.33502	0.28647
PCMT1	0.47605	1.02396	1.23752
PCMTD1	0.23618	0.17184	0.17814
PCMTD2	0.1489	0.72787	0.32993
PCNA	0.37356	0.87857	0.54906
PCNAP1	4e-05	0.00086	0
PCNP	0.60567	1.02282	0.89565
PCNT	0.04528	0.10191	0.07523
PCNX1	0.08508	0.07348	0.06725
PCNX2	0.08861	0.07324	0.01606
PCNX3	0.04639	0.07676	0.05051
PCNX4	0.22099	0.36949	0.18007
PCOLCE	0.01185	0.10548	0.00656
PCOLCE-AS1	0.00123	0.00173	0
PCOLCE2	0.0245	0.08646	0
PCP2	0.0051	0.00158	0
PCP4	0.00118	0.1102	0.01111
PCP4L1	0.00284	0.00657	0.00259
PCSK1	0.00174	0.06122	0.05152
PCSK1N	0.00321	0.42385	0.17264
PCSK2	0.00017	0.08673	0.0014
PCSK4	0.00288	0.00822	0.00156
PCSK5	0.03092	0.05233	0.00272
PCSK6	0.0016	0.00907	0.53052
PCSK7	0.16334	0.16205	0.13652
PCSK9	0.00039	0.00083	0
PCTP	0.13308	0.05951	0.02428
PCYOX1	0.11679	0.27916	0.18026
PCYOX1L	0.12542	0.13179	0.0177
PCYT1A	0.09831	0.13003	0.14703
PCYT1B	0.00355	0.08719	0.15674
PCYT2	0.02178	0.04616	0.09266
PDAP1	0.15547	0.44954	0.2132
PDC	0.00463	0.01651	0.01941
PDCD1	0.09382	0.00139	0.00035
PDCD10	0.31643	0.33402	0.58906
PDCD11	0.04697	0.09093	0.05178
PDCD1LG2	0.07582	0.01033	0.00422
PDCD2	0.13554	0.31477	0.10639
PDCD2L	0.03979	0.17125	0.06076
PDCD4	0.57805	0.21933	0.23349
PDCD5	0.36112	1.08072	0.67003
PDCD6	0.57391	0.95445	1.02513
PDCD6IP	0.57751	0.53938	0.58555
PDCD7	0.04921	0.10323	0.05967
PDCL	0.14494	0.24773	0.22128
PDCL2	0	0.0046	0
PDCL3	0.27409	0.39578	0.29484
PDCL3P4	0.01291	0.03509	0.01995
GATD1	0.13958	0.22265	0.2
PDE10A	5e-05	0.01997	0.0094
PDE11A	0.00906	0.01384	0.02552
PDE12	0.13973	0.242	0.24481
PDE1A	0.00043	0.0268	0.20502
PDE1B	0.04832	0.00388	0
PDE1C	0.00152	0.07205	0.44433
PDE2A	0.04136	0.03037	0.05486
PDE3A	0.00057	0.01752	0.00011
PDE3B	0.07618	0.02031	0.00012
PDE4A	0.09973	0.03472	0
PDE4B	0.55438	0.66168	0.72097
PDE4C	0.08006	0.1076	0.06859
PDE4D	0.06307	0.14932	0.05242
PDE4DIP	0.25789	0.46699	0.54187
PDE5A	0.01721	0.02289	0.0124
PDE6A	0.05182	0.06851	0.04618
PDE6B	0.06001	0.03894	0.30085
PDE6C	0.00047	0.00062	0.00138
PDE6D	0.13144	0.4408	0.70991
PDE6G	0.02449	0.00232	0
PDE6H	0.00043	0.00099	0
PDE7A	0.04543	0.05525	0.04153
PDE7B	0.01547	0.07051	0.00551
PDE8A	0.07241	0.06082	0.33871
PDE8B	0.00657	0.0449	0.01861
PDE9A	0.00429	0.01635	0.0015
PDF	0.00893	0.03859	0.00855
PDGFA	0.05619	0.26951	0.23535
PDGFB	0.17787	0.00357	0
PDGFC	0.06015	0.17574	0.00488
PDGFD	0.00186	0.07451	0.00234
PDGFRA	0.00031	0.68166	0.01399
PDGFRB	0.00592	0.0538	0.00392
PDGFRL	0.00041	0.016	0.02835
PDHA1	0.19915	0.41144	0.22823
PDHB	0.37096	0.76445	0.81394
PDHX	0.13207	0.24177	0.15299
PDIA2	2e-05	0.0126	0.32824
PDIA3	1.19655	1.12758	1.14823
PDIA4	0.34394	0.80844	0.44732
PDIA5	0.021	0.04678	0.00997
PDIA6	0.78971	1.23221	0.60176
PDIK1L	0.04382	0.15537	0.06514
PDK1	0.08708	0.14795	0.05972
PDK2	0.11337	0.23851	0.41388
PDK3	0.22676	0.20015	0.08458
PDK4	0.93793	0.03511	0.7467
PDLIM1	0.00845	0.18003	0.00711
PDLIM2	0.0873	0.15598	0.12068
PDLIM3	0.00074	0.20678	0.05066
PDLIM4	0.00808	0.30909	0.00353
PDLIM5	0.23288	0.59711	0.26473
PDLIM7	0.19295	0.27607	0.00125
PDP1	0.1546	0.19913	0.04723
PDP2	0.02421	0.06257	0.04353
PDPK1	0.08633	0.14475	0.12062
PDPN	0.31147	0.53721	0.01068
PDPR	0.10077	0.1301	0.10515
PDRG1	0.11199	0.37965	0.20385
PDS5A	0.12314	0.20323	0.11752
PDS5B	0.10687	0.21396	0.12929
PDSS1	0.02627	0.05091	0.02187
PDSS2	0.08446	0.13279	0.09355
PDX1	0	0.00194	0
PDXDC1	0.28665	0.33866	0.30011
PDXDC2P-NPIPB14P	0.24796	0.36661	0.23071
PDXK	0.12936	0.07712	0.04563
PDXP	0.01545	0.07072	0.04699
PDYN	0.00552	0.00479	0
PDZD11	0.21657	0.51544	0.24158
PDZD2	0.00583	0.14344	0.07236
PDZD3	0.00097	0.00083	0
PDZD4	0.00039	0.04687	0.00135
PDZD7	0.00484	0.0062	0.05788
PDZD8	0.01567	0.031	0.07231
PDZD9	0.00128	0.00969	0.00194
PDZK1	0.00383	0.01744	0.01528
PDZK1IP1	0.00354	0.00094	0
PDZRN3	1e-04	0.07713	0.00255
PDZRN4	0.00033	0.06324	0.00828
PEA15	0.27384	0.55354	0.82963
PEAK1	0.08793	0.23512	0.15526
PEAR1	0.00064	0.00404	0
PEBP1	0.77594	1.73486	2.53451
PEBP4	0.00175	0.00165	0
PECAM1	0.2867	0.0107	0.00552
PECR	0.09903	0.10799	0.10623
PEF1	0.31905	0.57688	0.72738
PEG10	0.00033	0.35858	0.10967
PEG3	0.0034	0.2155	0.24103
PELI1	0.64372	0.28182	0.20661
PELI2	0.04951	0.06518	0.04448
PELI3	0.00372	0.01811	0.02763
PELO	0.07088	0.11947	0.05347
PELP1	0.03177	0.09929	0.07125
PEMT	0.0961	0.50651	0.26604
PENK	3e-04	0.007	0
PEPD	0.44974	0.48515	0.86063
PER1	0.35682	0.19737	0.12967
PER2	0.08601	0.13126	0.04797
PER3	0.05122	0.04413	0.10072
PERP	0.02849	0.02796	0.00326
PES1	0.04067	0.14431	0.08306
PET100	0.32271	0.52816	0.35231
GATB	0.10003	0.15655	0.21981
PET117	0.11049	0.27093	0.31391
PEX1	0.06864	0.22	0.16725
PEX10	0.06495	0.26241	0.16041
PEX11A	0.01433	0.09816	0.05473
PEX11B	0.14559	0.27251	0.23985
PEX11G	0.03732	0.04339	0.07012
PEX12	0.02276	0.07274	0.0536
PEX13	0.14842	0.21159	0.15733
PEX14	0.02325	0.05413	0.06142
PEX16	0.12206	0.17077	0.31426
PEX19	0.17836	0.39742	0.54902
PEX2	0.15155	0.21925	0.22923
PEX26	0.04211	0.085	0.0434
PEX3	0.11804	0.19748	0.1208
PEX5	0.02574	0.10463	0.06486
PEX5L	0.00372	0.01681	0.65742
PEX6	0.00956	0.03603	0.01492
PEX7	0.02342	0.0512	0.08588
PF4	0.00099	0.00028	0
PFAS	0.03926	0.11419	0.03529
PFDN1	0.48367	0.6901	0.68845
PFDN2	0.25874	0.5695	0.60511
PFDN4	0.0828	0.29385	0.22058
PFDN5	1.64454	1.48872	1.046
PFDN6	0.0263	0.07416	0.05455
PFKFB1	0.00285	0.0047	0.00365
PFKFB2	0.10905	0.04878	0.03846
PFKFB3	0.65731	0.16706	0.1568
PFKFB4	0.05787	0.10303	0.06589
PFKL	0.53651	0.59003	0.83842
PFKM	0.05587	0.45191	0.02829
PFKP	0.14265	0.3362	0.00425
PFN1	1.58628	1.03574	1.18221
PFN2	0.01657	1.36467	0.93944
PFN3	0	0.00235	0
PFN4	0.00183	0.01354	0.00117
PGA3	0.00075	0.00011	0
PGA4	0.00584	0.00044	0
PGA5	0	0.00207	0
PGAM1	1.11809	1.48155	1.45134
PGAM1P5	0.00035	0.00198	0.0019
PGAM2	0.04332	0.10733	0.00842
PGAM4	0.01133	0.03336	0.02972
PGAM5	0.06807	0.12106	0.06757
PGAP1	0.01417	0.35419	0.06406
PGAP2	0.02985	0.06231	0.0763
PGAP3	0.04263	0.07714	0.04409
PGBD1	0.02703	0.18091	0.08611
PGBD2	0.05709	0.07803	0.07341
PGBD4	0.01127	0.04299	0.04344
PGBD5	0.01297	0.03559	0.05177
PGC	0.00016	0.00126	0.00057
PGCP1	0	0.00055	0
PGD	0.58371	0.9287	0.458
PGF	0.00443	0.01757	0.00493
PGGT1B	0.21708	0.26786	0.09208
PGK1	1.70004	1.59202	1.21736
PGK2	0.00043	0.00024	0.00021
PGLS	0.5233	0.63471	0.45455
PGLYRP1	0.001	0.00432	0.00462
PGLYRP2	0.00228	5e-05	0
PGM1	0.11139	0.41549	0.11194
PGM2	0.2563	0.17566	0.0045
PGM2L1	0.04559	0.17607	0.03112
PGM3	0.11734	0.32853	0.25745
PGM5	0.03921	0.01499	0.00863
PGM5-AS1	0.00269	0.01388	0
PGP	0.02234	0.03865	0.02381
PGPEP1	0.06186	0.08374	0.03391
PGPEP1L	0.00041	0.00105	0.00059
PGR	7e-05	0.00105	0.00024
PGRMC1	0.33384	1.13642	1.68373
PGRMC2	0.04116	0.10131	0.09587
PGS1	0.25715	0.24174	0.278
PHACTR1	0.10178	0.06481	0.15555
PHACTR2	0.05664	0.02374	0.01925
PHACTR3	0.001	0.21697	0.6425
PHACTR4	0.15947	0.2724	0.21285
PHAX	0.18021	0.40231	0.32786
PHB	0.34426	0.86886	0.71747
PHB2	0.57247	1.0169	0.47842
PHC1	0.03724	0.20288	0.03281
PHC2	0.17139	0.20734	0.20198
PHC3	0.1286	0.18173	0.17791
PHEX	0.00246	0.01105	0
PHEX-AS1	0	0.00322	0
PHF1	0.06608	0.10986	0.07087
PHF10	0.03192	0.03943	0.00917
PHF11	0.31176	0.0953	0.267
PHF12	0.07392	0.17479	0.11659
PHF13	0.02556	0.09268	0.06401
PHF14	0.06283	0.27791	0.06878
PHF19	0.0585	0.18159	0.07265
PHF2	0.02763	0.07755	0.06488
PHF20	0.21937	0.22493	0.19862
PHF20L1	0.12903	0.22608	0.11885
PHF21A	0.0584	0.10873	0.07226
PHF21B	2e-04	0.07717	0.00521
PHF23	0.03362	0.07417	0.02188
PHF3	0.21583	0.24716	0.28857
PHF5A	0.18366	0.33873	0.31568
PHF6	0.11311	0.32085	0.15844
PHF7	0.02315	0.02815	0.02968
PHF8	0.09208	0.14008	0.08101
PHGDH	0.02063	0.57503	1.50015
PHIP	0.20348	0.26004	0.27774
PHKA1	0.00173	0.03674	0.00435
PHKA2	0.04841	0.05324	0.05006
PHKA2-AS1	0.00817	0.00506	0.00164
PHKB	0.16886	0.23695	0.17422
PHKG1	0.00845	0.0643	0.03115
PHKG2	0.17002	0.13438	0.07431
PHLDA1	0.17382	0.73441	0.04485
PHLDA2	0.03759	0.05144	0.00088
PHLDA3	0.00332	0.05839	0.29383
PHLDB1	0.01341	0.32424	1.26244
PHLDB2	0.00466	0.01696	0.00266
PHLDB3	0.02306	0.02607	0.00768
PHLPP1	0.00839	0.12065	0.29404
PHLPP2	0.01565	0.04276	0.02613
PHOSPHO1	0.01515	0.00045	0.00144
PHOSPHO2	0.02221	0.16007	0.03799
PHOX2A	0.00113	0.00015	0
PHPT1	0.24119	0.61163	0.44507
PHRF1	0.06251	0.08968	0.06434
PHTF1	0.04257	0.0871	0.03741
PHTF2	0.18507	0.28709	0.25792
PHYH	0.10524	0.18445	0.14148
PHYHD1	0.06228	0.09054	0.04389
PHYHIP	9e-05	0.01198	4e-05
PHYHIPL	0.00764	0.51978	1.32684
PI15	2e-05	0.01069	0.00824
PI16	0.00038	0.02263	0.21054
PI3	0.00043	0.0095	0
PI4K2A	0.09919	0.03611	0.01993
PI4K2B	0.01879	0.02924	0.04462
PI4KA	0.16572	0.22664	0.13673
PI4KAP2	0.07956	0.17575	0.06415
PI4KB	0.26045	0.39659	0.39998
PIANP	0.00091	0.08657	0.00369
PIAS1	0.49729	0.35876	0.31567
PIAS2	0.08695	0.23842	0.10516
PIAS3	0.13228	0.2705	0.18716
PIAS4	0.07125	0.20542	0.32531
PIBF1	0.07967	0.17961	0.1239
PICALM	0.40581	0.13165	0.39194
PICK1	0.04295	0.04568	0.11086
PID1	0.03238	0.35973	0.01354
PIDD1	0.04902	0.11842	0.07269
PIEZO1	0.11124	0.0567	0.05873
PIEZO2	0.00201	0.0035	0.11599
PIF1	0.0038	0.02424	0.00211
PIFO	0.00029	0.03658	0.00025
PIGA	0.07497	0.08877	0.1336
PIGB	0.10894	0.07671	0.07013
PIGC	0.15765	0.23103	0.17377
PIGF	0.23244	0.5835	0.40679
PIGG	0.20543	0.27024	0.3081
PIGH	0.24593	0.37266	0.55084
PIGK	0.12519	0.14837	0.37759
PIGL	0.11566	0.16599	0.10347
PIGM	0.07313	0.2077	0.27041
PIGN	0.09234	0.11016	0.14093
PIGO	0.1627	0.21042	0.22311
PIGP	0.18009	0.16054	0.3996
PIGQ	0.06549	0.25033	0.1456
PIGR	0.02138	0.01807	0.01248
PIGS	0.21151	0.31933	0.26281
PIGT	0.5305	0.65911	1.25566
PIGU	0.11532	0.36724	0.63007
PIGV	0.04664	0.06228	0.10456
PIGX	0.15722	0.24599	0.16694
PIGY	0.49566	0.8542	0.88696
PIGZ	0.0048	0.03204	0.00659
PIH1D1	0.27463	0.39716	0.25447
PIH1D2	0.0049	0.02641	0.00289
PIH1D3	0.0068	0.0079	0.00518
PIK3AP1	0.20421	0.00396	2e-04
PIK3C2A	0.12023	0.19884	0.12939
PIK3C2B	0.03537	0.09334	0.30655
PIK3C2G	4e-05	0.00057	2e-05
PIK3C3	0.14471	0.26177	0.30147
PIK3CA	0.03925	0.07013	0.02675
PIK3CB	0.06659	0.08082	0.10959
PIK3CD	0.18108	0.02533	0.013
PIK3CG	0.16043	0.00064	1e-04
PIK3IP1	0.83898	0.0922	0.42961
PIK3R1	0.14628	0.24368	0.11907
PIK3R2	0.01544	0.08257	0.02847
PIK3R3	0.01026	0.21762	0.00569
PIK3R4	0.08034	0.16113	0.16452
PIK3R5	0.44183	0.00053	0
PIKFYVE	0.08214	0.1269	0.10854
PILRA	0.80945	0.04204	0.0293
PILRB	0.3492	0.6349	0.25066
PIM1	0.24873	0.12654	0.09146
PIM2	0.16093	0.07888	0.0116
PIM3	0.09643	0.04477	0.26014
PIN1	0.29016	0.71111	0.71266
PIN1P1	0	0.00068	0.00337
PIN4	0.10793	0.23958	0.19491
PIN4P1	0.01549	0.08192	0.03094
PINK1	0.06668	0.11192	0.09227
PINLYP	0.01522	0.10851	0.02618
PINX1	0.0573	0.13745	0.07774
PIP	0.00012	0.00031	0.00336
PIP4K2A	0.45688	0.25732	2.30283
PIP4K2C	0.12153	0.29487	0.27468
PIP5K1A	0.19863	0.4508	0.22516
PIP5K1B	0.03633	0.02561	0.03582
PIP5K1C	0.04176	0.07941	0.02962
PIP5K1P1	0.00011	0.00345	0.00215
PIP5KL1	0.00112	0.01831	0.0024
PIPOX	0.03483	0.22447	0.02054
PIPSL	0.0086	0.01846	0.01169
PIR	0.02078	0.12456	0.41957
PIRT	1e-05	0.03433	0.00127
PISD	0.20612	0.22074	0.10927
PITHD1	0.2233	0.43293	0.70613
PITPNA	0.06333	0.0884	0.04271
PITPNA-AS1	0.04234	0.18021	0.11278
PITPNB	0.2651	0.45881	0.36538
PITPNC1	0.01505	0.03401	0.00066
PITPNM1	0.05373	0.02609	0.00257
PITPNM2	0.00252	0.02111	0.00029
PITPNM3	0.00315	0.00932	0.00114
PITRM1	0.13848	0.17885	0.17077
PITRM1-AS1	0.00962	0.01293	0.01393
PITX1	9e-05	0.01079	0
PITX2	2e-05	0.05875	0
PIWIL1	0.00012	0.00022	0
PIWIL2	0.01539	0.03887	0.02064
PIWIL3	0.00546	0.00659	0.00374
PIWIL4	0.00687	0.01536	0.00935
PJA1	0.06071	0.47917	0.26902
PJA2	0.42926	0.91091	0.78041
PKD1	0.03958	0.17319	0.09104
PKD1L1	0.00167	0.00388	0.00442
PKD1L2	0.00022	0.0022	0.01551
PKD1P1	0.13148	0.38931	0.1437
PKD2	0.07298	0.13322	0.12077
PKD2L1	0.00935	2e-04	0.00058
PKD2L2	0.00818	0.00446	0.00483
PKDCC	0.00423	0.01582	0.00231
PKDREJ	0.00313	0.00662	0.00057
PKHD1	0.00022	0.00028	2e-05
PKHD1L1	1e-05	3e-04	1e-05
PKIA	0.00712	0.26224	0.01361
PKIB	0.28976	0.22052	0.01764
PKIG	0.04097	0.51182	0.19241
PKLR	7e-04	0.00207	0.00111
PKM	0.89187	1.21844	0.54124
PKMYT1	0.01417	0.13011	0.00808
PKN1	0.15023	0.11752	0.04639
PKN2	0.14791	0.15015	0.09206
PKN3	0.00281	0.00993	0
PKNOX1	0.0677	0.12455	0.07834
PKNOX2	0.00021	0.05155	0.00019
PKP1	5e-05	0.00081	0
PKP2	0.00914	0.0055	0.00406
PKP3	0.00025	0.00129	0
PKP4	0.00865	0.11746	0.35818
PLA1A	0.01021	0.00141	1e-04
PLA2G10	0.0014	0.00391	0.001
PLA2G12A	0.08322	0.22131	0.18225
PLA2G12B	0.00053	7e-04	0
PLA2G15	0.51152	0.1125	0.08577
PLA2G16	0.28092	0.24501	2.21581
PLA2G1B	0	0.00179	0
PLA2G2A	0	0.00318	0
PLA2G2D	0.00177	0.00044	0
PLA2G3	0	0.00113	0
PLA2G4A	0.17682	0.10761	0.00505
PLA2G4B	0.0858	0.09033	0.05152
PLA2G4C	0.01345	0.04861	0.56932
PLA2G4D	0	0.00061	0
PLA2G4E	0.01796	0.02173	0.01458
PLA2G4F	0.00093	0.00078	0
PLA2G5	0.00031	0.08342	0.00108
PLA2G6	0.039	0.09132	0.18619
PLA2G7	0.10415	0.00389	0.00121
PLA2R1	9e-05	0.00436	4e-05
PLAA	0.12994	0.18527	0.13439
PLAC1	4e-05	0.00698	0
PLAC8	0.3218	0.0761	0.06004
PLAC8L1	0.00062	0.01365	0.00682
PLAC9	0.00125	0.00291	0
PLAG1	0.07287	0.01572	0.04136
PLAGL1	0.15033	0.01535	0.00172
PLAGL2	0.05465	0.08148	0.03917
PLAT	0.00953	0.52412	0.0195
PLAU	0.59822	0.09735	0.00105
PLAUR	1.54214	0.07631	0.05238
PLB1	0.07921	0.00509	0
PLBD1	0.58629	0.02683	0.00033
PLBD2	0.08397	0.09059	0.1952
PLCB1	0.00173	0.06208	0.00699
PLCB2	0.58533	0.00397	0.00383
PLCB3	0.00878	0.01751	0.00685
PLCB4	0.00223	0.05533	0.00197
PLCD1	0.05627	0.09431	0.05395
PLCD3	0.00504	0.03661	0.002
PLCD4	0.00658	0.02842	0.00559
PLCE1	0.00239	0.08616	0.00146
PLCG1	0.05273	0.29103	0.13214
PLCG2	0.16177	0.00143	0.00525
PLCH1	0.00398	0.01577	0.0048
PLCH2	0.00198	0.00146	0.04592
PLCL1	0.00656	0.01659	0.22075
PLCL2	0.04775	0.03427	0.00742
PLCXD1	0.07189	0.14933	0.15857
PLCXD2	0.0159	0.02825	0.0028
PLCXD3	0.00448	0.00079	0
PLCZ1	9e-05	0.00127	0
PLD1	0.0485	0.02122	0.35524
PLD2	0.19533	0.09187	0.0626
PLD3	0.67493	0.81713	0.67262
PLD4	0.99167	0.00096	0
PLD5	0.00022	0.03299	0.11576
PLD6	0.02238	0.08482	0.08165
PLEC	0.18039	0.09763	0.00567
PLEK	0.97724	0.00135	0
PLEK2	0.05312	0.00244	0
PLEKHA1	0.0955	0.09422	0.47527
PLEKHA2	0.12463	0.09658	0.02557
PLEKHA3	0.03822	0.05474	0.0347
PLEKHA4	0.00257	0.04022	0.00223
PLEKHA5	0.06212	0.14387	0.07762
PLEKHA6	0.00273	0.05223	0.01802
PLEKHA7	0.02394	0.02085	0.02535
PLEKHA8	0.02094	0.08835	0.01314
PLEKHA8P1	0.0133	0.02289	0.00024
PLEKHB1	0.07081	0.53985	2.63604
PLEKHB2	0.58233	0.58818	0.85946
PLEKHD1	0.00057	0.00039	0
PLEKHF1	0.02051	0.02242	0.19759
PLEKHF2	0.17132	0.13581	0.09499
PLEKHG1	0.01283	0.06938	0.06648
PLEKHG2	0.19165	0.16028	0.0253
PLEKHG3	0.00841	0.06689	0.57513
PLEKHG4	0.01639	0.00926	0.00746
PLEKHG4B	0.0092	0.01839	0.01119
PLEKHG5	0.04756	0.02532	3e-04
PLEKHG6	0.01322	0.00477	0.00095
PLEKHG7	0.00433	0.00457	7e-05
PLEKHH1	0.01904	0.06005	1.20705
PLEKHH2	0.00532	0.11506	0.03401
PLEKHH3	0.00418	0.02207	0.00634
PLEKHJ1	0.22586	0.56414	0.26027
PLEKHM1	0.17858	0.14354	0.22379
PLEKHM1P1	0.37839	0.24216	0.24827
PLEKHM2	0.09356	0.08424	0.05887
PLEKHM3	0.0579	0.08184	0.16194
PLEKHN1	0.00359	0.00103	0.00018
PLEKHO1	0.16694	0.1432	0.00195
PLEKHO2	0.51292	0.06879	0.0859
PLEKHS1	0.00054	0.00509	0.00253
PLG	0.00119	0.00167	0.00037
PLGLA	0.00191	0.00183	0.00081
PLGLB1	0.03997	0.0535	0.02811
PLGLB2	0.00061	0.00239	0.00264
PLGRKT	0.21418	0.34987	0.1415
PLIN1	4e-05	0.00191	0
PLIN2	1.34212	0.17312	0.15232
PLIN3	0.35172	0.40793	1.07043
PLIN4	0.00313	0.02338	0.00793
PLIN5	0.00448	0.0276	0.007
PLK1	0.024	0.11718	0.01831
KIZ	0.11324	0.46086	0.41579
PLK2	0.20049	0.33141	0.01885
PLK3	0.38995	0.08688	0.05043
PLK4	0.01591	0.06751	0.01911
PLK5	0.00057	0.00295	0
PLLP	0.00365	0.36238	2.53026
PLN	0.00146	0.00992	0.00601
PLOD1	0.21666	0.30879	0.23368
PLOD2	0.02486	0.36346	0.05453
PLOD3	0.13674	0.39	0.67032
PLP1	0.02476	0.41345	5.86454
PLP2	0.38917	0.3025	0.03953
PLRG1	0.1454	0.36202	0.30458
PLS1	0.01638	0.02138	0.01356
PLS3	0.01139	0.32601	0.67882
PLSCR1	0.83104	0.21537	0.02186
PLSCR2	0.01114	0.00253	0
PLSCR4	0.00306	0.12458	0.01273
PLSCR5	0.00065	0.00019	0
PLTP	1.29609	0.52225	0.02069
PLVAP	0.11568	0.0031	0
PLXDC1	0.05401	0.02356	0.00505
PLXDC2	1.65522	0.04502	0.40369
PLXNA1	0.07821	0.1463	0.02543
PLXNA2	0.0132	0.05964	0.00044
PLXNA3	0.02353	0.11189	0.02148
PLXNA4	0.00089	0.07672	4e-05
PLXNB1	0.00241	0.2467	0.57472
PLXNB2	0.34963	0.3315	0.02358
PLXNB3	0.00269	0.18568	0.79532
PLXNC1	0.11871	0.04414	0.0062
PLXND1	0.16666	0.01347	0.16509
PM20D1	0.01059	0.00548	0.00376
PM20D2	0.04537	0.1307	0.03979
PMAIP1	0.30829	0.06521	0
PMCH	0.00388	0.00205	0
PMCHL2	0.01272	0.01329	0.01324
PMEL	0.00235	0.00359	0
PMEPA1	0.0685	0.08489	0.04816
PMF1	0.22483	0.4223	0.39838
PMF1-BGLAP	0.02331	0.08606	0.09739
PMFBP1	0.01408	0.01571	0.00054
PML	0.12706	0.09808	0.08519
PMM1	0.10246	0.29019	0.2332
PMM2	0.09157	0.17651	0.0966
PMP2	0.02533	1.36828	0.841
PMP22	0.4227	0.77341	2.98239
PMPCA	0.18637	0.4681	0.22094
PMPCB	0.27563	0.60787	0.34901
PMS1	0.185	0.33065	0.14569
PMS2	0.02428	0.12287	0.04704
PMS2CL	0.01129	0.06569	0.01899
PMS2P1	0.0831	0.24372	0.14666
PMS2P3	0.02483	0.06451	0.02296
PMS2P4	0.06328	0.20966	0.15436
PMS2P5	0.0889	0.30853	0.15776
PMVK	0.21713	0.34176	0.45583
PNCK	0.00167	0.00616	0
PNISR	0.50588	0.65233	0.44818
PNKD	0.28953	0.52287	0.54204
PNKP	0.06646	0.08988	0.07465
PNLDC1	0.00087	0.00288	0.02833
PNMA1	0.08151	0.64345	0.40468
PNMA2	0.03802	0.47663	0.03808
PNMA3	0.0017	0.02377	0.00087
PNMA5	0.00409	0.00037	3e-05
PNMA6A	0.00126	0.00974	0.00206
PNMA8A	0.01784	0.24995	0.07894
PNMA8B	0.00354	0.00624	0.01869
PNMT	0.00204	0.00592	0.00263
PNN	0.37579	0.58912	0.39215
PNO1	0.14463	0.31526	0.1785
PNOC	0.00267	0.01655	0
PNP	0.40932	0.15346	0.02663
PNPLA1	0.00995	0.01254	0.00966
PNPLA2	0.09124	0.07247	0.10055
PNPLA3	0.00976	0.03785	0.01732
PNPLA4	0.03613	0.03641	0.02538
PNPLA5	0.00042	0.00051	0
PNPLA6	0.19523	0.1555	0.22813
PNPLA7	0.01284	0.01174	0.01964
PNPLA8	0.32579	0.50354	0.38678
PNPO	0.29462	0.25625	0.22207
PNPT1	0.20085	0.40893	0.49158
PNRC1	0.5046	0.1991	0.21645
PNRC2	0.91283	0.75042	0.65052
POC1A	0.02036	0.0836	0.03274
POC1B	0.1397	0.16682	0.34133
POC1B-GALNT4	0.03988	0.05018	0.03567
POC5	0.06031	0.08098	0.08807
PODN	0.00017	0.03398	0
PODNL1	0.00114	0.01194	0.00201
PODXL	0.00628	0.13125	0.01769
PODXL2	0.00474	0.19238	0.05598
POF1B	0.00236	0.00236	0.00148
POFUT1	0.10266	0.2596	0.1054
POFUT2	0.02909	0.06519	0.02592
POGK	0.14866	0.32533	0.45429
POGLUT1	0.12837	0.27891	0.20092
POGZ	0.12084	0.24218	0.2364
POLA1	0.04066	0.1217	0.06575
POLA2	0.08485	0.14513	0.05853
POLB	0.16246	0.23113	0.13461
POLD1	0.10711	0.15084	0.05387
POLD2	0.14935	0.83317	0.48773
POLD3	0.05717	0.1382	0.06395
POLD4	0.69957	0.16556	0.27258
POLDIP2	0.18967	0.44283	0.2473
POLDIP3	0.18613	0.46874	0.5013
POLE	0.02339	0.1013	0.00753
POLE2	0.01518	0.06273	0.00211
POLE3	0.27889	0.4065	0.16968
POLE4	0.1181	0.1607	0.12549
POLG	0.11592	0.12068	0.11232
POLG2	0.11138	0.17992	0.0819
POLH	0.0981	0.14853	0.10463
POLI	0.08053	0.14178	0.10224
POLK	0.1531	0.18006	0.2475
POLL	0.09918	0.08918	0.09836
POLM	0.11697	0.14019	0.09225
POLN	0.01245	0.02615	0.0218
POLQ	0.00569	0.03783	0.00269
POLR1A	0.04343	0.16715	0.05564
POLR1B	0.04351	0.18279	0.06554
POLR1C	0.08411	0.24985	0.14039
POLR1D	0.4711	0.48564	0.29128
POLR1E	0.05865	0.18915	0.06433
POLR2A	0.26201	0.33733	0.36179
POLR2B	0.25067	0.56838	0.32869
POLR2C	0.17294	0.37824	0.31545
POLR2D	0.11343	0.38209	0.25363
POLR2E	0.34794	0.55691	0.3932
POLR2F	0.09478	0.40306	0.31233
POLR2G	0.50975	0.87457	0.76056
POLR2H	0.13865	0.46902	0.19743
POLR2I	0.09639	0.51087	0.96843
POLR2J	0.33661	0.95451	0.54141
POLR2J2	0.05443	0.10607	0.054
POLR2J3	0.16704	0.49448	0.24712
POLR2J4	0.01373	0.04824	0.01292
POLR2K	0.43395	0.85496	0.70997
POLR2L	0.20957	0.42024	0.342
POLR2M	0.18226	0.32435	0.43836
POLR3A	0.0469	0.10569	0.07112
POLR3B	0.03328	0.13134	0.10676
POLR3C	0.19142	0.31281	0.27514
POLR3D	0.0518	0.18414	0.06646
POLR3E	0.12618	0.2627	0.16903
POLR3F	0.05793	0.21218	0.13256
POLR3G	0.00675	0.04431	0.04033
POLR3GL	0.32153	0.29327	0.15976
POLR3H	0.06223	0.16818	0.15308
POLR3K	0.13877	0.30285	0.15909
POLRMT	0.05785	0.1744	0.08443
POM121	0.14208	0.33729	0.17685
POM121L10P	0.01184	0.02386	0.01171
POM121L1P	0.00067	0.00324	0.00225
POM121L4P	0.00395	0.00615	0.00522
POM121L8P	0.00608	0.00914	0.00454
POM121L9P	0.00024	0.0045	0.00102
POMC	0.04135	0.00238	0.00359
POMGNT1	0.0374	0.18739	0.26882
POMP	0.77109	0.80481	0.85329
POMT1	0.13455	0.35391	0.22334
POMT2	0.00976	0.08385	0.09958
POMZP3	0.02521	0.1349	0.0929
PON1	0.00038	0.00531	0.00627
PON2	0.43137	1.37398	1.48848
PON3	0	0.00319	0
POP1	0.00756	0.03501	0.0185
POP4	0.1317	0.23378	0.18311
POP5	0.26309	0.42318	0.27307
POP7	0.09836	0.53994	0.2615
POPDC2	0.02101	0.01804	0.01344
POPDC3	0.00169	0.00794	0.22905
POR	0.28071	0.53416	0.25702
PORCN	0.05082	0.13358	0.14109
POSTN	0.00189	0.23678	0
POT1	0.07157	0.17326	0.11131
POTEB	2e-04	5e-04	0
POTED	0.00049	6e-05	0
POTEE	0.00352	0.00376	0.0044
POTEF	0.00193	0.00226	0.00152
POTEM	0.00012	0.00018	0.00037
POTEH	3e-05	0.00033	0
POTEG	0.00752	0.00748	0.00342
POU2AF1	0.01865	0.02064	0.02241
POU2F1	0.02996	0.09881	0.04321
POU2F2	0.13301	0.01384	0.00121
POU2F3	0.00766	0.012	0.00602
POU3F1	0.00041	0.00473	0.00016
POU3F2	0.00105	0.20165	0.05965
POU3F3	0	0.00044	0.00141
POU3F4	0.00018	0.06533	0.00567
POU4F1	3e-05	0.02497	0.00023
POU4F2	0	0.00043	0
POU5F1	0.16931	0.19629	0.13471
POU5F1B	0.00253	0.00309	4e-04
POU5F1P3	0.00156	0.00304	0
POU5F1P4	0.01476	0.02474	0.00704
POU5F2	0.00081	0.00492	0.00261
POU6F1	0.01901	0.05936	0.03107
POU6F2	6e-05	0.00139	0
PP2D1	0.0058	0.01608	0.00591
PPA1	0.70281	0.99728	2.10258
PPA2	0.33645	0.44889	0.33215
PPAN	0.03851	0.07181	0.02996
PPAN-P2RY11	0.00477	0.00534	0
PLPP1	0.11535	0.2362	0.81433
PLPP3	0.01675	0.42698	0.61522
PLPP2	0.00117	0.02222	1.73142
PLPP4	0.00012	0.07593	0.04439
PLPP5	0.1972	0.42182	0.07571
PLPP6	0.03169	0.07494	0.07308
PLPP7	0.02887	0.09635	0.16514
PPARA	0.03789	0.04641	0.0277
PPARD	0.31222	0.16058	0.14128
PPARG	0.07894	0.00253	0
PPARGC1A	0.00076	0.057	0.00048
PPARGC1B	0.03082	0.01196	0.00065
PPAT	0.02981	0.24313	0.05653
PPBP	0.00857	0.00041	0
PPCDC	0.03337	0.05506	0.0828
PPCS	0.43464	0.28498	0.28546
PPDPF	0.01744	0.07293	0.05668
PPEF1	7e-05	0.00233	0
PPEF2	0.01611	0.01584	0.00968
PPFIA1	0.07383	0.13695	0.08694
PPFIA2	0.00222	0.11569	0.32015
PPFIA3	0.00255	0.01903	0.00419
PPFIA4	0.00476	0.04222	0.00275
PPFIBP1	0.01928	0.15877	0.25061
PPFIBP2	0.14373	0.07268	0.29286
PPHLN1	0.39632	0.59998	0.36975
PPIA	1.73133	2.31857	1.90115
PPIAL4A	0.0038	0.00388	0.0025
PPIAL4D	0.0032	0.0019	0.00121
PPIAL4G	0.02242	0.01969	0.02305
PPIAP30	0.02513	0.02376	0.03023
PPIB	1.2165	1.59924	1.38703
PPIC	0.00499	0.15295	0.00333
PPID	0.23199	0.37536	0.30347
PPIE	0.23823	0.34677	0.35199
PPIEL	0.1734	0.33448	0.18537
PPIF	0.50244	0.26748	0.37445
PPIG	0.38896	0.48479	0.32901
PPIH	0.16745	0.30916	0.10681
PPIL1	0.09285	0.42022	0.23862
PPIL2	0.14264	0.20516	0.1584
PPIL3	0.24033	0.37081	0.18218
PPIL4	0.31433	0.41513	0.33325
PPIL6	0.02172	0.05892	0.02852
PPIP5K1	0.08219	0.06081	0.08271
PPIP5K2	0.19371	0.25565	0.11252
PPL	0.00242	0.01784	0.00179
PPM1A	0.09007	0.13631	0.14726
PPM1B	0.17819	0.23749	0.32998
PPM1D	0.09714	0.208	0.14856
PPM1E	0.00025	0.03969	0.02474
PPM1F	0.09861	0.06725	0.02005
PPM1G	0.27653	0.71589	0.24499
PPM1H	0.01486	0.01632	0.28899
PPM1J	0.01102	0.01475	0
PPM1K	0.14846	0.20328	0.2252
PPM1L	0.02667	0.08328	0.02275
PPM1M	0.19319	0.03811	0.00471
PPM1N	0.02684	0.00513	0.00369
PPME1	0.11744	0.51644	0.33065
PPOX	0.08538	0.22516	0.13592
PPP1CA	0.81088	0.70995	0.66175
PPP1CB	0.73324	1.17842	0.64363
PPP1CC	0.26793	0.52219	0.40453
PPP1R10	0.34512	0.34222	0.28777
PPP1R11	0.21525	0.32463	0.42602
PPP1R12A	0.24014	0.36801	0.16065
PPP1R12B	0.07982	0.22488	0.43571
PPP1R12C	0.04618	0.04714	0.03695
PPP1R13B	0.00656	0.01445	0.00819
PPP1R13L	0.01231	0.01108	0.00981
PPP1R14A	0.01344	0.02744	2.28007
PPP1R14B	0.02444	0.10589	0.00941
PPP1R14C	5e-05	0.03398	0
PPP1R14D	0.00218	0.00194	0.00051
PPP1R15A	1.49243	0.78108	0.5518
PPP1R15B	0.47455	0.37329	0.26204
PPP1R16A	0.01961	0.11906	0.01952
PPP1R16B	0.02213	0.00927	0.32138
PPP1R17	0.00073	0.01942	0.00953
PPP1R18	0.14864	0.04267	0.00346
PPP1R1A	0.00016	0.00381	7e-05
PPP1R1B	0.00169	0.01496	0
PPP1R1C	0.00231	0.08367	0.00469
PPP1R2	0.41987	0.39219	0.25474
PPP1R21	0.08021	0.08548	0.1987
PPP1R26	0.0217	0.06075	0.01846
PPP1R27	0.00039	0.00076	0.00051
PPP1R2B	0.00087	0.00205	0.00302
PPP1R32	0.01093	0.02574	0.0083
PPP1R35	0.01334	0.02819	0.00076
PPP1R36	0.00082	0.0095	0.00997
PPP1R37	0.00531	0.00994	0.01429
PPP1R3A	0	2e-04	0
PPP1R3B	0.18384	0.10068	0.0394
PPP1R3C	0.02409	0.0567	0.01408
PPP1R3D	0.02439	0.00936	0.00448
PPP1R3E	0.02685	0.02529	0.0562
PPP1R3F	0.00113	0.02896	0.05887
PPP1R3G	0.02699	0.01841	0
PPP1R42	0	0.00737	0.00017
PPP1R7	0.28169	0.34839	0.35382
PPP1R8	0.02755	0.07255	0.07072
PPP1R9A	0.00149	0.20774	0.20669
PPP1R9B	0.01444	0.0168	0.00968
PPP2CA	0.59644	1.067	0.92631
PPP2CB	0.05185	0.3312	0.35359
PPP2R1A	0.50524	1.23888	0.74873
PPP2R1B	0.11215	0.16308	0.32199
PPP2R2A	0.07724	0.15618	0.26954
PPP2R2B	0.01259	0.51732	0.88159
PPP2R2B-IT1	0	0.0043	0.01396
PPP2R2C	4e-05	0.00574	0.06117
PPP2R2D	0.05586	0.083	0.06038
PPP2R3A	0.00823	0.09114	0.20639
PPP2R3B	0.00725	0.04046	0.02322
PPP2R3C	0.28031	0.35171	0.36844
PTPA	0.17974	0.33321	0.35297
PPP2R5A	0.05229	0.06174	0.18693
PPP2R5B	0.01113	0.04599	0.06936
PPP2R5C	0.41858	0.45477	0.36547
PPP2R5D	0.12501	0.33414	0.18839
PPP2R5E	0.03964	0.09563	0.03112
PPP3CA	0.21457	0.38543	0.20603
PPP3CB	0.05041	0.0545	0.02127
PPP3CC	0.07911	0.11433	0.07705
PPP3R1	0.0795	0.09482	0.05887
PPP3R2	0	0.00178	0
PPP4C	0.20049	0.32602	0.10065
PPP4R1	0.09919	0.29105	0.16427
PPP4R1L	0.02725	0.02356	0.00739
PPP4R2	0.06724	0.10128	0.09346
PPP4R4	7e-05	0.00133	0.00092
PPP5C	0.0884	0.46718	0.22993
PPP5D1	0.0065	0.02323	0.00805
PPP6C	0.23767	0.35712	0.47558
PPP6R1	0.11144	0.07342	0.07519
PPP6R2	0.15154	0.18103	0.18107
PPP6R3	0.27051	0.38744	0.28783
PPRC1	0.07565	0.1049	0.06744
PPT1	1.63307	0.77125	0.73679
PPT2	0.04419	0.20259	0.15946
PPT2-EGFL8	0.01221	0.05824	0.0306
PPTC7	0.03321	0.03271	0.0113
PPWD1	0.25563	0.31907	0.23289
PQBP1	0.286	0.50021	0.49505
PQLC1	0.05478	0.05082	0.03101
PQLC2	0.13377	0.19272	0.20316
PQLC3	0.338	0.10234	0.11738
PRADC1	0.09902	0.22073	0.17473
PRAF2	0.05317	0.52343	0.55105
PRAM1	0.25371	0.00171	0.00052
PRAME	0.00046	0.12081	0.01162
PRAMEF1	1e-05	0.00021	0
PRAMEF10	0.00118	0.00133	0
PRAMEF14	0.00019	0.00055	0
PRAMEF17	0.00115	0.00407	0
PRAMEF19	3e-05	0.00023	0
PRAMEF4	0	0.00032	0
PRAMEF6	0.00014	0.00011	0.00037
PRAP1	0.0026	0.00312	0.00279
PRB1	1e-04	0.00075	0.00042
PRB2	0.00041	0.00054	0
PRB3	0.00019	0.00072	0.00208
PRB4	0.00159	0.00183	0
PRC1	0.04896	0.19615	0.02184
PRCC	0.08591	0.26749	0.16537
PRCD	0.00159	0.00189	0.01439
PRCP	0.63315	0.85468	0.12602
PRDM1	0.40481	0.0388	0.00079
PRDM10	0.02652	0.04023	0.02442
PRDM11	0.0032	0.01181	0.00207
PRDM13	0	0.00161	0
PRDM14	0.00082	0.0017	0.00126
PRDM15	0.03933	0.04081	0.02635
PRDM16	0.00016	0.02216	0.00107
PRDM2	0.15625	0.18024	0.2904
PRDM4	0.03664	0.07791	0.04454
PRDM5	0.00158	0.04596	0.00106
PRDM6	0.00054	0.00421	0.00842
PRDM7	0.00719	0.00722	0.00565
PRDM8	0.00234	0.01161	0.03647
PRDM9	4e-05	7e-05	0.00141
PRDX1	1.34371	1.82972	2.879
PRDX2	0.35518	1.91478	0.90004
PRDX3	0.90082	0.86587	0.74188
PRDX4	0.46211	1.12815	0.84455
PRDX5	0.59606	1.16675	0.98548
PRDX6	0.61982	0.89279	0.51463
PREB	0.18391	0.29858	0.30818
PRELID1	0.62633	0.96059	0.51361
PRELID2	0.04538	0.04783	0.04059
PRELP	0.01466	0.02005	0.0103
PREP	0.12998	0.16977	0.08272
PREPL	0.08818	0.41149	0.60114
PREX1	0.34064	0.18218	0.73597
PREX2	0.0015	0.0774	0.1696
PRF1	0.10634	0.00084	0.00121
PRG2	0.00532	0.00576	0
PRG4	0.00308	0.00308	0.00168
PRH1	0.01067	0.02287	0.03427
PRH2	0.00484	0.02449	0.01904
PRICKLE1	0.00575	0.07428	0.02602
PRICKLE2	0.00138	0.10328	0.03317
PRICKLE2-AS1	0.00164	0.01004	0.00475
PRICKLE2-AS2	0.00044	0.00234	0
PRICKLE2-AS3	0.10268	0.13931	0.10393
PRICKLE3	0.02479	0.01498	0.00125
AL365205.1	0.00623	0.01832	0.01189
PRIM1	0.11379	0.27696	0.18078
PRIM2	0.05577	0.10885	0.0482
PRIMA1	0.00012	0.0173	0.20898
PRKAA1	0.14169	0.23347	0.20598
PRKAA2	0.00255	0.03886	0.0087
PRKAB1	0.33869	0.35035	0.17078
PRKAB2	0.0365	0.10544	0.07836
PRKACA	0.03049	0.02677	0.01518
PRKACB	0.41283	0.51557	1.37891
PRKAG1	0.31292	0.43313	0.27056
PRKAG2	0.20481	0.09921	0.00175
PRKAG2-AS1	0.11235	0.03354	0
PRKAG3	0.00049	0.00048	0
PRKAR1A	0.798	1.01945	1.33064
PRKAR1B	0.00816	0.16877	0.0103
PRKAR2A	0.08376	0.17408	0.14515
PRKAR2B	0.02276	0.07923	0.00992
PRKCA	0.08504	0.21039	0.06477
PRKCB	0.04419	0.00533	0.03397
PRKCD	0.22065	0.00915	0.00032
CAVIN3	0.00211	0.02571	0.00497
PRKCE	0.01516	0.03369	0.00973
PRKCG	0.00012	0.01741	0.00397
PRKCH	0.22957	0.00212	0
PRKCI	0.02967	0.08757	0.03996
PRKCQ	0.04284	0.01301	0.22078
PRKCQ-AS1	0.02503	0.01628	0.34191
PRKCSH	0.16977	0.29475	0.3732
PRKCZ	0.00228	0.13844	0.59295
PRKD1	0.00037	0.09045	0.0154
PRKD2	0.0422	0.0641	0.0078
PRKD3	0.1017	0.11593	0.02562
PRKDC	0.16775	0.38412	0.17864
PRKG1	0.00051	0.00335	0.00171
PRKG1-AS1	0	0.00051	0.00412
PRKG2	0.00012	0.00184	0
PRKRA	0.23074	0.67161	0.58043
PRKRIP1	0.08042	0.24732	0.14879
THAP12	0.07038	0.11904	0.04563
PRKX	0.07432	0.06281	0.03589
PRKXP1	0.02583	0.03697	0.02662
PRKY	0.03176	0.01146	0.00119
PRLHR	0	0.00084	0
PRLR	0.01066	0.00389	0.00011
PRMT1	0.32775	0.93869	0.44652
PRMT9	0.20098	0.09725	0.06523
PRMT2	0.51813	0.78315	0.83982
PRMT3	0.08793	0.27549	0.2221
PRMT5	0.14328	0.4363	0.15121
PRMT6	0.07564	0.2816	0.15008
PRMT7	0.10858	0.28284	0.18567
PRMT8	2e-04	0.02786	0
PRND	0.01454	0.01754	0.00968
PRNP	0.97436	0.95995	2.42933
PROB1	0.00076	0.00215	0.00162
PROC	0.00769	0.00173	0.00029
PROCA1	0.02856	0.02247	0.00507
PROCR	0.14017	0.01421	0.00314
PRODH	0.00359	0.04279	0.00284
PROK1	0	0.00081	0.00136
PROK2	0.00651	0.00157	0
PROKR1	0	0.0013	0
PROKR2	0	0.00069	0
PROM1	2e-04	0.22408	0.00053
PROM2	0.00543	0.02086	0.01559
PROP1	4e-05	0.00042	0
PRORSD1P	0.03518	0.03125	0.01279
PROS1	0.18022	0.14824	0.05136
PLPBP	0.22312	0.28423	0.25585
PROSER1	0.0512	0.15732	0.05615
PROSER2	0.00021	0.00072	0
PROSER2-AS1	7e-04	0.00361	0.00082
PROX1	0.0187	0.24333	0.44428
PROX2	0.01171	0.01333	0.00558
PROZ	0	0.00179	0
PRPF18	0.12695	0.18674	0.21067
PRPF19	0.02511	0.05077	0.02158
PRPF3	0.18378	0.42615	0.21049
PRPF31	0.25438	0.58954	0.36013
PRPF38A	0.20427	0.43844	0.23172
PRPF38B	0.55859	0.48773	0.38572
PRPF39	0.1277	0.30123	0.26467
PRPF4	0.15606	0.27608	0.12283
PRPF40A	0.25443	0.40769	0.21234
PRPF40B	0.01064	0.04898	0.03082
PRPF4B	0.14273	0.19685	0.1276
PRPF6	0.22914	0.48941	0.36112
PRPF8	0.28614	0.4804	0.28205
PRPH	0.00066	0.05415	0
PRPH2	0.00459	0.00781	0.01242
PRPS1	0.10204	0.17624	0.11084
PRPS1L1	0.00016	0.00044	0
PRPS2	0.21075	0.14604	0.11141
PRPSAP1	0.14192	0.39039	0.26683
PRPSAP2	0.18101	0.44386	0.52454
PRR11	0.09987	0.15505	0.07423
PRR12	0.00589	0.00808	0.00394
PRR13	0.92709	0.44485	0.51791
PRR14	0.04363	0.07907	0.05982
PRR14L	0.11453	0.12754	0.15289
PRR15	0.02588	0.00135	0
PRR15L	0.00296	0.00163	0
PRR16	0.00259	0.00312	0.00358
PRR18	0.00053	0.00392	0.21484
PRR19	0.00345	0.0342	0.0102
PRR22	0.00159	0.00517	0.00357
PRR23A	0.00865	0.01161	0.00564
PRR23C	0.01134	0.01495	0.00914
INAFM1	0.03168	0.11103	0.05098
PRR26	5e-04	0.07656	0.20097
PRR3	0.02797	0.13306	0.06367
PRR4	0.0085	0.05446	0.05433
PRR5	0.08672	0.02673	0.00386
PRR5-ARHGAP8	0.00866	0.00091	0
PRR5L	0.02154	0.04902	0.27077
PRR7	0.00272	0.03738	0.01265
PRR7-AS1	0.0264	0.03584	0.02954
PRRC1	0.08531	0.21382	0.0911
PRRC2A	0.07075	0.20874	0.13651
PRRC2B	0.15456	0.30523	0.17253
PRRC2C	0.3624	0.3916	0.32528
PRRG1	0.00722	0.04994	0.87097
PRRG2	0.00692	0.00991	0.00193
PRRG3	0.00014	0.00921	0
PRRG4	0.04383	0.02763	0.02077
PRRT1	0.00144	0.01358	0.02706
PRRT2	0.00289	0.12235	0.01436
PRRT3	0.01302	0.05341	0.06849
PRRT3-AS1	0.00513	0.03414	0.0345
PRRT4	2e-05	0.00654	0
PRRX1	0.00077	0.09405	0.00233
PRRX2	0	0.00088	0
PRSS12	0.02403	0.03862	0.0043
PRSS16	0.00087	0.00134	0
PRSS21	0.00926	1e-04	0
PRSS23	0.0017	0.06799	0.00828
PRSS27	0.00424	0.02485	0.00268
PRSS3	0.00388	0.00215	0
PRSS30P	0.00701	0.00255	0
PRSS33	0	0.00182	0
PRSS35	7e-05	0.02137	0
PRSS36	0.03207	0.00305	0
PRSS37	0.00022	0.00419	0
PRSS38	5e-05	3e-04	0
PRSS42	0.00024	0.00097	0
PRSS46P	0.00021	0.00159	0
PRSS48	0	0.04295	0.03358
PRSS50	0	0.00277	0
PRSS53	0.01463	0.01748	0.00531
PRSS54	0	0.00054	0.00025
PRSS55	1e-04	0.00391	0
PRSS56	5e-05	0.00882	0
PRSS8	0.00209	0.00179	0
PRTFDC1	0.0441	0.33711	0.46829
PRTG	6e-05	0.01722	0.00267
PRTN3	0	0.00164	0
PRUNE1	0.07157	0.14611	0.07617
PRUNE2	0.0125	0.11507	0.67073
PRX	0.00268	0.0046	8e-05
PRY	0	0.00175	0
PRY2	0	0.00175	0
PSAP	3.2288	1.7456	2.76373
PSAPL1	0	0.00218	0.00689
PSAT1	0.03164	0.76318	2.0776
PSCA	0.00091	0.00232	0.00047
PSD	0.00257	0.01229	0.00015
PSD2	0.00095	0.09389	0.01658
PSD3	0.03875	0.28212	0.2998
PSD4	0.10389	0.00177	0
PSEN1	0.26816	0.27471	1.04551
PSEN2	0.087	0.12538	0.0269
PSENEN	0.30336	0.4545	0.40258
PSG1	0.00031	0.00122	0.0089
PSG10P	3e-05	0.00049	0.00473
PSG11	0	9e-04	0.00016
PSG2	0	0.00027	0.00203
PSG3	0	0.00019	0.00079
PSG4	0	0.00059	0.00812
PSG5	0	0.00091	0.00444
PSG6	1e-05	0.00035	0.00029
PSG7	0	0.00073	0.00221
PSG8	0	0.00135	0
PSG9	2e-05	0.00047	0.00136
PSIP1	0.11068	0.39366	0.23541
PSKH1	0.08421	0.20584	0.24766
PSMA1	0.94751	1.31157	0.95137
PSMA2	0.66605	1.48517	1.14452
PSMA3	0.56173	0.92815	0.89551
PSMA4	0.66377	1.03988	0.88717
PSMA5	0.26626	0.39473	0.34663
PSMA6	0.86541	1.24695	1.11882
PSMA7	1.11524	1.59818	1.30052
PSMA8	0.00356	0.00029	0
PSMB1	1.02366	1.47923	1.57956
PSMB10	0.61444	0.15332	0.26803
PSMB11	0.00281	0.00082	0
PSMB2	0.28225	0.50025	0.44289
PSMB4	0.96267	1.55026	1.64366
PSMB5	0.46697	1.34601	1.64867
PSMB6	0.78159	1.41722	1.25115
PSMB7	0.54094	1.23393	1.15414
PSMB8	0.7845	0.51362	0.90361
PSMB9	0.47141	0.2674	0.72343
PSMC1	0.40958	0.7587	0.67412
PSMC2	0.34517	0.62967	0.55262
PSMC3	0.38602	0.99628	0.94013
PSMC3IP	0.02648	0.17761	0.0439
PSMC4	0.40468	0.6451	0.59589
PSMC5	0.55935	1.06919	1.24401
PSMC6	0.41896	0.81263	0.83539
PSMD1	0.34597	0.71757	0.68035
PSMD10	0.18678	0.52526	0.61846
PSMD11	0.27691	0.65338	0.52138
PSMD12	0.3016	0.55827	0.37702
PSMD13	0.4442	0.70792	0.38903
PSMD14	0.37963	0.99371	0.88532
PSMD2	0.37996	0.89549	0.46477
PSMD3	0.15619	0.35654	0.2505
PSMD4	0.52297	1.00384	0.84624
PSMD5	0.1377	0.21543	0.08191
PSMD6	0.48402	0.91449	0.74591
PSMD6-AS2	0.13272	0.09817	0.01418
PSMD7	0.44991	0.74977	0.77209
PSMD8	0.49079	1.0237	0.92775
PSMD9	0.24087	0.34575	0.33348
PSME1	1.22471	0.80742	1.28533
PSME2	0.80168	0.61128	0.37155
PSME3	0.23894	0.48235	0.17637
PSME4	0.11557	0.11783	0.1122
PSMF1	0.33358	0.54155	0.52454
PSMG1	0.15033	0.28052	0.1278
PSMG2	0.49206	0.5936	0.35142
PSMG3	0.15821	0.50364	0.20027
PSMG3-AS1	0.01189	0.048	0.03056
PSMG4	0.05959	0.13913	0.0607
PSORS1C1	0.00015	0.00752	0.00141
PSORS1C2	0	9e-04	0.00117
PSORS1C3	0.0115	0.00164	0.0018
PSPC1	0.28344	0.55599	0.32494
PSPH	0.06783	0.4493	0.24349
PSPN	0.0021	0.0058	0.00109
PSRC1	0.17258	0.53633	0.92002
PSTK	0.02056	0.05254	0.10733
PSTPIP1	0.18511	0.00616	0.00978
PSTPIP2	0.16436	0.08665	0.06886
PTAFR	0.62033	0.04144	0.03317
PTAR1	0.06277	0.13334	0.08087
PTBP1	0.36519	0.6161	0.15582
PTBP2	0.10471	0.47503	0.53866
PTBP3	0.24633	0.11909	0.06503
PTCD1	0.06278	0.15868	0.07535
PTCD2	0.03046	0.08974	0.12627
PTCD3	0.139	0.33593	0.25684
PTCH1	0.00408	0.16505	0.1084
PTCH2	0.01088	0.04002	0.00377
PTCHD1	0.00015	0.02279	2e-05
DISP3	0.00014	0.05624	0.00654
PTCHD3	0.00025	0.00023	0
SVIL-AS1	0.09001	0.2175	0.28176
PTCHD4	0.05307	0.09156	0.04235
PTCRA	0.05111	0.00061	0
PTCSC3	0.05056	0.09534	0.12154
PTDSS1	0.39503	0.41656	0.19639
PTDSS2	0.02061	0.05871	0.13013
PTEN	0.36802	0.29097	0.09245
PTENP1	0.00184	0.01738	0.00627
PTER	0.07852	0.00221	0.00544
PTGDR	0.02711	0.00046	0
PTGDR2	0.00917	0.00339	0
PTGDS	0.01171	0.11662	4.23763
PTGER1	0	0.00189	0.00056
PTGER2	0.08744	0.00061	0
PTGER3	0.00332	0.00646	0.00017
PTGER4	0.76565	0.00639	0.00534
PTGES	0.00587	0.01743	0.0065
PTGES2	0.06886	0.13828	0.05916
PTGES3	1.25598	1.72831	1.86359
PTGES3L	0.02807	0.05184	0.02556
PTGES3L-AARSD1	0.00022	0.00705	0.00053
PTGFR	0	0.00117	0
PTGFRN	0.02611	0.24235	0.00416
PTGIR	0.00495	0.00087	0
PTGIS	0.02286	0.046	0.02087
PTGR1	0.13496	0.21172	0.03004
PTGR2	0.05971	0.13268	0.14224
PTGS1	0.47267	0.05342	6e-05
PTGS2	0.2676	0.02521	0.00014
PTH1R	0.00065	0.00342	0
PTH2R	0.00702	0.00634	0
PTHLH	0.00056	0.04834	0.00585
PTK2	0.0663	0.4472	1.05911
PTK2B	0.29491	0.07367	0.04114
PTK6	0.03206	0.05835	0.03439
PTK7	0.00574	0.15386	9e-05
PTMA	2.392	2.46782	3.39087
PTMS	0.03726	0.29397	0.00833
PTN	0.01903	2.29146	1.38556
PTOV1	0.05281	0.29173	0.23795
PTOV1-AS1	0.05328	0.08906	0.05656
PTP4A1	0.7784	1.0013	0.81572
PTP4A2	0.27283	0.30793	0.7906
PTP4A3	0.00788	0.20449	0.00157
PTPDC1	0.01284	0.04655	0.16858
HACD1	0.00677	0.04623	0.13805
HACD3	0.18395	0.69418	0.61672
HACD4	0.39056	0.00797	0.00071
HACD2	0.0527	0.0566	0.14388
PTPMT1	0.19521	0.32328	0.25613
PTPN1	0.3287	0.2012	0.16083
PTPN11	0.13731	0.39031	0.39334
PTPN12	0.17264	0.3106	0.15028
PTPN13	0.00836	0.16112	0.3425
PTPN14	0.02756	0.07656	0.00971
PTPN18	0.1791	0.08001	0.06352
PTPN2	0.57111	0.26025	0.16102
PTPN20	0.00049	3e-04	0.00012
PTPN21	0.00092	0.05012	0.02643
PTPN22	0.13767	0.00173	0
PTPN23	0.04966	0.10345	0.09431
PTPN3	0.00125	0.00602	0.00163
PTPN4	0.02932	0.05451	0.01521
PTPN5	0.00012	0.04834	0
PTPN6	0.80584	0.00498	0
PTPN7	0.23176	0.02914	0.01039
PTPN9	0.04989	0.075	0.00225
PTPRA	0.07074	0.25515	0.22581
PTPRB	0.01133	0.00864	0.01621
PTPRC	1.4427	0.00757	0.00281
PTPRCAP	0.24208	0.01777	0.02272
PTPRD	0.00086	0.17249	0.60761
PTPRE	0.43381	0.1249	0.20151
PTPRF	0.00319	0.17021	0.22557
PTPRG	0.00796	0.19214	0.00234
PTPRG-AS1	0.0408	0.13804	0.05095
PTPRH	0.00117	0.01029	0.10876
PTPRJ	0.27499	0.15177	0.20237
PTPRK	0.00235	0.14767	0.59627
PTPRM	0.03492	0.03561	0.03548
PTPRN	0.00179	0.09425	0.02777
PTPRN2	0.07064	0.24843	0.0136
PTPRO	0.18837	0.16995	0.00124
PTPRQ	0.00012	0.0012	0.00056
PTPRR	0.00068	0.00741	0
PTPRS	0.00461	0.81009	0.29284
PTPRT	0.00013	0.00942	3e-05
PTPRU	0.00154	0.02294	0.05936
PTPRVP	0.00362	0.00358	0.00314
PTPRZ1	0.01262	2.21954	0.03333
CAVIN1	0.01386	0.13858	0.46208
PTRH1	0.06823	0.12975	0.098
PTRH2	0.13731	0.31863	0.26411
PTRHD1	0.18107	0.27494	0.23578
PTS	0.11397	0.50643	0.51563
PTTG1	0.11291	0.37538	0.03211
PTTG1IP	0.89146	1.00535	0.8564
PTTG2	0.00094	0.00066	0
PTTG3P	0.00965	0.00538	0.00711
PTX3	0.00296	0.03665	0
PUF60	0.48465	1.30861	1.33257
PUM1	0.24231	0.40331	0.21931
PUM2	0.19749	0.31669	0.15843
PURA	0.07381	0.09883	0.11344
PURB	0.0534	0.10679	0.03779
PURG	0.00305	0.05885	0.01264
PUS1	0.03326	0.04529	0.02551
PUS10	0.06725	0.02919	0.01214
PUS3	0.07172	0.17222	0.11455
PUS7	0.03342	0.15275	0.05731
PUS7L	0.05432	0.15795	0.10247
PUSL1	0.07005	0.17334	0.08545
PVR	0.04038	0.14801	0.05173
PVRIG	0.06884	0.10124	0.12463
NECTIN1	0.00188	0.0471	0.1726
NECTIN2	0.08261	0.05223	0.00291
NECTIN3	0.01091	0.0357	0.04163
NECTIN3-AS1	0.00099	0.00349	0.00041
NECTIN4	0.00124	0.01372	0.00666
PVT1	0.03601	0.06395	0.00276
PWP1	0.25741	0.71081	0.4402
PWP2	0.16478	0.17693	0.21595
PWRN1	0	0.002	0.01807
PWRN2	1e-05	0.00089	0.00488
PWWP2A	0.04879	0.10074	0.11883
PWWP2B	0.02548	0.00957	0.00096
PXDC1	0.06544	0.11594	0.02166
PXDN	0.00107	0.21329	0
PXDNL	0.00015	0.01795	0.00625
PXK	0.18374	0.22096	1.60804
PXMP2	0.01309	0.14508	0.00763
PXMP4	0.07967	0.1393	0.1297
PXN	0.14097	0.16894	0.05828
PXN-AS1	0.02711	0.08758	0.07267
PXT1	0.00123	0.00296	0
PYCARD	0.92501	0.02318	0.00519
PYCR1	0.00794	0.33239	0.0062
PYCR2	0.13511	0.19139	0.45945
PYCR3	0.03326	0.13222	0.03738
PYDC1	0.00504	0.00319	0.00134
PYDC2	0	0.0015	0
PYGB	0.16363	0.5414	0.55044
PYGL	0.39493	0.19883	0.06533
PYGM	0.00923	0.0052	0
PYGO1	2e-05	0.03442	0.00283
PYGO2	0.05817	0.10393	0.11084
PYHIN1	0.0755	0.00035	0
PYROXD1	0.1038	0.10875	0.18429
PYROXD2	0.01619	0.01438	0.01239
PYURF	0.49566	0.8542	0.88696
PYY	4e-05	0.00084	0.00327
PYY2	0.00417	0.00531	0.0057
PZP	0.00317	0.00165	0.00266
QARS	0.56869	0.47324	0.38909
QDPR	0.20243	0.49271	3.60541
QKI	0.34626	0.64167	1.03952
QPCT	0.11436	0.04364	0
QPCTL	0.12862	0.14886	0.10633
QPRT	0.14955	0.12045	0.05302
QRFP	0.00142	0.00644	0.01713
QRFPR	0.00806	0.01155	0.01067
QRICH1	0.17512	0.35564	0.16664
QRICH2	0.01056	0.03815	0.00987
QRSL1	0.08099	0.18151	0.12969
QSER1	0.02951	0.1161	0.04408
QSOX1	0.28421	0.22529	0.28577
QSOX2	0.0099	0.0299	0.00901
QTRT1	0.16172	0.58955	0.30331
QTRT2	0.08069	0.11398	0.05454
R3HCC1	0.12782	0.43862	0.54277
R3HCC1L	0.12729	0.08116	0.10852
R3HDM1	0.08644	0.22683	0.14636
R3HDM2	0.18155	0.28692	0.19696
R3HDM4	0.05924	0.11726	0.05903
R3HDML	6e-05	1e-04	0
RAB10	0.51564	0.81399	0.96141
RAB11A	0.27722	0.52744	0.40459
RAB11B	0.17835	0.45873	0.54652
RAB11B-AS1	0.01817	0.03971	0.18776
RAB11FIP1	0.11336	0.01386	0.00906
RAB11FIP2	0.03931	0.04877	0.06507
RAB11FIP3	0.00535	0.04146	0.0266
RAB11FIP4	0.01866	0.02925	0.13477
RAB11FIP5	0.00722	0.02516	0.00014
RAB12	0.03894	0.04495	0.01507
RAB13	0.23203	0.47363	0.04298
RAB14	0.23036	0.41936	0.49349
RAB15	0.00953	0.04739	0.02382
RAB17	0.0062	0.00292	0
RAB18	0.30572	0.44161	0.51844
RAB19	0.00232	0.00061	0
RAB1A	0.92187	1.04926	0.59752
RAB1B	0.28057	0.48189	0.46672
RAB20	0.74721	0.07071	0
RAB21	0.12247	0.15569	0.22396
RAB22A	0.04536	0.09502	0.07869
RAB23	0.00704	0.04694	0.02048
RAB24	0.15736	0.3702	0.28149
RAB25	0	0.00324	0.00452
RAB26	0.01605	0.05286	0.0239
RAB27A	0.16489	0.08487	0.05304
RAB27B	0.00237	0.02417	0.00161
RAB28	0.13341	0.27794	0.23199
RAB2A	0.30687	0.72099	0.82136
RAB2B	0.16677	0.26501	0.3372
RAB30	0.02022	0.20635	0.54245
RAB31	0.81519	0.89951	0.11127
RAB32	0.12118	0.03121	0.00935
RAB33A	0.02063	0.14236	0.59232
RAB33B	0.10492	0.11081	0.13489
RAB34	0.31345	0.4398	0.00049
RAB35	0.07827	0.07913	0.05142
RAB36	0.02086	0.09463	0.02505
RAB37	0.02405	0.00774	0.00949
RAB38	0.03162	0.01859	0
RAB39A	0.05905	0.08725	0.00072
RAB39B	0.01071	0.16368	0.13298
RAB3A	0.00845	0.07768	0.05276
RAB3B	0.01385	0.04934	0.01343
RAB3C	0.00025	0.09778	0.00331
RAB3D	0.077	0.10596	0.02588
RAB3GAP1	0.14328	0.19167	0.15181
RAB3GAP2	0.07329	0.19647	0.12116
RAB3IL1	0.02446	0.00292	0.00707
RAB3IP	0.01868	0.29345	0.18546
RAB40A	0.00179	0.0109	0.00604
RAB40AL	0.00414	0.00929	0.00045
RAB40B	0.00527	0.04694	1.54864
RAB40C	0.0299	0.07655	0.05705
RAB41	0.00082	0.00778	0.0023
RAB42	0.17673	0.16563	0.12358
RAB43	0.04216	0.02176	0.00589
RAB44	0.00333	0.00056	0.00028
RAB4A	0.07267	0.30259	0.27652
RAB4B	0.23679	0.19656	0.62766
RAB4B-EGLN2	0.00706	0.00851	0.01811
RAB5A	0.45915	0.67373	0.52027
RAB5B	0.09036	0.18582	0.27796
RAB5C	0.76791	0.72107	0.62803
RAB6A	0.42	0.92076	1.15789
RAB6B	0.00328	0.06319	0.03763
RAB6C	0.00071	0.00242	0.12182
RAB7A	0.89565	0.97177	1.41572
RAB29	0.23869	0.12599	0.16082
RAB8A	0.52032	0.3796	0.40151
RAB8B	0.21427	0.30422	0.227
RAB9A	0.2807	0.54305	0.92751
RAB9B	0.00151	0.08875	0.0303
RAB9BP1	0.00041	0.00023	0
RABAC1	0.59294	1.09824	1.45593
RABEP1	0.18782	0.32946	0.31826
RABEP2	0.05079	0.07233	0.07697
RABEPK	0.08758	0.28168	0.27388
RABGAP1	0.08818	0.1947	0.16044
RABGAP1L	0.33276	0.22641	0.2876
RABGEF1	0.1862	0.19491	0.17238
RABGGTA	0.19277	0.13177	0.17385
RABGGTB	0.56607	0.62218	0.78854
RABIF	0.09084	0.14809	0.21295
RABL2A	0.06401	0.13042	0.10668
RABL2B	0.08821	0.22222	0.13511
RABL3	0.07669	0.17833	0.14664
IFT22	0.09249	0.40501	0.11781
RABL6	0.03486	0.07006	0.03285
RAC1	0.54091	0.67092	0.574
RAC2	0.56685	0.00169	0
RAC3	0.00119	0.06686	0.00036
RACGAP1	0.05523	0.21843	0.13984
RAD1	0.07466	0.2118	0.10517
RAD17	0.11763	0.28751	0.20175
RAD18	0.01942	0.12079	0.03049
RAD21	0.17437	0.408	0.46361
RAD21-AS1	0.00624	0.01339	0.0255
RAD21L1	0	0.00168	0
RAD23A	0.3036	0.57816	0.47717
RAD23B	0.03518	0.08595	0.03178
RAD50	0.11822	0.23609	0.20814
RAD51	0.01183	0.10343	0.00204
RAD51AP1	0.04953	0.15665	0.02863
RAD51AP2	3e-05	0.00145	0.00012
RAD51B	0.10773	0.0867	0.10112
RAD51C	0.1797	0.45609	0.23519
RAD51D	0.06141	0.12946	0.11389
RAD51L3-RFFL	0.06707	0.07259	0.10915
RAD52	0.0833	0.20866	0.13699
RAD54B	0.01701	0.12578	0.0288
RAD54L	0.00882	0.059	0.01259
RAD54L2	0.0774	0.18767	0.12806
RAD9A	0.01122	0.01721	0.00673
RAD9B	0.00934	0.00905	7e-05
RADIL	0.00081	0.0186	0.01662
RAE1	0.15233	0.4731	0.21059
RAET1E	0.00808	0.01562	0.00889
RAET1G	0.00039	0.00251	0
RAET1K	0.0036	0.01546	2e-04
RAET1L	0.00016	0.00063	0
RAF1	0.30907	0.67807	0.35852
RAG1	0.00037	0.00188	0.00023
RAG2	3e-05	0.00129	5e-04
RAI1	0.0239	0.10244	0.05885
RAI14	0.00232	0.09814	0.10468
RAI2	0.00034	0.02533	0.00011
RALA	0.17897	0.55593	0.4143
RALB	0.21545	0.23731	0.15025
RALBP1	0.0727	0.11024	0.09655
RALGAPA1	0.06296	0.10055	0.15672
RALGAPA2	0.03793	0.08652	0.04598
RALGAPB	0.05	0.09704	0.08138
RALGDS	0.09389	0.11791	0.70867
RALGPS1	0.01314	0.09279	0.13479
RALGPS2	0.02794	0.03928	0.0067
RALY	0.17426	0.26878	0.30743
RALYL	0.00064	0.0605	0
RAMP1	0.05274	0.67755	0.20234
RAMP2	0.00192	0.15456	0.0098
RAMP2-AS1	0.11086	0.16172	0.10929
RAMP3	0.0015	0.02502	0.04392
RAN	1.09072	2.02011	1.22179
RANBP1	0.25327	0.59162	0.33631
RANBP10	0.03109	0.06726	0.03657
RANBP17	0.00417	0.03628	0.03527
RANBP2	0.31883	0.12739	0.0968
RANBP3	0.17057	0.27118	0.20898
RANBP3L	0.00028	0.0173	0.00032
RANBP6	0.11555	0.23688	0.17506
RANBP9	0.11051	0.14847	0.08035
RANGAP1	0.14188	0.22833	0.40127
RANGRF	0.16191	0.216	0.09211
RAP1A	0.48865	0.17469	0.48689
RAP1B	1.06336	0.76879	0.91156
RAP1GAP	0.00075	0.13336	0.15086
RAP1GAP2	0.04101	0.02275	0
RAP1GDS1	0.23827	0.37186	1.05384
RAP2A	0.08738	0.1356	0.09761
RAP2B	0.30096	0.16972	0.02651
RAP2C	0.18868	0.13415	0.05973
RAPGEF1	0.22474	0.05218	0.02046
RAPGEF2	0.05089	0.13226	0.21813
RAPGEF3	0.01632	0.02282	0.24922
RAPGEF4	0.00302	0.14089	0.00404
RAPGEF4-AS1	6e-05	0.00231	0
RAPGEF5	0.00281	0.05499	1.34317
RAPGEF6	0.23314	0.17557	0.17753
RAPGEFL1	0.00694	0.05093	0.03558
RAPH1	0.17609	0.12688	0.01893
RAPSN	0.00274	0.00332	0
RARA	0.03451	0.08123	0.00771
RARB	0.00298	0.0669	0.00061
RARG	0.01291	0.03054	0.00438
RARRES1	0.01943	0.04998	0.01062
RARRES2	0.00103	0.23198	0.00799
RARRES3	0.34539	0.10562	0.78066
RARS	0.21327	0.37993	0.09863
RARS2	0.20141	0.38485	0.26884
RASA1	0.17673	0.14469	0.08692
RASA2	0.16056	0.0928	0.05555
RASA3	0.17962	0.16406	0.20158
RASA4	0.12476	0.16733	0.0287
RASA4CP	0.03514	0.03126	0.01848
RASAL1	0.00073	0.00329	0.08237
RASAL2	0.05886	0.0566	0.01679
RASAL2-AS1	0.0457	0.07344	0.07081
RASAL3	0.06893	0.00022	0
RASD1	0.02963	0.17117	0.01993
RASD2	0.00084	0.01033	0.02665
RASEF	0.00015	0.00806	0
RASGEF1A	0.01181	0.00422	0.01214
RASGEF1B	0.70287	0.046	0.17504
RASGEF1C	0.05687	0.00914	0.03777
RASGRF1	0.00101	0.00133	0.2107
RASGRF2	0.00336	0.01617	0.11027
RASGRP1	0.05114	0.08211	0.0223
RASGRP2	0.04161	0.014	0
RASGRP3	0.12993	0.00379	0.57218
RASGRP4	0.10316	0.02401	0.01693
RASIP1	0.00111	0.00259	0.00154
RASL10A	0.02925	0.00835	0.0105
RASL10B	0.00024	0.02893	0.00021
RASL11A	0.04256	0.01093	0.00311
RASL11B	0.00612	0.13102	0.01897
RASL12	0.00073	0.00895	0.00371
RASSF1	0.33155	0.26668	0.286
RASSF10	0.00045	0.00817	0
RASSF2	0.42488	0.54609	1.01171
RASSF3	0.06331	0.00775	0.00091
RASSF4	1.00999	0.31516	0.63055
RASSF5	0.48735	0.01574	0.00197
RASSF6	0.00149	0.00198	0.00118
RASSF7	0.11934	0.03414	0.0033
RASSF8	0.034	0.06022	0.05249
RASSF9	0	0.00072	0
RAVER1	0.0586	0.13693	0.0467
RAVER2	0.00481	0.03776	0.00118
RAX	0	2e-04	0
RAX2	0.00122	0.00126	0.0042
RB1	0.65091	0.28763	0.16044
RB1CC1	0.15574	0.29989	0.18939
RBAK	0.0215	0.08156	0.05891
RBBP4	0.31318	0.7682	0.51068
RBBP5	0.12457	0.283	0.14847
RBBP6	0.13328	0.22274	0.17606
RBBP7	0.38841	0.95728	0.69896
RBBP8	0.04856	0.17359	0.01063
RBBP9	0.04701	0.18016	0.10682
RBCK1	0.23711	0.31602	0.36578
RBFA	0.03071	0.11213	0.04887
RBFOX1	0.00065	0.01995	0.00194
RBFOX2	0.00461	0.25817	0.03198
RBFOX3	0.00231	0.00522	0
RBKS	0.032	0.01938	0.04641
RBL1	0.05722	0.14425	0.05351
RBL2	0.21747	0.22449	0.27411
RBM10	0.11795	0.38819	0.21163
RBM11	0.00377	0.00452	0.07669
RBM12	0.13508	0.26949	0.15585
RBM12B	0.0757	0.15587	0.0709
RBM14	0.1591	0.25801	0.17877
RBM14-RBM4	0.1152	0.17116	0.09074
RBM15	0.09344	0.15545	0.08894
RBM15B	0.02699	0.08973	0.03185
RBM17	0.26442	0.30689	0.3269
RBM18	0.16709	0.35792	0.21952
RBM19	0.14911	0.23821	0.21238
RBM20	0.00043	0.0028	0
RBM22	0.24323	0.42153	0.36754
RBM23	0.28081	0.44222	0.26297
RBM24	0	0.03524	0
RBM25	0.33463	0.45003	0.38618
RBM26	0.13006	0.22742	0.14788
RBM26-AS1	0.00552	0.03651	0.01038
RBM27	0.11004	0.14968	0.09161
RBM28	0.10194	0.33084	0.17328
RBM3	0.85832	0.98099	0.62235
RBM33	0.0884	0.15863	0.09837
RBM34	0.27706	0.4659	0.23903
RBM38	0.0446	0.05344	0.0232
RBM39	0.9256	1.13805	0.81197
RBM4	0.48993	1.20401	0.73996
RBM41	0.12375	0.18243	0.09212
RBM42	0.19353	0.38946	0.34188
RBM43	0.06065	0.07766	0.03074
RBM44	0.00697	0.00596	0.00104
RBM45	0.085	0.12533	0.072
RBM46	5e-05	0.0012	0
RBM47	0.31989	0.0203	0.00063
RBM48	0.173	0.34847	0.37677
RBM4B	0.17862	0.50925	0.45454
RBM5	0.49486	0.70941	0.54355
RBM6	0.47773	0.68895	0.32331
RBM7	0.23287	0.24677	0.34104
RBM8A	0.26378	0.57199	0.36177
RBMS1	0.14359	0.08772	0.03786
RBMS2	0.13048	0.14573	0.07316
RBMS3	0.01197	0.05356	0.001
RBMX	0.88905	1.62636	0.89363
RBMX2	0.10086	0.21077	0.10089
RBMXL1	0.05839	0.14203	0.08609
RBMXL2	0	0.00029	0
RBMXL3	4e-05	0.00089	0.00022
RBMY2FP	0.00067	0.00064	0.00101
RBP1	0.01815	1.02841	0.40499
RBP2	0.00142	0.00315	0.00414
RBP3	1e-05	0.00239	0.01384
RBP4	0.0216	0.0043	0
RBP5	0.00133	0.00377	0
RBP7	0.04582	0.01286	0.5743
RBPJ	0.49101	0.49997	0.68593
RBPJL	4e-05	0.00056	0.00025
RBPMS	0.00334	0.03121	0.00329
RBPMS2	0	0.00955	0
RBX1	0.46532	0.59861	0.90782
RC3H1	0.39756	0.43022	0.43582
RC3H2	0.14789	0.27978	0.21075
RCAN1	0.09413	0.41431	0.17257
RCAN2	0.00164	0.02645	0.61227
RCAN3	0.08312	0.03611	0.08038
RCBTB1	0.1851	0.26142	0.60772
RCBTB2	0.47531	0.26488	0.25774
RCC1	0.05556	0.14864	0.01408
RCC2	0.24559	0.2317	0.06299
RCCD1	0.02274	0.06036	0.00931
RCE1	0.10837	0.13767	0.07755
RCHY1	0.11978	0.23827	0.16184
RCL1	0.08313	0.14046	0.15924
RCN1	0.15347	0.95002	0.08576
RCN2	0.16003	1.07975	0.48047
RCN3	0.11589	0.06604	0.00544
RCOR1	0.09375	0.05916	0.0294
RCOR2	1e-04	0.0058	0.00063
RCOR3	0.18145	0.32221	0.23802
RCSD1	0.52152	0.00126	0
RCVRN	0.00263	0.00202	0.00265
RD3	0.00353	0.0033	0.00203
RDH10	0.02165	0.10155	0.01817
RDH11	0.45677	0.6882	1.00258
RDH12	0.00255	0.00304	0
RDH13	0.08333	0.12479	0.05617
RDH14	0.03098	0.07064	0.06904
RDH16	0.00305	0.01174	0.00425
RDH5	0.00332	0.05225	0.00294
RDX	0.26389	0.74312	1.46584
REC8	0.05294	0.22581	0.13845
RECK	0.08339	0.07161	0.04928
RECQL	0.20555	0.2334	0.12006
RECQL4	0.00721	0.05212	0.00644
RECQL5	0.07049	0.10789	0.12025
REEP1	0.00098	0.16429	0.00509
REEP2	0.00261	0.27709	0.06226
REEP3	0.13351	0.22821	0.59411
REEP4	0.45275	0.10833	0.11384
REEP5	0.67744	0.79334	1.17169
REEP6	0.01525	0.03858	0.03898
REL	0.68031	0.12185	0.05684
RELA	0.14843	0.20812	0.12466
RELB	0.04938	0.019	0.01125
RELL1	0.33986	0.34983	0.2909
RELL2	0.03503	0.05578	0.01447
RELN	0.00015	0.00571	0.04162
RELT	0.2184	0.0631	0.17372
REM1	0	0.006	0
REM2	0.00893	0.01875	0
REN	0.00025	0.00111	0.00047
RENBP	0.05505	0.01129	0.07416
REP15	0.00049	0.01017	0.00554
REPIN1	0.0298	0.15186	0.05325
REPS1	0.02162	0.06835	0.05008
REPS2	0.02057	0.01917	0.12183
RER1	0.33356	0.46967	0.5907
RERE	0.06913	0.1642	0.12369
RERG	0.00163	0.00986	0
RERGL	0.00157	0.00294	0
REST	0.08579	0.11191	0.12174
RET	0.00199	0.02551	0
RETN	0.0359	0	0
RETSAT	0.11423	0.09813	0.25601
REV1	0.06497	0.10217	0.06392
REV3L	0.08394	0.35963	0.05765
REXO1	0.01039	0.01433	0.00873
REXO2	0.19564	0.32251	0.65397
REXO4	0.02368	0.04672	0.04445
RFC1	0.10993	0.22598	0.33169
RFC2	0.25152	0.52073	0.23915
RFC3	0.06271	0.26963	0.04816
RFC4	0.05832	0.33283	0.07471
RFC5	0.06707	0.26313	0.06696
RFESD	0.02015	0.03204	0.03922
RFFL	0.10914	0.13513	0.74879
RFK	0.11237	0.34545	0.15717
RFNG	0.04312	0.11747	0.06386
RFPL1	0.0136	0.00643	0
RFPL2	0.00065	0.00273	4e-05
RFPL3	0.00147	0.00041	0
RFPL3S	0.01109	0.03066	0.01134
RFPL4A	0.00705	0.00268	0.00102
RFT1	0.13138	0.17215	0.09727
RFTN1	0.08185	0.05011	0.00261
RFTN2	0.0097	0.43462	0.76513
COP1	0.04616	0.08203	0.05537
RFWD3	0.05958	0.12508	0.06782
RFX1	0.00908	0.01087	0.00665
RFX2	0.03296	0.05512	0.00108
RFX3	0.072	0.27447	0.03826
RFX4	0.00706	0.34281	0.01228
RFX5	0.21457	0.22488	0.06755
RFX6	0.00065	0.00068	0
RFX7	0.04383	0.12116	0.05506
RFX8	7e-05	0.00453	0.00173
RFXANK	0.12696	0.29606	0.17539
RFXAP	0.01321	0.03658	0.01883
RTL9	3e-05	0.00376	0
RTL5	0.00215	0.0402	0.01212
RGCC	0.34539	0.11652	0.57031
RGL1	0.06815	0.13263	0.5275
RGL2	0.2152	0.17424	0.07243
RGL3	0.05502	0.0123	0
RGL4	0.03435	0.02322	0.01359
RGMA	0.00341	0.18608	0.00191
RGMB	0.03211	0.4005	0.0929
RGN	0.00056	0.10167	0.24203
RGP1	0.05855	0.11871	0.07443
RGPD1	0.02178	0.00892	0.00149
RGPD2	0.03258	0.01997	0.00859
RGPD3	0.00547	0.00562	0.00545
RGPD4	0.00304	0.00265	0.0017
RGPD5	0.12456	0.16655	0.11607
RGPD6	0.04259	0.07379	0.04159
RGPD8	0.01507	0.01406	0.00375
RGR	0.00255	0.05564	0.00291
RGS1	3.55112	0.00686	0.00589
RGS10	1.09659	0.01595	0
RGS11	0.00111	0.05184	0.16801
RGS12	0.14723	0.22505	0.04887
RGS13	0.05908	7e-04	0
RGS14	0.08801	0.01517	0
RGS16	0.30481	0.2801	0.03159
RGS17	0.00689	0.19636	0.05519
RGS18	0.27455	0.00057	0
RGS19	0.79353	0.11772	0.00753
RGS2	1.90012	0.39436	0.10816
RGS20	0.00562	0.0557	0.00932
RGS21	0	0.00069	0.0017
RGS22	0.00086	0.02316	0
RGS3	0.03413	0.18317	0.36217
RGS4	0.01849	0.01637	0
RGS5	0.01542	0.03231	0.03419
RGS6	0.00306	0.13486	0.00229
RGS7	0	0.01205	0.00124
RGS7BP	0.00214	0.03349	0
RGS8	0	0.02673	0
RGS9	0.0103	0.01033	0.01721
RGS9BP	0.00126	0.00176	0.01036
RGSL1	8e-05	1e-04	0
RHBDD1	0.0864	0.08128	0.12451
RHBDD2	0.29473	0.9928	0.61626
RHBDD3	0.06857	0.21204	0.11261
RHBDF1	0.00033	0.04509	0.00705
RHBDF2	0.56969	0.01719	0.01009
RHBDL1	0.00075	0.02426	0.01319
RHBDL2	0.02401	0.04793	0.50533
RHBDL3	2e-05	0.03305	0.00461
RHBG	0.00924	0.01831	0.00537
RHCE	0.00057	0.00305	0.00141
RHCG	0.00117	0.01136	0
RHD	0.03645	0.0429	0.04207
RHEB	0.54868	1.01486	0.3046
RHEBL1	0.02513	0.01842	0
RHNO1	0.1461	0.29771	0.15396
RHO	0.00121	0.00076	0.00013
RHOA	1.96575	1.64672	2.10978
RHOB	0.43896	0.27529	0.41773
RHOBTB1	0.03551	0.02649	0.14726
RHOBTB2	0.03777	0.05891	0.00595
RHOBTB3	0.04468	0.35948	0.19464
RHOC	0.50152	0.9451	0.16559
RHOD	0.00234	0.00656	0
RHOF	0.12565	0.04793	0.02652
RHOG	1.05107	0.17815	1.32989
RHOH	0.2626	0.00117	0.00069
RHOJ	0.00464	0.23922	0.01395
RHOQ	0.15773	0.12693	0.05793
RHOT1	0.17511	0.17817	0.14394
RHOT2	0.29123	0.41116	0.22916
RHOU	0.03778	0.12061	0.5585
RHOV	0	0.00076	0
RHOXF1	0.00101	0.0053	0
RHOXF2	0	0.00204	0
RHPN1	0.00211	0.03049	0.01014
RHPN1-AS1	0.00265	0.01139	0.01053
RHPN2	0.00604	0.10296	0.01968
RIBC1	0.0028	0.02386	0.01111
RIBC2	0.00441	0.0097	0
RIC3	0.00485	0.12092	0.07545
RIC8A	0.20746	0.42845	0.21112
RIC8B	0.0387	0.16124	0.08996
RICTOR	0.11191	0.14348	0.24365
RIF1	0.09547	0.23113	0.21111
RIIAD1	0	0.00414	0
RILP	0.0278	0.00856	0.00486
RILPL1	0.00809	0.06681	0.08898
RILPL2	0.64873	0.04874	0.02857
RIMBP2	1e-05	0.00781	0.00619
RIMBP3C	0.00058	0.00031	0.00049
RIMKLA	0.0039	0.01675	0.00725
RIMKLB	0.04423	0.38591	0.02818
RIMS1	0	0.02776	0.00454
RIMS2	0.00014	0.02556	0.00012
RIMS3	0.00791	0.02485	0.0082
RIMS4	0.00023	0.04848	0
RIN1	0.01487	0.07076	0.00866
RIN2	0.38607	0.15889	0.20339
RIN3	0.31998	0.00934	5e-05
RING1	0.03918	0.0943	0.0736
RINL	0.04957	0.03721	0.01788
RINT1	0.07061	0.23168	0.08957
RIOK1	0.20004	0.29151	0.13723
RIOK2	0.11494	0.18972	0.13773
RIOK3	0.29154	0.33921	0.39428
RIPK1	0.11135	0.0746	0.03787
RIPK2	0.34078	0.18128	0.12626
RIPK3	0.11462	0.00022	0
RIPK4	8e-05	0.00608	0
RIPPLY2	0.00028	0.02892	0.04086
RIT1	0.2332	0.26686	0.15176
RIT2	0.00242	0.20694	0
RLBP1	0.00048	0.06922	0.00184
RLF	0.17136	0.20413	0.10049
RLIM	0.17849	0.22334	0.13874
RLN1	0.00018	0.00287	0.00267
RLN2	0.00309	0.00209	0
CARMIL2	0.00342	0.00078	0
RMDN1	0.17638	0.25903	0.25552
RMDN2	0.07672	0.06714	0.03496
RMDN3	0.18188	0.34081	0.45133
RMI1	0.04418	0.1535	0.07342
RMI2	0.00454	0.02392	0.00019
RMND1	0.08433	0.19253	0.05845
RMND5A	0.12054	0.23959	0.39943
RMND5B	0.07076	0.18943	0.16317
RMRP	0.08023	0.03953	0.01265
RMST	0.0012	0.12191	0.00318
RNA5SP244	0.00032	0.00203	0.00027
RNASE1	0.51202	0.02421	3.2174
RNASE13	0.00033	0.00116	0.00043
RNASE2	0.57016	0.00078	0
RNASE3	0.08119	0.00035	0
RNASE4	0.29564	0.08418	0.01232
RNASE6	1.19122	0.00173	0.01184
RNASE7	0.00195	0.00088	0
RNASEH1	0.17383	0.37717	0.22971
RNASEH2A	0.09529	0.44319	0.20349
RNASEH2B	0.17501	0.20924	0.09461
RNASEH2B-AS1	0.01638	0.00638	0.00415
RNASEH2C	0.1479	0.34499	0.29716
RNASEK	1.37602	1.13493	1.12103
RNASEK-C17orf49	0.0152	0.02	0.00211
RNASEL	0.07456	0.04337	0.03152
RNASET2	1.86964	0.07011	0.00376
RND1	0.01544	0.12471	0.0232
RND2	0.01341	0.11017	0.02655
RND3	0.09182	0.39221	0.00148
RNF10	0.24835	0.49577	0.44958
RNF103	0.07163	0.14288	0.21157
RNF103-CHMP3	0.00243	0.00937	0.00469
RNF11	0.11475	0.23724	0.23328
RNF111	0.15753	0.14136	0.09427
RNF112	0.00034	0.04067	0.00656
RNF113A	0.1605	0.1702	0.16311
RNF113B	0.00244	0.01002	0
RNF114	0.43244	0.55056	0.54055
RNF115	0.0644	0.12327	0.10125
RNF121	0.05389	0.12773	0.07659
RNF122	0.17136	0.15743	0.04118
RNF123	0.07918	0.15128	0.06906
RNF125	0.11751	0.05755	0.15603
RNF126	0.0509	0.09632	0.09293
RNF126P1	0.00477	4e-04	0
RNF128	0.00012	0.01678	0
RNF13	0.73791	0.50899	1.88914
RNF130	1.21914	0.5286	1.91963
RNF133	0	0.00272	0.00693
RNF135	0.40985	0.09433	0.00929
RNF138	0.25532	0.3944	0.27981
RNF138P1	0.02434	0.05861	0.09337
RNF139	0.09152	0.12826	0.10884
RNF14	0.16033	0.3018	0.30483
RNF141	0.26108	0.37536	0.72653
RNF144A	0.00627	0.13372	0.32483
RNF144A-AS1	0.01142	0.01883	0.01165
RNF144B	0.35103	0.00977	0.00053
RNF145	0.12925	0.15837	0.04692
RNF146	0.18069	0.33405	0.38037
RNF148	8e-05	0.00293	0
RNF149	0.93275	0.12706	0.16617
RNF150	0.04702	0.04357	0.00103
RNF151	0.00191	0.00187	0
RNF152	0.00097	0.01048	0.02456
RNF157	0.01818	0.21309	0.11806
RNF157-AS1	0.00127	0.04648	0.00724
RNF165	0.00104	0.1028	0.00097
RNF166	0.32316	0.05696	0.03236
RNF167	0.24621	0.34533	0.44045
RNF168	0.26628	0.28944	0.17246
RNF169	0.01961	0.05391	0.02194
RNF17	8e-05	8e-05	0.00013
RNF170	0.10041	0.16357	0.24375
RNF175	0.04923	0.05874	0
RNF180	0.01277	0.41971	0.06372
RNF181	0.34545	0.39368	0.56454
RNF182	0.00114	0.132	0.00328
RNF183	0.00042	0.00239	0
RNF185	0.1344	0.29107	0.32278
RNF187	0.02902	0.07571	0.0651
RNF19A	0.1706	0.27721	0.18611
RNF19B	0.04998	0.02146	0.01889
RNF2	0.17157	0.33223	0.11441
RNF20	0.10265	0.24052	0.27962
RNF207	0.04603	0.066	0.04154
RNF208	0.00531	0.02024	0.00444
RNF212	0.01026	0.01061	0.01226
RNF213	0.28805	0.11574	0.16209
RNF214	0.06188	0.1549	0.10423
RNF215	0.0041	0.02917	0
RNF216	0.20417	0.37807	0.24273
RNF216-IT1	0.00418	0.00759	0.00367
RNF216P1	0.11771	0.26203	0.19248
RNF217	0.02285	0.00846	0.02473
RNF219	0.06625	0.16881	0.03805
RNF220	0.058	0.14791	1.12107
RNF222	0.02904	0.03838	0.02905
RNF224	0.00072	0.00045	0
RNF24	0.08692	0.38281	0.1113
RNF25	0.11211	0.25302	0.11529
RNF26	0.08979	0.15205	0.14571
RNF31	0.06469	0.07252	0.06104
RNF32	0.00752	0.01375	0.04079
RNF34	0.18585	0.35476	0.37182
RNF38	0.11875	0.26153	0.07752
RNF39	0.00319	0.00518	0.00031
RNF4	0.27262	0.43466	0.32492
RNF40	0.12604	0.27285	0.13835
RNF41	0.2259	0.30395	0.19077
RNF43	0.00052	0.0058	0
RNF44	0.14868	0.1703	0.05454
RNF5	0.02047	0.03359	0.05579
RNF5P1	0.23148	0.4909	0.58071
RNF6	0.22356	0.18585	0.0778
RNF7	0.46008	0.56468	0.4368
RNF8	0.04379	0.09544	0.08494
RNFT1	0.29868	0.25027	0.09536
RNFT2	0.01492	0.14751	0.07763
RNGTT	0.07933	0.16275	0.10505
RNH1	0.71669	0.60445	1.90237
RNLS	0.01729	0.02211	0.05825
RNMT	0.08201	0.12375	0.06564
MRM3	0.07479	0.1781	0.07368
RNPC3	0.11366	0.13281	0.13674
RNPEP	0.09762	0.0937	0.01968
RNPEPL1	0.13057	0.07201	0.07026
RNPS1	0.34907	0.83494	0.49025
AL360012.1	0.00752	0.00172	0.0025
Z93241.1	0.03916	0.01206	0
RNU4ATAC	0.03368	0.01792	0
RNU6ATAC	0.02443	0.02047	0.01167
ROBO1	0.01133	0.35046	0.23528
ROBO2	0.00162	0.16257	2e-05
ROBO3	0.05187	0.07463	0.03441
ROBO4	0.00571	0.0043	0.00203
ROCK1	0.35005	0.22557	0.17383
ROCK1P1	0.05651	0.07556	0.06562
ROCK2	0.03161	0.10227	0.0651
ROGDI	0.11968	0.12982	1.17634
ROM1	0.00382	0.07161	0.30076
ROMO1	0.20326	0.49285	0.27775
ROPN1	0	0.00072	0.00057
ROPN1B	0.00111	0.00315	0
ROPN1L	0.00247	0.00758	0.00086
ROR1	0.0035	0.01608	0.00996
ROR2	0.01855	0.00932	0
RORA	0.03572	0.06489	0.02567
RORB	2e-04	0.06424	0.00661
RORC	0.00258	0.00133	0
ROS1	9e-05	0.00091	0.00062
RP1	0.00052	0.00037	0
RP1L1	1e-05	0.00141	0
RP2	0.2504	0.19667	0.06834
RP9	0.05619	0.30804	0.15086
RP9P	0.01609	0.20195	0.10924
RPA1	0.24383	0.42225	0.25142
RPA2	0.46276	0.58882	0.37388
RPA3	0.06416	0.1818	0.10103
RPA4	0.00861	0.00669	0
RPAIN	0.2667	0.71206	0.34525
RPAP1	0.07818	0.18756	0.13715
RPAP2	0.08607	0.20531	0.09403
RPAP3	0.11499	0.21623	0.14619
RPE	0.20565	0.36238	0.28379
RPE65	0.00022	0.02631	0
RPF1	0.15391	0.28429	0.15608
RPF2	0.22292	0.39497	0.24857
RPGR	0.05765	0.07951	0.03642
RPGRIP1	0.01879	0.00051	0.00199
RPGRIP1L	0.00653	0.07167	0.00909
RPH3A	0.0012	0.17331	0.00021
RPH3AL	0.01995	0.01986	0.00945
RPIA	0.04335	0.06199	0.0164
RPL10	2.51718	2.05609	1.47345
RPL10A	2.51293	2.3154	1.40782
RPL10L	0.00132	0.00116	0.00118
RPL11	2.60825	2.27492	1.76613
RPL12	2.33187	1.87672	0.99081
RPL13	1.36128	1.13372	0.6929
RPL13A	2.17378	1.55939	1.15987
RPL13AP17	0.00011	0.0059	0.00022
RPL13AP20	0.02932	0.03154	0.01276
RPL13AP3	0.01018	0.01032	0.00407
RPL13AP5	1.64265	2.11869	1.17531
RPL13AP6	0.05861	0.03639	0.04749
RPL13P5	0.05055	0.05924	0.01619
RPL14	1.80521	1.62451	0.91881
RPL15	2.50439	2.51002	1.978
RPL17	2.88506	2.54688	1.83331
RPL17-C18orf32	0.04569	0.1646	0.08048
RPL18	1.84463	1.99865	1.31472
RPL18A	2.50288	2.43256	1.27815
RPL19	3.07713	2.81937	2.26225
AC007683.1	0.0083	0.02189	0.01109
RPL21	1.73992	1.02001	0.72089
RPL21P28	2.15536	1.82448	1.64379
RPL21P44	0.02357	0.10121	0.01877
RPL22	0.79836	0.86629	0.56303
RPL22L1	0.15073	0.14888	0.10856
RPL23	2.26644	1.86998	1.04619
RPL23A	2.39208	2.34005	1.56601
RPL23AP32	0.00574	0.05509	0.03043
RPL23AP53	0.04925	0.13169	0.10083
RPL23AP64	0.05321	0.06301	0.06731
RPL23AP7	0.1964	0.26748	0.3502
RPL23AP82	0.11859	0.20918	0.31353
RPL23P8	0.00242	0.00171	0.00026
RPL24	1.49387	1.66328	1.00778
RPL26	2.63142	2.17351	1.63777
RPL26L1	0.13426	0.37231	0.11101
RPL27	2.01487	1.89045	1.07618
RPL27A	0.60428	0.47878	0.22877
RPL28	1.47718	1.25755	0.88495
RPL29	2.22819	2.17017	1.33545
RPL29P2	0.00324	0.00285	0.00199
RPL3	3.20057	2.86836	2.33958
RPL30	2.45793	2.19058	1.71929
RPL31	2.34034	2.0179	1.36102
RPL31P11	0.00626	0.004	0.00128
RPL32	1.17592	1.16019	0.58421
RPL32P3	0.04918	0.08346	0.09328
RPL34	1.49302	1.20315	0.82929
RPL34-AS1	0.00295	0.00832	0.0168
RPL35	1.50816	1.52467	0.89699
RPL35A	1.80239	1.80066	1.02144
RPL36	1.34323	1.55514	0.73961
RPL36A	1.2552	0.9804	0.39665
RPL36A-HNRNPH2	0.22065	0.28305	0.1335
RPL36AL	1.32864	0.90211	0.8736
RPL37	0.67715	0.52357	0.25201
RPL37A	2.14287	2.22687	1.58134
RPL38	1.74255	1.71221	1.29539
RPL39	2.12054	1.88159	0.79035
RPL39L	0.03927	0.12132	0.06258
RPL3L	0.00085	0.00043	0
RPL4	2.80659	2.67486	2.02638
RPL41	3.37043	3.16443	2.05076
RPL5	3.16529	3.04636	2.26742
RPL6	2.58363	2.58219	1.60809
RPL7	3.16772	3.05404	2.22602
RPL7A	2.58257	2.36553	1.7881
RPL7L1	0.37665	0.71834	0.38097
RPL8	2.46729	2.61836	1.65343
RPL9	3.16286	2.77008	2.08724
RPLP0	2.57598	2.89142	1.50066
RPLP0P2	0.02369	0.02812	0.01646
RPLP1	3.26963	2.7625	1.91292
RPLP2	2.40731	2.06516	1.29709
RPN1	0.87327	0.97181	1.0673
RPN2	1.20289	1.37126	0.65452
RPP14	0.12843	0.23704	0.1404
RPP21	0.15853	0.38113	0.35701
RPP25	0.01355	0.0134	0.0238
RPP25L	0.06443	0.13259	0.14748
RPP30	0.16455	0.19546	0.18622
RPP38	0.08937	0.13203	0.12757
RPP40	0.05117	0.19102	0.07131
AL355075.4	0.05749	0.05123	0.03383
RPRD1A	0.09978	0.36796	0.29902
RPRD1B	0.10178	0.17943	0.10802
RPRD2	0.10374	0.18828	0.15856
RPRM	0.00052	0.0345	0
RPRML	0.00084	0.00144	0
RPS10	2.13929	1.95174	1.32759
RPS10-NUDT3	0.3045	0.29024	0.08085
RPS10P7	0.01659	0.00982	0.05036
RPS11	2.47149	2.37455	1.25979
RPS12	2.87524	2.27302	1.66087
RPS13	2.85479	2.47513	1.79578
RPS14	2.78175	2.48183	1.71959
RPS15	2.22108	2.41891	1.61118
RPS15A	2.33887	2.12638	1.14821
RPS15AP10	0.03336	0.04332	0.02393
RPS16	2.45786	2.14571	1.27411
RPS16P5	0.02748	0.02917	0.02294
RPS17	1.71905	1.51194	0.95943
RPS18	3.06702	2.83643	1.80571
RPS19	2.17392	2.02766	0.94365
RPS19BP1	0.27404	0.47185	0.50747
RPS2	2.25001	2.29732	1.30668
RPS20	2.07262	1.75644	1.07577
RPS21	1.09586	1.1304	0.57563
RPS23	1.17077	1.03177	0.63741
RPS24	2.37664	1.73022	1.06413
RPS25	2.70014	2.37779	1.85808
RPS26	1.25952	1.51781	1.11141
RPS26P11	0.01422	0.02096	0.01508
RPS27	2.75831	2.29281	1.47766
RPS27A	2.45476	2.22596	1.59535
RPS27L	0.36415	0.59543	0.41307
RPS28	2.24408	2.06803	1.39565
RPS29	1.45374	1.08297	0.72471
RPS2P32	0.02584	0.10871	0.02916
RPS3	2.35106	1.9486	1.51478
RPS3A	3.32129	2.97751	1.87338
RPS4X	3.10466	2.85851	1.74368
RPS4Y1	0.91014	0.66382	0.57545
RPS5	2.49729	2.83786	1.83204
RPS6	3.21527	2.34273	1.99936
RPS6KA1	0.57084	0.01149	0.10233
RPS6KA2	0.08017	0.11235	0.34863
RPS6KA2-IT1	0.00083	0.00169	0.00348
RPS6KA3	0.16808	0.09332	0.02398
RPS6KA4	0.04331	0.0105	0.01711
RPS6KA5	0.09256	0.05706	0.25599
RPS6KA6	0.01408	0.01711	0.01054
RPS6KB1	0.10818	0.20415	0.0985
RPS6KB2	0.14022	0.16559	0.18677
RPS6KC1	0.10604	0.20376	0.21628
RPS6KL1	0.00808	0.05555	0.04382
RPS7	1.81152	1.75702	0.97816
RPS7P5	0.00128	0.00047	0.00017
RPS8	2.95823	2.66286	1.86519
RPS9	2.14897	1.92312	1.5633
RPSA	2.50877	2.77966	2.0415
RPSAP52	0.00347	0.01127	0.00254
RPSAP9	0.0329	0.06399	0.06951
RPTN	0.00037	0.00021	0
RPTOR	0.04445	0.08283	0.06898
RPUSD1	0.0708	0.15056	0.02766
RPUSD2	0.02699	0.08949	0.04691
RPUSD3	0.13253	0.19053	0.14945
RPUSD4	0.13333	0.2304	0.11248
CNOT9	0.25243	0.49523	0.32346
RRAD	0.00576	0.00649	0.00633
RRAGA	0.38667	0.68646	0.95668
RRAGB	0.09234	0.22801	0.17533
RRAGC	0.07046	0.08962	0.12356
RRAGD	0.01616	0.0415	0.03323
RRAS	0.04235	0.02296	0.01288
RRAS2	0.01457	0.05723	0.02309
RRBP1	0.09979	0.11169	0.28406
RREB1	0.11735	0.02715	0.00051
RRH	0.00061	0.0088	0.00206
RRM1	0.14485	0.46059	0.19611
RRM2	0.0641	0.2515	0.02809
RRM2B	0.18327	0.14464	0.06943
RRN3	0.12287	0.3219	0.14545
RRN3P1	0.04614	0.07401	0.04204
RRN3P2	0.13893	0.08128	0.10952
RRN3P3	0.02681	0.02803	0.00652
RRNAD1	0.06303	0.08183	0.05637
RRP1	0.10775	0.26445	0.33013
RRP12	0.12811	0.10258	0.02314
RRP15	0.0638	0.19589	0.08246
RRP1B	0.1044	0.18046	0.0881
RRP36	0.02878	0.06755	0.04192
RRP7A	0.20115	0.23861	0.20723
RRP7BP	0.07869	0.19333	0.09884
RRP8	0.06888	0.1529	0.12902
RRP9	0.07896	0.25482	0.09963
RRS1	0.05692	0.15839	0.08415
RS1	0.00036	0.00081	0.00012
RSAD1	0.07632	0.18161	0.08921
RSAD2	0.04939	0.03324	0.0755
RSBN1	0.06012	0.11233	0.0315
RSBN1L	0.05991	0.11659	0.08392
APTR	0.07201	0.20623	0.0894
RSC1A1	0.06463	0.06137	0.04234
RSF1	0.18473	0.42142	0.25398
CPLANE2	0.00693	0.01359	0
RSL1D1	0.33111	0.42925	0.21314
RSL24D1	0.51749	0.87716	0.56592
RSPH1	0.00084	0.01257	0
RSPH10B	0.00024	0.00554	0.00059
RSPH10B2	0.00024	0.00554	0.00059
RSPH3	0.02411	0.07954	0.02178
RSPH4A	0.00256	0.01817	0.00262
RSPH6A	0.0018	0.00094	0
RSPH9	0.0061	0.0249	0.0195
RSPO1	2e-05	0.00121	0
RSPO2	7e-05	0.00566	0.01119
RSPO3	0	0.00087	4e-04
RSPO4	0.00063	0.00206	0.00042
RSPRY1	0.16941	0.63178	0.18653
RSRC1	0.16458	0.27559	0.19873
RSRC2	0.37787	0.58381	0.37065
RSU1	0.2603	0.23772	0.19621
RSU1P2	0.00097	0.00268	0.00043
RTBDN	0.00627	0.01001	0.00509
RTCA	0.26147	0.38372	0.35405
RSPH14	0.00061	0.01377	0.00029
RTEL1	0.04387	0.09691	0.04313
RTEL1-TNFRSF6B	0.00652	0.023	0.00891
RTF1	0.08152	0.19429	0.06221
RTF2	0.75196	0.83054	1.34729
RTKN	0.04462	0.37331	1.10126
RTKN2	0.00993	0.04192	0.00198
RTL1	0.00035	0.00897	0.00026
RTN1	0.06161	0.24442	0.21739
RTN2	0.01376	0.00559	0.00189
RTN3	0.80968	1.74377	2.39125
RTN4	0.35759	0.67469	1.47046
RTN4IP1	0.04531	0.06021	0.06125
RTN4R	0.00056	0.01926	0.00026
RTN4RL1	0.00067	0.00062	0
RTN4RL2	0.00173	0.00572	0.00142
RTP1	9e-05	0.00486	0
RTP4	0.06249	0.03013	0.18306
RTTN	0.0998	0.11137	0.09946
RUFY1	0.0831	0.14925	0.05855
RUFY2	0.05944	0.19081	0.59723
RUFY3	0.22326	0.84518	1.04617
RUFY4	0.0034	0.00301	0
RUNDC1	0.11666	0.18151	0.10189
RUNDC3A	0.00331	0.09876	0.0495
RUNDC3B	0.00388	0.013	0.00261
RUNX1	0.22745	0.06262	0.00277
RUNX1T1	0.00124	0.04739	0.01403
RUNX2	0.17581	0.00793	4e-05
RUNX3	0.05912	0.00027	9e-05
RUSC1	0.09472	0.18253	0.09308
RUSC1-AS1	0.00656	0.00928	0.0035
RUSC2	0.02425	0.17833	0.31833
RUVBL1	0.10279	0.46461	0.12819
RUVBL2	0.21603	0.69549	0.3464
RWDD1	0.30441	0.58858	0.56933
RWDD2A	0.04995	0.16383	0.06192
RWDD2B	0.05528	0.17989	0.11439
RWDD3	0.07684	0.18034	0.13041
RWDD4	0.1211	0.30994	0.1313
RXFP1	7e-05	0.00267	3e-05
RXFP3	0	0.0017	0
RXFP4	0.01214	0.0204	0.00625
RXRA	0.05869	0.04967	0.0144
RXRB	0.06388	0.071	0.07458
RXRG	0.00054	0.00336	0.02488
RYBP	0.05946	0.07615	0.20803
RYK	0.04016	0.07596	0.02918
RYR1	0.04728	0.00237	0.00011
RYR2	0.00136	0.00224	0.03422
RYR3	0.00093	0.03962	0.00149
S100A1	0.00704	0.00483	0.24218
S100A10	0.73518	0.58763	0.03164
S100A11	2.18738	0.26792	0.01061
S100A12	0.0596	2e-05	0
S100A13	0.10386	0.26372	0.62616
S100A14	5e-05	0.00227	0
S100A16	0.01706	0.80235	0.45091
S100A2	0.00123	0.02323	0.00355
S100A3	0.00012	0.00636	0
S100A4	0.94759	0.00707	0.0157
S100A5	0.00168	0.00054	0.00161
S100A6	0.69993	0.82369	0.59835
S100A7	0	0.00121	0
S100A7A	1e-05	1e-04	0
S100A8	0.38915	0.00128	0
S100A9	0.61391	0.00284	8e-04
S100B	0.12809	1.6018	3.18566
S100G	6e-05	0.00258	0
S100P	0.00963	0.00235	0
S100PBP	0.13199	0.20202	0.12345
S100Z	0.05823	2e-05	0
S1PR1	0.02999	0.02435	0
S1PR2	0.12728	0.24913	0.11448
S1PR3	0.00888	0.04251	0.01945
S1PR4	0.00935	0.00058	0
S1PR5	0.00133	0.00493	0.77752
SAA1	0.00289	0.01362	0
SAA2	0.01139	0.01816	0.00995
SAA4	0	0.00179	0
SAAL1	0.08935	0.27519	0.04807
SAC3D1	0.00567	0.02266	0.01881
SACM1L	0.21364	0.19916	0.16464
SACS	0.01891	0.21744	0.07894
SAE1	0.22366	0.61312	0.32971
SAFB	0.30746	0.57261	0.44594
SAFB2	0.17303	0.25778	0.10774
SAG	4e-05	0.00056	0.00182
SAGE1	0.00053	7e-05	0
SALL1	0.05015	0.16495	0.26383
SALL2	4e-04	0.0913	0.01393
SALL3	0.00026	0.12774	0.00679
SALL4	3e-05	0.01137	0.00024
SAMD1	0.00948	0.03003	0.01981
SAMD10	0.00742	0.05973	0
SAMD11	0.00195	0.01245	0.00596
SAMD12	0.00731	0.01281	0.17901
SAMD13	0.01477	0.03625	0.04263
SAMD14	0.00132	0.05312	0.01308
SAMD15	0.00067	0.01401	0
SAMD3	0.06638	0.00272	0
SAMD4A	0.01693	0.09483	0.04055
SAMD4B	0.05159	0.11523	0.2114
SAMD5	0.00442	0.01416	0.00503
SAMD7	0.00029	0.00034	0.00022
SAMD8	0.12407	0.1732	0.27121
SAMD9	0.09908	0.04154	0.02424
SAMD9L	0.12198	0.06587	2e-05
SAMHD1	0.8859	0.14108	0.09962
SAMM50	0.18972	0.35983	0.34385
SAMSN1	1.13884	0.00112	2e-04
SAP130	0.09203	0.1694	0.12307
SAP18	0.53483	0.74323	0.64494
SAP25	0.02547	0.00882	0.00278
SAP30	0.08689	0.05731	0.02684
SAP30BP	0.22267	0.42581	0.47086
SAP30L	0.00802	0.03796	0.0239
SAPCD1	0.02221	0.06044	0.00097
SAPCD2	0.00465	0.0771	0.04858
SAR1A	0.50326	0.73052	0.61945
SAR1B	0.2154	0.31447	0.61997
SARDH	0.01197	0.01487	0
SARM1	0.02373	0.08049	0.02249
SARNP	0.36616	0.83746	0.52049
SARS	0.4844	1.08009	1.19936
SARS2	0.07511	0.16864	0.10496
SART1	0.0248	0.06038	0.04775
SART3	0.10256	0.20976	0.1499
SASH1	0.01558	0.10307	0.24566
SASH3	0.57215	0.00125	0.00099
SASS6	0.02937	0.05462	0.0611
SAT1	3.98776	0.98105	0.44739
SAT2	0.37262	0.62736	0.45555
SATB1	0.12429	0.16411	0.06299
SATB2	0.00463	0.09374	0.02869
SATB2-AS1	6e-05	0.00295	0
SATL1	0	0.0016	0
SAV1	0.02423	0.04887	0.11065
SAYSD1	0.06112	0.08691	0.14635
SBDS	0.48477	1.06391	1.41584
SBDSP1	0.13405	0.48664	0.29215
SBF1	0.036	0.06629	0.14876
SBF1P1	3e-05	0.00235	3e-05
SBF2	0.05054	0.09549	0.04988
SBF2-AS1	0.05789	0.10505	0.0444
SBK1	0.00164	0.04984	0.01279
SBNO1	0.17472	0.34446	0.21264
SBNO2	0.02063	0.01385	0.00455
SBSN	0	0.00162	0
SBSPON	0.01169	0.02519	0.01074
SCAF1	0.00556	0.01494	0.01285
SCAF11	0.36611	0.32801	0.19534
SCAF4	0.16954	0.28698	0.1281
SCAF8	0.08464	0.13054	0.06999
SCAI	0.04632	0.10749	0.05179
SCAMP1	0.18714	0.37091	0.28725
SCAMP2	0.89214	0.34915	0.68913
SCAMP3	0.27935	0.59702	0.69195
SCAMP4	0.10914	0.19328	0.27131
SCAMP5	0.00132	0.11284	0.11399
SCAND1	0.35569	0.70695	0.49505
SCAND2P	0.05625	0.07902	0.061
ZBED9	6e-05	0.01464	2e-05
SCAP	0.13201	0.23796	0.23564
SCAPER	0.1446	0.20727	0.22819
SCARA3	0.00044	0.1969	0.17826
SCARA5	0.00122	0.00049	0
SCARB1	0.31281	0.21977	0.1544
SCARB2	0.41963	0.72072	1.37046
SCARF1	0.06473	0.02815	0.01605
SCARF2	0.0021	0.00951	7e-04
SCARNA1	0.00735	0.01388	0
SCARNA10	0.00583	0.00834	0.00028
SCARNA11	0.00087	0.00154	0.00529
SCARNA12	0.01743	0.07487	0.01704
SCARNA13	0.00405	0.00802	0.00093
SCARNA14	0.00473	0.00361	0
RF00426	0	0.00934	0
RF00424	0.01146	0.02983	0.0158
SCARNA17	0.11518	0.05749	0.01301
SCARNA18	0	0.00392	0
AL356488.2	0.02909	0.05532	0.04545
RF00601	0.00224	0.0018	0.0026
RF00602	0.00292	0.0019	0
SCARNA22	0.0028	0.02141	0
SCARNA23	0	0.0035	0
SCARNA3	0.00433	0.007	0
SCARNA5	0.00432	0.01231	0.00711
SCARNA6	0.00264	0.00434	0.00938
SCARNA7	0.01877	0.01114	0.0037
SCARNA8	0.00074	0.00157	0
SCARNA9	0.05725	0.03694	0.00977
SCCPDH	0.21625	0.5511	0.77337
SCD	0.22166	0.50734	2.48177
SCD5	0.1499	1.35473	1.85307
SCEL	0.00034	0.00179	0
SCFD1	0.30825	0.46916	0.35836
SCFD2	0.07626	0.23056	0.12767
SCG2	0.00183	0.39511	0.01037
SCG3	0.0053	0.71418	0.06587
SCG5	0.00675	0.5454	1.06255
SCGB1A1	0	0.00142	0
SCGB1B2P	7e-04	0.00981	0.00716
SCGB1D2	0	0.00133	0
SCGB2B2	0.00025	0.00425	0.00596
SCGB2B3P	0.00069	0.00283	0
SCGB3A1	0	0.00072	0
SCGN	0	0.01331	0
SCHIP1	0.03348	0.86076	1.57967
SCIMP	0.33699	0.01393	0.00554
SCIN	0.73531	0.00758	0.00227
SCLT1	0.08226	0.0819	0.06101
SCLY	0.01722	0.06967	0.10862
SCMH1	0.04224	0.18537	0.02781
SCML1	0.10291	0.09575	0.08552
SCML2	0.00541	0.06432	0.01127
SCML4	0.03144	0.02577	0.00829
SCN10A	6e-05	0.00034	0
SCN11A	0.01701	0.02336	0.01546
SCN1A	1e-04	0.08373	0.00162
SCN1B	0.05885	0.02004	0.18655
SCN2A	7e-05	0.06555	0.00262
SCN2B	0.0026	0.01088	0.03874
SCN3A	6e-04	0.18227	0.01008
SCN3B	0.00933	0.08722	0.00616
SCN4A	8e-05	0.00261	0
SCN4B	0.00199	0.01516	0.00277
SCN5A	0.00132	0.00365	0
SCN7A	0.00049	0.01954	0.00062
SCN8A	0.00049	0.06142	0.00766
SCN9A	0.00336	0.03116	0.00414
SCNM1	0.10788	0.21991	0.15364
SCNN1A	0.00157	0.00041	0
SCNN1B	3e-05	0.00595	0
SCNN1D	0.01154	0.05265	0.03545
SCNN1G	0.00012	0.00374	8e-05
SCO1	0.11431	0.23284	0.15158
SCO2	0.20311	0.11744	0.07081
SCOC	0.28543	0.81359	1.36254
SCP2	0.92494	1.06712	1.03589
SCPEP1	1.00609	0.14856	0.31591
SCRG1	0.04762	1.2747	0.76439
SCRIB	0.009	0.04149	0.04285
SCRN1	0.10969	0.59149	0.51743
SCRN2	0.14865	0.19985	0.09949
SCRN3	0.06658	0.20527	0.21253
SCRT1	0.00012	0.00061	0
SCRT2	0.00021	0.01636	0
SCTR	0.00079	0.00031	0
SCUBE1	0.0021	0.00227	0
SCUBE2	0.00159	0.0244	0.01591
SCUBE3	0.00544	0.02277	0.00918
SCX	5e-05	0.00014	0
SCYL1	0.19318	0.33412	0.33038
SCYL2	0.16303	0.29483	0.14429
SCYL3	0.07736	0.08129	0.08568
SDAD1	0.15009	0.20286	0.14177
SDC1	0.00034	0.04806	0.00149
SDC2	0.18069	0.1466	0.00336
SDC3	0.083	0.46837	0.08665
SDC4	0.08248	0.12523	0.0281
SDCBP	1.96859	1.289	0.52052
SDCBP2	0.00504	0.07076	0.01068
SDCBP2-AS1	0.04383	0.06627	0.018
ENTR1	0.04408	0.06356	0.05399
SDCCAG8	0.40595	0.31826	0.28292
SDE2	0.1828	0.2401	0.19039
SDF2	0.2533	0.42191	0.35361
SDF2L1	0.21874	0.24675	0.22847
SDF4	0.20303	0.36727	0.27892
SDHA	0.36196	0.57915	1.08698
SDHAF1	0.10418	0.27041	0.35477
SDHAF2	0.31237	0.48582	0.31954
SDHAP1	0.10671	0.16178	0.09481
SDHAP2	0.19784	0.31152	0.18484
SDHAP3	0.07695	0.20211	0.0517
SDHB	0.76621	0.84304	1.0545
SDHC	0.32493	0.41573	0.39902
SDHD	0.7796	0.81519	0.51682
SDK1	0.0186	0.02493	0.0028
SDK2	0.00294	0.03127	0.01074
CAVIN2	0.00727	0.00656	0.00417
SDR16C5	0.00128	0.00015	0
SDR39U1	0.28756	0.64936	0.63719
SDR9C7	0	0.00225	0
SDS	0.1832	0.00588	0.00179
SDSL	0.16331	0.08857	0.03619
SEC11A	0.93148	0.75075	0.52434
SEC11C	0.38216	1.05383	1.6243
SEC13	0.53904	0.85877	0.60707
SEC14L1	0.43764	0.33136	0.19966
SEC14L1P1	0.01093	0.02402	0.0239
SEC14L2	0.02405	0.19261	0.19411
SEC14L3	0.00256	0.00379	0.00109
SEC14L4	0.0555	0.06303	0.03867
SEC14L5	0.00159	0.00624	0.48652
SEC14L6	0	0.00069	0.00135
SEC16A	0.1567	0.21352	0.1312
SEC16B	0.01508	0.01142	0.0083
SEC1P	0.00381	0.00599	0.00224
SEC22A	0.0823	0.14863	0.12953
SEC22B	0.4629	0.72264	0.64546
SEC22C	0.13727	0.27775	0.57644
SEC23A	0.20003	0.34755	0.13125
SEC23B	0.31843	0.51412	0.45069
SEC23IP	0.08848	0.10181	0.09102
SEC24A	0.0923	0.1589	0.051
SEC24B	0.15361	0.25597	0.17851
SEC24B-AS1	0.03876	0.05814	0.02931
SEC24C	0.18737	0.26765	0.24036
SEC24D	0.07302	0.06969	0.01775
SEC31A	0.35379	0.54022	0.30148
SEC31B	0.07532	0.07133	0.05398
SEC61A1	0.49834	1.03108	0.509
SEC61A2	0.06844	0.2818	0.5627
SEC61B	0.63872	0.99451	0.60002
SEC61G	0.45474	1.99145	0.50369
SEC62	0.20284	0.30463	0.39876
SEC63	0.16845	0.27989	0.18651
SECISBP2	0.20145	0.29332	0.24522
SECISBP2L	0.09109	0.2064	0.91728
SECTM1	0.03604	0.00216	0
SEH1L	0.18695	0.35311	0.3265
SEL1L	0.31745	0.22484	0.36244
SEL1L2	0.00511	0.00015	0
SEL1L3	0.06993	0.09166	0.00153
SELE	6e-05	2e-04	0.00021
SELENBP1	0.05985	0.05902	0.07607
SELENOK	0.80842	0.90698	0.72968
SELL	0.21952	0.0087	0.12981
SELENOM	0.11644	0.10486	0.4581
SELENOO	0.0431	0.05886	0.02389
SELP	7e-05	0.00038	9e-05
SELPLG	1.22878	0.01824	0.01649
SELENOT	0.76708	0.77279	1.04827
SELENOV	0.00044	0.0095	0.00011
SEMA3A	0.00067	0.0638	0.007
SEMA3B	0.00402	0.08208	1.40619
SEMA3C	0.0183	0.01846	0.31668
SEMA3D	0.00129	0.01364	0.00072
SEMA3E	0.0049	0.08595	0.03478
SEMA3F	0.00057	0.00393	0
SEMA3G	0.00072	0.00054	0.00257
SEMA4A	0.15058	0.01312	0.00348
SEMA4B	0.01163	0.04726	0.04001
SEMA4C	0.0823	0.08328	0.24353
SEMA4D	0.29624	0.03692	0.85329
SEMA4F	0.03024	0.07004	0.03655
SEMA4G	0.00399	0.02357	0.01177
SEMA5A	0.00482	0.42601	0.0946
SEMA5B	0.00156	0.19506	0.00468
SEMA6A	0.00734	0.30945	0.51355
SEMA6B	0.02341	0.00504	0
SEMA6C	0.00168	0.02306	0.00179
SEMA6D	0.03569	0.29854	0.32307
SEMA7A	0.03636	0.05537	0.35403
SENP1	0.0384	0.1076	0.04837
SENP2	0.08236	0.20078	0.20399
SENP3	0.01035	0.01535	0.00291
SENP5	0.2157	0.38891	0.25627
SENP6	0.13386	0.2127	0.16459
SENP7	0.16515	0.26894	0.17792
SENP8	0.0081	0.05602	0.03389
SELENOF	0.91595	1.05301	1.17034
SEPHS1	0.04492	0.12686	0.11044
SEPHS2	0.12456	0.17145	0.10785
SELENON	0.05829	0.13432	0.07784
SELENOP	0.7188	0.3996	4.09252
SEPSECS	0.06161	0.07247	0.08618
SEPT1	0.09167	0.00526	0.00598
SEPT10	0.09822	0.2435	0.53023
SEPT11	0.0562	0.43459	0.01052
SEPT12	0	0.00184	0.00375
SEPT14	0.02437	0.03983	0.02271
SEPT2	0.93012	1.58428	1.6211
SEPT3	0.00471	0.19828	0.02159
SEPT4	0.01195	0.10202	3.07808
SEPT5	0.0014	0.16296	0
SEPT6	0.24795	0.142	0.0071
SEPT7	0.48591	1.37835	2.00451
SEPT7P2	0.12012	0.25498	0.13461
SEPT8	0.04381	0.3747	1.88824
SEPT9	0.06592	0.17972	0.02472
SELENOW	0.59164	1.41942	2.55397
SERAC1	0.0304	0.1075	0.18144
SERBP1	0.37957	0.62932	0.36791
SERF1A	0.01049	0.04919	0.01882
SERF1B	0.0755	0.54599	0.3089
SERF2	0.59662	0.49775	0.48584
SERGEF	0.10565	0.19713	0.05689
SERHL	0.00441	0.00362	0.01115
SERHL2	0.00286	0.00726	0.06626
SERINC1	1.08038	1.1645	1.94486
SERINC2	0.0183	0.07901	0.0038
SERINC3	0.66116	0.70089	1.43424
SERINC4	0.00823	0.01181	0.00716
SERINC5	0.12734	0.53923	0.97012
SERP1	0.91271	0.61892	0.40256
SERP2	0	0.07009	0.07636
SERPINA1	1.04393	0.00394	4e-05
SERPINA10	0.00286	0.00298	0.00146
SERPINA3	0.00725	0.21711	0.22196
SERPINA5	0	0.00274	0.01966
SERPINB1	0.76281	0.06671	0.4309
SERPINB2	0.02718	0.00634	0
SERPINB5	0.00014	0.00039	0.00059
SERPINB6	0.55725	0.50963	0.67977
SERPINB8	0.17249	0.1125	0.137
SERPINB9	1.14193	0.04199	0.0544
SERPINC1	0.00056	0.00195	0.00151
SERPIND1	0.01247	0.01365	0.01275
SERPINE1	0.28092	0.11052	0.00528
SERPINE2	0.01427	0.91851	0.15016
SERPINE3	0.00553	0.0063	0.01419
SERPINF1	0.51311	0.09376	0.02908
SERPINF2	0.03357	0.00519	0.00715
SERPING1	0.18456	0.13065	0.00441
SERPINH1	0.10323	0.32508	0.00699
SERPINI1	0.01042	0.07696	1.49699
SERPINI2	0	0.00569	0
SERTAD1	0.54942	0.40247	0.37953
SERTAD2	0.07615	0.11997	0.15201
SERTAD3	0.19151	0.15036	0.20812
SERTAD4	0	0.00573	0.01321
SERTAD4-AS1	0.00052	0.00347	0.09619
SERTM1	0	0.00053	0.00263
SESN1	0.46923	0.167	0.23671
SESN2	0.14726	0.15471	0.04718
SESN3	0.12601	0.15317	0.0363
SESTD1	0.02668	0.09228	0.1867
SET	0.81686	1.47248	0.84295
SETBP1	0.01493	0.14394	0.019
SETD1A	0.01145	0.02979	0.01972
SETD1B	0.03935	0.06	0.0169
SETD2	0.15955	0.25427	0.1532
SETD3	0.23943	0.17911	0.28705
SETD4	0.08288	0.2317	0.17587
SETD5	0.10528	0.36499	0.08654
THUMPD3-AS1	0.12541	0.28179	0.0677
SETD6	0.06477	0.12714	0.04605
SETD7	0.07569	0.0916	0.06908
KMT5A	0.03757	0.05391	0.02981
SETD9	0.06448	0.11968	0.08974
SETDB1	0.16932	0.27487	0.16876
SETDB2	0.07261	0.03843	0.04408
SETMAR	0.05719	0.15637	0.1495
SETX	0.24351	0.18373	0.20487
SEZ6	0.00965	0.18576	0.00729
SEZ6L	0.00743	0.47619	0.00456
SEZ6L2	0.00012	0.05732	0.05158
SF1	0.26707	0.40811	0.3436
SF3A1	0.16518	0.19927	0.16002
SF3A2	0.018	0.0993	0.03555
SF3A3	0.35354	0.59057	0.28606
SF3B1	1.0038	1.10422	0.86923
SF3B6	0.46392	1.02209	0.79656
SF3B2	0.27937	0.57805	0.42103
SF3B3	0.14308	0.37389	0.19021
SF3B4	0.18454	0.39079	0.23096
SF3B5	0.41958	0.70844	0.64855
SFI1	0.05555	0.10585	0.05351
SFMBT1	0.04669	0.05571	0.02319
SFMBT2	0.17866	0.02585	0.02583
SFN	0.00011	0.00177	0
SFPQ	0.17012	0.3247	0.16283
SFR1	0.09882	0.09633	0.37238
SFRP1	0.00059	0.04099	0.09212
SFRP2	0.00059	0.01653	0.00046
SFRP4	0.00156	0.093	9e-05
SFRP5	0	0.01599	0
SFSWAP	0.10769	0.20955	0.17957
SFT2D1	0.75757	0.57405	1.56412
SFT2D2	0.4265	0.32139	0.4927
SFT2D3	0.00823	0.02044	0.02048
SFTA1P	0.00026	2e-04	0
SFTA2	0	0.00067	0
SFTA3	0	0.0012	0.00018
SFTPA1	0.00062	0.00116	0
SFTPA2	0.00023	0.00115	0
SFTPB	0.01515	0.01995	0.01259
SFTPC	0.00039	0.00268	0.13386
SFTPD	0.00382	0.00248	0
SFXN1	0.12458	0.64206	0.2116
SFXN2	0.08637	0.05593	0.01605
SFXN3	0.20727	0.25625	0.46959
SFXN4	0.09811	0.18903	0.19935
SFXN5	0.02886	0.13905	0.05345
SGCA	2e-05	0.00646	0
SGCB	0.05646	0.83387	0.98532
SGCD	0.00046	0.02514	0.09791
SGCE	0.00536	0.53576	0.58913
SGCG	0.00243	0.00929	0
SGCZ	0.00035	0.0081	0.00262
SGIP1	0.00186	0.04605	0.09708
SGK1	1.9632	0.28234	1.55323
SGK2	0.00428	0.01022	0.46243
SGK3	0.24865	0.07513	0.5314
SGK494	0.06324	0.1147	0.04089
SGMS1	0.12922	0.10702	0.44672
SGMS2	0.01005	0.00722	0.02261
SGO1	0.0396	0.14681	0.04993
SGO2	0.02461	0.08329	0.02344
SGPL1	0.31097	0.30507	0.19576
SGPP1	0.07569	0.03566	0.09816
SGPP2	0.00011	0.00715	0.00014
SGSH	0.10182	0.11828	0.04723
SGSM1	0.02269	0.04034	0.0247
SGSM2	0.07477	0.14725	0.03397
SGSM3	0.21168	0.30123	0.3034
SGTA	0.21696	0.5987	0.61585
SGTB	0.10259	0.14478	0.16733
SH2B1	0.03108	0.05785	0.04417
SH2B2	0.00769	0.01702	0.00267
SH2B3	0.33291	0.05985	0.06033
SH2D1A	0.06925	0.0026	0.00133
SH2D1B	0.00355	0.00131	7e-05
SH2D2A	0.04846	0.00114	0.00033
SH2D3A	0.00362	0.00073	0.00045
SH2D3C	0.10244	0.04629	0
SH2D4A	0.03462	0.03094	0
SH2D4B	0.00079	0.00343	0
SH2D5	0.00126	0.00403	0
SH2D6	0.00105	0.00233	0.03846
SH2D7	6e-05	0.00366	0
SH3BGR	0.01246	0.14406	0.19191
SH3BGRL	1.55302	0.80685	0.79571
SH3BGRL2	0.00246	0.10083	0.06751
SH3BGRL3	1.54036	0.79993	0.90125
SH3BP1	0.03576	0.00291	0.00121
SH3BP2	0.15042	0.07512	0.01731
SH3BP4	0.01694	0.14034	0.12639
SH3BP5	0.14889	0.07665	0.53739
SH3BP5-AS1	0.07052	0.08508	0.04578
SH3BP5L	0.00544	0.01651	0.00742
SH3D19	0.0127	0.1112	0.17911
SH3D21	0.01709	0.02188	0.02688
SH3GL1	0.0577	0.12479	0.0493
SH3GL1P1	0.00413	0.00907	0.00428
SH3GL1P2	0.00321	0.0036	0.00518
SH3GL2	4e-04	0.03277	0.01048
SH3GL3	2e-05	0.0071	0.43486
SH3GLB1	0.26037	0.39972	0.43249
SH3GLB2	0.02109	0.04047	0.19239
SH3KBP1	0.41569	0.23883	0.43926
SH3PXD2A	0.01421	0.02082	0.1039
SH3PXD2B	0.03408	0.10884	0.09691
SH3RF1	0.03718	0.20338	0.20703
SH3RF2	9e-04	0.00063	0
SH3RF3	0.05466	0.02713	0.00439
SH3RF3-AS1	0.00673	0.00212	0.00012
SH3TC1	0.39858	0.00397	0
SH3TC2	0.00056	0.00274	0.16876
SH3YL1	0.10498	0.17638	0.35351
SHANK1	1e-05	0.00233	0
SHANK2	0.00024	0.02138	0.00238
SHANK2-AS1	0.013	0.02579	0.01129
SHANK2-AS3	0.02616	0.03552	0.02184
SHANK3	1e-04	0.00779	0.021
SHARPIN	0.13293	0.17643	0.12551
SHB	0.00627	0.01526	0.03502
SHBG	0	0.00374	0.00107
SHC1	0.16601	0.18333	0.03518
SHC2	0.00042	0.05736	0.00915
SHC3	0.0018	0.10076	0.00454
SHC4	0.00084	0.07232	0.14472
SHCBP1	0.04374	0.08581	0.0162
SHCBP1L	0	0.00024	2e-05
SHD	0.00016	0.15216	0.00145
SHE	0.00747	0.00481	0.00185
SHF	0.00701	0.02468	0.0086
SEM1	0.55447	1.19375	0.74081
SHH	0	0.00015	0
SHISA2	0.01745	0.0244	0.1701
SHISA3	1e-04	0.01133	0.00015
SHISA4	0.02649	0.34258	0.58243
SHISA5	0.43321	0.74065	0.49794
SHISA6	3e-05	0.00962	0
SHISA7	0.00012	0.05094	0.07054
SHISA8	0	0.00059	0
SHISA9	0.66487	0.96486	0.80363
SHKBP1	0.36829	0.15657	0.26553
SHMT1	0.31043	0.12984	0.19517
SHMT2	0.20553	0.59206	0.11552
SHOC2	0.18851	0.15568	0.12441
SHOX	0.05618	0.06944	0.05086
SHOX2	0.00031	0.0346	0
SHPK	0.06323	0.14228	0.10979
SHPRH	0.08707	0.14044	0.12907
SHQ1	0.06749	0.14271	0.1374
SHROOM1	0.02687	0.04963	0.13627
SHROOM2	4e-05	0.13839	0.02786
SHROOM3	0.00076	0.02542	0.00013
SHROOM4	0.00731	0.0881	0.6581
SI	9e-05	0.00032	0
SIAE	0.03578	0.14535	0.2252
SIAH1	0.11467	0.25681	0.22327
SIAH2	0.05553	0.06076	0.07955
SIAH3	0.00094	0.00139	4e-04
SIDT1	0.07719	0.0043	0.00242
SIDT2	0.09003	0.05456	0.05401
SIGIRR	0.1397	0.02691	0.16076
SIGLEC1	0.08154	0.00217	0
SIGLEC10	0.85103	0.04693	0.03267
SIGLEC11	0.05558	0.02041	0.01374
SIGLEC12	0.00862	7e-05	0
SIGLEC14	0.34524	0.00297	0.00079
SIGLEC15	0.00476	0.00186	0
SIGLEC16	0.02414	0.00778	0.00555
SIGLEC17P	0.01388	0.00034	8e-05
SIGLEC5	0.10957	0.00041	0
SIGLEC6	0.01728	3e-05	0
SIGLEC7	0.25271	0.00018	0
SIGLEC8	0.54004	0.0109	0.00849
SIGLEC9	0.47634	0.00024	0.00017
SIGMAR1	0.1923	0.55239	0.37272
SIK1	0.1874	0.02808	0.00656
SIK2	0.05105	0.08147	0.16462
SIK3	0.0173	0.04887	0.23907
SIKE1	0.09155	0.23201	0.13548
SIL1	0.25518	0.21166	0.35576
SIM1	0	0.00187	0
SIM2	0.00116	0.0544	0.01356
SIMC1	0.02424	0.05819	0.0342
SIN3A	0.07478	0.12078	0.05818
SIN3B	0.04178	0.11286	0.05118
SIPA1	0.14012	0.01341	0.04937
SIPA1L1	0.15102	0.19158	0.14171
SIPA1L2	0.08085	0.10737	0.03572
SIPA1L3	0.02872	0.08034	0.03569
SIRPA	0.34677	0.08416	0.21339
SIRPB1	0.07729	0.00311	0.00848
SIRPB2	0.22572	0.02186	0.01573
SIRPG	0.04022	0.00019	0.00015
SIRT1	0.11193	0.0605	0.04711
SIRT2	0.30202	0.71141	2.45087
SIRT3	0.08356	0.14579	0.13496
SIRT4	0.00506	0.03086	0.00819
SIRT5	0.06924	0.12035	0.10343
SIRT6	0.04292	0.11024	0.05243
SIRT7	0.0655	0.07519	0.07192
SIT1	0.06841	0.00055	0
SIVA1	0.44659	0.55061	0.42834
SIX1	0.00022	0.09816	0
SIX2	0	0.00164	0
SIX3	0	0.00193	0
SIX4	0.04646	0.07731	0.0436
SIX5	0.00027	0.01363	0
SIX6	0.00015	0.04796	0
SKA1	0.05854	0.11662	0.04344
SKA2	0.13116	0.64434	0.17115
SKA3	0.00475	0.08042	0.00719
SKAP1	0.0861	0.00214	0
SKAP2	0.65826	0.1727	0.1221
SKI	0.05985	0.03846	0.024
SKIDA1	0.00627	0.02216	0.00762
SKIL	0.78808	0.34786	0.18364
SKINT1L	0.004	0.01043	0
SKIV2L	0.11144	0.2005	0.14667
MTREX	0.14226	0.26858	0.2423
SKOR1	0	0.0012	0.00024
SKP1	1.08005	1.97724	2.06453
SKP2	0.12754	0.22807	0.12953
SLA	1.10084	0.01246	8e-05
SLA2	0.06332	0.02111	0.01056
SLAIN1	0.02341	0.27975	2.29034
SLAIN2	0.04969	0.1018	0.03427
SLAMF1	0.04334	7e-05	0
SLAMF6	0.05393	0.00568	0.00454
SLAMF7	0.08085	0.02937	0.01976
SLAMF8	0.15341	0.00326	0
SLAMF9	0.03561	0.00152	0.00317
SLBP	0.24517	0.48958	0.22162
SLC10A1	0.03624	0.01828	0.02527
SLC10A2	0.00105	9e-04	0.00232
SLC10A3	0.06922	0.02557	0.05342
SLC10A4	0	0.04997	0
SLC10A5	4e-04	0.00704	0
SLC10A6	0.00017	0.01252	0.00351
SLC10A7	0.08032	0.09433	0.06161
SLC11A1	0.83317	0.00337	7e-05
SLC11A2	0.3785	0.38394	0.8183
SLC12A1	0	0.00294	0
SLC12A2	0.02706	0.1494	1.01959
SLC12A3	0.00457	0.00092	0.00061
SLC12A4	0.03822	0.13258	0.0438
SLC12A5	0.00156	0.00686	3e-05
SLC12A6	0.0957	0.06258	0.0897
SLC12A7	0.06758	0.02745	0
SLC12A8	0.02506	0.0399	0.01893
SLC12A9	0.09165	0.06585	0.06818
SLC13A1	0.00239	0.00332	0.00086
SLC13A3	0.00119	0.02614	0.2696
SLC13A4	0.00126	0.00764	0.00017
SLC13A5	0.00035	0.01831	0
SLC14A1	0.0036	0.00781	0.00341
SLC14A2	0.03348	0.04193	0.02891
SLC15A1	0.01455	0.01973	0.01283
SLC15A2	0.10701	0.08359	0.0156
SLC15A3	0.15237	0.00777	0
SLC15A4	0.10887	0.06763	0.079
SLC15A5	0	0.00058	0
SLC16A1	0.11968	0.50922	0.36662
SLC16A10	0.10161	0.00644	0
SLC16A11	0	0.00298	0.00054
SLC16A12	0.00636	0.00886	0.0042
SLC16A13	0.02278	0.01599	5e-04
SLC16A14	0.00074	0.11026	0.00051
SLC16A2	0.00025	0.12136	0.01137
SLC16A3	0.35174	0.02037	0.00933
SLC16A4	0.02636	0.10077	0.02651
SLC16A5	0.0323	0.00077	0
SLC16A6	0.0539	0.01511	0.00214
SLC16A7	0.023	0.03073	0.04337
SLC16A8	0.00144	0.00466	0.01374
SLC16A9	0.00038	0.06565	0
SLC17A1	0	0.00198	0
SLC17A3	0	0.00443	0
SLC17A4	1e-05	0.00063	0
SLC17A5	0.17658	0.09751	0.15636
SLC17A6	1e-04	0.01941	5e-05
SLC17A7	0	0.00133	0
SLC17A8	0.00039	0.01526	0.00025
SLC17A9	0.1584	0.00111	0
SLC18A1	0.00368	0.01757	0
SLC18A2	0.04872	0.03327	0.0705
SLC18A3	0	0.01092	0
SLC18B1	0.28286	0.28871	0
SLC19A1	0.12793	0.15258	0.01056
SLC19A2	0.13503	0.13928	0.03978
SLC19A3	0.00219	0.01747	0.00252
SLC1A1	0.00119	0.15283	0.00643
SLC1A2	0.00739	0.34577	0.00688
SLC1A3	1.10414	1.17042	0.75923
SLC1A4	0.10765	0.06464	0.04253
SLC1A5	0.44428	0.10012	0.00662
SLC1A6	0.00233	0.02857	3e-05
SLC1A7	1e-05	0.00275	0.00133
SLC20A1	0.33124	0.40533	0.25841
SLC20A2	0.07468	0.19489	0.48663
SLC22A1	0.00198	0.00212	0
SLC22A10	0	0.00022	0
SLC22A11	0	0.00041	0
SLC22A12	0	0.00161	0
SLC22A13	0.00182	0.00356	0.00016
SLC22A14	0.00025	0.00142	0
SLC22A15	0.01335	0.00878	0.124
SLC22A16	0.00218	0.00031	0
SLC22A17	0.00164	0.23854	0.36636
SLC22A18	0.16164	0.06301	0.01275
SLC22A18AS	0.00504	0.00157	0
SLC22A20P	0.00263	0.00336	0.00198
SLC22A23	0.02076	0.07108	0.23897
SLC22A3	0	0.0098	0
SLC22A31	0.00037	0.00028	0
SLC22A4	0.02321	0.0328	0.03751
SLC22A5	0.01828	0.06536	0.03104
SLC22A6	0	0.00032	6e-05
SLC22A7	0.00012	0.00199	9e-05
SLC22A9	0.00256	0.00289	0.00289
SLC23A1	0.00459	0.00659	0.00167
SLC23A2	0.13775	0.22007	0.39717
SLC23A3	0.002	0.00611	0.00232
SLC24A1	0.03574	0.02357	0.02114
SLC24A2	0.00238	0.03261	1.13624
SLC24A3	0.00038	0.04714	4e-04
SLC24A4	0.03368	0.02597	0.01227
SLC24A5	6e-04	0.01832	0.00391
SLC25A1	0.10664	0.22495	0.15266
SLC25A10	0.01011	0.03375	0.04704
SLC25A11	0.32022	0.55122	0.58667
SLC25A12	0.06795	0.19332	0.12988
SLC25A13	0.10082	0.25729	0.421
SLC25A14	0.04403	0.1504	0.1069
SLC25A15	0.05927	0.10146	0.04454
SLC25A16	0.05493	0.06402	0.06716
SLC25A17	0.06181	0.28653	0.20827
SLC25A18	0.00132	0.10649	0.08237
SLC25A19	0.43953	0.11976	0.07881
SLC25A2	0.00216	0.00604	0
SLC25A20	0.06229	0.13023	0.10537
SLC25A21	0	0.00084	0.00242
SLC25A22	0.01634	0.12128	0.00799
SLC25A23	0.00279	0.04639	0.05098
SLC25A24	0.16128	0.07271	0.03512
SLC25A25	0.12955	0.30189	0.01519
SLC25A26	0.09591	0.14425	0.15531
SLC25A27	0.01182	0.0599	0.14584
SLC25A28	0.08419	0.06609	0.08728
SLC25A29	0.04699	0.12052	0.10363
SLC25A3	1.78635	2.03733	1.62601
SLC25A30	0.0318	0.02139	0.00352
SLC25A31	0	0.00257	0
SLC25A32	0.27898	0.35016	0.32989
SLC25A33	0.03833	0.06474	0.0474
SLC25A34	0.03361	0.04932	0.02374
SLC25A35	0.02552	0.0257	0.02043
SLC25A36	0.19283	0.40727	0.23336
SLC25A37	0.42453	0.15498	0.0485
SLC25A38	0.12793	0.28326	0.15378
SLC25A39	0.48878	0.57072	0.46722
SLC25A4	0.07668	0.65366	0.75806
SLC25A40	0.09064	0.17774	0.06888
SLC25A41	1e-04	0.00125	0
SLC25A42	0.01103	0.04244	0.01525
SLC25A43	0.02105	0.04241	0.00211
SLC25A44	0.12439	0.2529	0.31681
SLC25A45	0.09548	0.04019	0.03447
SLC25A46	0.20252	0.31343	0.32958
SLC25A47	0.00059	0.00125	0.00478
SLC25A48	0.00118	0.00309	0.08857
SLC25A5	1.47237	1.45268	1.38399
SLC25A5-AS1	0.01926	0.01858	0.0042
SLC25A51	0.09661	0.15308	0.12294
SLC25A51P1	0.00017	0.00057	0
SLC25A52	0.00097	0.00142	0
SLC25A53	0.01137	0.03628	0.01526
SLC25A6	1.63979	1.80915	1.27763
SLC26A1	0.02174	0.02638	0.01118
SLC26A10	1e-05	0.1018	0.01036
SLC26A11	0.05205	0.17324	0.05978
SLC26A2	0.12691	0.12369	0.05449
SLC26A3	6e-05	7e-04	0
SLC26A4	0.01345	0.02045	0.01258
SLC26A4-AS1	2e-05	0.00381	9e-05
SLC26A5	0.00128	0.00294	0.00094
SLC26A6	0.06576	0.06688	0.04113
SLC26A7	0.00129	0.02027	0
SLC26A8	0.00271	0.00059	0
SLC26A9	0	0.00089	0.03303
SLC27A1	0.15476	0.20322	0.4964
SLC27A2	0.00558	0.00363	2e-05
SLC27A3	0.02112	0.05819	0.01239
SLC27A4	0.03624	0.05602	0.13387
SLC27A5	0.0109	0.03751	0.02144
SLC27A6	0.00012	0.00481	0.02311
SLC28A1	0.00538	0.00141	0.00014
SLC28A2	0.04409	0.05411	0.04116
SLC28A3	0.00103	0.00097	0
SLC29A1	0.61816	0.15986	0.03453
SLC29A2	0.00421	0.02821	0.00035
SLC29A3	0.28474	0.0302	0.06341
SLC29A4	0.00207	0.08502	0
SLC2A1	0.07543	0.19584	0.19261
SLC2A1-AS1	0.00223	0.00603	0.01472
SLC2A10	0.00501	0.09418	0.00166
SLC2A11	0.02665	0.05284	0.06632
SLC2A12	0.00409	0.02284	0.02518
SLC2A13	0.02252	0.10636	0.00659
SLC2A14	0.01198	0.00378	0.00238
SLC2A2	0	0.00097	0.00323
SLC2A3	0.73108	0.25402	0.03869
SLC2A4	0.00852	0.01249	0.00724
SLC2A4RG	0.00761	0.02102	0.00268
SLC2A5	0.89428	0.00761	0
SLC2A6	0.04347	0.14077	0.11821
SLC2A8	0.11806	0.11523	0.12084
SLC2A9	0.16548	0.0132	0.00798
SLC30A1	0.03063	0.02759	0.01187
SLC30A10	0	0.00983	0
SLC30A2	0	0.00449	0
SLC30A3	0.00076	0.02696	0
SLC30A4	0.01936	0.02081	0.04021
SLC30A5	0.07764	0.15183	0.06103
SLC30A6	0.10626	0.12265	0.07988
SLC30A7	0.19696	0.19474	0.06653
SLC30A8	0.00145	0.00296	0.00097
SLC30A9	0.22549	0.53649	0.37024
SLC31A1	0.23551	0.2263	0.09022
SLC31A2	0.61916	0.05119	2.22687
SLC32A1	7e-05	0.01357	0
SLC33A1	0.17265	0.22245	0.19662
SLC34A2	9e-05	0.00199	5e-05
SLC34A3	2e-05	0.00036	0
SLC35A1	0.16578	0.28469	0.25647
SLC35A2	0.11178	0.14027	0.13956
SLC35A3	0.09144	0.14691	0.12017
SLC35A4	0.265	0.44008	0.33307
SLC35A5	0.15544	0.33683	0.74516
SLC35B1	0.25511	0.64879	0.44297
SLC35B2	0.23389	0.64405	0.71058
SLC35B3	0.12365	0.14498	0.14599
SLC35B4	0.08972	0.23858	0.19096
SLC35C1	0.04676	0.05889	0.05639
SLC35C2	0.16145	0.26993	0.18126
SLC35D1	0.0547	0.11855	0.06687
SLC35D2	0.04479	0.05911	0.22361
SLC35D3	0.0014	0.00296	0
SLC35E1	0.08991	0.1364	0.04512
SLC35E2A	0.09778	0.25289	0.14492
SLC35E2B	0.10148	0.27782	0.1699
SLC35E3	0.16186	0.39306	0.33722
SLC35E4	0.01565	0.02956	0.07703
SLC35F1	0.01457	0.42438	0.02114
SLC35F2	0.06848	0.10406	0.00339
SLC35F3	0.0023	0.00066	0.01842
SLC35F4	0.00098	0.0068	0.00216
SLC35F5	0.13939	0.29244	0.13741
SLC35F6	0.47593	0.55604	0.56297
SLC35G1	0.00156	0.00991	2e-05
SLC35G2	0.01066	0.26031	0.0611
SLC35G3	0.00488	0.00958	0.00218
SLC35G5	0.00419	0.01329	0.00085
SLC35G6	0.00469	0.0145	0.00143
SLC36A1	0.08749	0.06824	0.06715
SLC36A2	0.02443	0.0311	0.02127
SLC36A3	0.00194	0.00061	0
SLC36A4	0.06365	0.13504	0.07693
SLC37A1	0.07378	0.06031	0.00046
SLC37A2	0.37592	0.12352	0.08599
SLC37A3	0.01363	0.34863	0.10964
SLC37A4	0.20548	0.17632	0.07388
SLC38A1	0.10537	0.42851	0.11951
SLC38A10	0.22674	0.18587	0.15362
SLC38A11	0.00088	0.00063	0
SLC38A2	0.66593	0.65491	1.32229
SLC38A3	0.0018	0.15417	0.11809
SLC38A4	0.00631	0.00768	0.00466
SLC38A5	0.01047	0.02676	0.00057
SLC38A6	0.12246	0.18069	0.06809
SLC38A7	0.10319	0.14506	0.1424
SLC38A8	0	0.00084	0
SLC38A9	0.16263	0.12893	0.19201
SLC39A1	0.59047	0.57698	0.45652
SLC39A10	0.13104	0.24834	0.01847
SLC39A11	0.18133	0.09754	0.31772
SLC39A12	0.00024	0.00242	0
SLC39A13	0.13119	0.22112	0.22533
SLC39A14	0.03178	0.20684	0.01875
SLC39A2	0	0.00208	0.00356
SLC39A3	0.17294	0.47687	0.30799
SLC39A4	0.04078	0.01887	0.00477
SLC39A5	0.00089	0.00188	0.00025
SLC39A6	0.12349	0.69183	0.44169
SLC39A7	0.04474	0.16355	0.05032
SLC39A8	0.07814	0.03802	0.00658
SLC39A9	0.1499	0.28785	0.17012
SLC3A1	0.00174	0.00301	0.00193
SLC3A2	0.84955	1.11826	0.53243
SLC40A1	0.45275	0.14451	0.00184
SLC41A1	0.04424	0.17044	0.14328
SLC41A2	0.04542	0.14071	0.03345
SLC41A3	0.11157	0.27691	0.14104
SLC43A1	0.03877	0.02205	0.00054
SLC43A2	0.24725	0.10779	0.01878
SLC43A3	0.29809	0.25724	0.00178
SLC44A1	0.04878	0.21606	1.23923
SLC44A2	0.195	0.46296	0.49137
SLC44A3	0	0.02017	0.0143
SLC44A4	0.01112	0.01386	0.01
SLC44A5	0.00233	0.07369	0.0073
SLC45A1	0.00414	0.05596	0.1091
SLC45A2	0.00132	0.00592	0.00099
SLC45A3	0.00637	0.00468	0.22059
SLC45A4	0.00724	0.00429	0
SLC46A1	0.07676	0.0822	0.06678
SLC46A2	0.01781	0.00406	0.00754
SLC46A3	0.22269	0.04559	0.07376
SLC47A1	0.02795	0.03109	0.01113
SLC47A2	0.00088	0.01052	0.00166
SLC48A1	0.12956	0.30357	2.0815
SLC4A1	0.0119	0.01172	0.00956
SLC4A10	0.00236	0.03856	9e-05
SLC4A11	0.00245	0.02315	0.00704
SLC4A1AP	0.12392	0.23543	0.26561
SLC4A2	0.06704	0.1376	0.20943
SLC4A3	0.00125	0.14159	0.0061
SLC4A4	0.00566	0.14837	0
SLC4A5	0.04438	0.03348	0.0308
SLC4A7	0.27562	0.13926	0.01697
SLC4A8	0.05217	0.25775	0.20761
SLC4A9	4e-05	0.00371	0.02754
SLC50A1	0.29075	0.14768	0.10893
SLC51A	0.00265	0.00165	9e-05
SLC51B	0	0.00143	0
SLC52A1	0.01383	0.01502	0.00972
SLC52A2	0.05955	0.11615	0.05388
SLC52A3	7e-05	0.00034	0
SLC5A1	5e-05	0.00047	0
SLC5A10	0.0015	0.0012	0.00019
SLC5A11	0.00098	0.00201	0.85745
SLC5A12	1e-05	0.00342	0.00136
SLC5A2	0.00062	0.00189	0.00039
SLC5A3	0.08668	0.09771	0.01022
SLC5A4	0.00022	0.00209	0.00043
SLC5A5	0.0345	0.04687	0.03309
SLC5A6	0.10291	0.23989	0.11093
SLC5A7	0	0.00026	0
SLC5A8	0	0.00069	0
SLC5A9	0.01034	0.01917	0.00323
SLC6A1	0.00117	0.09792	0.38503
SLC6A1-AS1	0	0.01644	0.0278
SLC6A10P	0.00088	0.0057	0.00912
SLC6A11	0.00094	0.03431	0
SLC6A12	0.01475	0.00586	0.09374
SLC6A13	0.00276	0.00743	0.00598
SLC6A14	0.00362	0.00477	0.0056
SLC6A15	0.00048	0.01669	0.22894
SLC6A16	0.0115	0.0062	0.00125
SLC6A17	0.00054	0.00165	0
SLC6A19	0.00012	0.00028	0.00011
SLC6A2	7e-05	0.00168	0.00082
SLC6A20	0.00944	0.01751	0.00743
SLC6A3	0.00028	0.00073	0
SLC6A4	0.03813	0.04871	0.03667
SLC6A5	0	5e-04	6e-05
SLC6A6	0.17287	0.08477	0.33767
SLC6A7	0.00258	2e-04	0
SLC6A8	0.0157	0.09163	0.15233
SLC6A9	0.00138	0.17492	0.57738
SLC7A1	0.03035	0.1245	0.07352
SLC7A10	0	0.00115	0
SLC7A11	0.01364	0.05279	0.01576
SLC7A11-AS1	0.00152	0.00391	0.00244
SLC7A14	0.01162	0.02094	0.22337
SLC7A2	0.00019	0.01209	0.00344
SLC7A3	0	0.05952	0.00034
SLC7A4	0.00118	0.00527	0
SLC7A5	0.25959	0.11778	0.00709
SLC7A5P1	0.03168	0.02766	0.00572
SLC7A5P2	0.13715	0.10076	0.10751
SLC7A6	0.14524	0.13579	0.05654
SLC7A6OS	0.1007	0.13166	0.08557
SLC7A7	0.78101	0.00653	0.00123
SLC7A8	0.2775	0.03411	0.06356
SLC7A9	0.00479	0.01054	8e-05
SLC8A1	0.21811	0.11072	0.00034
SLC8A1-AS1	0.05682	0.03223	0
SLC8A2	0.00028	0.00361	0.00425
SLC8A3	2e-05	0.0296	0.00305
SLC9A1	0.02215	0.02546	0.00906
SLC9A2	6e-05	0.00127	3e-04
SLC9A3	0.00034	0.00105	0.00044
SLC9A3R1	0.13746	0.15041	0.3543
SLC9A3R2	0.00147	0.00713	0.0097
SLC9A4	0.0378	0.06633	0.0543
SLC9A5	0.00509	0.0176	0.00326
SLC9A6	0.06961	0.10043	0.13718
SLC9A7	0.04665	0.06142	0.01141
SLC9A7P1	0.04878	0.00537	0.00162
SLC9A8	0.06395	0.10149	0.09498
SLC9A9	0.3787	0.07349	0.36492
SLC9A9-AS1	0.00854	0.00074	0
SLC9B1	0.0081	0.03168	0.05867
SLC9B2	0.0151	0.1028	0.07503
SLC9C1	0	0.00171	0.00011
SLC9C2	5e-05	0.0015	0
SLCO1A2	0.0064	0.02021	0.48504
SLCO1B1	0.00029	0.00055	0.0016
SLCO1B3	7e-05	0.00045	0.00016
SLCO1B7	0	0.00128	0
SLCO1C1	0.00119	0.0681	0
SLCO2A1	5e-05	0.01418	0
SLCO2B1	1.46349	0.00077	0
SLCO3A1	0.01034	0.0139	0.3586
SLCO4A1	0.04361	0.06149	0.00548
SLCO4C1	0.00365	0.00149	0.0083
SLCO5A1	7e-05	0.02356	0.00072
SLCO6A1	0.00031	0.00079	0.00834
SLFN11	0.10099	0.05925	0.00294
SLFN12	0.06504	0.01379	0.00012
SLFN12L	0.01885	0.00037	0
SLFN13	0.02657	0.01097	0.00305
SLFN14	0.00114	0.00023	0
SLFN5	0.14355	0.03037	0.08378
SLFNL1	0.00598	0.01164	0.01031
SLIRP	0.26491	0.48767	0.71049
SLIT1	0.00224	0.19382	0.00238
SLIT2	0.00135	0.0157	0.00845
SLIT3	0.00075	0.00412	0.00013
SLITRK1	0.00074	0.13518	0.29552
SLITRK2	0.00109	0.29451	0.18894
SLITRK3	0.00068	0.22502	0.00403
SLITRK4	0.00425	0.02311	0.00103
SLITRK5	2e-05	0.01602	0.00017
SLITRK6	0.00065	0.01408	0
SLK	0.04533	0.04239	0.06631
SLMAP	0.05333	0.11145	0.08302
PRELID3A	0.01657	0.06621	0.09289
PRELID3B	0.31971	0.60704	0.41142
SLN	0.00125	0.04034	0
SLPI	0.01203	0.03805	0
SLTM	0.26665	0.37408	0.41187
SLU7	0.27704	0.36407	0.39035
SLX1A	0.30771	0.23609	0.29236
SLX1A-SULT1A3	0.03058	0.04265	0.03609
SLX1B	0.30771	0.23609	0.29236
SLX1B-SULT1A4	0.03058	0.04265	0.03609
SLX4	0.0144	0.04347	0.03576
SLX4IP	0.04649	0.0742	0.03676
SMAD1	0.00323	0.12813	0.01469
SMAD2	0.11159	0.18559	0.15568
SMAD3	0.03189	0.05731	0.00091
SMAD4	0.04407	0.11693	0.06626
SMAD5	0.09661	0.27435	0.12105
SMAD5-AS1	0.00156	0.00781	0.00635
SMAD6	0.00736	0.00224	7e-05
SMAD7	0.15733	0.02108	0.06598
SMAD9	0.01128	0.13507	0.08775
SMAGP	0.05205	0.05103	0.0147
SMAP1	0.16791	0.3372	0.19877
SMAP2	0.40394	0.0665	0.04792
SMARCA1	0.07311	0.35861	0.10363
SMARCA2	0.14063	0.10199	0.05561
SMARCA4	0.10628	0.49018	0.17718
SMARCA5	0.2148	0.45965	0.41764
SMARCAD1	0.09498	0.27156	0.14699
SMARCAL1	0.08318	0.11443	0.12138
SMARCB1	0.20811	0.56013	0.27224
SMARCC1	0.06622	0.21849	0.06913
SMARCC2	0.18872	0.40459	0.21907
SMARCD1	0.03326	0.27811	0.13502
SMARCD2	0.04123	0.0411	0.0361
SMARCD3	0.01187	0.13512	0.01317
SMARCE1	0.30423	0.85973	0.4421
SMC1A	0.10605	0.25341	0.133
SMC1B	0.00669	0.00169	0.00234
SMC2	0.05238	0.16453	0.10302
SMC3	0.16719	0.40164	0.37238
SMC4	0.10098	0.27389	0.06075
SMC5	0.12458	0.2028	0.08777
SMC6	0.05652	0.16357	0.07784
SMCHD1	0.10736	0.10745	0.0716
SMCR5	0.0206	0.10084	0.04364
SMCR8	0.10665	0.06301	0.04763
PPP4R3A	0.12339	0.14535	0.07363
SMG1	0.15057	0.16527	0.13327
SMG1P1	0.47632	0.36627	0.34037
SMG5	0.1086	0.22406	0.30381
SMG6	0.07254	0.15912	0.08899
SMG7	0.08489	0.19795	0.18867
SMG7-AS1	0.00304	0.00775	0.00169
SMG8	0.05418	0.11598	0.05353
SMG9	0.07717	0.15979	0.1137
SMIM1	0.0082	0.00071	0.01865
SMIM10	0.00352	0.02912	0.00888
SMIM11A	0.07595	0.2055	0.17975
SMIM12	0.15925	0.21012	0.19847
SMIM13	0.01575	0.03301	0.02816
SMIM14	0.31248	0.45524	0.6275
SMIM15	0.2611	0.42931	0.34972
SMIM17	0.047	0.0973	0.04838
SMIM18	0.02086	0.12701	0.01069
SMIM3	0.40293	0.33534	0.00426
SMIM4	0.05223	0.07669	0.05382
SMIM5	0.01215	0.0221	0.25861
SMIM6	0.00441	0.0029	0.16628
SMIM7	0.37204	0.64519	0.50078
SMIM8	0.03857	0.14075	0.08361
SMKR1	0.00126	0.02048	0
SMLR1	0.0137	0.00569	0
SMN1	0.14148	0.37718	0.1951
SMN2	0.16828	0.327	0.19047
SMNDC1	0.17974	0.20049	0.19972
SMO	0.00122	0.03422	1e-04
SMOC1	0.00139	0.19103	0.1119
SMOC2	4e-05	0.02799	0
SMOX	0.05082	0.27945	0.12727
SMPD1	0.02804	0.05858	0.15625
SMPD2	0.06127	0.03912	0.06838
SMPD3	0.01194	0.04205	0.00112
SMPD4	0.10027	0.25899	0.22936
SMPDL3A	0.20697	0.08317	0.11179
SMPDL3B	0.00382	0.00206	0.0029
SMPX	0	0.00066	0
SMS	0.55939	0.76674	0.07762
SMTN	0.0134	0.06037	0.01695
SMTNL1	0.00507	0.01232	0.00686
SMTNL2	9e-04	0.00084	0
SMU1	0.28203	0.35947	0.35806
SMUG1	0.13524	0.25933	0.2002
SMURF1	0.03915	0.05458	0.03784
SMURF2	0.08054	0.07684	0.02211
SMYD1	0	0.00107	0.00205
SMYD2	0.11378	0.21866	0.05016
SMYD3	0.12146	0.23516	0.07514
SMYD4	0.11342	0.15126	0.09454
SMYD5	0.05617	0.17508	0.11705
SNAI1	0.06005	0.01741	0.04424
SNAI2	0.00057	0.04373	0.00025
SNAI3	0.08972	0.005	0.00124
SNAI3-AS1	0.01824	0.01471	0.01042
SNAP23	0.60356	0.2481	0.3328
SNAP25	3e-05	0.2646	0.01843
SNAP25-AS1	2e-05	0.00898	0
SNAP29	0.18836	0.20715	0.24193
SNAP47	0.07014	0.26566	0.15146
SNAP91	0.00115	0.05698	0.02703
SNAPC1	0.16993	0.13195	0.0965
SNAPC2	0.08663	0.17312	0.16378
SNAPC3	0.08494	0.21264	0.15734
SNAPC4	0.02291	0.04741	0.01822
SNAPC5	0.07313	0.09549	0.08792
SNAPIN	0.34482	0.67046	0.61519
SNCA	0.30544	0.03375	0.63287
SNCAIP	0.00552	0.1595	0.00388
SNCB	0.00026	0.01892	0
SNCG	0.00203	0.00165	0
SND1	0.38785	0.55921	0.41819
SNED1	0.00345	0.01566	0.00357
SNF8	0.04529	0.11797	0.08454
SNHG1	0.59004	0.89533	0.39253
SNHG10	0.05832	0.23192	0.0681
SNHG11	0.08655	0.27097	0.23324
SNHG12	0.41737	0.19707	0.1045
SNHG15	0.24571	0.36385	0.21765
SNHG16	0.3704	0.76999	0.13914
SNHG3	0.26922	0.33531	0.08532
SNHG5	0.91574	0.56354	0.36169
SNHG6	0.50808	0.70843	0.4746
SNHG7	0.08065	0.16239	0.09974
SNHG8	0.63215	0.55721	0.29471
SNHG9	0.0512	0.13912	0.10334
SNIP1	0.09405	0.13085	0.10015
SNN	0.09354	0.22553	0.05291
SNORA1B	0.04219	0.0101	0.00338
SNORA10	0.01268	0.03252	0.01554
RF00614	0.00105	0.0066	0.00384
SNORA11B	0.00284	0.00198	0.00702
SNORA11D	0	0.02389	0
SNORA11E	0	0.02051	0.0018
RF00586	0.00892	0.0191	0
SNORA13	0.00594	0.00425	0.00532
SNORA14A	0.00204	0.00325	0
SNORA14B	0.00107	0.01094	0
SNORA15B-2	0.00421	0.0199	0
RF00560	0.00033	0.00045	0.00253
RF00425	0.00843	0.02387	0.01498
SNORA19	0.01042	0.01131	0.00629
RF00401	0.01308	0.01132	0.00663
SNORA21	0.02302	0.01813	0.00732
RF00414	0.00454	0.01565	0.00896
SNORA23	0.00568	0.00421	0.0029
SNORA24B	0.04824	0.01148	0
RF00402	0.02568	0.03637	0.02764
RF00568	0.00939	0.01587	0.00778
RF00443	0.0153	0.0132	0.00991
SNORA28	0.01323	0.01453	0.01686
SNORA29	0.04823	0.0274	0.02431
SNORA2B	0.00043	0.00183	0.0013
SNORA3A	0.01461	0.01903	0.00177
RF00415	0.00501	0.00555	0
SNORA31	0.02367	0.01106	0.00075
RF00421	0.00614	0.00866	0.00717
SNORA33	0.03518	0.02951	0.01546
SNORA2C	0.00165	0.00282	0
SNORA36A	0.01058	0.00296	0
SNORA36B	0	0.00149	0
SNORA37	0	0.002	0
SNORA38	0.00221	0.00305	0
RF00394	0.04304	0.04846	0.03426
SNORA40B	0.03689	0.04901	0.03683
SNORA41	0.00727	0.01272	0.01849
RF00406	0.00472	0.02458	0
RF00405	0.0674	0.0209	0.02623
SNORA3B	0.01354	0.01359	0
SNORA46	0.01087	0.02017	0.00745
SNORA47	0.00028	0.00134	0
SNORA48	0.0805	0.04879	0.02267
SNORA50A	0.0087	0.01511	0.00186
RF00432	0.00925	0.02548	0.01416
SNORA52	0.00465	0.00805	0.00711
SNORA53	0.01876	0.01247	0.00456
SNORA54	0.00207	0.00643	0.00556
SNORA55	0.00465	0.003	0
SNORA56	0.06293	0.01009	0
SNORA57	0.01215	0.01347	0.00849
RF00418	0.00708	0.04203	0.00918
SNORA59A	0.00313	0.0086	0.00486
SNORA59B	0.00313	0.0086	0.00486
SNORA5A	0.00148	0.01091	0.00689
SNORA5B	0.00059	0.00108	0
SNORA5C	0.00153	0.0054	0.00175
SNORA6	0.02209	0.03131	0.03317
RF00091	0.01353	0.01986	0.0136
RF00092	0.07627	0.10453	0.07558
RF00264	0.00694	0.01261	0
SNORA65	0.00284	0.00721	0.0128
SNORA66	0.01862	0.03498	0.02847
RF00272	0.12152	0.13092	0.04336
SNORA68B	0.01107	0.00928	0
RF00156	0.31128	0.26514	0.14115
SNORA70B	0.00489	0.00728	0.01819
SNORA70E	0	0.00334	0.01964
SNORA70G	0.07137	0.04477	0.01097
SNORA71A	0.0023	0.00319	0
SNORA71B	0.0148	0.03192	0.01107
SNORA71C	0.00294	0.00409	0
SNORA71D	0.00683	0.00689	0.00328
RF00139	0.00878	0.02131	0.0159
SNORA74A	0.0041	0.00413	0
SNORA74B	0.00535	0.00636	0.00909
SNORA75B	0.01803	0.0159	0.01122
RF00598	0.00293	0.00275	0
RF00599	0.00265	0.01686	0.00663
SNORA79	0.0034	0.00088	0.0032
SNORA7A	0.00563	0.01322	0.00464
SNORA7B	0.00439	0.00571	0.00034
RF00393	0.02504	0.02963	0.02605
SNORA80A	0.00115	0.00707	0
SNORA80B	0.00091	0.00607	0
SNORA81	0.07891	0.06987	0.02886
SNORA84	0.01825	0.02923	0.0066
RF00411	0.01594	0.01337	0.02114
SNORD10	0.13864	0.10775	0.04254
SNORD100	0.00906	0.00486	0
SNORD101	0.00597	0.00122	0
SNORD102	0.00611	0.0033	0.01131
SNORD104	0.01494	0.00577	0.00705
SNORD105	0.00283	0.00197	0
SNORD109B	0	0.0025	0
SNORD11	0.00785	0.00441	0
SNORD110	0	0.00415	0
SNORD113-4	0	0.00515	0
SNORD113-7	0	0.00159	0
SNORD114-1	0	0.00256	0
SNORD114-3	0	0.00195	0
SNORD116-12	0.00337	0.00507	0
SNORD116-13	0.00309	0.02033	0.00283
SNORD116-14	0.00067	0.00881	0
SNORD116-15	0.00067	0.01014	0
SNORD116-16	0.00015	0.00151	0
SNORD116-17	0.00151	0.02071	0
SNORD116-18	0.00308	0.01329	0
SNORD116-19	0.00151	0.02071	0
SNORD116-2	0	0.00164	0
AC124312.3	0.00142	0.01905	0
SNORD116-23	0.00015	0.00246	0
SNORD116-24	0.00015	0.0053	0
SNORD116-25	0	0.0036	0.00676
SNORD116-26	0.00091	0.0043	0.0013
SNORD116-27	0	0.00158	0
SNORD116-3	0	0.0013	0.00063
SNORD116-5	0.00066	0.00102	0.00063
SNORD116-7	0.00066	0.00102	0.00063
SNORD116-9	0	0.0013	0.00063
SNORD117	0.00134	0.00317	0.0075
SNORD11B	0.00326	0.00545	0
SNORD12	0.00538	0.0038	0
SNORD121B	0.00279	0.00212	0
SNORD124	0	0.00379	0
SNORD12B	0.00517	0.00346	0
SNORD12C	0.01238	0.00636	0
SNORD15A	0.00506	0.00239	0.00376
SNORD15B	0.00823	0.0073	0.0018
SNORD16	0.00423	0.00638	0.00499
SNORD17	0.02933	0.03361	0.00485
SNORD19B	0.00047	0.00452	0.00322
RF01299	0.00333	0.005	0
SNORD20	0.00062	0.00349	0.00206
SNORD21	0.0027	0.00339	0.00524
RF00603	0.00236	0.0032	0
SNORD24	0.0017	0.0026	0
RF00086	0.01682	0.01416	0.00393
SNORD28B	0.00609	0.00909	0.01075
RF00070	0.00526	0.00448	0
SNORD31B	0.01519	0.00537	0
SNORD32A	0.02441	0.02828	0.02091
SNORD33	0.00076	0.00515	0.00512
SNORD34	0	0.00461	0.01321
SNORD35A	0.00425	0.01607	0.00959
SNORD35B	0.01757	0.0198	0.0067
SNORD36A	0.009	0.01052	0.00119
SNORD36B	0.00115	0.00256	0
SNORD36C	0.00584	0.00388	0
SNORD38A	0.00895	0.00401	0
SNORD38B	0.00147	0.00424	0
SNORD42A	0.0017	0.00677	0
SNORD42B	0.00497	0.00293	0
RF00287	0.00311	0.00508	0
SNORD45A	0.01211	0.01419	0.00466
SNORD45B	0.00443	0.00463	0
SNORD45C	0.00139	0.00464	0.00679
SNORD46	0.00167	0.00991	0.00807
SNORD4A	0.00243	0.00227	0
SNORD4B	0.00343	0.00126	0
RF01161	0.00107	0.00185	0
SNORD52	0.00161	0.0015	0
SNORD54	0.00103	0.00339	0
SNORD55	0.00522	0.00948	0
RF00275	0.0011	0.00316	0.00393
SNORD56B	0.011	0.00399	0.0031
SNORD57	0.00081	0.00549	0
SNORD58B	0	0.00251	0
SNORD58C	0.01451	0.01027	0
SNORD59A	0.00432	0.00472	0.00396
SNORD6	0.00182	0.00142	0
RF00271	0.00257	0.00735	0.00535
SNORD62A	0.01128	0.01338	0
SNORD62B	0.01128	0.01338	0
SNORD63	0.0151	0.01158	0.00538
RF00570	0	0.00235	0
RF00571	0.00075	0.0016	0.00757
SNORD67	0	0.00208	0.00806
SNORD68	0.00426	0.0075	0.01445
SNORD69	0.0028	0.00595	0.00678
RF00575	0	0.00231	0
SNORD71	0.00552	0.00143	0
RF00284	0.00509	0.00164	0
RF00591	0.01328	0.00998	0.02005
RF00592	0.00513	0.00122	0
RF00152	0.00538	0.01227	0.00638
SNORD8	0.00193	0.01019	0
SNORD83A	0.00833	0.00435	0
SNORD83B	0.00578	0.01098	0
SNORD84	0.00747	0.01259	0
SNORD86	0.00076	0.01231	0.00108
SNORD87	0.00166	0.00687	0
SNORD88B	0.00141	0.00574	0.00785
SNORD89	0.03582	0.00741	0.00776
SNORD90	0.00038	0.00235	0
SNORD91A	0.00051	0.00218	0
SNORD94	0.0036	0.00796	0.00705
RF00189	0.0015	0.00309	0
SNORD96A	0.00216	0.00545	0.00399
SNORD97	0.00598	0.00849	0.0052
SNORD99	0.02798	0.01548	0.01589
SNPH	0.00734	0.04981	0.00129
SNRK	0.13926	0.19104	0.02746
SNRK-AS1	0.00743	0.02191	0.00086
SNRNP200	0.3563	0.70409	0.31879
SNRNP25	0.12033	0.44361	0.09869
SNRNP27	0.30448	0.69413	0.56693
SNRNP35	0.118	0.21524	0.26911
SNRNP40	0.24061	0.55054	0.31037
SNRNP48	0.07113	0.07305	0.07087
SNRNP70	0.08643	0.20785	0.13015
SNRPA	0.14813	0.31287	0.06802
SNRPA1	0.35862	0.64217	0.26306
SNRPB	0.79278	1.23357	0.5744
SNRPB2	0.26581	0.55034	0.36406
SNRPC	0.322	0.74207	0.51777
SNRPD1	0.26007	0.71698	0.43611
SNRPD2	0.63282	1.16629	0.53706
SNRPD2P2	4e-05	0.00136	0
SNRPD3	0.27636	0.55824	0.39202
SNRPE	0.24714	0.78856	0.29552
SNRPF	0.27836	0.71178	0.31356
SNRPG	0.52282	1.27689	0.57863
SNRPN	0.33645	0.75149	0.87528
SNTA1	0.00701	0.01436	0.01049
SNTB1	0.0301	0.02226	0
SNTB2	0.03168	0.06465	0.02389
SNTG1	0.00067	0.20654	0.00514
SNTG2	0	0.00519	0
SNTN	0.03302	0.04221	0.03052
SNUPN	0.09438	0.25511	0.18843
AC124312.1	0.35187	0.77404	0.88548
SNW1	0.30993	0.43548	0.4706
SNX1	0.23095	0.31264	0.50249
SNX10	0.27392	0.29919	0.15536
SNX11	0.1586	0.1665	0.19499
SNX12	0.04468	0.07996	0.04618
SNX13	0.17032	0.2417	0.19001
SNX14	0.30136	0.35818	0.35432
SNX15	0.04847	0.09567	0.1679
SNX16	0.04019	0.07613	0.04467
SNX17	0.53325	0.66768	0.78294
SNX18	0.07808	0.04155	0.06114
SNX19	0.14666	0.22792	0.28999
SNX2	0.8791	0.62497	0.56284
SNX20	0.18813	0.01882	0.01171
SNX21	0.02972	0.15356	0.08846
SNX22	0.02927	0.1624	0.23337
SNX24	0.06368	0.10312	0.15642
SNX25	0.01047	0.03404	0.02528
SNX27	0.33413	0.44577	0.51319
SNX29	0.15853	0.07426	0.17977
SNX29P1	0.00621	0.00407	0.00483
SNX29P2	0.03489	0.00938	0.02244
SNX3	0.48413	0.71718	0.78771
SNX30	0.07708	0.06652	0.27263
SNX31	8e-05	0.00537	0
SNX32	0.00342	0.05789	0.00557
SNX33	0.02464	0.04793	0.00763
SNX4	0.26201	0.56451	0.57553
SNX5	0.67885	0.61967	0.35993
SNX6	0.61304	0.54609	0.87376
SNX7	0.09154	0.25979	0.08577
SNX8	0.07689	0.05666	0.05996
SNX9	0.0982	0.0507	0.21555
SOAT1	0.52892	0.15011	0.05843
SOAT2	0.0032	0.00023	0
SOBP	0.00174	0.08476	0.04147
SOCS1	0.03063	0.01274	0.00296
SOCS2	0.02204	0.28802	8e-04
SOCS2-AS1	0.00169	0.02653	0
SOCS3	0.28268	0.20899	0.21496
SOCS4	0.0862	0.13808	0.08999
SOCS5	0.05285	0.1263	0.10182
SOCS6	0.28195	0.14402	0.07529
SOD1	0.8442	1.53342	2.31192
SOD2	1.06565	0.39879	0.22947
SOD3	0	0.00519	0.00105
SOGA1	0.06422	0.2604	0.23693
MTCL1	0.00307	0.04601	0.01431
SOGA3	0.00186	0.05882	0.02063
SOHLH1	0	0.00057	0.00043
SOHLH2	1e-05	0.01459	0
SON	0.52128	0.66201	0.49709
SORBS1	0.00737	0.25866	0.02454
SORBS2	0.00054	0.07362	0.00027
SORBS3	0.06587	0.15484	0.14078
SORCS1	0.00073	0.04729	0.00122
SORCS2	6e-04	0.01674	0.05769
SORCS3	0.00011	0.04104	0
SORD	0.05501	0.15195	0.29167
SORL1	0.84811	0.1063	0.29867
SORT1	0.16833	0.2438	1.27091
SOS1	0.07091	0.12811	0.08242
SOS2	0.07027	0.08206	0.11025
SOST	0.00135	0.00118	0
SOSTDC1	0	0.0037	0
SOWAHA	0	0.00272	0.01827
SOWAHB	1e-05	0.00048	0
SOWAHC	0.01454	0.04436	0.03327
SOWAHD	0.01602	0.00297	0
SOX1	0.00012	0.00993	0
SOX10	0.00086	0.10504	0.57653
SOX11	0.00229	0.63129	0.00424
SOX12	0.00359	0.03568	0.00368
SOX13	0.0022	0.06553	0.01329
SOX15	0.00404	0.06593	0.01595
SOX18	0.00017	0.00061	0
SOX2	0.00263	0.40205	0.10144
SOX2-OT	0.01102	1.08749	2.75021
SOX21	0.00018	0.01743	0.00064
SOX3	2e-05	0.01213	0
SOX30	0.00047	0.00085	0.00037
SOX4	0.0531	0.98763	0.01899
SOX5	0.00262	0.24047	0.00204
SOX6	0.00067	0.27146	0.0138
SOX7	0.00926	0.01369	0.01188
SOX8	7e-04	0.31326	0.36122
SOX9	0.00321	0.44625	0.01639
SP1	0.08324	0.10013	0.11756
SP100	0.96825	0.16044	0.08654
SP110	0.38192	0.1043	0.16107
SP140	0.15803	0.00246	0.00228
SP140L	0.17534	0.05228	0.02378
SP2	0.03521	0.07265	0.08959
SP3	0.18817	0.25156	0.11446
SP4	0.07601	0.19672	0.11819
SP5	0	0.00327	0.00037
SP6	0	9e-04	0
SP7	0.00054	0.00151	0.00021
SP8	0.00043	0.01479	0
SP9	0	0.00114	0
SPA17	0.00935	0.08997	0.00896
SPACA4	5e-05	0.00126	0
SPACA5	0.00115	0.00133	0
SPACA5B	0.00013	0.00211	0
SPAG1	0.00384	0.01473	0.01095
SPAG11B	0.00093	4e-04	0
SPAG16	0.10842	0.45362	0.46489
SPAG17	0.00017	0.00586	0.00039
SPAG4	0.02637	0.01144	0
SPAG5	0.038	0.12652	0.0092
SPAG5-AS1	0.01225	0.00709	0.00871
SPAG6	0.00857	0.00794	0.02699
SPAG7	0.33861	0.5283	0.34872
SPAG8	0.01017	0.0366	0.05336
SPAG9	0.11932	0.46561	0.60573
SPAM1	0.00112	0.00096	0
SPANXB1	0	0.00027	0.00053
SPANXC	0	0.00071	0.00242
SPANXN2	0	0.00086	0.00153
SPARC	0.0406	1.08083	1.10954
SPARCL1	0.04093	0.96837	0.04155
SPAST	0.08762	0.18034	0.13187
SPATA12	0.00035	0.02649	0.00737
SPATA13	0.36335	0.20379	0.45059
SPATA13-AS1	0.00139	0.00257	0.00319
SPATA16	0.00035	0.00095	0
SPATA17	0.00019	0.03671	0
SPATA18	0.00362	0.01953	0.00019
SPATA19	0	0.00036	0
SPATA2	0.01856	0.04057	0.0821
SPATA20	0.27441	0.15845	0.01877
SPATA21	0.00094	0.00192	0
SPATA22	0	0.00665	0.01212
SPATA24	0.00994	0.0127	0.01221
SPATA25	0.01892	0.00972	0.00759
SPATA2L	0.07411	0.12131	0.04549
SPATA31A1	1e-04	0.00021	0
SPATA31A6	2e-04	1e-04	0
SPATA31C1	0	0.00044	0
SPATA31C2	0.00146	0.00068	4e-05
SPATA31D3	0	0.00019	0
SPATA31D4	5e-05	3e-04	0
SPATA31D5P	0	5e-04	0
SPATA31E1	0	0.00015	0
SPATA32	0.00058	0.00062	0
SPATA4	0	0.00346	0
SPATA5	0.06139	0.10221	0.05559
SPATA5L1	0.02493	0.05371	0.0124
SPATA6	0.14397	0.36008	0.14566
SPATA6L	0.00133	0.01183	0.01774
SPATA7	0.07317	0.10954	0.115
SPATA8	3e-05	0.001	0
SPATA9	0.01092	0.01615	0.0109
SPATC1	0.01104	0.00054	0
SPATC1L	0.03145	0.14394	0.17411
SPATS1	1e-04	0.00041	0
SPATS2	0.05517	0.21487	0.05985
SPATS2L	0.08955	0.10979	0.14746
SPC24	0.00446	0.06507	0.00163
SPC25	0.42874	0.71536	0.49749
SPCS1	0.92363	1.17979	1.19427
SPCS2	0.54012	1.00994	1.03721
SPCS3	0.48226	0.4218	0.39152
SPDEF	0.00052	0.00245	0
SPDL1	0.03697	0.15881	0.05368
SPDYA	0.02214	0.04746	0.02331
SPDYE1	0.07499	0.17558	0.09172
SPDYE2	0.08707	0.2348	0.09615
SPDYE3	0.01274	0.04277	0.01675
SPDYE6	0.0121	0.03747	0.00844
SPDYE7P	0.17424	0.4565	0.22127
SPDYE9P	0.09485	0.31945	0.14213
SPECC1	0.25789	0.67164	0.8511
SPECC1L	0.1042	0.17591	0.10042
SPEF1	0.00049	0.01145	0
SPEF2	0.00716	0.01244	0.01499
SPEG	0.00342	0.0879	0.00193
SPEM1	0	0.00262	0
SPEN	0.08505	0.16148	0.1268
SPESP1	0.00811	0.01078	0.06542
SPG11	0.19671	0.193	0.24829
SPART	0.16043	0.2753	0.78068
SPART-AS1	7e-05	0.00819	0.01066
SPG21	0.46022	0.35574	0.36543
SPG7	0.1522	0.2798	0.13328
SPHAR	0.03094	0.07051	0.08443
SPHK1	0.10272	0.0229	0.0104
SPHK2	0.05603	0.13977	0.17011
SPHKAP	6e-05	0.01141	0
SPI1	0.15737	0.00054	0
SPIB	0.07059	0.04852	0.03716
SPIC	5e-05	0.00058	0
SPICE1	0.04999	0.16625	0.07795
SPIN1	0.21052	0.44404	0.3117
SPIN2A	0.00549	0.01337	0.0091
SPIN2B	0.06404	0.17796	0.13352
SPIN3	0.04579	0.1947	0.08311
SPIN4	0.02572	0.07538	0.04126
SPINK1	0.00447	0.00081	0
SPINK13	0.00015	0.00219	0.00064
SPINK2	0.00013	0.00536	0.00313
SPINK4	0.00099	0.00155	0.00194
SPINK5	0.00245	0.001	0.00135
SPINK6	0.00193	0.00051	0
SPINK7	0.00032	0.00078	0.00026
SPINK8	0.00022	0.00075	0
SPINK9	8e-05	0.00254	0
SPINT1	0.10039	0.0015	0.00025
SPINT2	0.50869	0.023	0.06002
SPIRE1	0.0239	0.1157	0.06392
SPIRE2	0.01247	0.04196	0.01789
SPN	0.12462	0.06076	0.04027
SPNS1	0.14541	0.23094	0.18238
SPNS2	0.03282	0.0212	0.13984
SPNS3	0.10267	0.00145	0
SPOCD1	0.00104	0.0451	0.0629
SPOCK1	0.00255	0.19367	1.14843
SPOCK2	0.08288	0.07495	0.01445
SPOCK3	0.00204	0.02166	2.42473
SPON1	0.01848	0.07369	0.00195
SPON2	0.00992	0.04077	0.00012
SPOP	0.20594	0.33131	0.19916
SPOPL	0.06254	0.04216	0.05203
SPP1	2.99279	0.39119	3.89072
SPPL2A	0.4995	0.41034	0.22658
SPPL2B	0.06651	0.2728	0.14633
SPPL2C	0	0.00179	0
SPPL3	0.0676	0.12353	0.19034
SPR	0.06727	0.11225	0.03697
SPRED1	0.13168	0.16959	0.10948
SPRED2	0.05749	0.25288	0.02576
SPRED3	0.01103	0.03124	0.01424
SPRN	0.00482	0.02478	0.01069
SPRR3	1e-04	0.00088	0
SPRTN	0.07198	0.15187	0.22049
SPRY1	0.14311	0.21707	0.00212
SPRY2	0.13887	0.38806	0.15084
SPRY3	0.00213	0.01759	0.00169
SPRY4	0.00224	0.32017	0.03706
SPRYD3	0.17919	0.1704	0.39171
SPRYD4	0.08613	0.21998	0.12931
SPRYD7	0.06338	0.14562	0.28164
SPSB1	0.00879	0.03311	0.08913
SPSB2	0.1024	0.14244	0.12383
SPSB3	0.36793	0.4247	0.35121
SPSB4	0.00023	0.09426	9e-04
SPTA1	5e-04	0.00024	0
SPTAN1	0.09709	0.40215	0.06548
SPTB	0.00131	0.00947	0.01871
SPTBN1	0.02033	0.33415	0.32709
SPTBN2	0.00126	0.02867	0.00331
SPTBN4	3e-05	0.01081	0.00067
SPTBN5	0.00234	0.00302	0.00113
SPTLC1	0.50615	0.6502	0.87722
SPTLC2	0.37917	0.1119	0.71957
SPTLC3	0.04817	0.00614	0.00163
SPTSSA	0.09612	0.20576	0.2034
SPTSSB	0.00141	0.0187	0
SPTY2D1	0.14163	0.11936	0.06125
SPTY2D1OS	0.03731	0.03549	0.02019
SQLE	0.05291	0.31584	0.31012
SQOR	0.46774	0.03208	0.01133
SQSTM1	0.79326	0.58653	1.41344
SRA1	0.44354	0.46748	0.34927
SRBD1	0.08772	0.13285	0.07541
SRC	0.04118	0.11602	0
SRCAP	0.17727	0.22542	0.18817
SSC4D	0.0084	0.01263	0
SRD5A1	0.0426	0.15041	0.04646
SRD5A1P1	0.00076	0.00043	0
SRD5A3	0.07118	0.07564	0.3356
SRD5A3-AS1	0.00412	0.01191	0.02325
SREBF1	0.03485	0.03526	0.22449
SREBF2	0.07117	0.23291	0.1916
SREK1	0.18757	0.40168	0.18958
SREK1IP1	0.03811	0.07456	0.07221
SRF	0.01576	0.06254	0.02052
SRFBP1	0.12339	0.16477	0.12011
SRGAP1	0.22373	0.25164	0.09733
SRGAP2	0.29458	0.19761	0.1334
SRGAP2B	0.09333	0.05818	0.07033
SRGAP2C	0.80099	0.52129	0.27454
SRGAP2D	0.13862	0.11393	0.12722
SRGAP3	0.06423	0.16845	0.07214
SRGN	3.42561	0.01431	0.00819
SRI	0.4338	1.88907	1.10463
SRL	0.00754	0.01958	0.01146
SRM	0.04472	0.21221	0.07835
SRMS	0	0.00091	0
SRP14	1.33254	1.81078	1.87508
SRP19	0.33144	0.5475	0.31343
SRP54	0.29588	0.4575	0.44441
SRP68	0.14205	0.2843	0.18721
SRP72	0.3148	0.58047	0.3668
SRP9	1.07623	2.17299	1.92829
SRPK1	0.07358	0.25153	0.09525
SRPK2	0.12631	0.50988	0.7066
SRPK3	0.00083	0.02801	0.05006
SRPRA	0.50104	0.31454	0.29284
SRPRB	0.21538	0.52755	0.18161
SRPX	0.0032	0.36731	0.05999
SRPX2	0.0014	0.0833	0.00732
SRR	0.05901	0.30938	0.10777
SRRD	0.03158	0.05473	0.0429
SRRM1	0.30335	0.36912	0.33019
SRRM2	0.56418	0.59087	0.55446
SRRM2-AS1	0.02901	0.04577	0.02609
SRRM3	0	0.04009	9e-04
SRRM4	0.00078	0.01522	0.00221
SRRM5	0.00043	0.01514	0.00272
SRRT	0.16055	0.44102	0.22358
SRSF1	0.36753	0.77076	0.4219
SRSF10	0.43508	0.78783	0.54659
SRSF11	0.52017	0.78528	0.70908
SRSF12	0.02405	0.11757	0.02303
SRSF2	1.36483	1.62716	1.39325
SRSF3	1.06544	1.47898	1.10293
SRSF4	0.32633	0.509	0.29483
SRSF5	1.43316	1.13894	1.27128
SRSF6	0.77224	1.30633	0.89063
SRSF7	0.75525	0.79976	0.57629
SRSF9	0.11752	0.32093	0.16615
SRXN1	0.0188	0.04825	0.01438
SRY	0	0.00267	0
SS18	0.35056	0.68443	0.58284
SS18L1	0.02366	0.07838	0.01648
SS18L2	0.23479	0.32146	0.32284
SSB	0.51127	0.92705	0.58292
SSBP1	0.67776	1.30867	0.70469
SSBP2	0.14124	0.44786	0.30472
SSBP3	0.00795	0.04851	0.03141
SSBP4	0.01735	0.05843	0.00414
SSC5D	0.00158	0.00496	0
ITPRID2	0.15157	0.39108	0.36069
SSH1	0.17796	0.07682	0.01805
SSH2	0.30851	0.06659	0.09287
SSH3	0.05447	0.04081	0.17095
SSNA1	0.20336	0.26999	0.76185
SSPN	0.05451	0.05387	0.05996
SSPO	0.0058	0.00511	0.00329
SSR1	0.51287	0.47914	0.39873
SSR2	1.01995	1.48547	0.71412
SSR3	0.68679	0.71427	0.68322
SSR4	0.91032	1.17268	0.88982
SSR4P1	0.00104	0.0026	0.00039
SSRP1	0.06224	0.31672	0.10257
SSSCA1	0.102	0.1819	0.17597
SST	0	0.00565	0.00162
SSTR1	2e-05	0.00443	0.0058
SSTR2	0.00848	0.04104	0.00689
SSTR5	0	0.00059	0
SSTR5-AS1	0.00265	0.0026	0.00179
SSU72	0.23806	0.32629	0.33576
SSUH2	0	0.00609	0
SSX1	0.00074	5e-04	0
SSX2	0.00015	0.00019	5e-05
SSX2IP	0.01009	0.09596	0.02641
SSX3	0.00026	0.00011	0
SSX4	0.00072	5e-04	0
SSX5	0.00036	0.00049	0
SSX6P	0.00028	0.00021	0
SSX7	0.00107	0.00049	0
SSX8P	0.00019	0.00024	0
ST13	0.59758	1.0032	1.2429
ST13P4	0.00572	0.00778	0.01029
ST14	0.09845	0.00021	0
ST18	0.00906	0.03159	0.54684
ST20	0.04165	0.10906	0.03497
ST20-MTHFS	0.00654	0.01856	0.00983
ST3GAL1	0.22358	0.0341	0.01888
ST3GAL2	0.02661	0.05526	0.01393
ST3GAL3	0.03167	0.10476	0.04965
ST3GAL4	0.02346	0.10368	0.72627
ST3GAL5	0.07595	0.22702	0.64069
ST3GAL6	0.35073	0.12082	0.10152
ST3GAL6-AS1	0.00455	0.0244	0.01696
ST5	0.05885	0.1924	0.03662
ST6GAL1	0.93861	0.17709	0.00474
ST6GAL2	0.02875	0.14152	0.02985
ST6GALNAC1	0.00016	0.00019	0
ST6GALNAC2	0.01312	0.01416	0
ST6GALNAC3	0.12611	0.01486	0.65834
ST6GALNAC4	0.15386	0.10934	0.03018
ST6GALNAC5	9e-05	0.05351	0
ST6GALNAC6	0.09608	0.08296	0.01912
ST7	0.03784	0.31334	0.08941
ST7-AS1	0.00064	0.0057	0
ST7-AS2	0.00085	0.00963	0.00154
ST7-OT4	0.02273	0.05345	0.01514
ST7L	0.07304	0.16499	0.09037
ST8SIA1	0.00984	0.12527	0.00597
ST8SIA2	7e-05	0.02817	0
ST8SIA3	0.00014	0.05447	0.00051
ST8SIA4	0.52977	0.0958	0.01197
ST8SIA5	0.00075	0.10846	0.02222
ST8SIA6	0.00039	0.00136	0
STAB1	0.75851	0.00095	0.00347
STAB2	7e-05	0.00033	0
STAC	0.00322	0.05152	9e-05
STAC2	0.02324	0.04846	0.02016
STAC3	0.01696	0.00872	0
STAG1	0.11643	0.19731	0.08392
STAG2	0.17697	0.31591	0.29767
STAG3	0.04551	0.02965	0.00714
STAG3L1	0.07051	0.18819	0.12859
STAG3L3	0.12292	0.28702	0.1835
STAG3L4	0.1477	0.35112	0.1962
STAM	0.14185	0.19881	0.56082
STAM2	0.14956	0.22452	0.19447
STAMBP	0.08493	0.21259	0.35248
STAMBPL1	0.12309	0.04462	0.00283
STAP1	0.02087	0.00129	0
STAP2	0.01335	0.02491	0.00648
STAR	0.01836	0.02471	0.0134
STARD10	0.01764	0.07426	0.12048
STARD13	0.03929	0.06216	0.15806
STARD13-AS	0.0066	0.01076	0.02193
STARD3	0.21542	0.2523	0.19681
STARD3NL	0.25046	0.80113	0.42151
STARD4	0.11325	0.03044	0.01823
STARD4-AS1	0.00965	0.11828	0.0012
STARD5	0.09261	0.011	0.02023
STARD6	0	0.00507	0.00173
STARD7	0.30642	0.56951	0.92751
STARD8	0.08195	0.00832	0.00039
STARD9	0.0171	0.04192	0.13709
STAT1	0.41244	0.47473	0.80148
STAT2	0.27945	0.32716	0.55763
STAT3	0.48741	0.56315	0.58383
STAT4	0.1226	0.00271	0
STAT5A	0.10729	0.01765	0.01308
STAT5B	0.04631	0.11043	0.08628
STAT6	0.42472	0.03955	0.00056
STAU1	0.31186	0.5805	0.44943
STAU2	0.12304	0.25141	0.17515
STAU2-AS1	0.02777	0.03864	0.02348
STC1	0.00796	0.06054	0.00014
STC2	0.00554	0.04501	0.01045
STEAP1	0.00064	0.06777	0.00781
STEAP1B	0.00593	0.04474	0.14248
STEAP2	0.02004	0.05777	0.01738
STEAP3	0.18223	0.12909	0.00066
STEAP4	0.00983	0.02483	0.00643
STH	0.00033	0.01991	0.02774
STIL	0.01994	0.05289	0.00903
STIM1	0.13798	0.1058	0.03483
STIM2	0.03496	0.10205	0.08004
STIP1	0.3707	0.81282	0.60474
STK10	0.21789	0.06221	0.01664
STK11	0.01002	0.01453	0.00403
STK11IP	0.0832	0.10135	0.04206
STK16	0.02713	0.0461	0.01271
STK17A	0.09472	0.19086	0.01721
STK17B	0.5904	0.09106	0.00731
STK19	0.11703	0.29461	0.20714
STK24	0.06121	0.05106	0.01348
STK25	0.14174	0.31823	0.22195
STK3	0.1274	0.15543	0.25395
STK31	0.00418	0.01147	0.01274
STK32A	0.00073	0.15853	0.00334
STK32B	0.01601	0.09543	0.0059
STK32C	0.00812	0.02495	0.01029
STK33	0.00013	0.11256	0.01088
STK35	0.03944	0.08574	0.03465
STK36	0.04581	0.18953	0.03998
STK38	0.13379	0.16535	0.05534
STK38L	0.22492	0.16954	0.07356
STK39	0.00842	0.08471	0.23764
STK4	0.35918	0.16068	0.12608
STK4-AS1	0.00159	0.00597	0.00036
STK40	0.06412	0.07458	0.0407
STMN1	0.37381	1.96623	3.02266
STMN2	0.00099	0.32342	0.00809
STMN3	0.00819	0.31984	0.04605
STMN4	6e-04	0.40644	0.9931
STMND1	0	0.00177	0.0016
STOM	1.08813	0.16046	0.32306
STOML1	0.03616	0.14093	0.22608
STOML2	0.29452	0.62412	0.38187
STOML3	0	7e-04	0
STON1	0.00243	0.03982	0.0121
STON1-GTF2A1L	0.00042	0.01201	0.00673
STON2	0.05102	0.20862	0.02068
STOX1	0.001	0.02091	0.00186
STOX2	0.00045	0.10579	0.13996
STPG1	0.03068	0.01484	0.11399
STPG2	0.01624	0.00581	0.00918
CENPX	0.28511	0.73344	0.40804
STRA6	0	0.01173	0
STRADA	0.11038	0.19155	0.12976
STRADB	0.11094	0.41769	0.42661
STRAP	0.55027	1.4412	0.7391
STRBP	0.02285	0.06158	0.02186
STRC	0.0034	0.00325	0.00018
STRIP1	0.12899	0.34075	0.17278
STRIP2	0.01419	0.09653	0.01019
STRN	0.02086	0.03646	0.16229
STRN3	0.12136	0.27726	0.18258
STRN4	0.05665	0.1606	0.07658
STS	0.01466	0.02009	0.01342
STT3A	0.25738	0.52867	0.4728
STT3B	0.07616	0.08805	0.0685
STUB1	0.08429	0.1644	0.14232
STX10	0.24878	0.44209	0.24508
STX11	0.24209	0.00687	0.0048
STX12	0.48141	0.65009	1.03682
STX16	0.33976	0.38006	0.52062
STX16-NPEPL1	0.02479	0.03485	0.02214
STX17	0.09082	0.1344	0.13784
STX18	0.21922	0.26651	0.21886
STX19	0.00311	0.01099	0.00567
STX1A	0.01495	0.088	0.00498
STX1B	0.01046	0.0459	0.01741
STX2	0.07768	0.15316	0.1251
STX3	0.05893	0.02398	0.02673
STX4	0.28277	0.11163	0.36938
STX5	0.04372	0.05045	0.03916
STX6	0.12441	0.11701	0.09053
STX7	0.46005	0.22868	0.63781
STX8	0.23701	0.29797	0.31148
STXBP1	0.00857	0.29868	0.25574
STXBP2	0.47045	0.00807	0
STXBP3	0.33432	0.39012	1.07203
STXBP4	0.01337	0.10545	0.04583
STXBP5	0.01302	0.02174	0.02013
STXBP5-AS1	0.00071	0.00424	0.00065
STXBP5L	0.00039	0.04584	0.00065
STXBP6	0.001	0.00986	0.13979
STYK1	0.00644	0.0013	0
STYX	0.18148	0.15073	0.14089
STYXL1	0.14359	0.25571	0.24983
SUB1	0.41081	1.15824	0.37357
SUCLA2	0.20774	0.58595	0.7291
SUCLG1	0.37155	0.80594	0.98636
SUCLG2	0.45649	0.27442	0.18169
SUCNR1	0.03425	0.00082	0
SUCO	0.09654	0.22515	0.12641
SUDS3	0.08711	0.22966	0.10927
SUFU	0.04032	0.03007	0.02095
SUGP1	0.12622	0.28038	0.13881
SUGP2	0.18787	0.49944	0.1955
SUGT1	0.29927	0.46572	0.65227
SUGT1P3	0.03322	0.02989	0.0364
SULF1	1e-05	0.07658	0
SULF2	0.03936	0.17023	0.00221
SULT1A1	0.12039	0.0362	0.00417
SULT1A2	0.00974	0.00886	0.00218
SULT1A3	0.08335	0.09897	0.07988
SULT1A4	0.08335	0.09897	0.07988
SULT1B1	0.02077	7e-05	0
SULT1C2	0.00493	0.00237	2e-04
SULT1C2P1	0.00315	0.00598	0.00329
SULT1C4	0.01148	0.12655	0.00097
SULT1E1	0.00057	0.0013	0
SULT2A1	0.02501	0.03392	0.02898
SULT2B1	0.00095	0.00258	0
SULT4A1	0.00053	0.01382	0
SUMF1	0.34408	0.20227	0.29959
SUMF2	0.58468	0.65927	0.59285
SUMO1	0.46599	0.9802	0.54829
SUMO1P1	0.00678	0.00125	0
SUMO1P3	0.29818	0.23834	0.37059
SUMO2	1.47105	2.26492	1.6479
SUMO3	0.42161	0.4519	0.23657
SUMO4	0.0314	0.02011	0.01082
SUN1	0.13953	0.56342	0.34183
SUN2	0.15058	0.11876	0.86387
SUN3	0.00158	0.00061	0
SUOX	0.09463	0.20962	0.08842
SUPT16H	0.21107	0.43085	0.22871
SUPT20H	0.17279	0.32756	0.1672
SUPT20HL1	1e-05	1e-04	0
SUPT3H	0.04038	0.04012	0.04491
SUPT4H1	0.27112	0.33841	0.25142
SUPT5H	0.29226	0.56399	0.40204
SUPT6H	0.14376	0.1913	0.16354
SUPT7L	0.20698	0.29156	0.22437
SUPV3L1	0.09149	0.17495	0.13114
SURF1	0.14731	0.18281	0.21603
SURF2	0.06058	0.19091	0.1366
SURF4	0.45432	0.61672	0.6386
SURF6	0.09031	0.22562	0.10406
SUSD1	0.06036	0.05134	0.00127
SUSD2	0.00052	0.00873	0.00241
SUSD3	0.40218	0.00022	0.00065
SUSD4	0.00147	0.09982	0.00061
SUSD5	0.00551	0.0746	0.04401
SUV39H1	0.03635	0.10947	0.06093
SUV39H2	0.04759	0.13589	0.0904
KMT5B	0.06356	0.18262	0.09951
KMT5C	0.00719	0.0194	0.00763
SUZ12	0.07247	0.1426	0.07255
SV2A	0.00509	0.2107	0.17047
SV2B	0.00712	0.01183	0.02556
SV2C	0	0.00244	0
SVEP1	3e-04	0.01713	0.08099
SVIL	0.00544	0.01573	0.0047
SVIP	0.0598	0.08933	0.66858
SVOP	0.00967	0.03741	0.00865
SVOPL	0.00293	0.00283	0.00288
SWAP70	0.35144	0.14781	0.09332
SWI5	0.0611	0.19916	0.19368
SWSAP1	0.10117	0.07499	0.04842
SWT1	0.04552	0.05496	0.05208
SYAP1	0.38451	0.31294	0.26913
SYBU	0.00149	0.17561	0.00606
SYCE1	0.00377	0.00042	0
SYCE1L	0.00144	0.00737	0.00516
SYCE2	0.00261	0.0214	0.00398
SYCE3	0	0.00829	0
SYCP1	3e-05	8e-05	0.00042
SYCP2	0.00908	0.0175	0.0081
SYCP2L	0.00089	0.00971	0.00169
SYCP3	0.0102	0.01563	3e-04
SYDE1	1e-05	0.00953	0.00365
SYDE2	0.00719	0.01037	0.00656
SYF2	0.37965	0.44877	0.25746
SYK	0.51361	0.01267	0.00509
SYMPK	0.08654	0.13758	0.11658
SYN1	0.00156	0.01044	0.00109
SYN2	0.00246	0.00759	0.00033
SYN3	0	0.02757	0.03115
SYNC	0.03465	0.06577	0.02116
SYNCRIP	0.30641	0.63459	0.20871
SYNDIG1	0.22056	0.06697	0.60578
SYNDIG1L	0.00546	0.0022	0
SYNE1	0.03494	0.08423	0.02758
SYNE2	0.06841	0.2412	0.01792
SYNE3	0.03417	0.01408	0.10187
SYNE4	0.00385	0.00476	0.00459
SYNGAP1	0.00244	0.01852	0.00442
SYNGR1	0.11205	0.19101	0.33034
SYNGR2	1.36106	0.10212	1.80034
SYNGR3	0.00198	0.02212	0
SYNGR4	0.00015	0.00171	0
SYNJ1	0.06119	0.08849	0.0722
SYNJ2	0.00602	0.02124	0.43646
SYNJ2-IT1	0.00978	0.00972	0.05177
SYNJ2BP	0.10324	0.18622	0.14115
SYNJ2BP-COX16	0.02504	0.04229	0.02765
SYNM	0.00241	0.03174	0.14242
SYNPO	0.0021	0.03731	0.00035
SYNPO2	0.01908	0.01854	0.00773
SYNPO2L	0.01358	0.02676	0.00926
SYNPR	1e-05	0.01545	0
SYP	0.00493	0.11323	0.13161
SYPL1	0.64944	0.71061	1.77006
SYPL2	0.00054	0.00295	0.00092
SYS1	0.23267	0.21098	0.33096
SYS1-DBNDD2	0.01043	0.08495	0.02098
SYT1	0.003	0.11883	0.00362
SYT10	7e-05	0.00055	0
SYT11	0.13033	1.12347	1.67531
SYT12	0.00075	0.00759	0
SYT13	0.00502	0.0309	0.00452
SYT14	0.00033	0.02448	0.05852
SYT14P1	0	0.00388	0.03084
SYT15	0.04335	0.05562	0.0634
SYT16	1e-05	0.02031	0.00993
SYT17	0.02774	0.12814	0.00166
SYT2	0.00152	0.01214	0.01494
SYT3	0.00147	0.03098	0.00372
SYT4	0.00118	0.12437	0
SYT5	0.00056	0.0098	0
SYT6	0.06047	0.07934	0
SYT7	3e-05	0.01113	7e-05
SYT8	0	0.04484	0
SYT9	0.00111	0.00502	0.10686
SYTL1	0.05251	0.00184	0
SYTL2	0.04387	0.13209	0.25065
SYTL3	0.32735	0.01101	0
SYTL4	0.00305	0.05925	0.01104
SYTL5	3e-05	0.01006	0
SYVN1	0.08595	0.13348	0.18792
SZRD1	0.19232	0.27924	0.21705
SZT2	0.06704	0.10197	0.11861
TAAR2	0	0.00111	0
TAAR3P	0	0.01856	0
TAAR5	0	0.00272	0
TAB1	0.05145	0.14643	0.15678
TAB2	0.22215	0.1133	0.05937
TAB3	0.02613	0.034	0.01386
TAC1	0	0.00449	0
TAC3	0.00199	0.05879	0
TAC4	0.00342	0.01627	0.00166
TACC1	0.29518	0.11808	0.38879
TACC2	0.00019	0.18494	0.013
TACC3	0.11565	0.11836	0.01107
TACO1	0.04588	0.1623	0.12318
TACR1	0.00039	0.01037	0
TACR2	0.00594	0.00307	3e-05
TACR3	1e-05	0.00121	0.00295
TACSTD2	0.01587	0.00096	0.00652
TADA1	0.0895	0.36695	0.28797
TADA2B	0.07947	0.09301	0.07493
TADA3	0.25566	0.45283	0.25885
TAF1	0.06731	0.09178	0.06253
TAF10	0.03321	0.05939	0.06942
TAF11	0.14339	0.26069	0.2014
TAF12	0.24432	0.37089	0.24164
TAF13	0.07176	0.21362	0.22669
TAF15	0.06092	0.11433	0.05597
TAF1A	0.0746	0.15393	0.06955
TAF1B	0.0905	0.14542	0.07273
TAF1C	0.12317	0.22414	0.1137
TAF1D	0.40055	0.38963	0.26667
TAF1L	0.00208	0.00354	0.00162
TAF2	0.10406	0.1935	0.108
TAF3	0.09055	0.10931	0.12406
TAF4	0.00521	0.01615	0.00499
TAF4B	0.01245	0.01818	0.01246
TAF5	0.01097	0.01643	0.01501
TAF5L	0.02914	0.03307	0.02522
TAF6	0.10437	0.31834	0.09742
TAF6L	0.01814	0.05235	0.03739
TAF7	0.48648	1.26229	0.63652
TAF7L	0.00085	0.01173	0.00157
TAF8	0.11519	0.13706	0.1014
AK6	0.53378	1.03935	0.76206
TAF9B	0.11195	0.45847	0.37748
TAGAP	0.74967	0.00466	0
TAGLN	0.05145	0.07302	0.03841
TAGLN2	0.96535	1.01779	0.66692
TAGLN3	0.00328	0.49233	0.0439
TAL1	0.07026	0.00262	0
TAL2	0	0.01078	0.00866
TALDO1	0.75601	0.80531	1.94672
TAMM41	0.08575	0.18757	0.09103
TANC1	0.03579	0.30614	0.29753
TANC2	0.08235	0.18968	0.09342
TANGO2	0.33714	0.15725	0.20375
TANGO6	0.07139	0.11619	0.10381
TANK	0.48306	0.38275	0.26621
TAOK1	0.09144	0.17762	0.18557
TAOK2	0.03984	0.08619	0.09017
TAOK3	0.38563	0.54234	0.35213
TAP1	0.33294	0.37645	0.50009
TAP2	0.10694	0.07313	0.08373
TAPBP	0.95143	0.62391	0.41575
TAPBPL	0.22673	0.11179	0.18616
TAPT1	0.02628	0.03861	0.09188
TAPT1-AS1	0.04484	0.13648	0.15368
TARBP1	0.03046	0.06296	0.04005
TARBP2	0.0816	0.23381	0.14993
TARDBP	0.34057	0.79183	0.55847
TARS	0.24042	0.5457	0.33914
TARS2	0.13862	0.23902	0.1843
TARSL2	0.03276	0.07508	0.24472
TAS1R1	0.00152	0.00483	0.00015
TAS1R2	0.00015	0.00042	0
TAS1R3	0.00058	0.00307	0
TAS2R10	0.00298	0.0208	0.00105
TAS2R13	0.00504	0.01627	0.0073
TAS2R14	0.01094	0.03081	0.03306
TAS2R19	0.00264	0.02823	0.01472
TAS2R20	0.01445	0.03933	0.03462
TAS2R3	0.00147	0.0098	0.00315
TAS2R30	0.00187	0.01606	0.00878
TAS2R31	0.01124	0.03219	0.01362
TAS2R38	0.00306	0.00188	0
TAS2R39	0.00179	0.00325	0.02694
TAS2R4	0.00245	0.00777	0
TAS2R40	0	0.00398	0.0396
TAS2R41	0.00402	0.00123	0
TAS2R42	0.00044	0.00151	0
TAS2R43	0.00645	0.01899	0.01053
TAS2R46	0.00493	0.00827	0.01204
TAS2R5	0.01126	0.0245	0.00125
TAS2R50	0.00216	0.0158	0.00104
TAS2R60	0.00204	0.00379	0
TAS2R7	0	0.00219	0
TAS2R8	0	0.00306	0
TAS2R9	0.00022	0.00219	0
TASP1	0.03921	0.14924	0.05354
TAT	0.02259	0.02809	0.01817
TATDN1	0.21741	0.36675	0.42965
TATDN2	0.04167	0.05574	0.0403
TATDN3	0.23092	0.26197	0.28853
TAX1BP1	0.50396	0.8203	0.67501
TAX1BP3	0.28048	0.26233	0.32401
TAZ	0.15766	0.15003	0.11814
TBC1D1	0.10617	0.06144	0.0232
TBC1D10A	0.10235	0.059	0.01012
TBC1D10B	0.0411	0.07508	0.189
TBC1D10C	0.16457	0.00267	0.00234
TBC1D12	0.07405	0.02202	0.23107
TBC1D13	0.06312	0.12557	0.19832
TBC1D14	0.30885	0.26395	0.10644
TBC1D15	0.1604	0.21837	0.29239
TBC1D16	0.10188	0.10353	0.02918
TBC1D17	0.08264	0.12822	0.23244
TBC1D19	0.04731	0.15694	0.14936
TBC1D2	0.14301	0.06321	0.43039
TBC1D20	0.0538	0.11492	0.10465
TBC1D22A	0.22844	0.07241	0.10649
TBC1D22B	0.0355	0.06747	0.0557
TBC1D23	0.1461	0.24981	0.22243
TBC1D24	0.05212	0.14194	0.04823
TBC1D25	0.0424	0.09335	0.04276
TBC1D26	0	0.00396	0.00283
TBC1D28	0	0.0015	0.00044
TBC1D29	0.00192	0.00167	0.00074
TBC1D2B	0.1393	0.02247	0.01326
TBC1D30	0.01425	0.01746	0.00015
TBC1D3G	0.00071	0.00189	0
TBC1D3P1-DHX40P1	0.00163	0.00683	0.0011
TBC1D3P2	0.00041	0.00127	0
TBC1D3P5	0.00039	0.00042	0.00015
TBC1D4	0.105	0.01698	0.00014
TBC1D5	0.18679	0.23388	0.31643
TBC1D7	0.21201	0.36361	0.24726
TBC1D8	0.10924	0.04939	0.03066
TBC1D8B	0.01954	0.00525	0.04699
TBC1D9	0.10247	0.02864	0.00252
TBC1D9B	0.37093	0.33576	0.49609
TBCA	0.32577	0.93704	0.702
TBCB	0.39332	0.99745	2.0125
TBCC	0.21185	0.28125	0.36788
TBCCD1	0.13934	0.35509	0.16804
TBCD	0.11612	0.151	0.08349
TBCEL	0.00523	0.02231	0.01405
TBCK	0.09181	0.19211	0.20899
TBK1	0.24334	0.25837	0.23156
TBKBP1	0.00083	0.02829	0.00492
TBL1X	0.02504	0.04362	0.05167
TBL1XR1	0.36986	0.60239	0.35847
TBL1Y	0	0.00149	0
TBL2	0.09675	0.22687	0.0984
TBL3	0.11276	0.23539	0.20761
TBP	0.07908	0.14301	0.06669
TBPL1	0.12893	0.31419	0.20158
TBR1	0.00043	0.00401	0.00065
TBRG1	0.19235	0.16703	0.25732
TBRG4	0.15368	0.43083	0.32747
TBX1	0.00394	0.00775	0.00328
TBX10	2e-05	0.00074	0
TBX15	0.00372	0.07802	0
TBX18	0.00097	0.00035	0
TBX19	0.01773	0.0127	0.06835
TBX2	7e-05	0.0102	0.00149
TBX20	0.00373	0.00593	0
TBX21	0.00774	0.00153	0
TBX22	0	0.00035	0
TBX3	0.00045	0.00818	0
TBX4	0.00024	0.00051	0.00104
TBX5	3e-05	0.04831	0.00111
TBX5-AS1	0	0.00432	0
TBX6	0.00248	0.0066	0.00536
TBXA2R	0.06756	0.08086	0.04483
TBXAS1	1.22681	0.00371	0.00222
TC2N	0.07536	0.00775	0
TCAIM	0.15551	0.22606	0.28616
TCAM1P	0.00734	0.01293	0.00619
TCAP	0.00582	0.01287	0.00617
TCEA1	0.45382	0.81041	0.61748
TCEA2	0.03406	0.18432	0.06338
TCEA3	0.00258	0.05345	0
TCEAL1	0.20915	0.36253	0.29773
TCEAL2	0.00274	0.34328	0.10675
TCEAL3	0.18919	0.30386	0.49162
TCEAL4	0.25354	0.70426	0.86685
TCEAL5	0.00142	0.15193	0.0332
TCEAL6	3e-04	0.03468	0.00575
TCEAL7	0.00243	0.66473	1.24603
TCEAL8	0.2958	0.54868	0.60174
TCEANC	0.01569	0.03897	0.0226
TCEANC2	0.03278	0.05301	0.05106
ELOC	0.34891	0.59842	0.54071
ELOB	0.37253	0.78187	0.69564
ELOA	0.12773	0.22074	0.16857
ELOA2	0.00026	0.0044	0.001
ELOA3	0.00159	0.01932	0.00654
TCERG1	0.19688	0.43227	0.18104
TCERG1L	3e-05	0.00071	0
TCF12	0.37303	1.31214	0.67182
TCF15	0.00011	0.00066	0
TCF19	0.05149	0.10943	0.01629
TCF20	0.02174	0.05865	0.06751
TCF21	3e-05	0.00098	0
TCF24	0.00012	0.00111	0.00288
TCF25	0.50271	0.59981	0.59013
TCF3	0.0244	0.15489	0.02138
TCF4	0.17893	0.82591	0.35184
TCF7	0.06476	0.12897	0.06592
TCF7L1	0.00732	0.03575	0.00347
TCF7L2	0.03016	0.11544	0.03288
TCFL5	0.00339	0.02373	0.02532
TCHH	0.02047	0.00123	0
TCHP	0.08326	0.16697	0.1414
TCIRG1	0.54681	0.03304	0.02216
TCL1A	0.00522	0.00033	0
TCL1B	0.00117	0.00134	0.00391
TCL6	0.00034	0.0015	0.00039
TCN1	0.00115	0.00032	0.00081
TCN2	0.15639	0.07639	0.01713
TCOF1	0.16291	0.12157	0.11196
TCP1	0.58094	1.11872	0.91616
TCP10L	0.00451	0.01617	0.00278
TCP11	0.0029	0.00254	0
TCP11L1	0.10624	0.12815	0.22928
TCP11L2	0.05769	0.06766	0.44155
TCTA	0.13349	0.29928	0.36036
TCTE1	0.0025	0.00409	0
TCTE3	0.00236	0.00473	0.00387
TCTEX1D1	0.02851	0.00749	0.00295
TCTEX1D2	0.02157	0.31786	0.06203
TCTEX1D4	0.02868	0.00417	0.00231
TCTN1	0.05338	0.36284	0.12531
TCTN2	0.03631	0.13101	0.01462
TCTN3	0.13351	0.25707	0.13792
TDG	0.11964	0.26348	0.08012
TDGF1	0.00725	0.00896	0.00546
TDGF1P3	0.00658	0.00881	0.00632
TDH	4e-05	0.00177	0
TDO2	0	0.00597	0
TDP1	0.0641	0.09073	0.0727
TDP2	0.151	0.19615	0.10855
TDRD1	0.00072	0.00083	0.00091
TDRD10	0.00214	0.00107	0
TDRD12	0	9e-04	0
TDRD3	0.06813	0.1187	0.07286
TDRD5	4e-05	0.00127	0
TDRD6	0.01106	0.00619	0.02276
TDRD7	0.03342	0.02493	0.05269
TDRD9	0.00314	0.00166	0.00024
TDRG1	0	0.00264	0
TDRKH	0.04593	0.12417	0.07251
TEAD1	0.00199	0.22292	0.03847
TEAD2	0.00149	0.02517	0
TEAD3	0.00428	0.03628	0.01157
TEAD4	0.00011	0.02274	0.02226
TEC	0.04419	0.00067	0
TECPR1	0.08174	0.17794	0.09805
TECPR2	0.04028	0.07881	0.28999
TECR	0.70598	1.02618	2.18962
TECRL	0.00546	0.0071	0.00473
TECTA	0.00108	0.00766	0.00121
TEDDM1	0.00208	0.00217	0.00131
TEF	0.00516	0.03044	0.09772
TEFM	0.10657	0.17744	0.15647
TEK	0.00109	0.01306	0.00144
TEKT1	0.00145	0.00845	0
TEKT2	0.00315	0.03076	0.00404
TEKT3	0.00267	0.00465	2e-04
TEKT4	0.00271	0.0019	0.00742
TEKT4P2	0.27724	0.17403	0.40251
TEKT5	0.00112	0.00125	0
TELO2	0.11506	0.19533	0.15232
TEN1	0.10271	0.13999	0.14035
TEN1-CDK3	0.00165	0.00609	0.00274
TNS2	0.00568	0.09381	0.16841
TENM1	0.00741	0.15865	1e-04
TENM2	0.00013	0.01988	2e-05
TENM3	0.00043	0.04748	0.00421
TENM4	0.01755	0.06019	0.01778
TEP1	0.10475	0.04304	0.0338
TEPP	0.00039	0.00029	0
TERC	0.00309	0.01416	0
TERF1	0.1582	0.32288	0.23839
TERF2	0.06396	0.13942	0.14665
TERF2IP	0.23448	0.59621	0.72289
TERT	0	0.0034	0
TES	0.26078	0.02322	0.02475
TESC	0.03525	0.01521	0
TESK1	0.05427	0.06839	0.0679
TESK2	0.04803	0.01243	0.21978
TESPA1	0.04754	0.00255	0.00134
TET1	0.00827	0.0653	0.04411
TET2	0.26527	0.20713	0.13889
TET3	0.05796	0.07072	0.0548
TEX10	0.08747	0.24171	0.10011
TEX101	0.01077	0.01589	0.01247
TEX11	0.00272	0.00709	0.00454
TEX12	0.00492	0.00534	0.00055
TEX14	0.01445	0.01142	0.00635
TEX15	0.00091	0.00182	0.00021
TEX19	5e-05	0.00093	0.00124
TEX2	0.04891	0.09014	0.229
TEX21P	0.0026	0.00526	0
TEX22	0.00076	0.00366	0
TEX26	0	0.01312	0
TEX26-AS1	0.00019	0.00301	0
TEX261	0.08272	0.17005	0.13388
TEX264	0.4144	0.43293	0.49585
TEX29	0.00079	0.00564	0.00873
TEX30	0.09768	0.30407	0.15594
TEX35	0.00223	0.00272	0.00048
TEX38	0.00221	0.00892	0.00258
CATSPERZ	1e-04	0.00249	0
TEX9	0.0018	0.0522	0.00643
TF	0.00804	0.06303	3.91439
TFAM	0.06476	0.13003	0.09646
TFAMP1	0.00752	0.0135	0.00811
TFAP2A	0.00133	0.03491	0.00084
TFAP2B	0	0.01926	0
TFAP2C	0.00278	0.00317	0.00102
TFAP2E	0.00799	0.01121	0.01206
TFAP4	0.00125	0.00454	0.00329
TFB1M	0.05978	0.13004	0.10196
TFB2M	0.06904	0.20247	0.05432
TFCP2	0.08275	0.18854	0.11286
TFCP2L1	0.0269	0.02231	0
TFDP1	0.03922	0.14142	0.06289
TFDP2	0.13331	0.17912	0.10238
TFE3	0.08437	0.10851	0.09587
TFEB	0.07546	0.02318	0.32131
TFEC	0.14309	0.00068	0.00138
TFF3	0.00093	0.00125	0.00045
TFG	0.40295	0.90261	0.88881
TFIP11	0.12563	0.22803	0.16374
TFPI	0.0294	0.23045	0.00211
TFPI2	0	0.01223	0.00035
TFPT	0.09643	0.14147	0.10182
TFR2	0.00511	0.03942	0.00012
TFRC	0.61038	0.49492	0.1098
TG	0.00124	0.00443	0
TGDS	0.06105	0.09628	0.12858
TGFA	0.04266	0.06508	0.2201
TGFB1	0.05397	0.00565	4e-05
TGFB1I1	0.00399	0.19833	0.00348
TGFB2	0.02214	0.11384	0.01054
TGFB3	0.00709	0.06346	0.06903
TGFBI	1.15219	0.04357	0
TGFBR1	0.38175	0.11922	0.01665
TGFBR2	0.28123	0.01248	0.01693
TGFBR3	0.01504	0.02534	0.00654
TGFBR3L	6e-05	0.0026	0
TGFBRAP1	0.02917	0.03804	0.03002
TGIF1	0.62571	0.46315	0.03812
TGIF2	0.10657	0.0991	0.0129
TGIF2-RAB5IF	0.03804	0.05139	0.01112
TGM1	0.00829	0.00655	0.00026
TGM2	0.05196	0.02565	0
TGM3	0.00028	0.00414	0.00015
TGM4	0.00071	0.00334	0.00084
TGM6	0	0.00058	0
TGOLN2	0.76348	0.47996	0.69665
TGS1	0.07525	0.15426	0.04236
TH	2e-05	0.00779	0
THADA	0.13136	0.17264	0.08231
THAP1	0.06893	0.16172	0.13395
THAP10	0.01656	0.09943	0.07569
THAP11	0.04697	0.06613	0.06567
THAP2	0.02233	0.08121	0.05444
THAP3	0.11205	0.25142	0.23299
THAP4	0.07337	0.15389	0.10281
THAP5	0.16651	0.48941	0.40065
THAP6	0.07722	0.09735	0.06628
THAP7	0.12438	0.22911	0.15071
THAP7-AS1	0.02168	0.05383	0.05632
THAP8	0.03298	0.09398	0.14143
THAP9	0.02352	0.07599	0.09539
THAP9-AS1	0.26957	0.3843	0.26704
THBD	0.4489	0.00321	0.00545
THBS1	0.35694	0.0485	5e-05
THBS2	0.00141	0.11903	0.51968
THBS3	0.02698	0.10244	0.01256
THBS4	0.00124	0.07291	0.02394
THEGL	0.00067	0.00892	0
THEM4	0.06248	0.07509	0.07882
THEM5	4e-05	0.00085	0.00137
THEM6	0.10485	0.15807	0.12361
THEMIS	0.0641	0.0024	0.01947
THEMIS2	0.94089	0.01331	0.34389
THG1L	0.08246	0.10889	0.05487
THNSL1	0.0211	0.08156	0.07125
THNSL2	0.00723	0.0207	0.09005
THOC1	0.15103	0.25849	0.16393
THOC2	0.27402	0.42325	0.34483
THOC3	0.08403	0.27138	0.06861
THOC5	0.09841	0.19426	0.2055
THOC6	0.15825	0.20652	0.13282
THOC7	0.29672	0.43383	0.2877
THOP1	0.05025	0.22999	0.15794
THPO	0.00012	0.00188	0
THRA	0.01983	0.19422	0.19819
THRAP3	0.39396	0.55633	0.37336
THRB	0.00643	0.03044	0.0029
THRB-AS1	0.00329	0.00411	0
THRSP	0.00064	0.00441	0.002
THSD1	0.00409	0.07821	0
THSD4	0.00127	0.03218	0.01082
THSD7A	0.00046	0.15961	0.00017
THSD7B	0.00016	0.00073	0.00047
THTPA	0.19261	0.27644	0.34144
THUMPD1	0.19233	0.26862	0.19446
THUMPD2	0.05968	0.12525	0.10117
THUMPD3	0.06064	0.18116	0.10555
THY1	0.00225	0.59989	0.07506
THYN1	0.27007	0.67719	0.34912
TIA1	0.21574	0.56561	0.3055
TIAF1	0.14199	0.12538	0.26195
TIAL1	0.0995	0.168	0.18691
TIAM1	0.1508	0.11126	0.13762
TIAM2	0.00556	0.07259	0.00413
TICAM1	0.08657	0.04128	0.01298
TICAM2	0.06736	0.03789	0.02506
TICRR	0.00088	0.02592	4e-05
TIE1	0.00225	0.00357	0.03204
TIFA	0.12125	0.04481	0
TIGD1	0.11459	0.26552	0.10881
TIGD2	0.01342	0.03575	0.0172
TIGD3	0.00402	0.00978	0.00085
TIGD4	0.02358	0.02261	0.01499
TIGD5	0.00738	0.02078	0.00599
TIGD6	0.02643	0.0556	0.05314
TIGD7	0.01035	0.13272	0.05047
TIGIT	0.04126	0.01198	6e-05
TIMD4	0.02443	4e-05	0
TIMELESS	0.05182	0.17416	0.04612
TIMM10	0.21008	0.42627	0.43248
TIMM10B	0.27556	0.48336	0.36063
TIMM13	0.18292	0.57109	0.29559
TIMM17A	0.26443	0.64719	0.36231
TIMM17B	0.2209	0.37647	0.32885
TIMM21	0.09553	0.39199	0.27638
TIMM22	0.09664	0.34249	0.12366
TIMM44	0.13287	0.42095	0.14007
TIMM50	0.15752	0.42008	0.22056
TIMM8A	0.03429	0.1036	0.06273
TIMM8B	0.16553	0.48501	0.31437
TIMM9	0.17686	0.29369	0.18969
TIMMDC1	0.30094	0.53952	0.69114
TIMP1	0.59423	0.9843	0.19961
TIMP2	0.16471	0.18984	0.33322
TIMP3	0.00756	0.16704	0.00636
TIMP4	0.00663	0.3721	0.0047
TINAGL1	0.0061	0.0074	0.0047
TINCR	0.0142	0.02162	0.01406
TINF2	0.35216	0.42668	0.59396
TIPARP	0.15281	0.1244	0.10334
TIPARP-AS1	0.00329	0.00982	0.00107
TIPIN	0.06623	0.23098	0.08285
TIPRL	0.20403	0.4317	0.23661
TIRAP	0.0396	0.04502	0.02255
TJAP1	0.09779	0.168	0.52939
TJP1	0.0105	0.21831	0.49364
TJP2	0.00402	0.03092	0.2732
TJP3	0.0012	0.00043	0.00049
TK1	0.06221	0.13936	0.04637
TK2	0.18502	0.17418	0.17052
TKT	0.77383	0.74951	0.85103
TKTL1	0.00691	0.00339	0
TKTL2	0.00073	0.00276	0.01212
TLCD1	0.00199	0.16547	0.00993
TLCD2	0.07409	0.09266	0.07336
TLE1	0.00695	0.09197	0.01584
TLE2	0.00106	0.16798	0.03079
TLE3	0.15537	0.14589	0.00376
TLE4	0.03814	0.05349	0.24443
TLE6	0.00081	0.05474	0
TLK1	0.20766	0.39565	0.1297
TLK2	0.05665	0.08961	0.0673
TLL1	0.00038	0.00314	0
TLL2	0.00058	0.00231	0.05188
TLN1	0.29265	0.09201	0.148
TLN2	0.07527	0.03579	0.09596
TLR1	0.58844	0.01072	0.03342
TLR10	0.16742	0.02908	0.01925
TLR2	0.96714	0.00324	4e-05
TLR3	0.11109	0.01272	0.00485
TLR4	0.35922	0.03494	0.01038
TLR5	0.24566	0.00409	0.00028
TLR6	0.13035	0.00818	0.00585
TLR7	0.31115	0.01409	0.00942
TLR8	0.10479	0.00019	0
TLR8-AS1	0.0017	0.0024	0.00205
AC097637.1	0.01108	0.01085	0.00274
TLX1	0	0.0058	0
TLX1NB	3e-05	0.00089	0
TLX2	0.00099	0.00204	0
TLX3	0	0.00016	0
TM2D1	0.28082	0.45265	0.63988
TM2D2	0.21502	0.26615	0.1945
TM2D3	0.26361	0.51842	0.46095
TM4SF1	0.00619	0.49388	0.02465
TM4SF18	0.00103	0.00275	0.0047
TM4SF19	0.01316	0.00296	0.0037
TM4SF20	0.00124	0.0061	0.00092
TM4SF4	0	8e-04	0
TM4SF5	0.00142	0.00073	0
TM6SF1	1.07975	0.02751	0.01748
TM6SF2	3e-05	0.02412	0
TM7SF2	0.03092	0.27029	0.53249
TM7SF3	0.1298	0.1494	0.13941
TM9SF1	0.22946	0.35168	0.23825
TM9SF2	0.81186	0.80454	0.98641
TM9SF3	0.12348	0.13466	0.19226
TM9SF4	0.21283	0.29622	0.13983
TMA16	0.06915	0.14744	0.06779
TMA7	0.93577	1.29228	0.95198
TMBIM1	0.67664	0.23426	1.05013
TMBIM4	1.08286	0.61819	1.05624
TMBIM6	1.75057	1.77126	1.90264
TMC1	0.00293	0.00467	0.00345
TMC2	2e-05	0.00501	0.00494
TMC3	0.00143	0.00023	0
TMC4	0.00241	0.00362	0.00097
TMC5	0.01345	0.01746	0.01252
TMC6	0.33806	0.01039	0.74147
TMC7	0.02493	0.02584	0.43237
TMC8	0.1053	0.00047	0.00037
TMCC1	0.05086	0.22243	0.19145
TMCC2	0.00246	0.03246	0.51643
TMCC3	0.1658	0.06875	0.4032
TMCO1	0.27731	0.52875	0.44726
TMCO2	0.00069	0.0011	0
TMCO3	0.04832	0.14452	0.12162
TMCO4	0.06207	0.02666	0.00141
TMCO6	0.11541	0.06568	0.08458
TMED1	0.17502	0.36711	0.32392
TMED10	0.8219	1.07874	1.39872
TMED10P1	0.00951	0.02026	0.02025
TMED11P	0.00203	0.00043	0.00021
TMED2	1.01155	1.31439	1.01227
TMED3	0.28283	0.41094	0.36205
TMED4	0.38588	0.87845	0.63262
TMED5	0.44585	0.35381	0.3139
TMED6	0.00875	0.01003	0.00101
TMED7	0.42699	0.57345	0.79639
TMED7-TICAM2	0.03132	0.02392	0.00599
TMED8	0.03502	0.06882	0.05355
TMED9	0.61375	0.72839	0.3748
TMEFF1	0	0.02805	0.20816
TMEFF2	0.00054	0.2285	1.01402
TMEM100	0	0.14771	0.00586
TMEM101	0.1482	0.20578	0.24024
TMEM102	0.01697	0.00412	0.00078
TMEM104	0.05096	0.11591	0.12769
TMEM105	0.01979	0.02259	0.0168
TMEM106A	0.26509	0.02698	0.01345
TMEM106B	0.14294	0.56282	0.48279
TMEM106C	0.12272	0.55254	0.03214
TMEM107	0.19412	0.17067	0.10664
TMEM108	0.00225	0.08754	0.00533
TMEM109	0.52601	0.16218	0.19224
TMEM11	0.17069	0.38409	0.18984
STIMATE	0.0381	0.03625	0.03413
TMEM110-MUSTN1	0.01069	0.00803	0.01182
TMEM114	0.00083	0.0024	0
TMEM115	0.16451	0.42097	0.27604
TMEM116	0.02337	0.12102	0.04842
TMEM117	0.0412	0.0651	0.12768
TMEM119	0.50207	0.00667	0.00513
TMEM120A	0.14866	0.29979	0.37087
TMEM120B	0.04044	0.06786	0.0253
TMEM121	5e-05	0.01891	0.02181
TMEM123	0.58241	0.49984	0.53362
TMEM125	0.00164	0.00097	1.31162
TMEM126A	0.16705	0.34075	0.2216
TMEM126B	0.25705	0.42221	0.48354
TMEM127	0.13698	0.12544	0.11066
TMEM128	0.22571	0.44049	0.65267
TMEM129	0.06031	0.11191	0.0681
TMEM130	0.01532	0.05812	0.01541
TMEM131	0.04495	0.092	0.06166
TMEM132A	0.00265	0.09343	0
TMEM132B	0.00311	0.117	0.04403
TMEM132C	0.00014	0.02238	0.00352
TMEM132D	9e-05	0.00052	5e-05
TMEM132E	0	0.00442	0
TMEM134	0.22219	0.233	0.28755
TMEM135	0.02966	0.0847	0.09928
TMEM136	0.03491	0.13403	0.2972
TMEM138	0.13403	0.18384	0.15787
TMEM139	0.00286	0.02087	0.15758
TMEM140	0.17908	0.14345	0.52897
TMEM141	0.12398	0.12281	0.32715
TMEM143	0.0304	0.03623	0.02443
TMEM144	0.14093	0.02177	3.11245
TMEM145	0.00147	0.03415	0.00344
TMEM147	0.58092	0.97601	0.85871
TMEM14A	0.06706	0.42125	0.52448
TMEM14B	0.53505	0.67129	0.6164
TMEM14C	0.79759	0.72024	0.56132
TMEM14EP	0.05405	0.0137	0.02361
TMEM150A	0.12617	0.0915	0.05015
TMEM150B	0.01403	0.00072	0.00136
TMEM150C	0.01521	0.12316	0.10463
TMEM151A	0.00051	0.00598	0.41236
TMEM151B	0.00072	0.01821	0.00016
TMEM154	0.13312	0.06091	0.00231
TMEM155	0.00711	5e-04	0
TMEM156	0.16766	0.01198	0.00724
TMEM158	0.00124	0.05792	0.00069
TMEM159	0.10101	0.13679	0.02734
TMEM160	0.11372	0.30494	0.19291
TMEM161A	0.10796	0.29507	0.18004
TMEM161B	0.08513	0.19844	0.10486
TMEM161B-AS1	0.00627	0.33535	0.08928
TMEM163	0.05155	0.03417	0.00299
TMEM164	0.04362	0.05077	0.0166
TMEM165	0.37459	0.43164	1.22592
TMEM167A	0.25043	0.49292	0.3078
TMEM167B	0.15007	0.17512	0.14917
TMEM168	0.12591	0.27365	0.20252
TMEM169	0.01584	0.12161	0.03008
TMEM17	0.02668	0.10655	0.06605
TMEM170A	0.16804	0.22976	0.34547
TMEM170B	0.05239	0.06262	0.01709
TMEM171	0.0027	0.00247	0.00104
TMEM173	0.63974	0.00757	0.00067
TMEM174	0	0.00098	0
TMEM175	0.20572	0.24741	0.32345
TMEM176A	0.6285	0.18111	0
TMEM176B	1.21217	0.30952	0
TMEM177	0.02112	0.16513	0.07749
TMEM178A	0.01127	0.21409	0.49642
TMEM178B	0.00106	0.13113	0.01357
TMEM179	0	0.01645	0.00145
TMEM179B	0.57769	0.49534	0.78361
TMEM18	0.12758	0.24133	0.33285
MFSD13A	0.0606	0.07545	0.06096
TMEM181	0.07508	0.24705	0.23822
TMEM182	0.00967	0.03607	0.00769
TMEM183A	0.03027	0.12415	0.08481
TMEM184A	0.00311	0.00241	0.002
TMEM184B	0.0762	0.21627	0.67256
TMEM184C	0.19018	0.36657	0.28253
TMEM185B	0.03021	0.04579	0.05461
TMEM186	0.0413	0.13001	0.06707
TMEM187	0.07745	0.09598	0.08123
TMEM189	0.11216	0.14967	0.58421
TMEM189-UBE2V1	0.00646	0.01558	0.00377
TMEM19	0.20295	0.15615	0.14911
TMEM190	0	0.00046	0
TMEM191A	0.00696	0.00423	0.00981
TMEM191C	0.00538	0.00364	0.00047
TMEM192	0.11264	0.12459	0.11525
NEMP1	0.08349	0.16605	0.03684
NEMP2	0.04493	0.05051	0.02295
TMEM196	0	0.03183	0
TMEM198	0.00141	0.13793	0.03021
TMEM198B	0.09885	0.15557	0.2187
TMEM199	0.14162	0.30734	0.34347
CEMIP2	0.12675	0.10209	0.01815
TMEM200A	0.01522	0.01262	0
TMEM200B	0.00248	0.00283	0.00071
TMEM200C	0	0.00098	0.00042
TMEM201	0.01867	0.10302	0.03209
TMEM202	5e-05	0.00078	0
TMEM203	0.02338	0.06262	0.04864
TMEM204	0.02872	0.00721	0.00216
TMEM205	0.27366	0.60819	0.73556
TMEM206	0.17713	0.47647	1.24933
TMEM207	0	0.00029	0.00024
TMEM208	0.23599	0.57135	0.54506
TMEM209	0.16552	0.37057	0.36403
TMEM211	0.00149	0.00168	0
TMEM212	0.71227	0.97401	0.81216
TMEM213	0.04085	0.05953	0.03321
TMEM214	0.08211	0.10428	0.06133
TMEM215	0.00036	0.00356	0.00171
TMEM216	0.10703	0.15864	0.02869
TMEM217	0.00842	0.01466	0.01721
TMEM218	0.02036	0.03542	0.02684
TMEM219	0.72044	0.50909	0.79069
TMEM220	0.07882	0.05999	0.01313
TMEM221	0.00174	0.0103	9e-04
TMEM222	0.22965	0.48595	0.55391
TMEM223	0.15036	0.20668	0.16291
TMEM225	0.00137	0.00044	0
TMEM229A	0	0.0016	0.04087
TMEM229B	0.02289	0.03272	0.01776
TMEM230	0.81415	1.16199	1.44754
TMEM231	0.01668	0.16748	0.03842
TMEM232	0.00158	0.01415	0.00347
TMEM233	0.00616	0.00315	0
TMEM234	0.0921	0.16836	0.0431
TMEM235	0.00014	0.00079	0.35719
TMEM236	0.02042	0.01483	0.00907
TMEM237	0.01396	0.16058	0.06336
TMEM238	0	5e-04	0
TMEM240	0	0.00079	0
TMEM241	0.04027	0.1091	0.04819
TMEM242	0.0509	0.10738	0.11913
TMEM243	0.35771	0.21576	0.12862
TMEM245	0.06045	0.12201	0.18362
TMEM246	1e-04	0.11197	0.35202
TMEM248	0.11551	0.2235	0.06556
TMEM249	0.00084	0.00566	0
TMEM25	0.02166	0.17797	0.14142
TMEM251	0.21569	0.23385	0.12805
TMEM252	0.00569	0.00065	0.00086
TMEM253	0.0015	0.01527	0.00366
TMEM254	0.11306	0.16348	0.11032
TMEM254-AS1	0.01171	0.03182	0.02918
TMEM255A	0.02727	0.27287	0.03137
TMEM255B	0.07637	0.00589	0
TMEM256	0.18944	0.24219	0.36887
TMEM258	0.56136	0.86416	0.95478
TMEM259	0.12034	0.16305	0.10794
TMEM26	0.00965	0.00329	0.01498
CLTRN	8e-05	0.0192	0.00125
TMEM30A	0.53493	0.76563	0.81494
TMEM30B	4e-05	0.00108	9e-05
TMEM30CP	6e-04	0.00302	0
TMEM31	0.00012	0.00778	0.00411
TMEM33	0.29063	0.42805	0.39002
TMEM35A	8e-05	0.17443	0
TMEM37	0.09015	0.01584	0.01846
TMEM38A	0.01912	0.04981	0.01688
TMEM38B	0.06625	0.16394	0.25851
TMEM39A	0.21002	0.1909	0.05749
TMEM39B	0.14367	0.21665	0.10085
TMEM40	0.00084	0.00098	7e-04
TMEM41A	0.08634	0.142	0.11649
TMEM41B	0.22934	0.44716	0.52766
TMEM42	0.08903	0.14582	0.24862
TMEM43	0.16785	0.36561	0.25054
TMEM44	0.01069	0.02769	0.00741
TMEM44-AS1	0.02997	0.04386	0.04473
TMEM45A	0.02231	0.25501	0.08774
TMEM45B	0.01129	0.01528	0.0085
TMEM47	0.00146	0.07395	0.00456
RXYLT1	0.05292	0.1271	0.13317
TMEM50A	0.60771	0.56086	0.99205
TMEM50B	0.33522	0.59951	0.37352
TMEM51	0.09598	0.02559	0
TMEM51-AS1	0.00781	0.00693	0.00713
TMEM52	0	0.00222	0.00545
TMEM52B	0.15252	0.00125	0.00123
TMEM53	0.02909	0.07352	0.05569
TMEM54	0.0054	0.08129	0.01009
PIP4P2	0.14834	0.24175	0.48602
PIP4P1	0.09289	0.06754	0.07874
TMEM56	0.01688	0.02646	0.1166
TMEM56-RWDD3	0.01061	0.01968	0.03982
MACO1	0.02551	0.06268	0.05009
TMEM59	1.15097	1.14842	2.17536
TMEM59L	0.00149	0.62995	0.25459
TMEM60	0.19171	0.32255	0.22231
TMEM62	0.02887	0.05271	0.069
TMEM63A	0.10795	0.04151	1.40227
TMEM63B	0.03767	0.11029	0.1326
TMEM63C	0.00516	0.01662	0.00023
TMEM64	0.015	0.06364	0.14957
TMEM65	0.02932	0.01747	0.00399
SARAF	2.09687	1.94725	2.17293
TMEM67	0.00706	0.12504	0.0011
TMEM68	0.08086	0.24687	0.11768
TMEM69	0.15192	0.25383	0.11187
TMEM70	0.50608	0.34019	0.14707
TMEM71	0.11089	0.03146	0
TMEM72	0.00116	0.00016	0
TMEM72-AS1	0.00218	0.00324	0.00029
TMEM74	0	0.01369	0.03071
TMEM74B	0.00126	0.01321	0
TMEM79	0.02596	0.08039	0.01545
TMEM80	0.1502	0.22865	0.15127
TMEM81	0.00676	0.03656	0.02296
TMEM82	0.00149	0.00042	0
TMEM86A	0.16942	0.02672	0.00629
TMEM86B	0.02715	0.02518	0.00416
TMEM87A	0.27939	0.45568	0.96499
TMEM87B	0.09942	0.08647	0.03488
TMEM88	0.0317	0.01034	0.00162
TMEM88B	0.00019	2e-05	0.01068
TMEM89	0.00029	0.00104	0.00164
TMEM8A	0.04712	0.05038	0.03919
TMEM8B	0.00639	0.07408	0.08235
MYMK	0	0.00061	0.01253
TMEM9	0.21894	0.87902	0.52295
TMEM91	0.1214	0.0467	0.01095
TMEM92	0.00173	0.00371	6e-04
TMEM95	8e-05	0.00065	0
TMEM97	0.05735	0.32464	0.02173
TMEM98	0.00171	0.31748	1.43337
TMEM99	0.01672	0.08512	0.07941
TMEM9B	0.77998	0.79838	0.95343
TMEM9B-AS1	0.02936	0.03337	0.01755
TMF1	0.17662	0.19622	0.20788
TMIE	0.0011	0.00445	0
TMIGD2	0.06788	0.01952	0.01272
TMLHE	0.13918	0.23192	0.11064
TMLHE-AS1	0.01022	0.01603	0.01094
TMOD1	0.10051	0.30224	0.17376
TMOD2	0.07916	0.31078	0.40621
TMOD3	0.19645	0.13546	0.0486
TMOD4	0.00463	0.01128	0.00235
TMPO	0.25944	0.52787	0.20844
TMPO-AS1	0.01327	0.03492	0.00292
TMPPE	0.09406	0.05419	0.01324
TMPRSS11A	0.00125	0.00707	0.00498
TMPRSS11B	0.00692	0.00798	0.00643
TMPRSS11D	0.00013	0.0051	8e-04
TMPRSS11F	3e-05	0.00144	0.00458
TMPRSS12	0.00101	0.00261	0
TMPRSS13	0.00422	0.00059	0.00051
TMPRSS15	9e-05	0.00045	0
TMPRSS2	0	0.00309	0
TMPRSS3	0.01049	0.01036	0.00817
TMPRSS4	0.002	0.00016	0.00016
SMIM35	0.00186	0.00021	0
TMPRSS5	0.00029	0.10909	0.13534
TMPRSS6	0.00319	0.00594	0
TMPRSS7	0.00088	0.00253	9e-04
TMPRSS9	0.00086	0.01536	0.00025
TMSB10	2.25609	2.05788	0.51407
TMSB15A	0.00133	0.53329	0.00554
TMSB15B	0.00966	0.23415	0.0197
TMSB4X	4.52655	3.14001	3.01853
TMSB4Y	0.0071	0.02655	0.05297
TMTC1	0.00185	0.01639	0.00225
TMTC2	0.00421	0.05294	0.35307
TMTC3	0.03869	0.18482	0.10682
TMTC4	0.02096	0.13807	0.93997
TMUB1	0.0327	0.07926	0.06045
TMUB2	0.25919	0.34597	0.26355
TMX1	0.58367	0.61898	0.30726
TMX2	0.38926	0.88667	1.04081
TMX2-CTNND1	0.00106	0.01078	0.00302
TMX3	0.18328	0.34692	0.14434
TMX4	0.11729	0.29102	0.1167
TNC	0.00386	0.39766	0.00652
TNF	0.30598	0.00264	0
TNFAIP1	0.07654	0.30338	0.23144
TNFAIP2	0.15556	0.01263	0.00026
TNFAIP3	0.71005	0.03943	0.0193
TNFAIP6	0.02312	0.18914	0.0697
TNFAIP8	0.3502	0.01378	0
TNFAIP8L1	0.16466	0.17118	0.11229
TNFAIP8L2	0.31775	0.0871	0.03484
TNFAIP8L3	0.09274	0.04717	0.03937
TNFRSF10A	0.02831	0.00486	0.00313
TNFRSF10B	0.347	0.24041	0.01733
TNFRSF10C	0.04309	0.01106	0
TNFRSF10D	0.13512	0.0113	0
TNFRSF11A	0.0539	0.00049	5e-05
TNFRSF11B	0.10693	0.06802	0.00066
TNFRSF12A	0.14595	0.37567	0.12884
TNFRSF13B	0.00306	0.0016	0.00137
TNFRSF13C	0.00529	0.00154	0
TNFRSF14	0.42675	0.07019	0.02487
TNFRSF17	0	0.00077	0
TNFRSF18	0.01871	0.00329	0.00494
TNFRSF19	0.00162	0.26675	0.01793
TNFRSF1A	0.57947	0.30424	0.02413
TNFRSF1B	0.75626	0.05429	0.00603
TNFRSF21	0.1479	0.35299	0.43074
TNFRSF25	0.07962	0.04632	0
TNFRSF4	0.01859	0.00133	0
TNFRSF6B	0.01809	0.04821	0.02778
TNFRSF8	0.03112	0.00341	0
TNFRSF9	0.02203	0.0172	0.00999
TNFSF10	0.23714	0.01337	0.00215
TNFSF12	0.12888	0.02949	0.01054
TNFSF12-TNFSF13	0.02637	0.00221	0.00094
TNFSF13	0.88334	0.03712	0.01967
TNFSF13B	0.36271	0.03009	0.0033
TNFSF14	0.06593	0.03063	0.01932
TNFSF15	0.0326	0.0106	0.00718
TNFSF18	0.02431	0.00149	0
TNFSF4	0.01883	0.01245	0.02288
TNFSF8	0.22879	0.00099	0
TNFSF9	0.05325	0.00227	0.05277
TNIK	0.02752	0.17846	0.11618
TNIP1	0.06715	0.05419	0.03099
TNIP2	0.06725	0.09419	0.06643
TNIP3	0.01049	0.0041	0.00232
TNK1	0.00669	0.00958	0.0036
TNK2	0.04589	0.16822	0.03294
TNKS	0.0497	0.21529	0.19557
TNKS1BP1	0.00498	0.07332	0.02123
TNKS2	0.12543	0.10484	0.15211
TNMD	0	0.00153	0
TNN	0.00059	0.00808	0
TNNC1	0	0.00163	0
TNNC2	1e-04	0.00958	0
TNNI1	0.00766	0.01099	0.00722
TNNI2	0.03175	0.03027	0
TNNI3	0	0.00525	0
TNNI3K	0.00018	0.00308	0.0094
TNNT1	0.00178	0.0169	0
TNNT3	0.00123	0.00427	0
TNP1	0	0.00219	0
TNPO1	0.24233	0.43684	0.27062
TNPO2	0.08536	0.38212	0.24493
TNPO3	0.12801	0.31502	0.09716
TNR	0.00109	0.30797	0.01146
TNRC18	0.02014	0.03385	0.00592
TNRC18P1	0.00224	0.00201	0.00309
TNRC6A	0.05149	0.13973	0.12101
TNRC6B	0.17256	0.26873	0.19119
TNRC6C	0.02364	0.12019	0.15777
TNS1	0.0753	0.15232	0.3375
TNS3	0.24471	0.15096	0.00925
TNS4	0.00608	0.00712	0.00546
TNXA	1e-05	0.00556	0
TNXB	0.00075	0.03366	0.00282
TOB1	0.75225	0.81021	0.97149
TOB1-AS1	0.00954	0.01848	0.01938
TOB2	0.16624	0.15411	0.37036
TOB2P1	0.00149	0.02089	0.00749
TOE1	0.07417	0.09954	0.08503
TOLLIP	0.14582	0.23994	0.30763
TOM1	0.30954	0.18778	0.24119
TOM1L1	0.00423	0.08308	0.0015
TOM1L2	0.04059	0.16493	0.39442
TOMM20	0.48859	0.92867	0.86797
TOMM20L	0.00214	0.00875	0.00472
TOMM22	0.35159	0.62279	0.48506
TOMM34	0.10536	0.23837	0.14603
TOMM40	0.02808	0.10568	0.04203
TOMM40L	0.05927	0.04075	0.02462
TOMM5	0.36545	0.82299	0.34019
TOMM6	0.45402	0.56752	0.41823
TOMM7	0.79571	0.9491	0.70252
TOMM70	0.03821	0.10442	0.08648
TONSL	0.02513	0.06567	0.01332
TOP1	0.20036	0.2711	0.12606
TOP1MT	0.03188	0.14203	0.04246
SRP14P4	0.00756	0.00281	0.0062
TOP2A	0.02585	0.22756	0.01413
TOP2B	0.08437	0.29419	0.20142
TOP3A	0.05991	0.15412	0.06745
TOP3B	0.07203	0.1314	0.07206
TOPAZ1	0	0.00024	5e-05
TOPBP1	0.04736	0.13285	0.03773
TOPORS	0.14132	0.24957	0.2293
TOR1A	0.33701	0.39223	0.18605
TOR1AIP1	0.34	0.33159	0.22646
TOR1AIP2	0.26457	0.43499	0.25272
TOR1B	0.12882	0.15692	0.06579
TOR2A	0.22664	0.13693	0.0426
TOR3A	0.33718	0.26021	0.12105
TOR4A	0.02454	0.01757	0.01133
TOX	0.02814	0.11074	0.00116
TOX2	0.00395	0.01115	0
TOX3	1e-05	0.10059	0.03158
TOX4	0.25521	0.38459	0.34361
TP53	0.13661	0.37483	0.08044
TP53AIP1	0.00434	0.0141	0.00138
TP53BP1	0.08232	0.31438	0.15225
TP53BP2	0.08272	0.18927	0.21937
TP53I11	0.2551	0.13746	0.00015
TP53I13	0.22232	0.26659	0.05477
TP53I3	0.05164	0.19506	0.00637
TP53INP1	0.12694	0.14183	0.04884
TP53INP2	0.09408	0.12563	0.22928
TP53RK	0.07612	0.2304	0.1737
TP53TG1	0.0941	0.13161	0.19002
TP53TG3	0	0.01308	0.00069
TP53TG3B	0	0.01308	0.00069
TP53TG3C	0.00116	0.00176	0.01409
TP53TG3D	0	0.00848	0.00213
TP53TG5	0.00012	0.00078	0.02913
TP63	8e-05	0.00377	0
TP73	0.00274	0.04061	0.0043
TP73-AS1	0.04129	0.08061	0.06202
TPBG	0.0047	0.01803	0.01477
TPBGL	0.00078	0.00024	0
TPCN1	0.32805	0.10418	0.23163
TPCN2	0.05713	0.04979	0.0139
TPD52	0.08989	0.20801	0.90165
TPD52L1	0.00124	0.02951	0.02431
TPD52L2	0.462	0.52992	0.46333
TPGS1	0.01068	0.03736	0.01218
TPGS2	0.17355	0.54439	0.40867
TPH1	0.00028	0.01079	0.00535
TPH2	0.00024	0.00037	0
TPI1	1.7182	2.31294	1.39831
TPI1P2	0.00588	0.02511	0.00925
TPI1P3	0.0011	0.0026	0.01317
TPK1	0.12905	0.01871	0.02907
TPM1	0.09512	0.31827	0.02555
TPM2	0.02319	0.14551	0.0112
TPM3	1.44257	0.7843	0.5902
TPM3P9	0.06029	0.08553	0.04835
TPM4	0.75999	0.87247	0.41491
TPMT	0.24987	0.18872	0.15373
TPO	0	0.00038	0
TPP1	1.21999	0.38559	1.20343
TPP2	0.19577	0.29938	0.24099
TPPP	0.00239	0.03613	1.18563
TPPP3	0.01654	0.30029	1.16131
TPR	0.18537	0.30191	0.18936
TPRA1	0.07981	0.11081	0.04099
TPRG1	0.03605	0.01431	0.00589
TPRG1-AS2	0.00217	0.0011	0.0014
TPRG1L	0.07234	0.03835	0.08637
TPRKB	0.2272	0.46775	0.28618
TPRN	0.00497	0.01122	0.16984
TPRXL	0.00012	0.00117	0.00026
TPSAB1	0.04373	0.00137	0
TPSB2	0.04432	0.00198	0
TPSD1	0.01117	0.00043	0
TPSG1	8e-05	0.00045	0
TPST1	0.07834	0.44564	0.26248
TPST2	0.28074	0.14013	0
TPT1	4.07534	2.65677	2.27042
TPT1-AS1	0.03904	0.1401	0.16524
TPTE2	0.00219	0.01059	0.00356
TPTE2P1	0.01848	0.02856	0.01859
TPTE2P5	0.00877	0.01796	0.01809
TPTE2P6	0.00066	0.00876	0.00425
TPTEP1	0.00902	0.01038	0.03586
TPX2	0.02922	0.19856	0.00466
TRA2A	0.56108	1.07322	0.63503
TRA2B	0.34423	0.51741	0.26887
TRABD	0.48315	0.20019	0.09627
TRABD2A	0.01624	0.00343	0
TRABD2B	1e-05	0.00097	0
TRADD	0.16774	0.06255	0.15161
TRAF1	0.04043	0.0194	0.03323
TRAF2	0.0632	0.11426	0.11296
TRAF3	0.0395	0.03713	0.04497
TRAF3IP1	0.02637	0.04628	0.02017
TRAF3IP2	0.09649	0.18195	0.069
TRAF3IP2-AS1	0.08547	0.38614	0.16858
TRAF3IP3	0.27993	0.00122	0.00151
TRAF4	0.0096	0.28949	0.10221
TRAF5	0.10991	0.12767	0.01658
TRAF6	0.08542	0.12641	0.11285
TRAF7	0.1197	0.22319	0.06052
TRAFD1	0.1529	0.36865	0.44978
TRAIP	0.01108	0.07451	0.01259
TRAK1	0.12886	0.18717	0.13003
TRAK2	0.07337	0.13713	0.09034
TRAM1	0.77361	0.62543	0.62834
TRAM1L1	0.00038	0.03641	0.25183
TRAM2	0.03001	0.08209	0.01564
TRANK1	0.05363	0.02041	0.00067
TRAP1	0.21159	0.61656	0.40333
TRAPPC1	0.28206	0.26408	0.3266
TRAPPC10	0.06711	0.05	0.13834
TRAPPC11	0.15332	0.22777	0.14435
TRAPPC12	0.04646	0.08294	0.04804
TRAPPC13	0.10158	0.29924	0.24304
TRAPPC2	0.27967	0.47734	0.2485
TRAPPC2L	0.22775	0.4753	0.97929
TRAPPC2B	0.13351	0.28473	0.16487
TRAPPC3	0.33143	0.45938	0.45562
TRAPPC4	0.29247	0.52992	0.48095
TRAPPC5	0.3326	0.55134	0.44905
TRAPPC6A	0.15141	0.13276	0.22297
TRAPPC6B	0.1205	0.22548	0.17367
TRAPPC8	0.06844	0.08624	0.11083
TRAPPC9	0.11747	0.14703	0.17416
TRAT1	0.0535	0.00029	0
TRDMT1	0.0275	0.04528	0.03892
TRDN	0.00026	0.00618	0
TREH	0.00011	0.00374	0.01371
TREM1	0.57803	0.0342	0
TREM2	1.9061	0.00151	0.00361
TREML1	0.1357	0.00071	0
TREML2	0.00889	0.00048	6e-05
TREML3P	0.03028	0.00035	0
TREML4	0.02257	0.00017	0
TRERF1	0.03747	0.06445	0.00033
TREX1	0.12856	0.15229	0.21682
TREX2	0.00422	0.00328	0
TRH	0.00065	0.00906	0.00027
TRHDE	0.00065	0.00034	0
TRHDE-AS1	0.00083	0.00217	0.00641
TRHR	0	0.00463	0
TRIAP1	0.17373	0.47666	0.19145
TRIB1	0.28552	0.06266	0.01335
TRIB2	0.05326	0.94632	0.00768
TRIB3	0.01957	0.12834	0.01049
TRIM10	0	0.00026	0
TRIM11	0.05197	0.08111	0.03812
TRIM13	0.18087	0.28626	0.23224
TRIM14	0.25834	0.15536	0.06833
TRIM16	0.02355	0.11636	0.08173
TRIM16L	0.03109	0.07909	0.07482
TRIM17	0.00666	0.01856	0.00513
TRIM2	0.00631	0.36829	1.34697
TRIM21	0.12268	0.07104	0.0647
TRIM22	0.91054	0.18595	0.04089
TRIM23	0.06921	0.16405	0.28
TRIM24	0.02479	0.28381	0.08262
TRIM25	0.10562	0.07474	0.0293
TRIM26	0.13921	0.19864	0.17655
TRIM27	0.2893	0.48222	0.19027
TRIM28	0.08576	0.2325	0.10361
TRIM29	2e-05	0.00256	0
TRIM3	0.02447	0.07209	0.13272
TRIM32	0.04119	0.16395	0.07214
TRIM33	0.06124	0.11394	0.07273
TRIM34	0.19608	0.03378	0.00402
TRIM35	0.05736	0.13046	0.11767
TRIM36	0.05825	0.16937	0.03221
TRIM37	0.09525	0.32548	0.09369
TRIM38	0.36424	0.02968	0.00441
TRIM39	0.04006	0.06504	0.0414
TRIM39-RPP21	0.00553	0.01141	0.00327
TRIM4	0.16281	0.3112	0.12048
TRIM41	0.02441	0.02942	0.01225
TRIM43	2e-04	0.00063	0
TRIM44	0.09597	0.27984	0.15874
TRIM45	0.03628	0.10496	0.04789
TRIM46	0.004	0.05307	0.03902
TRIM47	0.00929	0.08061	0.0807
TRIM48	0	0.02384	9e-05
TRIM49	0	2e-04	0
TRIM49B	0.00016	0.00015	0
TRIM49C	0	0.00054	0
TRIM5	0.1136	0.12314	0.04712
TRIM50	0.00251	0.00021	0
TRIM51	0.00032	0.0012	0
TRIM51HP	0	0.00039	0
TRIM52	0.06855	0.1727	0.09798
TRIM53AP	5e-05	0.00188	0
TRIM54	0.00071	0.00113	0
TRIM55	0	0.00056	0.00042
TRIM56	0.03707	0.05436	0.06567
TRIM58	0.04239	0.04664	0.03369
TRIM59	0.06314	0.09706	0.62218
TRIM6	0.02944	0.01299	0.00533
TRIM60	0.00029	0.00076	1e-05
TRIM61	0.01135	0.05168	0.02778
TRIM62	0.01435	0.03208	0.07996
TRIM63	0.00021	0.00076	0.01163
TRIM64	0	0.00026	0
TRIM64B	0.00042	0.001	0
TRIM64C	0	0.00067	0
TRIM65	0.03311	0.05047	0.02442
TRIM66	0.02964	0.04166	0.02641
TRIM67	0.00015	0.03031	0.00039
TRIM68	0.06142	0.08364	0.07014
TRIM69	0.01264	0.04371	0.01252
TRIM7	0.00455	0.01236	0.00144
TRIM71	0.00026	0.00744	0
TRIM72	0.00899	0.01094	0.00621
TRIM73	0.00636	0.01287	0.00458
TRIM74	0.00636	0.01287	0.00458
TRIM77	0.00034	0.00051	0.00198
TRIM8	0.10647	0.08295	0.14329
TRIM9	0.0098	0.89656	0.40781
TRIO	0.04737	0.26144	0.02044
TRIOBP	0.07929	0.10933	0.04513
TRIP10	0.03765	0.07921	0.00682
TRIP11	0.0916	0.13114	0.1223
TRIP12	0.15454	0.1988	0.19087
TRIP13	0.05343	0.16797	0.03535
TRIP4	0.15589	0.16616	0.1346
TRIP6	0.0516	0.15615	0.03605
TRIQK	0.09305	0.11405	0.21911
TRIT1	0.07168	0.15937	0.07984
TRMT1	0.194	0.29288	0.14125
TRMT10A	0.01888	0.04031	0.01756
TRMT10B	0.09503	0.17385	0.13135
TRMT10C	0.1317	0.31965	0.11961
TRMT11	0.08434	0.23275	0.1478
TRMT112	0.70471	0.96796	0.82615
TRMT12	0.04991	0.10455	0.05221
TRMT13	0.08616	0.15677	0.12444
TRMT1L	0.05987	0.07847	0.13111
TRMT2A	0.1496	0.21973	0.2016
TRMT2B	0.09287	0.10702	0.07669
TRMT44	0.01589	0.02743	0.01482
TRMT5	0.02662	0.11462	0.05042
TRMT6	0.0543	0.16757	0.08895
TRMT61A	0.05676	0.14018	0.16648
TRMT61B	0.10432	0.30654	0.1749
TRMU	0.07152	0.2076	0.20104
TRNAU1AP	0.17791	0.22573	0.16114
TRNP1	0.00233	0.0078	0.00207
TRNT1	0.09461	0.16778	0.25024
TRO	0.04053	0.42218	0.23177
TROAP	0.01311	0.10288	0.00218
TROVE2	0.27976	0.8537	0.61965
TRPA1	0.00018	0.00049	4e-05
TRPC1	0.00448	0.04467	0.02279
TRPC2	0.02065	5e-05	0
TRPC3	0.00178	0.00375	0.00469
TRPC4	2e-04	0.05568	0
TRPC4AP	0.32202	0.51427	0.70676
TRPC5	0.00362	0.0029	0.00671
TRPC5OS	0.00331	0.00051	0
TRPC6	0.00505	0.00129	7e-05
TRPC7	7e-05	0.00033	0
TRPM1	0.0019	0.00349	0.00971
TRPM2	0.25466	0.00039	0
TRPM3	0.0117	0.10683	0.00604
TRPM4	0.03698	0.02731	0.00122
TRPM5	0.00181	0.00208	0.00057
TRPM6	0.00418	0.00505	0.07081
TRPM7	0.13894	0.1527	0.11907
TRPM8	0.00605	0.03191	0.01219
TRPS1	0.10177	0.1337	0.08379
TRPT1	0.2329	0.43652	0.30495
TRPV1	0.05836	0.08208	0.05122
TRPV2	0.28037	0.00215	0
TRPV3	0.00046	0.00777	0.03958
TRPV4	0.01456	0.0045	0.00127
TRPV5	6e-05	0.00051	0.01888
TRPV6	0.0017	0.00082	0.026
TRRAP	0.03877	0.12311	0.05564
TRUB1	0.05395	0.11226	0.11117
TRUB2	0.11496	0.36484	0.40961
TSACC	0.00678	0.01352	0.01417
TSC1	0.08802	0.16272	0.17414
TSC2	0.1052	0.25925	0.20757
TSC22D1	0.09998	1.58836	0.84396
TSC22D2	0.45062	0.25583	0.12663
TSC22D3	1.60718	0.50764	0.75748
TSC22D4	0.03716	0.31873	0.8878
TSEN15	0.16287	0.4939	0.81442
TSEN2	0.05639	0.19547	0.08844
TSEN34	0.06654	0.22646	0.06457
TSEN54	0.13527	0.1782	0.17234
TSFM	0.09361	0.44875	0.16181
TSG101	0.47372	0.76045	0.70432
TSGA10	0.01191	0.01506	0.05468
TSGA10IP	0.00058	0.00048	0
TSGA13	5e-05	0.00107	0
TSHB	0	0.00079	0
TSHR	0.01469	0.01442	0.00428
TSHZ1	0.02243	0.08266	0.02219
TSHZ2	0.00439	0.03928	0.00237
TSHZ3	0.0092	0.0384	0.00232
TSIX	0.02231	0.03581	0.03895
TSKS	0.00179	4e-04	0
TSKU	0.00669	0.15573	0.00475
TSLP	0	0.00922	0.00014
TSN	0.22874	0.61253	0.45701
TSNARE1	0.03627	0.04438	0.07222
TSNAX	0.45231	0.43447	0.28768
TSNAX-DISC1	0.00208	0.00631	0.01389
TSNAXIP1	0.00413	0.03579	0.0228
TSPAN1	0.00026	0.0051	0.02444
TSPAN10	4e-04	0.00104	0
TSPAN11	0.00138	0.12059	0
TSPAN12	0.00234	0.36234	0.00449
TSPAN13	0.10646	0.59773	0.01252
TSPAN14	0.54376	0.21243	0.15226
TSPAN15	0.14195	0.04927	0.82008
TSPAN16	0.00063	0.00056	8e-05
TSPAN17	0.04574	0.10657	0.0194
TSPAN18	0.00057	0.0458	0.00023
TSPAN19	0.00027	0.00086	0.01042
TSPAN2	0.00789	0.00955	0.00329
TSPAN3	0.52388	1.55357	0.95065
TSPAN31	0.24165	0.51819	0.40585
TSPAN32	0.04948	0.00035	0
TSPAN33	0.03613	0.01572	0
TSPAN4	0.16691	0.14827	0.01594
TSPAN5	0.02787	0.18512	0.28161
TSPAN6	0.00436	0.59402	0.03119
TSPAN7	0.02971	1.35591	0.56165
TSPAN8	0	0.00531	0.14464
TSPAN9	0.00021	0.01672	0.00187
TSPEAR	3e-05	6e-04	0
TSPO	1.40592	0.61376	0.68932
TSPO2	0.0029	0.00161	0
TSPY26P	0.00039	0.01179	0
TSPYL1	0.49132	0.59881	0.41113
TSPYL2	0.16557	0.22193	0.1636
TSPYL4	0.06365	0.41743	0.30972
TSPYL5	0.0256	0.01399	0.04713
TSPYL6	0.00067	0.00571	0.00498
TSR1	0.07544	0.26605	0.09149
TSR2	0.21344	0.39075	0.41668
TSR3	0.02926	0.06711	0.04795
EIPR1	0.11825	0.28192	0.209
TSSC4	0.15269	0.35362	0.27323
TSSK1B	2e-05	0.0024	0
TSSK2	0.00026	0.00282	0
TSSK3	0.03267	0.04207	0.01
TSSK4	0.01165	0.01669	0.01359
TSSK6	0.00834	0.01401	0
TST	0.0743	0.08458	0.18591
TSTA3	0.17803	0.30452	0.13527
TSTD1	0.17541	0.20198	0.01313
TSTD2	0.06442	0.17091	0.08549
TSTD3	0.06549	0.10129	0.08119
TTBK1	0.00021	0.01112	0.00525
TTBK2	0.0246	0.0308	0.03803
TTC1	0.30239	0.48919	0.81327
TTC12	0.02293	0.02313	0.06539
TTC13	0.08097	0.14496	0.10156
TTC14	0.2164	0.29854	0.2248
TTC16	0.00382	0.00212	0
TTC17	0.29241	0.33096	0.19405
CFAP70	0.00316	0.01609	0.01446
TTC19	0.2345	0.32008	0.16214
TTC21A	0.01912	0.03672	0.016
TTC21B	0.06142	0.16583	0.09437
TTC22	0.00039	0.00049	0
TTC23	0.0306	0.08991	0.02556
TTC23L	2e-05	0.00526	0.00413
TTC24	0.00413	0.00489	0
TTC25	0.00262	0.03617	0.00701
TTC26	0.00617	0.10417	0.01165
TTC27	0.09302	0.15751	0.10083
TTC28	0.02757	0.1069	0.05032
TTC28-AS1	0.04282	0.15398	0.05673
TTC29	0.00017	0.00162	0
TTC3	0.25055	0.80035	0.34006
TTC30A	0.00228	0.05876	0.04178
TTC30B	0.01094	0.05335	0.04601
TTC31	0.14498	0.1445	0.15039
TTC32	0.07628	0.20028	0.17288
TTC33	0.04316	0.08676	0.07692
TTC34	0.00011	0.00021	0
TTC36	0.00132	0.00475	0.00261
TTC37	0.12079	0.24284	0.26515
TTC38	0.13615	0.11025	0.03149
TTC39A	0.00473	0.0117	5e-04
TTC39B	0.03324	0.02693	0.00979
TTC39C	0.0861	0.13822	0.02745
TTC3P1	0.00547	0.12494	0.03221
TTC4	0.08107	0.19753	0.15636
CFAP46	0.00017	0.00496	0.00218
TTC5	0.0865	0.17342	0.1149
TTC7A	0.17999	0.03347	0.09934
TTC7B	0.02108	0.03545	0.05046
TTC8	0.04489	0.17691	0.08415
TTC9	0.00111	0.01116	0
TTC9B	2e-04	0.04573	0.0064
TTC9C	0.12014	0.19685	0.17587
TTF1	0.0836	0.13613	0.10921
TTF2	0.07906	0.07027	0.07889
TTI1	0.08133	0.2136	0.12603
TTI2	0.05802	0.14726	0.12736
TTK	0.0085	0.07461	0.00095
TTL	0.05228	0.13659	0.14066
TTLL1	0.03899	0.1552	0.11843
TTLL10	0.00062	0.00045	0
TTLL11	0.00426	0.00806	0.04065
TTLL12	0.01893	0.06091	0.02111
TTLL13P	0.00073	0.00284	0.00663
TTLL2	0	0.0039	0
TTLL3	0.16756	0.11424	0.06708
TTLL4	0.06878	0.16113	0.16838
TTLL5	0.06334	0.1427	0.23299
TTLL6	4e-05	0.00252	0
TTLL7	5e-04	0.06562	0.63423
TTLL9	0.00301	0.01073	0.03842
TTN	0.01727	0.01168	0.00439
TTN-AS1	0.09308	0.07853	0.0487
TTPA	0.00064	0.01004	0.00032
TTPAL	0.07412	0.13092	0.08479
TTR	0	9e-04	0
TTTY1	0	0.00054	0
TTTY10	0.00894	0.00808	0.00591
TTTY14	0.00642	0.01798	0.0085
TTTY15	0.07772	0.11098	0.0625
TTTY2	1e-04	0.00066	0
TTTY2B	1e-04	0.00066	0
TTTY4	0.00019	2e-05	0
TTTY4B	0.00019	2e-05	0
TTTY4C	0.00019	2e-05	0
TTTY9B	0	0.00026	0
TTYH1	0.00528	0.55261	0.9105
TTYH2	0.14255	0.12584	1.65226
TTYH3	0.2282	0.32151	0.04906
TUB	0.00071	0.10065	0.01061
TUBA1A	0.86293	4.14267	4.27173
TUBA1B	2.20541	2.83688	2.15653
TUBA1C	0.46227	0.53424	0.08573
TUBA3C	0	0.00049	0
TUBA3D	0.00247	0.00554	8e-04
TUBA3E	5e-05	0.0021	5e-05
TUBA3FP	0.04197	0.09211	0.06156
TUBA4A	0.13002	0.02945	0.03382
TUBA4B	0.0017	0.00078	0.00053
TUBA8	0.00582	0.02719	0.00957
TUBB	1.16767	2.31845	0.94511
TUBB1	0.01969	0.0319	0.0101
TUBB2A	0.18941	1.57994	0.55112
TUBB2B	0.03118	2.68142	0.79374
AC092143.1	0.01644	1.3513	0.10885
TUBB4A	0.00271	0.25875	2.85856
TUBB4B	0.73309	1.14912	0.74383
TUBB6	0.10453	0.18677	0.03419
TUBB7P	0.00696	0.00162	0.004
TUBBP5	0.01471	0.00091	8e-05
TUBD1	0.08999	0.13768	0.12454
TUBE1	0.05778	0.20733	0.1329
TUBG1	0.09698	0.45384	0.14266
TUBG2	0.05389	0.24676	0.34003
TUBGCP2	0.24336	0.1987	0.21547
TUBGCP3	0.12578	0.21325	0.11307
TUBGCP4	0.08127	0.26922	0.13759
TUBGCP6	0.18187	0.28603	0.20845
TUFM	0.69349	1.11134	0.90381
TUFT1	0.06753	0.09838	0.03496
TUG1	0.14587	0.26504	0.13206
TULP1	0	0.00106	0
TULP2	0.02517	0.0067	0.00272
TULP3	0.02459	0.21574	0.15874
TULP4	0.12876	0.27606	0.7537
TUSC1	0.00825	0.02698	0.05173
TUSC2	0.09994	0.20365	0.17983
TUSC3	0.00305	0.07252	0.00353
TRARG1	0.00074	0.00051	0
TUT1	0.0831	0.15187	0.10969
TVP23A	0.03623	0.07974	0.0116
TVP23B	0.25898	0.44585	0.29446
TVP23C	0.09832	0.1289	0.16251
TVP23C-CDRT4	0.01078	0.01726	0.03431
TWF1	0.32354	0.78245	0.69271
TWF2	0.65172	0.3228	0.09162
TWIST1	0.00015	0.01855	0.00146
TWIST2	3e-05	0.00377	0
TWISTNB	0.08987	0.18214	0.14267
TWSG1	0.13317	0.2504	0.26615
TXK	0.01706	0.00057	0
TXLNA	0.25205	0.54477	0.47061
TXLNB	0.0077	0.01761	0
TXLNG	0.04781	0.17356	0.11669
TXLNGY	0.11509	0.06409	0.09389
TXN	0.30284	0.69051	0.68558
TXN2	0.42343	0.75311	0.59135
TXNDC11	0.0971	0.05199	0.02481
TXNDC12	0.44846	0.41954	0.23094
TXNDC15	0.18507	0.35078	0.31428
TXNDC16	0.04658	0.10252	0.12248
TXNDC17	0.13999	0.38505	0.2119
TXNDC2	0.00163	0.00494	0.00074
TXNDC5	0.03284	0.08401	0.03804
TXNDC9	0.17762	0.33584	0.35696
TXNIP	1.42098	0.75849	0.24913
TXNL1	0.41238	0.90725	0.45652
TXNL4A	0.10567	0.29812	0.23053
TXNL4B	0.06777	0.2397	0.21925
TXNRD1	0.21211	0.41226	0.216
TXNRD2	0.04291	0.09368	0.06576
TXNRD3	0.00679	0.02394	0.01497
TYK2	0.27181	0.23786	0.1714
TYMP	0.37913	0.00355	0.00027
TYMS	0.06557	0.51523	0.45283
TYR	5e-05	0.00127	0.00101
TYRO3	0.00481	0.14792	0.64861
TYRO3P	0.01144	0.00939	0.00562
TYROBP	2.73359	0.0045	0
TYRP1	6e-05	0.00061	0.00316
TYSND1	0.03618	0.04329	0.03416
TYW1	0.11605	0.25225	0.13332
TYW3	0.0724	0.0928	0.1155
TYW5	0.07425	0.13869	0.12198
U2AF1	0.558	0.99209	0.66462
U2AF1L4	0.18929	0.23322	0.18749
U2AF2	0.02455	0.03908	0.02253
U2SURP	0.15288	0.32857	0.27932
UACA	0.0401	0.06461	0.0647
UAP1	0.11089	0.21092	0.05518
UAP1L1	0.04138	0.03518	0.08635
UBA1	0.48399	1.04644	0.86292
UBA2	0.11442	0.308	0.21358
UBA3	0.36643	0.63564	0.87296
UBA5	0.11566	0.30302	0.23756
UBA52	0.86076	0.78595	0.40205
UBA6	0.13333	0.20466	0.20904
UBA7	0.51203	0.06274	0.05692
UBAC1	0.1385	0.10948	0.06228
UBAC2	0.3651	0.34423	0.16242
UBAC2-AS1	0.00702	0.02139	0.00758
UBALD1	0.00388	0.01149	0.00934
UBALD2	0.01882	0.04502	0.02905
UBAP1	0.27409	0.30841	0.30645
UBAP1L	0.00776	0.01425	0.02586
UBAP2	0.05542	0.12556	0.05193
UBAP2L	0.37029	0.66738	0.33715
UBASH3A	0.0304	1e-04	0
UBASH3B	0.08244	0.03453	0.00343
UBB	2.20557	2.97467	3.67948
UBC	3.33385	2.96024	3.07259
UBD	6e-05	0.01235	0
UBE2A	0.42946	0.5957	0.48791
UBE2B	0.38381	0.47626	0.49537
UBE2C	0.04065	0.2763	0.01387
UBE2D1	0.24657	0.24065	0.20951
UBE2D2	0.28751	0.51902	0.52073
UBE2D3	1.36964	1.25663	1.05807
UBE2D4	0.10998	0.35528	0.21234
UBE2E1	0.06875	0.162	0.12026
UBE2E2	0.2674	0.29128	0.42316
UBE2E3	0.18325	0.80898	0.49787
UBE2F	0.32666	0.34379	0.44947
UBE2F-SCLY	0.00153	0.00635	0.0096
UBE2G1	0.17884	0.31665	0.37989
UBE2G2	0.36139	0.51091	0.30217
UBE2H	0.08701	0.26438	0.16847
UBE2I	0.28695	0.58032	0.26779
UBE2J1	0.1618	0.21575	0.24193
UBE2J2	0.1054	0.20815	0.1633
UBE2K	0.18318	0.26212	0.183
UBE2L3	0.34008	0.50592	0.57658
UBE2L6	0.63973	0.721	0.52143
UBE2M	0.01252	0.03821	0.02011
UBE2MP1	0	0.00046	0.0012
UBE2N	0.43053	0.83191	0.53662
UBE2O	0.02171	0.08235	0.04313
UBE2Q1	0.03833	0.06074	0.04576
UBE2Q2	0.07658	0.13321	0.0844
UBE2Q2P1	0.09865	0.11934	0.05344
UBE2Q2P2	0.03997	0.12584	0.03575
UBE2QL1	0.00016	0.0108	0
UBE2R2	0.09911	0.11144	0.14171
UBE2S	0.0219	0.08963	0.02891
UBE2T	0.03003	0.35223	0.02417
UBE2V1	0.18503	0.26881	0.06612
UBE2V2	0.42024	1.05841	0.66859
UBE2W	0.33774	0.26197	0.13186
UBE2Z	0.10964	0.13223	0.31222
UBE3A	0.1307	0.31653	0.15207
UBE3B	0.16289	0.26942	0.23965
UBE3C	0.05779	0.11939	0.05308
UBE3D	0.0305	0.07358	0.05265
UBE4A	0.29441	0.35977	0.46068
UBE4B	0.07391	0.14839	0.28072
UBFD1	0.02376	0.13322	0.05158
UBIAD1	0.09606	0.19979	0.20261
UBL3	0.35367	0.266	0.53312
UBL4A	0.09228	0.23207	0.1704
UBL4B	7e-05	0.00234	0
UBL5	0.6295	1.10068	0.94081
UBL7	0.28152	0.43124	0.6175
UBLCP1	0.17884	0.31973	0.32723
UBN1	0.04739	0.06429	0.02149
UBN2	0.03702	0.10719	0.0574
UBOX5	0.04299	0.12311	0.09106
UBOX5-AS1	0.0054	0.0077	0.00445
UBP1	0.04737	0.06935	0.02475
UBQLN1	0.21197	0.34834	0.42996
UBQLN2	0.24397	0.53834	0.59648
UBQLN3	1e-05	0.00066	0.00205
UBQLN4	0.02393	0.09558	0.04406
UBQLNL	0.0045	0.00329	0
UBR1	0.12214	0.1789	0.18892
UBR2	0.23217	0.29745	0.34363
UBR3	0.04803	0.09522	0.11196
UBR4	0.11078	0.15965	0.09097
UBR5	0.07682	0.10732	0.06297
UBR7	0.11777	0.34792	0.29416
UBTD1	0.02259	0.02664	0.08213
UBTD2	0.01396	0.08537	0.05898
UBTF	0.06835	0.18798	0.07194
UBTFL1	0.00113	0.00109	0
UBXN1	0.82212	0.81884	0.89115
UBXN10	0.00297	0.0038	0
UBXN11	0.20922	0.15506	0.03925
UBXN2A	0.06474	0.22761	0.18599
UBXN2B	0.33931	0.37737	0.16598
UBXN4	0.41534	0.66342	0.6773
UBXN6	0.06685	0.10454	0.10102
UBXN7	0.10406	0.26062	0.13441
UBXN8	0.0969	0.24278	0.16336
UCA1	0.00338	0.00559	0.00439
UCHL1	0.01132	1.35036	1.23581
UCHL3	0.27357	0.38074	0.26386
UCHL5	0.19669	0.32634	0.25281
UCK1	0.06647	0.26966	0.13802
UCK2	0.03482	0.12054	0.03553
UCKL1	0.14547	0.35127	0.33225
UCN	0.00635	0.03641	0.0365
UCN2	0.00368	0.00452	0
UCP1	0.00075	0.00108	0.00069
UCP2	1.16078	0.22575	0.03275
UCP3	0.00442	0.00822	0.00127
UEVLD	0.09029	0.14763	0.18292
UFC1	0.56941	0.79371	0.49437
UFD1	0.19113	0.34531	0.48177
UFL1	0.17428	0.20963	0.37778
UFM1	0.45657	0.65541	0.68277
UFSP1	0.00837	0.02495	0.0034
UFSP2	0.13274	0.34386	0.34014
UGCG	0.13885	0.11064	0.02544
UGDH	0.09964	0.49281	0.09803
UGDH-AS1	1.89557	2.38949	2.10133
UGGT1	0.1358	0.19331	0.13884
UGGT2	0.04522	0.16695	0.10712
UGP2	0.45166	0.57578	0.16615
UGT2A1	0.00011	0.00016	0
UGT2A2	0	0.00039	0
UGT2A3	0.00084	4e-04	0
UGT2B10	0.00052	0.00076	0
UGT2B11	0	0.00029	0
UGT2B15	0.01813	0.02488	0.01936
UGT2B28	0	2e-04	0
UGT2B4	4e-05	8e-05	0
UGT2B7	0.00032	0.00048	0
UGT3A1	0.00039	0.00044	0
UGT3A2	0.00011	0.00031	0.00249
UGT8	0.24723	0.51783	2.32498
UHMK1	0.13101	0.13683	0.10669
UHRF1BP1	0.0661	0.08436	0.03231
UHRF1BP1L	0.16532	0.2028	0.16596
UHRF2	0.06522	0.08844	0.1197
UIMC1	0.07943	0.1823	0.0887
ULBP1	0.0054	0.05309	0.00492
ULBP2	0.02469	0.05061	0
ULBP3	0.00198	0.03158	0
ULK1	0.0324	0.07997	0.02331
ULK2	0.04074	0.06533	0.10553
ULK3	0.22034	0.28976	0.14956
ULK4	0.06083	0.08525	0.03848
ULK4P1	0.05656	0.01343	0
ULK4P2	0.05656	0.01344	0
ULK4P3	0.06095	0.01151	0.00051
UMODL1	8e-05	0.00207	0
UMPS	0.03666	0.11493	0.06905
UNC119	0.16812	0.16091	0.01463
UNC119B	0.00778	0.09469	0.02655
UNC13A	0.00139	0.05301	0.00111
UNC13B	0.01976	0.08043	0.05956
UNC13C	8e-04	0.00546	0.00439
UNC13D	0.13143	0.01447	0.00493
UNC45A	0.13197	0.23164	0.07115
UNC45B	0.00036	0.00029	9e-05
UNC50	0.34273	0.66339	0.62736
UNC5A	0.00208	0.01145	0
UNC5B	0.08629	0.02331	0.27045
UNC5B-AS1	0.00069	0.00102	0.00303
UNC5C	0.00287	0.03089	0.40032
UNC5CL	0.00789	0.01255	0.01293
UNC5D	7e-05	0.00677	0.00015
UNC79	0.00146	0.04941	0.03219
UNC80	0.00046	0.11135	0.00169
UNC93B1	0.16192	0.01603	0.00178
UNG	0.08373	0.35953	0.02782
UNK	0.08088	0.26245	0.12002
UNKL	0.06998	0.08831	0.05743
UOX	8e-05	0.00642	6e-05
UPB1	0.00163	0.00354	0.00272
UPF1	0.05002	0.07154	0.05095
UPF2	0.07245	0.06078	0.06102
UPF3A	0.10334	0.46116	0.27049
UPF3B	0.13819	0.2511	0.17045
UPK1A	5e-05	0.00233	0
UPK1A-AS1	0.00057	0.00304	0.00207
UPK1B	0.03222	0.02804	0.01816
UPK2	0	0.00609	0
UPK3A	0.01655	0.00096	0
UPK3B	0.02247	0.04646	0.02233
UPK3BL1	0.30735	0.68322	0.3413
UPP1	0.29998	0.1593	0.03514
UPP2	0.00011	0.00299	0.00025
UPRT	0.07763	0.10596	0.05968
UQCR10	0.44898	0.70172	0.45957
UQCR11	0.44878	0.77649	0.62446
UQCRB	0.28766	0.34365	0.20756
UQCRBP1	0.02157	0.02827	0.02435
UQCRC1	0.82142	1.38	1.04593
UQCRC2	0.67688	0.78798	0.65677
UQCRFS1	0.71062	1.19071	0.77977
UQCRH	0.98539	1.557	0.96476
UQCRQ	0.19902	0.46081	0.32315
URB1	0.0199	0.09031	0.09868
URB2	0.02898	0.1	0.04644
URGCP	0.06797	0.20416	0.10878
URGCP-MRPS24	0.00182	0.01758	0.00204
URI1	0.03256	0.09246	0.0674
URM1	0.08497	0.19606	0.2331
UROC1	0	0.00045	0
UROD	0.34549	0.4587	0.48479
UROS	0.19689	0.29844	0.4991
USB1	0.23349	0.27671	0.12257
USE1	0.1867	0.41099	0.20349
USF1	0.28722	0.38443	0.2519
USF2	0.18206	0.14549	0.18218
USH1C	0	0.00123	0.08284
USH1G	2e-05	0.00055	0
USH2A	0.00046	0.00224	0
USHBP1	0.00023	0.00066	0
ATP5MD	0.5352	0.66213	0.64285
USO1	0.23776	0.32366	0.29599
USP1	0.10276	0.36771	0.19092
USP10	0.33748	0.60309	0.35576
USP11	0.30309	0.95153	0.51583
USP12	0.03907	0.03893	0.0395
USP13	0.01619	0.06421	0.09486
USP14	0.20482	0.34241	0.3229
USP15	0.39548	0.22137	0.09721
USP16	0.22109	0.34347	0.38641
USP17L10	3e-05	0.00059	0
USP17L15	1e-04	0.00046	0.00037
USP17L1	0	0.00178	0.00157
USP17L2	5e-05	0.00345	7e-05
USP17L20	0	4e-05	7e-05
USP17L22	0	3e-05	7e-05
USP17L3	0.00014	0.00055	0.00034
USP17L4	0.00014	0.00143	0.0021
USP17L6P	0.00015	0.00021	0
USP17L7	1e-04	0.0046	0
USP17L8	5e-05	0.00057	0.00043
USP18	0.05311	0.09034	0.04954
USP19	0.06142	0.13555	0.09995
USP2	0.035	0.09054	0.09885
USP20	0.08171	0.14124	0.12557
USP21	0.03981	0.15401	0.11577
USP22	0.13518	0.50003	0.2646
USP24	0.07212	0.10714	0.06736
USP25	0.0399	0.03058	0.02143
USP28	0.05488	0.09451	0.05759
USP29	0.00063	0.00125	0.00061
USP3	0.26342	0.29464	0.06901
USP30	0.05506	0.15225	0.22544
USP30-AS1	0.01289	0.00669	0.01415
USP31	0.01048	0.05504	0.22447
USP32	0.06783	0.09211	0.2185
USP32P1	0.05988	0.10517	0.12012
USP32P2	0.03605	0.08865	0.08978
USP33	0.3501	0.54877	0.51727
USP34	0.09454	0.15823	0.15905
USP35	0.0108	0.01452	0.00369
USP36	0.22921	0.11611	0.07705
USP37	0.0553	0.10336	0.08408
USP38	0.13909	0.21148	0.18851
USP39	0.25712	0.47768	0.24205
USP4	0.42088	0.41765	0.25732
USP40	0.07378	0.11963	0.16161
USP42	0.08251	0.20967	0.07833
USP43	0.00165	0.0204	0
USP44	0.00538	0.01139	0.00416
USP45	0.02767	0.05325	0.03361
USP46	0.03107	0.13003	0.05184
USP47	0.10525	0.28716	0.30966
USP48	0.15291	0.29951	0.30951
USP49	0.01954	0.04782	0.02219
USP5	0.15	0.42804	0.3612
USP50	0.00139	0.00114	0.00033
USP51	0.01254	0.01156	0.00787
USP53	0.21289	0.03676	0.01702
USP54	0.04544	0.19632	0.82751
USP6	0.01985	0.01628	0.00785
USP6NL	0.05236	0.04338	0.01533
USP7	0.07539	0.13292	0.06854
USP8	0.22359	0.23509	0.22936
USP9X	0.3209	0.40429	0.3028
USP9Y	0.07597	0.05511	0.03816
USPL1	0.17181	0.23408	0.15529
UST	0.01192	0.06334	0.00199
UTP11	0.23303	0.4359	0.23236
UTP14A	0.07778	0.11598	0.03606
UTP14C	0.03896	0.09642	0.07299
UTP15	0.04159	0.14911	0.0693
UTP18	0.33112	0.46151	0.17706
UTP20	0.02336	0.08059	0.0644
UTP23	0.0957	0.20258	0.15971
UTP3	0.07578	0.12156	0.09952
UTP6	0.31553	0.39354	0.2124
UTRN	0.16035	0.06	0.00077
UTS2	0.00601	0.00032	0
UTY	0.02778	0.01373	0.02211
UVRAG	0.11948	0.09552	0.1937
UVSSA	0.06175	0.05598	0.03426
UXS1	0.14589	0.20641	0.16775
UXT	0.5347	0.59611	0.50009
VAC14	0.05402	0.08423	0.06956
VAMP1	0.13074	0.13038	0.30381
VAMP2	0.16425	0.36019	0.79122
VAMP3	0.74005	0.40609	1.46928
VAMP4	0.07583	0.14609	0.13546
VAMP5	0.19451	0.15464	0.07736
VAMP7	0.30944	0.271	0.37103
VAMP8	1.0307	0.00683	0.02381
VANGL1	0.00636	0.02152	0.00034
VANGL2	0.00048	0.15514	0.03508
VAPA	0.47053	0.65744	1.0094
VAPB	0.04731	0.13945	0.10546
VARS	0.05113	0.10961	0.01613
VARS2	0.02008	0.08177	0.04819
VASH1	0.3416	0.1347	0.0683
VASH2	0.00189	0.02204	0.00712
VASN	0.00278	0.01618	0.00551
VASP	0.05126	0.01053	0.00661
VAT1	0.25428	0.50565	0.55007
VAT1L	0	0.06488	0.01513
VAV1	0.23672	0.00026	0.00547
VAV2	0.01886	0.09675	0.01027
VAV3	0.02966	0.04117	0
VAV3-AS1	0.00215	0.00184	0
VAX1	0	0.00771	0.00979
VAX2	1e-04	0.06127	0
VBP1	0.29224	1.00795	1.04235
VCAM1	0.00365	0.04205	0
VCAN	0.21988	0.70564	0.01419
VCL	0.12394	0.15825	0.02412
VCP	0.56205	0.85007	0.75978
VCPIP1	0.11663	0.10331	0.12503
VCX	0.00357	0.00043	0.00119
VCX3A	0.00094	0.00066	0.00086
VCX3B	0.00139	0.00038	0
VDAC1	0.7671	1.14919	0.76526
VDAC2	0.97544	1.25018	1.20899
VDAC3	0.42597	0.9103	0.60289
VDR	0.04091	0.00442	0.0013
VEGFA	0.00035	0.00432	2e-04
VEGFB	0.05472	0.06795	0.04768
VEGFC	0	0.00185	0
VENTX	0.0627	0.02244	0.0139
VENTXP1	0.00014	0.00039	0.00041
VENTXP7	0.00063	0.00214	0
VEPH1	0.00288	0.01438	0
VEZF1	0.1633	0.56615	0.53795
VEZT	0.12081	0.28935	0.16488
VGF	1e-04	0.01841	0.00634
VGLL2	0	0.00398	0
VGLL3	0.00108	0.00224	0.00088
VGLL4	0.11291	0.38767	0.14269
VHL	0.13254	0.16107	0.10142
VHLL	0.00223	0.00359	0.00675
VIL1	0.00097	0.00067	0
VILL	0.03944	0.04049	0.00055
VIM	2.0873	2.32433	0.14423
SELENOS	0.36801	0.57305	0.59691
VIP	0.00056	0.00434	0
VIPAS39	0.11038	0.15248	0.09316
VIPR1	0.0137	0.00045	3e-05
VIPR2	0.00765	0.1283	0.009
VIT	0.00025	0.00757	0
VKORC1	0.50799	0.59969	0.66013
VKORC1L1	0.01674	0.09644	0.07288
VLDLR	0.00662	0.04225	0.12766
VMA21	0.17801	0.47271	0.1758
VMAC	0.0367	0.03262	0.0396
VMO1	0.23773	0.0076	0.0017
VMP1	1.03436	0.8491	0.71597
VN1R1	0.00209	0.05778	0.00743
VN1R10P	0	0.00071	0.00019
VN1R2	0.01584	0.01934	0.01882
VN1R4	0	0.00055	0
VN1R5	0	0.00167	0
VNN1	0.04879	0.00057	0.00012
VNN2	0.13381	0.00098	4e-05
VNN3	0.01055	0.00013	0
VOPP1	0.2863	0.40681	0.11671
DCAF1	0.09241	0.17522	0.10062
VPREB3	0.00027	0.00311	0
VPS11	0.13439	0.2026	0.22359
VPS13A	0.03022	0.07521	0.0224
VPS13A-AS1	0.00751	0.01211	0
VPS13B	0.32926	0.38181	0.31258
VPS13C	0.31656	0.21043	0.27549
VPS13D	0.11053	0.09447	0.10126
VPS16	0.16668	0.34687	0.14808
VPS18	0.12528	0.11151	0.16464
VPS25	0.27574	0.58585	0.2937
VPS26A	0.46094	0.37104	0.46213
VPS26B	0.05502	0.13378	0.04747
VPS28	0.75616	1.07991	0.89298
VPS29	0.83552	0.93203	0.6876
VPS33A	0.11885	0.21503	0.17843
VPS33B	0.05042	0.11137	0.10924
VPS35	0.60882	0.63011	0.54058
VPS36	0.19811	0.20148	0.15805
VPS37A	0.18397	0.26693	0.28654
VPS37B	0.09367	0.12858	0.03933
VPS37C	0.02201	0.02576	0.05979
VPS37D	0	0.00788	0.00018
VPS39	0.20107	0.28529	0.24922
VPS41	0.19308	0.3769	0.30243
VPS45	0.19364	0.4406	0.19449
VPS4A	0.20819	0.51051	0.59446
VPS4B	0.29813	0.29364	0.43681
VPS51	0.21406	0.3564	0.39216
VPS52	0.17306	0.30035	0.31629
VPS53	0.15297	0.22313	0.18877
VPS54	0.05417	0.08688	0.07585
VPS72	0.14595	0.50814	0.41338
VPS8	0.16975	0.1836	0.14977
VPS9D1	0.02784	0.04656	0.04428
VRK1	0.10135	0.20563	0.09264
VRK2	0.24855	0.04791	0.34766
VRK3	0.13035	0.23664	0.14097
VRTN	0.00063	0.00034	0.00032
VSIG1	0.05616	0.07084	0.05471
VSIG10	0.03159	0.11124	0.03124
VSIG10L	0.01561	0.00942	0.01072
VSIG2	8e-05	0.0019	0.00038
VSIG4	1.89362	0.00063	0
VSIG8	0.00213	0.00145	0.00201
VSNL1	0.00037	0.03367	0.00028
VSTM1	0.02651	0.00013	0
VSTM2A	4e-05	0.08879	0.00122
VSTM2B	0.00122	0.02478	0.11453
VSTM2L	0	0.0029	0
VSTM4	0.04703	0.11943	0.11868
VSTM5	0.00038	0.00787	0
VSX1	0.00096	0.00943	0.00277
VSX2	0.00014	8e-04	0.00352
VTA1	0.21121	0.52783	0.38471
VTCN1	0	0.00315	0
VTI1A	0.08559	0.06736	0.11245
VTI1B	0.40807	0.43275	0.48817
VTN	0.00704	0.00636	0.00708
VTRNA1-1	0.06891	0.00482	0
VTRNA1-2	0	0.00349	0
VTRNA1-3	0.00884	0.01111	0
VTRNA2-1	0.0026	0.00835	0.0113
VWA1	7e-04	0.01533	0.16712
VWA2	0.00237	0.01328	0.00154
VWA3A	0	0.00576	0.00086
VWA3B	3e-05	0.00582	0
VWA5A	0.10498	0.16574	0.2409
VWA5B1	0.00025	0.00367	0.00018
VWA5B2	0.00109	0.0053	0.00172
VWA7	0.00803	0.00304	5e-05
VWA8	0.05436	0.07247	0.06389
INTS14	0.11995	0.26999	0.16979
VWC2	0.00177	0.00488	0
VWC2L	0	0.01846	0
VWC2L-IT1	1e-04	6e-04	0.00042
VWCE	0.00108	0.04505	2e-05
VWDE	0.00071	0.00701	0
VWF	0.00359	0.00184	0.01309
WAC	0.24287	0.27081	0.36661
WAC-AS1	0.10654	0.16651	0.08623
WAPL	0.11315	0.08986	0.0724
WARS	0.4603	0.45947	0.36113
WARS2	0.04499	0.09793	0.04109
WAS	0.07102	0.00082	0
WASF1	0.00514	0.26854	0.43131
WASF2	0.63406	0.32615	0.56316
WASF3	0.0029	0.11573	0.04128
WASH2P	0.05862	0.0952	0.08
WASH3P	0.04188	0.07311	0.05313
WASH7P	0.08104	0.1544	0.08869
WASL	0.05482	0.35342	0.22645
WBP1	0.19172	0.38007	0.30636
WBP11	0.22298	0.35582	0.26499
WBP11P1	4e-05	0.00043	2e-04
WBP1L	0.25824	0.08068	0.07574
WBP2	0.46289	0.55414	1.15511
WBP2NL	0.00596	0.00266	0.00204
WBP4	0.0905	0.21713	0.22568
TCEAL9	0.15299	0.92749	0.59619
GALNT17	0	0.00258	8e-05
BUD23	0.40197	0.85838	0.42077
METTL27	0.02702	0.01309	0.00217
TMEM270	0	0.00221	0
WDFY1	0.15708	0.23497	0.22247
WDFY2	0.18679	0.166	0.26014
WDFY3	0.07119	0.0814	0.15178
WDFY3-AS2	0.02073	0.0311	0.08133
WDFY4	0.17735	0.00039	0.00011
WDHD1	0.01345	0.07475	0.01226
WDPCP	0.04819	0.10417	0.13968
WDR1	0.51258	0.55449	0.33616
WDR11	0.20049	0.13867	0.11819
WDR11-AS1	0.03266	0.04592	0.02367
WDR12	0.10303	0.29139	0.11429
WDR13	0.19667	0.48324	0.47443
CFAP52	0.00011	0.00962	0
WDR17	0.01652	0.08182	0.02854
WDR18	0.10913	0.4122	0.19522
WDR19	0.01828	0.12266	0.0642
WDR20	0.11211	0.20221	0.38433
WDR24	0.04762	0.09885	0.06733
WDR25	0.03828	0.08432	0.04984
WDR26	0.11867	0.13939	0.09004
WDR27	0.0186	0.05319	0.01631
WDR3	0.06338	0.22501	0.08953
WDR31	0.00643	0.03201	0.0183
WDR33	0.31747	0.4694	0.26933
WDR34	0.03276	0.40713	0.06422
WDR35	0.02501	0.13649	0.05664
WDR36	0.09476	0.1763	0.0722
WDR37	0.07834	0.05042	0.03646
WDR38	0.00057	0.00315	0
WDR4	0.05841	0.1189	0.05495
WDR41	0.20005	0.4059	0.27562
WDR43	0.17745	0.33816	0.1238
WDR44	0.10463	0.09269	0.18561
WDR45	0.3775	0.34215	0.31272
WDR45B	0.38421	0.67395	0.63436
WDR46	0.17626	0.28007	0.0827
WDR47	0.09159	0.28032	0.33265
WDR48	0.15062	0.30852	0.24649
WDR49	0.00454	0.0162	0
WDR5	0.04756	0.1432	0.1129
CFAP44	0.01084	0.04486	0.02026
CFAP44-AS1	0.00026	9e-04	0
WDR53	0.03432	0.07256	0.06428
WDR54	0.07723	0.41438	0.13531
WDR55	0.24575	0.24398	0.19538
WDR59	0.03645	0.09201	0.12067
WDR5B	0.04736	0.10088	0.077
WDR6	0.26176	0.7267	0.38139
WDR60	0.0526	0.27457	0.08949
WDR61	0.36657	0.61116	0.68122
WDR62	0.00614	0.05963	0.0107
WDR63	3e-04	0.00377	0.00095
WDR64	0.00024	0.00044	0
CFAP57	0.00039	0.00252	0.00659
WDR66	0.00435	0.01959	0.00345
WDR7	0.09309	0.09883	0.14559
WDR70	0.18942	0.23676	0.13854
WDR72	0.00016	0.00171	0
WDR73	0.11732	0.26403	0.16519
WDR74	0.18337	0.32538	0.23446
WDR75	0.12492	0.29794	0.17429
WDR76	0.03702	0.14878	0.03123
WDR77	0.18256	0.3279	0.18298
WDR78	0.00314	0.04083	0.00376
WDR81	0.12921	0.04594	0.04972
WDR82	0.10214	0.18799	0.08819
WDR83	0.05074	0.16729	0.14418
WDR83OS	0.62394	1.06032	0.71036
WDR86	2e-05	0.00838	0
WDR86-AS1	0.00938	0.0029	0
WDR87	0.00045	0.00063	0
WDR88	0.00194	0.00451	0.00184
WDR89	0.05691	0.13431	0.12498
WDR90	0.00821	0.05822	0.01498
WDR91	0.30606	0.14696	0.1368
WDR92	0.10795	0.1978	0.11206
WDR93	0.00015	0.00492	0
CFAP43	9e-05	0.00946	0.00499
WDSUB1	0.11146	0.14061	0.14859
WDTC1	0.04164	0.05243	0.08243
WDYHV1	0.07607	0.18858	0.17039
WEE1	0.01837	0.22125	0.00071
WEE2	0.00268	0.00283	0.00443
WFDC1	0.00216	0.00687	0.00388
WFDC10B	6e-05	0.00133	0
WFDC12	0.00142	0.00109	0
WFDC13	0	0.00097	0.00027
WFDC2	0	0.04025	0.01749
WFDC3	0.00012	0.00396	0.00323
WFDC8	0.02996	0.04152	0.02805
WFIKKN1	0.00017	0.00941	0.00022
WFIKKN2	0	0.00144	0.0051
WFS1	0.08401	0.14339	0.08137
WHAMM	0.06103	0.07667	0.05805
WHAMMP2	0.0214	0.03055	0.04128
NSD2	0.04661	0.20915	0.07622
NSD3	0.16504	0.34921	0.23149
PYM1	0.14409	0.15433	0.10003
WIF1	0.00021	0.00395	0
WIPF1	0.32534	0.05785	0.32363
WIPF2	0.06721	0.11083	0.13322
WIPF3	0.12732	0.08051	0.00496
WIPI1	0.37856	0.08046	0.09785
WIPI2	0.08083	0.11954	0.09717
WISP1	0.00405	0.04326	0.00322
WISP2	0	0.00394	0.01987
WISP3	0.00067	0.0011	0
WIZ	0.01348	0.0522	0.01577
WLS	0.12872	0.5585	0.05366
WNK1	0.24919	0.27124	0.49275
WNK2	0	0.01346	0
WNK3	0.00531	0.17575	0.03449
WNK4	0.00045	0.01183	0.00131
WNT1	0.00543	0.00137	0
WNT10A	0.00012	0.00222	0
WNT10B	0.00635	0.00241	0
WNT11	9e-05	0.00183	0.00037
WNT16	0.00485	0.02008	0
WNT2	0.00047	0.0014	0.00425
WNT2B	0.01624	0.01272	0.01101
WNT3	7e-05	0.01216	0.00047
WNT4	0.00274	0.0047	0.00204
WNT5A	0.13716	0.04119	0
WNT5B	0.01879	0.01622	0.02702
WNT6	0.00036	0.00203	0
WNT7A	0	0.01455	0
WNT7B	0.01963	0.03944	0.01223
WNT8B	0.00328	0.00085	0.0058
WNT9A	0	0.0014	0.00459
WNT9B	0.00011	0.00137	0
WRAP53	0.03447	0.12168	0.02842
WRAP73	0.12372	0.22967	0.18057
WRB	0.18252	0.84104	1.34497
WRN	0.04211	0.11676	0.02263
WRNIP1	0.01216	0.04927	0.06209
WSB1	1.2238	1.32395	1.52218
WSB2	0.08691	0.35888	0.31113
WSCD1	0.00396	0.26923	0.1016
WSCD2	0.00191	0.00175	0.00134
WT1	4e-05	0.00203	2e-04
WT1-AS	0	0.00279	0
WTAP	0.53142	0.61816	0.28799
WTAPP1	0.00209	0.00025	4e-05
WTIP	7e-05	0.00308	0
WWC1	0.01004	0.02304	0.01296
WWC2	0.02689	0.02115	0.02326
WWC2-AS2	0.00145	0.00035	0
WWC3	0.03171	0.05994	0.09615
WWOX	0.05989	0.161	0.26911
WWP1	0.0737	0.08584	0.16729
WWP2	0.17697	0.19692	0.29404
WWTR1	0.00785	0.21258	0.03745
WWTR1-AS1	0.00678	0.01445	0.0096
XAB2	0.04331	0.12459	0.09021
XAF1	0.25418	0.17879	0.05346
XBP1	0.34196	0.16598	0.09705
XCL1	0.0357	0.00283	0
XCL2	0.03921	0.00044	0
XCR1	0.00566	0.00033	0.00073
XDH	0.00254	0.00231	0.0018
XG	8e-05	0.00161	0.00095
XIAP	0.15267	0.23514	0.18702
XIRP1	0.01114	0.00159	0
XIRP2	0.00025	0.00101	0
XIST	0.24739	0.51041	0.23808
XK	0	0.00412	0.00161
XKR4	0	0.04454	0.00276
XKR6	0.00091	0.0247	0.00517
XKR7	1e-05	0.00133	0
XKR8	0.08314	0.05761	0.12056
XKR9	0.1706	0.24126	0.18501
XKRX	0.00022	0.00112	0
XPA	0.16444	0.28297	0.23444
XPC	0.14438	0.17829	0.18756
XPNPEP1	0.23472	0.31274	0.24077
XPNPEP2	0.00222	0.00169	0
XPNPEP3	0.15979	0.24718	0.20341
XPO1	0.18751	0.36171	0.20402
XPO4	0.06239	0.08153	0.05778
XPO5	0.06191	0.26035	0.06485
XPO6	0.09606	0.22622	0.29429
XPO7	0.06385	0.16894	0.08253
XPOT	0.15733	0.41585	0.24252
XPR1	0.09529	0.24006	0.05971
XRCC1	0.10741	0.23817	0.21903
XRCC2	0.04595	0.17221	0.05436
XRCC3	0.02416	0.06116	0.0259
XRCC4	0.09279	0.12618	0.07996
XRCC5	0.65086	1.08079	0.81704
XRCC6	0.93326	1.39571	1.09672
ATP23	0.04381	0.09518	0
XRN1	0.12188	0.12749	0.09531
XRN2	0.40703	0.63216	0.30357
XRRA1	0.04337	0.12607	0.10419
XXYLT1	0.02377	0.09052	0.03244
XYLB	0.02794	0.04413	0.01908
XYLT1	0.03338	0.08673	0.01751
XYLT2	0.04566	0.11422	0.06328
YAE1	0.05376	0.51282	0.24612
YAF2	0.10351	0.23861	0.08855
YAP1	0.00027	0.01852	0.00012
YARS	0.20721	0.39991	0.29349
YARS2	0.09366	0.19377	0.10678
YBEY	0.05161	0.13255	0.20472
YBX1	0.27362	0.4962	0.1385
YBX2	0.00013	0.00313	0.00043
YDJC	0.12613	0.08567	0.13193
YEATS2	0.11745	0.29243	0.287
YEATS4	0.16094	0.46122	0.13422
YES1	0.03531	0.2266	0.11048
YIF1A	0.29944	0.5956	0.64183
YIF1B	0.18329	0.24493	0.39681
YIPF1	0.22681	0.20028	0.22563
YIPF2	0.07265	0.15167	0.11735
YIPF3	0.50143	1.08113	0.90683
YIPF4	0.34502	0.47661	0.56373
YIPF5	0.24962	0.33173	0.33794
YIPF6	0.10591	0.23347	0.28658
YIPF7	3e-04	0.00584	0
YJEFN3	0.01467	0.08058	0.03077
YKT6	0.08532	0.2591	0.10568
YLPM1	0.07431	0.16884	0.115
YME1L1	0.2605	0.28659	0.24149
YOD1	0.0413	0.0692	0.04435
YPEL1	0.04309	0.08534	0.05062
YPEL2	0.078	0.02547	0.2782
YPEL3	0.184	0.14048	0.37461
YPEL4	0.00616	0.02831	0.05065
YPEL5	0.83694	0.5607	0.47382
YRDC	0.02151	0.04803	0.03779
YTHDC1	0.11388	0.16803	0.14167
YTHDC2	0.09271	0.12276	0.07495
YTHDF1	0.03855	0.10707	0.07218
YTHDF2	0.30641	0.80743	0.39181
YTHDF3	0.30177	0.34188	0.21952
YWHAB	1.1303	1.19654	1.2066
YWHAE	1.03184	2.24638	2.11981
YWHAG	0.151	0.53879	0.41005
YWHAH	0.54421	0.28428	0.11657
YWHAQ	0.7851	2.01447	2.70707
YWHAZ	1.55032	1.87074	1.88282
YY1	0.09357	0.12695	0.1096
YY1AP1	0.26763	0.40543	0.32326
YY1P2	0.00446	0.00555	0.00632
YY2	0.0044	0.0206	0.00745
ZACN	0.00175	0.00482	0.00102
ZADH2	0.02318	0.07696	0.02121
ZAN	3e-05	5e-05	0
ZAP70	0.09788	0.00223	0.00161
ZAR1	1e-04	0.00184	0
ZAR1L	0	0.00081	0
ZBBX	3e-05	0.00939	0
ZBED1	0.09226	0.20471	0.07211
ZBED2	0.01198	0.00017	0
ZBED3	0.00336	0.01467	0.02573
ZBED3-AS1	0.0064	0.03053	0.0618
ZBED4	0.03559	0.07159	0.03343
ZBED5	0.17851	0.3896	0.25133
ZBED6	0.11579	0.24214	0.21961
ZBP1	0.03785	0.01136	0.0072
ZBTB1	0.32755	0.23002	0.11387
ZBTB10	0.02181	0.06336	0.01522
ZBTB11	0.11662	0.16701	0.15751
ZBTB12	0.00165	0.003	0.00467
ZBTB14	0.04892	0.06259	0.05866
ZBTB16	0.34151	0.50819	0.85819
ZBTB17	0.08726	0.22479	0.22473
ZBTB18	0.01196	0.06401	0.02703
ZBTB2	0.0708	0.12333	0.09209
ZBTB20	0.10066	0.69361	0.41978
ZBTB20-AS1	0.00438	0.02224	0.00452
ZBTB21	0.07485	0.1024	0.07646
ZBTB22	0.01435	0.02801	0.01989
ZBTB24	0.05201	0.06079	0.06461
ZBTB25	0.06836	0.06138	0.04472
ZBTB26	0.04303	0.11556	0.04343
ZBTB3	0.07672	0.11413	0.12788
ZBTB32	0.00113	0.00824	0.00117
ZBTB33	0.11856	0.27306	0.10579
ZBTB34	0.01809	0.02591	0.02557
ZBTB37	0.02352	0.05268	0.02776
ZBTB38	0.12952	0.11277	0.32749
ZBTB39	0.02024	0.06149	0.0373
ZBTB4	0.08268	0.09547	0.09974
ZBTB40	0.06025	0.08867	0.04644
ZBTB41	0.0345	0.08934	0.089
ZBTB42	0.00352	0.01098	6e-05
ZBTB43	0.09312	0.14073	0.11354
ZBTB44	0.06621	0.07321	0.09622
ZBTB45	0.00976	0.0299	0.01561
ZBTB46	0.02148	0.0158	0
ZBTB47	0.01064	0.03585	0.05495
ZBTB48	0.09308	0.13562	0.06676
ZBTB49	0.02093	0.05933	0.03641
ZBTB5	0.02328	0.08625	0.05154
ZBTB6	0.04784	0.09638	0.10602
ZBTB7A	0.00728	0.01135	0.01339
ZBTB7B	0.02241	0.00682	0.02556
ZBTB7C	0.00142	0.00416	0.00272
ZBTB8A	0.09556	0.18083	0.10672
ZBTB8B	0.00185	0.05515	0.00329
ZBTB8OS	0.16559	0.2801	0.17689
ZBTB9	0.01883	0.11152	0.02896
ZC2HC1A	0.05076	0.23498	0.0676
ZC2HC1B	0.00067	0.00154	0.00231
ZC2HC1C	0.00711	0.02097	0.03202
ZC3H10	0.03741	0.07209	0.04516
ZC3H11A	0.21712	0.35611	0.18437
ZC3H12A	0.20246	0.03472	0.01607
ZC3H12B	0.00901	0.02843	0.0167
ZC3H12C	0.01674	0.05336	0.03817
ZC3H12D	0.06922	0.06733	0.04967
ZC3H13	0.18388	0.26632	0.38963
ZC3H14	0.18759	0.37956	0.27195
ZC3H15	0.44871	0.70045	0.37142
ZC3H18	0.03329	0.06644	0.03809
ZC3H3	0.10412	0.14243	0.08597
ZC3H4	0.03422	0.06979	0.03659
ZC3H6	0.03503	0.05523	0.03367
ZC3H7A	0.24751	0.35007	0.20534
ZC3H7B	0.03341	0.10333	0.12012
ZC3H8	0.05482	0.14	0.06901
ZC3HAV1	0.41444	0.26407	0.16447
ZC3HAV1L	0.02458	0.06603	0.01372
ZC3HC1	0.07121	0.30671	0.09797
ZC4H2	0.02204	0.17909	0.16345
ZCCHC10	0.138	0.23423	0.11486
TUT4	0.1333	0.22803	0.11065
ZCCHC12	0.01341	0.08199	0
ZCCHC14	0.02312	0.07124	0.02605
RTL4	0.00128	0.00163	0.00045
ZCCHC17	0.25151	0.62293	0.56365
ZCCHC18	0.00551	0.07394	9e-04
ZCCHC2	0.06587	0.03762	0.04757
ZCCHC24	0.0311	0.16735	0.6025
ZCCHC4	0.05742	0.12254	0.11109
TUT7	0.30073	0.13215	0.11165
ZCCHC7	0.10153	0.26081	0.19223
ZCCHC8	0.12994	0.16759	0.08624
ZCCHC9	0.10836	0.14101	0.04938
ZCRB1	0.17017	0.42897	0.47484
ZCWPW1	0.03576	0.0324	0.08336
ZCWPW2	0.01182	0.02404	0.01777
ZDBF2	0.01891	0.05184	0.0174
ZDHHC1	0.00253	0.01005	0.00209
ZDHHC11	0.00985	0.13003	0.57806
ZDHHC12	0.21111	0.10057	0.20578
ZDHHC13	0.07507	0.14241	0.15134
ZDHHC14	0.03048	0.03741	0.14647
ZDHHC15	0.00787	0.1522	0.02425
ZDHHC16	0.06681	0.14049	0.13021
ZDHHC17	0.10947	0.24255	0.29444
ZDHHC18	0.02546	0.04115	0.02286
ZDHHC19	0.00671	0.00104	0.00032
ZDHHC2	0.10168	0.07065	0.16221
ZDHHC20	0.14756	0.14745	0.7113
ZDHHC21	0.06205	0.12598	0.06974
ZDHHC22	0.00039	0.19736	0.01061
ZDHHC23	6e-04	0.02138	0.00429
ZDHHC24	0.1463	0.11382	0.212
ZDHHC3	0.06461	0.07441	0.04755
ZDHHC4	0.20403	0.5455	0.33082
ZDHHC5	0.11287	0.11593	0.0708
ZDHHC6	0.31707	0.24869	0.22815
ZDHHC7	0.11536	0.07191	0.04397
ZDHHC8	0.0139	0.03708	0.02126
ZDHHC8P1	0.01392	0.02184	0.01314
ZDHHC9	0.04332	0.29767	1.3911
ZEB1	0.06605	0.52404	0.00913
ZEB1-AS1	0.00583	0.06881	0
ZEB2	0.49158	0.48254	0.9695
ZEB2-AS1	0.0185	0.00801	0.01208
ZER1	0.05005	0.11943	0.14742
ZFAND1	0.17491	0.18616	0.20358
ZFAND2A	0.32466	0.39726	0.29332
ZFAND2B	0.12827	0.19714	0.21711
ZFAND3	0.04098	0.10494	0.05951
ZFAND4	0.02535	0.0226	0.04614
ZFAND5	0.64474	0.69194	0.54577
ZFAND6	0.65532	0.84783	0.47981
ZFAS1	0.79399	1.04569	0.6284
ZFAT	0.02669	0.03682	0.02481
ZFAT-AS1	0.00295	0.00242	0.00322
ZFC3H1	0.12642	0.11769	0.09048
ZFHX2	0.00282	0.03133	0.01484
ZFHX3	0.14782	0.06337	0.00951
ZFHX4	0.00075	0.15117	0.16944
ZFHX4-AS1	0.00053	0.07604	0.0236
ZFP1	0.03058	0.17019	0.11463
ZFP14	0.04423	0.11275	0.06039
ZFP2	0.00933	0.06625	0.02161
ZFP28	0.0087	0.07963	0.0357
ZFP3	0.07668	0.22163	0.11724
ZFP30	0.02678	0.15059	0.0622
ZFP36	2.22371	0.78706	0.57051
ZFP36L1	1.32987	0.5589	0.00466
ZFP36L2	0.8691	0.31535	0.13548
ZFP37	0.00489	0.18877	0.08858
ZFP41	0.02227	0.06294	0.06335
ZFP42	0.03658	0.04694	0.02959
ZFP57	0.00917	0.00251	0.08056
ZFP62	0.05368	0.18576	0.1042
ZFP64	0.02552	0.12134	0.04857
ZFP69	0.01642	0.03336	0.01349
ZFP69B	0.01784	0.12148	0.02527
ZFP82	0.04028	0.19273	0.0671
ZFP90	0.0741	0.20043	0.11151
ZFP91	0.10625	0.18258	0.18087
ZFP91-CNTF	0.00523	0.00726	0.00723
ZFP92	0.00041	0.00048	0
ZFPL1	0.08369	0.20285	0.26492
ZFPM1	0.00041	0.00086	2e-05
ZFPM2	0.00023	0.03688	0.00491
ZFR	0.24331	0.60482	0.57531
ZFR2	0.00256	0.05317	0.00842
ZFX	0.13201	0.17	0.0862
ZFX-AS1	0	0.00042	0
ZFY	0.04399	0.04118	0.06371
ZFYVE1	0.06793	0.13468	0.14412
ZFYVE16	0.10896	0.15562	0.48743
ZFYVE19	0.07649	0.07989	0.1982
RBSN	0.06192	0.17013	0.12826
ZFYVE21	0.19636	0.33751	0.48335
ZFYVE26	0.06577	0.07561	0.08089
ZFYVE27	0.16716	0.19899	0.27845
ZFYVE28	0.03681	0.03121	0.01853
ZFYVE9	0.01316	0.11088	0.06543
ZG16	0.01237	0.01021	0.00941
ZG16B	0.01195	0.00086	0
ZGLP1	0.02009	0.04164	0
ZGPAT	0.1502	0.22164	0.13753
ZHX1	0.09022	0.22783	0.11361
ZHX1-C8orf76	0.01669	0.02309	0.02596
ZHX2	0.02984	0.11433	0.20534
ZHX3	0.02504	0.18072	0.08399
ZIC1	0.00096	0.07314	0.00404
ZIC2	0.00017	0.02272	0
ZIC3	0.00108	2e-04	0
ZIC4	0.00017	0.02697	0.01139
ZIC5	0.00061	0.00813	0.00028
ZIK1	0.01912	0.14479	0.05244
ZIM2	0.00025	0.04474	0.04424
ZIM3	0.00434	0.006	0.0031
ZKSCAN1	0.1535	0.49782	0.54377
ZKSCAN2	0.00735	0.05039	0.01755
ZKSCAN3	0.12718	0.20168	0.12242
ZKSCAN4	0.05283	0.06698	0.06191
ZKSCAN5	0.03981	0.14466	0.04929
ZKSCAN7	0.03563	0.13988	0.06536
ZKSCAN8	0.11565	0.34753	0.23526
ZMAT1	0.14193	0.21523	0.14761
ZMAT2	0.18526	0.31275	0.23381
ZMAT3	0.10296	0.16722	0.0669
ZMAT4	0	0.03334	0.00208
ZMAT5	0.17231	0.28846	0.20887
ZMIZ1	0.17794	0.26094	0.19261
ZMIZ1-AS1	0.00653	0.00653	0.00356
ZMIZ2	0.06817	0.12042	0.11101
ZMPSTE24	0.23363	0.37765	0.39207
ZMYM1	0.05239	0.11775	0.04777
ZMYM2	0.12006	0.20336	0.16459
ZMYM3	0.06493	0.12149	0.06066
ZMYM4	0.06356	0.14199	0.06159
ZMYM5	0.17974	0.2892	0.34624
ZMYM6	0.1075	0.08015	0.08871
TMEM35B	0.52615	0.15516	0.10974
ZMYND10	0.00474	0.02012	0.01256
ZMYND11	0.09078	0.17887	0.26067
ZMYND12	0.00559	0.01482	0.02992
ZMYND15	0.01853	0.00083	0
ZMYND19	0.0119	0.04092	0.03188
ZMYND8	0.11825	0.23003	0.12582
ZNF10	0.0407	0.10362	0.01835
ZNF100	0.10857	0.22432	0.08676
ZNF101	0.05333	0.04817	0.04224
ZNF107	0.04307	0.16041	0.04584
ZNF114	0.03222	0.08582	0.02875
ZNF117	0.06335	0.2077	0.01677
ZNF12	0.02655	0.10768	0.03276
ZNF121	0.07746	0.27391	0.06643
ZNF124	0.25796	0.20934	0.07232
ZNF131	0.08809	0.26347	0.10069
ZNF132	0.01231	0.08549	0.05026
ZNF133	0.04183	0.12616	0.07041
ZNF134	0.07511	0.29418	0.15003
ZNF135	0.01039	0.16181	0.13956
ZNF136	0.09259	0.19857	0.0921
ZNF137P	0.01023	0.02246	0.00983
ZNF138	0.06745	0.3896	0.16824
ZNF14	0.0199	0.19741	0.07711
ZNF140	0.09568	0.32081	0.07646
ZNF141	0.08037	0.14672	0.04018
ZNF142	0.06489	0.11018	0.09215
ZNF143	0.10364	0.16349	0.07653
ZNF146	0.18346	0.66806	0.53913
ZNF148	0.09665	0.16133	0.08335
ZNF154	0.02129	0.17124	0.01812
ZNF155	0.03099	0.08627	0.01332
ZNF157	0.00227	0.02623	0.01396
ZNF16	0.02838	0.11383	0.09072
ZNF160	0.1089	0.24058	0.22255
ZNF165	0.03478	0.01839	0.00131
ZNF169	0.02177	0.02982	0.0195
ZNF17	0.04635	0.1185	0.03643
ZNF174	0.02875	0.12498	0.14538
ZNF175	0.01712	0.03504	0.01371
ZNF177	0.0232	0.19739	0.04771
ZNF18	0.05372	0.09339	0.04078
ZNF180	0.03396	0.11375	0.0391
ZNF181	0.04792	0.24666	0.14972
ZNF182	0.0397	0.09099	0.03568
ZNF184	0.05498	0.21581	0.06954
ZNF185	0.07706	0.01516	0.01355
ZNF189	0.04942	0.0895	0.18367
ZNF19	0.02538	0.03953	0.01413
ZNF195	0.10832	0.39787	0.16525
ZNF197	0.03637	0.16341	0.10207
ZNF20	0.00944	0.13489	0.0429
ZNF200	0.0467	0.1003	0.03582
ZNF202	0.0234	0.07122	0.05004
ZNF204P	0.01656	0.0412	0.02888
ZNF205	0.00892	0.03998	0.0124
ZNF207	0.80785	1.12801	0.84164
ZNF208	0.00399	0.0181	0.03183
ZNF211	0.08353	0.30743	0.15006
ZNF212	0.04003	0.14057	0.10602
ZNF213	0.01283	0.02941	0.01093
ZNF214	0.00364	0.0341	0.00086
ZNF215	0.00191	0.00224	0
ZNF217	0.16751	0.08526	0.00643
ZNF219	0.01112	0.04223	0.00232
ZNF22	0.19448	0.5254	0.26903
ZNF221	0.01312	0.11358	0.09067
ZNF222	0.02142	0.14525	0.04228
ZNF223	0.05155	0.08952	0.05644
ZNF224	0.07051	0.08488	0.07258
ZNF225	0.01958	0.06301	0.04631
ZNF226	0.10433	0.35753	0.18595
ZNF227	0.04978	0.25068	0.12214
ZNF23	0.05008	0.15439	0.13695
ZNF230	0.0169	0.05211	0.04364
ZNF232	0.04431	0.13625	0.02931
ZNF233	0.00505	0.0346	0.02205
ZNF234	0.04316	0.13944	0.06053
ZNF235	0.02299	0.07449	0.05224
ZNF236	0.04068	0.06573	0.04569
ZNF239	0.01	0.07494	0.00922
ZNF24	0.15378	0.35171	0.39753
ZNF248	0.10261	0.2287	0.15158
ZNF25	0.07725	0.16655	0.10768
ZNF250	0.03845	0.13371	0.05623
ZNF251	0.01951	0.09159	0.04306
ZNF252P	0.04879	0.09751	0.0545
ZNF252P-AS1	0.00756	0.01037	0.02231
ZNF253	0.04904	0.34566	0.15985
ZNF254	0.08616	0.37314	0.10656
ZNF256	0.03031	0.14402	0.07894
ZNF257	0.01635	0.01764	0.00635
ZPR1	0.13762	0.25042	0.11115
ZNF26	0.10671	0.20235	0.08213
ZNF260	0.08471	0.33133	0.14303
ZNF263	0.03276	0.06401	0.02439
ZNF264	0.06605	0.11958	0.10138
ZNF266	0.1933	0.2184	0.09213
ZNF267	0.42038	0.12421	0.12411
ZNF268	0.04442	0.22384	0.06315
ZNF271P	0.06947	0.30703	0.41191
ZNF273	0.02672	0.11774	0.02432
ZNF274	0.07869	0.17177	0.19861
ZNF275	0.02854	0.12368	0.08318
ZNF276	0.1036	0.12426	0.13197
ZNF277	0.15298	0.25202	0.20239
ZNF28	0.06603	0.09901	0.02095
ZNF280A	0.00208	0.00941	0
ZNF280C	0.05209	0.1015	0.05856
ZNF280D	0.17509	0.24299	0.27664
ZNF281	0.12047	0.2543	0.29521
ZNF282	0.02759	0.10153	0.06361
ZNF283	0.02774	0.07359	0.04552
ZNF284	0.01719	0.03626	0.01545
ZNF285	0.00503	0.08037	0.0758
ZNF286A	0.04831	0.36296	0.11393
ZNF286B	0.02187	0.13054	0.0277
ZNF287	0.0143	0.12421	0.03965
ZNF292	0.23349	0.44143	0.32104
ZNF295-AS1	0	0.00275	0
ZNF296	0.01859	0.01032	0.00019
ZNF3	0.10563	0.52763	0.22611
ZNF30	0.05514	0.12887	0.0685
ZNF300	0.01687	0.32876	0.03741
ZNF300P1	0.00169	0.09684	0.06561
ZNF302	0.08586	0.53299	0.32599
ZNF304	0.03524	0.10453	0.03184
ZNF311	0.00621	0.07208	0.00177
ZNF317	0.12361	0.22069	0.1213
ZNF318	0.01485	0.05943	0.04202
ZNF319	0.03393	0.05627	0.05064
ZNF32	0.18859	0.46419	0.34883
ZNF32-AS1	0.00272	0.01069	0.00711
ZNF32-AS2	0.00431	0.01166	0.00453
ZNF320	0.03403	0.10764	0.04991
ZNF816-ZNF321P	0.03281	0.04054	0.02006
ZNF322	0.07719	0.23188	0.1456
ZNF324	0.06147	0.15519	0.11346
ZNF324B	0.00704	0.02613	0.00864
ZNF326	0.11454	0.30937	0.17071
ZNF329	0.03162	0.06924	0.03437
ZNF330	0.36486	0.29965	0.19413
ZNF331	0.99137	0.18948	0.1079
ZNF333	0.11857	0.29047	0.16984
ZNF334	0.0117	0.19746	0.07374
ZNF335	0.08276	0.10747	0.05401
ZNF337	0.0577	0.22311	0.15462
ZNF33A	0.15954	0.11891	0.16932
ZNF33B	0.05628	0.06811	0.01168
ZNF33BP1	0.0014	0.00724	0
ZNF34	0.05301	0.13788	0.18216
ZNF341	0.0152	0.02617	0.01957
ZNF343	0.02099	0.1199	0.05425
ZNF345	0.04048	0.16234	0.06273
ZNF346	0.06979	0.18507	0.10592
ZNF347	0.04266	0.10285	0.09881
ZNF35	0.01477	0.12399	0.04224
ZNF350	0.08478	0.13414	0.1105
ZNF354A	0.05693	0.10024	0.05416
ZNF354B	0.04395	0.07298	0.04568
ZNF354C	0.02401	0.08528	0.05633
ZNF358	0.0165	0.06077	0.06231
ZNF362	0.0663	0.10541	0.04835
ZNF365	0.00269	0.04455	0.27584
ZNF366	0.00824	0.00063	0.00059
ZNF367	0.00332	0.0331	0.00494
ZNF37A	0.07085	0.15856	0.13178
ZNF37BP	0.0528	0.16055	0.11296
ZNF382	0.00415	0.07254	0.04394
ZNF383	0.06532	0.14476	0.1285
ZNF384	0.09759	0.27976	0.12954
ZNF385A	0.15098	0.02694	0.00228
ZNF385B	0.00012	0.00218	0
ZNF385C	0.00337	0.00555	0.00103
ZNF385D	0.00063	0.05784	0
ZNF391	0.01085	0.049	0.00248
ZNF394	0.16357	0.18396	0.11935
ZNF395	0.02106	0.0888	0.01559
ZNF396	0.00994	0.02544	0.01442
ZNF397	0.07289	0.24396	0.25205
ZNF398	0.01539	0.0907	0.04885
ZNF404	0.01001	0.11147	0.09039
ZNF407	0.05145	0.07126	0.03752
ZNF408	0.02659	0.12012	0.04651
ZNF41	0.03486	0.08664	0.04639
ZNF410	0.24514	0.38973	0.3063
ZNF414	0.01297	0.06385	0.0748
ZNF415	0.00736	0.10332	0.20655
ZNF416	0.01136	0.08759	0.02708
ZNF417	0.06533	0.11963	0.08524
ZNF418	0.01122	0.13737	0.11065
ZNF419	0.03745	0.18018	0.09205
ZNF420	0.05477	0.18722	0.09188
ZNF423	0.00032	0.07865	0.00021
ZNF425	0.0086	0.05595	0.01524
ZNF426	0.08077	0.32799	0.15177
ZNF428	0.02339	0.20135	0.09176
ZNF429	0.05546	0.19661	0.08865
ZNF43	0.05961	0.29998	0.10989
ZNF430	0.11488	0.24356	0.18022
ZNF431	0.10263	0.20708	0.09152
ZNF432	0.02429	0.10096	0.03862
ZNF433	0.02568	0.16252	0.01588
ZNF436	0.02381	0.16965	0.10065
ZNF438	0.06874	0.07308	0.0792
ZNF439	0.06366	0.19356	0.06108
ZNF44	0.08869	0.14409	0.06816
ZNF440	0.0598	0.12778	0.03177
ZNF441	0.02175	0.18333	0.03352
ZNF442	0.01368	0.06953	0.01763
ZNF443	0.02234	0.12558	0.01555
ZNF444	0.01337	0.09143	0.04362
ZNF445	0.06972	0.18385	0.11137
ZNF446	0.03871	0.16816	0.11291
ZNF449	0.05206	0.08316	0.05633
ZNF45	0.05319	0.11767	0.04802
ZNF451	0.20163	0.32455	0.41453
ZNF454	0.00287	0.11034	0.02977
ZNF460	0.35704	1.04106	0.68764
ZNF461	0.02285	0.09106	0.05618
ZNF462	0.0032	0.33286	0.15871
ZNF467	0.02634	0.00507	0
ZNF468	0.0723	0.10976	0.02567
ZNF469	0.01114	0.00798	0.00023
ZNF470	0.01257	0.08275	0.0683
ZNF471	0.09488	0.19501	0.12721
ZNF473	0.01354	0.09765	0.04384
ZNF474	0.00207	0.00837	0
ZNF479	0.00012	0.00183	0.00011
ZNF48	0.00596	0.03165	0.00729
ZNF480	0.04782	0.14273	0.0913
ZNF483	0.10744	0.18181	0.22176
ZNF484	0.04202	0.12903	0.082
ZNF485	0.03326	0.03957	0.02372
ZNF486	0.03298	0.08467	0.04104
ZNF488	1e-04	0.04769	0.6465
ZNF490	0.19679	0.2145	0.12592
ZNF491	0.0161	0.07039	0.01938
ZNF492	0.02004	0.03813	0.01562
ZNF493	0.07571	0.31968	0.1912
ZNF496	0.04012	0.13541	0.03921
ZNF497	0.01686	0.0495	0.05694
ZNF500	0.02197	0.09789	0.0798
ZNF501	0.01664	0.12545	0.06089
ZNF502	0.01361	0.10189	0.01649
ZNF503	0.00977	0.01045	0.00034
ZNF503-AS1	0.00251	0.0045	0.00518
ZNF503-AS2	0.00206	0.01045	0
ZNF506	0.0916	0.30628	0.17701
ZNF507	0.02088	0.11755	0.10648
ZNF510	0.01977	0.08761	0.04684
ZNF511	0.18506	0.14986	0.11429
ZNF512	0.06814	0.34069	0.19413
ZNF512B	0.0081	0.05747	0.01793
ZNF513	0.02408	0.03551	0.03861
ZNF514	0.02662	0.06184	0.0337
ZNF516	0.05026	0.08562	0.00044
ZNF517	0.00352	0.01106	0.00221
ZNF518A	0.05716	0.0682	0.071
ZNF518B	0.05678	0.07975	0.01612
ZNF519	0.02208	0.13623	0.0113
ZNF521	0.00486	0.1924	0.06348
ZNF524	0.0934	0.09183	0.15917
ZNF525	0.02021	0.01713	0.00613
ZNF526	0.09137	0.1343	0.10548
ZNF527	0.04549	0.12199	0.04753
ZNF528	0.05197	0.17604	0.05818
ZNF529	0.05997	0.26445	0.14445
ZNF530	0.01602	0.04743	0.02215
ZNF532	0.03533	0.29591	0.25282
ZNF534	0.00073	0.00984	0.00664
ZNF536	0.00017	0.06216	0.71235
ZNF540	0.01478	0.03958	0.05385
ZNF541	5e-04	0.00075	0.00031
ZNF542P	0.05135	0.18784	0.05095
ZNF543	0.05668	0.15464	0.08173
ZNF544	0.04079	0.19811	0.04465
ZNF546	0.04752	0.07114	0.08379
ZNF547	0.00959	0.06068	0.04277
ZNF548	0.1046	0.33919	0.12533
ZNF549	0.04438	0.12231	0.02599
ZNF550	0.0411	0.12596	0.03838
ZNF551	0.02775	0.12206	0.03074
ZNF552	0.05479	0.09143	0.04517
ZNF554	0.03204	0.0556	0.02838
ZNF555	0.03024	0.08135	0.03333
ZNF556	0.00564	0.01107	0.0036
ZNF557	0.05719	0.11324	0.09209
ZNF558	0.05135	0.17856	0.03955
ZNF559	0.09972	0.36663	0.14455
ZNF559-ZNF177	0.00554	0.04867	0.01447
ZNF560	4e-05	0.05411	0
ZNF561	0.07706	0.1371	0.04821
ZNF562	0.22953	0.42438	0.22255
ZNF563	0.02778	0.0603	0.03633
ZNF564	0.06408	0.16114	0.05497
ZNF565	0.03891	0.15192	0.20902
ZNF566	0.05397	0.17307	0.07198
ZNF567	0.05081	0.14667	0.05317
ZNF568	0.03776	0.28887	0.1545
ZNF569	0.02565	0.13212	0.06838
ZNF57	0.02387	0.07117	0.02444
ZNF570	0.03014	0.09679	0.06587
ZNF571	0.04148	0.15713	0.10794
ZNF572	0.00631	0.01948	0.02225
ZNF573	0.04395	0.2098	0.14467
ZNF574	0.07374	0.25493	0.11531
ZNF575	0.00597	0.01328	0.02778
ZNF576	0.02982	0.12856	0.14169
ZNF577	0.09027	0.29355	0.16109
ZNF578	0.01383	0.07711	0.03485
ZNF579	0.00101	0.00279	0.00168
ZNF580	0.04041	0.08762	0.08963
ZNF581	0.16072	0.15586	0.06352
ZNF582	0.01435	0.07285	0.01232
ZNF582-AS1	0.01827	0.10514	0.06428
ZNF583	0.02225	0.16125	0.08643
ZNF584	0.03618	0.17923	0.05746
ZNF585A	0.05002	0.18923	0.08777
ZNF585B	0.04059	0.15418	0.11155
ZNF586	0.107	0.30034	0.09281
ZNF587	0.10156	0.23851	0.10953
ZNF587B	0.04965	0.13332	0.03469
ZNF589	0.0371	0.13971	0.07031
ZNF592	0.10679	0.10345	0.10957
ZNF593	0.10537	0.26376	0.18376
ZNF594	0.02645	0.10254	0.03865
ZNF595	0.06191	0.18715	0.07169
ZNF596	0.01358	0.08225	0.02344
ZNF597	0.04263	0.08083	0.04876
ZNF598	0.01087	0.01732	0.01312
ZNF599	0.00853	0.05592	0.0268
ZNF600	0.06052	0.02284	0.02338
ZNF605	0.01513	0.11722	0.05444
ZNF606	0.03337	0.24869	0.10726
ZNF607	0.01203	0.08938	0.05443
ZNF608	0.01726	0.15617	0.12894
ZNF609	0.05016	0.06818	0.05931
ZNF610	0.0183	0.09421	0.0999
ZNF611	0.05633	0.10381	0.12585
ZNF613	0.02381	0.07051	0.0153
ZNF614	0.0313	0.16676	0.10614
ZNF615	0.0376	0.10934	0.08041
ZNF616	0.02512	0.0526	0.01859
ZNF618	0.04987	0.03536	0.01185
ZNF619	0.05051	0.0706	0.08781
ZNF620	0.03854	0.13787	0.12861
ZNF621	0.08552	0.18819	0.1431
ZNF622	0.29145	0.29948	0.31796
ZNF623	0.04271	0.13398	0.07347
ZNF624	0.03194	0.07008	0.05612
ZNF625	0.01163	0.09744	0.01213
ZNF625-ZNF20	0.00041	0.0131	0.00057
ZNF626	0.08721	0.32013	0.12472
ZNF627	0.04372	0.27619	0.04947
ZNF628	0.00229	0.00505	0.00448
ZNF629	0.02051	0.07441	0.04116
ZNF630	0.03196	0.06256	0.01013
ZNF638	0.21739	0.42956	0.52386
ZNF639	0.0236	0.09302	0.09129
ZNF641	0.07458	0.05389	0.02007
ZNF644	0.21882	0.38916	0.3477
CBLL2	0	0.00384	0
ZNF646	0.02997	0.04937	0.04741
ZNF648	0	0.00341	0
ZNF649	0.07998	0.29809	0.17162
ZNF652	0.29023	0.38673	0.84991
ZNF653	0.00114	0.00655	0.00026
ZNF654	0.06086	0.08132	0.04407
ZNF655	0.51885	0.67607	0.53004
ZNF660	0.01829	0.1099	0.02825
ZNF662	0.02687	0.15907	0.06795
ZNF664	0.08174	0.69153	0.41873
ZNF665	0.03236	0.07412	0.0395
ZNF667	0.00739	0.11033	0.03815
ZNF668	0.05228	0.11352	0.07581
ZNF669	0.08106	0.24403	0.11171
ZNF670-ZNF695	0.02081	0.08849	0.0424
ZNF671	0.03305	0.15701	0.09918
ZNF672	0.15267	0.15553	0.21925
ZNF674	0.03882	0.07158	0.02447
ZNF674-AS1	0.06215	0.18177	0.02962
ZNF675	0.10407	0.18099	0.08742
ZNF676	0.00083	0.02165	0.02919
ZNF677	0.03341	0.10747	0.0401
ZNF678	0.03516	0.09788	0.03206
ZNF679	0.00045	0.0233	0.00092
ZNF680	0.05261	0.41936	0.20436
ZNF681	0.02451	0.06777	0.01513
ZNF682	0.03584	0.18478	0.05044
ZNF683	0.03251	0.00013	0.00029
ZNF684	0.01981	0.07283	0.04939
ZNF687	0.07966	0.11401	0.12173
ZNF688	0.02194	0.05672	0.06855
ZNF689	0.11856	0.12907	0.06521
ZNF69	0.05326	0.06767	0.03361
ZNF691	0.08257	0.10392	0.0842
ZNF692	0.07276	0.23962	0.186
ZNF695	0.00143	0.05826	0.00039
ZNF696	0.02429	0.08256	0.064
ZNF697	0.00177	0.01371	0.00211
ZNF699	0.02462	0.05915	0.0222
ZNF7	0.12871	0.28905	0.19385
ZNF70	0.01869	0.0469	0.02278
ZNF700	0.12134	0.13533	0.03083
ZNF701	0.03059	0.06441	0.05667
ZNF702P	0.01617	0.00925	0.00353
ZNF703	0.00321	0.00372	0.00109
ZNF704	0.00263	0.1803	0.12672
ZNF705A	0.00029	0.00246	9e-05
ZNF705B	0.00171	0.00111	0.00142
ZNF705D	0.00018	0.00171	0.00038
ZNF705G	0.00057	0.00277	0.00274
ZNF706	0.3802	0.56017	0.90814
ZNF707	0.03366	0.03484	0.03191
ZNF708	0.11217	0.39471	0.75869
AC008758.1	0.0373	0.16004	0.03997
ZNF71	0.03293	0.13812	0.08815
ZNF710	0.12344	0.03928	0.03996
ZNF711	0.0104	0.3298	0.05444
ZNF713	0.04088	0.11433	0.08648
ZNF714	0.05352	0.17108	0.04033
ZNF716	0.01468	0.02038	0.0136
ZNF717	0.02832	0.05869	0.04373
ZNF718	0.02236	0.07897	0.01523
ZNF720	0.03024	0.02703	0.02665
ZNF721	0.13101	0.3269	0.1723
ZNF724	0.02321	0.12533	0.00863
ZNF726	0.00428	0.04344	0.01596
ZNF728	0.00057	0.01008	0.01507
ZNF729	0.00039	0.00328	0.00066
ZNF732	0.00093	0.01222	0.00085
ZNF733P	4e-04	0.00483	0.00075
ZNF736	0.0972	0.28544	0.0583
ZNF737	0.04726	0.16435	0.09325
ZNF738	0.03609	0.14036	0.08029
ZNF74	0.01745	0.16384	0.03321
ZNF740	0.02163	0.03006	0.01529
ZNF746	0.02383	0.03799	0.01142
ZNF747	0.05873	0.08368	0.12387
ZNF749	0.0112	0.08244	0.03171
ZNF750	0.00238	0.00539	0.00058
ZNF75A	0.04043	0.16392	0.11394
ZNF75D	0.07243	0.05429	0.04295
ZNF76	0.13296	0.19948	0.17604
ZNF761	0.04447	0.07661	0.02913
ZNF763	0.01566	0.04452	0.0131
ZNF764	0.03658	0.11082	0.06496
ZNF765	0.04245	0.08189	0.05805
ZNF766	0.08795	0.16841	0.05466
ZNF767P	0.05869	0.15872	0.08882
ZNF768	0.00744	0.03958	0.04119
ZNF77	0.03779	0.10434	0.03478
ZNF770	0.07353	0.18487	0.08198
ZNF771	0.00622	0.13808	0.10314
ZNF772	0.02434	0.16345	0.05532
ZNF773	0.04563	0.12879	0.03744
ZNF774	0.00284	0.04111	0.02256
ZNF775	9e-05	0.00957	0.00926
ZNF776	0.05462	0.22907	0.09673
ZNF777	0.00079	0.01295	0.00064
ZNF778	0.01416	0.05788	0.03652
ZNF780A	0.10474	0.1253	0.07086
ZNF780B	0.04374	0.10076	0.0466
ZNF781	0.003	0.05616	0.01329
ZNF782	0.0241	0.07146	0.01893
ZNF783	0.03395	0.06653	0.03528
ZNF784	0.00625	0.01327	0.00716
ZNF785	0.03883	0.09461	0.04809
ZNF786	0.01744	0.09962	0.03019
ZNF787	0.00294	0.00525	0.00201
ZNF788P	0.03915	0.07207	0.01928
ZNF789	0.06223	0.1636	0.03214
ZNF79	0.04203	0.08286	0.07412
ZNF790	0.017	0.10691	0.03444
ZNF791	0.25527	0.39386	0.20286
ZNF792	0.01266	0.023	0.0069
ZNF793	0.10217	0.18543	0.09259
ZNF799	0.03026	0.07222	0.05058
ZNF80	0.02518	0.02469	0.01245
ZNF800	0.12351	0.2138	0.09531
ZNF804A	0.0113	0.02208	4e-05
ZNF804B	2e-05	0.00194	0
ZNF805	0.07645	0.18912	0.10712
ZNF808	0.06022	0.09452	0.04237
ZNF81	0.01781	0.07299	0.04292
ZNF812P	0.09506	0.01736	0.0017
ZNF813	0.01943	0.03681	0.01353
ZNF814	0.07645	0.22839	0.07417
ZNF815P	0.02083	0.02893	0.02917
ZNF816	0.0472	0.06446	0.01345
ZNF321P	0.00207	0.00534	0.00338
AC092070.2	0.04382	0.05117	0.03973
ZNF821	0.01703	0.12575	0.02094
ZNF823	0.03427	0.08406	0.02779
ZNF826P	0.00934	0.02424	0.02616
ZNF827	0.00762	0.13376	0.05383
ZNF829	0.03946	0.11777	0.04015
ZNF83	0.15095	0.26779	0.18304
ZNF830	0.10624	0.1727	0.10671
ZNF831	0.0108	0.00012	0.00168
AC008543.1	0.00313	0.03022	7e-05
ZNF835	0.0272	0.07886	0.06601
ZNF836	0.01987	0.0534	0.02887
ZNF837	0.00172	0.00563	0
ZNF839	0.03242	0.05034	0.06055
ZNF84	0.06323	0.34111	0.13012
ZNF841	0.05253	0.11651	0.06724
ZNF843	0.00088	0.01141	0.00061
ZNF844	0.05276	0.18691	0.07762
ZNF845	0.02093	0.04096	0.04974
ZNF846	0.11723	0.05826	0.04251
ZNF847P	0	0.00109	0
ZNF85	0.07564	0.22142	0.03846
ZNF850	0.05608	0.1055	0.04824
ZNF853	0.00146	0.03253	0.01894
ZNF860	0.00064	0.00467	0.00083
ZNF862	0.01708	0.07771	0.03235
ZNF865	0.02757	0.04038	0.0226
ZNF876P	0.03559	0.07157	0.04147
ZNF878	0.00404	0.02809	0.00508
ZNF879	0.0389	0.08283	0.05366
ZNF880	0.03316	0.19406	0.06158
ZNF883	0.01401	0.2632	0.11424
ZNF890P	0.002	0.00201	0.0041
ZNF90	0.01383	0.06139	0.01142
ZNF91	0.11244	0.50468	0.1056
ZNF92	0.09146	0.47225	0.12663
ZNF93	0.02379	0.19535	0.01968
ZNF98	0.00067	0.02132	0.00116
ZNF99	0.00695	0.01673	0.00721
ZNFX1	0.1691	0.11658	0.11445
ZNHIT1	0.26523	0.69546	0.64734
ZNHIT2	0.03779	0.09773	0.05089
ZNHIT6	0.07484	0.1423	0.12078
ZNRD1	0.16073	0.28981	0.12122
ZNRD1ASP	0.01839	0.03382	0.02448
ZNRF1	0.01158	0.03763	0.01612
ZNRF2	0.06741	0.02851	0.03471
ZNRF2P1	0.00358	0.01943	0.00299
ZNRF2P2	1e-05	0.00298	0.00304
ZNRF3	0.00899	0.06122	0.0129
ZNRF3-AS1	0.09771	0.15748	0.08761
ZP1	0.00052	0.00146	0
ZP3	0.02329	0.02315	0.00978
ZPBP2	5e-05	0.00128	0
ZPLD1	4e-05	0.00228	0
ZRANB1	0.06251	0.05353	0.05436
ZRANB2	0.24723	0.44715	0.38505
ZRANB2-AS1	0.00864	0.01431	0.0074
ZRANB2-AS2	0.00673	0.01415	0.03105
ZRANB3	0.00773	0.05379	0.0525
ZRSR2	0.06002	0.06649	0.02667
ZSCAN1	0.00043	0.01628	0.00181
ZSCAN10	0	4e-04	0.00033
ZSCAN12	0.04598	0.14517	0.05477
ZSCAN12P1	0.00331	0.05796	0.05249
ZSCAN16	0.09051	0.22625	0.12663
ZSCAN18	0.01695	0.13803	0.10949
ZSCAN2	0.05628	0.09439	0.05354
ZSCAN20	0.00762	0.03294	0.01991
ZSCAN21	0.0487	0.19272	0.09418
ZSCAN22	0.05624	0.12448	0.0788
ZSCAN23	0.00359	0.04707	0.00885
ZSCAN25	0.05552	0.18278	0.10272
ZSCAN29	0.08833	0.16089	0.12275
ZSCAN30	0.03592	0.16171	0.14406
ZSCAN31	0.01444	0.05751	0.04796
ZSCAN32	0.04216	0.14491	0.09222
ZSCAN4	0.00065	0.00164	0.00126
ZSCAN5A	0.0198	0.04431	0.02128
ZSCAN5B	5e-04	0.00137	0.00455
ZSCAN9	0.0752	0.17655	0.09457
ZSWIM1	0.09593	0.14709	0.08881
ZSWIM2	0.00115	0.00177	0
ZSWIM3	0.03419	0.04159	0.02047
ZSWIM4	0.02298	0.02072	0.00271
ZSWIM5	0.00372	0.04669	0.01759
ZSWIM6	0.11711	0.09819	0.16275
ZSWIM7	0.16643	0.2679	0.23688
ZSWIM8	0.06003	0.07954	0.08015
ZSWIM8-AS1	0.02698	0.02332	0.02011
ZUP1	0.14464	0.15795	0.0964
ZW10	0.07281	0.17038	0.17043
ZWILCH	0.0839	0.17963	0.04521
ZWINT	0.06435	0.25048	0.03461
ZXDA	0.00873	0.02591	0.00834
ZXDB	0.02195	0.05975	0.02934
ZXDC	0.1189	0.15534	0.11964
ZYG11A	0.02681	0.03752	0.02682
ZYG11B	0.06953	0.15316	0.08689
ZYX	0.48094	0.57425	0.14769
ZZEF1	0.07198	0.099	0.08055
AC118549.1	0.09601	0.21971	0.20542
