DRUG_ID,COSMIC_ID,TCGA_DESC,Label,Pred
1909,910705,UNCLASSIFIED,-5.2233,-3.7419512271881104
1510,909248,MB,4.51125,5.141800403594971
1853,1240179,CESC,3.535887,2.9859557151794434
1941,910079,ESCA,-3.023716,-2.385072946548462
1049,688001,SCLC,2.689196,2.4258546829223633
2106,1298223,LUSC,1.420333,2.736522674560547
1922,907044,UNCLASSIFIED,1.743652,1.715040683746338
1046,906792,SKCM,1.089994,1.5011157989501953
1911,925347,PAAD,-2.791349,-1.8110296726226807
1913,905944,LUAD,5.272052,4.8961100578308105
1373,909769,UNCLASSIFIED,4.99029,4.902154922485352
1922,1331032,DLBC,2.553528,3.5243747234344482
1557,753584,BLCA,4.435668,3.1980223655700684
1013,907061,HNSC,2.710192,2.915851354598999
1007,906821,PAAD,-3.978476,-3.761169672012329
1557,753551,SCLC,4.538651,3.9812679290771484
1237,910401,UNCLASSIFIED,3.79718,3.589373826980591
1036,1240226,SKCM,1.026498,3.1476998329162598
1007,753552,BLCA,-2.931242,-4.15689754486084
1926,971773,UNCLASSIFIED,-0.656644,-0.5428522229194641
2110,1240124,COREAD,4.200222,4.009588718414307
1079,906827,UNCLASSIFIED,0.621251,0.7210450172424316
2048,684072,UNCLASSIFIED,-5.395842,-5.038995742797852
1630,909755,COREAD,5.573853,5.2259602546691895
1010,753548,LAML,1.939165,2.0082545280456543
1557,907792,COREAD,6.491513,6.023125171661377
1025,749712,BRCA,5.697029,5.400796413421631
2040,949157,UNCLASSIFIED,1.031547,1.0282397270202637
1598,906821,PAAD,4.157468,4.914490699768066
1012,1240186,SCLC,2.058347,2.7641825675964355
1248,998189,COREAD,-4.628969,-4.156421661376953
1510,1290795,UNCLASSIFIED,4.94158,4.637601852416992
1854,925347,PAAD,6.129321,5.79124116897583
1083,906830,SKCM,3.826365,4.1098527908325195
1004,910554,COREAD,-2.979072,-2.5165534019470215
2106,1330985,LAML,3.258693,4.14859676361084
1529,724863,UNCLASSIFIED,0.176143,0.5777029991149902
1926,906693,PAAD,0.588681,0.9318174123764038
1131,906862,BRCA,2.735763,4.38874626159668
1088,910930,DLBC,-0.142121,-0.589267909526825
1510,906831,UNCLASSIFIED,3.350167,3.250844717025757
1004,1290798,BRCA,1.128721,-0.058979332447052
1786,688025,SCLC,3.099759,2.7838189601898193
1373,753538,HNSC,4.470627,4.733848571777344
1083,753555,ESCA,2.499656,2.814039945602417
1512,909702,ALL,4.389701,4.093207836151123
1862,1240122,HNSC,-1.58227,-1.4825491905212402
1088,1503367,ESCA,3.890757,2.921492338180542
1578,909252,ALL,4.404104,3.7188520431518555
2106,910704,BRCA,-0.231396,1.683847427368164
1005,905971,COREAD,3.233054,3.3996095657348633
2110,946382,BRCA,5.06498,4.189028739929199
1054,906790,STAD,1.994129,2.4945168495178223
1913,908156,UNCLASSIFIED,3.144967,2.7407166957855225
1010,1299080,SKCM,2.996267,3.4577815532684326
2040,909904,PAAD,1.31311,2.0931901931762695
2106,1503367,ESCA,3.107517,5.688967227935791
1930,1297447,MM,0.506631,0.5423626899719238
1248,925348,PAAD,-3.783265,-2.0241425037384033
1578,683667,MB,3.938308,4.356280326843262
1190,687821,LUAD,2.025576,2.9564626216888428
1512,687983,SCLC,4.992224,4.706547260284424
1996,906804,UNCLASSIFIED,2.956344,3.3256351947784424
1941,924107,CESC,-3.128659,-3.61031174659729
1561,906746,GBM,1.576285,2.6812338829040527
1910,1240168,GBM,1.326539,2.5017950534820557
1912,687812,LUAD,4.415969,3.417097568511963
2106,906696,THCA,3.505107,3.4778618812561035
2047,753565,SCLC,2.81042,2.8835854530334473
1855,753532,HNSC,6.204215,4.5977325439453125
1910,925343,UNCLASSIFIED,2.900941,3.0087757110595703
1617,907788,PRAD,2.030139,0.3159564137458801
1049,687819,LUAD,5.128548,4.950971603393555
1559,910947,LAML,-4.680953,-3.7693350315093994
1626,1240168,GBM,3.326845,3.4453933238983154
1928,1327769,DLBC,2.025405,2.443561315536499
1012,909709,HNSC,2.945155,2.4276185035705566
1249,1240174,UCEC,3.715724,3.9965033531188965
1625,1480362,OV,5.528444,5.201786994934082
1507,949177,NB,4.149879,3.7195520401000977
2047,930298,CESC,2.667274,2.6505424976348877
2048,906872,NB,-1.05032,-1.1554334163665771
1131,908122,BRCA,2.08785,2.698272466659546
1375,906843,CESC,6.102626,5.376070022583008
1630,905970,LUAD,4.158944,3.6975395679473877
1091,946357,UNCLASSIFIED,0.411971,1.2230701446533203
1259,1298526,PAAD,4.007579,3.6241941452026367
1085,925346,PAAD,5.476156,3.424701452255249
1862,907286,PAAD,-2.040349,-1.2363436222076416
1085,908447,NB,1.773809,3.119777202606201
1011,1327766,MM,0.020412,-0.23775595426559448
1559,753612,MM,-2.19486,0.18791675567626953
1926,909713,SKCM,0.338261,1.061325192451477
1050,946359,BRCA,4.181466,4.39738130569458
1561,910852,BRCA,0.900091,2.461512804031372
1930,924250,STAD,2.521693,1.8155016899108887
1168,1327773,DLBC,2.556823,2.478929281234741
1564,998189,COREAD,1.064187,0.9156482815742493
1511,687457,BLCA,-1.016978,-0.5341339707374573
1085,924102,THCA,3.507672,3.616562604904175
1624,906693,PAAD,3.182596,3.4355738162994385
1088,906818,SKCM,2.831332,1.7333861589431763
1919,905951,BRCA,2.222149,2.979519844055176
1564,1290730,BLCA,2.026507,2.3322834968566895
2043,909750,LGG,5.143439,4.499416828155518
1918,1330947,LAML,1.697649,2.4145925045013428
1131,753546,SKCM,5.781579,5.948418617248535
1083,910900,LUAD,3.573346,3.753554344177246
1079,1290813,MESO,-0.536223,-0.12747502326965332
1941,687780,UNCLASSIFIED,-5.632621,-4.688423156738281
1057,1298219,UNCLASSIFIED,0.927527,0.5597888827323914
1614,924244,LUAD,3.536534,3.060115098953247
2110,1240129,OV,5.227464,5.662189960479736
1630,910930,DLBC,3.881714,2.7882513999938965
1017,910942,UNCLASSIFIED,3.47303,3.827845811843872
1852,1298531,HNSC,3.230592,4.595391750335693
1022,907000,UNCLASSIFIED,-1.877905,-1.148632287979126
1046,924250,STAD,3.240168,3.734461784362793
1786,907043,UNCLASSIFIED,2.055231,2.3005189895629883
2111,909905,GBM,5.049294,3.76432728767395
1564,910691,UCEC,4.339778,3.993928909301758
1854,908123,BRCA,2.952409,4.143732070922852
1507,909770,STAD,4.241416,3.939304828643799
1085,905957,BRCA,2.141935,2.8783349990844727
1936,908142,UNCLASSIFIED,1.253304,1.858574390411377
1080,924107,CESC,-5.455731,-4.818641185760498
1862,749713,BRCA,-0.889507,-1.5902113914489746
1046,910910,BRCA,1.79898,2.9719855785369873
2045,908128,SKCM,6.167198,5.343420028686523
1913,753569,LUSC,4.87985,4.41108512878418
1549,688023,SCLC,4.918564,4.00994348526001
1621,687995,SCLC,5.245172,4.342824935913086
1635,910951,LCML,3.594372,3.6601319313049316
1080,910850,LIHC,0.627561,0.5356912612915039
1180,907062,HNSC,-3.304347,-1.674135684967041
1507,907279,LGG,4.603339,5.244994640350342
1093,1240217,LIHC,2.356021,2.1820616722106934
1034,724831,UNCLASSIFIED,-3.413528,-2.776224136352539
1372,909784,SKCM,-1.641155,-1.4968369007110596
1910,908446,STAD,1.33753,1.9587109088897705
1512,749717,BRCA,5.942063,5.816088676452637
1083,684052,UNCLASSIFIED,2.460314,2.892742872238159
1054,1503365,ESCA,5.759774,5.057803153991699
1036,753610,SCLC,4.082857,3.6956703662872314
1168,930083,THCA,5.460609,6.1095380783081055
1013,906847,UNCLASSIFIED,1.595699,2.168654680252075
1168,687590,GBM,2.359189,2.7880396842956543
1259,687448,SKCM,2.87204,3.6332526206970215
1852,1659823,COREAD,4.959787,5.480675220489502
1629,753548,LAML,2.849197,3.4718616008758545
1179,909769,UNCLASSIFIED,2.398139,2.076054573059082
1910,1240149,UNCLASSIFIED,2.30377,2.6794419288635254
1011,907792,COREAD,0.415413,1.660517692565918
1200,909773,DLBC,1.900849,2.1478824615478516
1627,905959,OV,4.400828,4.261392593383789
1924,907291,COREAD,1.853787,1.95538330078125
1017,910688,LAML,1.576889,1.8705763816833496
1930,724828,NB,-0.479074,0.4367983341217041
1613,907794,COREAD,3.141166,0.9047351479530334
1561,909735,UCEC,1.647121,1.6380647420883179
1578,910687,ALL,4.13243,3.260401487350464
1936,1330947,LAML,0.612614,0.8304182887077332
1862,1298349,SCLC,-0.422723,-0.7024467587471008
1131,907064,UNCLASSIFIED,6.822997,6.212948322296143
1510,908156,UNCLASSIFIED,2.554842,0.9708007574081421
1918,908123,BRCA,2.054665,2.3154115676879883
1168,683665,MM,2.761263,1.2398391962051392
1578,910549,ESCA,5.262259,5.609035491943359
1613,753574,ESCA,3.810714,4.459750652313232
1925,907280,LAML,4.275705,3.715010404586792
1621,908443,LUSC,5.780121,5.368033409118652
1180,930297,CESC,-2.556153,-0.8300660252571106
1080,909747,COREAD,1.537191,0.6732844710350037
2044,910900,LUAD,2.352416,3.3057947158813477
1093,946353,ESCA,3.595929,3.317694902420044
1910,1298475,PAAD,3.782393,3.632420539855957
1630,909249,MM,2.849543,3.00141978263855
1017,909784,SKCM,5.078408,5.144651889801025
1091,724872,SCLC,2.435118,2.469409465789795
1512,906820,NB,5.447731,4.815558433532715
2047,908483,SCLC,2.146937,2.3749570846557617
1930,1240123,COREAD,0.713536,0.16417938470840454
1042,1290905,BRCA,5.014417,5.990576267242432
1924,907295,SCLC,5.775793,4.891507625579834
1631,909255,UNCLASSIFIED,0.730773,1.359323263168335
2044,907317,ESCA,3.538945,2.392259359359741
1620,908147,ALL,3.78793,3.5465545654296875
2048,906835,GBM,-1.533485,0.9240068793296814
1004,1503366,ESCA,-3.225653,-2.19677472114563
1268,910924,STAD,4.182666,5.126932144165039
1613,1290798,BRCA,3.515286,4.581387042999268
1799,909729,GBM,5.808195,5.823530673980713
1553,909743,ALL,1.84008,1.1801986694335938
1912,906826,BRCA,2.758705,3.7284996509552
1620,909976,UNCLASSIFIED,4.295688,4.623047828674316
1564,905965,UNCLASSIFIED,1.500343,2.2180821895599365
1507,688031,SCLC,2.548873,3.457984685897827
1918,753573,ESCA,3.564723,2.190110206604004
1925,907278,LAML,4.777008,4.737936019897461
1068,688001,SCLC,0.185051,-0.02192544937133789
1630,906836,UNCLASSIFIED,2.219345,2.0571203231811523
1622,909264,UNCLASSIFIED,4.83518,4.626051902770996
2106,1240170,GBM,2.197932,2.401798725128174
1930,908156,UNCLASSIFIED,-1.932658,-0.7480383515357971
1996,909774,UNCLASSIFIED,4.516405,3.2554564476013184
1259,998184,ALL,-0.395039,-0.2079945206642151
1624,1240167,ESCA,2.4189,2.379328966140747
1557,910784,UNCLASSIFIED,6.258462,5.721236228942871
1511,753561,HNSC,-0.426907,-2.1492133140563965
2107,910689,COREAD,6.606527,7.128971576690674
1918,909904,PAAD,4.222257,3.3503925800323486
1927,1660035,COREAD,6.305416,5.79719877243042
1085,909719,LIHC,2.201518,2.2871344089508057
1931,906836,UNCLASSIFIED,1.033842,2.36185884475708
1620,687586,GBM,5.021207,5.003542900085449
1630,687459,BLCA,4.265066,4.518387317657471
1617,1240216,LIHC,1.971337,2.7567667961120605
2047,1327774,UNCLASSIFIED,1.648356,2.528521776199341
1549,1298169,KIRC,4.046442,4.813149929046631
1613,1298350,LUAD,4.521912,3.640105962753296
1613,908451,LAML,2.007234,1.5997471809387207
1594,908123,BRCA,1.089201,2.4049060344696045
1576,1240136,MESO,3.78073,3.8938775062561035
1168,917486,COREAD,2.883763,2.6507983207702637
1873,753615,MM,2.222495,1.7261909246444702
2048,687588,GBM,-2.129866,-2.6661171913146973
2109,1240218,PAAD,4.302594,4.968521595001221
1933,753608,LUAD,6.785043,5.827062129974365
1614,924102,THCA,4.037202,3.8332359790802
1073,753573,ESCA,3.345576,3.62121319770813
1177,909256,BRCA,4.757454,4.136629581451416
1553,906848,UNCLASSIFIED,3.247045,3.596696615219116
1630,910942,UNCLASSIFIED,2.106174,2.4529221057891846
1622,1298222,ESCA,3.675412,4.357644557952881
1057,909732,UNCLASSIFIED,-1.218796,-1.0841281414031982
1615,1240196,HNSC,6.047126,5.234629154205322
1561,906831,UNCLASSIFIED,1.922963,1.764308214187622
2111,907047,UNCLASSIFIED,0.81764,1.8180232048034668
1068,1298358,STAD,2.368155,2.005368232727051
1093,910904,HNSC,4.751631,4.4757513999938965
1922,909703,ALL,2.316753,1.4954164028167725
1926,906846,UNCLASSIFIED,0.472582,-0.11648118495941162
2096,907057,LIHC,3.098061,2.656891345977783
1005,946382,BRCA,3.718517,4.263216972351074
1617,905957,BRCA,1.94858,-0.1492275595664978
1873,906805,LUAD,0.583871,0.5910531282424927
2040,1290724,HNSC,0.357101,0.7344149947166443
2045,905959,OV,6.637748,5.781517505645752
1627,1240219,PAAD,4.202106,4.4123921394348145
1032,905980,KIRC,0.548056,0.9369950294494629
1373,909750,LGG,3.373941,4.7147064208984375
1908,1298350,LUAD,2.943846,3.537046194076538
1625,949156,UNCLASSIFIED,5.062897,5.295722484588623
1131,687590,GBM,5.394756,4.888825416564941
1068,906812,BRCA,2.351196,1.867894172668457
1630,905955,SKCM,4.848427,4.987183094024658
1926,909696,UNCLASSIFIED,1.296011,0.3685508668422699
1010,910401,UNCLASSIFIED,1.544548,2.2443764209747314
1918,909780,BLCA,4.43418,3.476020336151123
1594,909264,UNCLASSIFIED,5.658219,5.162816047668457
1932,753573,ESCA,2.09486,2.0997414588928223
1613,688010,SCLC,4.087659,3.243896722793579
1091,909717,UNCLASSIFIED,1.101031,1.8308494091033936
1939,910688,LAML,2.493838,1.998091459274292
1005,1330942,LAML,3.60411,3.7314021587371826
1250,946370,GBM,1.710592,1.559690237045288
1936,909785,UNCLASSIFIED,1.615404,1.7678731679916382
1179,908159,UNCLASSIFIED,-1.233522,-1.0414607524871826
2047,907311,LCML,-1.435858,-0.2281777262687683
1634,907319,ESCA,3.544172,3.8188836574554443
1927,905989,COREAD,5.439028,4.981400966644287
1918,1659928,COREAD,3.008588,2.980806827545166
1239,753539,UNCLASSIFIED,0.939788,0.9173312783241272
1930,906832,DLBC,0.66229,-0.6038731932640076
1553,1298169,KIRC,3.810609,4.163724899291992
1932,1331045,DLBC,3.395577,3.994389295578003
1911,910704,BRCA,-3.465757,-4.956757545471191
1932,1299059,HNSC,2.774379,3.2366943359375
1051,687800,LUAD,2.296969,4.634012699127197
1930,907055,STAD,-0.685963,-0.6177653670310974
2096,908443,LUSC,3.7748,3.3918497562408447
1250,909250,KIRC,3.132583,2.8692667484283447
1079,907065,BLCA,1.633467,1.6483747959136963
1268,907289,COREAD,5.24152,4.862277984619141
1017,906795,THCA,4.562601,5.2129669189453125
1849,924108,COREAD,1.022087,-0.06252223253250122
1563,910705,UNCLASSIFIED,4.330947,4.496376991271973
2047,907058,SKCM,-0.316983,0.004396498203277588
1239,907300,LAML,-0.473125,-0.18064093589782715
1088,910688,LAML,-0.117609,-0.4090721011161804
1088,946357,UNCLASSIFIED,-0.438016,0.7529281377792358
1578,906827,UNCLASSIFIED,4.071177,5.4248785972595215
1916,1479987,OV,3.316772,2.889521837234497
1996,946361,UNCLASSIFIED,4.801169,3.715115785598755
1375,905934,PRAD,6.432623,7.106989860534668
1932,1674021,COREAD,2.742321,2.8244876861572266
1563,753600,LUAD,6.208105,5.5204010009765625
1855,905989,COREAD,2.233585,2.946864128112793
1249,1503371,ESCA,2.715704,3.57620906829834
1179,1327773,DLBC,-0.029175,0.008317351341247559
1559,1240187,LUAD,-2.9512,-2.547058343887329
1614,946360,OV,6.072499,5.54218864440918
1855,906852,UNCLASSIFIED,3.23208,5.179656982421875
1511,1330935,UNCLASSIFIED,-0.900609,-2.3504626750946045
1549,1330995,DLBC,4.09652,4.225315570831299
1909,1240143,LUSC,0.872555,1.5641144514083862
1621,1240184,UNCLASSIFIED,2.307676,4.438649654388428
2047,925348,PAAD,1.02478,1.9746336936950684
1511,905958,ALL,-3.897801,-3.1569347381591797
1180,930082,UNCLASSIFIED,-3.174628,-3.2432339191436768
1918,1297447,MM,3.708748,3.892296075820923
1190,909754,UNCLASSIFIED,3.859779,3.8806304931640625
1011,910710,LCML,-3.278958,-2.472181558609009
1012,907169,SKCM,0.709902,1.1593430042266846
1622,909904,PAAD,6.071557,5.286810398101807
1268,925341,UNCLASSIFIED,4.830695,4.464646816253662
1598,1659928,COREAD,3.817176,3.534973621368408
1930,907071,LIHC,1.694449,2.2353463172912598
1179,907318,ESCA,-0.317338,0.16683369874954224
1268,907788,PRAD,3.994065,4.056120872497559
1873,908462,MESO,0.818763,1.02410888671875
1239,1240179,CESC,1.125602,2.2735700607299805
1931,910919,DLBC,2.606419,2.555222272872925
1089,1240212,CESC,3.360122,3.659355878829956
1927,724863,UNCLASSIFIED,5.842386,5.121626377105713
1248,906846,UNCLASSIFIED,-6.239794,-5.053632736206055
1054,1298226,LUSC,4.828328,3.8550140857696533
1617,1240127,UCEC,2.096736,2.77994441986084
1593,1290730,BLCA,1.833915,2.0591351985931396
1034,910704,BRCA,-2.727706,-2.423861265182495
1631,905980,KIRC,3.77677,2.887403964996338
1177,1240179,CESC,5.030631,4.023601055145264
1268,906999,UNCLASSIFIED,4.09695,4.207469463348389
1624,1660036,COREAD,4.794021,3.5396151542663574
1068,924239,MM,0.999767,0.6728672385215759
1849,909975,UNCLASSIFIED,1.281331,1.0443371534347534
1786,946382,BRCA,3.235554,2.7904508113861084
1559,909703,ALL,-1.62842,-3.718451738357544
1088,906830,SKCM,2.031857,2.3393478393554688
2096,907794,COREAD,0.25175,-0.5089736580848694
1559,905989,COREAD,-1.163707,-3.694108724594116
1922,1331036,DLBC,0.455952,0.21686071157455444
1004,909761,COREAD,-3.689954,-2.92889666557312
1250,909744,ACC,1.505163,1.3819301128387451
1917,908147,ALL,-0.830163,-0.9522340893745422
1022,908139,STAD,1.317107,0.7647044658660889
1598,907056,UNCLASSIFIED,3.540255,4.720493793487549
1249,908159,UNCLASSIFIED,1.944425,1.0814191102981567
1911,910705,UNCLASSIFIED,-6.012231,-6.275062561035156
1032,1659928,COREAD,0.696727,0.1934106945991516
1852,909250,KIRC,4.496603,5.830993175506592
1854,687829,UNCLASSIFIED,5.59997,5.74539041519165
1091,909707,UNCLASSIFIED,1.988878,1.3276371955871582
1268,687459,BLCA,5.191227,4.447692394256592
1375,907313,GBM,6.541817,6.336043357849121
1624,1509073,KIRC,3.82221,3.878704071044922
2045,906817,ESCA,6.864836,6.163068771362305
1054,908139,STAD,3.913013,3.185529947280884
1046,906861,UNCLASSIFIED,1.980151,2.2516300678253174
1559,905968,OV,-3.599954,-3.1053380966186523
1190,908470,MESO,0.245619,2.053267478942871
1563,908151,BRCA,4.733394,4.751787185668945
1939,909256,BRCA,0.613585,2.384678840637207
1618,1298365,OV,3.435053,3.7739875316619873
1006,1331033,DLBC,-0.329527,-0.7398315072059631
1248,907273,UNCLASSIFIED,-3.447921,-5.068903923034668
1635,753608,LUAD,6.286178,5.700229167938232
1047,909785,UNCLASSIFIED,2.827232,1.1616063117980957
2048,1247871,ALL,-4.583483,-4.777013778686523
1939,1240140,UNCLASSIFIED,2.499625,3.166637659072876
1168,906851,BRCA,3.767951,3.544754981994629
1915,907286,PAAD,3.136141,2.4501218795776367
1007,905974,SKCM,-5.074296,-6.083764553070068
1058,906814,SKCM,0.797091,1.067697525024414
1510,1322212,SCLC,0.354313,1.5902618169784546
1079,753552,BLCA,2.540547,0.7838510870933533
1180,909977,UNCLASSIFIED,-2.639887,-2.621401786804199
1622,1290798,BRCA,5.345537,4.209887504577637
1915,908152,MESO,2.879904,2.465459108352661
1576,910698,KIRC,3.084395,2.0782039165496826
1922,1240159,LIHC,4.623782,2.930396318435669
1057,949179,NB,-1.10711,-2.470614194869995
1799,1298365,OV,3.589349,3.026186227798462
1013,910941,NB,2.898262,3.225142478942871
1620,906837,HNSC,4.533571,4.4446234703063965
1021,749711,BRCA,3.707724,3.641085624694824
1005,907068,CESC,2.758755,1.9628596305847168
1911,907072,UNCLASSIFIED,-6.063452,-4.453519344329834
1058,753610,SCLC,1.054962,1.0296103954315186
1932,925338,BRCA,2.580493,4.564063549041748
1918,910852,BRCA,3.760899,2.919013738632202
1939,909774,UNCLASSIFIED,2.939257,2.2170040607452393
1915,910951,LCML,1.794826,1.683302640914917
1012,907299,UNCLASSIFIED,0.964208,1.0563150644302368
2107,1503365,ESCA,7.520045,6.759376525878906
1786,909755,COREAD,3.686558,4.660017967224121
1003,1299062,SCLC,-2.393159,-1.6516749858856201
1910,753615,MM,1.531064,3.743579626083374
1190,753615,MM,3.316711,0.9573452472686768
1177,1240144,UNCLASSIFIED,4.982909,4.449953556060791
1930,905957,BRCA,-0.505539,-0.3732531666755676
1614,907065,BLCA,3.559796,4.5764241218566895
1003,909770,STAD,-2.441686,-2.798748731613159
1010,753620,NB,3.472367,3.473011016845703
1928,1240149,UNCLASSIFIED,3.826482,2.931597948074341
1180,910851,UNCLASSIFIED,-3.126298,-2.682544231414795
1911,724831,UNCLASSIFIED,-4.659869,-4.568107604980469
1047,908476,LUAD,5.55453,4.36556339263916
1578,687457,BLCA,5.381306,4.423436164855957
1512,1299080,SKCM,4.941236,4.917269229888916
1862,907061,HNSC,-1.448082,-1.448462724685669
1873,907298,UNCLASSIFIED,0.748249,0.3662548065185547
1259,905964,MM,3.1587,2.3454017639160156
1058,908454,UNCLASSIFIED,1.250664,1.1721744537353516
1060,1659818,MM,-0.233657,-0.4497728943824768
1862,909704,BLCA,-2.200105,-1.3444011211395264
1940,908446,STAD,2.799786,3.8507580757141113
1873,753586,UNCLASSIFIED,1.172127,1.4594805240631104
1940,1240221,UNCLASSIFIED,3.757831,3.3318324089050293
1578,949174,NB,4.005588,4.840373992919922
1006,753561,HNSC,2.048609,1.6592762470245361
1925,908472,LUAD,4.765841,5.294554233551025
1011,1330935,UNCLASSIFIED,-2.785433,-1.1184828281402588
1005,1240127,UCEC,5.332828,5.794479846954346
1179,909780,BLCA,1.464527,0.4197878837585449
1915,1303897,DLBC,3.582009,3.5727646350860596
1549,925346,PAAD,3.178326,2.773164749145508
1560,909774,UNCLASSIFIED,5.289276,5.165426254272461
1911,930298,CESC,-3.178496,-3.5662848949432373
1036,909729,GBM,5.928804,3.9204800128936768
1917,1330947,LAML,-0.59136,-0.899360716342926
1083,906824,CESC,4.015434,3.728977918624878
1093,1327773,DLBC,4.195367,3.726752519607544
1852,687798,LUAD,6.295511,5.545103549957275
1017,908138,UNCLASSIFIED,5.715413,5.049137592315674
1003,1503366,ESCA,-2.882568,-2.7156240940093994
1930,946382,BRCA,-0.162037,0.3504858911037445
1512,905952,ALL,4.09512,3.9264543056488037
1004,909735,UCEC,-5.671799,-5.195239067077637
1006,722066,LUAD,3.588083,2.628171443939209
1613,907295,SCLC,5.007405,5.371232509613037
1913,908444,STAD,4.692966,4.397904396057129
1593,910926,BLCA,2.630937,1.2643896341323853
2106,688023,SCLC,0.500029,1.1269371509552002
1011,753589,SCLC,1.864022,2.3669049739837646
1036,910704,BRCA,4.784235,3.569776773452759
1617,753573,ESCA,-3.022276,0.9521586894989014
1268,749717,BRCA,4.071266,5.1297783851623535
1060,924244,LUAD,-0.302787,0.10242968797683716
1932,908159,UNCLASSIFIED,1.964272,1.53025484085083
1034,906838,UNCLASSIFIED,-3.307909,-3.254612684249878
1091,905958,ALL,2.920121,3.096621036529541
1593,1298222,ESCA,4.823844,3.3948845863342285
1634,1327774,UNCLASSIFIED,2.638824,2.993591070175171
1375,906798,BLCA,5.175687,5.208794116973877
1624,1240187,LUAD,3.698366,3.0123980045318604
1912,909718,COREAD,3.241846,2.7334020137786865
1073,908146,ALL,4.843377,3.6774582862854004
1250,1303900,BRCA,2.41104,3.8047640323638916
1613,713878,SCLC,3.017987,3.915360450744629
1249,908473,LUAD,5.586601,4.797430515289307
1912,908463,LUAD,6.232048,3.7860774993896484
1786,1660034,COREAD,4.118921,3.727443218231201
1931,906832,DLBC,4.57888,4.241662979125977
1507,1503363,ESCA,5.671697,4.473042011260986
1849,908476,LUAD,-0.274079,-0.527786910533905
1854,687590,GBM,5.891984,4.841277599334717
2044,909905,GBM,2.406439,2.790146589279175
1578,1240140,UNCLASSIFIED,6.3956,5.504617214202881
1614,925338,BRCA,4.249605,5.693601131439209
1927,910849,UNCLASSIFIED,4.567147,4.185468673706055
1925,908443,LUSC,5.811838,5.4249725341796875
1131,908470,MESO,6.098329,4.552150726318359
1032,1240197,OV,3.388581,4.1326003074646
1598,906814,SKCM,3.030623,4.027399063110352
1996,753574,ESCA,4.81076,4.660860061645508
1006,917486,COREAD,2.953769,2.7235796451568604
1004,924240,BRCA,-3.904393,-2.3894996643066406
1594,1240192,SCLC,5.89803,4.738533020019531
1012,906765,MM,-0.249856,0.2087421417236328
1932,910687,ALL,0.37492,1.2149488925933838
1564,907792,COREAD,2.034198,1.6283682584762573
1624,925340,STAD,3.137458,2.6765875816345215
1553,907048,BRCA,0.690534,-0.40271228551864624
1007,1247871,ALL,-4.638143,-5.476009845733643
1025,910704,BRCA,4.386445,4.612159729003906
2047,909252,ALL,2.687634,3.2364087104797363
1003,753572,PAAD,-3.28912,-2.627530336380005
1200,1298349,SCLC,3.217788,2.8514699935913086
1927,907068,CESC,5.153693,5.240865707397461
1079,1240154,THCA,-0.242678,0.4963551163673401
1180,910554,COREAD,-2.195324,-2.7151989936828613
1908,688031,SCLC,3.225451,1.8965294361114502
1058,1659818,MM,-1.126361,-1.006901502609253
1849,906818,SKCM,-1.373969,0.11172038316726685
1047,924244,LUAD,5.394615,5.242263317108154
1635,1240173,COREAD,5.26695,5.055419445037842
1615,1295740,ALL,4.600798,4.605624675750732
1080,909263,COREAD,0.330145,0.647385835647583
1191,753562,HNSC,-5.188577,-4.9960618019104
1179,1240168,GBM,0.846915,0.09235930442810059
1005,925345,UNCLASSIFIED,4.841605,4.140567779541016
1007,906814,SKCM,-4.804835,-4.225216388702393
1131,753574,ESCA,7.37026,8.13950252532959
1088,687505,CESC,1.453753,1.8315751552581787
2111,946360,OV,5.25914,5.382970809936523
1199,1240159,LIHC,5.147441,4.352244853973389
1268,688121,UNCLASSIFIED,4.619886,5.1072001457214355
1853,949156,UNCLASSIFIED,5.798077,4.741710662841797
1248,688025,SCLC,-5.910085,-4.867981910705566
1049,749709,BRCA,4.412764,4.258574962615967
1908,909777,UNCLASSIFIED,2.301121,-0.9086187481880188
1093,906844,BRCA,1.744462,2.847287654876709
1079,906837,HNSC,-2.373801,-0.7568463683128357
1168,1298358,STAD,4.694881,3.5880818367004395
1928,688026,SCLC,4.465906,4.110067367553711
1512,1240160,LIHC,6.342519,6.301041126251221
2045,687452,BLCA,4.969635,4.876911163330078
1849,1240173,COREAD,-0.350681,-1.92327880859375
1088,909746,COREAD,5.921203,4.7833333015441895
1925,1660035,COREAD,6.258089,5.627505779266357
1911,909720,UNCLASSIFIED,-4.767786,-4.661839962005615
2044,753573,ESCA,2.23188,2.579153299331665
1250,1240157,LIHC,4.910367,3.1086080074310303
1375,930299,THCA,7.634417,7.215214729309082
1626,907788,PRAD,-0.375549,0.28575482964515686
1057,687506,CESC,-0.204408,-1.479292869567871
1926,687563,GBM,-0.595913,-0.41571885347366333
1996,753539,UNCLASSIFIED,1.763746,2.932095527648926
1627,687821,LUAD,5.469275,5.607061862945557
1060,753583,HNSC,2.220335,2.40343976020813
1549,906851,BRCA,3.647034,3.795164108276367
1089,909747,COREAD,6.52631,6.761227130889893
1997,906833,MB,3.827797,3.795043706893921
1168,908144,LGG,4.168191,3.9281115531921387
1940,687459,BLCA,3.426102,3.6405484676361084
1022,907299,UNCLASSIFIED,0.409731,-1.0227630138397217
1179,1240216,LIHC,1.285882,1.8015670776367188
1049,908141,LAML,3.018508,2.1002700328826904
1093,905979,KIRC,6.31763,4.9161057472229
1049,1290798,BRCA,4.726249,4.422371864318848
1629,1240218,PAAD,6.253188,6.403855800628662
1928,925343,UNCLASSIFIED,4.863573,4.678012371063232
1563,1327771,LCML,4.252222,4.0404791831970215
1996,906872,NB,3.125045,4.648723125457764
1627,1480362,OV,3.831308,3.741908073425293
1091,908131,UNCLASSIFIED,1.90377,2.180067777633667
1268,909698,COREAD,4.431995,4.648673057556152
1259,1298475,PAAD,4.514723,4.197703838348389
1913,1240174,UCEC,4.387746,3.972867727279663
1614,909731,UNCLASSIFIED,4.398567,2.3940155506134033
1631,1240186,SCLC,5.511121,5.225172996520996
1003,908129,UCEC,-0.20899,1.3227972984313965
1190,1240128,UNCLASSIFIED,-3.818555,-1.936354160308838
1598,908443,LUSC,5.090996,4.713315486907959
1925,1240196,HNSC,4.409644,5.603228569030762
1084,1240123,COREAD,-0.94223,-1.5682713985443115
1250,1503362,ESCA,2.396163,1.557617425918579
1912,907071,LIHC,3.584006,3.276304006576538
1940,905986,GBM,5.140535,4.832281112670898
1549,1303897,DLBC,5.991933,5.331971168518066
1239,905933,OV,1.59255,2.8563919067382812
1598,1330931,LCML,3.070974,2.7411510944366455
1007,907300,LAML,-5.991235,-5.507037162780762
1909,906863,HNSC,2.356034,2.5444772243499756
1996,907323,UNCLASSIFIED,3.110666,2.411724328994751
1620,909749,BLCA,5.205186,5.216104030609131
2107,910935,DLBC,3.357657,3.8710086345672607
1786,949177,NB,0.712972,2.187387704849243
1060,907295,SCLC,1.409151,0.23126041889190674
1250,687777,LUAD,3.09607,3.8375985622406006
1511,909707,UNCLASSIFIED,-0.248093,-0.1595560908317566
1909,909743,ALL,1.662147,2.0789706707000732
1630,688011,SCLC,3.956366,4.016862869262695
1005,1299052,HNSC,5.845879,4.15923547744751
1004,905944,LUAD,-4.383876,-4.818994045257568
1933,1240129,OV,6.137005,5.1262640953063965
1911,724859,LUAD,-4.722508,-3.9484426975250244
1083,907043,UNCLASSIFIED,2.216795,1.1321277618408203
1576,907268,UNCLASSIFIED,1.439964,2.2891740798950195
2111,1298219,UNCLASSIFIED,5.379661,5.691933631896973
1032,1240189,SCLC,1.223723,0.4367072880268097
1631,909260,ALL,2.02032,2.2720823287963867
1926,1330995,DLBC,-0.402361,0.3133847415447235
1507,905942,LUAD,5.092802,4.687575340270996
1997,906792,SKCM,3.538176,3.487029790878296
1913,1299059,HNSC,4.668839,4.813011646270752
2110,713899,SCLC,4.848085,4.289333820343018
1012,910850,LIHC,1.563868,2.8394291400909424
1007,1299050,HNSC,-2.456593,-2.8128089904785156
1620,910691,UCEC,5.595653,5.365572929382324
1918,906808,SCLC,5.752838,4.750926494598389
2106,910903,SKCM,1.526155,2.291105270385742
1557,684057,UNCLASSIFIED,4.670069,4.470335483551025
1034,907043,UNCLASSIFIED,-3.961603,-4.219428062438965
2107,1298358,STAD,6.44919,4.83905553817749
1799,908138,UNCLASSIFIED,4.512889,3.126727819442749
1997,909248,MB,3.690713,4.033264636993408
1200,753552,BLCA,1.70239,2.133063793182373
1912,753563,MM,1.904581,1.5159943103790283
1559,906792,SKCM,-4.202117,-2.4606270790100098
1179,908475,LUAD,-0.643228,-0.5289469361305237
1598,907064,UNCLASSIFIED,3.171372,3.715123176574707
1017,909260,ALL,4.729391,3.9220168590545654
1038,906862,BRCA,0.711821,1.1586204767227173
1927,1659928,COREAD,4.598396,4.5573272705078125
1593,930298,CESC,1.488545,2.3467981815338135
1919,724879,LUSC,2.211188,2.7326648235321045
1511,1240190,LUAD,-1.425682,-0.49937254190444946
1940,1240219,PAAD,3.764132,4.442557334899902
1190,906843,CESC,-1.022707,-0.10817903280258179
1549,1299081,SKCM,4.650266,4.936430931091309
2110,906877,ALL,2.733491,4.0899434089660645
1915,1330993,PRAD,2.8861,2.5366947650909424
1375,910924,STAD,5.194991,5.59771728515625
1925,925346,PAAD,6.335221,5.8485002517700195
1250,688031,SCLC,-0.300076,0.7313472628593445
1627,1240141,MESO,4.552655,4.01018762588501
1022,909703,ALL,-0.977173,-1.7805287837982178
1912,1240226,SKCM,3.264406,3.439030408859253
1068,1298534,UNCLASSIFIED,2.468848,2.024878978729248
1634,687455,BLCA,3.779508,3.8765289783477783
1933,910948,BRCA,7.255015,5.451153755187988
1908,753623,ESCA,2.890175,2.7406203746795654
1058,753575,ESCA,0.827476,0.8711321353912354
1932,687799,LUAD,0.742874,1.4620261192321777
2044,906805,LUAD,4.493765,4.465809345245361
2106,1298350,LUAD,0.123839,1.1669039726257324
1630,1290765,UNCLASSIFIED,3.025632,3.394235372543335
1940,687780,UNCLASSIFIED,3.400786,3.605458974838257
1091,910915,PAAD,1.108264,1.7937114238739014
1854,907783,LCML,3.769308,3.4806840419769287
1510,1240144,UNCLASSIFIED,3.026782,4.040834426879883
1915,924105,UNCLASSIFIED,0.458403,-0.14081662893295288
1576,907173,MESO,2.779772,3.1588122844696045
2047,909721,LUAD,2.600856,4.300926685333252
1191,910921,SKCM,-6.875025,-6.770898818969727
1932,724879,LUSC,5.467322,4.0624775886535645
1627,905968,OV,1.94311,2.7851004600524902
1941,724878,LUAD,-4.334613,-3.1155974864959717
1618,687995,SCLC,3.397096,3.837679386138916
1941,684072,UNCLASSIFIED,-5.939171,-4.414337158203125
1576,907318,ESCA,1.596853,2.8641817569732666
1191,908455,STAD,-4.49635,-4.835022926330566
1617,687457,BLCA,2.822569,2.5256283283233643
1177,906821,PAAD,3.832683,4.870920658111572
1853,910951,LCML,3.794615,3.694725513458252
1510,1503367,ESCA,4.197202,5.541114807128906
2040,906820,NB,-0.94998,-0.1158292293548584
1259,905990,OV,5.253028,4.7762451171875
1629,910951,LCML,3.160084,2.9529900550842285
1594,906836,UNCLASSIFIED,2.968625,3.263903856277466
2045,910915,PAAD,6.49726,5.544025897979736
2047,909744,ACC,-1.041456,0.989436686038971
2044,724838,BLCA,3.464851,2.923906087875366
2043,1240186,SCLC,6.404613,5.283803939819336
1919,909759,UNCLASSIFIED,2.805559,1.616864800453186
2048,910916,HNSC,-5.070456,-5.371347427368164
1561,907045,BRCA,3.465068,2.3647236824035645
1622,724834,LUAD,5.999838,5.703789710998535
1630,753538,HNSC,3.62156,4.107706546783447
2043,1503370,LUAD,4.665803,4.884888172149658
1003,1240172,BRCA,-1.635276,-1.33903169631958
1558,1330972,SCLC,2.19828,3.859647750854492
1051,906839,GBM,1.153814,1.6378743648529053
1084,687816,LUAD,-1.126619,-1.715008020401001
1510,909770,STAD,3.568912,4.95498514175415
1036,687514,CESC,3.592358,4.813860893249512
1557,753618,NB,4.047563,4.344936370849609
2096,1298529,HNSC,4.259394,4.422192573547363
1006,1240159,LIHC,2.854986,3.735065221786499
1561,905991,OV,2.919014,2.4290359020233154
1375,1240187,LUAD,6.330963,6.190732955932617
1375,909740,COREAD,7.843728,7.867694854736328
1927,687563,GBM,4.636263,4.558112621307373
1080,946355,ESCA,-1.595713,-3.762038469314575
1512,908455,STAD,5.715334,5.07757043838501
1079,905949,LUAD,-0.463314,0.4343176484107971
1088,906861,UNCLASSIFIED,3.372493,2.692455291748047
2106,687807,LUAD,2.551402,4.385566234588623
1593,906833,MB,1.06871,1.0635795593261719
1180,1298216,PAAD,-0.928939,-1.976461410522461
1627,906869,STAD,3.654729,2.888681411743164
1922,908463,LUAD,3.852532,4.820469856262207
2096,910947,LAML,-0.818079,-0.024162590503692627
1558,1240142,LUSC,1.278967,0.9285969138145447
2045,924105,UNCLASSIFIED,5.71854,5.600053310394287
2107,905948,KIRC,5.454399,5.518322467803955
1625,907045,BRCA,4.730039,4.379723072052002
2045,907173,MESO,5.646229,4.412558555603027
1054,1299080,SKCM,4.80877,2.977829694747925
1631,907783,LCML,1.476914,1.678358793258667
1088,925341,UNCLASSIFIED,2.62914,1.9185082912445068
1621,905975,SKCM,5.595034,4.759749889373779
2110,1299080,SKCM,4.404933,4.486114501953125
2047,907072,UNCLASSIFIED,3.33383,3.2227303981781006
1854,683665,MM,3.109212,3.161029577255249
1614,724870,PAAD,2.778014,3.8322792053222656
2106,908462,MESO,4.023916,2.747241258621216
1576,753600,LUAD,3.651974,3.335054636001587
1598,905971,COREAD,4.620595,3.9150500297546387
1248,910951,LCML,-6.357684,-6.71994686126709
1910,910947,LAML,-3.052566,-4.232950210571289
1007,907048,BRCA,-4.984563,-4.287230014801025
1622,753573,ESCA,3.146287,3.1227080821990967
1557,1327766,MM,4.230036,4.24153995513916
1054,906827,UNCLASSIFIED,2.686378,2.3951315879821777
1510,1330987,UNCLASSIFIED,3.257827,2.5622408390045166
1560,1240146,LUAD,4.220316,4.757645130157471
2107,724838,BLCA,4.326738,5.491184711456299
1635,1479988,OV,6.488546,5.93000602722168
1908,909702,ALL,1.217488,0.01934814453125
1560,910919,DLBC,2.20379,1.974494457244873
1593,1240145,LUAD,2.228054,3.118769407272339
1054,1290455,LAML,1.119642,1.5172535181045532
1191,906746,GBM,-3.582454,-4.390180587768555
2106,687995,SCLC,1.7178,2.4164211750030518
1190,1330942,LAML,-0.68007,0.07471829652786255
1032,924102,THCA,2.184346,3.3919410705566406
1560,1290795,UNCLASSIFIED,3.39622,4.443706035614014
1012,910904,HNSC,1.822075,2.623891830444336
1629,688031,SCLC,3.556129,2.969882011413574
1511,949160,UNCLASSIFIED,-1.871001,-3.483464002609253
1631,1290798,BRCA,5.719274,4.826048851013184
1012,908143,UNCLASSIFIED,0.955987,1.8007481098175049
1924,687514,CESC,1.321476,1.1960591077804565
1510,1298223,LUSC,4.503498,3.7904505729675293
1560,907323,UNCLASSIFIED,3.112795,3.0948758125305176
1908,1290724,HNSC,3.290089,3.470125436782837
2111,907322,UNCLASSIFIED,3.477608,3.381192445755005
1940,905945,BRCA,2.636242,3.183345079421997
1918,687816,LUAD,3.10431,2.6868045330047607
1557,907279,LGG,5.497755,5.276426792144775
1006,687812,LUAD,4.09538,3.5124876499176025
1549,909729,GBM,5.550385,4.221954345703125
1630,907173,MESO,3.466676,3.2591073513031006
2043,906794,UNCLASSIFIED,4.394975,4.663593769073486
1614,905951,BRCA,5.058054,4.955055236816406
2109,909976,UNCLASSIFIED,3.246522,3.0402209758758545
1614,905967,LUAD,2.273746,3.2501463890075684
1873,1290813,MESO,0.27843,0.37932226061820984
1512,688014,SCLC,5.969072,5.62247371673584
1631,905968,OV,2.278376,1.776543140411377
1259,910905,COREAD,5.431524,5.33174467086792
1915,905980,KIRC,2.644853,2.05729079246521
1557,688031,SCLC,4.164559,3.682650327682495
1624,908132,UNCLASSIFIED,0.34603,0.767599880695343
1177,1240226,SKCM,5.983151,5.42447566986084
1051,1503364,STAD,0.999285,1.4084391593933105
1626,1298157,BRCA,5.513152,3.471012592315674
1629,907276,STAD,4.239839,4.417323112487793
1932,908149,UNCLASSIFIED,3.615363,3.3349053859710693
2096,753538,HNSC,1.353813,2.0579628944396973
1372,753574,ESCA,0.288037,0.13828623294830322
1036,949156,UNCLASSIFIED,5.000599,5.770275115966797
1025,1240124,COREAD,6.7298,4.227312088012695
1627,1503363,ESCA,2.763322,3.435641050338745
1563,905942,LUAD,5.393072,5.234729290008545
1925,687455,BLCA,5.396792,4.710116863250732
1620,910952,KIRC,5.523214,5.38142728805542
1079,907281,MM,0.960645,1.5797696113586426
1908,1240208,PAAD,2.072736,1.5732543468475342
1058,1240216,LIHC,2.836154,2.8816335201263428
1922,749711,BRCA,3.858808,3.9519426822662354
1034,925345,UNCLASSIFIED,-5.15543,-3.8238003253936768
1073,910922,KIRC,3.317243,2.851891279220581
1200,908142,UNCLASSIFIED,1.879076,2.0812737941741943
1629,910911,HNSC,4.910771,5.751540184020996
1909,909701,UNCLASSIFIED,0.313656,-0.20561033487319946
1631,1297449,DLBC,1.250652,1.9517555236816406
1563,1247871,ALL,4.811901,4.54311990737915
1927,905949,LUAD,4.49188,5.013288497924805
1073,906801,BRCA,5.199278,4.631503582000732
1250,908444,STAD,4.997371,3.7433528900146484
1925,908158,UNCLASSIFIED,4.149413,3.589751958847046
2172,905951,BRCA,3.098801,2.5214555263519287
1557,907057,LIHC,5.294761,4.7115797996521
1080,1240179,CESC,-4.107847,-3.221196174621582
1177,1479988,OV,5.863329,5.895059585571289
1924,905984,LGG,1.942539,2.5388169288635254
1004,1240202,LUAD,-2.492646,-2.018165349960327
2044,906812,BRCA,3.365118,3.1625969409942627
1916,907050,UNCLASSIFIED,4.159233,4.6905317306518555
1615,905947,KIRC,5.404132,4.948190689086914
1073,1303900,BRCA,5.449026,5.330183029174805
1936,908458,COREAD,0.959264,0.4801310896873474
1561,1297449,DLBC,-0.897536,-0.9344446063041687
1932,1240219,PAAD,4.739251,5.578635215759277
1022,1240155,STAD,1.344915,1.9750683307647705
1054,724870,PAAD,3.355878,3.7251930236816406
2111,946361,UNCLASSIFIED,3.23771,4.334364414215088
1088,749711,BRCA,5.216269,4.412168025970459
1799,907791,MM,6.07006,5.677649974822998
1925,905936,COREAD,4.681101,4.469919204711914
1799,724831,UNCLASSIFIED,5.75903,5.05495023727417
1131,949163,UNCLASSIFIED,5.017626,4.801274299621582
1940,688086,NB,4.202639,2.8029489517211914
1936,1240142,LUSC,2.712197,2.122840166091919
1051,924104,THCA,2.145375,1.633307933807373
2045,910689,COREAD,7.980148,7.580568790435791
1926,688014,SCLC,2.952307,2.064685821533203
1598,908127,UNCLASSIFIED,3.437832,3.047807216644287
1614,1240197,OV,4.239765,4.4966721534729
1058,908123,BRCA,1.364869,1.2558326721191406
1578,908458,COREAD,6.059644,5.969321250915527
1629,908146,ALL,3.256791,3.1099889278411865
1004,907312,BLCA,-4.427156,-5.575318336486816
1786,910780,NB,2.642472,2.452244758605957
1373,687459,BLCA,6.011552,5.922350883483887
1510,946370,GBM,3.83292,4.582000732421875
1908,906830,SKCM,0.915725,1.1850451231002808
1049,909699,UNCLASSIFIED,6.169718,5.089900016784668
1180,906797,BLCA,-2.339976,-2.2417149543762207
1034,906831,UNCLASSIFIED,-3.776431,-3.539175271987915
1613,906831,UNCLASSIFIED,-0.375629,1.7176740169525146
1268,1299081,SKCM,3.872769,4.788373947143555
1631,905935,PRAD,5.56477,5.0319905281066895
1093,924108,COREAD,3.863202,4.816886901855469
1631,753594,SCLC,2.030722,1.5318045616149902
1089,906855,LCML,2.503558,2.7001466751098633
2096,753532,HNSC,2.585245,1.7094935178756714
1006,907268,UNCLASSIFIED,0.206026,-2.1627087593078613
2045,1299081,SKCM,5.366063,4.4696855545043945
2047,910933,GBM,0.883127,1.3986926078796387
1250,909704,BLCA,0.505655,0.7075948119163513
1561,906812,BRCA,1.782734,1.0909223556518555
1049,907295,SCLC,3.872617,4.0750885009765625
1036,1240154,THCA,2.352194,2.5046298503875732
2040,1240189,SCLC,0.360839,0.12636959552764893
1036,907270,CLL,1.181178,1.375274419784546
1873,907323,UNCLASSIFIED,0.969036,0.935479998588562
1936,907068,CESC,1.576767,2.754822015762329
1621,909976,UNCLASSIFIED,3.657798,3.7345895767211914
1924,908136,UNCLASSIFIED,3.244584,2.6654868125915527
1931,907783,LCML,4.304645,3.7283833026885986
1941,905941,LUSC,-2.95693,-1.423337697982788
1017,909731,UNCLASSIFIED,3.54402,1.935786485671997
1627,753576,ESCA,4.022517,3.6802735328674316
1852,909697,STAD,4.464305,4.4544596672058105
1088,684057,UNCLASSIFIED,0.568952,2.399768352508545
1025,909263,COREAD,4.271817,6.3573408126831055
1006,909780,BLCA,0.142558,0.06942719221115112
1091,949164,UNCLASSIFIED,1.457725,0.9355514049530029
1930,907299,UNCLASSIFIED,-0.251984,-1.028515100479126
1578,909748,COREAD,5.573944,5.409448146820068
1561,1240181,NB,-0.07239,0.4217832684516907
1922,753576,ESCA,2.916179,2.9353432655334473
1003,1290807,UNCLASSIFIED,0.831452,0.8900358080863953
1036,905975,SKCM,-0.333971,0.42149102687835693
1248,1240200,OV,-3.21492,-3.867656946182251
1131,1240222,OV,1.824667,2.7558698654174805
1372,1240223,THCA,-1.215063,-0.8747255206108093
1631,907790,COREAD,4.060495,2.5469799041748047
1862,1299078,SKCM,-1.173465,-1.5979371070861816
1512,1240215,UNCLASSIFIED,5.447801,5.333614826202393
1926,687455,BLCA,2.193307,0.33675894141197205
1598,908472,LUAD,3.727752,2.6851372718811035
2096,905955,SKCM,1.036799,1.6255548000335693
1089,1298350,LUAD,2.578827,4.1091203689575195
1910,753621,ESCA,1.808467,1.9849426746368408
1034,946358,ALL,-3.387135,-3.4719197750091553
2045,910910,BRCA,6.076166,5.2717180252075195
1624,949171,NB,2.820816,2.347543239593506
1053,909263,COREAD,4.655978,3.5120224952697754
1529,722046,LUAD,0.100562,0.4575672447681427
1080,906812,BRCA,-3.370763,-2.930842161178589
1073,1330995,DLBC,3.212511,3.7930922508239746
1168,909740,COREAD,3.679569,3.352309465408325
1559,907071,LIHC,-0.539457,-0.35939568281173706
1849,724839,CESC,0.614894,1.0428160429000854
1919,909975,UNCLASSIFIED,3.404265,2.2207226753234863
1073,924241,SCLC,8.428598,8.023747444152832
1629,1503365,ESCA,6.170208,6.386072635650635
1917,911905,OV,4.980585,3.7224931716918945
2040,1240198,OV,1.551033,2.0162835121154785
1634,909976,UNCLASSIFIED,3.652016,3.4919092655181885
1375,909713,SKCM,5.814523,6.007165431976318
1191,905986,GBM,-4.716316,-4.499443054199219
1068,907169,SKCM,0.761311,0.6362721920013428
1918,906871,LGG,2.811514,3.2298543453216553
1919,1330995,DLBC,1.680848,2.6427884101867676
1013,925346,PAAD,5.132406,4.381879806518555
1786,683667,MB,3.520981,1.3838913440704346
1927,753608,LUAD,6.196735,6.033537864685059
1511,910688,LAML,-4.642182,-3.6762502193450928
1179,908451,LAML,-1.314096,-0.478168785572052
1626,1290809,MESO,3.960489,2.2228188514709473
1089,908473,LUAD,4.031674,5.339669227600098
1512,909713,SKCM,5.622468,5.23556661605835
1080,1298223,LUSC,-3.542158,-1.952519178390503
1549,1322218,UNCLASSIFIED,5.000121,2.9334752559661865
1912,908457,COREAD,1.322873,0.9584372639656067
1615,909977,UNCLASSIFIED,5.337052,5.263152122497559
1089,688021,SCLC,6.237912,5.3137006759643555
1997,1322224,STAD,2.836564,2.50126576423645
1249,907047,UNCLASSIFIED,2.580685,3.0536949634552
2043,910921,SKCM,4.495692,4.878015041351318
2044,1524416,KIRC,2.581839,3.8387551307678223
1049,1503363,ESCA,3.227339,2.935190439224243
1068,910849,UNCLASSIFIED,0.951535,1.3988533020019531
1012,910706,UNCLASSIFIED,0.610372,0.5198976993560791
1557,907291,COREAD,2.857745,4.657901287078857
1507,1503364,STAD,4.466524,4.435219764709473
1593,1480364,OV,2.20164,2.748431921005249
1007,908472,LUAD,-3.771619,-2.680633783340454
1084,724878,LUAD,0.19739,-0.4711145758628845
1996,905950,KIRC,4.416431,4.327940464019775
1549,1240183,LUSC,2.456632,2.761195182800293
1049,910401,UNCLASSIFIED,2.553029,1.907057523727417
1051,1330947,LAML,-3.94576,-3.0541434288024902
1004,905989,COREAD,-5.671325,-5.701554775238037
1529,1240215,UNCLASSIFIED,2.072951,1.6877689361572266
1084,910910,BRCA,-1.182719,-1.9573521614074707
1507,907795,COREAD,5.100138,5.019728660583496
1053,1240151,STAD,1.89879,2.744680166244507
1017,907045,BRCA,4.743871,4.3405938148498535
1916,909708,HNSC,2.528175,3.127239465713501
1058,908483,SCLC,1.494545,0.993332028388977
1576,908444,STAD,2.822577,2.7143805027008057
1629,683667,MB,3.935936,3.743985891342163
1909,949165,UNCLASSIFIED,2.353089,1.426414966583252
1932,1299070,OV,3.289901,3.1973321437835693
1013,905958,ALL,2.924796,3.886845350265503
1180,930298,CESC,-2.708513,-2.527088165283203
1557,910700,COREAD,6.16432,5.975978374481201
1083,908131,UNCLASSIFIED,3.017638,3.995870351791382
1624,906856,UNCLASSIFIED,0.849304,0.2654328942298889
1004,753572,PAAD,-5.134259,-4.811598777770996
1249,908149,UNCLASSIFIED,5.258344,3.8453707695007324
1180,910906,UNCLASSIFIED,-4.350395,-4.452475547790527
2109,722046,LUAD,1.930977,1.4058293104171753
1091,906856,UNCLASSIFIED,0.028398,-0.3047969937324524
2106,908457,COREAD,1.171487,1.0163638591766357
1200,908147,ALL,1.643749,1.7892310619354248
1630,909748,COREAD,4.628607,4.634035110473633
1930,1290455,LAML,-0.445531,-0.27957791090011597
1004,906838,UNCLASSIFIED,-4.593845,-6.054032325744629
1625,906853,UNCLASSIFIED,6.634627,6.5674591064453125
1941,687983,SCLC,-5.400933,-6.325825214385986
1089,909743,ALL,3.026301,2.548053741455078
1913,908443,LUSC,5.806234,5.511509418487549
1131,1509073,KIRC,5.787567,2.630680561065674
1853,907291,COREAD,3.93609,3.8836541175842285
1933,909719,LIHC,3.285619,4.975416660308838
1507,909757,COREAD,5.108021,4.760995864868164
1022,909252,ALL,-0.986794,-1.1132121086120605
1510,930082,UNCLASSIFIED,4.326932,4.559877395629883
1908,908121,BRCA,4.094168,2.8680055141448975
1849,909781,KIRC,2.213396,1.5842033624649048
1013,1290808,MESO,5.182349,4.831116199493408
1911,908475,LUAD,-3.299568,-5.17430305480957
1631,906801,BRCA,4.990124,4.143031120300293
1927,907277,ALL,3.819876,3.8357839584350586
2107,1240157,LIHC,5.533286,4.97819709777832
1910,909703,ALL,-3.577945,-3.5307910442352295
1918,909905,GBM,0.424749,1.206588864326477
1034,1240217,LIHC,-3.055458,-3.000842332839966
1862,753618,NB,-3.21523,-2.469228744506836
1006,1240143,LUSC,2.868542,2.229057788848877
1634,753558,KIRC,4.815229,4.938715934753418
1093,924186,UNCLASSIFIED,5.27879,4.6754150390625
1615,905957,BRCA,3.850642,3.55885910987854
1012,907788,PRAD,0.446071,0.2736705243587494
1912,1298157,BRCA,3.63871,2.6231837272644043
1564,924102,THCA,1.487869,2.502775192260742
1032,908458,COREAD,2.863357,2.92767071723938
1179,1240212,CESC,0.729705,0.6198328733444214
1248,1240160,LIHC,-4.671802,-4.314477443695068
1190,971773,UNCLASSIFIED,-5.274235,-4.561691761016846
1910,749710,BRCA,1.417744,0.9981791973114014
1006,907313,GBM,3.968301,2.354764699935913
1096,910927,BRCA,1.574492,1.5674289464950562
1933,749715,BRCA,2.538492,4.082937240600586
1629,1330942,LAML,5.521508,4.572758197784424
1915,910853,SKCM,2.046345,1.6004002094268799
1036,907046,BRCA,3.456863,4.511141777038574
1563,687505,CESC,5.572063,5.476442337036133
1909,753584,BLCA,1.844356,1.8705956935882568
1932,908138,UNCLASSIFIED,4.313807,3.3823869228363037
1913,1240222,OV,3.89437,4.940961837768555
1268,1298157,BRCA,5.303997,4.80950403213501
1629,909704,BLCA,3.878987,4.584007263183594
1049,909779,UNCLASSIFIED,4.683512,3.877596378326416
2106,908472,LUAD,6.158279,4.73407506942749
1862,924104,THCA,-2.646305,-2.0925216674804688
1004,907172,SKCM,-2.824116,-1.6600594520568848
1191,687568,GBM,-5.037246,-4.2841901779174805
1239,1240189,SCLC,1.405559,0.22435486316680908
1012,1240172,BRCA,2.980787,2.5750858783721924
2043,905942,LUAD,4.716088,4.579598426818848
1631,998189,COREAD,5.136954,3.9277100563049316
1939,1298526,PAAD,2.389277,2.725160837173462
1012,908123,BRCA,1.479903,1.7236146926879883
1557,1240155,STAD,4.396725,4.204221725463867
1925,907064,UNCLASSIFIED,5.138503,4.958353042602539
2109,910688,LAML,2.165862,1.6403040885925293
1635,908138,UNCLASSIFIED,5.619083,5.383884429931641
1006,753612,MM,2.356795,3.4256176948547363
1916,905969,OV,4.431297,4.40626859664917
1559,1303896,UNCLASSIFIED,-4.243109,-3.988330125808716
1507,1290771,COREAD,5.21949,5.519805908203125
1268,687997,SCLC,5.444117,5.346794128417969
2045,907000,UNCLASSIFIED,3.970076,3.7876570224761963
1057,910916,HNSC,-0.097296,-1.3371860980987549
1179,1240210,UNCLASSIFIED,-0.867431,0.06073653697967529
1622,909718,COREAD,4.096691,5.472203254699707
1058,1240218,PAAD,4.542437,3.324056386947632
1549,688086,NB,4.420435,4.726758003234863
1058,946358,ALL,1.015914,-0.03329592943191528
1557,908125,SKCM,5.738676,5.263798713684082
2096,1298526,PAAD,4.201635,3.8125154972076416
2040,688121,UNCLASSIFIED,1.413517,0.8135586380958557
1560,909904,PAAD,3.073484,4.5782647132873535
2110,753575,ESCA,3.869932,5.888993263244629
1911,909785,UNCLASSIFIED,-6.698095,-6.002418518066406
1168,684062,UNCLASSIFIED,3.198964,2.9704995155334473
1622,724872,SCLC,2.742476,2.6280384063720703
1079,1297439,SCLC,3.632877,3.2898669242858887
1634,1240135,MESO,4.659269,4.758403778076172
1936,906794,UNCLASSIFIED,2.227879,2.6539626121520996
1034,687588,GBM,-1.984016,-2.990809917449951
1940,1298539,UNCLASSIFIED,4.409119,4.191641330718994
1930,1240216,LIHC,2.862098,1.5491678714752197
1085,1330972,SCLC,2.011883,2.264009475708008
1598,910936,HNSC,4.015723,3.6624391078948975
1549,753546,SKCM,5.128375,5.42955207824707
1191,910905,COREAD,-3.7542,-3.486689329147339
1634,909785,UNCLASSIFIED,3.61272,2.7307372093200684
1559,907172,SKCM,-3.609266,-1.9342458248138428
1912,907066,BLCA,4.098911,4.013232231140137
1629,1503366,ESCA,4.473044,4.521047115325928
1068,909262,UNCLASSIFIED,0.209432,1.2591772079467773
1849,753552,BLCA,-0.932764,-1.547039270401001
1237,907071,LIHC,6.009105,5.455696105957031
1022,1240200,OV,-0.14978,0.5385810136795044
1512,910548,OV,4.933964,5.536043167114258
1089,905939,COREAD,2.446761,4.0180134773254395
1919,909780,BLCA,2.345236,2.3579185009002686
1915,909776,UNCLASSIFIED,4.059564,3.7387375831604004
1058,1503366,ESCA,2.644882,2.1122007369995117
1179,949158,UNCLASSIFIED,-1.281734,-1.6098241806030273
1617,907169,SKCM,4.88504,1.8548645973205566
1558,910916,HNSC,2.050894,0.7034164667129517
1049,1330987,UNCLASSIFIED,2.652296,1.3939979076385498
1512,753539,UNCLASSIFIED,4.682281,4.110341548919678
1012,909725,SKCM,3.409756,3.231232166290283
1180,906862,BRCA,-4.076208,-3.490586996078491
1635,910853,SKCM,4.612458,4.945046424865723
1079,906820,NB,-1.230694,1.2977458238601685
1854,907289,COREAD,5.148139,4.368978500366211
1563,909753,OV,6.851569,6.772531032562256
1622,1503370,LUAD,4.876226,4.456546783447266
1073,688087,NB,6.757237,6.285079479217529
2109,1297439,SCLC,2.644525,2.7685272693634033
1093,688121,UNCLASSIFIED,6.380433,5.567624092102051
2109,1240202,LUAD,3.927122,2.644603729248047
1093,949164,UNCLASSIFIED,4.147247,3.4655396938323975
1594,1659823,COREAD,5.029114,4.845869064331055
1006,1330942,LAML,0.352071,2.071895122528076
1239,688010,SCLC,2.048267,1.3611624240875244
2109,1240208,PAAD,4.520953,4.182411193847656
1180,753620,NB,-1.406586,-1.5402722358703613
1085,749711,BRCA,2.289262,2.369843006134033
1372,687800,LUAD,4.647288,2.544835329055786
1510,753562,HNSC,3.627369,3.6755173206329346
1006,909257,OV,-0.274387,-0.6622558236122131
1855,907787,ALL,3.070393,2.747893810272217
1068,1330985,LAML,0.768572,1.0756309032440186
1909,906843,CESC,1.783214,1.8271920680999756
1010,753586,UNCLASSIFIED,4.000034,3.860673666000366
1051,906861,UNCLASSIFIED,1.863967,2.3522210121154785
1918,924186,UNCLASSIFIED,1.787142,2.9284207820892334
2044,910921,SKCM,3.515414,2.2867209911346436
1918,907057,LIHC,4.420268,4.208054065704346
1941,909743,ALL,-5.568292,-3.6506035327911377
1925,1330931,LCML,4.746766,4.280409812927246
1373,906832,DLBC,2.088477,3.211987257003784
1615,1240217,LIHC,5.020925,5.021981239318848
1034,910942,UNCLASSIFIED,-2.110658,-5.070253372192383
2048,946359,BRCA,-1.084444,-1.593346118927002
1910,906834,MB,-0.333677,0.03329133987426758
1239,905969,OV,4.056408,3.6220154762268066
2044,687506,CESC,2.642484,3.5031795501708984
1631,906843,CESC,2.516017,1.902573823928833
1088,1290724,HNSC,3.710219,2.957937479019165
1917,1330985,LAML,-0.325307,0.18502968549728394
1529,908159,UNCLASSIFIED,-2.025673,-1.870499849319458
1873,906820,NB,-0.481442,0.5309672355651855
1853,907050,UNCLASSIFIED,6.084119,6.52662992477417
1054,688010,SCLC,4.928592,4.413590908050537
1057,907790,COREAD,-3.123143,-2.155074119567871
1049,1298538,LUSC,3.988731,3.920576572418213
1922,908457,COREAD,1.632432,1.6907497644424438
1032,906827,UNCLASSIFIED,1.388827,1.7783291339874268
1927,907290,UNCLASSIFIED,5.163628,5.240899562835693
1922,687815,LUSC,1.296959,1.6302862167358398
1007,905944,LUAD,-4.563211,-4.260176658630371
1910,905989,COREAD,1.438287,1.874448299407959
1179,1290765,UNCLASSIFIED,0.063649,1.6411408185958862
1927,1503367,ESCA,6.062089,5.80767297744751
1250,905951,BRCA,2.300048,2.254359483718872
1073,688031,SCLC,3.389342,2.7644360065460205
1931,1297446,ALL,4.257408,3.6251795291900635
2096,907269,CLL,1.751865,2.1964938640594482
1557,1247871,ALL,4.59639,4.02388858795166
1930,1240212,CESC,1.206641,1.9439454078674316
2109,909720,UNCLASSIFIED,2.642472,2.8482983112335205
1930,925345,UNCLASSIFIED,1.554281,0.8575922250747681
1927,683665,MM,4.458436,4.196020126342773
1012,930297,CESC,3.259006,3.123265027999878
2106,724868,LUAD,4.408463,2.936286211013794
1049,909773,DLBC,2.856853,2.885183811187744
1911,909746,COREAD,-1.527545,-2.3678719997406006
1003,906873,GBM,-4.526351,-3.480604887008667
1032,910927,BRCA,2.97682,1.4547275304794312
1060,722066,LUAD,-0.062025,0.5703845024108887
2043,906797,BLCA,4.546537,4.866686820983887
1559,1327774,UNCLASSIFIED,1.001856,-1.881072759628296
1561,1240136,MESO,4.142373,2.851762056350708
1034,909779,UNCLASSIFIED,-3.39535,-2.121582269668579
1561,910549,ESCA,1.459031,0.8496846556663513
1054,906855,LCML,2.939193,2.2221896648406982
1088,749715,BRCA,3.241979,3.4372894763946533
1598,753586,UNCLASSIFIED,3.861732,3.9018805027008057
1909,907298,UNCLASSIFIED,2.733411,2.3223583698272705
1557,908476,LUAD,4.383959,4.7651824951171875
1924,906877,ALL,1.634421,2.0179460048675537
1617,907273,UNCLASSIFIED,-4.316521,1.1081173419952393
1862,1240155,STAD,-0.938497,-1.4289488792419434
2109,1327775,MM,1.783405,2.0643703937530518
1927,910687,ALL,4.29627,4.543192386627197
1598,753607,UNCLASSIFIED,3.705668,3.888554573059082
1912,1322224,STAD,0.667961,0.740315318107605
1559,949160,UNCLASSIFIED,-4.075113,-3.4948770999908447
1615,1298226,LUSC,5.628114,5.138933181762695
2040,1290808,MESO,1.730287,1.6994388103485107
1849,1298539,UNCLASSIFIED,0.494253,1.1243350505828857
1047,924100,PRAD,2.562728,3.1495769023895264
1032,1303912,UNCLASSIFIED,1.886753,2.4201529026031494
1918,905955,SKCM,4.397056,4.482809066772461
1630,949171,NB,3.202231,4.078625202178955
1268,910932,SKCM,4.651376,4.625576972961426
1916,907291,COREAD,1.811845,1.9918198585510254
1576,687561,GBM,2.464026,2.36533522605896
1617,910915,PAAD,3.879947,3.661548376083374
1849,905941,LUSC,0.870187,2.015930652618408
1060,907062,HNSC,0.475143,1.1634092330932617
2096,907072,UNCLASSIFIED,2.07233,3.317430257797241
1250,1330995,DLBC,2.667289,2.6616737842559814
1046,1503361,ESCA,1.545047,1.3639764785766602
1511,909716,UNCLASSIFIED,-1.464285,-0.981828510761261
1060,683667,MB,1.459241,1.747046709060669
1918,1290798,BRCA,2.54581,2.3169853687286377
1079,910853,SKCM,2.190656,1.9135456085205078
2045,1240186,SCLC,6.230846,4.943413734436035
1932,905937,COREAD,2.069233,2.6136133670806885
1025,1330941,BRCA,6.252207,6.634421348571777
1634,909743,ALL,4.136438,3.842649459838867
1928,1303912,UNCLASSIFIED,4.021184,4.794266700744629
1053,1331038,DLBC,3.83161,3.5082240104675293
1239,909256,BRCA,2.480577,1.9417614936828613
1915,907287,COREAD,1.257895,1.814026117324829
1627,1298347,LUAD,2.447083,2.873152494430542
1131,906873,GBM,3.238834,3.418256998062134
1068,1298169,KIRC,1.346822,1.293379306793213
1919,906814,SKCM,2.541307,2.099534273147583
1510,908454,UNCLASSIFIED,3.134565,1.9971199035644531
1191,910705,UNCLASSIFIED,-5.568641,-5.613310813903809
1931,905937,COREAD,5.634614,5.031935214996338
1631,908138,UNCLASSIFIED,2.898699,2.5935721397399902
1200,1290908,LUAD,2.274354,2.588076114654541
1006,906824,CESC,2.982856,2.567145824432373
1622,909263,COREAD,5.631437,5.290764808654785
1854,1327769,DLBC,1.984053,3.825202226638794
1630,910569,COREAD,4.547873,4.39073371887207
1915,906843,CESC,1.891625,1.843174934387207
1013,1298151,LIHC,4.200016,4.1562299728393555
1925,906808,SCLC,4.563265,4.610344886779785
1199,1322212,SCLC,4.200604,2.447079658508301
1190,910852,BRCA,1.550511,1.7053425312042236
1012,905960,BRCA,0.891842,1.0284255743026733
1083,909785,UNCLASSIFIED,2.554687,1.4407232999801636
1553,687590,GBM,2.339855,4.056526184082031
1007,906833,MB,-6.343596,-6.074330806732178
1053,908441,,2.352143,2.37314510345459
1799,749717,BRCA,4.35272,4.89510440826416
1089,906693,PAAD,4.998747,4.140714168548584
1564,906827,UNCLASSIFIED,3.027186,2.196735382080078
1083,905941,LUSC,4.981862,5.258209228515625
2096,908128,SKCM,3.021294,2.256721258163452
2106,909907,BRCA,2.975906,4.020708084106445
1855,688014,SCLC,5.002123,5.504552364349365
1930,908127,UNCLASSIFIED,0.551589,-0.620319664478302
1239,949163,UNCLASSIFIED,0.151794,0.40921249985694885
2109,906863,HNSC,3.11588,3.6323814392089844
1047,909260,ALL,3.668733,3.4439265727996826
1017,753607,UNCLASSIFIED,4.124378,3.0730721950531006
1510,909749,BLCA,4.105501,4.601186275482178
1237,1290905,BRCA,6.900355,6.811949729919434
1617,906826,BRCA,5.335711,3.9620094299316406
1941,910568,THCA,-4.855145,-3.8291966915130615
1559,906851,BRCA,-0.969482,-1.772768259048462
1576,753614,ESCA,3.04094,2.9561429023742676
1630,1240142,LUSC,2.979738,2.9804577827453613
1621,1240208,PAAD,5.912126,4.717907428741455
1054,930298,CESC,5.380742,3.985330581665039
1559,687798,LUAD,2.74313,-0.7802371382713318
1006,1480362,OV,4.669351,3.42866587638855
1079,910944,ALL,1.586182,0.9800500273704529
1083,909251,ALL,0.930994,0.041465938091278076
1010,1298157,BRCA,3.927934,3.2335503101348877
1617,910548,OV,4.367486,3.025106191635132
1908,905951,BRCA,5.9383,4.675135135650635
1168,753575,ESCA,-0.124972,0.5743509531021118
1918,687561,GBM,1.912013,1.1413674354553223
1237,1298352,UNCLASSIFIED,8.741712,7.931438446044922
1614,907069,UNCLASSIFIED,3.454444,4.377831935882568
1013,907071,LIHC,5.047156,3.74516224861145
2047,907300,LAML,-0.038787,0.7521782517433167
1855,1327766,MM,3.184571,3.6855885982513428
2040,930299,THCA,-0.400934,3.535308599472046
1053,905937,COREAD,2.431818,1.6683679819107056
1017,908143,UNCLASSIFIED,4.278909,4.001308441162109
2110,907273,UNCLASSIFIED,1.791724,2.2360613346099854
1613,753556,LUSC,-0.125914,1.5890341997146606
1564,1240196,HNSC,3.704615,3.5938973426818848
1922,1240121,HNSC,2.030624,2.6981704235076904
2110,924110,UNCLASSIFIED,5.190727,4.392818927764893
1931,1240174,UCEC,5.521399,5.3842387199401855
1248,909737,LIHC,-4.468395,-3.0235748291015625
1909,910951,LCML,1.050805,-0.5358251929283142
1918,907169,SKCM,3.735471,3.547083616256714
1068,1247871,ALL,-0.688701,1.2129607200622559
1051,1240172,BRCA,4.305346,5.000320911407471
1010,1479988,OV,3.358374,3.858647584915161
1631,905976,SKCM,3.44973,2.8579635620117188
1200,910546,PAAD,3.020863,3.2772157192230225
1632,909778,BRCA,4.231745,3.183647871017456
1911,909723,SKCM,-3.036591,-1.4682719707489014
1084,907311,LCML,-3.663565,-3.0793135166168213
1626,907285,PAAD,2.691828,2.733084201812744
1010,905944,LUAD,2.480429,3.3478572368621826
1908,909262,UNCLASSIFIED,2.272885,2.679631471633911
1924,687980,SCLC,2.595191,2.503042459487915
1618,906853,UNCLASSIFIED,5.303032,5.359640598297119
1909,1298533,PAAD,1.985365,2.2893972396850586
1849,906834,MB,-0.56739,-2.8722705841064453
2110,907299,UNCLASSIFIED,5.968045,4.972756862640381
1373,749713,BRCA,7.102539,5.199026107788086
1925,907173,MESO,4.123865,5.065331935882568
1057,910401,UNCLASSIFIED,-2.730656,-1.7200729846954346
1085,753623,ESCA,3.368884,2.217115640640259
1621,1503366,ESCA,5.156729,5.648613452911377
1268,753616,NB,4.712235,5.084958553314209
1997,688031,SCLC,3.166394,2.862717628479004
1068,907047,UNCLASSIFIED,0.858224,0.3827190697193146
1060,908150,MESO,1.801254,1.0708725452423096
2045,907794,COREAD,4.924342,6.128366470336914
1564,905972,LUAD,2.010537,2.213789463043213
1549,1674021,COREAD,5.502051,4.338164329528809
1268,905984,LGG,4.33307,4.063460350036621
1549,1240158,LIHC,4.272373,3.8304708003997803
1237,906830,SKCM,5.657232,6.14776086807251
1200,1240179,CESC,2.911035,2.4814374446868896
1190,908458,COREAD,3.695926,1.6189045906066895
1237,905986,GBM,6.205938,5.208796501159668
1615,910905,COREAD,5.833279,5.617758274078369
1089,910694,GBM,6.631439,6.4519548416137695
1909,924102,THCA,2.122853,2.644251585006714
1088,688010,SCLC,2.671955,1.2342826128005981
1911,905948,KIRC,-4.149329,-4.524967670440674
1047,909713,SKCM,3.298585,3.1949968338012695
1180,909729,GBM,-3.103902,-2.412738561630249
1012,1327766,MM,0.247144,0.5580524206161499
1549,906824,CESC,1.695628,1.7152812480926514
1620,1290908,LUAD,4.907383,5.269717216491699
2110,687800,LUAD,7.50736,6.064121246337891
1873,924104,THCA,0.682934,0.8611083626747131
1557,1240184,UNCLASSIFIED,5.631952,4.8569016456604
1259,753584,BLCA,3.364206,2.7068846225738525
1786,909732,UNCLASSIFIED,3.932044,2.992286443710327
1635,909744,ACC,4.568727,4.280107498168945
1011,722066,LUAD,4.055722,1.92118239402771
1915,909749,BLCA,2.830021,3.111267566680908
1598,1327775,MM,3.341484,3.421149253845215
1927,930082,UNCLASSIFIED,5.281048,4.807741165161133
1003,1298358,STAD,-2.799064,-1.3863072395324707
1629,1330985,LAML,3.427866,3.4738757610321045
1799,687997,SCLC,6.020464,5.766933441162109
1068,907299,UNCLASSIFIED,1.71376,0.6399229168891907
1004,1322212,SCLC,-3.305044,-2.9811224937438965
1916,909784,SKCM,1.940649,1.9658105373382568
1057,907317,ESCA,-3.354272,-2.3632566928863525
2046,1240190,LUAD,3.906015,3.892317056655884
1939,905933,OV,2.080824,2.3409764766693115
1047,1327774,UNCLASSIFIED,3.659039,4.301591396331787
1237,907298,UNCLASSIFIED,5.298451,4.38814640045166
1917,909704,BLCA,1.026096,1.5601191520690918
1553,909774,UNCLASSIFIED,3.463687,3.703723430633545
1004,909780,BLCA,-4.315227,-4.634385108947754
1925,949171,NB,4.734533,3.89805006980896
1093,1298141,PAAD,4.662237,5.644627094268799
1268,753574,ESCA,5.217671,4.782994270324707
1919,909248,MB,2.485856,2.3178727626800537
1621,924105,UNCLASSIFIED,5.400369,4.276384353637695
1190,687799,LUAD,2.892263,-2.1142072677612305
1598,749714,BRCA,3.751528,3.8169710636138916
1558,905971,COREAD,2.031318,2.6698014736175537
1032,753546,SKCM,4.206978,3.7349853515625
1046,1331038,DLBC,-0.451166,0.2561783194541931
1054,910546,PAAD,3.118859,3.474670886993408
1013,1240153,SKCM,2.827403,2.9505879878997803
1558,907299,UNCLASSIFIED,1.751111,2.4773154258728027
1190,1503362,ESCA,-1.206036,-1.0082192420959473
1180,906842,DLBC,-3.964157,-4.215826511383057
1917,909703,ALL,0.873782,0.44805875420570374
1239,906814,SKCM,1.836467,2.9343550205230713
1011,908470,MESO,2.875798,3.939885139465332
1853,1240173,COREAD,3.924982,3.533151865005493
1613,713899,SCLC,3.678563,3.7250258922576904
1239,910698,KIRC,1.793641,1.1880600452423096
1268,907299,UNCLASSIFIED,4.332832,4.303762912750244
1614,749714,BRCA,4.255038,4.785159111022949
1626,909773,DLBC,2.952328,1.85609769821167
2040,908440,NB,-0.661206,-0.3967999815940857
1618,907791,MM,3.564919,4.355365753173828
1621,909701,UNCLASSIFIED,2.227762,2.3311822414398193
1908,909746,COREAD,2.262593,3.5956532955169678
1912,907271,LGG,2.196066,2.2034153938293457
1563,1330985,LAML,3.975883,4.279496192932129
1918,907173,MESO,4.225371,3.21220326423645
1089,1290807,UNCLASSIFIED,6.356093,6.059774398803711
1249,724859,LUAD,4.046053,3.398732900619507
1179,906999,UNCLASSIFIED,0.435155,1.643267035484314
1034,1240167,ESCA,-2.899162,-3.627504587173462
1940,949179,NB,2.530328,2.8540964126586914
1625,1479988,OV,6.42578,5.603155612945557
1512,1480372,OV,6.254562,6.148181438446045
1060,1503366,ESCA,2.109732,0.8411864638328552
1930,1240122,HNSC,1.215573,0.8970922827720642
1932,687588,GBM,2.700116,3.6761181354522705
1512,1298538,LUSC,5.925223,5.723989486694336
1010,910692,SCLC,3.313278,3.602680206298828
1058,909255,UNCLASSIFIED,0.053788,0.24466264247894287
1862,906800,UNCLASSIFIED,-2.29721,-2.0171804428100586
1237,687798,LUAD,5.434017,5.377477645874023
1936,907287,COREAD,3.002445,2.664856195449829
1614,687457,BLCA,5.938678,4.4380950927734375
1997,909757,COREAD,5.88614,2.958038806915283
1073,910910,BRCA,3.027332,4.130015850067139
1200,724825,MM,2.562934,1.9724290370941162
1786,1240212,CESC,2.695354,2.023324966430664
1910,909697,STAD,2.844405,0.6623901128768921
1006,910906,UNCLASSIFIED,-1.148412,-1.9048738479614258
1928,910933,GBM,3.256364,4.248485565185547
1622,907794,COREAD,4.970353,4.596175193786621
1034,909749,BLCA,-5.481228,-4.158982753753662
1915,907323,UNCLASSIFIED,2.525895,2.8795478343963623
1083,688121,UNCLASSIFIED,3.291346,3.9447834491729736
1563,910922,KIRC,4.407548,5.5436224937438965
1917,910779,UNCLASSIFIED,5.493353,4.630874156951904
1250,910700,COREAD,2.568523,4.562003135681152
1996,906868,LGG,3.73953,4.265692234039307
1088,753576,ESCA,5.704544,4.739806652069092
2106,907056,UNCLASSIFIED,1.923938,1.9148907661437988
1593,906853,UNCLASSIFIED,5.789864,5.212211608886719
1249,1240168,GBM,2.996715,3.0145957469940186
1003,949094,GBM,-3.64519,-2.702906847000122
1853,910691,UCEC,4.522844,4.315108299255371
1268,713899,SCLC,5.282148,4.7229132652282715
1578,749709,BRCA,4.9784,5.179569244384766
1010,924104,THCA,4.305596,3.9011361598968506
1511,687455,BLCA,-0.672178,-1.2512145042419434
1011,1524416,KIRC,0.867439,0.939812183380127
1003,910943,GBM,0.014211,0.5879358053207397
1927,1240174,UCEC,4.246176,4.437738418579102
1917,907312,BLCA,0.710195,0.7368542551994324
1375,753607,UNCLASSIFIED,5.53947,4.871586799621582
1618,687452,BLCA,3.178047,3.6393332481384277
2109,998184,ALL,1.725634,1.6800243854522705
1615,687815,LUSC,4.066866,4.5883708000183105
1084,1299062,SCLC,-1.967205,-0.7077334523200989
1873,909784,SKCM,1.501191,1.518128752708435
1626,905989,COREAD,1.566542,1.5206674337387085
1168,1240131,MESO,4.337311,4.22524356842041
1849,908143,UNCLASSIFIED,-0.005361,-0.4208741784095764
1918,1290724,HNSC,2.666771,1.5318470001220703
1248,910948,BRCA,-5.738891,-4.885107040405273
2111,753621,ESCA,5.705833,4.9894256591796875
1919,909723,SKCM,4.098518,3.2692365646362305
2040,1303896,UNCLASSIFIED,-0.065072,-0.46062105894088745
1511,1240173,COREAD,-2.897392,-2.408146858215332
1594,687561,GBM,5.2836,4.233611583709717
1006,1240132,MESO,3.458734,5.441041946411133
1036,910906,UNCLASSIFIED,3.387537,3.7839126586914062
1177,753594,SCLC,2.359279,2.548961877822876
1932,1240131,MESO,6.095513,5.112310886383057
1624,907053,LAML,1.631416,1.6908881664276123
1168,1503364,STAD,-0.735051,0.0729561448097229
1190,753561,HNSC,1.044808,-0.45136207342147827
1080,907271,LGG,-3.514684,-1.8054883480072021
1617,908127,UNCLASSIFIED,1.433522,1.4248104095458984
1941,909755,COREAD,-3.571441,-4.2886738777160645
1626,749709,BRCA,5.244217,3.838294506072998
1621,909251,ALL,1.43114,1.6347763538360596
1629,906847,UNCLASSIFIED,3.464561,3.9324283599853516
2111,910926,BLCA,3.697515,2.973741054534912
1618,906863,HNSC,2.453666,2.966779947280884
1615,910900,LUAD,4.832032,4.741915225982666
1564,910904,HNSC,2.596145,1.9447021484375
1168,924100,PRAD,3.704638,3.323837995529175
1080,910784,UNCLASSIFIED,-0.824556,-0.9880539774894714
1564,909708,HNSC,-0.540997,-0.20768707990646362
1190,1240209,STAD,0.648551,1.294677495956421
1940,749712,BRCA,3.300461,3.8909363746643066
1051,907291,COREAD,0.922675,0.4553321599960327
1036,905974,SKCM,2.286051,1.9508235454559326
1620,907286,PAAD,5.791203,5.397843837738037
1915,908465,LUAD,2.185846,2.0858302116394043
1199,909721,LUAD,6.269188,5.61374568939209
1054,908448,LAML,1.514499,1.5771758556365967
1529,910692,SCLC,0.915195,1.5207502841949463
1620,906696,THCA,4.927036,4.636422634124756
1630,1290809,MESO,3.320892,4.854369640350342
1084,909249,MM,-4.836085,-4.178952217102051
1622,909776,UNCLASSIFIED,4.102897,4.50535249710083
1194,924108,COREAD,2.935672,2.4600653648376465
1549,1240160,LIHC,6.240249,4.829489707946777
1919,753575,ESCA,-0.66198,0.11271148920059204
1911,910689,COREAD,-1.459995,-0.5118688941001892
2045,688001,SCLC,4.533769,3.863008499145508
1928,1503366,ESCA,5.457832,5.439702987670898
1936,907319,ESCA,2.809517,3.286406993865967
1084,1331045,DLBC,-1.571471,-1.8810036182403564
1909,753562,HNSC,2.415484,2.008176803588867
2043,1298157,BRCA,4.230709,4.787436485290527
1912,906868,LGG,1.99653,2.094691276550293
1010,1240145,LUAD,3.693607,3.14491868019104
1853,1298136,PAAD,3.025595,3.1860663890838623
1627,753616,NB,3.157871,2.63210391998291
1625,1298348,LUAD,5.705502,6.385872840881348
1852,909740,COREAD,8.333391,6.758782863616943
1010,946382,BRCA,3.326865,3.5305423736572266
1578,906844,BRCA,4.379069,3.7947919368743896
1625,908463,LUAD,5.380847,5.916584014892578
1615,1290812,MESO,7.931266,7.4585185050964355
1626,908458,COREAD,3.128175,3.116614580154419
1068,724869,PAAD,2.660595,2.1717238426208496
1916,905983,GBM,3.313971,2.9404313564300537
1268,907048,BRCA,4.8811,4.4394001960754395
1931,907067,SKCM,5.217413,4.957058429718018
1190,753612,MM,2.913571,-0.9783579707145691
1997,724831,UNCLASSIFIED,5.441288,4.9662981033325195
1613,909250,KIRC,3.234978,2.629257917404175
1177,908129,UCEC,4.370182,5.003803730010986
1916,908126,LCML,4.731664,3.999368190765381
1854,683667,MB,5.075134,4.051563262939453
1007,1327773,DLBC,-4.804033,-5.007598400115967
1916,753556,LUSC,1.870115,0.8545501232147217
1079,909753,OV,1.264202,1.6773345470428467
1036,909975,UNCLASSIFIED,6.30308,6.046361446380615
1032,905948,KIRC,1.959552,2.3911869525909424
1046,1298218,PAAD,2.903211,3.7814080715179443
1561,1290807,UNCLASSIFIED,0.439904,0.6169330477714539
1089,910907,PAAD,5.256848,5.859704494476318
1624,971773,UNCLASSIFIED,3.704269,4.520160675048828
1375,687800,LUAD,6.876134,7.623276233673096
1180,906846,UNCLASSIFIED,-3.537052,-2.557971239089966
1594,906865,SKCM,4.03978,4.302369594573975
1012,683665,MM,0.653621,0.2850976884365082
1004,687800,LUAD,2.404839,0.7670888900756836
1060,906849,UNCLASSIFIED,1.632117,0.8335654139518738
1179,909975,UNCLASSIFIED,1.183856,1.9487605094909668
1854,713899,SCLC,4.0981,4.936608791351318
1237,687995,SCLC,5.012448,4.020524978637695
2040,907066,BLCA,2.841387,2.6995275020599365
1032,906871,LGG,1.847115,1.653444528579712
1917,908125,SKCM,4.416934,3.2818126678466797
1626,910784,UNCLASSIFIED,5.99017,3.4063720703125
1047,909974,KIRC,3.975319,4.258105278015137
1553,907067,SKCM,1.067459,-0.3107752203941345
1012,688121,UNCLASSIFIED,2.798743,2.8022382259368896
2110,909779,UNCLASSIFIED,4.908983,5.279838562011719
1625,1240127,UCEC,4.660336,5.174370765686035
1375,1240132,MESO,6.133172,6.767527103424072
1799,1298533,PAAD,5.85601,5.630168437957764
1084,908451,LAML,-2.161124,-2.0940194129943848
1510,908446,STAD,1.86975,2.849439859390259
1631,924239,MM,1.559417,1.4145758152008057
1917,1303897,DLBC,0.33132,0.710363507270813
1931,1240123,COREAD,4.745331,4.792463302612305
1060,905959,OV,3.080011,2.715660572052002
1248,908123,BRCA,-4.423273,-4.229992866516113
1593,906827,UNCLASSIFIED,3.967935,2.4950456619262695
1239,1299059,HNSC,3.35174,3.161017894744873
1058,905937,COREAD,0.372938,0.6081106066703796
1919,1299052,HNSC,0.946688,-0.2256946563720703
1613,724859,LUAD,1.927016,2.1089460849761963
1630,908463,LUAD,2.797026,5.32065486907959
2045,906828,THCA,4.39118,4.650834083557129
1855,688021,SCLC,7.589231,6.131648540496826
1916,1247871,ALL,2.513817,3.2161855697631836
1614,909264,UNCLASSIFIED,3.565783,3.2927768230438232
1190,905949,LUAD,-3.559694,-2.0387322902679443
1007,924107,CESC,-6.597014,-6.009025573730469
1621,908463,LUAD,6.855867,6.411383628845215
1908,687799,LUAD,0.968838,-0.18855184316635132
1091,1240200,OV,2.568566,2.536924362182617
2106,753569,LUSC,-0.011623,-0.4472584128379822
1089,909697,STAD,3.045706,2.1741108894348145
1249,907314,NB,2.867702,3.309197425842285
1629,1299078,SKCM,5.374255,5.3969502449035645
1852,1331032,DLBC,4.164905,4.544320106506348
1925,906833,MB,4.612251,4.605813980102539
1047,907280,LAML,4.788047,4.299240589141846
1005,910900,LUAD,1.603736,1.867492914199829
1926,687800,LUAD,2.067195,2.2349276542663574
1080,907299,UNCLASSIFIED,-4.234909,-3.401909112930298
1003,684072,UNCLASSIFIED,-5.109751,-5.362496376037598
1088,906843,CESC,2.530765,2.5815443992614746
1046,910942,UNCLASSIFIED,0.575826,0.6499935984611511
1910,905933,OV,2.875623,2.6919291019439697
1006,949158,UNCLASSIFIED,-0.42653,-2.080399513244629
1922,909717,UNCLASSIFIED,1.584531,1.733391284942627
1375,1240200,OV,6.991193,7.291956424713135
1057,908152,MESO,-0.360637,-0.07611989974975586
1629,907275,LAML,3.669063,3.522843599319458
1017,949177,NB,3.054555,2.4135375022888184
2040,909770,STAD,1.364165,1.4986581802368164
1268,909708,HNSC,3.933111,4.251805305480957
2045,687807,LUAD,6.987173,6.124971389770508
1010,1240209,STAD,2.417635,2.848585844039917
1622,908149,UNCLASSIFIED,4.397116,3.937729835510254
1237,1298223,LUSC,5.244535,5.122687816619873
2043,688027,SCLC,4.775923,4.1937689781188965
1912,909759,UNCLASSIFIED,2.983716,2.7023346424102783
1083,910569,COREAD,1.82303,3.182573080062866
1088,1240196,HNSC,2.655701,2.690216064453125
1854,949094,GBM,5.09391,4.59352970123291
2044,1298222,ESCA,3.883746,4.325825214385986
1635,1240215,UNCLASSIFIED,4.036441,5.003961086273193
1909,1240159,LIHC,3.161844,2.8204922676086426
1913,753624,PAAD,5.57083,4.815246105194092
1558,924108,COREAD,1.541101,2.2268307209014893
2044,971773,UNCLASSIFIED,1.660399,2.032278537750244
1627,684052,UNCLASSIFIED,2.335958,2.275111675262451
1559,909737,LIHC,-3.674211,-2.3640294075012207
1996,917486,COREAD,3.872365,4.186212062835693
1634,1298475,PAAD,5.109914,4.866608619689941
1617,753563,MM,1.717018,0.8704886436462402
1918,949157,UNCLASSIFIED,3.218228,2.646071672439575
1057,684072,UNCLASSIFIED,-2.851514,-2.7748055458068848
1625,687787,LUSC,5.805913,5.0017805099487305
2111,1503367,ESCA,1.517818,0.3233497142791748
1563,907270,CLL,5.092914,3.867896318435669
1060,910710,LCML,-1.048056,-0.585574209690094
1046,909774,UNCLASSIFIED,0.99705,1.8487515449523926
1913,1659928,COREAD,4.129554,3.9335291385650635
2107,907276,STAD,6.52898,6.051572799682617
2107,906820,NB,2.710329,4.3202738761901855
1927,1240189,SCLC,3.897569,3.609431266784668
1553,910544,LCML,2.485535,1.977954626083374
1629,949153,ALL,3.175171,3.1700453758239746
1873,905955,SKCM,1.460202,1.782938003540039
1006,908455,STAD,-0.169055,0.7495116591453552
1625,753539,UNCLASSIFIED,3.544816,4.184025287628174
1910,1331032,DLBC,-1.098183,-0.516377866268158
1250,909735,UCEC,1.58469,1.4553444385528564
1915,687985,SCLC,2.883927,2.590871810913086
1853,753548,LAML,3.480739,3.3923206329345703
2109,1290806,STAD,2.140526,1.7782986164093018
1259,949158,UNCLASSIFIED,-2.0061,-1.1885011196136475
1199,910689,COREAD,6.231859,6.8961992263793945
1053,1240218,PAAD,7.959225,6.751148700714111
1049,909725,SKCM,5.026663,4.18394136428833
1629,1331045,DLBC,3.179097,3.382033109664917
1180,753621,ESCA,-1.731551,-2.3930211067199707
2043,906856,UNCLASSIFIED,-3.347146,3.613226890563965
1927,909696,UNCLASSIFIED,3.850457,4.156886100769043
1073,908139,STAD,3.395521,5.75370454788208
1576,1298539,UNCLASSIFIED,3.870348,3.583944082260132
1916,753623,ESCA,1.592531,2.2226216793060303
1936,924239,MM,1.484546,2.0290181636810303
2109,908150,MESO,3.829797,3.209369659423828
1996,1240127,UCEC,3.817761,4.682033538818359
1564,909748,COREAD,1.192637,-0.24798518419265747
1909,905944,LUAD,2.831526,3.0930495262145996
1849,906835,GBM,0.820784,1.028340458869934
1068,905978,KIRC,1.580995,1.3210647106170654
1179,687505,CESC,-0.978005,-0.09086263179779053
1849,688014,SCLC,0.115078,-0.44847506284713745
1372,724825,MM,-2.633966,-1.2861731052398682
1564,1298533,PAAD,0.861721,1.354496717453003
2107,724855,UNCLASSIFIED,6.1327,4.419500827789307
2048,1331039,UNCLASSIFIED,-4.385805,-3.9475324153900146
2040,909728,LUSC,1.532213,0.8271475434303284
1631,687455,BLCA,4.173807,3.621272563934326
1080,688058,MESO,-1.178289,-1.8237941265106201
1916,908443,LUSC,2.09732,1.9324283599853516
1190,906797,BLCA,-3.617076,-2.9121508598327637
1634,1303897,DLBC,5.061241,5.747687816619873
1131,1240121,HNSC,3.843551,2.923635482788086
1093,1290809,MESO,4.460037,5.059966564178467
1199,924240,BRCA,3.574896,3.27681040763855
1598,949163,UNCLASSIFIED,2.529928,3.638148307800293
1576,907792,COREAD,4.633825,3.917860746383667
1620,687514,CESC,5.132627,4.946486949920654
1007,688058,MESO,-3.366736,-4.108333587646484
1624,905933,OV,4.066851,4.078544616699219
1053,910695,UNCLASSIFIED,1.614116,1.5158368349075317
1054,907058,SKCM,2.222803,2.380981922149658
1553,906846,UNCLASSIFIED,1.064475,1.5742226839065552
1003,688031,SCLC,-2.897812,-4.030503273010254
2043,1299075,PRAD,5.270212,4.498887062072754
1549,1298475,PAAD,2.428568,2.7220346927642822
1913,908455,STAD,5.561612,4.566776275634766
1922,906826,BRCA,2.740501,3.5231525897979736
1179,906847,UNCLASSIFIED,-0.125317,-0.2996388077735901
1786,1240173,COREAD,3.373852,2.1467490196228027
1373,1327773,DLBC,2.347654,2.779296875
1080,724872,SCLC,-2.874918,-3.5975940227508545
1917,908465,LUAD,3.342407,3.108978033065796
1786,907060,UNCLASSIFIED,2.803194,2.2429840564727783
2044,930082,UNCLASSIFIED,2.291344,4.011927127838135
1559,753585,KIRC,-3.853544,-2.853482723236084
1022,1298222,ESCA,0.567806,0.11049824953079224
1853,910943,GBM,5.00404,5.143922328948975
1250,906817,ESCA,3.523566,3.8111212253570557
1017,1299081,SKCM,3.751637,3.514789581298828
1560,909704,BLCA,2.467715,3.4043731689453125
1936,908146,ALL,2.195312,2.423818349838257
1862,907072,UNCLASSIFIED,-1.694107,-1.50252103805542
1617,688006,SCLC,2.017444,2.498249053955078
1512,687777,LUAD,5.669545,5.111807823181152
1910,905935,PRAD,4.136149,3.4377598762512207
1908,909751,COREAD,0.743156,0.3229160010814667
2096,724855,UNCLASSIFIED,1.280843,1.0659868717193604
2043,1331032,DLBC,4.711704,4.536382675170898
2109,909707,UNCLASSIFIED,2.917167,3.717381000518799
1091,907056,UNCLASSIFIED,1.961433,3.7317404747009277
2048,1240129,OV,0.593853,1.3855987787246704
1915,910934,DLBC,2.255296,1.622955083847046
1598,687505,CESC,2.020229,2.8413126468658447
1928,905950,KIRC,3.678552,3.724916934967041
1922,1298529,HNSC,2.326863,2.8000431060791016
1635,905976,SKCM,5.431052,4.935088157653809
1549,946370,GBM,4.716829,4.434557914733887
1940,905949,LUAD,2.96092,3.408012866973877
1634,946368,GBM,3.325685,4.197554588317871
1926,910698,KIRC,-0.989998,-1.1906781196594238
1047,946370,GBM,2.238433,3.224778175354004
1933,906765,MM,2.238193,2.91888689994812
1091,925341,UNCLASSIFIED,2.617869,3.7432291507720947
1624,753554,LUSC,2.74541,2.2950172424316406
1053,925341,UNCLASSIFIED,5.089565,4.202388286590576
1559,753620,NB,-2.12302,-3.1349925994873047
1578,906696,THCA,5.468605,4.574025630950928
1049,906792,SKCM,3.484013,3.247068166732788
1940,1331033,DLBC,2.648032,2.8375985622406006
1054,906828,THCA,5.192258,3.732510566711426
1559,906843,CESC,-2.416367,-2.310227155685425
1060,908472,LUAD,1.998049,0.44362175464630127
1057,753563,MM,-3.121924,-3.556640386581421
1598,688025,SCLC,2.017905,1.9578502178192139
1034,910926,BLCA,-3.727878,-4.06851053237915
1561,688006,SCLC,4.77501,4.180849552154541
1084,1330993,PRAD,-2.911704,-1.6703131198883057
1927,1290455,LAML,3.163916,4.425589561462402
1248,909736,LIHC,-2.581112,-4.035699367523193
1996,753607,UNCLASSIFIED,3.7398,3.5242128372192383
1924,907790,COREAD,1.99425,1.1799904108047485
1911,1330995,DLBC,-5.892761,-4.802720546722412
1511,909704,BLCA,-0.707764,-0.3409307599067688
1624,906696,THCA,1.455443,1.4439325332641602
1630,909703,ALL,2.786377,2.8810086250305176
2043,907048,BRCA,4.447375,4.424571514129639
1013,910927,BRCA,1.558438,3.1571898460388184
1025,908122,BRCA,6.049812,5.577879905700684
1549,906865,SKCM,5.293625,4.673375606536865
1373,908127,UNCLASSIFIED,5.177462,4.788203239440918
1249,908158,UNCLASSIFIED,1.947368,1.5615010261535645
1624,906853,UNCLASSIFIED,6.868703,6.122957229614258
1168,908451,LAML,2.397317,3.2381985187530518
1614,753558,KIRC,2.547885,4.018455505371094
1058,930298,CESC,1.252604,1.1008678674697876
1083,1298347,LUAD,4.085807,3.238757371902466
1060,924250,STAD,2.156263,0.8737192153930664
2110,924239,MM,4.523134,3.684825897216797
1553,687800,LUAD,4.158051,6.3260602951049805
1941,908463,LUAD,-5.580378,-1.3196322917938232
1088,908132,UNCLASSIFIED,-0.02281,-0.4681376814842224
1997,1298475,PAAD,3.442137,4.140556335449219
1933,907318,ESCA,2.569643,4.296583652496338
1131,687586,GBM,6.12434,5.32479190826416
1617,924100,PRAD,2.246719,2.3881218433380127
1022,908470,MESO,0.850485,1.0051853656768799
1941,1240181,NB,0.457356,-2.2339584827423096
1922,910781,UCEC,0.841954,1.6656572818756104
1618,1240216,LIHC,3.932652,4.351031303405762
1927,753563,MM,3.990522,3.6378777027130127
1560,908443,LUSC,4.238495,3.735776901245117
1939,753586,UNCLASSIFIED,2.619628,2.5452537536621094
2110,946361,UNCLASSIFIED,5.357422,4.898462772369385
1191,749710,BRCA,-4.167982,-4.028139114379883
1049,909718,COREAD,4.166101,3.144169569015503
1068,906853,UNCLASSIFIED,2.132182,2.071319580078125
1855,1298146,LIHC,1.590261,4.969084739685059
1091,724863,UNCLASSIFIED,0.434592,1.4932622909545898
1034,1240121,HNSC,-3.501195,-3.3414127826690674
1549,906828,THCA,4.186173,3.823988676071167
2048,908128,SKCM,-2.758583,-2.013883352279663
2044,1327771,LCML,1.482288,2.719531297683716
1786,908141,LAML,2.54175,1.3463261127471924
1512,1290908,LUAD,5.392574,5.280755996704102
2106,1290813,MESO,4.464634,2.26813006401062
1512,1240131,MESO,6.021496,6.895447731018066
1635,907048,BRCA,4.900568,4.530490398406982
1250,908475,LUAD,1.392118,1.2330031394958496
2044,687505,CESC,2.761673,2.430222988128662
1073,753607,UNCLASSIFIED,4.953409,4.51091194152832
1051,907790,COREAD,4.170789,1.9341797828674316
1046,910927,BRCA,0.703064,1.2635581493377686
1259,971773,UNCLASSIFIED,-0.22102,-1.0992860794067383
1068,924100,PRAD,1.487555,1.4064116477966309
1849,753574,ESCA,2.738345,2.115168809890747
2046,1331039,UNCLASSIFIED,1.18733,1.3007150888442993
1578,910941,NB,4.300305,4.917579650878906
2109,906798,BLCA,2.594762,3.557319164276123
1060,1298222,ESCA,1.128659,0.4470295310020447
1529,1290730,BLCA,-0.378003,0.6107895970344543
2106,906837,HNSC,0.653624,1.7921099662780762
1786,1322218,UNCLASSIFIED,1.164969,1.9667174816131592
1084,687802,LUAD,-1.119667,-0.09571772813796997
1624,925341,UNCLASSIFIED,3.132964,2.863694906234741
1131,910705,UNCLASSIFIED,2.5736,2.16229510307312
1049,1299059,HNSC,4.240359,4.161456108093262
1022,1660036,COREAD,1.582879,2.014082670211792
1926,930083,THCA,2.249582,2.6959638595581055
1085,949156,UNCLASSIFIED,4.600575,3.245788097381592
1053,724859,LUAD,3.506655,5.707046985626221
1564,909723,SKCM,0.753115,-0.14602410793304443
1079,910687,ALL,1.437647,1.9405431747436523
1618,1503368,ESCA,4.293135,3.6101133823394775
1083,1240146,LUAD,2.908262,3.1520156860351562
1089,1660034,COREAD,3.032577,2.659571886062622
1249,909974,KIRC,4.743563,6.183291435241699
2043,909728,LUSC,4.668328,5.5926408767700195
1560,753607,UNCLASSIFIED,2.702385,2.7028002738952637
1630,753546,SKCM,4.316634,5.87614107131958
1931,1240218,PAAD,7.684036,7.10772180557251
1854,909738,LIHC,4.032304,4.1038618087768555
1012,907042,LGG,1.161874,1.3911151885986328
1922,1240183,LUSC,2.146845,2.6815295219421387
1919,907287,COREAD,0.418196,0.9563421010971069
1091,1503370,LUAD,1.083103,1.2396113872528076
1017,1299075,PRAD,3.963687,4.685210227966309
1635,724869,PAAD,4.557972,5.956020355224609
1507,688023,SCLC,4.846884,4.6608357429504395
1915,905940,LCML,2.435261,2.96764874458313
1996,907291,COREAD,3.825034,3.8691983222961426
1598,910942,UNCLASSIFIED,4.247868,3.1909537315368652
1179,946357,UNCLASSIFIED,-0.731297,-0.8655515313148499
1010,908461,STAD,1.984711,2.703878402709961
1561,1298219,UNCLASSIFIED,4.673854,3.79693341255188
1910,910942,UNCLASSIFIED,2.988271,2.3300421237945557
1510,907278,LAML,4.15405,3.7760627269744873
1017,907064,UNCLASSIFIED,3.706178,5.200559616088867
1911,687457,BLCA,-4.635226,-3.601078748703003
2048,907787,ALL,-4.498836,-4.645085334777832
1558,908145,LGG,2.706394,2.3538026809692383
1057,909729,GBM,-2.021035,-2.206993579864502
1613,753565,SCLC,2.32354,2.401169776916504
1060,1240154,THCA,-2.054275,-1.1960957050323486
1131,910688,LAML,3.051528,3.04706072807312
1563,1298146,LIHC,6.155398,5.68289852142334
1618,1290807,UNCLASSIFIED,3.989793,4.194303512573242
1057,1298358,STAD,-0.493669,0.7328901290893555
1626,924238,THCA,-0.124124,1.459200382232666
1626,910944,ALL,1.02367,0.05017358064651489
1855,906818,SKCM,4.858645,5.0379438400268555
1512,687799,LUAD,5.375875,5.375349998474121
1926,1503365,ESCA,-0.026883,-0.3063533902168274
1940,907269,CLL,3.907625,3.4712209701538086
1060,949163,UNCLASSIFIED,0.654876,0.4249286651611328
1559,687985,SCLC,-1.811247,-1.8995070457458496
1939,1480364,OV,5.240163,5.959166526794434
1852,924107,CESC,3.939643,3.990206718444824
1096,1240172,BRCA,4.115571,4.53511381149292
1553,1299070,OV,3.9956,4.689603328704834
1004,910936,HNSC,-5.075289,-4.7441911697387695
1852,1240219,PAAD,7.4969,6.743174076080322
1852,1290807,UNCLASSIFIED,5.830394,5.350881576538086
1916,1240189,SCLC,2.949068,2.6756672859191895
2107,906794,UNCLASSIFIED,5.131153,4.841174125671387
1079,687563,GBM,0.666873,-0.199146568775177
1036,1240173,COREAD,2.183885,2.0871787071228027
1911,908151,BRCA,-6.089627,-5.751923561096191
1036,906793,SKCM,0.068029,0.9047232866287231
1512,1290810,MESO,6.592705,6.074628829956055
1786,1240121,HNSC,3.405016,2.7839066982269287
1259,753566,BLCA,6.098269,3.1086111068725586
1089,906872,NB,3.86731,4.357833385467529
2043,908127,UNCLASSIFIED,4.802075,4.626415252685547
1598,906871,LGG,3.93789,4.230160236358643
1006,749714,BRCA,4.789023,4.168338298797607
2047,724868,LUAD,1.239037,0.983690619468689
1912,713899,SCLC,4.307642,3.246845245361328
1853,949178,NB,2.838051,2.4919497966766357
1046,1659928,COREAD,2.568146,1.2327449321746826
1083,1479988,OV,5.100356,4.0051093101501465
1630,910927,BRCA,3.945207,4.28826379776001
1578,924111,HNSC,4.953465,3.9808852672576904
1179,1240122,HNSC,1.916899,1.6861963272094727
1618,1480372,OV,5.054721,5.0087361335754395
1912,907285,PAAD,3.297455,3.6212210655212402
1179,910934,DLBC,-2.07325,-1.9500901699066162
1855,907791,MM,3.665689,6.407310962677002
1249,1240221,UNCLASSIFIED,2.320974,2.6368417739868164
1091,906863,HNSC,1.67518,2.22213077545166
2106,905947,KIRC,0.322364,1.6090953350067139
1131,906865,SKCM,5.106169,3.5781710147857666
2048,1290797,PAAD,-2.570488,-2.889695644378662
1558,907072,UNCLASSIFIED,2.543011,1.6183980703353882
1916,907783,LCML,3.248105,3.3200135231018066
1578,910779,UNCLASSIFIED,6.707922,4.988595962524414
1013,930299,THCA,6.015891,4.770069122314453
1091,908158,UNCLASSIFIED,1.151041,0.4179309606552124
1559,1659818,MM,-3.718823,-3.4018237590789795
1916,905946,BRCA,3.735658,2.6187219619750977
1006,1290807,UNCLASSIFIED,4.485802,4.12612247467041
1051,907072,UNCLASSIFIED,1.927419,0.5967782139778137
1613,753576,ESCA,4.79252,5.063068389892578
1614,688014,SCLC,4.331026,4.849774360656738
1912,1240160,LIHC,4.709262,4.318947792053223
1922,910691,UCEC,2.196957,3.498586893081665
1931,687586,GBM,5.053095,4.796871662139893
1932,724868,LUAD,1.723243,1.8354735374450684
1003,1240157,LIHC,-1.261201,-0.2416025996208191
1939,909703,ALL,1.725856,1.8262040615081787
1512,1299052,HNSC,6.233847,5.645951271057129
1060,1331032,DLBC,-1.022234,-0.5433071255683899
1618,905990,OV,4.712285,4.535362243652344
1925,1240219,PAAD,5.787633,6.303794860839844
1190,907064,UNCLASSIFIED,-0.08467,1.5428225994110107
1559,906832,DLBC,-2.252379,-3.4917895793914795
1190,909721,LUAD,1.662294,-0.49202197790145874
1941,946357,UNCLASSIFIED,-5.777276,-3.95287823677063
1620,1659823,COREAD,5.782555,5.856595993041992
2048,949179,NB,-2.989709,-1.629443645477295
1630,906693,PAAD,3.35134,2.9063801765441895
1007,1331032,DLBC,-5.091625,-4.881560325622559
1936,753615,MM,2.912235,3.583735704421997
1058,909753,OV,2.535814,3.1242289543151855
1511,906805,LUAD,0.006476,0.24437540769577026
1910,905962,COREAD,3.510925,2.569845199584961
1615,1479988,OV,6.126155,6.26586389541626
1179,1240166,UNCLASSIFIED,-1.11556,-0.7240954041481018
1054,949155,UNCLASSIFIED,1.944379,2.3495864868164062
1068,907274,DLBC,1.249609,1.365566611289978
1626,1480364,OV,1.108961,1.4740351438522339
1168,1298348,LUAD,0.174693,0.6341949105262756
1088,907172,SKCM,1.221941,1.561859130859375
1557,1240123,COREAD,5.230116,4.484525680541992
1561,910850,LIHC,5.158711,4.620226860046387
1598,687459,BLCA,4.914443,4.521965980529785
2043,1298358,STAD,5.873974,5.597840309143066
2109,1240145,LUAD,2.369598,1.7976982593536377
2096,946361,UNCLASSIFIED,2.249018,1.6979639530181885
1849,924100,PRAD,-1.05824,-1.0054759979248047
1626,1290455,LAML,-2.176859,-0.9196467995643616
1940,907295,SCLC,3.512654,3.8591747283935547
2043,1330964,SCLC,5.581813,4.6024041175842285
1618,906790,STAD,3.059828,2.9075849056243896
1179,749714,BRCA,2.130885,1.741436243057251
1168,1240149,UNCLASSIFIED,2.686148,2.663527727127075
2111,1503368,ESCA,4.857835,4.308285236358643
2096,909262,UNCLASSIFIED,2.933129,2.7869365215301514
1631,906847,UNCLASSIFIED,1.526185,2.562554359436035
1593,905940,LCML,2.672583,1.9566798210144043
2106,1240218,PAAD,7.55233,7.187915802001953
1630,1503370,LUAD,2.086718,3.085373640060425
1239,909750,LGG,2.064477,1.1521410942077637
1168,749711,BRCA,2.462572,2.5430424213409424
1578,687829,UNCLASSIFIED,6.041106,5.494801998138428
1046,753583,HNSC,3.405005,3.3849453926086426
2045,753585,KIRC,4.776209,4.213440418243408
1873,908461,STAD,1.045927,1.0753490924835205
1004,1298226,LUSC,-4.963075,-4.417809009552002
1372,1240216,LIHC,1.189687,2.0489578247070312
1239,910916,HNSC,-0.373558,0.675714373588562
1915,907280,LAML,2.339365,2.4872756004333496
1913,910935,DLBC,3.53594,3.360302209854126
2046,905937,COREAD,3.517223,2.2372806072235107
1924,998184,ALL,-1.462298,-0.39309054613113403
1549,925340,STAD,6.096691,5.589598655700684
1627,908460,LUAD,5.016605,5.5074872970581055
1613,971773,UNCLASSIFIED,2.242238,1.9833412170410156
1057,684052,UNCLASSIFIED,-2.824857,-3.3448355197906494
1922,905955,SKCM,1.672001,3.1619298458099365
1089,906833,MB,2.042374,3.087963581085205
1199,1330995,DLBC,2.601927,3.669405221939087
1179,1322218,UNCLASSIFIED,-1.291719,-0.30388158559799194
2045,907313,GBM,5.575737,5.134657859802246
2043,905958,ALL,4.683169,3.822693109512329
2109,907066,BLCA,4.475528,3.470856189727783
1913,905967,LUAD,5.316388,4.716498851776123
1613,753589,SCLC,4.312193,5.103401184082031
1598,909755,COREAD,4.749568,3.918126106262207
1004,905975,SKCM,-4.375594,-5.268454551696777
1006,905944,LUAD,1.753285,2.746516227722168
1372,753573,ESCA,0.397515,0.7974817156791687
1931,998189,COREAD,5.309216,5.5626935958862305
1051,1299052,HNSC,1.10563,3.831037759780884
1010,1503367,ESCA,4.183112,3.7910218238830566
1924,1240142,LUSC,2.598774,1.4748480319976807
1372,1295740,ALL,1.652327,1.6696152687072754
1073,688026,SCLC,7.274448,6.931186676025391
2109,908158,UNCLASSIFIED,1.621672,1.53586745262146
1036,1290455,LAML,5.250147,3.4499690532684326
1054,1290795,UNCLASSIFIED,3.737451,3.63849139213562
1052,924106,BRCA,0.905326,2.9293456077575684
1088,908149,UNCLASSIFIED,2.371989,1.5185121297836304
2045,907322,UNCLASSIFIED,4.049523,3.5477218627929688
1932,905974,SKCM,1.631096,1.600651502609253
1618,909747,COREAD,4.650409,5.719706058502197
1855,909263,COREAD,6.471656,5.645452499389648
1578,909707,UNCLASSIFIED,5.792375,5.4250383377075195
1922,910904,HNSC,4.317716,3.280712604522705
1997,1330993,PRAD,4.032086,3.481962203979492
1560,1298169,KIRC,4.657058,4.538853645324707
1007,1240127,UCEC,-3.79073,-3.4157912731170654
1852,906832,DLBC,4.980311,4.863854885101318
1013,925341,UNCLASSIFIED,4.117553,3.096562147140503
1049,909257,OV,3.934979,3.6179521083831787
1911,906808,SCLC,-1.825398,-2.364367723464966
1916,910930,DLBC,2.757777,2.3870348930358887
1613,1503361,ESCA,3.626358,2.7420494556427
1933,909785,UNCLASSIFIED,2.148421,2.7890784740448
1940,905935,PRAD,4.653367,3.923215389251709
1013,908462,MESO,3.412362,3.838280200958252
1622,907323,UNCLASSIFIED,2.879668,2.572538137435913
2043,906864,THCA,5.878966,5.361262321472168
1629,909716,UNCLASSIFIED,5.03376,3.9538893699645996
1853,909761,COREAD,4.768429,3.42197585105896
1910,905960,BRCA,1.555757,2.4164624214172363
1617,1331033,DLBC,0.452978,0.5378419160842896
1926,908454,UNCLASSIFIED,-0.189269,-0.2388172745704651
1553,917486,COREAD,5.486291,3.3153131008148193
1941,1240226,SKCM,-3.214877,-4.500436782836914
1022,906818,SKCM,-1.023507,1.4634573459625244
1080,1303912,UNCLASSIFIED,-1.862562,-1.2441236972808838
1635,1503365,ESCA,6.576496,6.047818183898926
1010,687505,CESC,2.191288,1.5816428661346436
1237,1240189,SCLC,4.790785,4.170521259307861
1199,910922,KIRC,4.062316,4.703126907348633
2047,907060,UNCLASSIFIED,-0.158404,2.941620349884033
1529,905950,KIRC,-0.084693,-1.1079621315002441
1054,909756,UNCLASSIFIED,6.064244,4.72447395324707
1058,910548,OV,1.035307,1.0664297342300415
1910,930083,THCA,4.963304,5.19463586807251
1012,687807,LUAD,2.698101,3.6196892261505127
1617,910904,HNSC,2.329893,1.574682593345642
1510,1327771,LCML,2.435506,3.648542881011963
1022,906836,UNCLASSIFIED,-2.862395,-2.8958470821380615
1011,1298359,ESCA,2.957781,3.6314289569854736
1007,1290769,COREAD,-2.658199,-1.4057807922363281
1011,1331037,DLBC,-1.160515,-0.9047507643699646
1060,688087,NB,-0.207142,-0.48026639223098755
1855,1660034,COREAD,4.628123,4.751564025878906
1625,909755,COREAD,5.79222,5.678993225097656
1511,1247871,ALL,-3.192326,-3.0782573223114014
1786,1298357,STAD,5.794826,5.306346416473389
1032,909904,PAAD,2.535585,2.8658125400543213
1996,1290724,HNSC,4.553965,4.081881523132324
1046,687995,SCLC,2.356597,2.4536898136138916
2111,907792,COREAD,6.674771,5.680582523345947
1180,907053,LAML,-3.347971,-3.26973557472229
1250,905949,LUAD,1.071841,0.9507104754447937
1924,906839,GBM,3.090216,3.55619478225708
1051,753552,BLCA,3.363984,2.3913087844848633
2048,1240187,LUAD,-2.803886,-3.6632869243621826
1624,907057,LIHC,3.139703,3.115495443344116
1093,753621,ESCA,5.747863,4.45985221862793
1799,910688,LAML,3.900247,2.852177619934082
1375,1240197,OV,7.27593,6.455636024475098
1853,907792,COREAD,5.616871,5.541038990020752
1073,909780,BLCA,3.559024,4.338494300842285
1626,907042,LGG,1.321837,0.5958579778671265
1911,908446,STAD,-5.615075,-5.68096923828125
1084,1503365,ESCA,-2.201337,-3.2643821239471436
1237,1240181,NB,5.213139,4.416834354400635
1926,1327766,MM,3.769315,0.4307394325733185
1852,1327774,UNCLASSIFIED,3.526767,3.3796966075897217
1510,906821,PAAD,4.380818,4.51539945602417
1190,906875,NB,-1.975223,-1.456533670425415
1630,907313,GBM,2.470989,3.4199392795562744
1083,1298537,LUAD,3.730537,3.67635440826416
1022,906831,UNCLASSIFIED,-0.726685,-0.893390953540802
1199,906820,NB,3.466249,4.11572790145874
1131,713880,SCLC,3.018142,4.169473648071289
1168,905979,KIRC,2.592811,2.831350803375244
1003,907317,ESCA,-2.836104,-1.853588581085205
1131,909731,UNCLASSIFIED,2.710352,3.7613868713378906
1168,1295741,MM,2.471589,1.933253288269043
1060,905935,PRAD,2.442201,2.4465620517730713
1239,905940,LCML,0.508242,2.1852169036865234
1060,1299064,ESCA,-0.277051,-0.4705730080604553
1180,1240197,OV,-0.188617,-1.8307080268859863
1068,910942,UNCLASSIFIED,0.37478,1.2701488733291626
1915,1479987,OV,2.17579,2.473731517791748
1004,910943,GBM,-1.481524,-1.089336633682251
1007,905980,KIRC,-2.71316,-1.5225248336791992
1239,1240202,LUAD,3.89138,4.073122978210449
2040,946358,ALL,1.487225,0.3913935720920563
1617,1297446,ALL,-0.837454,-0.14845240116119385
2107,1290795,UNCLASSIFIED,5.870276,5.218347072601318
1003,909716,UNCLASSIFIED,-1.662694,-2.951361894607544
1036,753618,NB,3.854314,3.581165313720703
2109,1298146,LIHC,3.051197,3.5645642280578613
1618,907276,STAD,1.386997,2.8611176013946533
1011,909975,UNCLASSIFIED,3.44281,2.342801809310913
2044,946361,UNCLASSIFIED,5.332353,3.610032081604004
1915,753618,NB,2.236051,1.8650152683258057
2048,906869,STAD,-2.074505,-0.3531234860420227
1625,905967,LUAD,5.46824,4.87619161605835
1849,909262,UNCLASSIFIED,-2.299668,-2.701016664505005
1511,1298529,HNSC,-0.137036,-1.3863914012908936
1091,908150,MESO,1.477637,1.6696704626083374
1259,1240167,ESCA,2.789452,1.3454217910766602
1199,909728,LUSC,4.557782,4.484726428985596
1237,1330931,LCML,4.37667,4.213063716888428
1578,910951,LCML,2.666693,3.3062727451324463
1922,909704,BLCA,0.342531,1.0936517715454102
1022,1290905,BRCA,3.069879,2.832815647125244
1250,910706,UNCLASSIFIED,-0.50651,-0.3234618306159973
1799,906800,UNCLASSIFIED,3.209795,2.496515989303589
1936,908447,NB,2.741686,2.349771499633789
1073,924250,STAD,8.184129,6.479148864746094
1564,1290795,UNCLASSIFIED,2.452504,2.962620735168457
2045,753565,SCLC,4.756282,4.3265204429626465
1239,687816,LUAD,3.47797,3.1556453704833984
1873,910691,UCEC,1.05983,0.8043773770332336
1034,908159,UNCLASSIFIED,-2.419133,-4.602750778198242
1068,753538,HNSC,0.05081,0.949613094329834
1917,909728,LUSC,2.919898,2.8734323978424072
1627,906693,PAAD,3.23299,2.222923517227173
1932,687568,GBM,2.060358,2.524442434310913
1564,753612,MM,4.185504,4.217585563659668
1248,909732,UNCLASSIFIED,-5.904853,-5.275151252746582
1372,687819,LUAD,2.72128,3.5179951190948486
1627,1298533,PAAD,2.247373,2.3207600116729736
1249,909740,COREAD,4.035142,3.940014123916626
1853,1297447,MM,3.261079,3.4442203044891357
1032,1299064,ESCA,0.377401,-0.4263457655906677
1005,1298537,LUAD,4.505269,5.001494407653809
1912,1298529,HNSC,3.046752,2.854745388031006
1578,1298538,LUSC,5.912495,5.188436031341553
1613,687787,LUSC,4.727105,4.3175530433654785
1622,753583,HNSC,4.414644,3.6352269649505615
1941,907042,LGG,-4.173794,-4.560461521148682
1621,753576,ESCA,6.153125,4.9325971603393555
1919,906846,UNCLASSIFIED,1.938833,1.172614574432373
1372,749714,BRCA,1.249477,2.117267370223999
1085,924104,THCA,2.53145,3.270277738571167
2111,908148,LAML,1.955865,1.097389817237854
1932,924244,LUAD,2.584122,3.0412464141845703
1083,906828,THCA,4.134173,3.7278127670288086
1177,906798,BLCA,4.690389,3.445427179336548
1786,924102,THCA,2.775515,4.032379150390625
1912,906808,SCLC,4.002603,3.5035955905914307
1180,946382,BRCA,-1.840057,-3.2686054706573486
1855,907047,UNCLASSIFIED,3.290689,3.6886987686157227
1129,749715,BRCA,3.687587,3.914612054824829
1004,906790,STAD,-5.344445,-6.116218566894531
1011,908148,LAML,1.747426,-0.5408976674079895
1922,1240127,UCEC,2.632682,4.250441074371338
1909,909757,COREAD,2.669374,2.278362512588501
2106,1298529,HNSC,4.686793,4.104248046875
1559,907322,UNCLASSIFIED,-2.770867,-2.4692516326904297
1053,909262,UNCLASSIFIED,2.192586,2.3266897201538086
1177,905984,LGG,2.341442,1.862811803817749
1932,908447,NB,0.744929,1.0671803951263428
1373,924110,UNCLASSIFIED,1.882988,2.7199501991271973
1909,1240198,OV,2.586347,2.8036396503448486
1916,687983,SCLC,2.96394,2.7439351081848145
1259,905948,KIRC,3.253317,3.9880127906799316
1052,1298157,BRCA,3.041711,3.6653566360473633
1131,909754,UNCLASSIFIED,5.432402,5.830321788787842
1908,907057,LIHC,2.667561,0.5058069229125977
1922,1290730,BLCA,1.570703,1.6761329174041748
1068,688006,SCLC,2.758401,0.9449458122253418
1561,1298531,HNSC,1.451441,-0.650475800037384
1025,906851,BRCA,6.353378,5.803464889526367
1997,910549,ESCA,3.68606,3.3078792095184326
1933,1290908,LUAD,5.247689,5.07493257522583
1068,687562,GBM,-0.30942,0.2641160488128662
1561,1240192,SCLC,3.007943,3.2810349464416504
1996,909725,SKCM,4.641496,4.230395793914795
1625,910952,KIRC,4.306936,4.3880228996276855
1997,909738,LIHC,3.606083,3.8496766090393066
1786,908460,LUAD,6.446576,6.273958683013916
1561,905948,KIRC,2.925075,1.8907201290130615
1924,909732,UNCLASSIFIED,3.253859,4.18833589553833
1593,753600,LUAD,3.947056,4.35922384262085
1936,684062,UNCLASSIFIED,2.549711,3.177398681640625
1576,907000,UNCLASSIFIED,2.039354,1.6434845924377441
1598,905944,LUAD,3.357022,4.255246639251709
1093,753608,LUAD,5.058119,5.846734523773193
1621,1240132,MESO,5.90149,6.182949066162109
2169,905960,BRCA,3.366355,4.508859157562256
1940,753586,UNCLASSIFIED,4.569304,4.020412445068359
1180,909722,UNCLASSIFIED,-4.118263,-3.9141390323638916
1047,908152,MESO,5.217513,4.627854347229004
1913,908136,UNCLASSIFIED,3.560081,3.2954232692718506
1553,906847,UNCLASSIFIED,2.049296,2.801145076751709
1919,905967,LUAD,-1.37718,-1.532818078994751
1621,1327766,MM,4.229225,3.892636775970459
1613,1298218,PAAD,5.150011,4.871340751647949
1053,1298223,LUSC,3.350008,2.6254067420959473
1051,687980,SCLC,0.840304,0.22411984205245972
1855,905961,COREAD,6.249946,4.202070236206055
1996,753600,LUAD,2.127463,5.218205451965332
1622,1298537,LUAD,4.536323,4.333729267120361
1849,906831,UNCLASSIFIED,-2.06398,-2.0037055015563965
1928,1290807,UNCLASSIFIED,4.243192,4.621406555175781
1862,687985,SCLC,-2.027896,-1.0636587142944336
1049,910911,HNSC,4.927546,4.64663028717041
1621,930082,UNCLASSIFIED,4.033076,4.04759407043457
1034,1240200,OV,-2.923658,-2.886035203933716
1004,907276,STAD,-0.70795,-1.510565996170044
1091,949168,UNCLASSIFIED,2.326731,1.4618191719055176
2109,1299052,HNSC,2.489612,3.059129476547241
2096,1290455,LAML,-0.306519,-0.675706684589386
1941,907062,HNSC,-4.006693,-4.147511005401611
1168,906765,MM,2.715908,1.929821491241455
1529,1240187,LUAD,-0.382768,-0.39467722177505493
1012,924108,COREAD,0.819261,1.195289134979248
1622,908121,BRCA,3.806801,4.039517402648926
1849,1330947,LAML,-2.533106,-2.0938727855682373
1852,753565,SCLC,5.1706,3.977313756942749
1915,687448,SKCM,4.052425,4.480058193206787
1073,906805,LUAD,5.295702,6.438841342926025
1005,907313,GBM,4.736629,4.318333625793457
1179,1240199,OV,3.468912,3.2499470710754395
2045,687980,SCLC,4.442684,3.6741585731506348
1054,687459,BLCA,5.88615,5.879945755004883
1059,906862,BRCA,-1.091506,-1.8192312717437744
1615,909255,UNCLASSIFIED,3.468138,3.8192861080169678
1614,909707,UNCLASSIFIED,2.377227,2.267801284790039
1047,753608,LUAD,6.142221,6.5208635330200195
1862,687588,GBM,-1.907426,-1.6521086692810059
1085,906833,MB,2.271059,2.429819107055664
1529,1240169,GBM,-0.130813,1.55475652217865
1022,910849,UNCLASSIFIED,-0.629131,-0.4380865693092346
1629,905952,ALL,3.227065,2.816866636276245
1060,1290808,MESO,3.147688,2.8788466453552246
1088,1240210,UNCLASSIFIED,2.631747,2.5161309242248535
1005,909779,UNCLASSIFIED,3.497861,4.3035359382629395
2044,906870,LAML,5.300319,1.7927138805389404
1996,908441,,2.888072,3.0272507667541504
1564,1240135,MESO,2.500362,2.564753532409668
1060,905939,COREAD,-2.690403,-3.2359321117401123
1624,909785,UNCLASSIFIED,0.089318,0.30256175994873047
1375,907269,CLL,2.305037,3.068485736846924
1054,909777,UNCLASSIFIED,2.004444,0.8464835286140442
1924,909761,COREAD,2.163959,3.225289821624756
1854,749717,BRCA,5.480025,4.7216477394104
2043,1298216,PAAD,4.781768,5.683344841003418
1054,924100,PRAD,2.828738,2.976036787033081
1786,910937,SCLC,3.650248,2.3513083457946777
1259,1297446,ALL,0.878779,0.7497026920318604
1564,753547,SCLC,3.439971,2.934861421585083
1799,905965,UNCLASSIFIED,3.356277,2.9367270469665527
1910,949164,UNCLASSIFIED,-0.343972,-0.4780089259147644
1168,1331032,DLBC,3.082854,2.7889363765716553
1049,909744,ACC,3.775263,2.763394355773926
1005,909718,COREAD,-0.589043,1.0779043436050415
1007,906853,UNCLASSIFIED,0.344276,-1.692514419555664
1786,753600,LUAD,2.48787,2.184349298477173
1006,1298539,UNCLASSIFIED,4.700943,4.526070594787598
1618,908159,UNCLASSIFIED,2.092321,1.8656494617462158
1618,909974,KIRC,5.755682,5.557957649230957
1060,722046,LUAD,-2.280791,-2.9593100547790527
1629,910704,BRCA,5.036591,3.9402501583099365
1635,724839,CESC,6.850151,6.182851314544678
1068,946361,UNCLASSIFIED,1.954551,2.1076974868774414
1936,907790,COREAD,3.409797,2.380366325378418
1598,1240168,GBM,4.756288,4.088017463684082
1925,1240168,GBM,3.894813,4.366020202636719
2044,909746,COREAD,6.150419,4.932042121887207
1079,1290724,HNSC,-1.256271,-1.0828893184661865
1034,724855,UNCLASSIFIED,-3.037838,-1.1105098724365234
1852,687787,LUSC,5.698462,4.8924880027771
1629,908458,COREAD,4.753249,5.317422389984131
1930,1240172,BRCA,0.242428,1.0309823751449585
1620,906872,NB,6.23957,5.9528584480285645
1854,1660034,COREAD,3.808268,4.709896087646484
1168,688013,SCLC,1.227836,2.5318918228149414
1083,906863,HNSC,3.862745,2.652050733566284
1179,949168,UNCLASSIFIED,3.065123,1.8347153663635254
1005,909755,COREAD,5.677289,4.500641822814941
2044,908444,STAD,1.57096,3.388360023498535
1631,905973,UNCLASSIFIED,4.485689,3.004373788833618
1614,713899,SCLC,3.502172,3.1759629249572754
1928,909250,KIRC,6.261285,5.855451583862305
1511,1240124,COREAD,-1.919644,-1.7095677852630615
2109,909769,UNCLASSIFIED,4.959383,2.3223254680633545
1080,908473,LUAD,0.02236,-0.0028481483459472656
1003,1240219,PAAD,-2.251948,-1.169780969619751
1084,906820,NB,-3.878084,-1.675074577331543
1854,905934,PRAD,5.459137,6.396637916564941
1854,753623,ESCA,4.789311,4.660238265991211
1925,908483,SCLC,4.467532,4.0089030265808105
1598,1299052,HNSC,4.614719,3.6246321201324463
1613,905972,LUAD,4.896045,4.042604923248291
1558,909779,UNCLASSIFIED,2.522821,4.106447696685791
1022,909720,UNCLASSIFIED,1.202352,1.0067676305770874
1005,909249,MM,1.737571,1.67448890209198
1916,753572,PAAD,3.106979,3.331357717514038
1578,687562,GBM,4.4687,4.30921745300293
1940,906834,MB,3.701821,2.8693926334381104
1996,724868,LUAD,3.661441,4.133896827697754
1093,753600,LUAD,5.430958,5.169208526611328
1854,910915,PAAD,5.773101,5.748818397521973
1249,909703,ALL,1.99583,2.251777410507202
1617,909701,UNCLASSIFIED,0.676788,1.0688116550445557
1630,905952,ALL,2.652784,3.1269803047180176
2045,1290922,BRCA,5.925675,5.035613059997559
1049,1240210,UNCLASSIFIED,3.625924,2.225555419921875
1239,1299064,ESCA,1.410351,1.9491727352142334
1091,908473,LUAD,0.656392,1.897346019744873
1259,910932,SKCM,5.123236,4.832787990570068
1631,946360,OV,5.348585,5.4087605476379395
1083,908455,STAD,3.693707,2.674067258834839
1620,910942,UNCLASSIFIED,3.852187,3.476222038269043
1622,910947,LAML,2.716482,2.7020905017852783
1053,1298146,LIHC,5.393794,3.6229121685028076
1011,1299081,SKCM,3.710994,2.6911332607269287
1634,906814,SKCM,4.77962,4.144861698150635
2047,909253,LAML,0.015999,1.6756401062011719
1853,684072,UNCLASSIFIED,4.930743,4.283201217651367
1073,907290,UNCLASSIFIED,6.962384,5.835807800292969
1549,905955,SKCM,4.300596,4.786887168884277
1191,924187,UCEC,-4.71047,-4.063764572143555
1073,1298357,STAD,7.633137,6.762819290161133
1941,1290814,MESO,-0.521354,-3.651451826095581
2045,906869,STAD,5.454429,5.181944370269775
2043,1240146,LUAD,5.121608,5.985574722290039
2040,753576,ESCA,3.126223,2.7162024974823
1630,910943,GBM,4.977656,4.9322686195373535
1613,908159,UNCLASSIFIED,0.897952,0.6657721996307373
1085,909713,SKCM,2.268983,2.921999454498291
1034,1298365,OV,-2.988999,-3.7390758991241455
1080,724869,PAAD,-1.31863,-0.8188654780387878
1180,910695,UNCLASSIFIED,-1.336352,-0.5638261437416077
1053,1303897,DLBC,4.932775,5.443309307098389
1614,1295740,ALL,4.590244,3.7681806087493896
2111,909249,MM,1.473621,2.690258741378784
1873,1295741,MM,-0.752797,0.24932920932769775
1564,684057,UNCLASSIFIED,3.326388,3.410560369491577
1626,688021,SCLC,5.602884,4.663469314575195
2045,909731,UNCLASSIFIED,3.752911,3.9492173194885254
1512,905942,LUAD,5.28184,5.004283905029297
1917,753615,MM,4.164671,3.201824426651001
1630,1331048,DLBC,2.043782,1.9546635150909424
1936,724855,UNCLASSIFIED,4.037096,3.428525924682617
1563,910079,ESCA,5.605502,5.624969005584717
2045,909255,UNCLASSIFIED,4.582085,3.9903390407562256
1373,1240153,SKCM,-3.36223,-1.833599328994751
1917,1240201,PAAD,3.979601,2.6837379932403564
1559,1331040,UNCLASSIFIED,-3.563962,-4.275744438171387
1941,905968,OV,-4.00822,-4.827685356140137
1199,905957,BRCA,3.493294,3.125523805618286
1631,684072,UNCLASSIFIED,1.940205,2.6885673999786377
1996,907269,CLL,2.549355,3.163706064224243
2109,735784,ESCA,3.66456,4.2463765144348145
1912,907787,ALL,1.071346,2.7172696590423584
1512,907788,PRAD,4.99758,3.9710395336151123
1927,909704,BLCA,4.895263,4.218511581420898
1598,909904,PAAD,4.557773,4.60648250579834
1909,909781,KIRC,3.335281,3.608556032180786
1549,1298226,LUSC,2.080477,1.3404855728149414
1131,946382,BRCA,2.790454,3.9487597942352295
1561,905965,UNCLASSIFIED,1.423764,1.0544816255569458
1873,1240202,LUAD,1.501617,1.2250826358795166
1079,1303897,DLBC,3.122226,4.170607089996338
1618,1240140,UNCLASSIFIED,3.427072,2.8732478618621826
1259,905957,BRCA,4.335429,3.4216880798339844
1549,908445,STAD,5.656258,4.885684967041016
1941,906696,THCA,-4.265017,-5.219631195068359
2043,1331048,DLBC,4.231292,3.6898257732391357
1047,906865,SKCM,4.262024,3.385955572128296
1073,1298169,KIRC,4.947437,5.016191005706787
1190,713880,SCLC,-5.071554,-2.7093942165374756
1013,909753,OV,3.303188,3.466609001159668
1375,949090,OV,6.35355,6.175219535827637
1053,1299081,SKCM,2.824543,2.5291125774383545
1918,906870,LAML,-0.222278,1.2198878526687622
1054,905957,BRCA,4.010133,3.6731574535369873
2047,905942,LUAD,3.025822,2.409501075744629
1786,946357,UNCLASSIFIED,0.656996,1.6323729753494263
1051,1240121,HNSC,-2.47713,0.35128986835479736
1853,906873,GBM,4.377757,4.748702526092529
1924,1322218,UNCLASSIFIED,2.701606,2.19537353515625
1996,687983,SCLC,2.758394,2.983623504638672
1259,909754,UNCLASSIFIED,5.968485,5.949769973754883
1928,909975,UNCLASSIFIED,5.772672,5.067250728607178
1627,906863,HNSC,2.887433,2.530808210372925
1268,1298475,PAAD,4.203602,4.120827674865723
1510,908460,LUAD,5.89444,6.113962650299072
1563,907286,PAAD,5.618245,5.594301700592041
1089,910548,OV,3.526783,5.361721038818359
1559,907311,LCML,-4.084425,-4.0410237312316895
1239,1298134,CESC,0.933722,2.1558878421783447
1624,1240223,THCA,3.418198,3.4158408641815186
1190,753532,HNSC,-3.569069,-0.08655774593353271
1614,909755,COREAD,6.042034,5.617735385894775
1594,1290808,MESO,5.974016,4.832491397857666
1010,910781,UCEC,3.59076,3.4427542686462402
1093,907061,HNSC,4.407518,3.239511489868164
1615,688010,SCLC,4.738415,5.258420944213867
1093,1503368,ESCA,4.970907,4.448267936706543
1553,1247873,LUAD,3.622624,2.889878034591675
1079,906826,BRCA,0.874833,3.4652059078216553
1933,1240172,BRCA,5.839141,5.512980937957764
1926,930298,CESC,-0.4411,0.5574177503585815
1996,910704,BRCA,2.671209,4.170316696166992
1931,1247871,ALL,4.598297,4.112695693969727
1853,907285,PAAD,5.312314,4.77618932723999
1057,905974,SKCM,-2.978016,-3.262913465499878
1085,906795,THCA,3.50996,3.633256673812866
1873,906862,BRCA,-0.007215,0.4151467978954315
1022,1240153,SKCM,-0.788835,0.01940053701400757
1598,688014,SCLC,4.40514,4.389986038208008
1853,753584,BLCA,4.654393,4.971997261047363
1614,906830,SKCM,3.021999,4.777257442474365
1047,909769,UNCLASSIFIED,6.254209,5.839056491851807
1911,1298526,PAAD,-5.108707,-3.503826856613159
1046,1240166,UNCLASSIFIED,-0.474998,0.43884557485580444
1096,749714,BRCA,4.818961,4.1197991371154785
1372,907062,HNSC,0.829217,1.438946008682251
1919,687452,BLCA,0.522533,0.08997058868408203
1054,949172,NB,4.3379,3.638598918914795
1593,1240208,PAAD,3.701569,2.8433525562286377
1594,906696,THCA,4.305037,3.796855926513672
1199,1240131,MESO,5.038772,4.501175403594971
1079,753612,MM,2.777448,3.207880735397339
1010,753532,HNSC,2.387989,3.538382053375244
1631,1331049,UNCLASSIFIED,2.885272,1.8974947929382324
2111,925347,PAAD,6.723353,6.4720048904418945
2110,909702,ALL,2.71277,2.9628031253814697
1511,908459,UNCLASSIFIED,1.915989,1.3179844617843628
1034,905989,COREAD,-4.910237,-4.029228210449219
1617,905970,LUAD,4.263909,3.7233917713165283
1179,753539,UNCLASSIFIED,0.892645,-0.3397676348686218
1373,907064,UNCLASSIFIED,4.227137,3.5039193630218506
2044,1298350,LUAD,3.830779,2.897980213165283
1093,688006,SCLC,3.900927,3.5247747898101807
1199,925338,BRCA,4.84283,4.351466655731201
1624,905965,UNCLASSIFIED,0.337585,1.1823561191558838
1799,735784,ESCA,5.046471,4.612173557281494
1933,905979,KIRC,6.403328,6.3806633949279785
1926,687506,CESC,0.905094,0.34109413623809814
1931,1240121,HNSC,4.892492,5.006839752197266
2046,1297446,ALL,0.118746,0.4617154002189636
1919,1240154,THCA,1.412698,1.8160860538482666
1084,925340,STAD,-0.297303,-2.3585877418518066
1191,1240223,THCA,-2.266775,-2.5088558197021484
1925,905991,OV,4.912478,4.3798651695251465
1933,905939,COREAD,5.133473,5.786376953125
1047,1298526,PAAD,7.140043,6.51303768157959
2111,687819,LUAD,5.232358,5.353828430175781
1911,1298146,LIHC,-0.58459,-2.745908498764038
2111,1240226,SKCM,5.422755,4.529010772705078
1036,910691,UCEC,4.81274,4.884744644165039
1852,1240167,ESCA,4.5061,4.3306989669799805
1933,908460,LUAD,8.635665,8.309986114501953
1004,910926,BLCA,-6.33378,-5.261723518371582
1908,906872,NB,3.927987,2.0302867889404297
1853,907169,SKCM,3.225734,3.8703644275665283
1012,1290810,MESO,2.241364,2.6909921169281006
1512,1240193,SCLC,4.613488,3.8664119243621826
1510,688006,SCLC,3.819937,3.625351667404175
2107,1298475,PAAD,6.018714,6.061705112457275
1237,909707,UNCLASSIFIED,5.298467,5.380692005157471
1054,1298223,LUSC,4.389385,3.8657617568969727
1190,688027,SCLC,0.013884,-0.4483174681663513
1199,687562,GBM,2.683838,3.0560455322265625
1051,907055,STAD,-1.324722,1.1667392253875732
1199,1240202,LUAD,4.509618,4.192075252532959
1073,907172,SKCM,5.584529,5.084441184997559
1068,687787,LUSC,2.290524,1.2384940385818481
1930,908460,LUAD,5.21579,4.996510982513428
1259,906865,SKCM,3.02965,3.1735727787017822
1558,1240134,MESO,1.930795,2.103027105331421
1930,949153,ALL,-0.573557,-0.4297516942024231
1190,1290808,MESO,2.700372,2.815361976623535
1578,724855,UNCLASSIFIED,5.295521,5.415062427520752
1005,1331039,UNCLASSIFIED,1.123838,1.259039282798767
1621,687455,BLCA,3.994179,4.927863597869873
1239,688006,SCLC,2.501927,1.8167054653167725
1622,906793,SKCM,3.924799,4.130543231964111
1624,909731,UNCLASSIFIED,2.288723,2.9097959995269775
1618,906835,GBM,6.224038,5.824422359466553
1088,906855,LCML,0.481316,0.6883786916732788
1627,910569,COREAD,2.196513,2.325530529022217
1250,1330987,UNCLASSIFIED,-0.678513,-0.8550234436988831
1909,909779,UNCLASSIFIED,2.147597,1.314293622970581
1088,908130,UCEC,3.083931,4.895040512084961
1510,910781,UCEC,3.880449,4.549375534057617
1620,1674021,COREAD,6.188396,5.115789413452148
1910,1240219,PAAD,4.1579,3.7730977535247803
1093,909720,UNCLASSIFIED,4.354229,4.74949312210083
1933,910924,STAD,5.04413,5.339729309082031
1200,688010,SCLC,2.717187,2.7474329471588135
1873,905969,OV,1.281834,1.0264365673065186
1180,907058,SKCM,-2.662739,-2.6294748783111572
1852,688011,SCLC,3.909314,4.601936340332031
1049,1240153,SKCM,3.861629,4.054507732391357
1068,1240222,OV,0.456205,0.8864824175834656
1085,1240190,LUAD,3.203446,3.2230868339538574
1625,910919,DLBC,2.457386,2.4019217491149902
1180,907320,ESCA,-3.677925,-2.004962921142578
1941,688027,SCLC,-6.566238,-3.0261764526367188
1912,905965,UNCLASSIFIED,0.578992,1.2900869846343994
1200,735784,ESCA,4.002619,3.005993127822876
2048,1240166,UNCLASSIFIED,-5.007486,-4.525928020477295
2043,724868,LUAD,3.695152,4.772312641143799
1249,1290722,THCA,3.800817,3.6091508865356445
1013,722046,LUAD,2.327551,3.1963040828704834
1618,1290905,BRCA,5.811837,5.177934169769287
1617,753615,MM,1.300669,2.7432684898376465
1131,906805,LUAD,5.461535,3.4503777027130127
1917,924110,UNCLASSIFIED,2.306835,1.9561975002288818
1560,908142,UNCLASSIFIED,1.625714,1.5260379314422607
1933,688027,SCLC,3.677477,3.9154930114746094
1560,1297449,DLBC,2.859996,2.1249990463256836
1593,949094,GBM,3.198862,2.271376371383667
1561,908447,NB,1.751004,3.0790185928344727
1248,753572,PAAD,-4.260299,-4.121200084686279
1060,924100,PRAD,0.641888,1.1236813068389893
2044,722066,LUAD,3.362113,3.735060214996338
1093,905960,BRCA,4.281477,4.273766040802002
1046,687777,LUAD,5.450709,4.158565521240234
1549,1509073,KIRC,3.556844,3.940812587738037
1511,909718,COREAD,-1.364591,-2.081042528152466
1060,910924,STAD,0.04408,-0.5689294934272766
1786,907064,UNCLASSIFIED,2.228483,2.766416549682617
1049,1327775,MM,3.692189,3.41081166267395
1194,910569,COREAD,2.383712,0.45667189359664917
1131,1330993,PRAD,3.126553,4.365428924560547
1549,1330973,SCLC,5.755244,4.506418704986572
2043,907295,SCLC,4.69537,4.680112361907959
2044,907058,SKCM,2.385382,2.9081203937530518
1046,907169,SKCM,1.536918,1.9865381717681885
1249,908467,UNCLASSIFIED,2.801605,3.321694850921631
2040,1290795,UNCLASSIFIED,-0.106651,1.421851634979248
1003,1330931,LCML,-2.731621,-4.157200336456299
1191,907047,UNCLASSIFIED,-4.840627,-4.8590850830078125
1012,907051,UCEC,1.790803,2.6265006065368652
1512,910941,NB,5.25185,5.339901924133301
1373,907320,ESCA,5.6423,5.226630210876465
1922,906869,STAD,2.046294,1.9933888912200928
1563,909720,UNCLASSIFIED,5.233715,5.167730808258057
1034,724825,MM,-4.887193,-4.694119930267334
2111,908443,LUSC,3.988632,4.49027156829834
1918,1298219,UNCLASSIFIED,4.839402,3.997736692428589
1268,907269,CLL,3.416228,4.364702224731445
1910,687452,BLCA,2.631881,2.3987667560577393
1375,946359,BRCA,8.260509,7.8070855140686035
1005,908144,LGG,5.148468,5.445662498474121
1853,724859,LUAD,4.041734,5.003199100494385
1625,905958,ALL,4.909996,5.039434432983398
1631,924240,BRCA,2.726918,4.435280799865723
1372,909976,UNCLASSIFIED,2.08247,0.9485495090484619
1925,1299070,OV,3.96889,4.888064861297607
1259,1290814,MESO,5.388859,3.8499817848205566
1510,907061,HNSC,4.168567,4.053146839141846
1200,908444,STAD,2.403364,2.919978380203247
1862,753555,ESCA,-1.794178,-1.5893044471740723
1996,1240167,ESCA,3.692572,4.163761138916016
1576,753584,BLCA,2.894229,2.388906478881836
1564,908476,LUAD,0.686338,0.7155033946037292
1089,910689,COREAD,7.732721,8.091371536254883
1057,1240217,LIHC,-1.748752,-1.722559928894043
1615,1330941,BRCA,5.681832,5.589672088623047
2111,1298151,LIHC,4.214578,4.911684036254883
1511,910852,BRCA,0.529591,-0.8433352112770081
2110,1240159,LIHC,5.214093,5.164196014404297
1131,910944,ALL,2.594414,2.8236916065216064
1510,749714,BRCA,5.428731,4.512789726257324
1180,924244,LUAD,-2.232197,-3.073603630065918
1036,1298352,UNCLASSIFIED,8.345098,7.64013671875
1560,1240201,PAAD,5.326873,3.604893684387207
1622,688021,SCLC,4.435847,5.739985942840576
1634,1330950,MM,4.328039,4.31135892868042
1012,905933,OV,2.419501,2.107809066772461
1372,753566,BLCA,2.521118,2.343000650405884
1088,1240162,HNSC,2.562024,3.220940113067627
1910,908471,UNCLASSIFIED,2.177371,3.4202768802642822
1007,1240141,MESO,-2.392773,-1.8840258121490479
2044,687995,SCLC,2.262763,2.8585352897644043
1025,1660034,COREAD,5.248294,3.706228733062744
1626,949177,NB,1.768817,2.6006453037261963
1057,909779,UNCLASSIFIED,-2.048445,-1.8425405025482178
1248,946382,BRCA,-3.425445,-3.7029287815093994
1576,1509073,KIRC,3.085438,2.7812039852142334
1624,1240226,SKCM,3.325085,3.888490676879883
1129,907045,BRCA,4.619796,3.4382717609405518
1088,1290922,BRCA,3.993548,3.052170753479004
1068,1503371,ESCA,2.816122,1.672248363494873
1088,905935,PRAD,2.31772,2.888392210006714
1057,908446,STAD,-2.331882,-2.939849376678467
1012,906863,HNSC,2.141744,2.512463331222534
1010,909250,KIRC,4.390378,3.8104331493377686
1507,924105,UNCLASSIFIED,3.288161,4.298463344573975
1010,753547,SCLC,3.361229,2.7357065677642822
1068,949171,NB,1.952629,0.4519815444946289
1621,1290908,LUAD,3.449717,3.8338444232940674
1054,909737,LIHC,3.903458,3.704827308654785
1799,753600,LUAD,5.66726,4.69913911819458
1549,908141,LAML,3.6454,3.7897820472717285
1613,908131,UNCLASSIFIED,5.113956,4.133702278137207
1375,1299050,HNSC,5.748866,5.724410057067871
1908,687780,UNCLASSIFIED,2.792907,3.1550567150115967
1915,724825,MM,2.375614,1.950101613998413
1918,1503365,ESCA,3.559616,1.8378136157989502
1853,924105,UNCLASSIFIED,5.488069,4.2668962478637695
1939,908149,UNCLASSIFIED,3.6087,2.997957706451416
1930,687506,CESC,0.675907,0.40001165866851807
1179,1322212,SCLC,0.65852,0.4251650869846344
1939,1240132,MESO,6.226418,4.23746395111084
1911,1330973,SCLC,-0.690802,-1.6906936168670654
1915,1240197,OV,3.77286,4.6704888343811035
1635,909745,GBM,5.84005,5.302196979522705
1010,909753,OV,4.794241,5.339842796325684
1510,909977,UNCLASSIFIED,4.903703,4.432407855987549
2045,724834,LUAD,5.206336,5.684182643890381
1051,907173,MESO,2.382722,2.8860347270965576
2106,1330993,PRAD,3.055987,3.1914381980895996
1598,713880,SCLC,2.606826,3.2450032234191895
1200,925343,UNCLASSIFIED,3.178372,3.355217695236206
1558,1330942,LAML,3.80309,4.0262017250061035
1529,1298533,PAAD,0.227556,0.984611988067627
1634,909721,LUAD,6.31785,5.661775588989258
1996,1298476,PAAD,5.578359,6.133882999420166
1259,753563,MM,0.339555,-0.573008120059967
1004,1298218,PAAD,-1.592809,-1.1490147113800049
1511,1240186,SCLC,2.41244,1.290390968322754
1873,910903,SKCM,0.488585,0.5405060648918152
1239,905989,COREAD,0.878513,2.5491647720336914
1916,909781,KIRC,4.631022,4.9487080574035645
1085,910546,PAAD,3.195842,3.087303876876831
1629,688058,MESO,4.768392,5.834878921508789
1557,908440,NB,4.347732,4.639716148376465
1911,1330947,LAML,-8.452436,-7.1904096603393555
1057,905960,BRCA,-2.076579,-2.7087039947509766
1614,907314,NB,5.193039,3.62367582321167
1924,753583,HNSC,3.810545,4.346020698547363
1089,753556,LUSC,3.441458,3.5220158100128174
1915,907320,ESCA,0.197031,-0.0512201189994812
1862,910932,SKCM,-1.882101,-1.8356189727783203
2043,906790,STAD,4.925836,4.678210258483887
1924,688025,SCLC,3.908167,3.8678061962127686
1034,909778,BRCA,-2.277563,-2.62976336479187
1634,906696,THCA,3.643972,3.6000523567199707
1060,906763,ALL,-0.506167,0.020752668380737305
1911,908455,STAD,-4.887315,-5.174145698547363
1928,724879,LUSC,5.818182,4.869871139526367
1553,907065,BLCA,1.265114,2.1858932971954346
1915,949155,UNCLASSIFIED,2.48567,2.336092948913574
1930,930297,CESC,1.299154,1.5706300735473633
1909,1480362,OV,4.189076,3.158581256866455
1510,907285,PAAD,2.967335,3.1629624366760254
1073,1240129,OV,7.104364,6.936478137969971
1931,1240221,UNCLASSIFIED,4.679835,4.363686561584473
1060,1240155,STAD,0.195433,0.3697301745414734
1910,1240196,HNSC,4.938831,3.6698074340820312
1091,906877,ALL,0.261921,1.5783404111862183
1168,910936,HNSC,-1.430074,-0.661990225315094
1926,753589,SCLC,3.450944,2.5867161750793457
1511,753612,MM,1.135699,-0.25382405519485474
1054,684052,UNCLASSIFIED,2.233636,2.341481924057007
1079,907795,COREAD,2.088014,3.1232311725616455
1852,1299075,PRAD,5.719275,4.992033958435059
1614,1290922,BRCA,3.88785,3.2693583965301514
1022,1322218,UNCLASSIFIED,-1.318866,-1.1746351718902588
1917,1331032,DLBC,2.2235,2.8080122470855713
1089,687798,LUAD,4.837487,4.681602478027344
1624,1240181,NB,1.027749,1.0048792362213135
1239,1240127,UCEC,2.886154,3.792314291000366
1614,1299050,HNSC,3.951825,3.551084280014038
1933,1240186,SCLC,4.457807,5.922986030578613
1054,1240149,UNCLASSIFIED,2.21736,2.0984201431274414
1079,687812,LUAD,-1.687975,-0.0045430660247802734
1511,687995,SCLC,-2.416449,-1.2974603176116943
2045,1298476,PAAD,8.309232,7.1206231117248535
1631,908142,UNCLASSIFIED,0.672395,0.9004001617431641
2043,753592,LUAD,4.319144,4.357351303100586
1250,724831,UNCLASSIFIED,1.365237,1.2969326972961426
1168,910548,OV,3.054765,3.0033535957336426
1079,910937,SCLC,2.954719,3.243687868118286
1373,1240167,ESCA,5.172231,3.8894526958465576
1853,753575,ESCA,5.674943,5.618863105773926
2111,1503371,ESCA,5.093219,4.194713115692139
1626,1290722,THCA,2.047324,1.8325655460357666
1036,908143,UNCLASSIFIED,5.112014,4.83063268661499
1563,908142,UNCLASSIFIED,4.47868,4.097337245941162
1511,910935,DLBC,-4.121113,-3.8045341968536377
1630,910926,BLCA,2.922043,2.629589557647705
1561,1298529,HNSC,3.042003,2.369558334350586
1922,909759,UNCLASSIFIED,2.189923,1.7961978912353516
1930,909717,UNCLASSIFIED,0.095011,0.20471400022506714
1634,1299070,OV,3.537961,3.227461814880371
1557,910934,DLBC,4.356996,3.79611873626709
1549,1298350,LUAD,1.337327,0.3526466488838196
1249,906873,GBM,2.995997,2.7931666374206543
1089,905937,COREAD,2.161643,2.3100502490997314
1005,908474,UNCLASSIFIED,5.329051,2.604567050933838
1933,1240216,LIHC,4.763054,5.516386985778809
1620,1240130,SKCM,4.159219,4.263451099395752
2040,907287,COREAD,0.678663,0.7889220118522644
1910,687514,CESC,2.103416,2.1277239322662354
1855,1290807,UNCLASSIFIED,6.826302,6.286293983459473
1922,925346,PAAD,3.362534,2.5043601989746094
1200,1479987,OV,2.053366,2.6732022762298584
1259,909255,UNCLASSIFIED,2.058919,1.7877676486968994
1996,909721,LUAD,6.779268,5.542285919189453
2044,753575,ESCA,4.197467,5.326870441436768
1529,1290769,COREAD,2.519393,2.411020040512085
1549,753538,HNSC,0.006154,-0.011273980140686035
1561,753608,LUAD,2.207055,1.8183245658874512
1634,905975,SKCM,5.221212,4.267847061157227
1614,910546,PAAD,3.417492,4.405511856079102
1631,1330995,DLBC,4.583288,3.342301607131958
1268,907320,ESCA,5.003528,4.9347825050354
1012,1240218,PAAD,6.033335,3.882594108581543
1563,1240168,GBM,5.096962,5.505472183227539
1005,1240210,UNCLASSIFIED,3.708452,3.4531328678131104
1177,924238,THCA,3.026193,3.7639994621276855
1598,687561,GBM,3.566074,3.9848506450653076
1559,713899,SCLC,-0.305991,-1.521589994430542
1200,909702,ALL,0.499842,1.8216431140899658
1913,1290810,MESO,6.239029,5.893492698669434
1507,1240122,HNSC,5.177374,6.172069072723389
1511,908443,LUSC,0.89857,-1.0492496490478516
1558,909746,COREAD,3.150247,3.131822109222412
1635,1240217,LIHC,4.228312,5.079179763793945
1931,1330950,MM,4.394738,3.7516634464263916
1553,906838,UNCLASSIFIED,3.1726,1.8264148235321045
1051,688086,NB,-2.54506,-0.44033509492874146
1080,908460,LUAD,1.679558,1.8403713703155518
1191,1240226,SKCM,-5.204245,-4.542557716369629
1248,909780,BLCA,-6.068411,-4.183072566986084
1924,909755,COREAD,4.605532,4.6848063468933105
1931,753561,HNSC,5.289889,4.125810146331787
1507,909774,UNCLASSIFIED,6.414807,5.304497241973877
1239,949178,NB,1.210997,0.003712594509124756
1549,909264,UNCLASSIFIED,5.293195,4.534255504608154
1372,909721,LUAD,0.302654,-0.37049418687820435
1080,1303900,BRCA,-0.562589,-2.2398805618286133
1622,753592,LUAD,4.232342,3.484370231628418
1917,1303900,BRCA,3.816773,3.599029302597046
1931,907314,NB,5.86088,4.300313472747803
1622,949160,UNCLASSIFIED,4.053781,3.655087471008301
1179,909746,COREAD,1.981347,1.4056220054626465
1618,724859,LUAD,3.457336,4.320688724517822
2043,1503365,ESCA,6.81856,7.3870673179626465
1918,910952,KIRC,-0.633664,0.76900315284729
1239,907064,UNCLASSIFIED,1.509989,2.140871047973633
1012,908129,UCEC,3.161835,2.876131772994995
1924,906871,LGG,3.339833,3.077134370803833
1564,1240187,LUAD,2.204234,2.3718149662017822
1997,906865,SKCM,3.400509,3.098445415496826
1620,1290813,MESO,4.56323,5.432301044464111
1190,906863,HNSC,-3.729282,-2.6948413848876953
1032,1298216,PAAD,2.149027,2.648005962371826
1013,910691,UCEC,2.419823,3.588742733001709
1916,1298216,PAAD,4.595392,4.410711288452148
1080,907291,COREAD,-4.80818,-3.964646577835083
1630,908151,BRCA,4.488501,4.0532684326171875
1559,753618,NB,-1.544012,-2.7513840198516846
1190,909719,LIHC,1.21178,-0.9629111886024475
1622,688011,SCLC,5.326862,4.172971725463867
1561,924105,UNCLASSIFIED,-1.202055,-1.3692781925201416
1852,1240158,LIHC,5.823762,5.663211822509766
1199,905968,OV,2.709696,3.0764670372009277
1051,946382,BRCA,3.675519,3.403566360473633
1237,1240157,LIHC,6.232116,5.263463020324707
2043,753623,ESCA,4.27068,4.621581077575684
1177,910851,UNCLASSIFIED,4.638282,4.806202411651611
1091,909723,SKCM,5.526929,4.3086934089660645
1131,1503364,STAD,6.310301,4.156867504119873
2043,687780,UNCLASSIFIED,6.10999,4.825163841247559
1068,908127,UNCLASSIFIED,1.644491,0.8241369724273682
2109,908148,LAML,1.067172,1.4955124855041504
1854,907072,UNCLASSIFIED,4.672066,3.8725428581237793
1049,906821,PAAD,4.75796,4.327394008636475
1910,910937,SCLC,0.068197,-0.3231578469276428
1618,908123,BRCA,2.418085,2.231329917907715
1088,909749,BLCA,4.665315,4.025458812713623
1625,949178,NB,4.592598,4.102741718292236
1005,687777,LUAD,5.775381,4.836320400238037
1512,924105,UNCLASSIFIED,4.571679,5.539159297943115
1032,753610,SCLC,1.701302,1.8162877559661865
1250,908139,STAD,2.921294,2.600574016571045
1911,910546,PAAD,-5.016534,-6.031108856201172
1627,908476,LUAD,2.924429,2.5952296257019043
1853,1240136,MESO,4.306657,4.791223526000977
1630,1298352,UNCLASSIFIED,8.272922,7.93849515914917
1912,910900,LUAD,4.20722,3.8486993312835693
1852,949177,NB,3.601893,3.9449267387390137
1561,1247871,ALL,3.475764,3.628511905670166
2040,687780,UNCLASSIFIED,0.624888,1.4778993129730225
1012,1240122,HNSC,0.412218,2.0854082107543945
1057,909745,GBM,-3.2772,-3.396672487258911
1615,909709,HNSC,4.169251,4.770172119140625
1036,908131,UNCLASSIFIED,4.991165,4.882452964782715
1012,910695,UNCLASSIFIED,1.28811,1.8316586017608643
1085,1240189,SCLC,1.522183,1.1675984859466553
2106,905973,UNCLASSIFIED,3.673986,2.6677935123443604
1932,753532,HNSC,-0.19102,0.8947359323501587
1561,753620,NB,1.853809,3.373573064804077
1593,905971,COREAD,1.546337,1.8008127212524414
1060,688023,SCLC,1.224331,0.3580038845539093
1131,687600,UNCLASSIFIED,4.371679,5.492604732513428
1083,753552,BLCA,3.404121,2.9083621501922607
1557,910933,GBM,4.64654,3.5961217880249023
1011,753583,HNSC,2.229912,1.8222439289093018
1561,909781,KIRC,6.496064,5.833205223083496
1084,907271,LGG,-2.920276,-2.0453758239746094
1927,909699,UNCLASSIFIED,6.871444,5.617284297943115
1022,906798,BLCA,0.524482,0.09214568138122559
1549,687807,LUAD,4.139211,4.868856430053711
2040,1240183,LUSC,1.892511,1.3502004146575928
1924,909703,ALL,2.523953,2.89361834526062
1250,753584,BLCA,1.483388,2.143254280090332
2046,907065,BLCA,5.154049,4.692533493041992
1058,908145,LGG,0.554387,0.48601579666137695
1576,1290807,UNCLASSIFIED,3.681316,4.073338985443115
1622,906851,BRCA,3.433447,3.7112722396850586
1010,908472,LUAD,3.305469,2.6625943183898926
1003,905937,COREAD,-2.869888,-2.9234626293182373
1635,907269,CLL,4.614121,4.021939754486084
1862,946382,BRCA,-1.379262,-1.8056085109710693
1085,906805,LUAD,1.411202,2.823493003845215
1060,1327766,MM,-0.523715,-0.2832403779029846
1873,909770,STAD,1.067257,0.4785420000553131
1578,1331048,DLBC,2.577869,3.4524550437927246
1561,1327769,DLBC,2.722385,2.8204498291015625
1913,907287,COREAD,4.804639,5.007443428039551
1930,909781,KIRC,5.021386,3.7175731658935547
1011,909744,ACC,2.047286,2.605708122253418
1931,910703,UNCLASSIFIED,2.233245,4.566255569458008
1578,906821,PAAD,5.13886,5.09373664855957
1190,907000,UNCLASSIFIED,-3.681984,-4.622559547424316
1237,909738,LIHC,5.561257,5.317410945892334
1553,910706,UNCLASSIFIED,2.141822,1.5755372047424316
1926,1240166,UNCLASSIFIED,-0.385445,-0.32584530115127563
1058,906862,BRCA,-0.541485,-0.23428493738174438
1940,1240212,CESC,3.344406,3.5735297203063965
1046,753565,SCLC,0.595407,0.12120699882507324
1939,924240,BRCA,1.789827,2.1368021965026855
1046,1327769,DLBC,0.125408,0.09473395347595215
2106,906824,CESC,1.156308,2.5973143577575684
1941,1290722,THCA,-4.845887,-4.473143577575684
2044,753563,MM,2.611661,1.7661824226379395
1022,1327773,DLBC,-2.441498,-1.394836187362671
1036,688086,NB,4.024363,4.098794937133789
1054,949161,UNCLASSIFIED,2.439653,2.33520245552063
1047,687588,GBM,5.702531,4.786559104919434
1622,910952,KIRC,5.283968,4.185302734375
1629,909736,LIHC,6.126002,5.240284442901611
1862,910911,HNSC,-1.906668,-1.493396520614624
1073,910952,KIRC,2.80974,3.543962001800537
1239,724863,UNCLASSIFIED,1.769343,1.9064929485321045
1576,924187,UCEC,4.178833,3.76629900932312
1557,910911,HNSC,5.127062,5.442601203918457
1073,687985,SCLC,5.683339,4.618663311004639
1003,753551,SCLC,-4.347583,-3.445604085922241
1563,1290809,MESO,6.721648,6.605698108673096
1510,717431,NB,2.852674,1.772902011871338
1559,749714,BRCA,-2.241673,-0.20018529891967773
1873,687985,SCLC,0.240648,0.36934226751327515
1239,907274,DLBC,2.760168,1.6183555126190186
1179,909785,UNCLASSIFIED,-0.910671,-1.3166544437408447
2043,1240197,OV,5.489844,5.771277904510498
1621,907058,SKCM,3.425944,4.035658836364746
1088,909262,UNCLASSIFIED,0.236012,0.134502112865448
1557,907069,UNCLASSIFIED,4.375568,5.195863723754883
2111,910779,UNCLASSIFIED,5.910738,5.1581525802612305
1613,907790,COREAD,2.868724,1.9261670112609863
2047,905969,OV,1.953933,2.0463719367980957
1512,905969,OV,6.889457,6.198122978210449
1190,1298226,LUSC,-0.028696,-1.143897533416748
1630,1240158,LIHC,2.378058,3.547166109085083
1618,1298359,ESCA,3.880771,4.406594276428223
1564,907056,UNCLASSIFIED,5.03399,4.795632839202881
1032,909785,UNCLASSIFIED,-0.199724,-0.2206742763519287
1941,1298226,LUSC,-4.249766,-4.974229335784912
1996,907320,ESCA,4.477107,4.360458850860596
1091,949172,NB,-1.429595,-0.9522694945335388
1593,910915,PAAD,4.922554,5.402884483337402
1051,749709,BRCA,4.500316,4.079172611236572
1996,998184,ALL,1.426106,2.366408109664917
1927,907281,MM,4.362101,3.7009646892547607
1997,924100,PRAD,4.335838,4.868315696716309
1928,1240181,NB,3.395019,2.9172327518463135
1916,910920,KIRC,3.433548,3.5034000873565674
2110,1674021,COREAD,4.607687,4.384555339813232
1375,907057,LIHC,5.412622,5.13209342956543
2107,909704,BLCA,5.277657,5.590648174285889
1926,906864,THCA,1.375446,0.9257922768592834
1005,1298151,LIHC,5.279375,4.50100564956665
1559,1240184,UNCLASSIFIED,-4.055323,-2.9556477069854736
1916,908475,LUAD,2.198513,2.59808611869812
1634,907268,UNCLASSIFIED,3.137384,3.561516523361206
1786,905989,COREAD,-1.618393,2.34348464012146
1925,924105,UNCLASSIFIED,5.065236,5.121077537536621
1932,907170,NB,1.821571,2.1260111331939697
2047,925345,UNCLASSIFIED,2.928314,2.931631565093994
1560,905964,MM,3.459587,2.5879154205322266
1630,907300,LAML,3.164862,3.007476806640625
1375,1290765,UNCLASSIFIED,6.571652,5.465256690979004
1635,1240185,LUAD,6.062196,5.427374362945557
1634,909754,UNCLASSIFIED,5.868073,5.598388671875
1634,1298358,STAD,4.434719,4.794064044952393
2046,907061,HNSC,2.557717,3.4514236450195312
1563,1503371,ESCA,5.213111,4.7188215255737305
1190,909728,LUSC,-0.904876,0.05579876899719238
1908,687798,LUAD,2.752074,3.675583839416504
1047,1298146,LIHC,6.35214,5.626573085784912
1908,909703,ALL,2.608686,2.3258142471313477
1011,687820,LUAD,2.876982,2.386892080307007
1003,1298529,HNSC,-1.922629,-1.9307515621185303
1622,910922,KIRC,4.075539,4.914221286773682
1051,907169,SKCM,3.871069,3.28296160697937
1237,906861,UNCLASSIFIED,5.516382,4.725765705108643
1912,687829,UNCLASSIFIED,4.199272,4.2446513175964355
1191,909256,BRCA,-5.729105,-6.134009838104248
1853,1298352,UNCLASSIFIED,6.101802,7.962666034698486
1908,907796,UNCLASSIFIED,2.517127,2.5459060668945312
1939,688013,SCLC,1.151555,1.300126314163208
1177,906853,UNCLASSIFIED,6.694209,6.182490348815918
1925,1331048,DLBC,4.0889,3.6726760864257812
1564,910694,GBM,4.794404,4.884222507476807
1012,930299,THCA,1.753067,3.590571403503418
1073,905978,KIRC,5.805034,5.68453311920166
1168,1240145,LUAD,3.64882,3.0451738834381104
1933,713899,SCLC,2.885803,3.4607577323913574
2110,749714,BRCA,5.630582,4.883463382720947
1627,909904,PAAD,3.590406,3.7702255249023438
1931,909770,STAD,5.360366,4.8928751945495605
1005,911905,OV,7.971887,6.216370105743408
1047,753541,HNSC,4.636753,5.9241228103637695
1373,1240185,LUAD,5.255263,4.853836536407471
1924,687506,CESC,4.113509,4.019705772399902
1036,909776,UNCLASSIFIED,6.035013,5.233267307281494
1034,1303897,DLBC,-2.325524,-2.256444215774536
1576,909720,UNCLASSIFIED,2.265153,2.456554889678955
1046,1240181,NB,-0.16154,1.2526754140853882
2045,905971,COREAD,4.725866,4.696892261505127
1930,910934,DLBC,-1.039109,-0.9266251921653748
1091,1290813,MESO,0.798478,0.6040912866592407
1908,949167,UNCLASSIFIED,3.470815,3.2671244144439697
1936,907271,LGG,3.786733,4.5109686851501465
1622,909745,GBM,5.009306,5.069372653961182
1625,924238,THCA,4.0426,3.8455512523651123
1852,908141,LAML,4.315558,3.8192214965820312
1561,909722,UNCLASSIFIED,1.295768,0.8151735663414001
2046,1290813,MESO,2.290708,3.0297021865844727
1046,907787,ALL,1.210923,0.6754204034805298
1576,924239,MM,0.597755,1.2286293506622314
1168,906793,SKCM,3.067472,2.9447338581085205
1630,908143,UNCLASSIFIED,5.141392,4.24115514755249
1911,908143,UNCLASSIFIED,-7.047198,-5.758972644805908
1624,909745,GBM,3.909667,3.769747734069824
1625,1240146,LUAD,6.266363,5.653619766235352
1057,1331048,DLBC,-2.678551,-1.7021851539611816
1626,906863,HNSC,1.280799,1.2462668418884277
1622,1303900,BRCA,3.562821,4.020554542541504
1510,909745,GBM,5.118182,4.605895519256592
1003,908127,UNCLASSIFIED,-2.734509,-2.5472490787506104
1560,909770,STAD,2.926212,4.156315326690674
1931,906870,LAML,4.414426,3.2707302570343018
1010,924244,LUAD,2.598842,2.383807420730591
1614,924240,BRCA,3.040043,4.365016937255859
1003,905968,OV,-2.717918,-3.2253267765045166
1049,1290724,HNSC,3.667131,3.596560478210449
1199,1240218,PAAD,5.270377,5.238269805908203
1089,910932,SKCM,2.523914,3.9414494037628174
1036,908476,LUAD,4.767891,4.8256635665893555
1060,1240216,LIHC,1.027939,2.1386804580688477
1786,1503367,ESCA,3.633155,3.2030436992645264
1511,907062,HNSC,-1.07134,-1.0827085971832275
1091,917486,COREAD,2.027461,2.2190637588500977
1634,1290807,UNCLASSIFIED,3.823327,4.922242164611816
1032,908462,MESO,1.156268,2.3969004154205322
1928,905986,GBM,5.815822,5.194555759429932
1054,753555,ESCA,4.993982,2.5000829696655273
1560,1240141,MESO,6.015909,5.145835876464844
1560,905956,SKCM,4.626709,4.6350297927856445
1553,946357,UNCLASSIFIED,3.261156,3.1626040935516357
1190,907277,ALL,-4.80849,-3.6910336017608643
1627,724879,LUSC,3.627929,3.5988802909851074
1006,905937,COREAD,0.805468,0.8087875247001648
1091,907055,STAD,1.449391,1.0767366886138916
1549,688014,SCLC,5.531643,4.651341915130615
1853,1298359,ESCA,4.32959,4.470171928405762
1576,1290722,THCA,3.022563,2.976447343826294
1003,907042,LGG,-4.847862,-4.267836570739746
1529,753594,SCLC,-0.497442,0.021456658840179443
1036,907273,UNCLASSIFIED,2.622289,3.1743900775909424
1593,907057,LIHC,2.866203,3.729724884033203
2110,908148,LAML,3.763997,3.0498151779174805
1006,930299,THCA,4.143025,4.246802806854248
2109,1240166,UNCLASSIFIED,1.178899,1.5495649576187134
1915,998184,ALL,2.058917,2.292009115219116
1615,909708,HNSC,3.769361,3.8826375007629395
1854,907300,LAML,3.320654,3.3090243339538574
1032,910948,BRCA,3.117772,3.005305290222168
1036,753624,PAAD,5.44011,5.12401819229126
1630,908130,UCEC,5.178315,4.569652080535889
1558,907050,UNCLASSIFIED,6.029487,6.399150848388672
1598,909759,UNCLASSIFIED,5.762399,5.108302593231201
1854,1298537,LUAD,5.851922,4.56964111328125
1079,713899,SCLC,3.630144,3.101719379425049
1911,908474,UNCLASSIFIED,-4.282444,-5.088874340057373
1910,909750,LGG,1.587005,1.820251703262329
2043,1240160,LIHC,6.346963,5.166051387786865
1046,688001,SCLC,-0.131096,0.09261077642440796
1576,906763,ALL,1.12294,1.9176537990570068
1036,753547,SCLC,4.1654,3.933084487915039
1617,949160,UNCLASSIFIED,1.385723,1.0269131660461426
1853,713869,LUAD,3.247134,4.5155110359191895
1928,1290798,BRCA,5.333708,5.393477439880371
1627,1240147,LIHC,2.069696,2.138218879699707
1634,713880,SCLC,2.559493,3.1321210861206055
1054,907792,COREAD,5.273687,4.699513912200928
1060,906765,MM,-0.346271,-0.3562806248664856
1006,753552,BLCA,1.027337,0.1895064115524292
1089,1503362,ESCA,3.936043,3.6148979663848877
2040,1240141,MESO,3.367777,2.542156934738159
1614,1240216,LIHC,4.035582,5.327789306640625
2044,907069,UNCLASSIFIED,4.491581,3.0268499851226807
1622,1290905,BRCA,5.568048,5.399847030639648
1375,907060,UNCLASSIFIED,5.314145,5.172169208526611
1614,1240124,COREAD,4.338486,3.087899923324585
1634,688014,SCLC,4.247082,4.63893461227417
1853,1674021,COREAD,5.815554,4.981208801269531
1549,907279,LGG,5.318147,5.778274059295654
1089,909721,LUAD,5.801557,5.542695999145508
1561,684052,UNCLASSIFIED,1.594148,1.979379653930664
1049,1331032,DLBC,3.507887,3.7696523666381836
1191,910702,PAAD,1.261405,-1.555896520614624
1054,909785,UNCLASSIFIED,0.10964,0.6127459406852722
1918,1298223,LUSC,4.005826,3.8410284519195557
1011,908473,LUAD,4.517556,3.9904091358184814
1936,910935,DLBC,0.936094,1.486614465713501
1922,1240141,MESO,3.351052,3.4567155838012695
1873,1240219,PAAD,2.275883,1.8472506999969482
1093,946370,GBM,4.748853,4.810179710388184
1564,905976,SKCM,-1.445398,-1.5805315971374512
1032,688006,SCLC,2.03659,2.7485733032226562
1924,909976,UNCLASSIFIED,3.189694,3.3445446491241455
1615,753563,MM,3.936489,3.7882533073425293
1627,908147,ALL,1.072798,1.512641429901123
1046,1299050,HNSC,3.989317,4.043245792388916
1928,924102,THCA,4.403261,4.139413833618164
1635,1298357,STAD,6.540988,6.566096305847168
2043,753585,KIRC,5.048752,5.036403179168701
1631,907300,LAML,1.026719,0.9657655358314514
1627,753555,ESCA,2.156612,2.589833974838257
1054,909709,HNSC,5.014528,4.265618801116943
1053,910915,PAAD,5.137392,4.63146448135376
1250,910780,NB,-0.263172,0.7821238040924072
1854,906847,UNCLASSIFIED,4.844839,4.19142484664917
1549,753616,NB,5.173338,4.618107795715332
1259,1240158,LIHC,3.323585,3.614180564880371
1786,909257,OV,3.217594,3.490438222885132
1928,1299078,SKCM,4.119413,4.5275726318359375
1912,910903,SKCM,1.698661,1.8258228302001953
1012,688026,SCLC,0.329591,0.7685400247573853
1036,1240210,UNCLASSIFIED,3.83901,4.465487957000732
1250,910943,GBM,1.082641,1.3536193370819092
1799,1299080,SKCM,-0.607208,5.114377975463867
1928,724870,PAAD,3.205031,3.7329320907592773
1924,717431,NB,3.741774,3.423917531967163
1873,946359,BRCA,2.180279,1.1368029117584229
2045,909779,UNCLASSIFIED,5.363645,5.317740440368652
1594,909722,UNCLASSIFIED,4.342643,3.7191598415374756
1912,924244,LUAD,1.04883,0.8527843356132507
1625,908122,BRCA,3.560125,4.519485950469971
2107,907062,HNSC,4.880045,5.19312858581543
1799,1290922,BRCA,2.38137,1.759643316268921
1629,907792,COREAD,6.370413,6.1093926429748535
1034,949160,UNCLASSIFIED,-1.601801,-2.999502658843994
1131,998184,ALL,3.00123,2.2513363361358643
1561,688021,SCLC,3.433142,3.284343719482422
1996,1290814,MESO,4.076582,5.776036262512207
1093,1480372,OV,4.681699,5.242213249206543
1631,909738,LIHC,3.128615,3.0556845664978027
1622,906693,PAAD,3.331571,3.829076051712036
1917,1659928,COREAD,2.49023,0.7888293862342834
1635,1240143,LUSC,5.900987,5.503819942474365
1912,753556,LUSC,1.074837,0.856664776802063
2107,1240223,THCA,6.158249,6.948984146118164
1073,907169,SKCM,5.850272,5.576029300689697
1179,906877,ALL,-0.317966,-0.377871572971344
2045,907298,UNCLASSIFIED,4.51809,3.692385196685791
1057,905955,SKCM,0.317126,-1.476703405380249
1083,908138,UNCLASSIFIED,3.440045,4.152639865875244
1634,1327766,MM,3.476932,3.7981441020965576
2107,1240216,LIHC,5.737151,5.828631401062012
1613,1240209,STAD,3.092119,4.948153495788574
1058,1330942,LAML,3.519757,3.9079253673553467
1913,908467,UNCLASSIFIED,3.762572,3.266479969024658
1036,1303912,UNCLASSIFIED,2.843243,4.444675445556641
2110,1240190,LUAD,4.142227,5.46384334564209
1936,1240122,HNSC,3.290938,3.6113853454589844
1617,1327771,LCML,-3.419208,0.6186245679855347
1054,906872,NB,3.130052,2.8289005756378174
1179,906833,MB,-0.746583,-0.3368852734565735
1853,930298,CESC,3.873546,5.3601179122924805
1013,905934,PRAD,5.685459,4.649414539337158
1593,1303912,UNCLASSIFIED,1.64444,2.8711678981781006
1199,905976,SKCM,3.906533,3.815768003463745
1911,905934,PRAD,-2.990555,-2.691495180130005
1053,753554,LUSC,1.866394,2.584244728088379
1939,907062,HNSC,1.662512,2.954253911972046
1910,909732,UNCLASSIFIED,3.141608,2.5956873893737793
2111,687787,LUSC,4.912821,4.646533489227295
1054,1240158,LIHC,4.163604,4.516183376312256
1911,909250,KIRC,-3.335457,-2.471684455871582
1080,946357,UNCLASSIFIED,-5.647269,-4.278649806976318
1908,910903,SKCM,2.295696,1.9433093070983887
1912,907042,LGG,1.889832,1.6868116855621338
1512,906800,UNCLASSIFIED,3.438652,3.840768814086914
1050,906851,BRCA,3.712114,3.2420735359191895
1003,909748,COREAD,-2.143157,-0.9526700377464294
1084,1240127,UCEC,-1.798865,-0.732574999332428
1006,906862,BRCA,1.381874,1.992278814315796
1852,1298526,PAAD,6.104249,6.227487087249756
1617,907058,SKCM,1.815003,2.3823139667510986
1553,1290810,MESO,3.416058,3.0110116004943848
1925,910781,UCEC,5.218648,5.113781452178955
2096,687820,LUAD,4.706627,5.025572299957275
1375,724855,UNCLASSIFIED,7.454389,7.019533157348633
1190,930298,CESC,2.699373,-0.2819942831993103
1529,907055,STAD,-1.551226,-0.43967539072036743
1915,924108,COREAD,2.41923,1.941056251525879
1190,906801,BRCA,2.930021,0.6381633281707764
1559,1240222,OV,-3.700367,-2.6654560565948486
1928,910942,UNCLASSIFIED,4.086004,2.969727039337158
1622,1330950,MM,4.09431,4.279463768005371
1068,753589,SCLC,3.722382,2.458268642425537
1626,910935,DLBC,-2.047671,-1.3801114559173584
1091,1295741,MM,-0.373401,0.8791956305503845
1933,909252,ALL,2.562963,2.913268804550171
1054,924151,THCA,3.01804,2.976297616958618
1925,909696,UNCLASSIFIED,4.134424,4.012173652648926
1799,907050,UNCLASSIFIED,6.098896,7.257437229156494
2045,909708,HNSC,4.181893,4.4493184089660645
1849,908151,BRCA,-1.376374,-1.7646636962890625
1931,909756,UNCLASSIFIED,6.065276,6.175671100616455
1926,688006,SCLC,2.889562,1.4152209758758545
1054,910900,LUAD,5.01662,3.819084882736206
1913,753563,MM,4.050631,3.5344502925872803
1250,1240167,ESCA,0.203947,1.1572396755218506
1057,907173,MESO,-0.744059,-0.9570229649543762
1564,687506,CESC,2.423555,1.6447513103485107
1593,910850,LIHC,2.339548,5.050935745239258
1630,905984,LGG,1.902443,2.411571502685547
1922,1290813,MESO,-0.193964,0.810829758644104
1375,910784,UNCLASSIFIED,7.166744,6.790586471557617
1917,949157,UNCLASSIFIED,2.514833,2.3233773708343506
1013,906851,BRCA,3.060762,3.226731538772583
1012,1298218,PAAD,2.434043,2.927612543106079
1849,946368,GBM,0.170654,-0.7311099171638489
1180,1297447,MM,-2.875488,-3.3697621822357178
1177,1299050,HNSC,4.599917,4.755569934844971
1624,1299075,PRAD,1.730754,1.850938320159912
1004,1331032,DLBC,-5.964125,-4.987909317016602
1563,907069,UNCLASSIFIED,5.830875,5.7998809814453125
1927,1298539,UNCLASSIFIED,6.426222,5.8419189453125
1624,687777,LUAD,4.060343,2.9840855598449707
1003,1240144,UNCLASSIFIED,-3.501132,-2.908773422241211
1022,910710,LCML,-1.574602,-2.3287923336029053
1268,909974,KIRC,6.103981,5.340097427368164
1375,1298136,PAAD,7.883995,7.497718334197998
1873,949168,UNCLASSIFIED,0.758777,1.3219220638275146
1853,907048,BRCA,3.239501,3.376927614212036
1557,687816,LUAD,3.771158,5.445221424102783
1036,1297449,DLBC,4.544985,3.1872544288635254
1131,925347,PAAD,4.323753,6.46883487701416
2043,1330985,LAML,3.387051,3.4182777404785156
1939,687588,GBM,4.160299,3.0346415042877197
1025,909748,COREAD,5.189849,4.844995498657227
2043,909780,BLCA,4.406431,4.726747989654541
1549,1240149,UNCLASSIFIED,3.468342,3.551016330718994
1627,1240143,LUSC,3.663291,3.150724411010742
2109,684062,UNCLASSIFIED,2.439292,1.8029680252075195
1083,1240198,OV,4.681849,4.173171043395996
1005,907050,UNCLASSIFIED,6.157807,7.182877063751221
1931,910944,ALL,3.707264,2.571896553039551
1909,1331037,DLBC,-0.738538,-1.1950125694274902
1036,910944,ALL,2.382856,3.7084710597991943
1191,906831,UNCLASSIFIED,-5.229645,-5.049671173095703
1909,753547,SCLC,2.29154,1.670006275177002
1849,1290769,COREAD,0.578291,0.5245815515518188
1557,1297447,MM,5.125229,4.291689395904541
1239,1240141,MESO,5.615106,6.419859409332275
1617,909704,BLCA,1.749628,2.2263758182525635
1625,910569,COREAD,4.64659,4.486209392547607
1190,907320,ESCA,2.919191,-0.33957284688949585
1051,906801,BRCA,2.450158,3.356013298034668
1613,908455,STAD,3.623412,4.160038471221924
1855,924104,THCA,6.536393,5.162100315093994
1941,905952,ALL,-3.526706,-3.7335588932037354
1373,906765,MM,3.9736,3.9244449138641357
1259,910919,DLBC,2.990545,0.9341440200805664
1559,924187,UCEC,0.205471,-1.246288776397705
1933,906824,CESC,5.669382,5.36763334274292
1239,924110,UNCLASSIFIED,0.847736,1.6961781978607178
2111,1298157,BRCA,4.056456,4.362183570861816
1511,910948,BRCA,2.274333,1.0389853715896606
1091,906804,UNCLASSIFIED,1.358592,0.716524064540863
2045,1240127,UCEC,5.16682,5.185633182525635
1618,910705,UNCLASSIFIED,2.421511,2.9429290294647217
1191,1240142,LUSC,-5.419484,-4.944213390350342
1615,909779,UNCLASSIFIED,5.685921,5.0083909034729
1621,1330983,LAML,4.031467,4.258153438568115
1620,1240132,MESO,5.957503,5.748478412628174
1917,906856,UNCLASSIFIED,0.158226,0.38897258043289185
1549,905978,KIRC,4.060704,4.434944152832031
1558,907271,LGG,3.975353,3.349668502807617
1576,909754,UNCLASSIFIED,4.427279,4.416751384735107
1626,909774,UNCLASSIFIED,3.353,2.883267879486084
1617,724878,LUAD,6.996204,4.910521507263184
1022,930298,CESC,0.915333,0.5278481245040894
1021,905945,BRCA,3.163802,3.733135461807251
1054,1240162,HNSC,5.097723,4.321801662445068
2096,905973,UNCLASSIFIED,2.819828,3.647157907485962
1593,1240168,GBM,3.085608,2.374399185180664
1617,1298359,ESCA,1.871343,3.2412655353546143
1932,905945,BRCA,2.675071,3.0226500034332275
2111,1298365,OV,5.056509,3.291527271270752
1614,907321,ESCA,1.944157,2.9911882877349854
1051,905975,SKCM,2.500609,2.093657970428467
1627,924104,THCA,3.496095,2.9662184715270996
1873,924105,UNCLASSIFIED,0.197045,0.2830273509025574
1917,1240219,PAAD,2.821303,2.725377082824707
1047,909257,OV,4.927397,3.9531116485595703
2046,906794,UNCLASSIFIED,4.022794,3.0799496173858643
1089,724831,UNCLASSIFIED,3.091657,4.187406063079834
1010,907172,SKCM,4.419901,4.018230438232422
1200,687562,GBM,1.694775,2.23154354095459
1200,1240121,HNSC,2.370449,2.8382341861724854
1003,910934,DLBC,-4.339042,-4.158763408660889
1047,687780,UNCLASSIFIED,5.095357,5.492486476898193
1089,687802,LUAD,5.93116,5.934498310089111
1012,909262,UNCLASSIFIED,-0.121517,0.9829382300376892
2096,749712,BRCA,2.980928,2.2626492977142334
1854,924151,THCA,3.932939,4.473633289337158
1511,909751,COREAD,-1.635898,-0.8958807587623596
1088,724869,PAAD,4.905698,3.9390602111816406
1940,907066,BLCA,5.809672,3.857510566711426
1177,907287,COREAD,5.605965,4.15492582321167
1625,1298538,LUSC,5.719279,5.0413713455200195
1239,1290808,MESO,3.807729,4.124526023864746
1375,1299078,SKCM,6.023536,5.728072166442871
1180,687448,SKCM,-1.13017,-0.11124616861343384
1926,909698,COREAD,2.64653,-0.09604769945144653
1912,1240173,COREAD,1.197378,1.4105851650238037
1927,1240132,MESO,6.409051,5.957907676696777
1598,905934,PRAD,3.972154,5.44347620010376
1179,1290808,MESO,3.224569,2.3283419609069824
1627,688006,SCLC,3.20809,2.304861307144165
1073,905962,COREAD,4.908481,3.907585620880127
1022,907323,UNCLASSIFIED,-1.096348,-1.416745662689209
1553,1298157,BRCA,4.51881,3.9146265983581543
2047,1331037,DLBC,1.387426,2.457343101501465
1268,946355,ESCA,3.914517,3.5334649085998535
1022,753556,LUSC,-1.978115,-1.7202825546264648
1911,687568,GBM,-4.497197,-4.311917781829834
1084,1240190,LUAD,-1.838189,-1.049475908279419
1372,1298141,PAAD,-0.906878,-0.9523451924324036
1553,909746,COREAD,5.754491,5.387228965759277
1941,1290922,BRCA,-3.473357,-4.643087387084961
1060,924111,HNSC,-1.267309,-1.2643930912017822
1022,1240160,LIHC,2.919608,2.1035449504852295
1239,908136,UNCLASSIFIED,1.253113,1.3987035751342773
1614,749710,BRCA,5.415324,3.9501681327819824
1624,909756,UNCLASSIFIED,3.951462,3.821768283843994
1013,907043,UNCLASSIFIED,1.284456,1.1597696542739868
1620,753586,UNCLASSIFIED,4.834218,4.858409881591797
1625,905990,OV,5.312607,5.405758857727051
1917,1299062,SCLC,3.542347,4.0407514572143555
1593,1503366,ESCA,1.78168,2.5841829776763916
1928,1327775,MM,2.691971,2.131967067718506
1922,909769,UNCLASSIFIED,2.613563,2.5300796031951904
1034,907319,ESCA,-4.105021,-2.723762035369873
1057,907064,UNCLASSIFIED,-0.289175,-0.9101470112800598
1928,1240153,SKCM,4.751377,4.154937267303467
1622,1503362,ESCA,5.053334,4.739030838012695
1862,905946,BRCA,-1.626807,-1.1936397552490234
1617,946382,BRCA,0.788116,0.9666469097137451
1909,908459,UNCLASSIFIED,3.154974,1.9315295219421387
1073,1290810,MESO,5.449488,5.072267055511475
1025,908121,BRCA,5.489015,5.009067535400391
1624,1330942,LAML,2.78911,2.8221089839935303
1578,688001,SCLC,3.174923,3.478623151779175
1507,908156,UNCLASSIFIED,1.582169,1.958268165588379
1012,910779,UNCLASSIFIED,2.955347,2.1704559326171875
2110,905969,OV,5.761819,4.530669689178467
1089,906849,UNCLASSIFIED,3.057096,2.6200594902038574
1091,905975,SKCM,1.387049,2.114813804626465
1553,1240217,LIHC,3.844947,4.584015369415283
2109,713869,LUAD,3.665348,3.593165397644043
2110,1322218,UNCLASSIFIED,5.265067,3.8271098136901855
1576,906794,UNCLASSIFIED,2.525191,3.1309244632720947
1941,1330942,LAML,-1.37255,-2.6990854740142822
1786,1330950,MM,2.992383,2.2239692211151123
1249,907065,BLCA,5.597354,4.737232685089111
1007,1240173,COREAD,-5.73514,-5.956835746765137
1038,906844,BRCA,2.247878,1.8224172592163086
1510,909253,LAML,3.709006,4.116702079772949
1617,910948,BRCA,3.677751,3.063354969024658
1549,910710,LCML,4.068984,3.183387041091919
2048,907789,ALL,-5.065234,-4.616776466369629
1578,906831,UNCLASSIFIED,3.528874,4.139135360717773
1091,925347,PAAD,1.995911,2.903510808944702
1598,1327766,MM,2.565511,2.8821794986724854
1091,905955,SKCM,4.931224,3.7804064750671387
1576,713869,LUAD,3.072035,2.9594693183898926
1911,1660034,COREAD,-5.291157,-5.132198333740234
2045,1240181,NB,3.809079,3.4508509635925293
1191,722066,LUAD,-3.799336,-3.859419584274292
1614,909251,ALL,2.478624,2.554140090942383
2107,687820,LUAD,7.635722,6.508724689483643
2106,753600,LUAD,3.22652,2.5254249572753906
1512,1331032,DLBC,4.711704,4.499884128570557
1003,908465,LUAD,-0.826978,-1.0718657970428467
1614,905938,LAML,3.580023,3.5558831691741943
1034,910941,NB,0.579543,-1.3383009433746338
1512,1240219,PAAD,6.488917,6.394310474395752
1032,909774,UNCLASSIFIED,2.616018,3.1773993968963623
1177,687821,LUAD,7.506722,7.704285144805908
1091,909699,UNCLASSIFIED,2.902896,2.970900297164917
1373,907279,LGG,5.608058,5.1460280418396
1928,908159,UNCLASSIFIED,2.181845,2.3532936573028564
1053,907064,UNCLASSIFIED,4.756002,5.007756233215332
1060,908444,STAD,0.791711,0.5111021399497986
2043,687777,LUAD,6.426434,5.645990371704102
1931,1330931,LCML,4.748615,4.107204914093018
1049,905959,OV,6.211789,5.370314598083496
1046,905984,LGG,-0.007504,0.574859619140625
2040,909723,SKCM,1.975526,2.9955360889434814
1051,905935,PRAD,4.965412,2.7148075103759766
1191,905937,COREAD,-4.988229,-4.714463233947754
1594,910569,COREAD,4.267922,4.122666358947754
1089,924107,CESC,3.180023,2.361323118209839
1507,753586,UNCLASSIFIED,4.868399,4.2354631423950195
1191,906693,PAAD,-4.406433,-4.429975986480713
1913,910903,SKCM,3.960305,4.114938735961914
1913,917486,COREAD,4.474714,4.78904390335083
1073,908454,UNCLASSIFIED,2.800577,3.602583408355713
1634,749709,BRCA,4.425586,2.6025307178497314
1051,724859,LUAD,1.98048,2.786670446395874
1635,1330972,SCLC,5.224549,4.909286022186279
1928,688006,SCLC,5.154309,5.0684943199157715
1621,687561,GBM,4.859961,4.9103217124938965
1916,909745,GBM,1.223778,1.715079426765442
1909,905972,LUAD,2.757177,2.7586591243743896
1022,910937,SCLC,-0.014254,0.8534272313117981
1011,1298350,LUAD,2.74027,3.0894176959991455
1913,909697,STAD,4.3056,4.466465473175049
1564,906844,BRCA,-4.019831,-3.551360845565796
1168,1240186,SCLC,3.189304,3.433365821838379
2043,753569,LUSC,5.81563,5.038891792297363
1054,1290807,UNCLASSIFIED,5.216428,4.269318103790283
1939,949161,UNCLASSIFIED,1.677408,0.9500499367713928
1057,908126,LCML,-1.723886,-0.18475031852722168
1799,753572,PAAD,5.253273,5.6376237869262695
1079,909769,UNCLASSIFIED,-0.151669,0.5515424013137817
1012,908440,NB,-0.131895,0.28987473249435425
1925,907286,PAAD,5.818873,5.071712970733643
1630,906853,UNCLASSIFIED,6.419056,5.872341156005859
1925,753620,NB,5.53254,4.220200538635254
1250,753546,SKCM,5.794819,4.487440586090088
1629,907068,CESC,4.180938,3.468912363052368
1084,907169,SKCM,-1.674717,-2.4974701404571533
2040,1330950,MM,-0.356284,-0.39526134729385376
1060,688014,SCLC,2.979504,1.9761312007904053
1088,1240149,UNCLASSIFIED,-0.026028,1.1558090448379517
1854,1240155,STAD,3.672067,3.8572957515716553
1873,906814,SKCM,0.57768,0.7385585308074951
1046,906794,UNCLASSIFIED,2.705036,2.586812973022461
1852,908143,UNCLASSIFIED,5.615965,5.226593971252441
1091,908444,STAD,2.337621,1.702035665512085
1177,906793,SKCM,2.996524,3.631617307662964
1060,908448,LAML,-1.34576,-1.1407504081726074
1375,688086,NB,5.782714,4.604398250579834
1931,909703,ALL,3.63995,3.1148273944854736
1910,1331049,UNCLASSIFIED,2.964052,1.5002130270004272
1083,905975,SKCM,3.907931,3.587029457092285
1512,908471,UNCLASSIFIED,3.92445,4.630022048950195
1913,908473,LUAD,5.6952,5.701823711395264
1512,910936,HNSC,5.1515,5.158506393432617
1799,1331045,DLBC,4.633276,3.6314282417297363
1088,909761,COREAD,3.293682,2.453350782394409
1931,906820,NB,5.326166,4.827046871185303
1549,1480364,OV,-1.411982,-1.4624059200286865
1626,907271,LGG,1.886231,2.402723550796509
1925,687588,GBM,5.591166,5.114414215087891
1073,687586,GBM,4.802335,4.781091213226318
1926,749709,BRCA,0.098798,0.9404231309890747
1005,906862,BRCA,3.893768,3.7854409217834473
1925,905983,GBM,5.844621,5.481987953186035
1032,1240155,STAD,2.134321,2.0141115188598633
1560,753554,LUSC,4.849971,3.628197431564331
2096,1299070,OV,2.616435,2.4631567001342773
1925,907061,HNSC,4.016548,4.743879795074463
1529,909262,UNCLASSIFIED,-1.713168,-1.0614936351776123
1084,753585,KIRC,-3.430402,-3.1707236766815186
1916,1290795,UNCLASSIFIED,2.779504,2.8157615661621094
1853,1327773,DLBC,4.035319,3.9638748168945312
1918,753575,ESCA,2.909392,2.8368067741394043
1560,907048,BRCA,3.089032,4.217228412628174
1627,905948,KIRC,2.175516,3.443748950958252
1849,910924,STAD,-0.713452,-0.589082658290863
1852,713878,SCLC,5.288299,4.830440998077393
1179,724872,SCLC,0.040247,0.07188159227371216
1919,905957,BRCA,2.99445,1.5815929174423218
1017,907289,COREAD,4.944437,4.77467679977417
1635,909721,LUAD,6.170847,6.235311985015869
1909,687816,LUAD,3.417203,3.1666805744171143
1553,910936,HNSC,0.692492,0.5520480871200562
1930,724838,BLCA,-0.01012,-0.3783101439476013
1058,907286,PAAD,2.373015,2.5727169513702393
1854,1290771,COREAD,4.16176,5.519749641418457
1627,909751,COREAD,3.489689,2.528944730758667
1051,908131,UNCLASSIFIED,0.003794,1.1977267265319824
1926,910706,UNCLASSIFIED,0.234704,0.455113023519516
1922,753586,UNCLASSIFIED,2.218316,2.629284620285034
1088,908144,LGG,2.470252,3.962815046310425
2043,949163,UNCLASSIFIED,2.255406,3.795117139816284
1924,908152,MESO,4.054381,4.40844202041626
1079,905945,BRCA,1.983121,1.1754209995269775
1177,907789,ALL,3.056828,2.374439001083374
1022,1327769,DLBC,-2.116242,-1.7635273933410645
1631,688010,SCLC,4.817516,3.3212993144989014
1080,907789,ALL,-4.604601,-4.288679599761963
1084,910688,LAML,-3.911114,-5.743056774139404
1925,1327773,DLBC,4.057096,3.8296709060668945
2040,1240201,PAAD,1.776497,1.6057167053222656
1058,907064,UNCLASSIFIED,3.884317,2.9840574264526367
1131,998189,COREAD,4.950425,5.52907133102417
1006,907295,SCLC,1.795724,1.6930837631225586
1057,909263,COREAD,1.352361,1.0717781782150269
1635,909976,UNCLASSIFIED,4.962567,4.564912796020508
1622,905980,KIRC,5.276242,6.108054161071777
1911,907268,UNCLASSIFIED,-6.610407,-6.498281478881836
1073,1299075,PRAD,6.098524,5.289902687072754
1922,724878,LUAD,4.372209,4.987823009490967
1088,1290809,MESO,2.156324,2.614100933074951
1003,905948,KIRC,-0.524668,0.43855518102645874
1268,1298219,UNCLASSIFIED,5.281387,5.025727272033691
1034,907047,UNCLASSIFIED,-4.426457,-2.926771879196167
1200,909749,BLCA,2.434705,2.992116689682007
1199,908447,NB,5.053093,4.615774154663086
1012,688027,SCLC,0.740384,0.16207265853881836
1908,753618,NB,1.520045,-0.7436566948890686
1786,1240159,LIHC,4.202842,4.09242057800293
1529,910947,LAML,-2.15348,-1.6964235305786133
1853,687780,UNCLASSIFIED,5.769385,4.679967403411865
1191,687799,LUAD,-4.297133,-4.716108322143555
2106,1240140,UNCLASSIFIED,2.959869,3.5209853649139404
1910,753556,LUSC,2.631279,2.8257672786712646
1032,909253,LAML,0.77883,1.6211345195770264
1011,905935,PRAD,2.562345,3.499627113342285
1017,910920,KIRC,3.146729,3.8411691188812256
1237,687505,CESC,4.863741,4.764236927032471
1799,906836,UNCLASSIFIED,2.653845,3.1834113597869873
2111,1330993,PRAD,3.645898,3.7117416858673096
1054,909728,LUSC,4.518823,3.5875866413116455
1908,1331038,DLBC,2.590185,2.5237643718719482
1996,909698,COREAD,3.775238,3.4031898975372314
1617,1298531,HNSC,1.687291,2.129652261734009
1629,910932,SKCM,3.295859,4.316190719604492
1931,724872,SCLC,4.489991,3.830610752105713
1529,910703,UNCLASSIFIED,1.217141,0.6863045692443848
1375,1327769,DLBC,1.492391,3.450589179992676
1012,909720,UNCLASSIFIED,2.158467,1.9400229454040527
1593,949163,UNCLASSIFIED,1.330327,1.4079980850219727
2096,909709,HNSC,2.045729,1.7032411098480225
1925,905959,OV,6.616034,6.537335395812988
1631,905952,ALL,1.890807,2.330965280532837
1558,753592,LUAD,2.004425,2.136660575866699
1560,910569,COREAD,2.2824,3.8156704902648926
1919,906837,HNSC,0.484024,0.6715551614761353
1915,908139,STAD,3.545497,3.1271440982818604
1250,910942,UNCLASSIFIED,0.961243,1.6066763401031494
1036,1659818,MM,4.205503,3.910773754119873
1012,907000,UNCLASSIFIED,1.643311,1.0901880264282227
1131,1240159,LIHC,6.93836,5.517997741699219
1168,753584,BLCA,3.32077,3.0876410007476807
1620,1240221,UNCLASSIFIED,3.759924,4.2227277755737305
1268,910549,ESCA,3.192984,4.80003547668457
1259,1290809,MESO,2.878453,2.1930768489837646
1926,1298539,UNCLASSIFIED,2.739338,2.255448818206787
2109,946361,UNCLASSIFIED,3.490872,3.036165952682495
1060,1330933,UNCLASSIFIED,-1.482773,-1.1604290008544922
1862,724834,LUAD,-0.79098,-1.5417523384094238
1085,910911,HNSC,2.932719,3.7028043270111084
1549,908148,LAML,3.394316,3.450871706008911
1799,924107,CESC,-1.281644,-0.8734832406044006
1593,924107,CESC,1.527831,1.6788749694824219
1922,753594,SCLC,1.769602,1.937340259552002
1559,925340,STAD,-1.986549,-2.576866388320923
1631,1298538,LUSC,4.636405,3.657961368560791
1855,907276,STAD,6.409582,4.39874792098999
1058,930082,UNCLASSIFIED,2.19348,2.4064812660217285
1034,688087,NB,-2.461565,-2.115756034851074
1853,687829,UNCLASSIFIED,4.173101,4.192809104919434
1625,907277,ALL,3.363403,3.3150384426116943
1507,687561,GBM,3.999542,4.653855323791504
1919,909708,HNSC,0.266178,0.6329097747802734
1239,909732,UNCLASSIFIED,2.350955,2.1993045806884766
1088,907300,LAML,0.461612,0.29544350504875183
1924,906833,MB,4.284131,3.2469184398651123
1553,906820,NB,2.97762,1.3885469436645508
1930,753608,LUAD,1.357065,0.45759639143943787
1635,1240222,OV,5.577707,5.129044055938721
1576,1240183,LUSC,3.88848,3.766094446182251
1177,905948,KIRC,4.213006,4.898597717285156
1941,907311,LCML,-3.564003,-2.861475706100464
1073,906763,ALL,5.106344,3.386147975921631
1239,1298136,PAAD,3.257599,3.3208305835723877
1919,906863,HNSC,-0.495608,-0.8198179602622986
1529,910850,LIHC,6.327264,2.4463837146759033
1617,906870,LAML,-0.557524,-0.16321593523025513
1089,724838,BLCA,3.93742,4.74538516998291
1622,687590,GBM,3.931356,4.206302165985107
1799,946353,ESCA,3.159153,4.435683727264404
1912,910916,HNSC,3.718253,2.8446767330169678
1855,907057,LIHC,3.917095,4.411885738372803
1036,1240135,MESO,5.442153,4.304929733276367
2045,1298141,PAAD,5.68439,6.1527862548828125
1563,753620,NB,5.029395,4.9660725593566895
1852,909748,COREAD,5.644711,5.018894672393799
1932,910936,HNSC,0.90204,1.0122061967849731
2109,910942,UNCLASSIFIED,1.675547,1.4336717128753662
2048,906828,THCA,-3.862965,-2.8530149459838867
1046,1298539,UNCLASSIFIED,3.686097,4.184072971343994
1576,907072,UNCLASSIFIED,2.229168,2.659040689468384
1918,906765,MM,0.593729,0.38452044129371643
1249,907789,ALL,1.539361,1.631303310394287
1093,907313,GBM,5.599831,4.517526149749756
1626,753576,ESCA,4.370677,5.537899971008301
1918,910687,ALL,2.066438,2.0084547996520996
1786,907069,UNCLASSIFIED,3.269067,3.6152427196502686
1511,906790,STAD,-2.761091,-2.4513049125671387
1564,949161,UNCLASSIFIED,3.915575,3.9305789470672607
1007,1331036,DLBC,-6.841681,-6.762134075164795
1927,753575,ESCA,7.193305,6.127652645111084
1614,1240169,GBM,5.914666,5.580088138580322
1036,930298,CESC,3.821692,4.876742362976074
1911,909716,UNCLASSIFIED,-5.496043,-4.986512184143066
1250,946356,ESCA,2.193243,2.6073851585388184
1919,906797,BLCA,2.169254,1.7743704319000244
1511,909743,ALL,-1.869381,-2.581535816192627
1507,909751,COREAD,3.636485,5.386363983154297
1084,687562,GBM,-2.905466,-3.5411131381988525
1594,910688,LAML,3.104476,4.02956485748291
1635,905965,UNCLASSIFIED,3.575971,3.517209053039551
1032,907066,BLCA,3.854296,2.9252169132232666
1237,724873,LUAD,5.147903,4.766190528869629
2110,924107,CESC,3.169819,3.6844403743743896
1799,687457,BLCA,5.635863,5.152327537536621
1091,906818,SKCM,3.723435,2.0853629112243652
1927,909253,LAML,4.986165,4.206129550933838
1022,1290814,MESO,2.41811,1.0624326467514038
1047,998189,COREAD,1.55833,2.1538867950439453
1932,1479988,OV,3.46338,3.225463628768921
2044,724878,LUAD,3.399173,5.706653594970703
1598,908475,LUAD,4.710657,5.454275131225586
2110,1240181,NB,3.564292,4.147876262664795
1561,906863,HNSC,1.183979,2.225874185562134
1005,905967,LUAD,4.914132,4.696022033691406
1916,1240199,OV,6.06779,6.302753925323486
1932,924102,THCA,2.513113,4.372313499450684
1614,907044,UNCLASSIFIED,3.491178,3.4124884605407715
1054,906805,LUAD,3.501565,3.2414612770080566
1529,905984,LGG,0.230846,-1.060368537902832
1053,907271,LGG,2.861826,2.5981616973876953
1926,906838,UNCLASSIFIED,1.012845,0.6724145412445068
1614,905946,BRCA,5.803128,5.938371658325195
1006,906846,UNCLASSIFIED,0.511087,-1.1986284255981445
1625,753573,ESCA,3.945756,3.6598660945892334
1852,906844,BRCA,2.96482,3.763427734375
1564,908150,MESO,2.6071,2.09535551071167
1191,1331037,DLBC,-6.091432,-5.680722713470459
1022,909781,KIRC,2.903196,3.558931589126587
1909,753585,KIRC,2.097259,1.8137168884277344
1068,908151,BRCA,0.758822,1.2436844110488892
1941,1298141,PAAD,-2.764018,-2.8124916553497314
1191,1299052,HNSC,-4.078412,-3.6655147075653076
1057,1331050,DLBC,-4.068686,-4.097509384155273
1004,925343,UNCLASSIFIED,-0.34942,-1.6249573230743408
1057,905951,BRCA,-2.266315,-1.9946749210357666
2045,1290814,MESO,4.62648,5.317694187164307
1873,684072,UNCLASSIFIED,0.424004,0.38043996691703796
1615,1298359,ESCA,5.230113,5.312732696533203
1926,910695,UNCLASSIFIED,-1.640536,-1.3142004013061523
1006,905991,OV,-1.413968,-0.3064926266670227
1918,1299059,HNSC,4.204757,4.11680793762207
1614,905989,COREAD,2.63284,3.092991828918457
1511,907067,SKCM,-0.986535,-1.868988275527954
1032,910936,HNSC,-1.707964,-1.8720216751098633
1034,753608,LUAD,-4.189009,-2.593191146850586
2040,906818,SKCM,1.310671,1.5794508457183838
1013,905933,OV,4.756794,4.357377529144287
1911,906812,BRCA,-4.510778,-5.2086076736450195
1250,753556,LUSC,1.099228,1.0628606081008911
1916,905952,ALL,1.841295,0.7438910603523254
1006,687505,CESC,0.503132,0.7101262211799622
1032,949156,UNCLASSIFIED,1.738487,1.5404466390609741
1060,688006,SCLC,0.778222,0.6076592803001404
1560,910706,UNCLASSIFIED,2.409205,2.8970260620117188
1996,1240151,STAD,4.110024,3.0133187770843506
1089,905967,LUAD,3.341687,2.9996511936187744
1931,687452,BLCA,5.95337,5.766575813293457
1855,1240169,GBM,5.860554,5.829878807067871
1083,907319,ESCA,3.565721,3.069512367248535
2048,687812,LUAD,-0.155926,-1.417677402496338
1199,1240187,LUAD,4.675927,3.986788511276245
1053,909740,COREAD,4.518929,4.482196807861328
1936,683665,MM,1.112411,1.0237013101577759
1373,1240215,UNCLASSIFIED,5.57612,5.2385334968566895
1004,687983,SCLC,-4.292974,-4.939538478851318
1862,1480372,OV,-1.528884,-1.126133918762207
2096,910919,DLBC,1.089402,1.564831018447876
1926,909773,DLBC,0.408836,-0.372588574886322
1625,1240136,MESO,5.973405,5.27747106552124
1799,687455,BLCA,4.336029,3.9527549743652344
1051,909746,COREAD,1.723372,3.921128749847412
1004,687459,BLCA,-1.360877,-1.1336092948913574
1179,1240128,UNCLASSIFIED,-0.093109,-0.0140189528465271
1560,1240172,BRCA,4.650508,4.584602355957031
1058,908457,COREAD,1.011146,0.2790871858596802
1849,1299078,SKCM,-0.748754,-0.15462195873260498
1507,907061,HNSC,4.464891,4.453619480133057
1620,687816,LUAD,6.843706,6.517255783081055
1560,1503362,ESCA,0.96049,1.2864429950714111
1578,688086,NB,4.939402,4.293432712554932
1919,907273,UNCLASSIFIED,0.522,1.1390058994293213
1578,905935,PRAD,5.304128,5.10517692565918
1625,1331045,DLBC,4.612724,3.5214333534240723
1091,753555,ESCA,3.127235,1.8707022666931152
1930,909720,UNCLASSIFIED,1.11617,0.03175228834152222
1613,724879,LUSC,5.294521,4.568898677825928
1007,1290814,MESO,-3.686175,-3.348463296890259
1558,1331050,DLBC,1.895084,1.4017815589904785
2107,910947,LAML,1.852962,3.1008212566375732
1924,910930,DLBC,3.401626,3.382805585861206
1199,724859,LUAD,5.297516,4.441558837890625
1918,1327773,DLBC,1.096987,0.4945024847984314
1936,910941,NB,1.840317,2.4857544898986816
1085,910554,COREAD,2.079229,1.9754672050476074
1911,907790,COREAD,-6.012059,-5.357701778411865
1557,724866,LUAD,5.46408,3.705965995788574
1915,924240,BRCA,2.418289,2.120173215866089
1259,908144,LGG,3.568137,3.721670150756836
1373,909773,DLBC,3.704261,2.8537845611572266
2109,1298134,CESC,2.249621,2.795097589492798
1799,909745,GBM,5.345367,5.59857702255249
1598,905970,LUAD,3.475834,3.64079213142395
1046,687812,LUAD,1.403202,2.970097541809082
1615,910941,NB,4.585968,4.579888343811035
1012,908121,BRCA,1.129052,1.0401774644851685
1631,906839,GBM,5.055778,4.352044582366943
1564,908471,UNCLASSIFIED,1.667213,0.36691322922706604
1593,753563,MM,0.401357,0.36810505390167236
1626,907291,COREAD,2.80595,1.9827003479003906
1529,1303900,BRCA,2.167302,1.4132966995239258
1511,687600,UNCLASSIFIED,0.757245,0.18311822414398193
1250,907000,UNCLASSIFIED,-0.13463,1.050531268119812
2048,998184,ALL,-5.750528,-5.6198883056640625
1083,1290455,LAML,1.698191,1.5669372081756592
1624,909740,COREAD,3.132192,3.019169807434082
1237,909751,COREAD,4.872798,5.015562057495117
1852,1240146,LUAD,5.279427,5.799582004547119
2043,1290809,MESO,6.239039,5.595941066741943
1919,1240149,UNCLASSIFIED,1.368809,1.6087875366210938
1372,906855,LCML,-1.547771,-3.1734964847564697
2047,753541,HNSC,2.429156,3.0410900115966797
2048,924186,UNCLASSIFIED,-4.122245,-4.03369140625
1614,906827,UNCLASSIFIED,1.74026,3.068134307861328
1047,906861,UNCLASSIFIED,5.61835,5.3753180503845215
1083,905983,GBM,4.710322,4.0377278327941895
1578,906824,CESC,4.917688,4.774055004119873
2046,1331037,DLBC,2.389616,0.7068572640419006
1068,688121,UNCLASSIFIED,1.13239,1.7043017148971558
1010,910937,SCLC,3.946236,3.1681368350982666
2107,753616,NB,3.728412,4.8907599449157715
1620,907285,PAAD,5.280598,5.788730621337891
1862,1240174,UCEC,-2.210259,-2.0496602058410645
1852,1298169,KIRC,5.499523,5.290419101715088
1194,1660034,COREAD,1.153149,2.823518753051758
2096,907268,UNCLASSIFIED,3.950229,2.3223037719726562
1912,909748,COREAD,4.223834,3.4912383556365967
1199,906844,BRCA,2.002943,2.6055006980895996
1259,1240199,OV,7.672174,5.557232856750488
1005,905957,BRCA,4.200458,3.371877431869507
1617,905990,OV,0.306227,3.563387632369995
1511,925343,UNCLASSIFIED,-0.836807,-1.205354928970337
1932,753612,MM,2.141973,2.6915340423583984
1131,905940,LCML,5.52987,5.393187522888184
2045,906861,UNCLASSIFIED,5.551706,4.750568389892578
2043,930297,CESC,4.519889,5.577725887298584
1372,1240208,PAAD,-2.075857,-0.9036852717399597
1786,905959,OV,4.831966,4.92598819732666
1635,1298219,UNCLASSIFIED,5.99588,6.030561923980713
1004,905965,UNCLASSIFIED,-6.299991,-6.491640567779541
1011,909784,SKCM,2.694316,2.4849307537078857
1096,749715,BRCA,4.455014,4.323224067687988
1915,905990,OV,3.986322,3.301332712173462
2096,949153,ALL,1.981067,1.4568371772766113
1511,909719,LIHC,-1.108812,-1.8664336204528809
1053,1240226,SKCM,3.899192,4.460080146789551
1180,1298146,LIHC,-2.102942,-1.327087163925171
1849,906836,UNCLASSIFIED,-3.903607,-2.985909938812256
2044,909777,UNCLASSIFIED,1.855009,1.6726151704788208
1553,1240192,SCLC,4.937744,5.121133804321289
1630,908476,LUAD,3.088034,3.940498113632202
1549,1290769,COREAD,7.64047,5.758003234863281
2110,910689,COREAD,6.74634,7.038080215454102
1940,1240123,COREAD,3.294111,3.746551990509033
1854,753573,ESCA,3.134908,4.511735439300537
2106,688026,SCLC,1.600406,2.891746997833252
1259,946355,ESCA,6.051116,4.2233710289001465
1058,1298151,LIHC,2.133293,2.134772777557373
1093,687562,GBM,4.155645,3.442434549331665
1918,713899,SCLC,4.304073,3.850165843963623
1854,753532,HNSC,3.890646,4.107011795043945
1941,1298219,UNCLASSIFIED,-1.288496,-3.9636070728302
1012,1303896,UNCLASSIFIED,-0.048037,0.5322816371917725
1853,909753,OV,4.115308,5.013181686401367
1598,1240151,STAD,5.160993,4.587195873260498
2106,688087,NB,3.13792,3.2905073165893555
1926,1298359,ESCA,0.207127,-0.16172295808792114
1855,910700,COREAD,6.241325,5.31833028793335
1853,909904,PAAD,3.874421,5.42451286315918
1511,753589,SCLC,0.868417,1.7358216047286987
2048,687985,SCLC,-4.395508,-3.787240743637085
1168,908447,NB,2.404085,2.8322906494140625
1933,906848,UNCLASSIFIED,3.927349,3.5566136837005615
1855,925338,BRCA,4.811686,4.606139183044434
1529,946353,ESCA,2.266982,0.9174113273620605
1940,1330993,PRAD,4.806328,3.5660104751586914
1191,905973,UNCLASSIFIED,-4.533248,-4.270357608795166
2109,907320,ESCA,4.186971,2.9265973567962646
1933,907311,LCML,4.574976,3.41070818901062
1913,910943,GBM,4.825336,5.135313987731934
1050,749709,BRCA,2.835887,2.7463347911834717
1507,1290797,PAAD,4.53404,4.383145332336426
1007,1290908,LUAD,-4.15192,-4.077300071716309
1003,907000,UNCLASSIFIED,-4.997052,-4.442708492279053
1091,906869,STAD,1.352886,2.3209023475646973
1939,687985,SCLC,2.326611,2.247749090194702
1799,724878,LUAD,7.168776,7.3479323387146
1629,906800,UNCLASSIFIED,3.21749,3.47387957572937
1036,910948,BRCA,5.344435,5.858737468719482
1936,753561,HNSC,2.692707,2.173314094543457
1931,909740,COREAD,8.163155,7.294744491577148
1046,1240179,CESC,1.949203,2.192833185195923
1084,1240187,LUAD,-4.219238,-2.8839149475097656
1624,949165,UNCLASSIFIED,2.892357,3.087925672531128
1598,1290795,UNCLASSIFIED,6.214052,4.488410472869873
1622,687800,LUAD,7.416511,7.076562404632568
1576,906875,NB,1.527788,2.026154041290283
1051,753612,MM,-2.518519,0.8329629898071289
2106,905974,SKCM,1.731649,1.8697576522827148
1624,753608,LUAD,4.712721,4.110969066619873
1054,910544,LCML,1.04444,0.9610156416893005
1563,906839,GBM,6.571112,6.598053932189941
1561,1298168,KIRC,2.504364,2.286644697189331
1614,1290455,LAML,2.641975,2.437750816345215
2043,909754,UNCLASSIFIED,5.932692,6.008579254150391
1622,910689,COREAD,7.314439,6.871070861816406
1375,905989,COREAD,5.611992,5.763670444488525
1915,687561,GBM,2.934145,2.64705491065979
1912,905979,KIRC,3.960119,3.5230510234832764
2040,910544,LCML,0.580268,0.14723068475723267
1853,906790,STAD,3.012948,2.7929956912994385
1053,910920,KIRC,1.839752,1.7793526649475098
1932,909779,UNCLASSIFIED,1.955715,1.9445905685424805
1059,907794,COREAD,-1.334362,-2.407072067260742
2048,687800,LUAD,3.137689,1.2177441120147705
1630,909262,UNCLASSIFIED,3.078376,3.4551055431365967
1621,906872,NB,5.429788,5.195745944976807
1007,687983,SCLC,-4.403053,-4.512453556060791
1854,1298134,CESC,4.460958,4.2254319190979
1917,908159,UNCLASSIFIED,0.173163,0.5499932169914246
2096,688014,SCLC,5.975601,4.96213960647583
1034,910779,UNCLASSIFIED,-0.96588,-0.8648954033851624
1933,687568,GBM,5.028393,4.539897918701172
2040,1330933,UNCLASSIFIED,-0.474717,-0.446153461933136
1614,687506,CESC,3.911256,3.9636075496673584
1080,910569,COREAD,-4.289964,-2.8855998516082764
1073,906869,STAD,4.821212,4.912155628204346
1916,688086,NB,3.170843,3.643238067626953
1036,1240179,CESC,5.078584,4.57102108001709
1941,1295740,ALL,-0.0966,-2.324143409729004
1939,909780,BLCA,1.428261,1.7622156143188477
1051,1674021,COREAD,2.008104,1.793351173400879
1093,907290,UNCLASSIFIED,5.631611,5.0746965408325195
1549,753615,MM,3.809303,4.188192844390869
1939,905967,LUAD,5.656783,2.7239768505096436
2096,909774,UNCLASSIFIED,2.909547,3.1161460876464844
1084,909253,LAML,-2.358832,-3.2037553787231445
1563,1330987,UNCLASSIFIED,4.124833,3.670799732208252
1200,908441,,2.292016,2.0494632720947266
1613,1240141,MESO,5.728909,4.920228958129883
1873,1240196,HNSC,1.623591,1.9885730743408203
1626,1240146,LUAD,6.286586,2.7616283893585205
1372,749711,BRCA,2.741165,2.8917219638824463
1862,908454,UNCLASSIFIED,-2.380196,-2.05772066116333
1060,1303897,DLBC,1.867189,1.4917004108428955
1529,906804,UNCLASSIFIED,0.790645,-1.1047577857971191
1249,908459,UNCLASSIFIED,3.729095,3.9229042530059814
2046,908463,LUAD,5.016123,5.76576566696167
1635,1290808,MESO,6.031735,5.339441776275635
1004,946360,OV,-1.325196,-1.3072280883789062
1022,1240154,THCA,0.009469,-0.7671814560890198
1085,687812,LUAD,3.935112,3.0095155239105225
1549,905961,COREAD,5.155819,5.596290111541748
1862,946361,UNCLASSIFIED,-1.416419,-1.3561127185821533
1073,949164,UNCLASSIFIED,4.551458,4.782714366912842
1053,906853,UNCLASSIFIED,6.558765,5.785468578338623
1915,753575,ESCA,0.729568,0.9067913293838501
1926,905938,LAML,-0.304103,0.12764257192611694
1080,907323,UNCLASSIFIED,-3.833029,-2.5056772232055664
1852,1298538,LUSC,5.880194,5.408592224121094
1093,1290813,MESO,3.760564,3.9209744930267334
1622,949168,UNCLASSIFIED,5.503089,4.9437761306762695
1199,1240155,STAD,3.987876,3.3785836696624756
1250,1240184,UNCLASSIFIED,1.719415,2.1912174224853516
1852,930298,CESC,6.169489,5.427298069000244
1047,949171,NB,1.438737,1.4798526763916016
1073,946358,ALL,0.759572,2.5071446895599365
1617,906862,BRCA,-5.674883,-0.4352598786354065
1022,1330985,LAML,-1.534381,-1.387251615524292
1089,1330985,LAML,2.047824,2.115969657897949
1924,910922,KIRC,4.748339,4.309388637542725
1013,910952,KIRC,1.937878,4.048009395599365
1941,909757,COREAD,-0.67683,-1.265455722808838
1849,907048,BRCA,0.256738,-0.19785523414611816
1561,1240134,MESO,2.113698,1.7089756727218628
2111,1240155,STAD,5.104981,5.07675313949585
1057,910900,LUAD,-1.074258,-1.0952470302581787
1564,1298157,BRCA,5.015643,3.562870979309082
1180,909975,UNCLASSIFIED,-0.49059,-0.9807780385017395
1625,910916,HNSC,5.069669,4.217430114746094
1079,908472,LUAD,3.312106,3.7590317726135254
1557,908459,UNCLASSIFIED,5.01869,4.233961582183838
1624,724859,LUAD,5.376603,4.854307651519775
1017,910941,NB,3.074205,2.180339813232422
1080,910687,ALL,-5.432212,-4.632413387298584
1622,753612,MM,2.390905,2.8805041313171387
1997,909716,UNCLASSIFIED,3.834787,3.741098165512085
1032,687798,LUAD,-0.935354,0.3246290683746338
2107,687798,LUAD,5.134376,5.528708457946777
1191,909977,UNCLASSIFIED,-3.566044,-4.314589500427246
1564,1503364,STAD,2.187281,1.2076787948608398
1058,1240179,CESC,2.465334,2.032041311264038
1249,753532,HNSC,4.333848,3.3575737476348877
1593,1240147,LIHC,3.269035,1.566209077835083
1013,1240159,LIHC,2.903587,4.430768013000488
1852,1247871,ALL,3.816711,4.418773174285889
1918,909750,LGG,1.545388,1.5021097660064697
1930,1299070,OV,0.423109,-0.17573904991149902
1922,908455,STAD,2.707971,1.7857754230499268
1997,924250,STAD,0.722808,2.917848587036133
1915,907300,LAML,1.843788,2.0742366313934326
1618,908467,UNCLASSIFIED,3.51093,3.827575206756592
1996,905952,ALL,2.551142,2.057983160018921
1034,906999,UNCLASSIFIED,-4.924938,-2.734541416168213
1032,905990,OV,2.76842,2.5910685062408447
1578,749711,BRCA,4.452589,4.142236232757568
1615,906812,BRCA,5.387876,5.056751251220703
2109,1298151,LIHC,3.884183,2.5683534145355225
1621,910569,COREAD,3.763456,3.679567337036133
1631,688018,SCLC,2.308838,4.036506652832031
1854,905955,SKCM,4.488958,4.264699935913086
1849,930298,CESC,-1.171499,0.580412745475769
1053,907299,UNCLASSIFIED,0.890741,0.3062029480934143
1006,910915,PAAD,5.32454,5.814228057861328
2111,1240174,UCEC,2.943949,3.801595449447632
1927,1303900,BRCA,5.351501,4.478607177734375
1786,905964,MM,2.043947,1.6647429466247559
1079,688058,MESO,0.639259,2.1767783164978027
1939,909754,UNCLASSIFIED,1.923655,4.628182411193848
1034,949174,NB,-2.104366,-2.4249773025512695
1237,909749,BLCA,5.419018,5.060155868530273
1626,1327774,UNCLASSIFIED,2.502189,2.4503612518310547
1854,1299050,HNSC,3.62524,4.72709846496582
1060,1298531,HNSC,-0.857846,-0.427481472492218
1625,753585,KIRC,4.563856,5.217482566833496
1259,1240209,STAD,3.56136,4.308942794799805
1924,907058,SKCM,4.796601,4.2232747077941895
1852,753615,MM,4.251702,4.546584606170654
1559,1331033,DLBC,-3.91398,-4.425358295440674
1873,909260,ALL,0.662282,0.8451273441314697
1034,1247871,ALL,-3.676418,-4.342584609985352
1180,1240127,UCEC,-3.308412,-2.209744691848755
2045,687514,CESC,5.732518,5.41995096206665
1614,688058,MESO,6.134133,4.777444839477539
2044,906795,THCA,3.323126,4.10024356842041
1375,1331038,DLBC,3.185067,4.0055975914001465
1004,1659928,COREAD,-6.072786,-5.910473346710205
1928,753594,SCLC,3.343308,2.871842622756958
1079,753575,ESCA,-0.921525,-0.8040441870689392
1373,1327774,UNCLASSIFIED,3.729201,3.7801082134246826
1046,949158,UNCLASSIFIED,-1.257269,0.6845196485519409
2106,1240222,OV,-0.273799,-0.5698979496955872
1558,1298226,LUSC,2.581982,1.886944055557251
1073,1298533,PAAD,5.292896,4.337879657745361
1996,905980,KIRC,5.702012,6.006284713745117
1259,1298222,ESCA,5.311656,4.864016056060791
1930,924187,UCEC,1.882688,1.7609858512878418
1177,909761,COREAD,5.638636,5.383861064910889
1239,687457,BLCA,3.601277,4.009423732757568
1930,753562,HNSC,-0.640386,-0.1932084560394287
1635,687787,LUSC,5.157425,4.783953666687012
1529,1240212,CESC,-1.263395,-0.3431317210197449
1618,1240155,STAD,3.013932,3.5223140716552734
1558,907055,STAD,1.554754,2.688154697418213
1593,1290455,LAML,-0.351623,0.8419147729873657
1912,1330942,LAML,3.791288,3.5437204837799072
1089,1240162,HNSC,5.662737,4.837398052215576
2048,924187,UCEC,0.712408,0.7475255727767944
2096,906792,SKCM,2.544676,1.644574761390686
1997,906797,BLCA,3.299804,3.465884208679199
1615,1290769,COREAD,5.280243,6.292567729949951
1083,683667,MB,1.103857,2.440514087677002
1179,906693,PAAD,0.594115,0.6392288208007812
1054,1298357,STAD,5.816947,5.1160736083984375
1917,1298350,LUAD,4.209766,2.8484935760498047
1073,1240142,LUSC,3.189174,3.015561103820801
1563,735784,ESCA,5.93868,5.7823004722595215
1925,924238,THCA,3.780402,4.529026508331299
1068,906824,CESC,1.724547,1.2132072448730469
1051,1240143,LUSC,-0.856847,1.9197921752929688
1022,753538,HNSC,-0.361401,-0.3189355731010437
1915,909703,ALL,2.22036,2.3235700130462646
1373,905947,KIRC,4.842018,4.820778846740723
1613,907061,HNSC,4.28496,3.0813519954681396
1036,946356,ESCA,5.063199,6.450652599334717
1553,1240212,CESC,5.244159,4.269131183624268
1560,1240127,UCEC,3.048444,3.801557779312134
1862,753532,HNSC,-2.562276,-1.494950771331787
1631,910922,KIRC,3.62932,2.9292547702789307
1941,909725,SKCM,-2.916299,-2.4919819831848145
1620,908129,UCEC,5.75708,5.380712985992432
1940,749711,BRCA,3.288346,3.0758438110351562
2110,687802,LUAD,6.434002,6.035916805267334
1594,753616,NB,4.47719,5.241643905639648
1549,688021,SCLC,4.252262,5.225934982299805
1190,906833,MB,-3.319749,-3.385026693344116
1635,749711,BRCA,5.315986,4.509734630584717
1046,908156,UNCLASSIFIED,-0.004533,-0.026481568813323975
1372,724838,BLCA,2.227388,1.1007730960845947
1003,1240192,SCLC,-0.828403,0.2581835389137268
1919,908126,LCML,1.060509,1.585556149482727
1627,949161,UNCLASSIFIED,3.072229,2.5155014991760254
1911,1298219,UNCLASSIFIED,-2.299334,-3.241251230239868
1915,917486,COREAD,2.51588,2.389066219329834
1614,1659928,COREAD,3.681967,3.3075881004333496
1855,949160,UNCLASSIFIED,2.752086,4.098396301269531
1060,910941,NB,1.32574,1.1885268688201904
1093,949166,UNCLASSIFIED,5.039716,5.253412246704102
1006,909977,UNCLASSIFIED,4.637327,3.8699450492858887
1909,998189,COREAD,1.259894,3.5970256328582764
1053,687787,LUSC,4.51165,5.301105499267578
1046,1240157,LIHC,2.396794,2.6728994846343994
1091,1330973,SCLC,2.133732,1.892090082168579
1862,949167,UNCLASSIFIED,-1.814557,-1.9384503364562988
1912,908148,LAML,-1.016008,-0.4934017062187195
1593,1298151,LIHC,0.241705,2.666480779647827
1853,949164,UNCLASSIFIED,3.84834,3.873378038406372
1007,1240158,LIHC,-3.386283,-3.795513868331909
1564,753548,LAML,2.570071,1.8558714389801025
1005,908141,LAML,0.181578,0.3127653896808624
1060,910915,PAAD,-1.841831,0.5279805064201355
1852,905989,COREAD,2.746217,4.675189018249512
1032,909769,UNCLASSIFIED,1.810997,1.39581298828125
1931,1290813,MESO,5.151849,5.435294151306152
1013,688014,SCLC,4.914232,4.697461128234863
1058,1298526,PAAD,1.266237,0.9972274899482727
1925,1240189,SCLC,4.559643,4.157613754272461
1908,909731,UNCLASSIFIED,3.945416,3.2216849327087402
1855,905960,BRCA,3.956818,3.5315370559692383
2046,753538,HNSC,3.498407,3.419701337814331
1873,910780,NB,0.426408,0.05053442716598511
1190,687819,LUAD,3.168234,3.9409563541412354
1512,909907,BRCA,6.124966,6.658082008361816
2107,905936,COREAD,4.637564,3.3391969203948975
1068,1240160,LIHC,3.779994,1.7716820240020752
1259,688025,SCLC,1.607014,-0.6544952988624573
1177,905970,LUAD,5.727071,5.654584884643555
1004,908147,ALL,-6.278404,-6.208834171295166
1560,907287,COREAD,2.117469,1.6795125007629395
1259,910935,DLBC,-0.260653,-0.40683430433273315
1930,905964,MM,0.187133,0.1774258017539978
2106,1297446,ALL,2.500715,2.7483882904052734
1598,1240141,MESO,5.439623,4.709685325622559
1626,1330947,LAML,-1.472931,-1.1922824382781982
1057,908159,UNCLASSIFIED,-3.04383,-3.457562208175659
1190,910687,ALL,-5.908896,-4.244572639465332
1036,687798,LUAD,6.165209,5.671472072601318
1919,1290808,MESO,3.191488,2.5785539150238037
1047,909976,UNCLASSIFIED,2.284394,1.6312497854232788
1057,949090,OV,-0.953079,-1.9841649532318115
1561,1290809,MESO,1.811986,1.770086407661438
2048,749714,BRCA,-1.381379,0.6688579320907593
1057,724872,SCLC,-2.225467,-1.2164952754974365
1635,688001,SCLC,4.886091,4.268496990203857
1563,907276,STAD,7.107506,6.089043140411377
1053,1331048,DLBC,1.866317,2.108184337615967
2045,905952,ALL,3.108771,3.451587200164795
1618,907043,UNCLASSIFIED,3.369132,2.2409181594848633
1924,907057,LIHC,4.316042,5.2105231285095215
2096,908470,MESO,5.491192,3.5517938137054443
1932,687819,LUAD,3.507565,2.6716086864471436
1940,906800,UNCLASSIFIED,2.584377,3.1104893684387207
1997,687780,UNCLASSIFIED,2.107993,2.76057505607605
1854,907787,ALL,4.606632,3.9163355827331543
1179,909750,LGG,0.103264,0.08991771936416626
1512,905974,SKCM,2.977459,4.407192707061768
2043,907276,STAD,5.799674,5.335544109344482
1622,753541,HNSC,4.708029,4.041375160217285
1927,713880,SCLC,4.483433,3.660804033279419
1635,946382,BRCA,4.307391,4.31716775894165
1372,1303896,UNCLASSIFIED,0.75028,2.0166690349578857
1916,907270,CLL,1.236091,0.6622512936592102
1017,930297,CESC,4.174321,5.144597053527832
1919,1659818,MM,0.811119,1.7833058834075928
1631,910694,GBM,5.731333,5.038507461547852
1007,753541,HNSC,-6.060866,-5.386160850524902
1375,1503367,ESCA,6.149307,5.3855133056640625
1598,1299062,SCLC,5.270462,5.017107009887695
1089,907276,STAD,4.404094,3.9562125205993652
1941,908127,UNCLASSIFIED,-5.072788,-4.825161457061768
1250,1298539,UNCLASSIFIED,3.839812,2.9920430183410645
1549,905948,KIRC,5.28877,4.417627811431885
1852,724866,LUAD,6.676656,5.657964706420898
1855,907279,LGG,7.493706,6.155440807342529
1058,924238,THCA,0.289685,0.0947144627571106
1249,906856,UNCLASSIFIED,1.502125,1.4724454879760742
1936,909776,UNCLASSIFIED,3.626612,2.6224119663238525
1512,909781,KIRC,7.431795,6.984042644500732
1912,1660034,COREAD,2.252575,1.5579123497009277
1936,906861,UNCLASSIFIED,2.326068,2.9874329566955566
1010,1330950,MM,3.094745,2.7284610271453857
1191,687588,GBM,-5.250825,-4.7699785232543945
1626,1330995,DLBC,1.147938,1.6545023918151855
2109,906869,STAD,1.552032,2.0018131732940674
1799,906842,DLBC,0.483307,1.7369823455810547
1561,910926,BLCA,0.872669,0.9700660109519958
1631,687457,BLCA,3.754029,3.7844440937042236
1237,906808,SCLC,5.03497,4.945233345031738
1022,1298348,LUAD,0.060076,0.5135461688041687
1068,907058,SKCM,2.525037,0.29614657163619995
1617,910569,COREAD,4.614237,3.0392801761627197
1259,724839,CESC,2.772051,4.1230998039245605
1786,906861,UNCLASSIFIED,3.892103,2.7766220569610596
1561,907071,LIHC,3.677859,4.044948101043701
1786,910951,LCML,2.527741,1.5172991752624512
1053,1240140,UNCLASSIFIED,3.634366,3.0527021884918213
1012,910849,UNCLASSIFIED,0.765226,1.4816815853118896
1249,1299075,PRAD,3.25376,3.082779884338379
1512,1298357,STAD,6.037177,6.224925994873047
1940,1330942,LAML,3.568826,3.631009578704834
1614,908123,BRCA,4.475125,2.804304361343384
1375,910900,LUAD,5.658989,5.676433563232422
1931,910705,UNCLASSIFIED,2.221361,3.4086837768554688
1259,1299070,OV,0.289179,2.0661473274230957
1927,909743,ALL,3.98079,3.9770185947418213
1910,909260,ALL,-0.544297,0.4635535478591919
1932,905990,OV,4.676828,4.952478408813477
1561,907271,LGG,2.425833,2.4188554286956787
1060,910952,KIRC,0.216178,0.13789057731628418
2047,1298365,OV,3.647127,4.161354064941406
2107,1674021,COREAD,5.903746,4.746868133544922
1927,1290797,PAAD,5.21039,4.4423627853393555
1084,924238,THCA,-1.839115,-3.3660500049591064
1512,906797,BLCA,5.532657,5.043569564819336
1910,907068,CESC,2.711626,2.350600242614746
1564,1290908,LUAD,2.731131,2.511993646621704
1168,909728,LUSC,1.326556,1.827662467956543
1373,1503367,ESCA,3.172744,2.9814584255218506
1849,910933,GBM,0.502462,0.19668853282928467
1634,1660034,COREAD,5.071325,3.8808953762054443
1011,905944,LUAD,4.141739,3.9312682151794434
1563,1660034,COREAD,5.905139,5.352738380432129
1916,1240210,UNCLASSIFIED,-0.710295,-1.047469139099121
1249,909255,UNCLASSIFIED,2.420672,2.262179374694824
1912,910936,HNSC,-0.490811,0.3807188868522644
1624,1240173,COREAD,5.073289,4.263495445251465
1625,907173,MESO,4.26001,4.448531150817871
2048,905937,COREAD,-3.276101,-3.0487587451934814
1177,907272,ALL,3.904922,3.5495412349700928
1634,908138,UNCLASSIFIED,4.552892,4.623434543609619
1578,909744,ACC,4.776502,4.173285484313965
1049,906865,SKCM,3.462802,3.192046880722046
1177,906795,THCA,5.926636,4.413583755493164
1622,907000,UNCLASSIFIED,4.130675,3.6669812202453613
1032,907056,UNCLASSIFIED,2.521315,2.004000425338745
1054,905935,PRAD,5.330999,5.5743865966796875
1005,909729,GBM,5.376197,2.995634078979492
2096,1299064,ESCA,2.030917,1.7405668497085571
1561,906838,UNCLASSIFIED,2.663013,2.5762882232666016
1553,909975,UNCLASSIFIED,3.481366,5.556951999664307
1529,910689,COREAD,4.76648,4.085116863250732
1799,753555,ESCA,0.18168,-0.5668037533760071
1618,1297449,DLBC,3.07058,2.1310224533081055
1915,909780,BLCA,2.70241,2.9615981578826904
1199,908473,LUAD,3.702313,4.631707191467285
1627,908121,BRCA,2.52958,2.231353759765625
1853,753620,NB,3.677595,4.600255012512207
1249,906828,THCA,3.49222,3.363304615020752
1011,910705,UNCLASSIFIED,-2.805033,-2.051321268081665
1621,909252,ALL,2.462292,2.4956696033477783
1928,909255,UNCLASSIFIED,3.603293,3.055983781814575
1931,1240193,SCLC,4.224082,3.988255262374878
2110,684059,UNCLASSIFIED,3.530686,3.911787509918213
1131,906843,CESC,2.799646,3.8680965900421143
1627,908151,BRCA,2.181791,1.298336148262024
1005,909716,UNCLASSIFIED,3.260395,1.9413857460021973
1910,910915,PAAD,1.565612,2.9007155895233154
1005,907067,SKCM,3.362292,3.566472053527832
1799,909251,ALL,3.429939,3.5163753032684326
1930,1331037,DLBC,-1.895474,-0.5113528370857239
1510,1247871,ALL,4.297209,3.651573419570923
1631,1240147,LIHC,2.599194,1.8022289276123047
1179,687800,LUAD,1.694838,1.6167373657226562
1179,924107,CESC,-0.38853,-0.22152715921401978
1079,688013,SCLC,1.877376,2.9157581329345703
1049,907170,NB,2.756105,2.3172483444213867
1249,753592,LUAD,2.512562,3.5580990314483643
1011,1240187,LUAD,4.583922,2.806924819946289
1190,908451,LAML,-4.324703,-3.5150234699249268
2045,1240189,SCLC,3.768175,4.311282634735107
1047,910933,GBM,3.567771,2.971611261367798
1047,1298348,LUAD,7.184356,7.624323844909668
1996,687819,LUAD,5.494959,3.8518776893615723
1051,1331049,UNCLASSIFIED,-3.340931,-0.9432150721549988
1004,907792,COREAD,-1.406865,-0.6680044531822205
1626,687815,LUSC,3.599265,4.523119926452637
1910,908457,COREAD,1.638906,1.4636023044586182
1634,909264,UNCLASSIFIED,5.697803,4.73857307434082
1558,753584,BLCA,4.168839,2.837862253189087
1053,687819,LUAD,2.597824,3.195585250854492
1529,1240132,MESO,3.329947,5.160284996032715
1373,753612,MM,2.983824,4.02257776260376
1191,1298475,PAAD,-4.622868,-3.0380501747131348
1873,724855,UNCLASSIFIED,2.462182,2.1504065990448
1915,909262,UNCLASSIFIED,2.590183,1.7094963788986206
1084,907062,HNSC,-1.75747,-1.6574161052703857
1079,688014,SCLC,4.297409,4.028030872344971
1849,1331048,DLBC,-1.763257,-2.1276283264160156
1510,749713,BRCA,1.401273,3.5316178798675537
1911,906861,UNCLASSIFIED,-5.540269,-4.492467403411865
1939,687600,UNCLASSIFIED,2.44692,2.41729998588562
2045,713869,LUAD,5.707333,5.218947410583496
1933,1298218,PAAD,5.792292,5.62931489944458
1006,687563,GBM,0.881989,0.2982708215713501
1052,905946,BRCA,3.19733,3.3207011222839355
1614,1503367,ESCA,3.426272,5.308073997497559
1091,1331036,DLBC,0.457954,0.9801200032234192
1553,1240209,STAD,2.700509,2.6050374507904053
1190,905980,KIRC,4.309419,2.5579981803894043
1615,753575,ESCA,6.805216,6.461067199707031
1563,1331032,DLBC,4.119641,4.270034313201904
1918,1240226,SKCM,4.151879,4.966461658477783
1005,907056,UNCLASSIFIED,5.303803,6.001307487487793
1558,909255,UNCLASSIFIED,1.911388,2.300647497177124
1917,1330931,LCML,0.048093,0.5629836320877075
1924,1240199,OV,5.406857,6.094587802886963
1631,924102,THCA,3.571334,3.7281582355499268
1051,1240184,UNCLASSIFIED,3.198364,3.5314443111419678
1940,1503371,ESCA,3.582849,2.6108949184417725
1511,1524416,KIRC,-0.737714,-0.5895588994026184
1073,906851,BRCA,4.38984,5.7985734939575195
2044,724859,LUAD,3.029134,4.066361904144287
1559,910569,COREAD,-2.815898,-3.1766602993011475
1080,1524416,KIRC,-2.913006,-3.03423810005188
1017,909779,UNCLASSIFIED,5.241307,4.331557750701904
1372,907783,LCML,-4.366107,-4.116199493408203
1614,688010,SCLC,5.212561,3.56441068649292
1622,905957,BRCA,3.826508,4.614812850952148
1053,1503363,ESCA,0.914912,1.3694865703582764
1941,1240218,PAAD,-5.258678,-3.701428174972534
1084,909257,OV,-2.792764,-2.9926528930664062
1507,906824,CESC,5.223315,4.944410800933838
1911,905968,OV,-6.112571,-5.639605522155762
1093,906872,NB,4.742184,5.439996719360352
1925,906868,LGG,4.523321,4.55954122543335
1084,1330987,UNCLASSIFIED,-3.700931,-3.847127676010132
1614,688021,SCLC,6.891165,4.264608860015869
1507,910906,UNCLASSIFIED,3.352905,3.41573166847229
2043,910704,BRCA,5.242059,4.829685688018799
2107,909785,UNCLASSIFIED,4.042124,3.2776920795440674
2106,753624,PAAD,5.612885,4.825005531311035
1563,905939,COREAD,7.746404,7.159801006317139
1561,688023,SCLC,1.49012,1.0379842519760132
1908,722046,LUAD,0.721852,0.728736162185669
1631,1290724,HNSC,2.889118,3.461637258529663
1558,906820,NB,3.842353,3.164283514022827
1010,1524416,KIRC,3.585674,3.4119746685028076
1911,946368,GBM,-5.054818,-4.855177402496338
1617,753554,LUSC,3.825071,2.9564261436462402
1926,1298537,LUAD,0.504056,0.7011757493019104
1928,908145,LGG,3.738845,3.54253888130188
1997,717431,NB,1.717375,3.071505069732666
1005,908465,LUAD,4.794135,4.525809288024902
1512,924187,UCEC,6.490901,5.773089408874512
1032,1240131,MESO,3.949517,4.572042942047119
1917,753584,BLCA,4.168076,2.7593538761138916
1249,910779,UNCLASSIFIED,4.558897,4.368469715118408
1510,1290810,MESO,4.084198,4.16031551361084
2047,908454,UNCLASSIFIED,2.788648,3.4019758701324463
2096,687985,SCLC,2.346716,3.202091693878174
1239,1240153,SKCM,1.407466,2.1746435165405273
1022,910936,HNSC,-0.023937,-0.11025470495223999
1630,749717,BRCA,5.487074,5.01237154006958
1912,1298151,LIHC,3.432997,3.630194902420044
1017,906871,LGG,3.903034,3.6679511070251465
1941,910781,UCEC,-5.085597,-4.649559497833252
1084,1674021,COREAD,-1.786201,-2.384058952331543
1249,909977,UNCLASSIFIED,5.415932,4.544249534606934
1512,1331045,DLBC,4.318162,4.211686134338379
1939,910920,KIRC,5.384576,3.649874210357666
1912,909703,ALL,1.54823,1.7287135124206543
1927,908126,LCML,4.816501,4.313901424407959
2106,713869,LUAD,5.692061,5.4243574142456055
1617,909697,STAD,1.466412,0.950394332408905
1936,1330973,SCLC,4.192745,3.401921033859253
1855,684072,UNCLASSIFIED,2.877607,2.9321954250335693
1873,713880,SCLC,0.046519,0.38142162561416626
1259,925340,STAD,3.692914,3.3689422607421875
1558,908443,LUSC,4.677942,3.631481885910034
1862,908473,LUAD,-0.58452,-0.554341733455658
1093,908483,SCLC,4.317664,3.153115749359131
1629,908463,LUAD,6.177145,5.622241497039795
1917,753539,UNCLASSIFIED,0.182131,0.38087552785873413
2107,909703,ALL,4.513966,3.8867571353912354
1915,687455,BLCA,2.537889,2.5227532386779785
1012,906830,SKCM,3.622254,3.0093002319335938
1928,924244,LUAD,4.393547,4.393872261047363
1017,1240122,HNSC,4.989857,6.19577693939209
1996,908142,UNCLASSIFIED,2.95508,3.1698834896087646
1372,1503361,ESCA,1.492002,1.2597522735595703
1093,907275,LAML,4.277777,3.108919858932495
1013,687455,BLCA,2.892243,3.0453507900238037
1053,905957,BRCA,1.148751,1.3785321712493896
2110,905967,LUAD,4.844963,3.561413049697876
1553,753612,MM,3.312528,2.3533108234405518
1560,925347,PAAD,4.091471,3.872349739074707
1930,905933,OV,0.407413,0.879777729511261
1621,905938,LAML,4.286483,4.864006042480469
1908,925348,PAAD,3.047101,1.9746336936950684
1593,687505,CESC,2.828562,2.6568706035614014
1862,908144,LGG,-2.372355,-1.339587926864624
1910,1240141,MESO,5.004114,4.588174343109131
1918,1303896,UNCLASSIFIED,0.219663,-0.08739131689071655
1259,905973,UNCLASSIFIED,3.90856,2.8237948417663574
1939,1290814,MESO,3.730778,5.096814155578613
1084,1290812,MESO,-0.621684,-0.9715142846107483
1912,909720,UNCLASSIFIED,4.228546,3.3239524364471436
1916,946382,BRCA,-0.04774,-0.3180292248725891
1873,905979,KIRC,1.602308,2.280505895614624
1922,905983,GBM,2.380406,3.439329147338867
1909,949163,UNCLASSIFIED,1.581602,0.2338160276412964
1022,909263,COREAD,-0.522975,0.9457204341888428
2109,1503361,ESCA,1.686054,2.237248659133911
2040,753608,LUAD,1.017675,1.3691524267196655
2111,909719,LIHC,4.009135,4.162394046783447
1916,1299081,SKCM,3.117267,2.738288402557373
1512,753608,LUAD,6.765654,6.075088977813721
1191,1240215,UNCLASSIFIED,-4.722199,-3.9327447414398193
1559,909719,LIHC,-1.645452,-2.097715377807617
1091,906827,UNCLASSIFIED,2.385575,1.5235021114349365
1618,907072,UNCLASSIFIED,2.29607,3.517132043838501
1930,687505,CESC,-0.821289,-0.22269505262374878
1003,910784,UNCLASSIFIED,-1.720835,-1.9729220867156982
1239,687819,LUAD,5.36674,4.836905002593994
1941,1298529,HNSC,-3.52154,-3.552375078201294
1624,1330983,LAML,2.585884,2.388554334640503
1259,949161,UNCLASSIFIED,-3.918793,-3.458501100540161
1200,1290812,MESO,4.935763,4.7093377113342285
1924,909248,MB,3.975216,3.6940314769744873
1558,909737,LIHC,4.027927,2.984804153442383
1046,1331049,UNCLASSIFIED,0.372306,-0.104664146900177
1057,683665,MM,-1.357325,-1.738497257232666
1259,753575,ESCA,5.862305,5.09712553024292
1622,724859,LUAD,5.75669,4.401539325714111
1563,753586,UNCLASSIFIED,5.893439,5.389560699462891
2044,907273,UNCLASSIFIED,2.428773,2.4516239166259766
1852,908126,LCML,3.541352,4.22631311416626
1578,908136,UNCLASSIFIED,4.199429,3.86118221282959
1925,753612,MM,5.098364,4.337131023406982
1911,1503364,STAD,-5.849646,-5.332099437713623
1191,907787,ALL,-5.600002,-5.705343246459961
1634,1524416,KIRC,4.444858,4.969743728637695
1131,925348,PAAD,3.324556,4.9635725021362305
1940,909759,UNCLASSIFIED,4.769303,4.136912822723389
1909,925346,PAAD,3.014421,2.6941263675689697
1997,724828,NB,5.361315,4.694894313812256
2046,713869,LUAD,3.371807,3.470585823059082
1200,753612,MM,2.329291,2.9353525638580322
1916,1290813,MESO,2.802268,2.2122247219085693
1049,905941,LUSC,4.105109,5.3411335945129395
1557,909779,UNCLASSIFIED,5.703809,5.769976615905762
1919,1298538,LUSC,-0.150023,0.059049129486083984
1259,949167,UNCLASSIFIED,-3.279943,-2.394624710083008
1625,908146,ALL,3.192197,3.825129508972168
1093,907062,HNSC,4.324319,4.531844139099121
1561,1290905,BRCA,6.995479,7.819302082061768
1237,688006,SCLC,5.201141,4.739903926849365
1372,1298350,LUAD,0.635987,2.067060947418213
1933,907042,LGG,4.99566,4.4007062911987305
1630,906833,MB,2.530372,3.389782667160034
1873,687590,GBM,1.019326,1.3614046573638916
1083,753573,ESCA,3.787647,1.9357407093048096
1618,907320,ESCA,4.118994,3.291066884994507
1199,907172,SKCM,4.857483,3.822716236114502
1010,753621,ESCA,1.471203,1.4093568325042725
1049,907783,LCML,2.137736,2.7330236434936523
1635,925338,BRCA,5.307832,5.0659966468811035
1047,688013,SCLC,4.767949,3.2281596660614014
1922,753621,ESCA,1.167473,1.6286824941635132
1249,909721,LUAD,6.232854,4.911759376525879
1799,907062,HNSC,3.985102,3.2454752922058105
1786,1240142,LUSC,1.241409,1.742767333984375
1634,687780,UNCLASSIFIED,5.278985,4.698735237121582
1593,1240131,MESO,4.944371,4.8654937744140625
1926,1331033,DLBC,-0.622575,-1.68276047706604
1919,713880,SCLC,0.945111,1.3748154640197754
1558,1240215,UNCLASSIFIED,4.181628,3.8985517024993896
2044,946353,ESCA,2.444904,3.4609358310699463
1909,1298539,UNCLASSIFIED,3.255298,3.0882368087768555
1931,908127,UNCLASSIFIED,5.388569,5.192785263061523
1916,1322212,SCLC,1.197265,1.5187716484069824
1927,687807,LUAD,5.716265,6.680747985839844
1373,905977,SKCM,-0.035138,-0.7132547497749329
1936,687563,GBM,1.88083,1.8970024585723877
1940,1503365,ESCA,5.900705,4.330963134765625
1939,1240146,LUAD,3.477456,3.467362880706787
1034,724863,UNCLASSIFIED,-3.102145,-3.069882392883301
1080,1298537,LUAD,-0.312367,-1.9945690631866455
1576,908475,LUAD,3.082492,3.0932836532592773
1068,905960,BRCA,1.500671,1.9040606021881104
1578,724872,SCLC,4.851201,4.044610500335693
1622,905946,BRCA,3.686547,4.507099151611328
1177,1503364,STAD,4.811693,4.1428446769714355
1093,905945,BRCA,2.326731,2.933326005935669
1598,905940,LCML,2.595315,2.8313791751861572
1917,687821,LUAD,3.545363,4.40497350692749
1853,1299050,HNSC,4.393906,3.738286256790161
1618,907042,LGG,2.374644,2.4854094982147217
1084,906839,GBM,-2.396888,-2.7312753200531006
1909,1660034,COREAD,2.069628,2.3519439697265625
1617,906821,PAAD,1.420633,2.2832632064819336
1853,907796,UNCLASSIFIED,3.635951,5.0723137855529785
1079,907317,ESCA,1.447155,-0.3881838917732239
1910,1298157,BRCA,2.568825,2.331988573074341
1910,908454,UNCLASSIFIED,-0.376665,-0.1250644326210022
1620,1480371,OV,5.92399,5.517972469329834
1058,749714,BRCA,1.422593,1.9522368907928467
1620,1331033,DLBC,3.052183,3.5816712379455566
1786,687505,CESC,3.162985,2.2091243267059326
1561,906834,MB,1.920515,1.433629035949707
1511,1330993,PRAD,-1.810417,-1.348531723022461
1060,907065,BLCA,2.415268,2.2704949378967285
1924,909716,UNCLASSIFIED,1.051599,1.0978299379348755
1849,907788,PRAD,-2.213365,-1.2561469078063965
1852,949168,UNCLASSIFIED,6.077932,4.8680572509765625
1237,905938,LAML,4.601222,3.5826499462127686
1060,1298350,LUAD,1.309733,1.1584806442260742
2107,909719,LIHC,4.470937,4.5945024490356445
1928,924110,UNCLASSIFIED,5.038426,4.081766605377197
1080,906824,CESC,-3.162286,-3.099987745285034
1003,910548,OV,-2.945254,-0.20993191003799438
1909,907067,SKCM,2.423996,2.291802406311035
1853,910944,ALL,2.702683,3.105102062225342
1618,949167,UNCLASSIFIED,3.299551,3.2771334648132324
1559,906805,LUAD,-2.241583,-1.5213232040405273
1168,687448,SKCM,3.75616,3.5896201133728027
1936,909248,MB,3.142003,2.90988826751709
1047,905949,LUAD,1.915025,2.4138002395629883
1564,1295741,MM,1.555661,1.8236923217773438
1268,724825,MM,3.906691,4.2387309074401855
1373,1240160,LIHC,4.738526,4.518194675445557
1924,1290724,HNSC,2.751215,2.991525411605835
1191,906861,UNCLASSIFIED,-4.898685,-4.525191307067871
1578,910932,SKCM,5.595028,5.012877464294434
1088,906873,GBM,1.058851,1.0033137798309326
1084,1299050,HNSC,-2.492552,-1.5003948211669922
1375,1290809,MESO,6.111045,6.452765941619873
1928,905971,COREAD,3.458354,3.46205997467041
1564,906808,SCLC,4.809355,5.116247653961182
1624,910952,KIRC,1.341796,2.265967845916748
1512,924250,STAD,6.161083,5.280523300170898
1855,909748,COREAD,6.382831,4.029191970825195
1010,910907,PAAD,4.269643,4.339393138885498
1852,724863,UNCLASSIFIED,5.990279,5.367963790893555
1621,909745,GBM,5.071293,4.8131422996521
1940,724825,MM,4.001027,3.813002347946167
1373,753561,HNSC,4.348953,4.285663604736328
1578,1240128,UNCLASSIFIED,4.610061,4.64856481552124
1012,908131,UNCLASSIFIED,2.364166,2.5573389530181885
1259,1247871,ALL,-3.669128,-1.2387595176696777
1249,1240137,MESO,4.444576,5.109600067138672
1625,1303896,UNCLASSIFIED,1.770651,2.8593106269836426
1200,905980,KIRC,4.051505,4.803205490112305
1191,749713,BRCA,-4.812146,-4.694623947143555
1083,908149,UNCLASSIFIED,2.156944,3.3608036041259766
1083,687562,GBM,2.85454,2.5813095569610596
1510,905964,MM,2.57387,2.487318754196167
1553,924104,THCA,4.681187,2.8154680728912354
1054,905933,OV,6.020365,5.023670673370361
1996,909977,UNCLASSIFIED,4.758931,5.5456061363220215
1598,906872,NB,5.30718,5.067388534545898
1862,909754,UNCLASSIFIED,-1.467488,-1.0938916206359863
1553,910903,SKCM,2.115835,2.291105270385742
1080,907170,NB,-6.074243,-4.604394435882568
2096,908474,UNCLASSIFIED,2.888081,3.2075066566467285
1239,753608,LUAD,1.790111,2.0123021602630615
1034,909743,ALL,-3.207924,-2.2501204013824463
1613,925341,UNCLASSIFIED,3.321719,3.827176809310913
1038,1290922,BRCA,3.201106,2.455763578414917
1631,907000,UNCLASSIFIED,2.039934,1.9099586009979248
2110,908121,BRCA,3.619789,4.112271308898926
1560,749712,BRCA,3.411042,3.3642730712890625
1624,906847,UNCLASSIFIED,1.157085,1.3096833229064941
1626,908447,NB,3.689801,4.125114917755127
1191,905969,OV,-3.764232,-3.6904776096343994
1911,908145,LGG,-4.957704,-5.7574567794799805
1911,906834,MB,-6.942002,-6.6317138671875
1786,905969,OV,4.565816,5.403597831726074
1511,925348,PAAD,1.679437,0.45931461453437805
1918,910948,BRCA,4.476672,3.2772955894470215
1854,908447,NB,5.405337,4.621626853942871
1564,907271,LGG,1.253983,2.331826686859131
2111,949157,UNCLASSIFIED,4.358096,3.915287971496582
1005,949094,GBM,2.126732,2.453042984008789
1007,1290722,THCA,-4.305977,-3.979512929916382
1849,906863,HNSC,-1.501785,-0.35682541131973267
1799,907300,LAML,3.140147,2.8115272521972656
1004,909757,COREAD,-4.319812,-3.374450922012329
1080,688121,UNCLASSIFIED,-3.505292,-0.8431407809257507
1093,905969,OV,5.89973,6.664918422698975
2111,749709,BRCA,4.904329,4.814619064331055
1080,1330973,SCLC,-2.826075,-0.5584341883659363
1088,724839,CESC,2.987953,3.87814998626709
1913,724859,LUAD,6.264995,5.245902061462402
1617,905952,ALL,-3.004634,-1.03861403465271
1259,909743,ALL,0.448344,-0.9588016867637634
1613,946353,ESCA,3.94564,2.7151331901550293
1375,924110,UNCLASSIFIED,5.406687,5.75681209564209
1051,688010,SCLC,-1.504126,-1.7990930080413818
1578,909761,COREAD,6.279888,5.051991939544678
1613,1299070,OV,2.943381,2.7535836696624756
1936,907299,UNCLASSIFIED,1.353531,2.4554836750030518
1618,909701,UNCLASSIFIED,2.373889,2.264517068862915
1199,1240223,THCA,4.997431,6.134012699127197
1926,724839,CESC,2.548153,2.90730357170105
1080,1240141,MESO,1.250204,0.570292055606842
1932,1240157,LIHC,3.857169,2.2451999187469482
2044,1240122,HNSC,3.737262,5.31108283996582
2111,907787,ALL,2.691057,1.3379751443862915
1909,687997,SCLC,-0.106262,1.5140736103057861
1036,1327774,UNCLASSIFIED,3.810402,3.381997585296631
1553,910702,PAAD,5.061346,3.8900139331817627
2040,905949,LUAD,0.40368,0.3435128331184387
1553,908147,ALL,-0.038808,0.605911910533905
1910,1240201,PAAD,2.534012,2.684487819671631
1046,905939,COREAD,1.682872,1.1945781707763672
1032,906847,UNCLASSIFIED,1.208492,1.2138696908950806
1940,906798,BLCA,3.719778,3.358473539352417
2111,1240134,MESO,4.215205,3.293022871017456
1060,909708,HNSC,-1.25526,-2.064072847366333
1089,1503370,LUAD,2.304135,3.203333854675293
1553,1298151,LIHC,5.088548,5.643534183502197
1917,724878,LUAD,4.047892,3.4303622245788574
1553,909249,MM,0.829991,0.397490531206131
1576,1330933,UNCLASSIFIED,1.908655,1.2937580347061157
1049,907313,GBM,4.475408,3.6260552406311035
1549,1240198,OV,3.654886,2.135073184967041
1005,905965,UNCLASSIFIED,0.57961,-0.10982149839401245
2106,724828,NB,5.572559,2.730802536010742
1927,930299,THCA,4.370925,6.282363414764404
1060,910933,GBM,-1.784238,-1.3634254932403564
1931,688121,UNCLASSIFIED,6.333002,5.606618881225586
1372,908144,LGG,1.373917,2.466379404067993
1996,688086,NB,5.422179,2.8845677375793457
1624,713899,SCLC,3.690524,3.573976993560791
1046,724831,UNCLASSIFIED,1.842497,2.2179627418518066
1578,910905,COREAD,5.353363,5.731125831604004
1372,905947,KIRC,0.686185,1.1327699422836304
1617,1240128,UNCLASSIFIED,2.466269,2.0209758281707764
1634,906853,UNCLASSIFIED,5.303755,5.5914130210876465
1913,910852,BRCA,5.602607,4.801196098327637
2048,688001,SCLC,-3.94344,-4.5741705894470215
1932,1240198,OV,2.406028,3.910111665725708
1908,908143,UNCLASSIFIED,2.616517,3.9227216243743896
2044,1240123,COREAD,4.867971,4.707248687744141
1559,1240223,THCA,-0.658759,-1.491389274597168
1057,1240200,OV,-0.342593,-0.5304635167121887
2040,909735,UCEC,1.44087,1.1807576417922974
1036,906835,GBM,3.192421,3.2973620891571045
1012,909719,LIHC,1.479274,2.6428236961364746
1622,1298151,LIHC,4.421213,4.3417510986328125
1507,906847,UNCLASSIFIED,4.29311,3.7551181316375732
2044,1299050,HNSC,3.965568,3.7303783893585205
1084,907065,BLCA,-2.093394,-1.3754141330718994
1908,1330964,SCLC,4.793929,4.07975959777832
1909,909735,UCEC,1.535589,2.153634786605835
1259,905972,LUAD,2.272227,2.597865343093872
1529,753561,HNSC,0.004598,-1.3354408740997314
1079,1240128,UNCLASSIFIED,2.043225,3.4611730575561523
1079,1330933,UNCLASSIFIED,1.643557,-1.2727360725402832
1180,724870,PAAD,-3.071943,-2.2127525806427
2045,724878,LUAD,7.026735,5.929900646209717
1855,1247873,LUAD,4.196196,4.322642803192139
1093,906846,UNCLASSIFIED,4.274673,3.7037482261657715
2111,910927,BRCA,2.103111,3.319864511489868
1005,1298538,LUSC,3.485417,3.6884970664978027
1013,907276,STAD,4.914714,4.942889213562012
1093,1298533,PAAD,4.726178,5.308169841766357
1511,907268,UNCLASSIFIED,-3.278646,-2.4781980514526367
1625,909746,COREAD,5.519364,5.674870014190674
1007,906812,BRCA,-5.581017,-4.472723484039307
1626,908470,MESO,1.561537,1.888319730758667
1032,909248,MB,2.244037,2.398463010787964
1598,949166,UNCLASSIFIED,3.968535,3.4547207355499268
1091,753576,ESCA,3.289401,3.3607475757598877
1049,1240217,LIHC,4.644611,3.308133840560913
1932,908151,BRCA,4.217501,3.5330464839935303
1079,907051,UCEC,3.182841,2.613600254058838
1004,1240181,NB,-4.46524,-4.0851898193359375
1854,906804,UNCLASSIFIED,3.583016,4.482837677001953
1564,753585,KIRC,4.406629,3.293186902999878
1529,1295740,ALL,-1.067818,-0.8537846207618713
1615,908126,LCML,4.79897,4.761133193969727
1918,909256,BRCA,3.472978,-0.019294798374176025
1563,1331040,UNCLASSIFIED,3.915538,3.6176748275756836
1032,905989,COREAD,1.237494,1.0801539421081543
1199,908457,COREAD,3.449471,3.7734432220458984
1091,907071,LIHC,2.482211,2.589879035949707
1022,724872,SCLC,-0.303031,0.47163015604019165
1913,908460,LUAD,8.149737,7.377891540527344
1553,949168,UNCLASSIFIED,1.563656,1.755049705505371
1079,905991,OV,0.862705,-0.4374709725379944
1578,1480362,OV,4.155721,5.074328422546387
1593,687588,GBM,2.86475,2.8114118576049805
1510,909744,ACC,2.247368,3.4219613075256348
1011,905939,COREAD,3.476255,1.1220500469207764
1553,753555,ESCA,1.60028,1.2815361022949219
1058,724879,LUSC,2.302876,1.8192558288574219
2040,1299062,SCLC,1.470009,1.6847622394561768
1915,1240217,LIHC,3.253318,3.247377872467041
1512,906831,UNCLASSIFIED,3.693115,3.957118272781372
1852,713869,LUAD,5.906085,5.4421610832214355
1168,910849,UNCLASSIFIED,2.723079,2.173201084136963
1620,1299080,SKCM,5.687431,5.2431535720825195
1259,909728,LUSC,3.210268,3.745300054550171
1003,717431,NB,-2.89981,-3.2467310428619385
1578,753556,LUSC,4.867078,5.213375091552734
1594,905937,COREAD,3.898275,3.9217092990875244
1053,1290807,UNCLASSIFIED,3.120262,2.065302610397339
1248,1299075,PRAD,-2.088495,-2.7191808223724365
1017,688023,SCLC,3.433604,3.2948861122131348
1088,909716,UNCLASSIFIED,3.018882,2.124925136566162
1631,909250,KIRC,4.548293,3.367161750793457
1632,906851,BRCA,3.828688,3.4241371154785156
1631,907314,NB,2.700418,3.7766857147216797
1088,688121,UNCLASSIFIED,1.451238,1.4442001581192017
1873,924250,STAD,2.433273,2.614943265914917
1563,1240217,LIHC,5.095718,5.51558256149292
1259,907170,NB,-2.069587,-0.5380259156227112
1375,924239,MM,5.539682,4.482905387878418
1007,906790,STAD,-4.826227,-5.7618608474731445
2043,907270,CLL,4.716465,3.638949155807495
1557,687505,CESC,5.477898,4.593419075012207
1073,1290809,MESO,6.729679,5.907444477081299
1873,907790,COREAD,0.355689,0.36634841561317444
1926,910702,PAAD,1.959283,1.7686666250228882
1560,924241,SCLC,4.368557,3.782583475112915
1915,909777,UNCLASSIFIED,2.258692,2.331047773361206
1012,1240131,MESO,5.033211,3.5258610248565674
1621,949165,UNCLASSIFIED,3.596949,4.047601222991943
1375,1295741,MM,4.202144,3.743574619293213
1578,753558,KIRC,6.812397,5.284185409545898
1047,925348,PAAD,5.898744,5.962294578552246
1996,909263,COREAD,3.57498,4.110524654388428
2111,713880,SCLC,3.694502,3.9121551513671875
2043,1290797,PAAD,4.542315,4.707311630249023
1012,687455,BLCA,2.852949,3.090118169784546
1855,687812,LUAD,5.757769,4.671815395355225
1629,906820,NB,4.747607,5.253503799438477
1564,909770,STAD,0.314582,0.6911725997924805
1190,1330947,LAML,-4.711571,-4.730349063873291
1997,930299,THCA,6.264993,6.278565883636475
1012,925346,PAAD,3.928924,2.2835586071014404
1249,909725,SKCM,4.675354,5.100612640380859
1561,910401,UNCLASSIFIED,3.098257,2.0113885402679443
1941,906826,BRCA,-6.863287,-6.644543647766113
1919,1298537,LUAD,1.590912,1.0108287334442139
1786,1330995,DLBC,2.13857,3.2895359992980957
1177,924240,BRCA,4.543844,4.856907844543457
1930,908126,LCML,-0.442065,-0.0720166563987732
1005,924107,CESC,2.422929,2.062091827392578
1375,907044,UNCLASSIFIED,2.60275,3.7560536861419678
1932,1331048,DLBC,3.003819,2.298652172088623
1168,1240202,LUAD,-1.515233,-1.9033706188201904
1629,908471,UNCLASSIFIED,2.741525,3.069694995880127
1507,1298136,PAAD,5.198405,5.559629440307617
1083,906836,UNCLASSIFIED,-2.641189,-1.6967086791992188
1250,910947,LAML,-0.548844,-0.22157299518585205
1060,1240196,HNSC,2.014603,1.5790176391601562
1529,713880,SCLC,-1.308827,-0.5966516137123108
1911,908142,UNCLASSIFIED,-5.753227,-5.18553352355957
1939,753610,SCLC,2.460524,2.257138729095459
1373,907000,UNCLASSIFIED,3.892975,3.7322237491607666
1017,1674021,COREAD,4.563348,4.816835403442383
1059,1660034,COREAD,-0.787242,0.20250779390335083
1060,1290724,HNSC,0.937301,1.4976252317428589
1032,909716,UNCLASSIFIED,1.397747,0.9912064075469971
1932,907796,UNCLASSIFIED,3.606492,3.3276026248931885
1046,906844,BRCA,0.435697,0.4070238471031189
1630,688001,SCLC,4.072825,2.5421717166900635
1180,907173,MESO,-2.063108,-1.4534242153167725
1873,688006,SCLC,1.193852,1.005110502243042
2096,1298219,UNCLASSIFIED,6.229769,5.2862443923950195
2047,724866,LUAD,3.444087,2.9013967514038086
1620,924151,THCA,5.788212,5.258830547332764
1931,908465,LUAD,6.130769,6.223165988922119
1922,1299081,SKCM,2.035742,1.8469648361206055
1259,909755,COREAD,3.999129,4.071086406707764
1936,1503366,ESCA,1.541997,2.5644683837890625
1058,946360,OV,2.948491,3.100094795227051
1910,924151,THCA,1.886389,3.0657615661621094
1553,907069,UNCLASSIFIED,3.981289,3.960573196411133
1855,909719,LIHC,4.548834,4.700092315673828
1012,908447,NB,0.533533,1.17997145652771
1510,906848,UNCLASSIFIED,2.613402,2.996438503265381
1852,907071,LIHC,6.098082,5.547140598297119
1621,910947,LAML,2.976572,2.884871244430542
1593,910948,BRCA,5.076163,3.8550050258636475
1614,1240183,LUSC,3.315275,4.756730079650879
1089,749717,BRCA,6.380897,5.470952033996582
1910,907783,LCML,0.759054,-0.15728449821472168
1912,905955,SKCM,4.512826,3.811966896057129
1997,1240169,GBM,4.486248,3.8592443466186523
1529,1299052,HNSC,-2.493327,3.434520959854126
1068,687983,SCLC,1.066498,1.495298981666565
1083,925347,PAAD,5.011115,4.387655735015869
1034,749714,BRCA,-2.443285,-2.1579575538635254
1249,906763,ALL,1.405709,1.5913230180740356
1003,749715,BRCA,-1.728301,-1.170048475265503
1996,910850,LIHC,6.607807,4.674490451812744
1561,1240159,LIHC,2.757061,3.0193991661071777
1939,753572,PAAD,2.038768,2.212507486343384
1088,1327769,DLBC,-0.010794,-0.39630359411239624
1080,998189,COREAD,-1.504954,-1.7803254127502441
1627,907787,ALL,2.306101,1.9350171089172363
1936,1240162,HNSC,3.860528,3.5616648197174072
1558,1240223,THCA,5.998475,7.334151744842529
1557,907290,UNCLASSIFIED,6.530454,5.758739471435547
2109,724873,LUAD,1.899185,2.1896402835845947
1032,753539,UNCLASSIFIED,1.734951,2.3392114639282227
1268,909716,UNCLASSIFIED,4.936742,3.8325021266937256
1926,753574,ESCA,0.41413,0.6624947786331177
1917,909747,COREAD,3.591444,5.515745639801025
1180,907796,UNCLASSIFIED,-2.30929,-0.14295440912246704
1237,1240166,UNCLASSIFIED,4.011846,3.745558977127075
1997,908462,MESO,4.946703,4.060781002044678
2110,907269,CLL,3.069294,3.9593546390533447
2111,1240210,UNCLASSIFIED,3.664402,3.691843271255493
2109,905973,UNCLASSIFIED,3.61039,3.4756345748901367
1854,1240128,UNCLASSIFIED,5.615237,4.994875907897949
1615,910932,SKCM,4.381322,4.317561149597168
1624,909263,COREAD,3.393841,2.3392186164855957
1511,906832,DLBC,-2.177879,-2.9784741401672363
1068,1299081,SKCM,-0.039866,0.7220734357833862
1622,906864,THCA,4.673104,4.896928310394287
1096,907048,BRCA,2.136671,2.4909276962280273
2045,909699,UNCLASSIFIED,6.892855,6.123748302459717
1010,906763,ALL,2.825688,2.62052583694458
1032,908130,UCEC,3.927774,3.5556142330169678
1910,910546,PAAD,2.678436,2.6352317333221436
1093,749715,BRCA,5.912746,3.548757553100586
1932,908129,UCEC,5.495806,3.601332902908325
1200,909264,UNCLASSIFIED,3.381827,3.662700653076172
1085,998189,COREAD,3.388402,3.4726243019104004
1089,907269,CLL,1.182621,0.6137799620628357
2047,907318,ESCA,2.902608,3.5766794681549072
1933,909907,BRCA,7.034367,6.344433307647705
1053,1298533,PAAD,5.070292,3.7654311656951904
1268,905964,MM,3.916863,4.279458522796631
1259,1240143,LUSC,3.745302,3.653702974319458
1239,1240167,ESCA,0.502871,0.9909958839416504
1916,910900,LUAD,4.123123,3.9168200492858887
1549,908467,UNCLASSIFIED,4.441249,4.368104457855225
1927,1330972,SCLC,5.268583,4.840320110321045
2045,907291,COREAD,4.555005,4.467247009277344
1553,906872,NB,5.159343,2.8776400089263916
1917,910904,HNSC,3.257059,3.1539952754974365
1622,930298,CESC,3.737294,3.9140896797180176
1005,910907,PAAD,3.522298,4.853052616119385
1854,1240200,OV,4.244048,4.812972545623779
1926,1240219,PAAD,1.002614,0.887742817401886
1012,687505,CESC,0.405851,1.2071043252944946
1131,949177,NB,2.070477,3.042139768600464
1626,1299080,SKCM,3.673106,3.289090633392334
1849,1240186,SCLC,2.393433,0.88320392370224
1620,906797,BLCA,5.246002,5.190361022949219
1250,946353,ESCA,1.642322,1.8962736129760742
1940,910920,KIRC,3.042714,2.4115121364593506
1915,908483,SCLC,2.521793,2.1265616416931152
1053,905934,PRAD,4.626485,5.00435209274292
1578,930297,CESC,5.704965,4.9247145652771
1079,753555,ESCA,1.249856,-0.24547916650772095
1996,909738,LIHC,5.315207,4.159538745880127
2107,753561,HNSC,3.909826,4.169426918029785
1922,910915,PAAD,3.288385,2.7001781463623047
1131,1331049,UNCLASSIFIED,3.559862,2.9732816219329834
2043,906833,MB,4.165017,4.394059181213379
1032,909747,COREAD,5.79223,3.970568895339966
1549,910689,COREAD,3.64616,3.460888385772705
1373,910932,SKCM,3.843386,1.7242622375488281
2107,907794,COREAD,5.630445,5.008774757385254
1624,1240212,CESC,4.826733,4.224568843841553
1086,1298157,BRCA,-3.631544,1.3021364212036133
1060,907072,UNCLASSIFIED,0.820721,0.4423083961009979
2040,1503368,ESCA,2.044364,1.5986368656158447
1529,1298529,HNSC,2.411245,0.3289153575897217
2109,1240151,STAD,1.897663,2.0552191734313965
1022,905958,ALL,-1.17768,-0.550048291683197
1620,687777,LUAD,6.448499,5.781100749969482
1003,907790,COREAD,-3.221495,-3.2298476696014404
1625,1240216,LIHC,6.260803,5.668331623077393
1079,907792,COREAD,-1.257819,0.6847316026687622
1375,910850,LIHC,5.853265,5.911706924438477
1073,753574,ESCA,5.384428,6.116425514221191
1011,907787,ALL,-2.921973,-2.7748935222625732
1919,687586,GBM,2.39413,2.8551318645477295
1268,909743,ALL,4.971105,4.2575907707214355
1932,924151,THCA,2.604948,3.195875406265259
1085,905942,LUAD,2.062648,2.0015997886657715
1190,905986,GBM,-2.141021,-0.7262058854103088
1003,908125,SKCM,0.292833,-0.4625470042228699
1250,684052,UNCLASSIFIED,1.275927,0.6530346274375916
2106,1322224,STAD,3.769778,0.7337496280670166
1996,687802,LUAD,4.911763,3.965315818786621
1635,907053,LAML,4.414077,4.015832901000977
1618,906872,NB,3.243931,4.099436283111572
1634,906864,THCA,4.960858,4.819011688232422
1179,687821,LUAD,3.660867,3.233319044113159
1593,910784,UNCLASSIFIED,4.401,2.7349021434783936
1917,753618,NB,0.340317,-0.13069087266921997
1913,1240123,COREAD,3.704544,3.946551561355591
1909,908148,LAML,0.435326,-2.1703298091888428
1005,1240223,THCA,6.749114,4.451418876647949
1060,949166,UNCLASSIFIED,2.506349,2.3919167518615723
1131,1240123,COREAD,5.189486,5.052316665649414
1613,905948,KIRC,4.327075,2.033604145050049
1624,909722,UNCLASSIFIED,0.620231,0.30215421319007874
2047,908130,UCEC,3.07572,4.784155368804932
1373,753554,LUSC,4.674752,4.557212829589844
1855,906851,BRCA,3.811157,5.5879364013671875
1005,909736,LIHC,6.171969,5.523396015167236
1060,753562,HNSC,0.33454,0.28613099455833435
1249,906805,LUAD,3.673675,4.309134006500244
1926,910688,LAML,-0.676298,-0.5828788876533508
1034,1240132,MESO,-2.134616,-0.7623584866523743
1854,687600,UNCLASSIFIED,5.549125,5.057216644287109
1578,906836,UNCLASSIFIED,2.90807,3.0278990268707275
1003,1503361,ESCA,-1.66711,-1.8275113105773926
1915,907173,MESO,3.151404,3.577744722366333
1564,1240154,THCA,0.153123,0.48230427503585815
1997,684072,UNCLASSIFIED,2.469768,1.7577438354492188
1089,910704,BRCA,4.794872,3.048402786254883
1559,925347,PAAD,1.461843,0.7469947934150696
1618,1290724,HNSC,4.125759,4.106200218200684
1626,906804,UNCLASSIFIED,-0.363208,0.18998080492019653
1068,753618,NB,-0.097877,0.17515510320663452
1510,908123,BRCA,3.003349,4.214624881744385
1922,1659928,COREAD,1.573576,1.3860596418380737
1375,1298526,PAAD,7.786829,6.818039894104004
1057,1240131,MESO,-0.247896,0.7520819902420044
1047,909262,UNCLASSIFIED,4.17914,3.6395585536956787
1051,753554,LUSC,2.682171,2.40928053855896
1017,908144,LGG,5.115402,5.123627662658691
2045,687812,LUAD,4.47704,4.8536906242370605
1013,909974,KIRC,5.954862,5.588900089263916
1032,687812,LUAD,2.275246,2.370086908340454
1191,1290810,MESO,-3.446455,-3.125149726867676
1003,1298539,UNCLASSIFIED,-0.483348,0.2873218059539795
1917,909780,BLCA,1.140902,1.6798319816589355
1598,909774,UNCLASSIFIED,4.610138,4.887683391571045
1131,906800,UNCLASSIFIED,1.172737,2.0203161239624023
1047,1331039,UNCLASSIFIED,1.276068,2.014681339263916
1051,924102,THCA,4.962369,3.212106943130493
1004,910704,BRCA,-2.721654,-4.672791004180908
1618,688086,NB,3.536791,4.078165054321289
1046,1240200,OV,3.451082,3.0450832843780518
1003,687586,GBM,-2.376573,-1.3779923915863037
1268,908447,NB,4.925202,4.534483432769775
1621,1240210,UNCLASSIFIED,2.716346,3.0209176540374756
1997,753538,HNSC,0.398311,3.544189214706421
1620,1240186,SCLC,6.112544,5.724979400634766
1084,905976,SKCM,-0.695151,-3.088061571121216
1853,1509073,KIRC,4.703122,3.8811933994293213
1239,909740,COREAD,3.098997,3.133967161178589
1511,1298146,LIHC,2.904738,1.3377795219421387
2109,1240149,UNCLASSIFIED,1.181214,1.2814674377441406
1073,906843,CESC,6.445768,5.365827560424805
1941,906869,STAD,-4.750694,-5.036927700042725
1598,717431,NB,4.57507,4.267916202545166
2106,1299080,SKCM,2.615523,2.616941452026367
1615,910943,GBM,6.282298,5.642326831817627
1621,908475,LUAD,4.010473,4.272622108459473
1557,909977,UNCLASSIFIED,5.676654,5.053089141845703
1093,724825,MM,4.102187,3.5881922245025635
1034,906871,LGG,-3.638017,-3.7327773571014404
1615,1290730,BLCA,4.733337,5.171417236328125
2043,905971,COREAD,4.846194,4.407647132873535
1620,1299050,HNSC,5.860745,5.111631393432617
1927,1240159,LIHC,6.517286,5.8264007568359375
2044,905991,OV,3.310078,2.7978575229644775
1047,907067,SKCM,2.206359,2.6070008277893066
1558,925347,PAAD,5.661046,4.921006679534912
1559,753576,ESCA,-0.650609,0.30547407269477844
1853,1240134,MESO,4.225644,4.601747035980225
2111,753610,SCLC,2.788066,3.73923659324646
1510,1240197,OV,4.107655,3.8455073833465576
1908,910941,NB,3.067973,3.283870220184326
1854,906821,PAAD,5.720624,5.671672344207764
1057,687820,LUAD,-0.024388,1.0795259475708008
1931,908131,UNCLASSIFIED,5.622046,5.377009868621826
1190,908146,ALL,-1.140322,-2.9012129306793213
1931,1659818,MM,4.309966,3.6712355613708496
1576,908483,SCLC,1.86572,1.6982104778289795
1131,949167,UNCLASSIFIED,4.014929,3.7244293689727783
1190,906847,UNCLASSIFIED,-0.54669,-1.944622278213501
1200,687820,LUAD,5.567814,4.864434242248535
1089,909729,GBM,4.846424,4.942018032073975
1093,1659818,MM,3.969731,3.7836902141571045
1250,908132,UNCLASSIFIED,1.200449,0.9499065279960632
1996,949163,UNCLASSIFIED,2.133095,2.61564302444458
1004,930297,CESC,0.718061,0.2550985813140869
1032,910569,COREAD,1.715276,1.505720615386963
1237,1480362,OV,5.77442,5.327908992767334
1200,687505,CESC,2.591488,2.610285520553589
2040,907055,STAD,-0.201392,0.654518723487854
1621,908129,UCEC,4.051281,4.4267988204956055
1259,907789,ALL,4.311489,2.3379039764404297
1916,1298529,HNSC,3.06481,3.585258960723877
1927,908144,LGG,5.482589,5.02519416809082
1373,1298529,HNSC,5.202116,5.886625289916992
1622,1674021,COREAD,5.819228,4.622195720672607
1613,906836,UNCLASSIFIED,0.226276,-1.0697455406188965
1593,687568,GBM,3.786982,3.599494695663452
1932,910937,SCLC,2.051151,2.061152219772339
1853,998184,ALL,1.35423,2.3907878398895264
1375,907320,ESCA,6.770986,6.1106977462768555
1177,753538,HNSC,4.464804,5.233730792999268
1249,753565,SCLC,3.082749,2.62037992477417
1032,905933,OV,1.603618,2.4635701179504395
1933,949153,ALL,3.083058,3.309725522994995
1635,1331040,UNCLASSIFIED,3.766922,3.3879542350769043
1620,753565,SCLC,4.88106,4.305893421173096
1917,1503365,ESCA,2.917852,3.433769941329956
1626,1240186,SCLC,4.274793,3.8287718296051025
1549,925341,UNCLASSIFIED,4.960373,4.646968364715576
2096,905949,LUAD,0.742541,1.0882964134216309
2043,909761,COREAD,4.564807,4.787466526031494
2045,908159,UNCLASSIFIED,4.185092,2.387946605682373
1049,1240192,SCLC,4.841751,4.620746612548828
1049,910907,PAAD,5.493602,5.243730068206787
1093,1297449,DLBC,2.944074,4.539556503295898
1910,905934,PRAD,1.998219,3.141765832901001
1191,1240158,LIHC,-4.622793,-3.72438645362854
1259,906801,BRCA,4.644595,3.699711322784424
1512,946355,ESCA,5.30772,5.220035552978516
2040,1290814,MESO,0.959748,1.0990360975265503
1910,906851,BRCA,2.095327,2.4181318283081055
1620,909701,UNCLASSIFIED,3.254935,3.947662830352783
1237,687563,GBM,4.548771,4.94852876663208
1022,907055,STAD,-0.438459,-1.8061833381652832
1854,924107,CESC,4.934672,4.618386745452881
1936,924238,THCA,2.779491,2.7653019428253174
2107,946359,BRCA,6.620679,7.064826488494873
1507,687562,GBM,4.978966,4.148876190185547
1131,753585,KIRC,6.927337,4.727965831756592
1191,907072,UNCLASSIFIED,-4.96468,-4.618740558624268
1578,910906,UNCLASSIFIED,4.165884,3.526334047317505
2043,907273,UNCLASSIFIED,4.220648,3.9987363815307617
1560,905955,SKCM,4.630982,4.991137504577637
1911,906821,PAAD,-4.300577,-4.34230375289917
1373,722046,LUAD,4.12614,3.413588762283325
1576,753547,SCLC,2.298791,2.2148239612579346
1511,1240179,CESC,-1.184615,-0.3721156716346741
1916,1240160,LIHC,4.828659,4.7718505859375
1013,909784,SKCM,3.992258,3.7532804012298584
2109,910781,UCEC,2.199036,3.040480852127075
2096,905991,OV,4.861317,2.067857503890991
1259,910948,BRCA,6.148863,4.694477558135986
1373,905975,SKCM,-3.534968,-2.690028190612793
1249,713899,SCLC,3.156968,3.5785138607025146
1032,722046,LUAD,0.732829,0.6904270052909851
1083,1660036,COREAD,3.748088,2.644867181777954
1799,724872,SCLC,4.811871,4.53631591796875
1578,905960,BRCA,4.99709,4.626497745513916
1786,930082,UNCLASSIFIED,3.094149,2.9503402709960938
1627,908443,LUSC,3.118845,3.368408203125
1593,905969,OV,1.467449,2.6275858879089355
1852,905971,COREAD,4.537483,4.5484185218811035
1917,925347,PAAD,4.290798,3.867274522781372
1190,1322212,SCLC,-2.759982,-2.2197771072387695
1936,753585,KIRC,2.426069,2.1020872592926025
1199,906868,LGG,4.2609,3.741835355758667
1560,946358,ALL,2.12392,3.0162899494171143
2106,753576,ESCA,5.393769,3.2448320388793945
1913,1330987,UNCLASSIFIED,3.818377,3.1489179134368896
2110,909757,COREAD,4.694226,4.783843994140625
1034,908128,SKCM,-1.18694,-1.3816165924072266
1849,1322218,UNCLASSIFIED,-0.734434,-1.3425884246826172
1375,909723,SKCM,6.055751,6.6176958084106445
1915,1240184,UNCLASSIFIED,3.757363,3.3879363536834717
1259,909702,ALL,-0.302789,-0.3289336562156677
2106,910930,DLBC,2.096459,3.132598400115967
1068,906834,MB,0.265709,0.05426585674285889
1627,753539,UNCLASSIFIED,2.076715,2.4217352867126465
1372,753621,ESCA,-0.015576,0.624553382396698
1168,905977,SKCM,2.870264,3.9838039875030518
1852,724870,PAAD,4.929582,5.13816499710083
1613,1327774,UNCLASSIFIED,0.152166,-0.07153695821762085
1576,908459,UNCLASSIFIED,2.386292,2.723479747772217
1799,949165,UNCLASSIFIED,5.256043,4.55536413192749
1915,724834,LUAD,4.169326,4.3206787109375
1615,910704,BRCA,5.291388,5.015086650848389
2046,687780,UNCLASSIFIED,2.532788,2.84405255317688
1017,909697,STAD,3.771034,4.20251989364624
1051,906871,LGG,0.897386,0.8601745963096619
1924,908151,BRCA,3.948655,3.7910423278808594
1510,910702,PAAD,4.102003,5.7332868576049805
1941,722066,LUAD,-3.77677,-4.74383020401001
1558,909728,LUSC,2.782811,2.438570261001587
1916,688031,SCLC,2.967577,2.8283724784851074
1925,1331040,UNCLASSIFIED,2.719369,3.0234031677246094
1634,1240157,LIHC,4.841685,4.336676597595215
1917,1331037,DLBC,2.65785,0.8751396536827087
1635,906821,PAAD,6.224447,5.836330413818359
2169,908121,BRCA,2.526756,1.975461483001709
1926,905974,SKCM,-0.689296,-0.4902955889701843
2040,910916,HNSC,0.865059,0.6311659812927246
1131,753541,HNSC,6.488037,5.522767066955566
1007,1240129,OV,-2.508898,-1.8570020198822021
1046,1298538,LUSC,2.244661,1.9747467041015625
1237,910927,BRCA,4.170669,5.088429927825928
1051,907289,COREAD,0.179361,1.3736741542816162
1564,1327769,DLBC,0.674124,0.1278974413871765
1624,908143,UNCLASSIFIED,1.426358,2.3345654010772705
1560,1327774,UNCLASSIFIED,3.349735,3.2018651962280273
1631,1327773,DLBC,1.335727,1.7783794403076172
1022,1298168,KIRC,0.623113,1.4274590015411377
1621,906826,BRCA,7.08377,6.411229133605957
1873,908447,NB,0.942348,0.9699706435203552
1088,908441,,3.110463,2.7784650325775146
1239,688001,SCLC,0.730247,0.33161717653274536
1011,907051,UCEC,0.348365,1.2902629375457764
1093,683665,MM,3.881052,2.6747896671295166
1511,1298359,ESCA,0.182078,-0.2572198510169983
1625,1503362,ESCA,5.353351,4.737537860870361
1996,906844,BRCA,2.462552,2.2966482639312744
1625,906869,STAD,4.588287,4.89528226852417
1248,909721,LUAD,2.266026,-1.577683925628662
1080,909699,UNCLASSIFIED,1.00219,-0.0888066291809082
1625,687457,BLCA,5.256268,5.287937164306641
1909,907072,UNCLASSIFIED,0.508088,1.2685434818267822
1079,908443,LUSC,0.996376,2.5305652618408203
1927,909770,STAD,4.740384,4.727844715118408
1617,1290765,UNCLASSIFIED,1.39341,0.7707418203353882
2043,688121,UNCLASSIFIED,5.939026,5.965880870819092
1912,905973,UNCLASSIFIED,3.679361,2.5407705307006836
1073,910698,KIRC,4.000838,5.047480583190918
1930,946368,GBM,-0.060027,-0.21961265802383423
1559,907291,COREAD,-3.269764,-3.588749647140503
1013,905975,SKCM,2.168939,2.853752374649048
1910,908150,MESO,2.122212,2.351890802383423
2045,907069,UNCLASSIFIED,3.482931,4.871273040771484
1917,1330935,UNCLASSIFIED,1.03312,1.2977983951568604
1004,910911,HNSC,-2.400366,-2.6465954780578613
1003,753532,HNSC,-2.027031,-2.4244484901428223
1576,684059,UNCLASSIFIED,1.75131,2.3687350749969482
1563,910926,BLCA,4.994971,4.8294453620910645
1012,907291,COREAD,1.48034,0.9012569785118103
1054,909905,GBM,2.900676,2.9751598834991455
1620,1240226,SKCM,5.136787,5.73952054977417
2044,1240159,LIHC,3.216122,4.966098785400391
1563,910781,UCEC,5.663901,5.006791591644287
1563,910710,LCML,3.849516,3.9996180534362793
2110,687514,CESC,5.395918,4.653702735900879
1925,909698,COREAD,4.822716,4.234954357147217
1373,907058,SKCM,2.600714,-0.5897603631019592
1941,909780,BLCA,-5.666746,-4.466868877410889
1930,906824,CESC,0.198211,0.5079002380371094
1080,753616,NB,-3.756141,-3.415231466293335
1007,930299,THCA,0.126676,-0.9727808833122253
1786,906868,LGG,3.172619,3.3352973461151123
1996,1298347,LUAD,3.77687,4.251622200012207
1925,905990,OV,5.758261,5.590123176574707
1915,946382,BRCA,2.561856,2.56848406791687
1915,753532,HNSC,3.581696,3.2791011333465576
1917,910935,DLBC,-0.81439,-0.6560011506080627
1191,907790,COREAD,-4.308116,-4.167295455932617
1917,1290922,BRCA,1.017821,2.627138376235962
1625,1240197,OV,5.294149,5.060925483703613
1910,917486,COREAD,2.451738,1.2567042112350464
1034,910568,THCA,-4.827579,-3.323704957962036
1853,905947,KIRC,5.569891,5.388999938964844
2110,909723,SKCM,6.208223,5.317142009735107
1855,924108,COREAD,5.165304,5.291452407836914
1622,905971,COREAD,4.501619,3.978954315185547
1629,905986,GBM,4.68379,5.273852348327637
1922,1240132,MESO,4.453846,3.7754530906677246
1004,906843,CESC,-1.735291,-2.2226366996765137
1079,1330985,LAML,1.439922,-1.3707900047302246
1593,906693,PAAD,2.588952,2.9286434650421143
1618,907313,GBM,4.500299,3.025909423828125
1510,908142,UNCLASSIFIED,3.911253,3.10866379737854
1058,924106,BRCA,-0.145001,-0.26908379793167114
1915,1240181,NB,2.090307,1.3579856157302856
1036,724828,NB,5.552423,5.662530899047852
1012,909735,UCEC,2.047279,2.2231736183166504
1089,688027,SCLC,2.007321,1.8533978462219238
1852,753556,LUSC,4.897141,5.294243335723877
1613,909785,UNCLASSIFIED,0.445936,0.5857822895050049
1190,908151,BRCA,-1.502829,-1.5032422542572021
1911,908462,MESO,-3.414633,-4.591361045837402
1093,908475,LUAD,4.581679,4.887142658233643
1924,911905,OV,5.584503,5.146789073944092
1006,687995,SCLC,0.485038,-0.320329487323761
1049,1240142,LUSC,2.30307,2.9172024726867676
1996,907299,UNCLASSIFIED,1.78372,2.780421495437622
1060,909759,UNCLASSIFIED,-0.610535,-0.04451644420623779
1622,909732,UNCLASSIFIED,3.564622,3.956033229827881
1912,906853,UNCLASSIFIED,4.515302,4.8769121170043945
2109,905959,OV,4.556762,3.9153950214385986
1862,1290806,STAD,-0.762611,-1.3561267852783203
1036,905949,LUAD,3.40405,2.977004051208496
1614,906763,ALL,1.346457,2.3707916736602783
1614,910687,ALL,4.296305,3.3774518966674805
1032,909738,LIHC,2.016491,1.2818660736083984
1051,907788,PRAD,4.365219,2.075289011001587
1268,906873,GBM,4.817344,3.9839088916778564
1933,1298537,LUAD,5.424977,4.528328895568848
2043,906844,BRCA,3.518858,3.526804208755493
1932,910921,SKCM,1.919374,2.0856130123138428
1932,906693,PAAD,3.450669,3.401149034500122
1080,909264,UNCLASSIFIED,-2.963612,-1.978708028793335
1558,688006,SCLC,4.065726,5.069594383239746
2096,906833,MB,3.662168,3.183662176132202
1561,998189,COREAD,0.952395,1.4466359615325928
2047,905938,LAML,1.520633,0.8027843832969666
1862,905940,LCML,-1.287675,-0.8564007878303528
1931,907055,STAD,4.838407,5.1625213623046875
1013,753607,UNCLASSIFIED,2.263813,2.2301342487335205
1373,924102,THCA,2.967638,5.447531223297119
1941,910692,SCLC,-1.286733,-3.6608235836029053
1239,910932,SKCM,3.307995,3.588531017303467
2096,930083,THCA,6.402223,6.410778045654297
1939,910900,LUAD,1.743422,2.366238832473755
2096,910853,SKCM,4.566325,2.987581253051758
1510,1298533,PAAD,3.995866,3.4676315784454346
1248,949174,NB,-4.750752,-4.036951541900635
1578,909974,KIRC,5.58686,6.197213649749756
1179,910933,GBM,1.907001,0.6700325608253479
1239,907796,UNCLASSIFIED,4.60373,2.775346517562866
1089,753621,ESCA,4.07428,5.4028520584106445
1047,1297446,ALL,3.907351,2.703016519546509
1996,724873,LUAD,5.419555,3.9616622924804688
1913,909759,UNCLASSIFIED,5.192551,4.684248924255371
1179,688031,SCLC,-0.33981,-0.4497855305671692
1068,1240190,LUAD,2.154478,1.6573896408081055
1013,907042,LGG,2.036686,4.0827317237854
1928,908146,ALL,2.036946,2.7519373893737793
1625,1240130,SKCM,3.362557,3.956831693649292
1089,907043,UNCLASSIFIED,2.046847,1.7265783548355103
1919,1297447,MM,2.504067,2.26314115524292
1931,724868,LUAD,4.79493,4.8058881759643555
1620,1240151,STAD,5.64717,5.982300281524658
1032,1240187,LUAD,1.843774,1.8643064498901367
1549,908143,UNCLASSIFIED,5.552064,4.307765483856201
1598,1240196,HNSC,4.576738,5.090843200683594
1046,906817,ESCA,5.385295,5.654085159301758
1047,910932,SKCM,3.778892,2.974980354309082
1010,724878,LUAD,5.547477,5.760101795196533
1549,907319,ESCA,1.516007,1.2618021965026855
1634,907321,ESCA,3.255857,3.534165143966675
1372,910710,LCML,-0.660461,-0.6983093619346619
1576,905944,LUAD,2.416553,2.7657878398895264
2047,687821,LUAD,1.382421,1.6239784955978394
2048,1299075,PRAD,-3.166565,-2.0913751125335693
1631,908132,UNCLASSIFIED,1.61506,1.3503891229629517
1909,724834,LUAD,3.282633,2.974461555480957
1928,908445,STAD,4.730992,4.302358627319336
1613,909738,LIHC,4.738112,4.325651168823242
2110,1240216,LIHC,4.447954,5.668862342834473
1011,909977,UNCLASSIFIED,4.838559,3.4357450008392334
1919,1240158,LIHC,1.61537,2.17826509475708
1922,908471,UNCLASSIFIED,1.103294,1.8149340152740479
1088,713880,SCLC,1.341064,1.4475996494293213
2109,1503366,ESCA,2.925046,2.5765843391418457
1190,907314,NB,-2.954125,-0.9994184374809265
1079,1290908,LUAD,2.096046,1.16611909866333
1083,907073,UNCLASSIFIED,1.500793,2.4797465801239014
1006,908441,,1.490623,1.8156404495239258
1617,910911,HNSC,3.453593,2.581967830657959
1036,1290809,MESO,5.303105,5.751551151275635
1629,1240153,SKCM,4.077197,3.785346031188965
1259,908461,STAD,3.709501,4.246508598327637
1177,1659823,COREAD,5.699862,5.5175604820251465
1003,1240160,LIHC,0.950818,-0.7521111369132996
1933,909777,UNCLASSIFIED,1.62422,3.286651372909546
1908,909264,UNCLASSIFIED,3.499956,1.6626465320587158
1248,908462,MESO,-0.281139,-3.4210474491119385
1927,1322212,SCLC,4.497212,4.806015968322754
1926,908446,STAD,0.446738,-0.20998752117156982
1017,907796,UNCLASSIFIED,3.497839,4.73348331451416
1634,907044,UNCLASSIFIED,3.416623,3.901522159576416
1060,909769,UNCLASSIFIED,1.501377,1.4250550270080566
2111,908141,LAML,2.051448,1.756796956062317
1594,1298169,KIRC,5.084466,4.398242950439453
1932,1503363,ESCA,1.998225,1.4698832035064697
1032,724868,LUAD,1.701617,1.4219107627868652
1624,1240155,STAD,2.311958,2.6654839515686035
1627,906837,HNSC,1.912278,2.4614343643188477
1034,907787,ALL,-4.255214,-3.348785161972046
1507,949178,NB,3.308232,3.796626329421997
1936,906830,SKCM,3.772463,2.7535946369171143
1873,724834,LUAD,1.920635,2.019124746322632
1199,907268,UNCLASSIFIED,1.616964,2.4992454051971436
1630,905990,OV,5.971616,5.497438907623291
1941,688010,SCLC,-4.990215,-4.787337303161621
1613,724878,LUAD,6.114754,6.17484712600708
1179,909754,UNCLASSIFIED,3.654145,2.8068501949310303
1936,909718,COREAD,3.071171,1.0535590648651123
1799,908470,MESO,2.812958,4.316963195800781
1510,1240135,MESO,3.593174,4.330917835235596
1560,906849,UNCLASSIFIED,4.391882,4.134472846984863
1862,1290797,PAAD,-1.995834,-1.9389362335205078
1051,1240196,HNSC,2.356851,2.7865238189697266
1854,687787,LUSC,5.473311,5.109151363372803
1529,998189,COREAD,0.974376,1.927536964416504
1927,905990,OV,5.902295,5.638263702392578
1022,910906,UNCLASSIFIED,-1.416226,-1.5372400283813477
1005,1247871,ALL,0.511695,-0.40771299600601196
1046,910691,UCEC,1.376604,1.5424050092697144
1941,905942,LUAD,-6.036941,-5.379312038421631
2107,910944,ALL,3.606828,3.735745668411255
1510,753558,KIRC,4.631227,4.7741546630859375
1615,908127,UNCLASSIFIED,5.063373,4.799805164337158
1615,1240190,LUAD,5.796982,5.90617036819458
1054,905949,LUAD,2.06274,1.9878716468811035
1179,753562,HNSC,1.006788,0.1425827145576477
1007,1322224,STAD,-7.189439,-6.353273391723633
1557,910935,DLBC,4.240947,4.1186981201171875
1007,909975,UNCLASSIFIED,-0.896913,-2.2005608081817627
1058,909721,LUAD,2.403686,3.3468990325927734
1080,909757,COREAD,-3.635514,-3.874004602432251
1913,910934,DLBC,4.274707,3.7407236099243164
1060,909904,PAAD,2.613167,2.268873691558838
1614,930083,THCA,6.210976,7.402615070343018
2106,687455,BLCA,5.525097,3.1643097400665283
1259,908448,LAML,0.543416,0.05576139688491821
1936,753548,LAML,1.008287,0.8493356704711914
1578,910853,SKCM,4.763033,4.414251804351807
1510,907065,BLCA,4.359192,4.020727157592773
1622,908146,ALL,3.249558,2.930217742919922
1852,906794,UNCLASSIFIED,4.127438,4.5793986320495605
1627,907322,UNCLASSIFIED,1.643528,2.0378470420837402
1017,907320,ESCA,4.960615,4.856821537017822
1085,907290,UNCLASSIFIED,3.201244,2.7501015663146973
1928,753592,LUAD,4.836829,3.7471301555633545
1529,687600,UNCLASSIFIED,0.902865,0.7123286724090576
1012,910926,BLCA,1.693507,0.4967900812625885
1799,949157,UNCLASSIFIED,5.503956,4.4673285484313965
1854,1503368,ESCA,5.226872,5.462634563446045
1512,1298136,PAAD,6.705146,6.63109016418457
1190,1240140,UNCLASSIFIED,-3.14215,-2.075279474258423
1004,908121,BRCA,-5.964192,-5.697512626647949
1032,1299075,PRAD,3.019935,2.661830425262451
1560,688023,SCLC,3.756637,3.0564498901367188
2047,1240223,THCA,3.194894,2.813713550567627
1510,684052,UNCLASSIFIED,1.766885,1.6645755767822266
1931,1240173,COREAD,5.432882,5.163843154907227
1620,908139,STAD,5.782946,5.193990230560303
1561,753554,LUSC,2.491105,1.4840943813323975
1626,753562,HNSC,0.433403,1.1806365251541138
1091,1327775,MM,0.461982,0.24988651275634766
1557,909728,LUSC,5.417715,4.9340362548828125
1511,908131,UNCLASSIFIED,-0.851002,-1.3000028133392334
1036,1660036,COREAD,3.544796,4.8853325843811035
1621,1298146,LIHC,5.224903,4.85207462310791
1054,735784,ESCA,4.626067,3.4236674308776855
1909,1240196,HNSC,3.059679,2.9994235038757324
1036,722046,LUAD,3.184837,3.860624074935913
1179,906763,ALL,-1.773012,-1.2648520469665527
1004,687812,LUAD,-2.004142,-3.1969387531280518
1564,910401,UNCLASSIFIED,3.133553,3.21183705329895
1615,749711,BRCA,5.338676,5.7861809730529785
1853,910915,PAAD,6.139499,6.136206150054932
1375,1298222,ESCA,5.457476,5.870699405670166
2040,749711,BRCA,0.283817,1.533168077468872
1085,924105,UNCLASSIFIED,2.91394,2.908883810043335
1032,724870,PAAD,2.300992,2.036618709564209
1083,905980,KIRC,5.780141,4.70420503616333
1012,1240162,HNSC,2.243267,2.6993253231048584
1089,687800,LUAD,7.003333,7.038748264312744
2046,1479988,OV,4.752118,5.0152740478515625
1593,907300,LAML,-0.432257,0.09206271171569824
1576,907289,COREAD,3.12272,3.1648318767547607
1936,905941,LUSC,5.290397,4.271762371063232
1010,753615,MM,3.485738,3.283423662185669
1084,946359,BRCA,-1.571408,-0.5181974768638611
1917,688025,SCLC,4.760314,2.9631826877593994
1250,924238,THCA,0.808609,1.6048414707183838
1910,909251,ALL,-1.673315,-1.0141072273254395
1939,909756,UNCLASSIFIED,1.998327,1.938194990158081
1006,1298136,PAAD,5.541161,3.288620710372925
1093,910554,COREAD,4.634655,3.677201271057129
1919,1330972,SCLC,1.416266,1.4220621585845947
1011,910932,SKCM,2.110821,2.1937129497528076
1073,910079,ESCA,2.856666,4.5064802169799805
1507,724831,UNCLASSIFIED,5.155763,4.583948135375977
1624,917486,COREAD,5.353569,4.9334893226623535
1559,683665,MM,-1.699887,-2.620504379272461
1558,1480362,OV,5.953455,5.847573280334473
2110,949161,UNCLASSIFIED,5.096766,3.3855929374694824
1854,909743,ALL,4.535527,4.49948263168335
2043,908123,BRCA,3.612514,4.0276031494140625
1510,1290455,LAML,2.797062,1.7218905687332153
1559,908455,STAD,-2.664953,-3.0971946716308594
1259,905961,COREAD,3.526682,2.968486785888672
1239,910910,BRCA,4.473449,3.0005877017974854
2096,949171,NB,1.817937,1.5237138271331787
2040,907056,UNCLASSIFIED,3.065052,1.421686053276062
2106,949179,NB,0.422143,1.3290234804153442
1564,687455,BLCA,1.253466,2.116163492202759
1180,722066,LUAD,-2.862001,-1.4735758304595947
1913,724872,SCLC,3.72654,3.7812225818634033
1190,688023,SCLC,-1.882784,-0.6676998734474182
1917,688023,SCLC,1.642139,2.1210570335388184
1853,906814,SKCM,3.143107,3.3457651138305664
2044,687802,LUAD,5.06098,5.133550643920898
1915,906790,STAD,2.199135,2.2402570247650146
2048,907313,GBM,-2.689022,-1.3579413890838623
1047,907270,CLL,-0.4927,0.09981346130371094
