DRUG_ID,COSMIC_ID,TCGA_DESC,Label,Pred
1084,909255,UNCLASSIFIED,-4.75034,-3.090276002883911
2109,906853,UNCLASSIFIED,5.667806,4.809175491333008
2040,907322,UNCLASSIFIED,2.082331,0.9657378792762756
1627,1298352,UNCLASSIFIED,5.41378,6.046395301818848
1549,724831,UNCLASSIFIED,4.717477,4.571483612060547
1511,1240128,UNCLASSIFIED,-1.286472,-0.9168904423713684
1614,1240221,UNCLASSIFIED,2.943233,2.7923364639282227
1931,909977,UNCLASSIFIED,6.198902,6.319360256195068
1237,907060,UNCLASSIFIED,4.146943,4.473209381103516
1873,909720,UNCLASSIFIED,1.421396,1.2788211107254028
1180,687829,UNCLASSIFIED,-2.803489,-1.208427906036377
1563,908138,UNCLASSIFIED,6.537797,6.152512550354004
1073,907050,UNCLASSIFIED,7.666173,7.241605758666992
1268,906861,UNCLASSIFIED,5.440873,4.249696731567383
1093,1331040,UNCLASSIFIED,2.467258,2.586754083633423
1916,910906,UNCLASSIFIED,3.875388,2.93912672996521
1054,684059,UNCLASSIFIED,1.918923,3.4515135288238525
1936,910706,UNCLASSIFIED,0.682102,1.169319748878479
1613,909262,UNCLASSIFIED,0.97694,1.113074541091919
1051,925345,UNCLASSIFIED,2.79037,2.2504258155822754
1003,684062,UNCLASSIFIED,-4.372936,-3.606090784072876
1629,1331040,UNCLASSIFIED,2.977582,2.0710620880126953
1917,907273,UNCLASSIFIED,-0.884797,0.4039880037307739
1083,906849,UNCLASSIFIED,4.027243,2.6112382411956787
1084,908131,UNCLASSIFIED,-2.744228,-2.8150861263275146
1909,905973,UNCLASSIFIED,2.166299,1.9454841613769531
1084,1298219,UNCLASSIFIED,0.297708,-1.415452003479004
1873,906999,UNCLASSIFIED,1.631319,2.3459062576293945
1191,906804,UNCLASSIFIED,-5.193107,-4.795568943023682
1248,910706,UNCLASSIFIED,-7.157177,-7.06908655166626
1168,724831,UNCLASSIFIED,3.832673,3.4981884956359863
1626,909701,UNCLASSIFIED,1.1491,0.9871699810028076
2107,1240210,UNCLASSIFIED,4.493572,4.467989921569824
1249,949164,UNCLASSIFIED,2.275649,2.561999797821045
1930,909776,UNCLASSIFIED,1.013173,0.34581977128982544
2046,909699,UNCLASSIFIED,5.823349,5.041959762573242
1177,909976,UNCLASSIFIED,2.896935,3.5025746822357178
1032,908136,UNCLASSIFIED,2.060299,0.854836106300354
1576,1298539,UNCLASSIFIED,3.870348,3.7066593170166016
1618,1240210,UNCLASSIFIED,2.879726,2.4774909019470215
2048,907298,UNCLASSIFIED,-2.454248,-4.010152816772461
1250,907796,UNCLASSIFIED,2.06628,1.720844030380249
1012,924186,UNCLASSIFIED,1.378592,1.226198434829712
1625,909731,UNCLASSIFIED,3.876258,3.7466821670532227
1997,1298539,UNCLASSIFIED,4.728318,4.044430255889893
1004,908131,UNCLASSIFIED,-5.377213,-3.901322841644287
2047,906794,UNCLASSIFIED,3.4919,4.1124444007873535
1017,907796,UNCLASSIFIED,3.497839,4.05095911026001
1909,909696,UNCLASSIFIED,-2.770738,-1.8741519451141357
1191,910849,UNCLASSIFIED,-3.689308,-4.959840774536133
1512,949155,UNCLASSIFIED,3.62205,4.211180686950684
1010,910906,UNCLASSIFIED,2.929821,2.7743613719940186
1939,1327774,UNCLASSIFIED,1.600091,1.413280725479126
1931,688121,UNCLASSIFIED,6.333002,6.002718925476074
2109,925345,UNCLASSIFIED,1.772901,2.1693291664123535
1006,1240221,UNCLASSIFIED,0.3971,-1.045135259628296
1010,910695,UNCLASSIFIED,0.790106,1.8021109104156494
1634,949166,UNCLASSIFIED,4.954474,4.46553897857666
1919,971773,UNCLASSIFIED,0.876755,1.2422974109649658
1625,949168,UNCLASSIFIED,4.551107,5.112282752990723
1557,687600,UNCLASSIFIED,4.603964,4.412343978881836
1268,906846,UNCLASSIFIED,5.226646,4.167937755584717
1916,908132,UNCLASSIFIED,2.643216,2.793628215789795
1131,907322,UNCLASSIFIED,2.91029,3.191638469696045
1557,906853,UNCLASSIFIED,6.732534,5.486350059509277
1199,906794,UNCLASSIFIED,3.786873,3.433842658996582
1237,907290,UNCLASSIFIED,6.21355,5.996359348297119
1909,1330935,UNCLASSIFIED,1.865361,1.6281309127807617
1060,949160,UNCLASSIFIED,0.591483,0.5700341463088989
1940,684052,UNCLASSIFIED,3.178083,3.2001283168792725
1933,1303912,UNCLASSIFIED,3.980291,3.809692621231079
1179,924105,UNCLASSIFIED,-0.099911,-0.3582349419593811
2096,907047,UNCLASSIFIED,1.870174,1.9053895473480225
1053,909976,UNCLASSIFIED,3.060147,2.386955499649048
1615,1330933,UNCLASSIFIED,4.105655,3.255012273788452
1625,908467,UNCLASSIFIED,5.346011,3.885939598083496
1046,946357,UNCLASSIFIED,0.840808,0.9980344772338867
1017,1331049,UNCLASSIFIED,3.173921,3.3730971813201904
1924,930082,UNCLASSIFIED,1.056614,1.59647536277771
2045,1298539,UNCLASSIFIED,5.525463,5.852855205535889
2107,907290,UNCLASSIFIED,5.959501,6.246464252471924
1553,1331039,UNCLASSIFIED,2.756428,2.4717705249786377
1084,909976,UNCLASSIFIED,-3.61784,-3.6347925662994385
1006,908138,UNCLASSIFIED,4.565659,3.501293659210205
1375,910401,UNCLASSIFIED,4.801592,4.443331718444824
1916,907290,UNCLASSIFIED,1.785039,2.3255162239074707
1913,687829,UNCLASSIFIED,5.359776,4.564854145050049
1085,949155,UNCLASSIFIED,1.939617,2.119128465652466
1852,908132,UNCLASSIFIED,3.735744,4.4666876792907715
1372,949164,UNCLASSIFIED,2.209204,2.1452858448028564
1239,906831,UNCLASSIFIED,2.556917,1.159043312072754
2111,971773,UNCLASSIFIED,3.09396,2.902804374694824
1177,909756,UNCLASSIFIED,5.168016,4.173051834106445
1004,1331039,UNCLASSIFIED,-5.165852,-5.090047836303711
1928,907299,UNCLASSIFIED,3.724563,3.067159414291382
1613,908132,UNCLASSIFIED,-0.726722,0.39354631304740906
1091,908131,UNCLASSIFIED,1.90377,1.8229258060455322
1248,910849,UNCLASSIFIED,-5.546095,-5.27895450592041
1073,1303896,UNCLASSIFIED,3.615309,2.4283807277679443
1626,909754,UNCLASSIFIED,3.743158,4.098379135131836
1915,907268,UNCLASSIFIED,2.68517,1.536118745803833
1083,905973,UNCLASSIFIED,3.096353,3.2914721965789795
1620,910705,UNCLASSIFIED,4.388148,4.400543212890625
1017,907273,UNCLASSIFIED,3.477901,3.2443132400512695
1933,687780,UNCLASSIFIED,4.070368,5.241260528564453
1512,930082,UNCLASSIFIED,5.358742,4.98334264755249
1620,907273,UNCLASSIFIED,4.416593,3.584892749786377
1618,909264,UNCLASSIFIED,3.85473,3.9997787475585938
1085,949160,UNCLASSIFIED,1.976638,1.8470392227172852
1046,906848,UNCLASSIFIED,1.304883,1.4781875610351562
1073,907043,UNCLASSIFIED,2.438243,3.377462387084961
1625,909720,UNCLASSIFIED,4.387282,4.449647903442383
1372,909779,UNCLASSIFIED,2.583667,1.826582431793213
1927,684059,UNCLASSIFIED,4.249765,3.7684707641601562
2047,687780,UNCLASSIFIED,3.464066,2.6897637844085693
1799,1330987,UNCLASSIFIED,0.947663,1.9478404521942139
1239,907044,UNCLASSIFIED,0.291893,0.7182575464248657
1925,908131,UNCLASSIFIED,4.986221,5.220757961273193
1034,910906,UNCLASSIFIED,-3.732584,-3.631079912185669
1249,1240210,UNCLASSIFIED,2.07482,3.0876073837280273
1908,949163,UNCLASSIFIED,2.519935,1.5812890529632568
1593,1298534,UNCLASSIFIED,1.814089,3.164623260498047
1068,1240210,UNCLASSIFIED,0.700598,1.237809181213379
2096,687780,UNCLASSIFIED,2.188887,3.7257885932922363
2048,907056,UNCLASSIFIED,-1.014455,-2.827493190765381
1578,906848,UNCLASSIFIED,4.564126,4.861867904663086
1617,909754,UNCLASSIFIED,0.189052,3.1432907581329346
1627,909732,UNCLASSIFIED,3.021484,2.891725540161133
1553,1331049,UNCLASSIFIED,1.646024,1.440490484237671
1510,907273,UNCLASSIFIED,3.478913,3.3213565349578857
1593,909732,UNCLASSIFIED,3.802167,2.448509931564331
1912,724831,UNCLASSIFIED,3.928564,3.5123543739318848
2047,1330987,UNCLASSIFIED,1.232264,1.944467544555664
2048,688121,UNCLASSIFIED,-2.396043,-2.8298516273498535
1057,909707,UNCLASSIFIED,0.132994,-1.3534953594207764
1932,946357,UNCLASSIFIED,0.975195,0.9036919474601746
1561,909701,UNCLASSIFIED,-0.801795,-0.06115725636482239
1190,906861,UNCLASSIFIED,0.161844,-1.8087639808654785
1080,909262,UNCLASSIFIED,-5.098188,-4.490967750549316
1563,906853,UNCLASSIFIED,7.554408,7.106270790100098
1131,909716,UNCLASSIFIED,2.367175,3.453425884246826
1854,909976,UNCLASSIFIED,4.962302,4.532048225402832
2040,924186,UNCLASSIFIED,-0.138068,-0.007171601057052612
1510,908127,UNCLASSIFIED,3.638172,4.356686115264893
1557,949166,UNCLASSIFIED,5.593118,5.241739273071289
1091,909774,UNCLASSIFIED,2.782897,3.1811342239379883
1053,724831,UNCLASSIFIED,3.973761,4.109314918518066
1053,949165,UNCLASSIFIED,3.331853,3.140247106552124
1615,925341,UNCLASSIFIED,5.210446,4.920187950134277
2045,909731,UNCLASSIFIED,3.752911,4.181288719177246
1620,908467,UNCLASSIFIED,5.346011,4.196310043334961
1908,909759,UNCLASSIFIED,1.778591,2.112746000289917
1007,1240210,UNCLASSIFIED,-5.004011,-5.018901348114014
1559,907273,UNCLASSIFIED,-3.180897,-3.428511142730713
2107,684062,UNCLASSIFIED,5.322928,4.887779235839844
1614,909731,UNCLASSIFIED,4.398567,2.3364076614379883
1563,949165,UNCLASSIFIED,5.798568,5.553799629211426
1507,909722,UNCLASSIFIED,4.358466,3.2262754440307617
1060,909977,UNCLASSIFIED,2.918718,3.687408447265625
1622,910851,UNCLASSIFIED,3.297608,3.196342706680298
1854,906848,UNCLASSIFIED,4.479954,4.127313613891602
1180,906838,UNCLASSIFIED,-2.381161,-3.444584608078003
1853,1303896,UNCLASSIFIED,4.611722,3.9801769256591797
2048,909720,UNCLASSIFIED,-4.038643,-4.4259867668151855
1006,949166,UNCLASSIFIED,2.797743,-0.19914627075195312
1916,949155,UNCLASSIFIED,2.660534,1.675156593322754
1093,907043,UNCLASSIFIED,4.623149,2.6184005737304688
1022,687600,UNCLASSIFIED,0.80071,0.632660984992981
1006,909699,UNCLASSIFIED,4.15154,4.601254463195801
1630,908149,UNCLASSIFIED,5.345354,5.378896713256836
1916,907322,UNCLASSIFIED,2.952992,3.0615034103393555
2096,909977,UNCLASSIFIED,5.323741,4.424258708953857
1627,1240184,UNCLASSIFIED,2.738071,3.5616629123687744
1621,906999,UNCLASSIFIED,4.920286,4.680176258087158
1913,1322218,UNCLASSIFIED,4.28917,4.484342575073242
1058,909776,UNCLASSIFIED,2.192479,2.9825985431671143
1088,907268,UNCLASSIFIED,0.778132,0.8463218212127686
1936,906831,UNCLASSIFIED,1.268849,1.5673375129699707
1180,910703,UNCLASSIFIED,-3.257321,-3.59037709236145
2045,908467,UNCLASSIFIED,3.970319,4.065576076507568
1559,949158,UNCLASSIFIED,-4.055649,-3.2883248329162598
1088,906800,UNCLASSIFIED,-0.176903,-0.3488677740097046
2046,906831,UNCLASSIFIED,1.177097,1.2356879711151123
1549,910851,UNCLASSIFIED,3.991337,4.531628608703613
1799,907056,UNCLASSIFIED,3.944835,4.069667339324951
1931,909262,UNCLASSIFIED,4.004708,3.674656867980957
1621,906861,UNCLASSIFIED,5.582815,4.6641740798950195
1997,949157,UNCLASSIFIED,4.221033,4.526126384735107
1629,905973,UNCLASSIFIED,4.474114,5.231085777282715
1249,949155,UNCLASSIFIED,1.906373,2.0903067588806152
1249,906848,UNCLASSIFIED,1.944321,2.845466375350952
1622,907044,UNCLASSIFIED,3.978953,3.3099138736724854
1931,909975,UNCLASSIFIED,6.977518,6.487198352813721
1053,908454,UNCLASSIFIED,3.332599,2.083188533782959
1200,909975,UNCLASSIFIED,4.402084,3.807243585586548
1940,906861,UNCLASSIFIED,3.439935,3.6613547801971436
1553,684062,UNCLASSIFIED,1.359855,1.049530267715454
1010,949156,UNCLASSIFIED,2.656174,3.4649674892425537
1909,906861,UNCLASSIFIED,3.342726,3.2037320137023926
1088,907299,UNCLASSIFIED,1.475658,1.07735013961792
1180,724855,UNCLASSIFIED,1.149971,-1.5176646709442139
1560,949163,UNCLASSIFIED,1.766158,2.046262264251709
1786,909776,UNCLASSIFIED,0.67134,2.1843478679656982
1940,910906,UNCLASSIFIED,4.518837,3.4248180389404297
1053,906846,UNCLASSIFIED,1.254515,1.1779813766479492
1564,910851,UNCLASSIFIED,0.615966,2.6423327922821045
1862,906999,UNCLASSIFIED,-1.030756,-1.5668859481811523
1918,907299,UNCLASSIFIED,0.947089,1.2459973096847534
1529,907056,UNCLASSIFIED,0.396632,3.2619471549987793
1594,906831,UNCLASSIFIED,4.347215,4.137569904327393
1786,688121,UNCLASSIFIED,4.501578,3.741055727005005
1561,907290,UNCLASSIFIED,1.267754,1.8556618690490723
1621,1331049,UNCLASSIFIED,2.608427,3.0585389137268066
1930,910942,UNCLASSIFIED,-0.573964,-0.8779081702232361
1512,949166,UNCLASSIFIED,5.575586,5.597660064697266
1080,1240184,UNCLASSIFIED,-1.628514,0.5082753896713257
1199,1240215,UNCLASSIFIED,4.105359,4.845287322998047
2109,1240128,UNCLASSIFIED,1.930674,2.5475776195526123
2047,907796,UNCLASSIFIED,2.623544,2.440317153930664
1511,684072,UNCLASSIFIED,-3.154563,-3.6969523429870605
1191,1303912,UNCLASSIFIED,-5.129625,-4.910806179046631
1200,907268,UNCLASSIFIED,2.617776,1.6712496280670166
1010,909701,UNCLASSIFIED,2.612688,2.485698699951172
1093,906804,UNCLASSIFIED,3.286782,2.8032186031341553
1249,724831,UNCLASSIFIED,2.256532,2.9613656997680664
1913,949158,UNCLASSIFIED,3.915107,4.259615898132324
1564,1330935,UNCLASSIFIED,3.533426,2.9718875885009766
1088,910784,UNCLASSIFIED,2.726639,3.725717782974243
1089,724863,UNCLASSIFIED,3.086507,3.516634225845337
1032,949157,UNCLASSIFIED,1.799798,1.9015464782714844
1036,908454,UNCLASSIFIED,0.461423,4.158759593963623
1941,930082,UNCLASSIFIED,-4.316974,-2.4994306564331055
1549,908142,UNCLASSIFIED,2.322164,1.8582372665405273
1559,1331039,UNCLASSIFIED,-2.672327,-1.8573002815246582
1621,925345,UNCLASSIFIED,3.130853,3.478196859359741
1511,909759,UNCLASSIFIED,-2.850968,-1.7792472839355469
1010,1322218,UNCLASSIFIED,2.527004,2.5166776180267334
1088,946357,UNCLASSIFIED,-0.438016,0.19192925095558167
1622,946361,UNCLASSIFIED,5.109417,4.339382171630859
1578,1303896,UNCLASSIFIED,3.176803,3.436826229095459
1058,908467,UNCLASSIFIED,1.638272,2.051133871078491
1559,1298539,UNCLASSIFIED,-0.543438,-1.169386863708496
2040,1298219,UNCLASSIFIED,3.919143,2.112100124359131
1549,924105,UNCLASSIFIED,-1.011404,-0.9228726029396057
1930,1298539,UNCLASSIFIED,1.245323,1.442030906677246
1088,908156,UNCLASSIFIED,-1.10639,-0.4071223735809326
1625,909777,UNCLASSIFIED,4.683573,3.8169188499450684
1003,909699,UNCLASSIFIED,-0.141942,0.7303104996681213
1191,906827,UNCLASSIFIED,-5.370169,-5.448463439941406
1004,906794,UNCLASSIFIED,-2.86716,-2.4855682849884033
1507,910401,UNCLASSIFIED,3.681281,3.338892698287964
1553,905973,UNCLASSIFIED,2.676003,3.5808377265930176
1939,907298,UNCLASSIFIED,3.496791,2.244659423828125
2107,905965,UNCLASSIFIED,4.039446,3.6406033039093018
2045,908138,UNCLASSIFIED,5.07726,5.115955352783203
1576,1298352,UNCLASSIFIED,6.299405,5.86349630355835
2110,1331039,UNCLASSIFIED,4.51117,4.520327091217041
1617,949168,UNCLASSIFIED,2.161774,2.4415595531463623
1617,906852,UNCLASSIFIED,2.108191,3.774158477783203
1576,909701,UNCLASSIFIED,0.995909,1.702805995941162
1249,909756,UNCLASSIFIED,5.081642,4.011788368225098
1624,905973,UNCLASSIFIED,4.467233,3.7296407222747803
1549,1240215,UNCLASSIFIED,4.461076,5.178941249847412
1622,1322218,UNCLASSIFIED,5.038595,4.040025234222412
1912,1298539,UNCLASSIFIED,5.042239,4.68853759765625
1549,907268,UNCLASSIFIED,2.196203,2.6852293014526367
1012,908131,UNCLASSIFIED,2.364166,2.274401903152466
1091,909975,UNCLASSIFIED,3.700729,3.1575052738189697
1529,687829,UNCLASSIFIED,2.140564,1.9740238189697266
1057,908158,UNCLASSIFIED,-2.559847,-2.8035874366760254
1553,909731,UNCLASSIFIED,1.454223,2.131852626800537
1054,908459,UNCLASSIFIED,5.998958,5.264231204986572
1249,907290,UNCLASSIFIED,5.927142,5.016207218170166
1190,909717,UNCLASSIFIED,-2.326716,-0.41543853282928467
1248,909707,UNCLASSIFIED,-4.299799,-3.068222999572754
1618,1322218,UNCLASSIFIED,3.17542,3.322941541671753
1927,908136,UNCLASSIFIED,4.074941,4.091702938079834
1928,949166,UNCLASSIFIED,5.456058,5.625360012054443
1931,1290765,UNCLASSIFIED,4.804552,4.9467058181762695
1036,1240144,UNCLASSIFIED,4.854434,4.043673992156982
1916,910705,UNCLASSIFIED,1.965651,2.3314688205718994
1250,753539,UNCLASSIFIED,0.65111,1.219167947769165
1576,906847,UNCLASSIFIED,1.986834,2.654008626937866
1930,949168,UNCLASSIFIED,0.631739,1.0322926044464111
1559,907056,UNCLASSIFIED,-0.45071,-1.233396053314209
1926,1298539,UNCLASSIFIED,2.739338,2.577268600463867
1933,949155,UNCLASSIFIED,3.647408,3.4855072498321533
1916,1322218,UNCLASSIFIED,0.945664,1.5609781742095947
1618,908158,UNCLASSIFIED,2.137828,1.9595675468444824
1510,684052,UNCLASSIFIED,1.766885,0.8694600462913513
1561,906804,UNCLASSIFIED,-2.588772,-0.8463724255561829
1918,1240215,UNCLASSIFIED,2.636256,2.7408790588378906
1053,906831,UNCLASSIFIED,1.796593,1.9403326511383057
1630,724831,UNCLASSIFIED,3.462552,3.458425998687744
1635,909731,UNCLASSIFIED,4.520654,4.125351905822754
1620,946361,UNCLASSIFIED,4.954404,5.492552280426025
1613,908159,UNCLASSIFIED,0.897952,0.1318552941083908
1049,907064,UNCLASSIFIED,4.81262,4.6106438636779785
1557,905973,UNCLASSIFIED,5.815118,4.9567084312438965
1915,684072,UNCLASSIFIED,2.522884,2.453524589538574
1631,909777,UNCLASSIFIED,1.880383,2.260268211364746
1249,908127,UNCLASSIFIED,2.698815,2.863809823989868
1007,907072,UNCLASSIFIED,-5.199044,-5.346292018890381
1005,908127,UNCLASSIFIED,2.264585,2.9943151473999023
1190,684072,UNCLASSIFIED,-5.020614,-4.900907039642334
1047,908474,UNCLASSIFIED,4.212999,4.845470905303955
1613,724831,UNCLASSIFIED,3.840584,3.229069709777832
1088,684072,UNCLASSIFIED,-0.31505,-1.5202734470367432
1941,907322,UNCLASSIFIED,-3.304776,-4.793537616729736
1908,1240221,UNCLASSIFIED,2.433933,2.7839150428771973
1512,909759,UNCLASSIFIED,4.399589,4.88059139251709
1615,908136,UNCLASSIFIED,4.577982,4.6324992179870605
1786,909756,UNCLASSIFIED,4.87355,2.9699528217315674
1089,906852,UNCLASSIFIED,5.04076,3.3397104740142822
1083,907322,UNCLASSIFIED,3.372289,1.9319286346435547
1047,949166,UNCLASSIFIED,5.671127,5.484116077423096
1003,1240221,UNCLASSIFIED,-4.517578,-4.046421051025391
1564,907000,UNCLASSIFIED,0.855572,2.003978729248047
2046,724855,UNCLASSIFIED,3.437384,3.769355535507202
1049,930082,UNCLASSIFIED,4.245096,3.858935832977295
1593,906848,UNCLASSIFIED,-0.408302,0.6670806407928467
1058,907043,UNCLASSIFIED,2.696374,1.543039083480835
1997,906827,UNCLASSIFIED,3.969348,3.6104514598846436
1049,910705,UNCLASSIFIED,3.217905,2.267338991165161
1853,905965,UNCLASSIFIED,3.825096,3.2458152770996094
1928,909696,UNCLASSIFIED,2.721466,3.036477565765381
1854,1303896,UNCLASSIFIED,4.622667,3.9710066318511963
1622,687600,UNCLASSIFIED,5.195873,4.37700891494751
1068,906794,UNCLASSIFIED,1.127749,2.071974515914917
1614,909777,UNCLASSIFIED,2.115834,3.3613176345825195
1852,949156,UNCLASSIFIED,6.065069,5.765864372253418
1089,1331049,UNCLASSIFIED,0.950956,1.0002458095550537
1561,906831,UNCLASSIFIED,1.922963,1.391834020614624
1930,907050,UNCLASSIFIED,2.028872,2.581968307495117
1168,908142,UNCLASSIFIED,2.579212,1.9683761596679688
1079,908471,UNCLASSIFIED,3.725155,3.3622050285339355
1259,909264,UNCLASSIFIED,4.996274,4.128576278686523
2106,906847,UNCLASSIFIED,2.561362,1.888627290725708
1626,1303896,UNCLASSIFIED,-0.484033,-0.7538271546363831
1629,908459,UNCLASSIFIED,5.461704,5.9475603103637695
1083,909731,UNCLASSIFIED,0.910731,0.6868234872817993
1057,910942,UNCLASSIFIED,-0.417185,-1.230391025543213
1248,907050,UNCLASSIFIED,-4.849435,-1.313413381576538
1594,688121,UNCLASSIFIED,5.572995,6.260265350341797
1046,949165,UNCLASSIFIED,3.28346,1.3762662410736084
1239,908159,UNCLASSIFIED,0.589801,0.5481193661689758
1622,905965,UNCLASSIFIED,2.067723,2.7119293212890625
1372,909701,UNCLASSIFIED,0.280414,0.030752956867218018
1613,1240221,UNCLASSIFIED,1.903889,2.603632688522339
1932,908471,UNCLASSIFIED,3.791053,2.0524039268493652
1630,684072,UNCLASSIFIED,4.765681,3.262373447418213
1268,906847,UNCLASSIFIED,4.464255,4.365420818328857
1080,909769,UNCLASSIFIED,-1.202252,0.300640344619751
1613,1330987,UNCLASSIFIED,-0.755985,0.05874150991439819
1268,907056,UNCLASSIFIED,4.146844,4.773043632507324
1932,907268,UNCLASSIFIED,1.779639,1.7274572849273682
1926,1290765,UNCLASSIFIED,1.353083,1.5546205043792725
1873,908149,UNCLASSIFIED,2.370419,1.9962146282196045
1007,908474,UNCLASSIFIED,-5.633858,-5.697623252868652
1046,724855,UNCLASSIFIED,1.412657,3.1889138221740723
1930,949163,UNCLASSIFIED,0.693457,0.05002662539482117
1941,1240215,UNCLASSIFIED,-6.051831,-4.526383876800537
1003,907043,UNCLASSIFIED,-4.676639,-4.191037654876709
2043,1298539,UNCLASSIFIED,6.030684,5.76633358001709
1053,909785,UNCLASSIFIED,-1.395978,-1.3199410438537598
1615,907290,UNCLASSIFIED,6.463651,6.270958423614502
1912,906836,UNCLASSIFIED,1.796472,0.816382110118866
1936,909720,UNCLASSIFIED,2.038353,3.3049209117889404
1561,925343,UNCLASSIFIED,3.708071,3.076474189758301
1017,1240210,UNCLASSIFIED,3.793847,3.372309684753418
1549,906846,UNCLASSIFIED,3.046374,3.138349771499634
1004,1330935,UNCLASSIFIED,-2.743061,-2.73341965675354
1620,1240144,UNCLASSIFIED,5.157275,4.859128952026367
1873,907060,UNCLASSIFIED,0.753029,1.0259064435958862
1925,909720,UNCLASSIFIED,5.46658,5.24815559387207
1559,949157,UNCLASSIFIED,-2.905206,-1.7029871940612793
1249,684052,UNCLASSIFIED,2.613217,2.610994815826416
1010,1331049,UNCLASSIFIED,2.970969,3.183246374130249
1624,907043,UNCLASSIFIED,-0.412493,0.9114839434623718
1179,724831,UNCLASSIFIED,0.006694,0.5398940443992615
2110,905973,UNCLASSIFIED,6.06457,5.187150478363037
1558,1240210,UNCLASSIFIED,2.125313,1.6191558837890625
1007,907064,UNCLASSIFIED,-4.229242,-4.756584644317627
1617,687829,UNCLASSIFIED,3.190459,2.4351017475128174
1003,687600,UNCLASSIFIED,0.782097,-0.019332826137542725
1079,753586,UNCLASSIFIED,0.458247,0.2917984127998352
1057,753539,UNCLASSIFIED,-2.862114,-0.6853347420692444
2096,971773,UNCLASSIFIED,2.788159,2.2321043014526367
1559,909731,UNCLASSIFIED,-2.941807,-3.1764919757843018
1093,1240128,UNCLASSIFIED,3.832119,4.378414154052734
1862,949158,UNCLASSIFIED,-2.049772,-1.4058277606964111
1005,910706,UNCLASSIFIED,0.924491,0.6807329654693604
1047,930082,UNCLASSIFIED,4.78305,3.72304630279541
1089,909977,UNCLASSIFIED,6.610563,6.581410884857178
1375,909756,UNCLASSIFIED,6.901006,6.409581184387207
1088,909717,UNCLASSIFIED,1.387363,2.2779927253723145
1912,924186,UNCLASSIFIED,2.752971,1.3685290813446045
1047,910942,UNCLASSIFIED,0.564332,3.541766405105591
1911,1240184,UNCLASSIFIED,-4.244497,-3.9661641120910645
1168,684062,UNCLASSIFIED,3.198964,3.138974189758301
1054,924105,UNCLASSIFIED,3.099588,4.483197212219238
1936,1331040,UNCLASSIFIED,0.592379,0.7444350719451904
1910,909262,UNCLASSIFIED,2.969647,3.8520922660827637
2040,1240166,UNCLASSIFIED,0.492258,0.6799466013908386
1073,925343,UNCLASSIFIED,6.423733,4.693164825439453
1930,1330933,UNCLASSIFIED,-1.085476,-0.22245174646377563
1862,908149,UNCLASSIFIED,-1.937999,-1.4071214199066162
1615,906838,UNCLASSIFIED,5.168888,4.740197658538818
1560,906804,UNCLASSIFIED,0.091883,1.7587833404541016
1936,1330933,UNCLASSIFIED,0.370352,1.144174337387085
1017,909701,UNCLASSIFIED,2.418824,2.220623016357422
1625,1240210,UNCLASSIFIED,3.684437,4.252082824707031
1088,930082,UNCLASSIFIED,5.229353,3.2088382244110107
1036,909255,UNCLASSIFIED,2.106184,3.74774432182312
1511,949161,UNCLASSIFIED,-2.998816,-3.217460870742798
2107,1298219,UNCLASSIFIED,5.800396,6.130937576293945
1060,907273,UNCLASSIFIED,-0.507934,0.010124683380126953
1911,908156,UNCLASSIFIED,-8.294532,-7.7254486083984375
1239,908459,UNCLASSIFIED,3.719282,3.337644577026367
1553,909774,UNCLASSIFIED,3.463687,4.068648815155029
2096,907298,UNCLASSIFIED,2.691914,2.437830924987793
1924,1240149,UNCLASSIFIED,3.625086,3.6508665084838867
1940,906827,UNCLASSIFIED,4.052455,3.8779594898223877
1091,908149,UNCLASSIFIED,5.344167,2.393678903579712
1372,1330987,UNCLASSIFIED,0.541221,1.0504646301269531
1618,909701,UNCLASSIFIED,2.373889,1.8542430400848389
1006,1290795,UNCLASSIFIED,3.782002,1.192603588104248
1093,724831,UNCLASSIFIED,4.266488,4.783257484436035
1625,910401,UNCLASSIFIED,3.213065,3.3393800258636475
1622,907298,UNCLASSIFIED,4.707265,3.7326204776763916
1635,907298,UNCLASSIFIED,5.059188,4.908417224884033
1855,1240215,UNCLASSIFIED,4.436626,5.602232933044434
1624,907056,UNCLASSIFIED,2.833632,2.766763925552368
1598,1240144,UNCLASSIFIED,4.692084,4.299307823181152
1909,949164,UNCLASSIFIED,1.21096,1.954615831375122
2045,1240149,UNCLASSIFIED,4.169237,4.216736316680908
1933,906848,UNCLASSIFIED,3.927349,3.4741647243499756
2106,908132,UNCLASSIFIED,3.577233,2.25408673286438
1011,688121,UNCLASSIFIED,5.68873,4.340226650238037
1085,1322218,UNCLASSIFIED,1.648534,1.021857500076294
1912,949165,UNCLASSIFIED,4.257959,3.189755916595459
1928,1240128,UNCLASSIFIED,5.669952,4.829037189483643
1912,906853,UNCLASSIFIED,4.515302,3.7274396419525146
1239,1240166,UNCLASSIFIED,-0.29799,0.3274220824241638
1873,908136,UNCLASSIFIED,0.284877,0.4405653178691864
1085,908156,UNCLASSIFIED,-5.463442,-4.448834419250488
1068,906804,UNCLASSIFIED,0.684463,0.830993115901947
2096,909754,UNCLASSIFIED,5.868984,4.951503753662109
1939,908136,UNCLASSIFIED,2.247927,2.28863263130188
1022,906856,UNCLASSIFIED,-5.655122,-3.7571945190429688
1635,908459,UNCLASSIFIED,5.915962,5.621442794799805
1131,1240210,UNCLASSIFIED,2.739125,2.8754544258117676
1913,906846,UNCLASSIFIED,3.975036,4.391748905181885
1786,905965,UNCLASSIFIED,2.431543,0.5862215161323547
1634,946361,UNCLASSIFIED,3.564349,4.344631671905518
1180,949167,UNCLASSIFIED,-3.506542,-3.049593925476074
1004,909732,UNCLASSIFIED,-4.692018,-3.8921923637390137
1909,909776,UNCLASSIFIED,2.546144,2.9735729694366455
1131,1240140,UNCLASSIFIED,6.656998,5.92519474029541
1614,905965,UNCLASSIFIED,1.324787,1.4241478443145752
1635,909756,UNCLASSIFIED,5.820213,5.178736686706543
1553,907060,UNCLASSIFIED,2.796741,1.8868608474731445
2044,909769,UNCLASSIFIED,5.626888,4.654696941375732
1558,909696,UNCLASSIFIED,2.691211,1.908660650253296
1549,908132,UNCLASSIFIED,4.532323,3.9845335483551025
1093,724855,UNCLASSIFIED,4.804837,4.973090648651123
1054,909776,UNCLASSIFIED,4.002316,3.5396411418914795
1928,906848,UNCLASSIFIED,1.926687,3.5837347507476807
1933,909785,UNCLASSIFIED,2.148421,2.1958436965942383
1927,909754,UNCLASSIFIED,6.45531,6.079643726348877
1036,906794,UNCLASSIFIED,4.696627,4.840826511383057
1854,910906,UNCLASSIFIED,4.401397,4.0209479331970215
1046,907796,UNCLASSIFIED,2.718375,1.4244005680084229
1013,925345,UNCLASSIFIED,1.44308,1.218727946281433
1916,906804,UNCLASSIFIED,1.003975,0.4398891031742096
1549,909732,UNCLASSIFIED,5.097835,4.208479881286621
1799,753539,UNCLASSIFIED,5.135233,4.770642280578613
1997,949165,UNCLASSIFIED,3.657419,3.1306583881378174
1919,908142,UNCLASSIFIED,0.318157,1.0457205772399902
1621,909776,UNCLASSIFIED,5.059284,5.204564094543457
1563,687780,UNCLASSIFIED,6.504486,6.3762078285217285
2040,910906,UNCLASSIFIED,-0.735645,0.11205095052719116
1529,684052,UNCLASSIFIED,-1.872448,-1.276796579360962
1563,907273,UNCLASSIFIED,4.564442,3.852741241455078
1917,910906,UNCLASSIFIED,0.937987,1.1403687000274658
1046,753539,UNCLASSIFIED,1.389873,1.0703988075256348
1088,949155,UNCLASSIFIED,-0.750553,-1.613290548324585
1786,907322,UNCLASSIFIED,0.961967,1.7728748321533203
1630,909720,UNCLASSIFIED,3.60839,3.624314546585083
1046,907322,UNCLASSIFIED,-0.082237,-0.10586309432983398
1084,910695,UNCLASSIFIED,-0.573847,-2.3573451042175293
1375,908467,UNCLASSIFIED,4.584408,5.221309661865234
1930,908471,UNCLASSIFIED,-0.000128,-0.6396422982215881
1080,908142,UNCLASSIFIED,-4.506375,-3.927351951599121
1051,1330935,UNCLASSIFIED,2.198118,2.4241809844970703
1036,907299,UNCLASSIFIED,5.31033,3.6267240047454834
1036,909756,UNCLASSIFIED,3.463009,4.6899309158325195
1614,1330933,UNCLASSIFIED,2.435891,2.749699354171753
1529,930082,UNCLASSIFIED,-1.967208,-0.00024235248565673828
1922,724831,UNCLASSIFIED,4.183768,2.761039972305298
1622,949160,UNCLASSIFIED,4.053781,3.892486095428467
1088,907043,UNCLASSIFIED,0.015444,0.3217167556285858
1862,905965,UNCLASSIFIED,-1.699307,-2.2598421573638916
1237,949165,UNCLASSIFIED,5.432829,5.250938415527344
1926,687780,UNCLASSIFIED,-0.58466,-0.45956605672836304
1617,724831,UNCLASSIFIED,0.883501,2.9058725833892822
2110,909777,UNCLASSIFIED,3.146075,3.0038294792175293
1629,907073,UNCLASSIFIED,2.561452,2.885643720626831
1004,925345,UNCLASSIFIED,-2.464038,-2.564000129699707
1908,908136,UNCLASSIFIED,2.291124,2.4030978679656982
2048,909716,UNCLASSIFIED,-3.198638,-3.207383155822754
1854,1330935,UNCLASSIFIED,2.753908,3.333756685256958
1036,1298534,UNCLASSIFIED,7.02135,5.39557409286499
2107,909777,UNCLASSIFIED,4.965807,4.090456485748291
1089,1240140,UNCLASSIFIED,4.512921,3.1940042972564697
1549,910942,UNCLASSIFIED,3.990013,2.4171180725097656
1005,684052,UNCLASSIFIED,-0.085933,0.7037656307220459
1630,908136,UNCLASSIFIED,4.364464,3.5969691276550293
1933,909769,UNCLASSIFIED,6.430588,4.072666645050049
1190,1290807,UNCLASSIFIED,4.229703,3.1843721866607666
1034,909732,UNCLASSIFIED,-2.434753,-3.1836295127868652
1855,1240221,UNCLASSIFIED,2.814175,3.2020533084869385
1091,905965,UNCLASSIFIED,-0.62554,0.3857232332229614
1873,907056,UNCLASSIFIED,2.222374,1.8323094844818115
1036,949157,UNCLASSIFIED,4.676265,3.225836992263794
1917,909785,UNCLASSIFIED,0.093863,-0.049479126930236816
1093,908131,UNCLASSIFIED,4.811716,4.966669082641602
1036,908127,UNCLASSIFIED,4.293254,4.377027988433838
1578,906794,UNCLASSIFIED,5.413545,5.037323951721191
1622,924105,UNCLASSIFIED,4.126668,4.08844518661499
1852,906794,UNCLASSIFIED,4.127438,4.859461307525635
1058,909696,UNCLASSIFIED,0.176664,0.7153542637825012
1622,907000,UNCLASSIFIED,4.130675,3.984772205352783
2044,949155,UNCLASSIFIED,1.626125,2.4836127758026123
1918,909696,UNCLASSIFIED,2.534505,2.6010284423828125
1007,907299,UNCLASSIFIED,-4.649537,-5.660369396209717
1375,906856,UNCLASSIFIED,2.697014,3.5423216819763184
1855,909977,UNCLASSIFIED,6.216963,6.502987384796143
1553,909722,UNCLASSIFIED,3.037282,2.778416156768799
1933,910706,UNCLASSIFIED,3.363105,2.872150421142578
1559,908149,UNCLASSIFIED,-3.629513,-1.3513038158416748
1630,1298534,UNCLASSIFIED,3.906206,5.960968494415283
1926,907060,UNCLASSIFIED,1.508636,1.0703344345092773
1088,724831,UNCLASSIFIED,2.872415,2.525799036026001
1854,1330933,UNCLASSIFIED,4.372716,3.7755050659179688
1191,1331039,UNCLASSIFIED,-5.771196,-4.9029364585876465
1512,910706,UNCLASSIFIED,3.362994,3.254430055618286
1089,910401,UNCLASSIFIED,3.222152,2.9054746627807617
2106,907298,UNCLASSIFIED,2.371995,2.6297359466552734
1190,1331040,UNCLASSIFIED,-3.82487,-4.893601417541504
1091,908454,UNCLASSIFIED,0.369006,1.561704397201538
1004,1322218,UNCLASSIFIED,-5.036329,-5.816218852996826
1561,1240166,UNCLASSIFIED,1.962772,1.7007668018341064
1799,909696,UNCLASSIFIED,4.028377,3.54654860496521
1629,1330933,UNCLASSIFIED,3.560234,3.27358078956604
1939,949165,UNCLASSIFIED,1.921285,1.3020215034484863
1629,949164,UNCLASSIFIED,4.166241,4.087908744812012
1996,753586,UNCLASSIFIED,4.113592,4.627106666564941
1259,925343,UNCLASSIFIED,1.95323,1.7603340148925781
1855,1303912,UNCLASSIFIED,6.389979,5.662448883056641
1996,907069,UNCLASSIFIED,5.918704,4.268898010253906
1248,924186,UNCLASSIFIED,-4.043289,-4.875916004180908
1034,909769,UNCLASSIFIED,-2.606376,-1.7021849155426025
1005,906861,UNCLASSIFIED,3.657736,3.364089250564575
1053,909699,UNCLASSIFIED,3.852915,3.888514518737793
1618,724831,UNCLASSIFIED,4.26021,3.729832172393799
1912,906800,UNCLASSIFIED,1.073273,-0.003946512937545776
1922,753607,UNCLASSIFIED,1.300999,2.15362811088562
1930,1240128,UNCLASSIFIED,0.598226,-0.005766421556472778
1007,909776,UNCLASSIFIED,-4.058146,-3.726668357849121
1084,910784,UNCLASSIFIED,-2.678283,-1.560110092163086
2106,909975,UNCLASSIFIED,5.969174,3.36369252204895
2046,1298219,UNCLASSIFIED,5.741753,5.0562591552734375
1239,906804,UNCLASSIFIED,1.035109,0.9089316129684448
1512,909699,UNCLASSIFIED,5.912815,6.5322160720825195
1873,949156,UNCLASSIFIED,1.01914,1.2818589210510254
1852,908142,UNCLASSIFIED,3.659029,4.537022113800049
1915,925341,UNCLASSIFIED,2.894863,2.7152957916259766
1051,910695,UNCLASSIFIED,0.583678,2.8293137550354004
1908,907043,UNCLASSIFIED,1.172025,0.4186285138130188
1598,1327774,UNCLASSIFIED,3.103772,2.2131845951080322
1511,907000,UNCLASSIFIED,-3.174194,-2.6783368587493896
1022,907323,UNCLASSIFIED,-1.096348,-1.3779780864715576
1034,909756,UNCLASSIFIED,-3.131557,-2.7055656909942627
1908,909264,UNCLASSIFIED,3.499956,1.3383021354675293
1873,907299,UNCLASSIFIED,-0.409351,0.10799044370651245
1036,1240128,UNCLASSIFIED,2.943145,4.254081726074219
1375,908127,UNCLASSIFIED,5.518905,5.781040668487549
1010,949163,UNCLASSIFIED,2.291467,2.9737355709075928
2048,684059,UNCLASSIFIED,-5.536014,-4.567241191864014
1621,1290795,UNCLASSIFIED,4.934905,4.241361618041992
1049,910695,UNCLASSIFIED,3.893533,5.326525688171387
1079,907796,UNCLASSIFIED,1.102236,1.8029723167419434
1011,906846,UNCLASSIFIED,1.788274,3.4725284576416016
1010,753586,UNCLASSIFIED,4.000034,4.2786478996276855
1908,949167,UNCLASSIFIED,3.470815,3.2272300720214844
1047,949156,UNCLASSIFIED,3.718635,4.330023765563965
1855,910849,UNCLASSIFIED,4.150094,4.578399658203125
1933,908454,UNCLASSIFIED,2.139664,2.070693016052246
1549,1331049,UNCLASSIFIED,3.924993,4.0382280349731445
1268,910703,UNCLASSIFIED,3.835474,4.606171607971191
1936,687780,UNCLASSIFIED,2.96803,2.474820137023926
1375,924110,UNCLASSIFIED,5.406687,5.412247180938721
1928,908159,UNCLASSIFIED,2.181845,2.742776870727539
1089,906847,UNCLASSIFIED,2.385228,2.3654773235321045
1620,906852,UNCLASSIFIED,6.053309,6.158736228942871
1909,909264,UNCLASSIFIED,3.257275,2.0265109539031982
1011,1298539,UNCLASSIFIED,3.278871,3.866405963897705
1614,1298534,UNCLASSIFIED,4.409151,5.28180456161499
1248,1240140,UNCLASSIFIED,-7.203366,-4.7593560218811035
1617,1240184,UNCLASSIFIED,1.886025,3.762265682220459
1557,910695,UNCLASSIFIED,5.552562,6.157599449157715
1561,924105,UNCLASSIFIED,-1.202055,-1.3465900421142578
1036,907072,UNCLASSIFIED,3.575979,4.262458324432373
1085,684062,UNCLASSIFIED,1.895232,2.1830952167510986
1908,949166,UNCLASSIFIED,5.186823,4.383820533752441
1083,907000,UNCLASSIFIED,1.637963,1.9344971179962158
1560,1331039,UNCLASSIFIED,3.790789,2.247358798980713
1925,909717,UNCLASSIFIED,4.134229,4.4494524002075195
1911,907290,UNCLASSIFIED,-4.194836,-3.7498817443847656
1085,925345,UNCLASSIFIED,1.921725,1.7993886470794678
1940,909699,UNCLASSIFIED,5.126756,4.3665008544921875
1180,724863,UNCLASSIFIED,-2.900987,-3.411494016647339
1373,909769,UNCLASSIFIED,4.99029,5.038333892822266
1916,909720,UNCLASSIFIED,3.97648,3.5407986640930176
1373,925345,UNCLASSIFIED,4.784029,3.9035634994506836
1618,909975,UNCLASSIFIED,5.454991,4.416640281677246
1047,909759,UNCLASSIFIED,0.71928,1.7038495540618896
1912,909759,UNCLASSIFIED,2.983716,2.451608896255493
1083,1240144,UNCLASSIFIED,2.426394,3.1713709831237793
1593,724863,UNCLASSIFIED,2.908723,1.9874083995819092
1918,724863,UNCLASSIFIED,5.58946,3.709733486175537
1564,1240184,UNCLASSIFIED,0.910962,1.2661542892456055
1564,909716,UNCLASSIFIED,3.900687,2.79390025138855
1564,1240144,UNCLASSIFIED,2.564274,2.1566197872161865
1047,1240184,UNCLASSIFIED,5.965442,4.617626190185547
1613,1240166,UNCLASSIFIED,2.082006,0.9507105946540833
1003,907268,UNCLASSIFIED,-3.36021,-4.466730117797852
1259,946361,UNCLASSIFIED,5.143228,3.862382411956787
2048,906848,UNCLASSIFIED,-3.856946,-3.411026954650879
1598,908459,UNCLASSIFIED,5.103476,5.262975215911865
1512,906827,UNCLASSIFIED,4.632237,4.722836494445801
1036,907073,UNCLASSIFIED,2.924886,3.16918683052063
1025,907047,UNCLASSIFIED,4.020308,5.1591386795043945
1578,971773,UNCLASSIFIED,4.254997,3.8238131999969482
1909,906848,UNCLASSIFIED,-0.986968,-1.2175660133361816
1239,907069,UNCLASSIFIED,2.375268,1.5504851341247559
1855,909759,UNCLASSIFIED,4.578103,4.73397159576416
1873,908159,UNCLASSIFIED,0.248825,0.4654068946838379
1618,908131,UNCLASSIFIED,4.62272,4.257745265960693
1627,908471,UNCLASSIFIED,1.611418,2.3089637756347656
1034,908467,UNCLASSIFIED,-3.01306,-2.7498295307159424
1629,909976,UNCLASSIFIED,4.18599,3.7094430923461914
1997,907000,UNCLASSIFIED,3.599221,3.2637789249420166
1576,906831,UNCLASSIFIED,1.430154,1.3545031547546387
1996,907796,UNCLASSIFIED,4.707239,3.6328279972076416
1168,925345,UNCLASSIFIED,1.265036,2.1609692573547363
1093,1240184,UNCLASSIFIED,6.300984,4.8452911376953125
1873,949167,UNCLASSIFIED,0.550156,0.2110520303249359
1005,910906,UNCLASSIFIED,1.878861,2.294948101043701
2111,906794,UNCLASSIFIED,4.037785,3.666172742843628
1852,1330987,UNCLASSIFIED,3.988306,4.058724403381348
1250,930082,UNCLASSIFIED,4.622004,3.081496477127075
1617,949161,UNCLASSIFIED,1.351699,1.6431403160095215
1928,909720,UNCLASSIFIED,5.443007,4.391973495483398
2044,909976,UNCLASSIFIED,2.697447,3.2050435543060303
1873,1330933,UNCLASSIFIED,0.274019,0.15098413825035095
1512,971773,UNCLASSIFIED,4.014359,3.7535414695739746
1939,687780,UNCLASSIFIED,1.854165,2.2307310104370117
1622,910784,UNCLASSIFIED,4.789507,4.215672492980957
1799,908467,UNCLASSIFIED,4.46806,4.979410171508789
1629,909977,UNCLASSIFIED,5.92579,5.346442699432373
1593,909707,UNCLASSIFIED,3.351812,2.6394176483154297
1613,907073,UNCLASSIFIED,2.764732,3.390942096710205
1080,949165,UNCLASSIFIED,-2.096625,-4.084019660949707
1927,909255,UNCLASSIFIED,3.664869,3.843750476837158
1617,1330935,UNCLASSIFIED,1.128649,0.919717013835907
1629,906836,UNCLASSIFIED,3.32919,3.306520938873291
1931,905965,UNCLASSIFIED,3.968116,2.348484992980957
1036,909779,UNCLASSIFIED,5.700978,5.035304546356201
1939,908158,UNCLASSIFIED,3.716628,2.367112159729004
1022,910849,UNCLASSIFIED,-0.629131,0.49459630250930786
1631,909785,UNCLASSIFIED,0.733982,0.8320817351341248
1510,949168,UNCLASSIFIED,2.495843,2.5379974842071533
1563,909769,UNCLASSIFIED,6.448001,5.844387054443359
1620,925341,UNCLASSIFIED,4.432993,4.9718427658081055
1626,1298219,UNCLASSIFIED,4.687615,5.667618751525879
1096,907047,UNCLASSIFIED,3.487739,1.743494987487793
1012,971773,UNCLASSIFIED,0.151278,1.0228769779205322
1091,907069,UNCLASSIFIED,2.1065,2.1604697704315186
1079,908467,UNCLASSIFIED,3.631248,3.397360324859619
1928,910942,UNCLASSIFIED,4.086004,3.1261448860168457
1057,906853,UNCLASSIFIED,1.470514,1.4071993827819824
1936,925345,UNCLASSIFIED,1.1553,2.0963401794433594
2047,1240215,UNCLASSIFIED,3.422574,3.3688833713531494
2048,906794,UNCLASSIFIED,-2.084343,-2.44215989112854
1088,1298539,UNCLASSIFIED,4.874976,4.756488800048828
1558,949166,UNCLASSIFIED,5.853639,4.37816858291626
1559,753607,UNCLASSIFIED,-2.607781,-1.2795064449310303
1068,924110,UNCLASSIFIED,3.499912,1.8237128257751465
1373,908138,UNCLASSIFIED,5.19224,4.639695167541504
1849,1240221,UNCLASSIFIED,-2.576993,-0.46709930896759033
1917,930082,UNCLASSIFIED,1.734858,1.8000667095184326
2040,1298539,UNCLASSIFIED,3.872611,2.6254186630249023
1634,724863,UNCLASSIFIED,3.945946,4.068145751953125
1046,906831,UNCLASSIFIED,1.236726,0.7976206541061401
1510,1303912,UNCLASSIFIED,4.677192,4.124680995941162
1854,907298,UNCLASSIFIED,4.560785,4.437603950500488
1932,684052,UNCLASSIFIED,1.30453,1.0155022144317627
1559,684057,UNCLASSIFIED,-2.985962,-3.0672197341918945
2096,1290795,UNCLASSIFIED,3.262264,2.715806245803833
1910,1240215,UNCLASSIFIED,3.389175,3.4370510578155518
1057,909754,UNCLASSIFIED,-0.378874,-0.8877303004264832
1058,906846,UNCLASSIFIED,0.544107,0.644763708114624
1268,910851,UNCLASSIFIED,3.898924,3.9667515754699707
1080,906847,UNCLASSIFIED,-2.743021,-2.851099967956543
1091,908142,UNCLASSIFIED,1.89493,1.0999503135681152
1005,1240215,UNCLASSIFIED,3.916077,3.930981397628784
1529,946361,UNCLASSIFIED,2.448777,0.5354893803596497
1553,1240166,UNCLASSIFIED,3.01756,2.0319418907165527
1799,906831,UNCLASSIFIED,4.33701,3.255127191543579
1047,908132,UNCLASSIFIED,2.168895,0.5560572743415833
1010,906800,UNCLASSIFIED,2.307113,2.644436836242676
1629,1327774,UNCLASSIFIED,2.854376,2.6744956970214844
1004,1240128,UNCLASSIFIED,-4.155677,-4.241682529449463
1200,946357,UNCLASSIFIED,2.312719,1.9503259658813477
1996,906836,UNCLASSIFIED,1.912599,1.8604192733764648
1615,687829,UNCLASSIFIED,5.329666,5.992959499359131
1249,906846,UNCLASSIFIED,2.580896,2.214325428009033
1928,907064,UNCLASSIFIED,5.352155,5.042625904083252
1926,909720,UNCLASSIFIED,1.035901,0.4626658856868744
1073,910849,UNCLASSIFIED,5.90048,4.298065662384033
1932,1240215,UNCLASSIFIED,4.452354,3.9989988803863525
1558,905973,UNCLASSIFIED,5.118041,4.200047492980957
1010,909977,UNCLASSIFIED,4.699578,4.404363632202148
1013,907056,UNCLASSIFIED,3.992116,2.9489645957946777
1006,907299,UNCLASSIFIED,-1.213494,-0.1511266827583313
2106,908467,UNCLASSIFIED,2.235947,2.9996306896209717
1012,924110,UNCLASSIFIED,0.869367,1.204674482345581
1849,906800,UNCLASSIFIED,-2.740388,-2.621742010116577
1996,908149,UNCLASSIFIED,4.615819,3.5471389293670654
1630,906804,UNCLASSIFIED,1.992454,1.755995273590088
1996,905973,UNCLASSIFIED,4.115485,4.232238292694092
1022,909975,UNCLASSIFIED,1.603409,1.2928931713104248
1918,906831,UNCLASSIFIED,2.945175,3.2183384895324707
2040,908138,UNCLASSIFIED,1.271042,1.3804512023925781
1909,909262,UNCLASSIFIED,1.812538,1.4172284603118896
1621,1240140,UNCLASSIFIED,5.047171,4.535131454467773
1054,1240210,UNCLASSIFIED,4.296581,3.1053576469421387
1631,906794,UNCLASSIFIED,3.812808,3.655043125152588
1093,909699,UNCLASSIFIED,5.470987,6.324256420135498
1561,925345,UNCLASSIFIED,1.509439,0.1718701720237732
2044,949157,UNCLASSIFIED,2.560568,2.444380521774292
1941,909699,UNCLASSIFIED,-4.237246,-4.075982093811035
1621,907050,UNCLASSIFIED,7.794095,6.884284496307373
1180,949155,UNCLASSIFIED,-3.986548,-4.114393711090088
1564,906999,UNCLASSIFIED,2.374955,2.073408365249634
1060,908143,UNCLASSIFIED,2.686567,1.516791820526123
1034,906856,UNCLASSIFIED,-5.273603,-5.411243915557861
1057,949167,UNCLASSIFIED,-2.51332,-2.1954236030578613
1093,906856,UNCLASSIFIED,3.226415,2.700336456298828
1190,907323,UNCLASSIFIED,-4.665161,-3.9695887565612793
1617,949160,UNCLASSIFIED,1.385723,2.2870941162109375
1013,1240149,UNCLASSIFIED,3.187058,2.2015464305877686
1593,907044,UNCLASSIFIED,1.498193,0.9601806998252869
1011,909756,UNCLASSIFIED,4.915993,2.6668648719787598
1032,907273,UNCLASSIFIED,1.30232,1.0674664974212646
1917,909777,UNCLASSIFIED,1.255423,0.861870527267456
1529,906856,UNCLASSIFIED,-1.770184,-2.30692195892334
1036,906838,UNCLASSIFIED,4.614316,4.821333885192871
1598,1290795,UNCLASSIFIED,6.214052,4.869765758514404
1036,1303896,UNCLASSIFIED,3.392514,2.940488576889038
1073,949161,UNCLASSIFIED,2.910484,3.6258463859558105
1564,907796,UNCLASSIFIED,1.580138,1.928166389465332
1057,946357,UNCLASSIFIED,-1.434272,-2.8715689182281494
1559,930082,UNCLASSIFIED,0.972561,-1.6761600971221924
1618,724855,UNCLASSIFIED,4.383896,4.310122013092041
1091,907072,UNCLASSIFIED,0.419757,0.3194810450077057
1200,908156,UNCLASSIFIED,1.138781,1.4451022148132324
1089,907073,UNCLASSIFIED,3.379314,1.8960764408111572
1511,906827,UNCLASSIFIED,-1.495478,-2.4182727336883545
1620,908471,UNCLASSIFIED,3.652125,4.714912414550781
1006,909759,UNCLASSIFIED,-3.861837,-1.172166109085083
1919,908143,UNCLASSIFIED,2.816234,2.1171228885650635
2109,724831,UNCLASSIFIED,2.04713,3.2173924446105957
1620,1331049,UNCLASSIFIED,4.680475,4.921533584594727
1559,906852,UNCLASSIFIED,-1.678281,-1.686922550201416
1557,906847,UNCLASSIFIED,3.945945,4.570844650268555
1927,909976,UNCLASSIFIED,4.961736,4.442060470581055
2109,1290765,UNCLASSIFIED,1.950381,2.9266324043273926
1873,906831,UNCLASSIFIED,1.08102,0.3608222007751465
1614,907000,UNCLASSIFIED,2.487724,2.68460750579834
2045,908149,UNCLASSIFIED,3.994489,3.978806972503662
2110,949165,UNCLASSIFIED,5.453671,4.795703887939453
1091,949168,UNCLASSIFIED,2.326731,2.951902151107788
1558,908136,UNCLASSIFIED,2.085177,1.6255908012390137
1621,908132,UNCLASSIFIED,0.740715,2.6421351432800293
1512,949157,UNCLASSIFIED,4.756842,5.552770137786865
1624,1331049,UNCLASSIFIED,4.518394,2.993128538131714
1598,908143,UNCLASSIFIED,3.078211,2.987618923187256
1855,908467,UNCLASSIFIED,2.203891,4.317294597625732
1941,949155,UNCLASSIFIED,-5.372146,-4.250654697418213
1268,907323,UNCLASSIFIED,2.150293,3.0763864517211914
1912,1330933,UNCLASSIFIED,2.041613,2.2587578296661377
1529,949157,UNCLASSIFIED,-0.222111,1.4188685417175293
2046,909255,UNCLASSIFIED,3.278862,2.3560967445373535
1239,906827,UNCLASSIFIED,2.501381,1.264209508895874
1913,724863,UNCLASSIFIED,5.784937,4.9962239265441895
1620,684062,UNCLASSIFIED,4.198751,5.195548057556152
1190,724831,UNCLASSIFIED,-1.836697,-0.9141470789909363
1177,909779,UNCLASSIFIED,5.17727,4.922026634216309
1011,909759,UNCLASSIFIED,1.83936,1.8813645839691162
1017,949164,UNCLASSIFIED,3.623011,3.449960708618164
1932,949157,UNCLASSIFIED,1.545605,2.2328007221221924
1177,910849,UNCLASSIFIED,2.738032,4.370413303375244
1630,1330987,UNCLASSIFIED,2.39761,0.9435536861419678
1849,1298534,UNCLASSIFIED,-0.846289,0.6512348651885986
1054,687780,UNCLASSIFIED,4.510648,4.313708305358887
1927,907072,UNCLASSIFIED,4.828957,4.122910499572754
1060,925345,UNCLASSIFIED,1.670196,0.996353030204773
1996,909696,UNCLASSIFIED,3.611049,2.9594714641571045
1927,909779,UNCLASSIFIED,5.29282,5.138994216918945
1073,1330987,UNCLASSIFIED,2.659087,2.6187427043914795
1630,908143,UNCLASSIFIED,5.141392,3.947437047958374
1615,1240128,UNCLASSIFIED,4.198253,4.9644365310668945
1049,1240149,UNCLASSIFIED,2.994143,2.973172664642334
1047,908158,UNCLASSIFIED,0.722509,0.6170364022254944
1057,1330987,UNCLASSIFIED,-3.479812,-3.044286012649536
1091,909699,UNCLASSIFIED,2.902896,2.963054895401001
1511,906794,UNCLASSIFIED,-0.235387,-1.5078074932098389
1634,906794,UNCLASSIFIED,3.991335,3.634218692779541
1629,687600,UNCLASSIFIED,5.635853,4.581330299377441
1512,910695,UNCLASSIFIED,5.696197,5.764379501342773
2043,908156,UNCLASSIFIED,-0.492995,3.295614004135132
1916,909716,UNCLASSIFIED,1.038153,1.171159029006958
1618,906838,UNCLASSIFIED,3.776029,3.9965949058532715
1996,908471,UNCLASSIFIED,4.029324,2.286118268966675
1091,1303912,UNCLASSIFIED,1.766551,1.26141357421875
1032,906838,UNCLASSIFIED,0.584276,1.5096988677978516
2109,908474,UNCLASSIFIED,2.515035,2.3288729190826416
1853,907322,UNCLASSIFIED,4.578562,3.1794018745422363
1093,1303912,UNCLASSIFIED,5.574115,4.143517017364502
1932,949167,UNCLASSIFIED,0.530459,0.7965868711471558
1924,909716,UNCLASSIFIED,1.051599,2.067626476287842
2106,906838,UNCLASSIFIED,1.372019,3.1323256492614746
1576,906849,UNCLASSIFIED,1.053345,2.5859262943267822
2040,949168,UNCLASSIFIED,0.581289,1.5202455520629883
1635,908149,UNCLASSIFIED,4.242776,5.222055435180664
1529,971773,UNCLASSIFIED,-2.925456,-1.339470624923706
1593,905973,UNCLASSIFIED,1.759314,1.9649477005004883
2044,910784,UNCLASSIFIED,3.800253,3.5752999782562256
1032,909975,UNCLASSIFIED,3.520301,3.4735071659088135
1630,910849,UNCLASSIFIED,2.914439,2.8457388877868652
1634,909707,UNCLASSIFIED,3.756304,4.30011510848999
1200,930082,UNCLASSIFIED,2.869364,2.6208696365356445
2045,909716,UNCLASSIFIED,4.251654,4.267075538635254
1005,907299,UNCLASSIFIED,1.429331,1.8736586570739746
1913,924110,UNCLASSIFIED,3.17268,4.395706653594971
1853,910401,UNCLASSIFIED,2.93835,3.2275002002716064
1918,908138,UNCLASSIFIED,2.937907,2.558993101119995
1032,1330933,UNCLASSIFIED,1.049986,1.2222011089324951
1852,907060,UNCLASSIFIED,4.657363,4.43942403793335
2111,930082,UNCLASSIFIED,5.335937,3.217473030090332
1084,1303912,UNCLASSIFIED,-3.552096,-2.9095687866210938
1529,910706,UNCLASSIFIED,-2.185956,-1.178757905960083
1576,687780,UNCLASSIFIED,3.682789,3.0655269622802734
2106,908131,UNCLASSIFIED,3.195141,3.929654598236084
1560,909699,UNCLASSIFIED,3.854923,4.412998199462891
2046,907044,UNCLASSIFIED,0.46896,1.125911831855774
1940,906831,UNCLASSIFIED,3.444306,3.166860580444336
1091,930082,UNCLASSIFIED,2.606717,1.9644334316253662
1200,1331040,UNCLASSIFIED,0.746502,1.2745544910430908
1910,909756,UNCLASSIFIED,3.094197,2.498894691467285
1615,1298539,UNCLASSIFIED,5.992938,6.167543888092041
2040,906848,UNCLASSIFIED,0.540463,0.9274835586547852
1091,910906,UNCLASSIFIED,2.564743,1.6991968154907227
1578,753539,UNCLASSIFIED,4.083912,3.826782703399658
1909,909731,UNCLASSIFIED,1.458762,1.981205940246582
1005,1240140,UNCLASSIFIED,1.940108,3.7815256118774414
2106,949163,UNCLASSIFIED,1.796328,2.2493839263916016
1083,724831,UNCLASSIFIED,3.205733,3.3694064617156982
1006,906861,UNCLASSIFIED,1.03835,2.3713719844818115
1168,908149,UNCLASSIFIED,3.472645,2.320025682449341
1630,1240140,UNCLASSIFIED,2.857446,2.4854514598846436
1089,909262,UNCLASSIFIED,2.784874,1.2610360383987427
1922,908471,UNCLASSIFIED,1.103294,1.3518311977386475
1941,949156,UNCLASSIFIED,-6.441556,-4.421446800231934
1373,909975,UNCLASSIFIED,7.036285,6.743981838226318
1908,684052,UNCLASSIFIED,2.894025,0.16447654366493225
1908,753586,UNCLASSIFIED,5.52954,2.5396811962127686
1615,910779,UNCLASSIFIED,5.663151,5.104082107543945
1003,906831,UNCLASSIFIED,-3.69488,-3.7935633659362793
1131,906999,UNCLASSIFIED,3.423646,2.700061321258545
1259,1240149,UNCLASSIFIED,2.514155,1.3395978212356567
1012,909699,UNCLASSIFIED,1.951121,1.148910641670227
1561,930082,UNCLASSIFIED,3.104825,1.1310033798217773
1576,907323,UNCLASSIFIED,2.184219,1.7053196430206299
1512,906846,UNCLASSIFIED,5.356898,5.124649524688721
2044,1327774,UNCLASSIFIED,2.887442,2.572632312774658
1003,1303896,UNCLASSIFIED,-3.310458,-4.174316883087158
1079,949166,UNCLASSIFIED,3.796025,4.349924564361572
1918,949166,UNCLASSIFIED,3.378257,3.985394239425659
1168,908136,UNCLASSIFIED,2.563212,1.8247358798980713
1936,909976,UNCLASSIFIED,1.598071,2.203660726547241
1557,909264,UNCLASSIFIED,5.690854,5.23867130279541
1630,908158,UNCLASSIFIED,1.522212,0.5043664574623108
2046,910784,UNCLASSIFIED,2.951874,3.624251127243042
1911,907047,UNCLASSIFIED,-6.47563,-6.121438980102539
1913,909701,UNCLASSIFIED,3.628387,4.2474822998046875
1051,909977,UNCLASSIFIED,4.855942,2.923705816268921
1032,1240184,UNCLASSIFIED,2.1068,3.4014461040496826
1558,949160,UNCLASSIFIED,1.378659,2.29575777053833
1563,908142,UNCLASSIFIED,4.47868,4.578021049499512
1563,907322,UNCLASSIFIED,5.028782,4.668342113494873
1032,1240166,UNCLASSIFIED,1.647862,1.246767520904541
2040,906999,UNCLASSIFIED,0.976885,1.06331205368042
1855,908131,UNCLASSIFIED,4.65905,5.74599027633667
1083,910703,UNCLASSIFIED,3.333867,2.585195302963257
1190,905965,UNCLASSIFIED,-4.652375,-4.679631233215332
1576,949165,UNCLASSIFIED,2.493628,2.9859960079193115
1085,907298,UNCLASSIFIED,0.176501,1.8020169734954834
1911,687780,UNCLASSIFIED,-6.25623,-4.809823513031006
1997,925345,UNCLASSIFIED,1.754078,1.9903371334075928
2109,946361,UNCLASSIFIED,3.490872,2.883453130722046
1925,925345,UNCLASSIFIED,4.634425,4.114979267120361
1873,908467,UNCLASSIFIED,0.551531,0.90473473072052
1849,910695,UNCLASSIFIED,2.744329,1.31756591796875
1054,908156,UNCLASSIFIED,-0.74033,0.5572945475578308
1249,907073,UNCLASSIFIED,1.870993,2.729649305343628
1080,906856,UNCLASSIFIED,-4.999153,-4.951164245605469
1004,908142,UNCLASSIFIED,-4.982367,-4.9792704582214355
1131,909720,UNCLASSIFIED,1.842551,4.1898369789123535
1557,909777,UNCLASSIFIED,3.781496,4.022923946380615
1629,907290,UNCLASSIFIED,4.942334,5.344727993011475
1852,930082,UNCLASSIFIED,5.332546,4.945467948913574
1131,949165,UNCLASSIFIED,5.378587,5.469067573547363
1248,905965,UNCLASSIFIED,-4.07807,-5.777680397033691
1916,906847,UNCLASSIFIED,3.617362,3.158513307571411
1853,924105,UNCLASSIFIED,5.488069,4.300596237182617
1629,909759,UNCLASSIFIED,4.293674,5.619495391845703
1563,909759,UNCLASSIFIED,5.230881,5.246669292449951
1054,907290,UNCLASSIFIED,3.846006,4.252191066741943
1091,906800,UNCLASSIFIED,0.983949,0.9117053151130676
1916,684072,UNCLASSIFIED,1.574755,2.261143207550049
1004,909769,UNCLASSIFIED,-1.60496,1.2984633445739746
1625,949164,UNCLASSIFIED,4.802039,4.203238010406494
1073,1331039,UNCLASSIFIED,1.891128,3.6147289276123047
1558,907044,UNCLASSIFIED,2.773766,2.386997938156128
1915,906846,UNCLASSIFIED,2.364359,2.342250347137451
1046,908138,UNCLASSIFIED,2.595083,1.493990421295166
1598,1331040,UNCLASSIFIED,2.334113,1.4479069709777832
1510,687600,UNCLASSIFIED,3.883286,3.0577635765075684
1248,908143,UNCLASSIFIED,-5.877088,-4.414912700653076
1615,724863,UNCLASSIFIED,5.374375,5.394412517547607
1560,907298,UNCLASSIFIED,2.484813,2.693413019180298
1088,907322,UNCLASSIFIED,2.288421,0.4825812578201294
1013,684062,UNCLASSIFIED,4.191511,3.2738072872161865
1190,909701,UNCLASSIFIED,-5.077929,-4.328390598297119
1561,907060,UNCLASSIFIED,2.773171,2.5860633850097656
1630,906846,UNCLASSIFIED,1.907282,1.9348535537719727
1594,1303896,UNCLASSIFIED,3.295151,3.1254429817199707
1200,907056,UNCLASSIFIED,3.642627,2.6657915115356445
1917,925341,UNCLASSIFIED,1.791176,1.8735089302062988
1799,910849,UNCLASSIFIED,2.928203,4.7935099601745605
1013,909756,UNCLASSIFIED,5.128832,4.1638054847717285
1911,909699,UNCLASSIFIED,-4.397962,-2.806222677230835
1073,910705,UNCLASSIFIED,2.154868,2.870584726333618
1237,909255,UNCLASSIFIED,4.490921,4.357398986816406
1625,910906,UNCLASSIFIED,2.733318,3.2771923542022705
1799,949168,UNCLASSIFIED,5.999768,5.195627689361572
1177,908127,UNCLASSIFIED,3.981385,3.890552043914795
1621,724855,UNCLASSIFIED,4.696042,5.415441513061523
2043,1327774,UNCLASSIFIED,2.861891,3.300652265548706
1626,908149,UNCLASSIFIED,3.288297,3.497514247894287
1248,949160,UNCLASSIFIED,-5.874054,-5.6058669090271
1919,924110,UNCLASSIFIED,2.618772,1.0786759853363037
1917,910706,UNCLASSIFIED,-0.004837,0.16803790628910065
1614,949157,UNCLASSIFIED,2.313547,1.9941623210906982
1598,907073,UNCLASSIFIED,2.399696,2.5562870502471924
1084,1322218,UNCLASSIFIED,-2.328985,-2.3614871501922607
1080,910401,UNCLASSIFIED,-2.203619,-3.3661997318267822
1997,908156,UNCLASSIFIED,3.455694,2.2933509349823
1088,906861,UNCLASSIFIED,3.372493,2.541093349456787
1909,908136,UNCLASSIFIED,2.455262,1.3811051845550537
1924,909262,UNCLASSIFIED,2.68035,3.3683996200561523
1058,907298,UNCLASSIFIED,0.126874,1.0035905838012695
1625,684062,UNCLASSIFIED,5.347966,4.786013603210449
1918,907000,UNCLASSIFIED,2.452842,2.0673491954803467
1557,908156,UNCLASSIFIED,2.770136,2.2134244441986084
1239,906848,UNCLASSIFIED,1.423121,1.8354523181915283
1915,907000,UNCLASSIFIED,1.887197,2.375354766845703
1997,1290765,UNCLASSIFIED,3.536766,4.426285743713379
1084,949164,UNCLASSIFIED,-2.682261,-2.1525933742523193
2045,684052,UNCLASSIFIED,4.804032,4.230865478515625
1854,949157,UNCLASSIFIED,5.676644,5.065890789031982
1180,908142,UNCLASSIFIED,-4.186746,-4.32237434387207
1925,949156,UNCLASSIFIED,4.902844,4.936670780181885
1996,949156,UNCLASSIFIED,2.799803,3.5174310207366943
1598,907056,UNCLASSIFIED,3.540255,4.278123378753662
1873,907290,UNCLASSIFIED,1.760492,2.0416722297668457
1559,908459,UNCLASSIFIED,-0.201481,-1.2586607933044434
1068,910849,UNCLASSIFIED,0.951535,1.534097671508789
1621,949167,UNCLASSIFIED,2.174769,2.972830057144165
1936,910705,UNCLASSIFIED,0.646627,0.7684571146965027
1079,906804,UNCLASSIFIED,3.396926,-0.6770516037940979
1925,971773,UNCLASSIFIED,3.43181,3.6887149810791016
1634,908149,UNCLASSIFIED,3.348877,4.526054859161377
1594,906861,UNCLASSIFIED,4.915793,4.038290500640869
1922,908159,UNCLASSIFIED,1.115509,1.4570589065551758
1032,908158,UNCLASSIFIED,1.042834,0.5604420900344849
1512,909264,UNCLASSIFIED,5.381699,5.849902629852295
1625,925341,UNCLASSIFIED,3.944756,4.705320835113525
1190,949155,UNCLASSIFIED,-5.34798,-4.7287750244140625
1017,684072,UNCLASSIFIED,0.574785,0.6740856170654297
1564,910784,UNCLASSIFIED,3.082408,2.869126796722412
1626,724831,UNCLASSIFIED,1.044905,1.286099910736084
1034,924186,UNCLASSIFIED,-5.190697,-5.237245082855225
2045,907056,UNCLASSIFIED,3.839492,4.3757643699646
1036,906800,UNCLASSIFIED,2.135134,2.1889488697052
1862,907322,UNCLASSIFIED,-1.459815,-2.20694899559021
1047,906856,UNCLASSIFIED,0.372648,1.152214527130127
1932,907273,UNCLASSIFIED,1.902598,2.097914695739746
1191,910942,UNCLASSIFIED,-5.560555,-4.927773475646973
1926,909717,UNCLASSIFIED,0.152596,0.7656673192977905
1855,908142,UNCLASSIFIED,2.168189,3.4078385829925537
1997,907047,UNCLASSIFIED,3.792049,2.928630828857422
1003,949163,UNCLASSIFIED,-4.616095,-4.815406322479248
1873,908474,UNCLASSIFIED,0.247284,-0.010329604148864746
1373,909696,UNCLASSIFIED,4.25664,3.622798204421997
1093,908467,UNCLASSIFIED,2.873594,3.8427369594573975
1022,924105,UNCLASSIFIED,-0.218655,-0.46405667066574097
1629,910942,UNCLASSIFIED,3.643766,4.436263561248779
1621,906852,UNCLASSIFIED,3.72555,5.005836009979248
1084,924105,UNCLASSIFIED,-4.575529,-2.5657598972320557
1017,909699,UNCLASSIFIED,6.715373,6.726263523101807
1168,1290807,UNCLASSIFIED,4.102989,3.985402822494507
1089,908158,UNCLASSIFIED,0.264699,0.0712628960609436
1054,907299,UNCLASSIFIED,0.703207,1.3895504474639893
1046,909717,UNCLASSIFIED,1.497513,2.091869592666626
1917,1330987,UNCLASSIFIED,0.844538,0.19085988402366638
1089,909716,UNCLASSIFIED,3.410852,3.3410463333129883
1598,906999,UNCLASSIFIED,3.94256,4.924778938293457
1593,907069,UNCLASSIFIED,2.626184,1.6073668003082275
1593,909777,UNCLASSIFIED,2.213791,0.5803520679473877
1933,906856,UNCLASSIFIED,2.788552,2.2964656352996826
1617,907073,UNCLASSIFIED,1.50299,1.2735555171966553
1916,907047,UNCLASSIFIED,2.53866,3.057206153869629
1912,1240210,UNCLASSIFIED,-1.585892,-1.1254494190216064
1631,907047,UNCLASSIFIED,2.817927,2.452270030975342
2106,910706,UNCLASSIFIED,1.3912,1.873910903930664
1046,909696,UNCLASSIFIED,1.580827,1.3944756984710693
1507,1240128,UNCLASSIFIED,4.164793,4.829913139343262
1180,907072,UNCLASSIFIED,-3.680018,-3.5087432861328125
1088,909779,UNCLASSIFIED,3.416668,3.7118754386901855
1931,908136,UNCLASSIFIED,1.920588,3.965379238128662
1199,1240210,UNCLASSIFIED,2.982559,2.6010098457336426
1626,910849,UNCLASSIFIED,0.466798,1.9436373710632324
1022,906853,UNCLASSIFIED,2.795907,1.1784411668777466
1049,909262,UNCLASSIFIED,3.063142,2.6345715522766113
1854,909701,UNCLASSIFIED,4.883629,4.292941093444824
1941,908459,UNCLASSIFIED,-0.487969,-2.6097049713134766
1083,910906,UNCLASSIFIED,0.922694,0.963334321975708
1239,1330987,UNCLASSIFIED,-1.09946,0.07792258262634277
1529,907273,UNCLASSIFIED,-0.466354,-1.9971132278442383
1634,906856,UNCLASSIFIED,1.782667,1.3477506637573242
1190,910703,UNCLASSIFIED,-2.755974,-1.6850783824920654
1046,1330935,UNCLASSIFIED,-0.087766,0.6802816987037659
1634,909777,UNCLASSIFIED,1.971367,3.0088534355163574
1248,910906,UNCLASSIFIED,-7.486382,-6.969939231872559
1507,724855,UNCLASSIFIED,5.767534,5.633068084716797
1560,909720,UNCLASSIFIED,4.915885,3.5590014457702637
1005,925343,UNCLASSIFIED,5.603623,1.6521539688110352
1925,907047,UNCLASSIFIED,4.718998,4.259801864624023
1003,930082,UNCLASSIFIED,-0.802766,-1.0471231937408447
1088,906838,UNCLASSIFIED,2.646727,2.6622941493988037
2048,906831,UNCLASSIFIED,-4.781196,-3.796560764312744
1177,907072,UNCLASSIFIED,3.897891,2.6755034923553467
1057,1240210,UNCLASSIFIED,-3.415032,-2.683788299560547
1625,906836,UNCLASSIFIED,2.558451,2.5931901931762695
1799,949156,UNCLASSIFIED,6.008377,5.273388385772705
1053,1303896,UNCLASSIFIED,-0.649437,0.21465273201465607
1622,1327774,UNCLASSIFIED,2.903431,2.578188419342041
1068,907298,UNCLASSIFIED,0.757415,1.1515899896621704
1852,1290807,UNCLASSIFIED,5.830394,5.762864112854004
2046,907056,UNCLASSIFIED,3.173947,2.790609836578369
1910,924110,UNCLASSIFIED,-1.529694,-0.4605588912963867
1941,687780,UNCLASSIFIED,-5.632621,-4.1267876625061035
1268,906794,UNCLASSIFIED,3.890661,4.141091346740723
1873,925341,UNCLASSIFIED,2.056404,0.736109733581543
1049,906847,UNCLASSIFIED,3.270499,3.5917582511901855
1911,909707,UNCLASSIFIED,-2.912087,-2.3635363578796387
2045,907047,UNCLASSIFIED,4.933436,4.541059494018555
1004,908467,UNCLASSIFIED,-4.440108,-3.7947254180908203
1089,908138,UNCLASSIFIED,3.322077,3.725266933441162
1913,909731,UNCLASSIFIED,3.716347,3.940838098526001
1268,908136,UNCLASSIFIED,3.320775,4.106683731079102
1627,910401,UNCLASSIFIED,0.838643,1.377669334411621
2045,910705,UNCLASSIFIED,3.484223,2.8128061294555664
1854,909975,UNCLASSIFIED,6.856078,5.3831939697265625
2047,1240166,UNCLASSIFIED,2.113494,2.8208930492401123
1250,906838,UNCLASSIFIED,0.994859,0.7682714462280273
1088,908459,UNCLASSIFIED,4.991933,4.260303497314453
1925,925341,UNCLASSIFIED,3.987637,4.741390228271484
1625,906827,UNCLASSIFIED,5.341394,4.816008567810059
1911,1330987,UNCLASSIFIED,-5.479634,-6.136419296264648
1250,946361,UNCLASSIFIED,1.588439,1.3971223831176758
1615,949165,UNCLASSIFIED,4.826936,5.248355388641357
1268,908159,UNCLASSIFIED,3.268502,3.356990098953247
1624,910906,UNCLASSIFIED,-0.045724,0.3783777058124542
1004,907043,UNCLASSIFIED,-5.859068,-5.665341377258301
1034,949158,UNCLASSIFIED,-3.758419,-3.411896228790283
1862,910401,UNCLASSIFIED,-2.069739,-1.9054515361785889
1849,908143,UNCLASSIFIED,-0.005361,-0.2867510914802551
1088,907073,UNCLASSIFIED,1.305002,1.180588722229004
1375,688121,UNCLASSIFIED,6.606272,6.445301055908203
1010,909699,UNCLASSIFIED,0.970043,1.1616873741149902
1036,906804,UNCLASSIFIED,3.698807,3.7550039291381836
1089,907322,UNCLASSIFIED,3.502012,2.1985878944396973
1190,909707,UNCLASSIFIED,0.452037,-1.0762953758239746
1614,908467,UNCLASSIFIED,5.344317,4.969852924346924
2096,1240210,UNCLASSIFIED,2.918289,2.3592827320098877
1060,909779,UNCLASSIFIED,2.391411,1.5349388122558594
1553,1290807,UNCLASSIFIED,5.144365,4.7427215576171875
1911,910706,UNCLASSIFIED,-5.90355,-6.537259101867676
1131,724855,UNCLASSIFIED,6.906194,7.598557472229004
1559,909720,UNCLASSIFIED,-3.715285,-2.919975996017456
1558,907043,UNCLASSIFIED,1.906176,1.9670484066009521
2111,949157,UNCLASSIFIED,4.358096,4.356228351593018
1622,1331049,UNCLASSIFIED,3.081909,3.264028310775757
1621,909701,UNCLASSIFIED,2.227762,2.0139575004577637
1046,910906,UNCLASSIFIED,0.493888,0.5713435411453247
1034,910705,UNCLASSIFIED,-4.939155,-3.783172130584717
2045,1240215,UNCLASSIFIED,4.96263,4.541958808898926
1931,909264,UNCLASSIFIED,5.169473,5.574974060058594
1873,908156,UNCLASSIFIED,0.545131,-0.5250614881515503
1375,753539,UNCLASSIFIED,5.627123,4.786334037780762
1003,906861,UNCLASSIFIED,-1.191764,-3.353381872177124
1996,949165,UNCLASSIFIED,3.669537,3.517592430114746
1922,907290,UNCLASSIFIED,1.243671,2.197495460510254
1051,908467,UNCLASSIFIED,-0.761837,0.8075709342956543
1013,910784,UNCLASSIFIED,1.74092,1.2198491096496582
1853,949164,UNCLASSIFIED,3.84834,4.11749792098999
1057,908138,UNCLASSIFIED,-2.008876,-1.254016399383545
1047,753607,UNCLASSIFIED,3.615881,3.518124580383301
1091,1240140,UNCLASSIFIED,-0.125207,0.9268615245819092
1032,906847,UNCLASSIFIED,1.208492,1.1667463779449463
1068,1240144,UNCLASSIFIED,2.080946,1.2879574298858643
1190,908474,UNCLASSIFIED,-4.595917,-1.692537546157837
1862,909255,UNCLASSIFIED,-2.178727,-1.7565786838531494
1022,908142,UNCLASSIFIED,-2.024488,-1.0860350131988525
1268,906838,UNCLASSIFIED,4.986204,3.8993120193481445
1022,910695,UNCLASSIFIED,0.480672,0.7111703753471375
1022,1290807,UNCLASSIFIED,0.323067,1.1688554286956787
1635,905973,UNCLASSIFIED,6.423856,5.191927909851074
1073,907056,UNCLASSIFIED,5.868527,5.572380542755127
1199,907050,UNCLASSIFIED,6.412132,6.406007289886475
1593,949161,UNCLASSIFIED,0.517225,0.5635371208190918
1634,909975,UNCLASSIFIED,4.494928,4.859218597412109
1625,909264,UNCLASSIFIED,4.824051,5.023825645446777
1635,1240144,UNCLASSIFIED,4.870558,4.754360198974609
1529,906861,UNCLASSIFIED,0.631922,0.9598169326782227
1036,724831,UNCLASSIFIED,4.693674,4.11171293258667
1093,949166,UNCLASSIFIED,5.039716,4.974120616912842
1615,907056,UNCLASSIFIED,4.519962,4.898400783538818
1915,1303912,UNCLASSIFIED,3.278847,2.4327564239501953
1080,906853,UNCLASSIFIED,1.296037,1.6569228172302246
1620,909707,UNCLASSIFIED,5.131741,5.138160228729248
1180,1240166,UNCLASSIFIED,-3.622725,-3.4646947383880615
1047,909701,UNCLASSIFIED,0.16433,0.09527361392974854
1925,909976,UNCLASSIFIED,4.593069,4.473814010620117
1011,724863,UNCLASSIFIED,2.873506,5.038716793060303
1931,910401,UNCLASSIFIED,3.702946,3.599310874938965
1799,906852,UNCLASSIFIED,3.199023,4.494903087615967
1250,908143,UNCLASSIFIED,2.961379,3.01485276222229
1200,909716,UNCLASSIFIED,2.770864,2.2998716831207275
1625,908159,UNCLASSIFIED,1.845377,2.7994978427886963
1558,753607,UNCLASSIFIED,1.475609,1.702756404876709
1057,907072,UNCLASSIFIED,-2.993442,-3.379344940185547
1557,910784,UNCLASSIFIED,6.258462,5.574314117431641
1017,753586,UNCLASSIFIED,5.626996,4.818754196166992
1941,907268,UNCLASSIFIED,-5.614319,-5.464900016784668
1084,909717,UNCLASSIFIED,-2.166566,-3.3451437950134277
1013,906999,UNCLASSIFIED,3.57402,2.457860231399536
1180,906999,UNCLASSIFIED,-0.814324,-3.220383405685425
1510,688121,UNCLASSIFIED,4.773488,5.127197742462158
1003,925343,UNCLASSIFIED,-2.441699,-2.4221277236938477
1614,908132,UNCLASSIFIED,1.969741,2.922614336013794
1918,906847,UNCLASSIFIED,3.202107,4.661323547363281
1011,909754,UNCLASSIFIED,5.596168,3.674866199493408
1560,909707,UNCLASSIFIED,2.589677,2.707502841949463
2110,925345,UNCLASSIFIED,4.03724,3.852229118347168
1004,909707,UNCLASSIFIED,-2.69026,-2.9621026515960693
1936,909756,UNCLASSIFIED,4.077637,2.23268985748291
1131,949164,UNCLASSIFIED,5.285577,4.400595664978027
1918,1240166,UNCLASSIFIED,2.614669,2.839600086212158
2110,909976,UNCLASSIFIED,5.011433,4.517743110656738
1068,1240140,UNCLASSIFIED,1.882851,1.0369691848754883
1047,946361,UNCLASSIFIED,5.649236,4.958489894866943
1620,1331040,UNCLASSIFIED,3.600812,3.507100820541382
1940,909975,UNCLASSIFIED,4.498878,3.8372087478637695
1003,906849,UNCLASSIFIED,-1.707809,-1.8407633304595947
1511,946357,UNCLASSIFIED,-1.982992,-1.972834825515747
1626,909716,UNCLASSIFIED,3.051871,1.7905592918395996
1927,1290795,UNCLASSIFIED,3.947009,4.613010883331299
1927,909759,UNCLASSIFIED,5.379237,4.635646820068359
1627,905965,UNCLASSIFIED,1.084756,0.9225561618804932
1635,949157,UNCLASSIFIED,5.206307,5.721319198608398
1924,909696,UNCLASSIFIED,1.913935,1.6560399532318115
2048,909975,UNCLASSIFIED,-0.916932,0.6569750308990479
1560,905965,UNCLASSIFIED,2.287934,2.2074012756347656
1248,1290807,UNCLASSIFIED,-3.892293,-2.9616150856018066
1924,949158,UNCLASSIFIED,1.852513,1.8215594291687012
1250,909977,UNCLASSIFIED,2.110855,2.045584201812744
1910,1240210,UNCLASSIFIED,0.280601,-0.00518721342086792
2096,910849,UNCLASSIFIED,3.582642,3.1957223415374756
1013,909701,UNCLASSIFIED,2.100163,1.1034505367279053
1248,684052,UNCLASSIFIED,-6.322549,-5.795729637145996
1563,753586,UNCLASSIFIED,5.893439,5.615170955657959
1862,1290795,UNCLASSIFIED,-2.390027,-1.9194228649139404
1614,1240128,UNCLASSIFIED,5.00628,3.9639856815338135
1936,907323,UNCLASSIFIED,2.159714,1.9239439964294434
1199,909731,UNCLASSIFIED,3.532234,2.8199055194854736
1057,907060,UNCLASSIFIED,-1.414421,-2.0564513206481934
1180,971773,UNCLASSIFIED,-3.291366,-2.7684195041656494
1559,684072,UNCLASSIFIED,-3.044577,-2.581510066986084
1635,753586,UNCLASSIFIED,5.094254,5.152585506439209
1553,906849,UNCLASSIFIED,3.367593,3.011280059814453
1626,910706,UNCLASSIFIED,-1.156202,-0.619056761264801
1614,907290,UNCLASSIFIED,4.449086,4.91135311126709
1180,684072,UNCLASSIFIED,-3.715164,-3.7851409912109375
1621,907298,UNCLASSIFIED,3.208609,3.166153907775879
1613,907060,UNCLASSIFIED,2.762456,2.382842540740967
1005,949161,UNCLASSIFIED,-2.175805,-0.37699687480926514
1088,910703,UNCLASSIFIED,2.535742,2.623704671859741
1057,925345,UNCLASSIFIED,-2.161482,-1.5000114440917969
1931,908138,UNCLASSIFIED,6.158828,5.6594038009643555
2045,907000,UNCLASSIFIED,3.970076,3.6487998962402344
1046,906847,UNCLASSIFIED,1.609324,1.2320029735565186
1627,909707,UNCLASSIFIED,2.386564,3.2977325916290283
1936,684059,UNCLASSIFIED,2.193869,2.1556334495544434
1627,1298539,UNCLASSIFIED,4.061846,3.878140449523926
1635,949164,UNCLASSIFIED,4.98849,4.6573591232299805
1259,907323,UNCLASSIFIED,0.662008,0.6493192315101624
1248,906856,UNCLASSIFIED,-6.774903,-5.417916297912598
1011,1298219,UNCLASSIFIED,6.113203,4.123744964599609
1054,907323,UNCLASSIFIED,3.127798,1.5954866409301758
2048,1303896,UNCLASSIFIED,-5.622617,-5.61069393157959
1563,908132,UNCLASSIFIED,4.959892,4.4289984703063965
1005,949168,UNCLASSIFIED,2.344971,2.029726982116699
1940,907298,UNCLASSIFIED,2.991552,3.8053250312805176
1614,1240184,UNCLASSIFIED,3.186045,3.4110727310180664
2047,909716,UNCLASSIFIED,2.721134,2.9008114337921143
1559,906827,UNCLASSIFIED,-3.709242,-3.0070102214813232
1621,906847,UNCLASSIFIED,2.451688,3.7381181716918945
1563,910779,UNCLASSIFIED,6.169053,5.488332271575928
1916,905965,UNCLASSIFIED,1.498964,1.6834869384765625
1625,1240140,UNCLASSIFIED,5.611336,4.751700401306152
1034,1322218,UNCLASSIFIED,-4.308773,-3.489631414413452
2048,1330987,UNCLASSIFIED,-6.567958,-5.761030197143555
1549,925343,UNCLASSIFIED,5.766176,4.505777359008789
1913,1290765,UNCLASSIFIED,4.850604,4.464003086090088
2106,910779,UNCLASSIFIED,5.704094,4.89863395690918
1919,949164,UNCLASSIFIED,1.108903,1.1795711517333984
1051,909722,UNCLASSIFIED,1.861588,0.8419891595840454
1091,910401,UNCLASSIFIED,3.702975,2.2493622303009033
2096,1240221,UNCLASSIFIED,3.039348,2.955590009689331
1855,684052,UNCLASSIFIED,2.661317,3.155545949935913
1939,684072,UNCLASSIFIED,1.500213,1.6629142761230469
1933,908131,UNCLASSIFIED,5.775774,5.610434055328369
1239,1327774,UNCLASSIFIED,1.338474,0.9968624711036682
1013,1303896,UNCLASSIFIED,0.443519,1.940950632095337
1375,909785,UNCLASSIFIED,4.490797,3.924269199371338
1925,906794,UNCLASSIFIED,5.044784,4.56059455871582
1011,925341,UNCLASSIFIED,1.913161,1.8337390422821045
1046,907056,UNCLASSIFIED,2.50164,3.334704875946045
1873,687829,UNCLASSIFIED,1.82302,1.0880953073501587
2046,925343,UNCLASSIFIED,4.868046,3.3944644927978516
2043,910784,UNCLASSIFIED,5.931445,4.978558540344238
1058,908474,UNCLASSIFIED,-0.085327,-0.07074296474456787
1627,924105,UNCLASSIFIED,2.763869,2.1745262145996094
1614,684057,UNCLASSIFIED,1.531761,2.2815518379211426
2109,684062,UNCLASSIFIED,2.439292,1.891953468322754
1925,908454,UNCLASSIFIED,4.919571,4.417596817016602
1911,908142,UNCLASSIFIED,-5.753227,-5.529282093048096
2048,1240140,UNCLASSIFIED,-5.661266,-5.609792709350586
1853,910695,UNCLASSIFIED,1.613074,3.347280502319336
1199,910705,UNCLASSIFIED,3.087686,2.2271952629089355
1091,946361,UNCLASSIFIED,1.326655,1.2441589832305908
1089,909785,UNCLASSIFIED,0.782035,1.051943302154541
1047,908159,UNCLASSIFIED,4.419791,1.2200915813446045
1617,753539,UNCLASSIFIED,3.767818,1.699249029159546
1180,909779,UNCLASSIFIED,-3.05312,-2.9853687286376953
2045,906804,UNCLASSIFIED,3.981208,4.277307033538818
1168,724863,UNCLASSIFIED,2.526311,3.1515066623687744
1613,909696,UNCLASSIFIED,2.312834,1.8787555694580078
1936,909769,UNCLASSIFIED,3.575297,2.789067268371582
2040,753607,UNCLASSIFIED,-0.175617,1.1073787212371826
1626,907000,UNCLASSIFIED,2.297799,1.401409387588501
1093,907323,UNCLASSIFIED,2.68376,3.2762184143066406
1239,907298,UNCLASSIFIED,2.689234,1.4270288944244385
1930,1331049,UNCLASSIFIED,-0.587591,-0.027757912874221802
1926,909707,UNCLASSIFIED,4.082275,0.814104437828064
1564,909722,UNCLASSIFIED,-1.877406,0.08917814493179321
1032,908149,UNCLASSIFIED,1.515064,3.3753249645233154
1131,905973,UNCLASSIFIED,3.776869,6.012184143066406
1862,908474,UNCLASSIFIED,-1.967639,-1.3398120403289795
1941,946361,UNCLASSIFIED,-5.3073,-4.514979362487793
1068,909776,UNCLASSIFIED,1.831505,1.8673386573791504
1022,946361,UNCLASSIFIED,0.067861,-0.12058520317077637
1855,906861,UNCLASSIFIED,5.980314,4.975428581237793
1004,684059,UNCLASSIFIED,-5.768236,-5.9490461349487305
1060,909722,UNCLASSIFIED,-4.454066,-2.5668108463287354
1549,1298539,UNCLASSIFIED,5.540538,5.051650047302246
2046,908127,UNCLASSIFIED,2.481992,3.248171329498291
1259,910706,UNCLASSIFIED,1.109975,1.2710437774658203
1941,908474,UNCLASSIFIED,-4.800649,-4.424245834350586
1259,909716,UNCLASSIFIED,2.894032,2.8880860805511475
1068,1298534,UNCLASSIFIED,2.468848,2.8013875484466553
1922,906853,UNCLASSIFIED,3.403125,3.757986307144165
1563,907047,UNCLASSIFIED,5.05934,5.258984088897705
1036,949160,UNCLASSIFIED,4.827627,4.183380126953125
1237,906838,UNCLASSIFIED,4.653332,4.780205249786377
1849,1240210,UNCLASSIFIED,-2.126834,-1.4803519248962402
1191,909696,UNCLASSIFIED,-4.462024,-5.59500789642334
1561,1327774,UNCLASSIFIED,3.42553,4.048311710357666
1853,909262,UNCLASSIFIED,2.780244,3.499131202697754
1625,908136,UNCLASSIFIED,4.762546,4.6834893226623535
1912,925343,UNCLASSIFIED,3.580575,2.958824872970581
1613,1303896,UNCLASSIFIED,-0.509778,0.27218395471572876
1011,908136,UNCLASSIFIED,4.519492,2.8425371646881104
1996,949167,UNCLASSIFIED,2.510349,2.8596842288970947
1932,910401,UNCLASSIFIED,3.702979,1.9452738761901855
1179,910849,UNCLASSIFIED,-0.007738,0.6125030517578125
2046,906838,UNCLASSIFIED,1.763867,1.260972023010254
1918,687829,UNCLASSIFIED,4.360527,3.8575642108917236
1013,753586,UNCLASSIFIED,3.807844,2.4217946529388428
2096,925341,UNCLASSIFIED,3.309467,3.3762218952178955
2047,1290765,UNCLASSIFIED,3.037383,4.712703227996826
1563,910942,UNCLASSIFIED,3.716404,4.326998233795166
1049,910706,UNCLASSIFIED,2.026812,1.7381737232208252
1913,924186,UNCLASSIFIED,4.608041,4.566122531890869
1237,684062,UNCLASSIFIED,4.942652,4.983266830444336
1007,908149,UNCLASSIFIED,-4.688886,-3.58477783203125
1908,1240210,UNCLASSIFIED,2.549154,1.5058746337890625
1012,908149,UNCLASSIFIED,0.809465,1.9360265731811523
1091,906831,UNCLASSIFIED,2.388954,1.4257473945617676
1561,906846,UNCLASSIFIED,1.073552,1.4869799613952637
1268,905973,UNCLASSIFIED,4.30228,4.348954677581787
1594,687780,UNCLASSIFIED,6.002486,5.690941333770752
1557,909732,UNCLASSIFIED,5.255257,4.3468804359436035
2045,949168,UNCLASSIFIED,4.554595,4.949582576751709
1564,949168,UNCLASSIFIED,5.657045,4.839492321014404
1933,909774,UNCLASSIFIED,4.138715,4.411715507507324
1939,905965,UNCLASSIFIED,1.486886,1.7272629737854004
1131,910705,UNCLASSIFIED,2.5736,3.0598936080932617
1925,949155,UNCLASSIFIED,3.526587,4.083405017852783
1627,909255,UNCLASSIFIED,1.907744,1.425060510635376
1911,949157,UNCLASSIFIED,-3.50207,-4.387075424194336
1931,907273,UNCLASSIFIED,4.134945,3.5341553688049316
1852,949161,UNCLASSIFIED,4.165337,4.921445369720459
1933,946361,UNCLASSIFIED,3.429748,5.394235610961914
1017,906846,UNCLASSIFIED,4.226481,3.5275278091430664
1909,909699,UNCLASSIFIED,2.556819,2.7403879165649414
1004,909720,UNCLASSIFIED,-3.737061,-4.299190044403076
1259,908131,UNCLASSIFIED,2.308219,2.6911399364471436
1079,1298539,UNCLASSIFIED,1.021006,2.0276191234588623
1614,946361,UNCLASSIFIED,3.952652,2.8655881881713867
1849,909255,UNCLASSIFIED,-0.896029,-1.0574676990509033
1003,908467,UNCLASSIFIED,-4.554415,-4.134103775024414
1917,906804,UNCLASSIFIED,1.672449,0.3512405455112457
1909,906847,UNCLASSIFIED,2.624837,1.9085781574249268
1631,910849,UNCLASSIFIED,2.803552,4.0129899978637695
1594,907268,UNCLASSIFIED,4.859351,3.102754592895508
1932,1330935,UNCLASSIFIED,2.488529,2.0515499114990234
1057,909759,UNCLASSIFIED,-2.838906,-2.737706184387207
1051,1322218,UNCLASSIFIED,1.089508,0.19012826681137085
1512,909975,UNCLASSIFIED,6.185015,6.337201118469238
1916,906861,UNCLASSIFIED,2.823309,2.6138594150543213
1549,909756,UNCLASSIFIED,3.792939,5.077579498291016
1917,908131,UNCLASSIFIED,3.146033,1.7871477603912354
1941,684062,UNCLASSIFIED,-5.69778,-5.486686706542969
1618,1240166,UNCLASSIFIED,3.364156,2.6226327419281006
1507,1298219,UNCLASSIFIED,5.692224,5.877449989318848
1558,684072,UNCLASSIFIED,2.319185,2.112708568572998
1085,909262,UNCLASSIFIED,1.490697,1.8847861289978027
1925,949166,UNCLASSIFIED,4.994906,5.382443428039551
2046,1303912,UNCLASSIFIED,4.93001,3.857435464859009
1931,949158,UNCLASSIFIED,4.089506,4.215857982635498
1012,909262,UNCLASSIFIED,-0.121517,0.9422515034675598
1622,906848,UNCLASSIFIED,2.974881,3.4884250164031982
1375,906827,UNCLASSIFIED,5.868626,6.077676296234131
1058,1322218,UNCLASSIFIED,1.457856,1.8784096240997314
1093,930082,UNCLASSIFIED,4.382389,3.967160224914551
1626,753539,UNCLASSIFIED,2.456449,2.6123883724212646
1190,906794,UNCLASSIFIED,-2.533484,-1.5752854347229004
1239,684072,UNCLASSIFIED,0.224983,0.5348742604255676
1576,909759,UNCLASSIFIED,2.855722,2.9857449531555176
1862,908156,UNCLASSIFIED,-2.510018,-2.2251501083374023
1168,908156,UNCLASSIFIED,0.565841,1.0085233449935913
1047,1331049,UNCLASSIFIED,3.284731,2.1467087268829346
1853,724863,UNCLASSIFIED,4.610346,5.028526782989502
1620,949156,UNCLASSIFIED,5.389076,5.725067615509033
1249,906827,UNCLASSIFIED,3.326639,2.897397518157959
1046,949160,UNCLASSIFIED,1.739546,1.1700372695922852
1085,753607,UNCLASSIFIED,1.544272,1.9624316692352295
1617,1240215,UNCLASSIFIED,1.970141,2.027250289916992
1011,909720,UNCLASSIFIED,2.151058,3.668752908706665
1855,907064,UNCLASSIFIED,5.554592,5.546850204467773
1912,688121,UNCLASSIFIED,2.289791,3.378023147583008
1060,907298,UNCLASSIFIED,1.284281,0.5149737596511841
1786,949158,UNCLASSIFIED,2.105082,0.8525491952896118
2043,1303896,UNCLASSIFIED,3.580637,3.9410409927368164
1073,724831,UNCLASSIFIED,3.411608,3.9379093647003174
1559,907290,UNCLASSIFIED,-0.76082,-0.967245876789093
1005,909732,UNCLASSIFIED,2.551798,2.2923266887664795
1620,724831,UNCLASSIFIED,5.090924,5.184605121612549
1373,907290,UNCLASSIFIED,6.374108,5.775125026702881
1853,907290,UNCLASSIFIED,5.693324,4.829596042633057
2040,1322218,UNCLASSIFIED,1.513913,2.6648733615875244
1012,907047,UNCLASSIFIED,1.682321,1.745593547821045
1047,908127,UNCLASSIFIED,2.025243,3.844289541244507
1614,724863,UNCLASSIFIED,2.262467,3.5209765434265137
1631,909756,UNCLASSIFIED,4.21836,6.042456150054932
1199,684072,UNCLASSIFIED,3.291044,2.8485896587371826
1512,907290,UNCLASSIFIED,6.006516,5.8719868659973145
1911,907273,UNCLASSIFIED,-6.268802,-5.730640411376953
1918,924186,UNCLASSIFIED,1.787142,2.19130277633667
1054,908158,UNCLASSIFIED,0.348878,-0.5990735292434692
2107,910705,UNCLASSIFIED,3.962289,4.064023017883301
1576,924110,UNCLASSIFIED,2.256185,1.9713432788848877
1563,724855,UNCLASSIFIED,6.379462,6.777700901031494
1085,906847,UNCLASSIFIED,1.826824,2.3634743690490723
1627,908159,UNCLASSIFIED,0.246137,1.3590013980865479
1997,1331049,UNCLASSIFIED,3.294813,3.6212034225463867
1249,907044,UNCLASSIFIED,3.242543,2.685967445373535
1635,909975,UNCLASSIFIED,6.043801,6.143144607543945
1091,688121,UNCLASSIFIED,3.202475,3.354081392288208
1259,907299,UNCLASSIFIED,-0.148047,0.5703932046890259
1996,907323,UNCLASSIFIED,3.110666,2.253776788711548
1786,1303896,UNCLASSIFIED,0.67432,1.6573877334594727
1919,908136,UNCLASSIFIED,1.816317,1.2400245666503906
1510,910705,UNCLASSIFIED,2.495446,2.7919228076934814
1060,906836,UNCLASSIFIED,-0.42463,-1.3220453262329102
1558,908131,UNCLASSIFIED,3.660559,4.004828453063965
1911,1303896,UNCLASSIFIED,-6.586664,-6.516913890838623
1057,949164,UNCLASSIFIED,-1.910571,-2.492856502532959
1854,684057,UNCLASSIFIED,4.374749,4.71310567855835
1177,908156,UNCLASSIFIED,0.620375,0.14281536638736725
1093,687600,UNCLASSIFIED,3.335982,4.14617919921875
1926,907796,UNCLASSIFIED,1.039954,0.9330971837043762
2040,910849,UNCLASSIFIED,1.118576,0.857406497001648
1084,924186,UNCLASSIFIED,-3.137469,-3.6783323287963867
1512,924186,UNCLASSIFIED,5.220625,4.933921813964844
1199,907044,UNCLASSIFIED,2.415837,3.021686315536499
1621,925341,UNCLASSIFIED,3.753687,4.054943561553955
1179,908131,UNCLASSIFIED,1.057501,0.8640900254249573
1593,907056,UNCLASSIFIED,2.751353,2.3454365730285645
2045,909699,UNCLASSIFIED,6.892855,5.963041305541992
1022,907268,UNCLASSIFIED,-1.647891,-1.9904124736785889
1375,949163,UNCLASSIFIED,2.952818,4.683521747589111
1054,1290795,UNCLASSIFIED,3.737451,3.7477970123291016
1915,909975,UNCLASSIFIED,3.234364,3.803389072418213
1564,908471,UNCLASSIFIED,1.667213,2.262373447418213
1614,1290807,UNCLASSIFIED,3.785409,4.202523231506348
1177,930082,UNCLASSIFIED,5.059455,4.750644683837891
1615,909264,UNCLASSIFIED,4.8695,5.336535453796387
1529,949158,UNCLASSIFIED,-2.566942,-1.395918846130371
1168,906838,UNCLASSIFIED,2.782557,2.7706964015960693
1910,1240184,UNCLASSIFIED,3.371755,3.2109534740448
1927,1303896,UNCLASSIFIED,4.280641,4.037912845611572
2046,907043,UNCLASSIFIED,0.294984,0.9409036636352539
1017,687600,UNCLASSIFIED,4.377469,4.021905422210693
1060,1303912,UNCLASSIFIED,0.292541,2.735429286956787
1179,949167,UNCLASSIFIED,0.492496,-0.7398934960365295
1079,909776,UNCLASSIFIED,2.112711,1.3656785488128662
1180,684057,UNCLASSIFIED,-3.878039,-3.2383735179901123
1010,907064,UNCLASSIFIED,4.101245,3.7316064834594727
1529,909779,UNCLASSIFIED,1.764559,1.57790207862854
1022,930082,UNCLASSIFIED,0.44214,-0.32662099599838257
1624,906838,UNCLASSIFIED,1.737408,1.968156337738037
1613,910784,UNCLASSIFIED,4.789333,3.7026543617248535
1996,907064,UNCLASSIFIED,3.843161,3.2034308910369873
1259,906838,UNCLASSIFIED,3.638628,4.08717679977417
1553,924110,UNCLASSIFIED,3.536892,3.397144317626953
1909,909785,UNCLASSIFIED,-0.729955,0.03220227360725403
1180,906827,UNCLASSIFIED,-2.221766,-3.284661293029785
1873,1331039,UNCLASSIFIED,0.673971,0.36379197239875793
1559,909722,UNCLASSIFIED,-4.132629,-3.6154606342315674
1373,906846,UNCLASSIFIED,4.425656,3.0537822246551514
1561,906794,UNCLASSIFIED,2.563337,3.4813945293426514
1559,949155,UNCLASSIFIED,-3.639379,-3.426582098007202
1034,906794,UNCLASSIFIED,-1.495185,-3.2143664360046387
1621,906831,UNCLASSIFIED,2.334604,2.82275652885437
2107,910849,UNCLASSIFIED,5.306457,4.683109283447266
1249,946357,UNCLASSIFIED,2.475857,2.5359902381896973
1578,906804,UNCLASSIFIED,4.912415,5.079688549041748
1918,906861,UNCLASSIFIED,2.577362,2.014409303665161
2044,949161,UNCLASSIFIED,2.081569,2.5523204803466797
1091,907050,UNCLASSIFIED,5.277682,4.788177490234375
1017,684052,UNCLASSIFIED,1.831549,1.3551793098449707
1627,910849,UNCLASSIFIED,2.157738,2.031986713409424
1936,908143,UNCLASSIFIED,3.322943,2.662003755569458
1913,949160,UNCLASSIFIED,3.305637,3.958030939102173
1239,908156,UNCLASSIFIED,0.151326,-0.6053107380867004
1560,909696,UNCLASSIFIED,2.205425,2.084674596786499
1032,925343,UNCLASSIFIED,3.586364,2.893516778945923
1931,907298,UNCLASSIFIED,4.459534,4.745291709899902
1180,908136,UNCLASSIFIED,-2.197549,-2.425873041152954
1873,910779,UNCLASSIFIED,3.157038,2.8405139446258545
1011,684059,UNCLASSIFIED,0.991757,0.5899979472160339
1927,908158,UNCLASSIFIED,3.677545,3.7745070457458496
1631,907064,UNCLASSIFIED,4.936395,4.281365871429443
1598,684052,UNCLASSIFIED,3.424138,3.777982473373413
1928,949155,UNCLASSIFIED,3.094381,3.245741844177246
1933,907290,UNCLASSIFIED,6.571901,5.898153305053711
1613,1331040,UNCLASSIFIED,-1.031054,0.7254934310913086
1553,908459,UNCLASSIFIED,2.344815,2.3978915214538574
1622,724831,UNCLASSIFIED,4.053791,4.008867263793945
1558,910942,UNCLASSIFIED,2.98035,2.484015703201294
1177,949157,UNCLASSIFIED,5.81326,5.245841979980469
2096,909717,UNCLASSIFIED,2.734389,2.537304401397705
1911,910779,UNCLASSIFIED,0.151239,-2.816904306411743
1200,924105,UNCLASSIFIED,3.713585,2.7496824264526367
1925,907298,UNCLASSIFIED,5.23738,4.675320625305176
1004,908136,UNCLASSIFIED,-5.896445,-5.292335510253906
1259,906827,UNCLASSIFIED,2.41778,2.9098432064056396
1005,1303896,UNCLASSIFIED,0.13014,0.16120655834674835
2045,908136,UNCLASSIFIED,4.459048,3.498074769973755
1051,906852,UNCLASSIFIED,3.212876,2.9059181213378906
1940,724831,UNCLASSIFIED,4.857624,4.987523078918457
1034,908143,UNCLASSIFIED,-1.389957,-2.113708257675171
1926,907056,UNCLASSIFIED,2.120987,1.249810814857483
1940,949158,UNCLASSIFIED,4.896824,4.287310600280762
1936,910703,UNCLASSIFIED,1.639248,1.3964922428131104
1079,1240184,UNCLASSIFIED,1.815426,2.4447641372680664
1012,909769,UNCLASSIFIED,2.353776,1.4328372478485107
1912,909769,UNCLASSIFIED,1.96295,1.8611102104187012
1006,687600,UNCLASSIFIED,3.325996,2.7427093982696533
2044,1330935,UNCLASSIFIED,0.91579,1.7244880199432373
1635,906999,UNCLASSIFIED,4.902405,5.445167541503906
1036,909699,UNCLASSIFIED,4.314449,6.198329448699951
1250,907298,UNCLASSIFIED,1.459435,0.5751761198043823
1941,924186,UNCLASSIFIED,-4.210331,-4.230801105499268
1510,909779,UNCLASSIFIED,4.302895,3.166278123855591
1191,907050,UNCLASSIFIED,-1.808105,-3.361764907836914
1512,908459,UNCLASSIFIED,5.785018,5.757861137390137
1862,971773,UNCLASSIFIED,-1.919291,-1.231605052947998
1931,909732,UNCLASSIFIED,5.434096,5.279196739196777
1997,906836,UNCLASSIFIED,2.53233,2.2210726737976074
1941,907323,UNCLASSIFIED,-4.688486,-4.840117931365967
1625,907060,UNCLASSIFIED,4.687358,4.476644992828369
1553,688121,UNCLASSIFIED,2.201902,3.550715208053589
1908,949156,UNCLASSIFIED,4.13501,4.587468147277832
1614,909977,UNCLASSIFIED,3.511298,4.314762115478516
1576,909707,UNCLASSIFIED,3.442281,3.120809555053711
1627,684059,UNCLASSIFIED,2.600346,2.183474540710449
1909,925341,UNCLASSIFIED,1.440842,1.5578861236572266
1372,909754,UNCLASSIFIED,0.67951,0.8920588493347168
1057,1303896,UNCLASSIFIED,-4.702681,-3.3531646728515625
1091,1290765,UNCLASSIFIED,2.137092,2.136094331741333
1091,1330987,UNCLASSIFIED,1.773763,1.6215713024139404
1179,1240221,UNCLASSIFIED,0.905675,0.1795785278081894
2096,907290,UNCLASSIFIED,3.767232,3.8264236450195312
1862,910706,UNCLASSIFIED,-3.178724,-1.9006500244140625
1941,910401,UNCLASSIFIED,-4.795943,-4.058706760406494
1248,1298539,UNCLASSIFIED,-0.308912,-4.469486713409424
1180,907069,UNCLASSIFIED,-1.977045,-2.9905097484588623
1372,724831,UNCLASSIFIED,0.140811,-1.0410141944885254
1621,1240166,UNCLASSIFIED,2.951989,2.2923853397369385
1618,909776,UNCLASSIFIED,3.549729,3.526073694229126
1936,1240221,UNCLASSIFIED,1.692024,1.995591402053833
1926,906853,UNCLASSIFIED,1.146767,1.660273790359497
1177,906831,UNCLASSIFIED,1.627905,2.1149845123291016
1249,909977,UNCLASSIFIED,5.415932,4.820760250091553
1928,909731,UNCLASSIFIED,2.998068,3.0880978107452393
1512,688121,UNCLASSIFIED,6.003449,5.942846298217773
2111,1240140,UNCLASSIFIED,4.040575,4.001221179962158
1006,906800,UNCLASSIFIED,-5.322397,-4.151354789733887
1010,949164,UNCLASSIFIED,3.222374,3.070124387741089
1093,1290807,UNCLASSIFIED,6.324193,4.174769878387451
1918,1322218,UNCLASSIFIED,3.149602,2.825047254562378
2111,905973,UNCLASSIFIED,5.579181,6.008540630340576
1996,908459,UNCLASSIFIED,5.009974,4.674839019775391
1786,949166,UNCLASSIFIED,4.016302,3.151149272918701
1912,906856,UNCLASSIFIED,1.992226,1.675065517425537
1578,1298539,UNCLASSIFIED,5.126571,5.594791889190674
1011,907299,UNCLASSIFIED,0.158203,2.403359889984131
1168,684052,UNCLASSIFIED,2.302944,1.7701971530914307
1034,909977,UNCLASSIFIED,-3.82561,-3.4504332542419434
1248,909732,UNCLASSIFIED,-5.904853,-4.497919082641602
2044,971773,UNCLASSIFIED,1.660399,2.7944419384002686
2046,906794,UNCLASSIFIED,4.022794,2.2236363887786865
1924,910906,UNCLASSIFIED,4.135332,3.1956684589385986
1051,1240215,UNCLASSIFIED,1.679629,2.4538300037384033
1131,687829,UNCLASSIFIED,6.698117,6.9315314292907715
1046,909779,UNCLASSIFIED,1.26508,1.4150216579437256
1093,906838,UNCLASSIFIED,4.662377,4.034359455108643
1930,906846,UNCLASSIFIED,-1.544545,-0.2830401659011841
1786,907064,UNCLASSIFIED,2.228483,3.172813653945923
1239,906847,UNCLASSIFIED,2.26399,2.180366039276123
1911,949158,UNCLASSIFIED,-5.245889,-6.308183670043945
2043,910779,UNCLASSIFIED,4.33312,5.145526885986328
1006,909977,UNCLASSIFIED,4.637327,3.668874502182007
1553,1330987,UNCLASSIFIED,0.254585,0.6117268204689026
1007,1240149,UNCLASSIFIED,-6.429921,-5.866005897521973
1854,907273,UNCLASSIFIED,4.132154,3.6839869022369385
1626,909707,UNCLASSIFIED,1.506987,1.4158954620361328
1510,1303896,UNCLASSIFIED,2.969467,3.3649356365203857
1786,909696,UNCLASSIFIED,2.836154,2.2426376342773438
1168,1298539,UNCLASSIFIED,4.314203,3.7304959297180176
1909,910401,UNCLASSIFIED,1.319193,1.377852439880371
1080,910849,UNCLASSIFIED,-4.525131,-3.758342742919922
1022,949160,UNCLASSIFIED,-2.175317,-1.3547770977020264
1911,910942,UNCLASSIFIED,-7.990442,-5.082901477813721
1073,908459,UNCLASSIFIED,4.425098,4.736386775970459
1936,1298539,UNCLASSIFIED,4.196884,3.778341054916382
1083,908132,UNCLASSIFIED,2.875708,0.7533993721008301
1507,910703,UNCLASSIFIED,3.547379,4.1688642501831055
2111,1240221,UNCLASSIFIED,3.819106,3.3716864585876465
1919,908127,UNCLASSIFIED,1.36499,1.3685204982757568
1626,949157,UNCLASSIFIED,6.138596,3.537351608276367
2107,949164,UNCLASSIFIED,4.991161,4.574285507202148
1179,905973,UNCLASSIFIED,1.920471,1.8107521533966064
1079,908127,UNCLASSIFIED,3.601452,1.3594398498535156
1925,907299,UNCLASSIFIED,5.072972,4.378230571746826
2096,684072,UNCLASSIFIED,3.740556,2.834836959838867
1924,909732,UNCLASSIFIED,3.253859,3.915764093399048
1007,907069,UNCLASSIFIED,-4.144449,-4.720578193664551
1615,907044,UNCLASSIFIED,4.590293,3.813382625579834
1089,909699,UNCLASSIFIED,5.259042,6.039847373962402
1007,907000,UNCLASSIFIED,-5.710162,-6.133235931396484
1085,909720,UNCLASSIFIED,3.275106,3.5139219760894775
1017,909716,UNCLASSIFIED,3.023951,3.722297191619873
1908,949158,UNCLASSIFIED,2.694209,2.0743038654327393
1372,1298219,UNCLASSIFIED,2.763748,2.520509719848633
1249,908459,UNCLASSIFIED,3.729095,3.4013404846191406
1259,908159,UNCLASSIFIED,-1.221087,-0.4621248245239258
1786,907290,UNCLASSIFIED,1.036272,1.9730761051177979
2096,925343,UNCLASSIFIED,3.899098,4.344550609588623
1996,906853,UNCLASSIFIED,4.036537,3.1762547492980957
1630,1322218,UNCLASSIFIED,4.03868,2.8961026668548584
1615,908467,UNCLASSIFIED,5.06566,3.9827353954315186
1239,1298219,UNCLASSIFIED,3.967514,4.620349407196045
1529,907298,UNCLASSIFIED,1.62768,-0.8151509165763855
1068,909731,UNCLASSIFIED,-0.346046,1.1044540405273438
1560,908156,UNCLASSIFIED,1.898271,2.445924758911133
1625,910784,UNCLASSIFIED,6.243182,5.728238105773926
1563,909264,UNCLASSIFIED,5.994323,5.869613170623779
1928,684052,UNCLASSIFIED,3.798647,4.140683174133301
1578,910779,UNCLASSIFIED,6.707922,5.244700908660889
1006,949168,UNCLASSIFIED,0.455916,1.437204122543335
1911,909255,UNCLASSIFIED,-5.991169,-5.5565080642700195
1912,1331040,UNCLASSIFIED,2.218302,1.6582303047180176
1926,907268,UNCLASSIFIED,-1.104206,-1.0493113994598389
1003,907056,UNCLASSIFIED,1.692486,-0.20574361085891724
1849,907273,UNCLASSIFIED,-2.066157,-2.1642799377441406
1046,906846,UNCLASSIFIED,0.439403,0.6859044432640076
1054,1331039,UNCLASSIFIED,4.509105,1.881232738494873
1510,906848,UNCLASSIFIED,2.613402,3.2885546684265137
1926,908136,UNCLASSIFIED,-0.729007,-0.23463886976242065
1191,925345,UNCLASSIFIED,-3.951286,-4.145127773284912
1635,908132,UNCLASSIFIED,4.678993,4.425963401794434
2106,909707,UNCLASSIFIED,2.131637,2.477855682373047
1084,909699,UNCLASSIFIED,-0.859189,-1.8008301258087158
1873,971773,UNCLASSIFIED,0.186684,0.4945579767227173
1910,684072,UNCLASSIFIED,0.206022,0.36129581928253174
1926,949157,UNCLASSIFIED,-0.339025,0.19271397590637207
1060,684052,UNCLASSIFIED,0.493415,0.5759120583534241
1598,687829,UNCLASSIFIED,3.531352,4.256325721740723
1629,1240144,UNCLASSIFIED,5.868543,4.932792663574219
1873,949165,UNCLASSIFIED,1.225885,0.7856833338737488
1925,909707,UNCLASSIFIED,5.632068,5.763121604919434
2044,924110,UNCLASSIFIED,2.713863,2.460179090499878
2111,908474,UNCLASSIFIED,2.379827,2.023324489593506
1259,908142,UNCLASSIFIED,3.002651,3.988224983215332
1926,753539,UNCLASSIFIED,0.088753,0.9834581613540649
1635,907323,UNCLASSIFIED,3.830145,4.027011394500732
1854,908459,UNCLASSIFIED,3.61486,4.8606977462768555
1375,1240184,UNCLASSIFIED,7.391552,6.0689167976379395
1003,909779,UNCLASSIFIED,0.673478,0.6056068539619446
1529,724831,UNCLASSIFIED,-0.449844,0.0004954636096954346
1926,688121,UNCLASSIFIED,1.377047,-0.015449166297912598
1799,907000,UNCLASSIFIED,4.001557,2.7435295581817627
2046,906999,UNCLASSIFIED,3.465772,4.325891971588135
1046,910942,UNCLASSIFIED,0.575826,0.4777044653892517
1626,909720,UNCLASSIFIED,1.329405,2.6606147289276123
2111,684072,UNCLASSIFIED,3.326614,1.9510326385498047
1083,1303896,UNCLASSIFIED,1.095125,1.0884063243865967
1089,1290807,UNCLASSIFIED,6.356093,6.931248664855957
1054,1303896,UNCLASSIFIED,-0.14592,1.3478827476501465
1372,908159,UNCLASSIFIED,2.119067,1.3253777027130127
1375,949167,UNCLASSIFIED,5.730637,5.287158012390137
1191,1303896,UNCLASSIFIED,-5.939919,-5.5986738204956055
1936,1303896,UNCLASSIFIED,1.232921,1.033469319343567
1013,684052,UNCLASSIFIED,3.681138,2.1753039360046387
1179,1290765,UNCLASSIFIED,0.063649,1.6854517459869385
1011,724831,UNCLASSIFIED,3.208511,4.786266326904297
1915,1240140,UNCLASSIFIED,0.101862,0.44055160880088806
1614,724831,UNCLASSIFIED,3.006441,3.2234926223754883
1011,724855,UNCLASSIFIED,1.805264,-0.8099157214164734
1622,907796,UNCLASSIFIED,6.012431,6.122903347015381
1017,688121,UNCLASSIFIED,4.350696,4.727847099304199
1003,909769,UNCLASSIFIED,-1.001839,1.1924631595611572
1910,907323,UNCLASSIFIED,1.419668,0.9973815083503723
1940,906800,UNCLASSIFIED,2.584377,2.694166421890259
1022,949161,UNCLASSIFIED,0.661196,-0.5878828763961792
1873,909777,UNCLASSIFIED,0.329715,0.09655079245567322
2107,908127,UNCLASSIFIED,5.387871,5.293960094451904
2043,1240128,UNCLASSIFIED,5.183045,4.81818151473999
1630,724855,UNCLASSIFIED,4.511171,4.987190246582031
1180,906836,UNCLASSIFIED,-4.130174,-5.475680828094482
1060,1240210,UNCLASSIFIED,1.288466,0.7413022518157959
1853,1290807,UNCLASSIFIED,4.542261,5.438013076782227
1511,1331040,UNCLASSIFIED,-4.18467,-4.250497817993164
1593,1331039,UNCLASSIFIED,1.007084,0.9564687609672546
1908,906999,UNCLASSIFIED,3.591138,2.028038501739502
1941,907060,UNCLASSIFIED,-5.866124,-5.0082550048828125
1939,907323,UNCLASSIFIED,1.677342,2.356415271759033
1557,1298352,UNCLASSIFIED,8.6834,7.956565856933594
1614,909722,UNCLASSIFIED,2.82098,2.558734893798828
1560,909785,UNCLASSIFIED,1.081946,0.27313441038131714
1916,906800,UNCLASSIFIED,0.988186,0.8376358151435852
1617,909262,UNCLASSIFIED,1.575032,1.8861913681030273
1908,724855,UNCLASSIFIED,0.871392,0.4061110317707062
1049,1240184,UNCLASSIFIED,5.399899,4.73743200302124
1849,910706,UNCLASSIFIED,-3.849033,-2.6278698444366455
1237,949166,UNCLASSIFIED,4.796217,5.5801897048950195
1375,1240140,UNCLASSIFIED,6.425442,6.02003288269043
1996,724855,UNCLASSIFIED,4.736043,4.591719627380371
1564,906804,UNCLASSIFIED,-0.193621,0.7372158765792847
2043,908471,UNCLASSIFIED,5.135192,4.0928168296813965
1933,909255,UNCLASSIFIED,2.242582,2.940060615539551
1911,1327774,UNCLASSIFIED,-5.673045,-5.992747783660889
1849,907050,UNCLASSIFIED,1.031697,0.9799712896347046
1088,907047,UNCLASSIFIED,1.222632,1.36430025100708
1630,1298219,UNCLASSIFIED,4.446386,4.4773173332214355
1618,925345,UNCLASSIFIED,1.558217,2.5184333324432373
1622,908138,UNCLASSIFIED,4.679574,4.368411540985107
1190,909731,UNCLASSIFIED,-0.55823,-4.114507675170898
1559,1298352,UNCLASSIFIED,1.975046,1.099527359008789
2110,906800,UNCLASSIFIED,2.460389,3.006514072418213
1239,1303912,UNCLASSIFIED,3.373305,2.886563539505005
1617,906838,UNCLASSIFIED,3.39845,1.6306531429290771
1058,909777,UNCLASSIFIED,0.399431,0.3381524980068207
1073,906849,UNCLASSIFIED,5.093403,4.252548694610596
1054,909699,UNCLASSIFIED,4.210526,5.721172332763672
2096,907323,UNCLASSIFIED,2.813863,2.3699400424957275
1017,909976,UNCLASSIFIED,3.167208,3.2780494689941406
1940,909774,UNCLASSIFIED,3.803476,4.549252510070801
1058,907299,UNCLASSIFIED,-0.014803,-0.21276754140853882
1054,910906,UNCLASSIFIED,2.112994,1.905796766281128
2045,907323,UNCLASSIFIED,3.828782,3.4059367179870605
1131,908158,UNCLASSIFIED,1.727907,1.2487590312957764
1933,909707,UNCLASSIFIED,5.472691,5.301854133605957
1852,908136,UNCLASSIFIED,4.325728,4.665527820587158
1177,949160,UNCLASSIFIED,1.636715,3.058624267578125
1013,1331039,UNCLASSIFIED,2.414234,2.9727354049682617
1049,909720,UNCLASSIFIED,4.422435,5.055974960327148
1558,949164,UNCLASSIFIED,3.756994,2.0003507137298584
2043,906838,UNCLASSIFIED,4.342533,4.430755138397217
1559,907050,UNCLASSIFIED,0.491095,0.9206826686859131
1939,907290,UNCLASSIFIED,1.677364,3.8533174991607666
1079,909756,UNCLASSIFIED,1.515592,0.8028726577758789
1004,910906,UNCLASSIFIED,-6.161162,-6.516790390014648
1598,906827,UNCLASSIFIED,4.849377,4.264902591705322
1936,1290765,UNCLASSIFIED,2.923407,2.843754529953003
1786,909720,UNCLASSIFIED,3.930518,4.283155918121338
1510,1298352,UNCLASSIFIED,8.747069,7.21487283706665
1849,906827,UNCLASSIFIED,-0.653442,-1.5429069995880127
1621,688121,UNCLASSIFIED,4.267894,5.126401901245117
1613,909774,UNCLASSIFIED,3.117861,3.6769280433654785
1004,907796,UNCLASSIFIED,-1.758556,-1.2804336547851562
1022,949157,UNCLASSIFIED,-0.087199,0.67061448097229
1512,949164,UNCLASSIFIED,4.752197,4.5368123054504395
1933,687829,UNCLASSIFIED,5.315292,4.935220241546631
1928,908158,UNCLASSIFIED,2.387569,2.3433263301849365
1627,906831,UNCLASSIFIED,1.241549,1.6077704429626465
1259,909756,UNCLASSIFIED,2.692854,3.142894983291626
1911,907298,UNCLASSIFIED,-6.543401,-5.831118106842041
1011,907047,UNCLASSIFIED,1.596137,2.2266809940338135
1093,907273,UNCLASSIFIED,3.827459,3.286923408508301
1564,949155,UNCLASSIFIED,2.592405,2.9090754985809326
1190,687600,UNCLASSIFIED,4.220816,1.5482895374298096
1372,908127,UNCLASSIFIED,1.472893,1.9938137531280518
1564,724831,UNCLASSIFIED,1.737493,2.034832000732422
1036,910695,UNCLASSIFIED,4.958413,5.069018840789795
1012,909977,UNCLASSIFIED,3.095262,3.8976006507873535
1912,910706,UNCLASSIFIED,1.625497,2.499227523803711
1924,907000,UNCLASSIFIED,3.407868,3.094120502471924
1908,1240215,UNCLASSIFIED,4.552383,3.3688833713531494
1558,753586,UNCLASSIFIED,3.866656,3.663902759552002
1919,1290807,UNCLASSIFIED,1.859119,2.2255361080169678
1089,907047,UNCLASSIFIED,2.119288,2.1945455074310303
1259,684052,UNCLASSIFIED,-1.422785,-0.9671258330345154
1625,910705,UNCLASSIFIED,2.970214,3.425588369369507
1022,909701,UNCLASSIFIED,-2.057135,-1.3392634391784668
1559,910706,UNCLASSIFIED,-3.874568,-3.7960705757141113
1928,907044,UNCLASSIFIED,3.643104,3.990386724472046
1558,684052,UNCLASSIFIED,3.659382,2.5344200134277344
1618,971773,UNCLASSIFIED,2.830314,3.402667999267578
1560,949155,UNCLASSIFIED,2.2234,1.367950677871704
1862,907050,UNCLASSIFIED,-1.410732,-1.9012937545776367
1259,949161,UNCLASSIFIED,-3.918793,-3.094615936279297
1862,688121,UNCLASSIFIED,-0.603341,-1.4339020252227783
1862,906861,UNCLASSIFIED,-1.553725,-1.4050123691558838
1930,908131,UNCLASSIFIED,0.22625,0.3674580752849579
1558,949161,UNCLASSIFIED,4.780466,2.650373935699463
1085,925341,UNCLASSIFIED,1.231578,2.0734293460845947
1036,909769,UNCLASSIFIED,4.228144,4.808216094970703
1853,910705,UNCLASSIFIED,3.872316,3.3025012016296387
1936,907060,UNCLASSIFIED,2.452348,2.103450059890747
1529,910906,UNCLASSIFIED,-0.854382,-1.1497948169708252
1940,684062,UNCLASSIFIED,5.389411,4.107110023498535
1068,909785,UNCLASSIFIED,0.802375,0.2835041880607605
1180,1298219,UNCLASSIFIED,-0.960165,-0.44685524702072144
1862,1240184,UNCLASSIFIED,-1.17562,-1.5649688243865967
1598,949163,UNCLASSIFIED,2.529928,3.792313814163208
1004,907299,UNCLASSIFIED,-5.979328,-5.194770336151123
1564,949158,UNCLASSIFIED,2.458942,3.6585192680358887
1936,909785,UNCLASSIFIED,1.615404,1.6357104778289795
1034,1240140,UNCLASSIFIED,-3.954028,-2.86958646774292
1849,908471,UNCLASSIFIED,-0.404071,-1.0483765602111816
1852,1330935,UNCLASSIFIED,4.741368,4.506192207336426
1854,907069,UNCLASSIFIED,3.868905,4.771952152252197
1010,907796,UNCLASSIFIED,6.139252,4.824355602264404
1936,949155,UNCLASSIFIED,2.275254,2.279236078262329
1047,949157,UNCLASSIFIED,5.40567,5.074770927429199
1932,909701,UNCLASSIFIED,1.945658,1.426210641860962
1250,906827,UNCLASSIFIED,2.041399,1.4770324230194092
1373,910779,UNCLASSIFIED,4.764897,4.782517433166504
1007,1290807,UNCLASSIFIED,-2.659885,-1.41573166847229
1200,907299,UNCLASSIFIED,3.190031,1.9155821800231934
1997,949158,UNCLASSIFIED,5.297045,3.8060848712921143
1372,909759,UNCLASSIFIED,-0.120307,-0.44446927309036255
1168,907069,UNCLASSIFIED,1.367599,1.4548144340515137
1089,910705,UNCLASSIFIED,0.416519,0.3764202296733856
1249,907322,UNCLASSIFIED,2.541188,2.2218313217163086
1625,1331049,UNCLASSIFIED,4.37124,4.288006782531738
1010,1298539,UNCLASSIFIED,4.55604,4.343371868133545
1873,905965,UNCLASSIFIED,-0.514588,-0.32131457328796387
1557,1240140,UNCLASSIFIED,5.571311,5.009401798248291
1084,949156,UNCLASSIFIED,-0.560981,-2.213560104370117
1593,905965,UNCLASSIFIED,0.249007,0.1052447259426117
1852,907000,UNCLASSIFIED,4.359451,4.358002185821533
1248,925343,UNCLASSIFIED,-4.358854,-3.099241018295288
1621,909754,UNCLASSIFIED,6.383705,6.251661777496338
1558,908143,UNCLASSIFIED,1.897431,2.8044517040252686
1560,906836,UNCLASSIFIED,3.804935,2.4860360622406006
1560,1298219,UNCLASSIFIED,5.644029,5.149145603179932
1093,1330933,UNCLASSIFIED,2.740719,2.5796077251434326
1635,908143,UNCLASSIFIED,5.121739,5.118688106536865
1005,753539,UNCLASSIFIED,0.818349,-0.04271396994590759
1940,687829,UNCLASSIFIED,3.583774,3.877455472946167
1862,907796,UNCLASSIFIED,-0.533293,-1.238813877105713
1927,753539,UNCLASSIFIED,3.514581,4.3205952644348145
1249,1303896,UNCLASSIFIED,1.789436,2.0597047805786133
1553,949155,UNCLASSIFIED,1.541225,1.5781378746032715
1088,908471,UNCLASSIFIED,2.282243,3.1139140129089355
1200,1327774,UNCLASSIFIED,1.486263,1.6882472038269043
1918,684072,UNCLASSIFIED,2.227831,2.5146307945251465
2044,909264,UNCLASSIFIED,4.187968,4.76898193359375
1634,930082,UNCLASSIFIED,3.74023,3.1801252365112305
1057,908132,UNCLASSIFIED,-1.043673,-0.9575971961021423
1032,924186,UNCLASSIFIED,1.850555,1.298720121383667
1912,907056,UNCLASSIFIED,1.674195,1.9575834274291992
1049,907298,UNCLASSIFIED,0.170945,1.3620679378509521
1925,1298219,UNCLASSIFIED,5.578376,5.77979850769043
1004,909696,UNCLASSIFIED,-6.204791,-5.605076789855957
1932,909774,UNCLASSIFIED,2.526645,3.8809475898742676
1510,1330935,UNCLASSIFIED,3.200837,1.898510217666626
1849,949161,UNCLASSIFIED,-0.998215,-1.733447551727295
1017,949168,UNCLASSIFIED,4.375531,4.0497636795043945
1617,949166,UNCLASSIFIED,2.613998,3.3005666732788086
1017,924110,UNCLASSIFIED,5.197998,3.316469669342041
1510,1331039,UNCLASSIFIED,3.279307,1.6872928142547607
1910,949161,UNCLASSIFIED,-2.417616,-0.9525529742240906
1179,907000,UNCLASSIFIED,-0.428258,-0.6859874129295349
1375,924105,UNCLASSIFIED,5.9887,5.325963020324707
1084,1330933,UNCLASSIFIED,-2.337256,-3.686154842376709
1918,906827,UNCLASSIFIED,4.145725,4.0372114181518555
1375,909774,UNCLASSIFIED,4.637191,6.314302444458008
1060,909732,UNCLASSIFIED,1.219791,1.7346866130828857
1529,949166,UNCLASSIFIED,-0.905694,-1.23750901222229
1080,946361,UNCLASSIFIED,-3.803581,-3.30165958404541
1598,910703,UNCLASSIFIED,3.869128,3.690764904022217
2048,930082,UNCLASSIFIED,-4.541932,-4.129217147827148
1006,1330933,UNCLASSIFIED,-3.454683,-2.9293577671051025
1073,949158,UNCLASSIFIED,1.082356,2.7775957584381104
1799,907290,UNCLASSIFIED,5.331199,5.851297855377197
1915,1240221,UNCLASSIFIED,2.542204,2.369187116622925
1237,906847,UNCLASSIFIED,4.324099,4.383243560791016
1088,909255,UNCLASSIFIED,1.571296,1.686138391494751
1268,724855,UNCLASSIFIED,5.165016,5.552538871765137
1630,724863,UNCLASSIFIED,3.655645,3.8630380630493164
1912,909776,UNCLASSIFIED,3.694423,3.111921787261963
1049,724831,UNCLASSIFIED,4.692716,5.182960510253906
1928,1290795,UNCLASSIFIED,4.43939,5.139533996582031
1931,687600,UNCLASSIFIED,5.494476,5.177154064178467
1910,1290807,UNCLASSIFIED,0.977033,0.47543925046920776
1940,907064,UNCLASSIFIED,3.494158,2.993762731552124
1911,908131,UNCLASSIFIED,-4.269104,-5.2574543952941895
1561,910779,UNCLASSIFIED,4.657665,4.47202205657959
1631,753539,UNCLASSIFIED,3.235863,3.009584426879883
1617,1240166,UNCLASSIFIED,-5.995527,1.0806279182434082
1373,907000,UNCLASSIFIED,3.892975,4.146162986755371
1940,907273,UNCLASSIFIED,2.905344,3.116764783859253
1559,907322,UNCLASSIFIED,-2.770867,-2.1300973892211914
1564,949167,UNCLASSIFIED,4.371327,3.2806153297424316
1560,909975,UNCLASSIFIED,5.43143,5.086149215698242
1931,1331049,UNCLASSIFIED,4.85592,3.826420783996582
2046,949165,UNCLASSIFIED,3.785088,3.0947680473327637
1631,906999,UNCLASSIFIED,2.914511,3.2754576206207275
1615,925345,UNCLASSIFIED,3.743527,4.30009651184082
1618,909722,UNCLASSIFIED,2.665511,1.8111379146575928
1004,906804,UNCLASSIFIED,-6.079265,-5.925776481628418
1928,907796,UNCLASSIFIED,6.631525,6.258420467376709
1862,907268,UNCLASSIFIED,-2.124889,-2.251668930053711
1003,924186,UNCLASSIFIED,-4.209384,-3.7314629554748535
1268,1240144,UNCLASSIFIED,3.027698,3.879849433898926
1564,909717,UNCLASSIFIED,1.949779,2.250114917755127
1017,687780,UNCLASSIFIED,3.742389,4.224935531616211
1997,907299,UNCLASSIFIED,4.199827,3.6852235794067383
1558,908156,UNCLASSIFIED,1.642346,1.0149388313293457
1622,909754,UNCLASSIFIED,5.937954,6.231049060821533
1558,906861,UNCLASSIFIED,1.776105,1.6683893203735352
1200,908149,UNCLASSIFIED,2.975703,2.8564138412475586
1068,907069,UNCLASSIFIED,1.460171,1.3016351461410522
1919,1240128,UNCLASSIFIED,2.661018,2.3385465145111084
1006,1240140,UNCLASSIFIED,-0.10577,0.5303230285644531
1512,909769,UNCLASSIFIED,5.895163,5.451512813568115
1073,753586,UNCLASSIFIED,4.344835,5.183216094970703
1080,909731,UNCLASSIFIED,-5.359627,-3.855893135070801
1089,1298534,UNCLASSIFIED,7.045078,5.393610954284668
2109,924105,UNCLASSIFIED,1.324612,2.4000301361083984
1613,687780,UNCLASSIFIED,3.050359,2.5118327140808105
1576,906827,UNCLASSIFIED,3.343498,2.7088794708251953
1997,907060,UNCLASSIFIED,2.693786,3.0648725032806396
1010,906804,UNCLASSIFIED,1.853959,2.438596248626709
1010,907268,UNCLASSIFIED,3.027045,2.377638101577759
1068,906846,UNCLASSIFIED,0.192091,0.7522834539413452
1058,909716,UNCLASSIFIED,0.124294,0.06987231969833374
1629,1298539,UNCLASSIFIED,5.689915,4.8795599937438965
1051,910942,UNCLASSIFIED,0.531614,1.325016736984253
1191,909731,UNCLASSIFIED,-5.076066,-3.924302101135254
1786,1331040,UNCLASSIFIED,0.576399,0.21891231834888458
1200,684062,UNCLASSIFIED,2.821882,2.928743839263916
1917,753607,UNCLASSIFIED,2.77888,3.3184726238250732
1507,971773,UNCLASSIFIED,4.25405,4.116204738616943
1373,924110,UNCLASSIFIED,1.882988,4.223945140838623
1855,909722,UNCLASSIFIED,2.95078,3.190455675125122
1558,910779,UNCLASSIFIED,4.888053,5.4271135330200195
1922,684072,UNCLASSIFIED,1.525459,1.640291452407837
1177,909977,UNCLASSIFIED,4.323701,5.020590305328369
1010,908138,UNCLASSIFIED,3.061174,2.8913345336914062
1634,906800,UNCLASSIFIED,2.819839,2.8506925106048584
1924,906836,UNCLASSIFIED,2.472803,2.0585808753967285
2106,909699,UNCLASSIFIED,6.593562,5.32600212097168
1250,906861,UNCLASSIFIED,3.028718,1.7123403549194336
1046,924105,UNCLASSIFIED,2.02766,2.2074527740478516
1190,907290,UNCLASSIFIED,0.722125,0.2017311006784439
1922,949160,UNCLASSIFIED,1.375042,0.9387377500534058
1622,908459,UNCLASSIFIED,5.826469,5.403680801391602
1034,909759,UNCLASSIFIED,-6.683516,-5.410301208496094
1553,908156,UNCLASSIFIED,1.678808,2.4574031829833984
1622,907064,UNCLASSIFIED,4.06775,4.480923175811768
1615,907298,UNCLASSIFIED,4.41212,4.832925796508789
1931,907323,UNCLASSIFIED,4.514908,3.496251106262207
1073,906853,UNCLASSIFIED,7.576252,8.205045700073242
1924,1290807,UNCLASSIFIED,2.522488,3.301755666732788
1017,1330933,UNCLASSIFIED,0.750303,0.9687399864196777
1594,949165,UNCLASSIFIED,4.90596,5.285064697265625
1511,909777,UNCLASSIFIED,-1.301548,-2.773003339767456
2107,907064,UNCLASSIFIED,5.849485,5.5908660888671875
1004,908454,UNCLASSIFIED,-5.572896,-3.6966795921325684
1034,906847,UNCLASSIFIED,-1.737412,-3.597139835357666
1912,1331049,UNCLASSIFIED,0.177879,0.9270797371864319
1085,909731,UNCLASSIFIED,2.522931,2.342660665512085
1931,909701,UNCLASSIFIED,4.880612,3.5844361782073975
2110,907047,UNCLASSIFIED,3.545211,3.4954051971435547
1083,971773,UNCLASSIFIED,2.634893,1.352652668952942
1005,907796,UNCLASSIFIED,5.521797,4.260616779327393
1012,687829,UNCLASSIFIED,1.598744,1.9171257019042969
1578,684072,UNCLASSIFIED,4.597746,4.424088478088379
1373,909716,UNCLASSIFIED,5.074074,4.852910041809082
1005,908132,UNCLASSIFIED,0.750881,0.24996384978294373
1047,1303896,UNCLASSIFIED,4.025278,2.1748740673065186
1012,1331049,UNCLASSIFIED,0.786123,0.8925744295120239
1511,909779,UNCLASSIFIED,-0.415162,1.9295527935028076
1190,909785,UNCLASSIFIED,-5.630266,-3.9796814918518066
1922,910784,UNCLASSIFIED,-0.594229,1.6750428676605225
1561,1331039,UNCLASSIFIED,1.162085,1.7025089263916016
1054,909255,UNCLASSIFIED,3.104676,1.8190829753875732
1053,906847,UNCLASSIFIED,2.871265,1.7635540962219238
1190,910784,UNCLASSIFIED,-1.887435,-0.0027110278606414795
1058,907072,UNCLASSIFIED,-1.194525,-0.7710049748420715
1049,908138,UNCLASSIFIED,5.108981,4.491155624389648
1085,1330933,UNCLASSIFIED,1.213821,1.539900302886963
1924,724863,UNCLASSIFIED,3.738353,2.77604341506958
1635,908159,UNCLASSIFIED,3.543821,3.8016867637634277
1918,905973,UNCLASSIFIED,3.675147,3.285794258117676
2109,1327774,UNCLASSIFIED,1.808223,1.9848623275756836
1191,908127,UNCLASSIFIED,-5.570657,-5.215005874633789
1512,946361,UNCLASSIFIED,5.402218,5.767519474029541
1924,1240221,UNCLASSIFIED,4.326749,3.203906297683716
1372,949160,UNCLASSIFIED,1.982889,0.9041216969490051
1924,1330987,UNCLASSIFIED,1.416889,1.8073291778564453
1634,1330935,UNCLASSIFIED,2.226305,2.1002659797668457
1626,907796,UNCLASSIFIED,5.534337,5.089888095855713
1627,753586,UNCLASSIFIED,1.562614,2.7622032165527344
1862,906853,UNCLASSIFIED,-1.055373,-1.2530622482299805
1073,724855,UNCLASSIFIED,7.354567,7.258185386657715
1873,910705,UNCLASSIFIED,0.197345,-0.3484002351760864
1051,949160,UNCLASSIFIED,0.33698,1.0004496574401855
1553,910906,UNCLASSIFIED,2.400246,1.366269588470459
1003,949157,UNCLASSIFIED,-1.143252,-0.7142130732536316
1083,907044,UNCLASSIFIED,2.882266,1.4164190292358398
2111,724863,UNCLASSIFIED,3.826927,4.213552474975586
1093,946357,UNCLASSIFIED,3.259466,3.223729372024536
1199,906853,UNCLASSIFIED,4.543565,3.7060303688049316
1239,910779,UNCLASSIFIED,6.577925,5.469516754150391
1625,907056,UNCLASSIFIED,4.209235,4.5689263343811035
1908,909701,UNCLASSIFIED,2.313697,1.5623269081115723
1621,909262,UNCLASSIFIED,3.047812,3.4133379459381104
1199,907273,UNCLASSIFIED,2.519277,2.964078426361084
1996,907043,UNCLASSIFIED,2.702574,2.4227874279022217
1909,724855,UNCLASSIFIED,3.701295,2.467618703842163
1083,909976,UNCLASSIFIED,2.66039,2.914339542388916
2109,684052,UNCLASSIFIED,1.16004,2.343254804611206
1799,910779,UNCLASSIFIED,5.992471,5.69724178314209
1576,906804,UNCLASSIFIED,2.869929,3.1828718185424805
2045,949156,UNCLASSIFIED,6.098917,5.385033130645752
1058,930082,UNCLASSIFIED,2.19348,1.0862128734588623
1068,909777,UNCLASSIFIED,-0.689305,-0.026694416999816895
1598,946357,UNCLASSIFIED,2.947182,3.429499626159668
1553,906794,UNCLASSIFIED,2.253346,1.7437691688537598
1080,906804,UNCLASSIFIED,-4.954093,-4.630572319030762
1559,906999,UNCLASSIFIED,-1.949795,-3.6908440589904785
1873,1240149,UNCLASSIFIED,0.600101,0.1072680652141571
1049,909779,UNCLASSIFIED,4.683512,3.9101600646972656
1051,684062,UNCLASSIFIED,2.461716,0.5805498957633972
1088,1290795,UNCLASSIFIED,1.846414,1.6918153762817383
1179,910784,UNCLASSIFIED,1.916023,2.3770124912261963
1373,905965,UNCLASSIFIED,4.241586,2.5840070247650146
1873,908143,UNCLASSIFIED,1.338984,1.2975656986236572
1625,684072,UNCLASSIFIED,4.961361,4.232623100280762
1915,908142,UNCLASSIFIED,2.149367,1.7561533451080322
1631,907043,UNCLASSIFIED,2.051711,2.0957934856414795
2043,684059,UNCLASSIFIED,3.698551,3.884429931640625
1510,909975,UNCLASSIFIED,5.476068,4.821484565734863
1621,930082,UNCLASSIFIED,4.033076,4.233278274536133
1080,907056,UNCLASSIFIED,-0.391328,-0.6107783317565918
1853,684059,UNCLASSIFIED,3.156598,3.819395065307617
1862,908127,UNCLASSIFIED,-2.292724,-1.7939374446868896
1032,906999,UNCLASSIFIED,2.21732,2.2183403968811035
1191,906836,UNCLASSIFIED,-6.658972,-5.887646675109863
1559,684062,UNCLASSIFIED,-3.319458,-2.1362650394439697
1017,907047,UNCLASSIFIED,3.3338,3.3288679122924805
1053,949167,UNCLASSIFIED,1.71881,1.5983197689056396
1627,907290,UNCLASSIFIED,3.798098,4.0885701179504395
1190,925341,UNCLASSIFIED,-2.010723,0.3240055739879608
1168,1290765,UNCLASSIFIED,3.261606,3.380669116973877
1559,908158,UNCLASSIFIED,-4.030221,-4.185312271118164
1073,908149,UNCLASSIFIED,4.80603,3.6207754611968994
1553,907298,UNCLASSIFIED,3.962185,2.6297359466552734
1916,1330987,UNCLASSIFIED,1.210841,1.122713327407837
1908,949155,UNCLASSIFIED,3.038743,1.190374732017517
1190,1240210,UNCLASSIFIED,1.235885,-1.3958714008331299
1560,1240166,UNCLASSIFIED,3.130193,2.7825443744659424
1941,724855,UNCLASSIFIED,-3.010756,-1.4507336616516113
2106,1330987,UNCLASSIFIED,0.672212,0.6117268204689026
1372,908149,UNCLASSIFIED,1.693614,2.7202792167663574
1924,946357,UNCLASSIFIED,3.014373,3.363862991333008
1598,1240221,UNCLASSIFIED,3.066301,2.954939365386963
1932,1330987,UNCLASSIFIED,1.68484,1.7736234664916992
1576,1303912,UNCLASSIFIED,2.17875,2.7306289672851562
1005,907268,UNCLASSIFIED,2.417991,1.6411755084991455
1049,908459,UNCLASSIFIED,2.471192,3.332040548324585
1012,949157,UNCLASSIFIED,1.465306,1.3238637447357178
1007,909720,UNCLASSIFIED,-4.884309,-4.728583812713623
1996,924186,UNCLASSIFIED,4.244391,3.6833863258361816
2111,909264,UNCLASSIFIED,5.681469,5.14483118057251
1375,906838,UNCLASSIFIED,4.863512,5.66206693649292
1507,925345,UNCLASSIFIED,5.111572,4.071249961853027
1084,1290795,UNCLASSIFIED,-1.214596,-2.918504238128662
1080,908454,UNCLASSIFIED,-5.308541,-3.837480068206787
1131,949167,UNCLASSIFIED,4.014929,4.100533962249756
1259,1330987,UNCLASSIFIED,-0.627131,-0.10587531328201294
1927,907000,UNCLASSIFIED,4.867822,4.048225402832031
1853,949163,UNCLASSIFIED,3.31711,3.963479518890381
1057,908149,UNCLASSIFIED,0.156626,0.324274480342865
1635,906848,UNCLASSIFIED,4.476791,4.697471618652344
1919,906847,UNCLASSIFIED,0.776243,1.6779303550720215
1046,1240210,UNCLASSIFIED,1.563537,1.080200433731079
2048,906846,UNCLASSIFIED,-3.940413,-3.708052158355713
1036,949165,UNCLASSIFIED,4.603652,4.6539459228515625
1060,1298534,UNCLASSIFIED,-1.35022,1.4221863746643066
1576,684059,UNCLASSIFIED,1.75131,2.2049927711486816
1613,907072,UNCLASSIFIED,0.386182,1.227182149887085
1036,909717,UNCLASSIFIED,4.820339,3.6867830753326416
1576,907072,UNCLASSIFIED,2.229168,2.4404702186584473
1057,910784,UNCLASSIFIED,-0.806369,-1.0944056510925293
1576,684057,UNCLASSIFIED,2.720727,2.216214895248413
1931,949165,UNCLASSIFIED,5.659243,5.225673198699951
2110,907322,UNCLASSIFIED,4.743524,3.704120635986328
1372,949157,UNCLASSIFIED,2.322308,3.554619312286377
1578,688121,UNCLASSIFIED,5.468474,5.403964996337891
1088,1298352,UNCLASSIFIED,7.508074,5.36163330078125
1093,910906,UNCLASSIFIED,3.339216,2.893082857131958
1925,909785,UNCLASSIFIED,2.828037,3.5513663291931152
1022,909717,UNCLASSIFIED,-0.24788,-0.3197701573371887
1046,753586,UNCLASSIFIED,2.05864,1.3180840015411377
2045,1330933,UNCLASSIFIED,3.453458,1.8836660385131836
1910,1240128,UNCLASSIFIED,3.798627,3.332073450088501
1922,688121,UNCLASSIFIED,2.878354,3.2190730571746826
1930,909720,UNCLASSIFIED,1.11617,0.8421082496643066
1004,909262,UNCLASSIFIED,-5.661731,-5.369189262390137
1936,908138,UNCLASSIFIED,3.941738,3.061596155166626
1054,946357,UNCLASSIFIED,2.707048,2.324394941329956
1615,910703,UNCLASSIFIED,4.826906,4.565886974334717
1237,907323,UNCLASSIFIED,4.480264,4.0943474769592285
1613,907050,UNCLASSIFIED,6.930217,6.296525478363037
1634,907323,UNCLASSIFIED,2.138976,2.5970988273620605
1017,906831,UNCLASSIFIED,2.46875,3.4301183223724365
1559,908136,UNCLASSIFIED,-3.364717,-2.1280834674835205
2047,909701,UNCLASSIFIED,1.05624,1.5623269081115723
2043,909717,UNCLASSIFIED,4.865219,4.840968132019043
1529,910705,UNCLASSIFIED,-0.745563,-1.168637752532959
1936,907000,UNCLASSIFIED,2.376211,2.1182172298431396
1912,906846,UNCLASSIFIED,1.013289,1.4380018711090088
1563,908159,UNCLASSIFIED,4.156452,4.317174911499023
1091,909717,UNCLASSIFIED,1.101031,1.8158631324768066
1561,949164,UNCLASSIFIED,0.70858,0.6673040986061096
1855,687829,UNCLASSIFIED,4.458121,5.295947551727295
1068,907290,UNCLASSIFIED,1.865236,2.2461233139038086
1239,909717,UNCLASSIFIED,1.850352,1.9832894802093506
1912,946357,UNCLASSIFIED,1.872294,2.1487293243408203
1917,907796,UNCLASSIFIED,2.422478,1.3814630508422852
1034,906861,UNCLASSIFIED,-3.80809,-3.8326683044433594
1933,1298219,UNCLASSIFIED,7.010282,5.923764705657959
1054,1240215,UNCLASSIFIED,3.576838,4.3697967529296875
1630,906827,UNCLASSIFIED,2.569497,3.258798599243164
1073,906836,UNCLASSIFIED,-0.050631,0.298981636762619
1553,908143,UNCLASSIFIED,3.45135,3.0849390029907227
1268,684062,UNCLASSIFIED,5.363786,4.756640911102295
1939,924110,UNCLASSIFIED,2.205608,2.9452524185180664
1259,1331040,UNCLASSIFIED,-3.513934,-0.2706766724586487
1593,684052,UNCLASSIFIED,2.086288,1.5317928791046143
1631,910784,UNCLASSIFIED,6.031359,4.548961162567139
1190,909759,UNCLASSIFIED,-2.792371,-4.004724502563477
1909,909975,UNCLASSIFIED,3.715073,2.794585704803467
2046,908131,UNCLASSIFIED,3.895057,2.9368348121643066
1017,908127,UNCLASSIFIED,3.061079,3.0471179485321045
1006,908142,UNCLASSIFIED,-2.111924,0.5623711347579956
1512,687600,UNCLASSIFIED,5.515179,4.821932792663574
2107,908149,UNCLASSIFIED,4.947048,4.421911716461182
1618,908467,UNCLASSIFIED,3.51093,4.407451629638672
1549,908138,UNCLASSIFIED,2.212817,2.8528079986572266
1083,909722,UNCLASSIFIED,2.67459,0.5693771839141846
1919,909696,UNCLASSIFIED,0.99304,1.2236648797988892
1558,907000,UNCLASSIFIED,1.819426,2.507874011993408
1085,907268,UNCLASSIFIED,0.999329,1.5191478729248047
1593,908142,UNCLASSIFIED,0.470276,0.3120974004268646
1073,907268,UNCLASSIFIED,3.679761,2.3275859355926514
1032,949156,UNCLASSIFIED,1.738487,1.5295846462249756
1627,909759,UNCLASSIFIED,2.635566,2.4477133750915527
1598,907043,UNCLASSIFIED,2.829632,3.560016632080078
1088,910695,UNCLASSIFIED,5.906612,5.371181964874268
1093,906999,UNCLASSIFIED,4.444026,5.320016384124756
1011,908474,UNCLASSIFIED,2.783501,2.3652305603027344
1013,909779,UNCLASSIFIED,4.483288,3.374218463897705
1854,1290807,UNCLASSIFIED,5.268757,5.498213291168213
1613,906831,UNCLASSIFIED,-0.375629,1.5597987174987793
1576,909779,UNCLASSIFIED,3.310041,2.4397459030151367
1786,924186,UNCLASSIFIED,1.226077,2.6743273735046387
1054,724831,UNCLASSIFIED,2.638785,2.834959030151367
1190,910849,UNCLASSIFIED,-3.129946,-0.9140426516532898
1093,1322218,UNCLASSIFIED,3.695784,4.913760185241699
1932,909776,UNCLASSIFIED,3.695087,2.4306552410125732
1925,909977,UNCLASSIFIED,5.971172,5.7186102867126465
1553,1240128,UNCLASSIFIED,3.70221,2.830754280090332
1997,909769,UNCLASSIFIED,-0.43301,0.7284252047538757
2048,908158,UNCLASSIFIED,-5.730662,-5.317741870880127
1007,908467,UNCLASSIFIED,-5.672077,-4.01735258102417
1622,1240166,UNCLASSIFIED,2.911514,2.926959276199341
1237,909769,UNCLASSIFIED,5.720396,5.415848255157471
1507,906836,UNCLASSIFIED,1.961052,2.093923568725586
1053,907322,UNCLASSIFIED,3.486829,3.060925245285034
1168,908474,UNCLASSIFIED,3.485897,2.918398141860962
1852,684072,UNCLASSIFIED,4.960383,4.393149375915527
1799,909975,UNCLASSIFIED,5.993018,5.254337310791016
2044,724855,UNCLASSIFIED,5.074616,4.073418140411377
1013,905973,UNCLASSIFIED,5.237952,4.440410137176514
1598,909975,UNCLASSIFIED,5.101257,4.815814971923828
1930,909716,UNCLASSIFIED,0.87253,-0.39488720893859863
1017,909777,UNCLASSIFIED,4.095276,3.0459306240081787
1629,1240128,UNCLASSIFIED,4.810617,4.916086196899414
1558,946357,UNCLASSIFIED,2.409764,2.2728052139282227
1054,909754,UNCLASSIFIED,5.669981,5.993348598480225
1598,909717,UNCLASSIFIED,5.151171,4.185998439788818
1093,906852,UNCLASSIFIED,5.808022,5.242892265319824
1622,688121,UNCLASSIFIED,5.958461,5.1615309715271
1190,1331049,UNCLASSIFIED,-4.854471,-4.828671932220459
1080,909976,UNCLASSIFIED,-3.586042,-3.9355268478393555
1626,688121,UNCLASSIFIED,3.152783,4.217580318450928
1003,909977,UNCLASSIFIED,-1.221927,-1.0666313171386719
2111,907072,UNCLASSIFIED,0.969959,3.190002679824829
1996,905965,UNCLASSIFIED,2.014963,2.0644521713256836
1922,1240128,UNCLASSIFIED,3.239502,2.4892616271972656
1006,906838,UNCLASSIFIED,0.710197,0.17561136186122894
2096,1240128,UNCLASSIFIED,1.584328,1.8033857345581055
2107,906848,UNCLASSIFIED,4.88936,4.380119323730469
1915,906800,UNCLASSIFIED,2.107766,1.833667278289795
1093,907050,UNCLASSIFIED,7.192147,6.565641403198242
1911,907056,UNCLASSIFIED,-3.311807,-2.5895872116088867
1191,924186,UNCLASSIFIED,-4.741349,-5.502561569213867
1053,910401,UNCLASSIFIED,2.759602,2.266706705093384
1849,907056,UNCLASSIFIED,2.248014,0.8597594499588013
1012,907323,UNCLASSIFIED,0.753784,0.14669685065746307
1036,908459,UNCLASSIFIED,5.207579,4.565893650054932
2109,684072,UNCLASSIFIED,1.830332,1.7195954322814941
2110,1330933,UNCLASSIFIED,3.33286,3.022057056427002
1915,906853,UNCLASSIFIED,4.284007,3.6672472953796387
1010,924110,UNCLASSIFIED,3.467277,2.9836175441741943
1908,908127,UNCLASSIFIED,2.151447,3.254213809967041
1799,907073,UNCLASSIFIED,1.657666,2.6826577186584473
1131,1240166,UNCLASSIFIED,2.692263,1.8142035007476807
1177,906849,UNCLASSIFIED,3.143757,3.876485824584961
1617,684057,UNCLASSIFIED,0.99103,1.8833792209625244
1054,949165,UNCLASSIFIED,3.531091,3.4995346069335938
1560,949157,UNCLASSIFIED,2.008952,2.610607862472534
1629,909722,UNCLASSIFIED,3.574506,3.96718168258667
1191,1298539,UNCLASSIFIED,-2.462992,-3.7553272247314453
1054,1330933,UNCLASSIFIED,0.985929,1.4942686557769775
1013,924110,UNCLASSIFIED,2.504393,2.716165542602539
1373,908127,UNCLASSIFIED,5.177462,5.067428112030029
1180,949160,UNCLASSIFIED,-3.945302,-3.1783947944641113
1239,907796,UNCLASSIFIED,4.60373,2.6399712562561035
2096,909701,UNCLASSIFIED,1.949165,2.4120821952819824
1373,949161,UNCLASSIFIED,4.884881,5.1697001457214355
1083,907064,UNCLASSIFIED,4.506284,4.116452693939209
1507,908159,UNCLASSIFIED,3.974624,3.313778877258301
2046,687780,UNCLASSIFIED,2.532788,2.6215527057647705
1089,910906,UNCLASSIFIED,1.695187,1.3304908275604248
1916,724863,UNCLASSIFIED,2.200588,2.5117194652557373
1997,907290,UNCLASSIFIED,6.155915,5.937976837158203
1909,907064,UNCLASSIFIED,2.582802,2.0249621868133545
1003,925345,UNCLASSIFIED,0.587864,-0.2410096526145935
1054,906999,UNCLASSIFIED,3.670735,3.5847675800323486
1051,909262,UNCLASSIFIED,0.823708,0.6965498328208923
1190,1240140,UNCLASSIFIED,-3.14215,-2.929032802581787
1593,909720,UNCLASSIFIED,1.661292,1.9853920936584473
1917,908127,UNCLASSIFIED,1.891059,0.9766256809234619
1559,906804,UNCLASSIFIED,-4.220664,-3.7247281074523926
1862,906827,UNCLASSIFIED,-1.887309,-1.7505404949188232
1068,907044,UNCLASSIFIED,1.239409,0.10508993268013
1915,925343,UNCLASSIFIED,3.384781,3.2465806007385254
1849,906846,UNCLASSIFIED,-3.166258,-1.9315335750579834
2107,949163,UNCLASSIFIED,4.941715,4.276535511016846
1179,949165,UNCLASSIFIED,0.672722,1.0099372863769531
2110,908136,UNCLASSIFIED,4.103889,3.7766528129577637
1003,909976,UNCLASSIFIED,-3.229047,-3.73561954498291
1085,907064,UNCLASSIFIED,2.218189,1.8050413131713867
1564,1330933,UNCLASSIFIED,1.440254,0.6361689567565918
1925,907064,UNCLASSIFIED,5.138503,5.141294479370117
1622,909255,UNCLASSIFIED,3.049839,3.0680737495422363
1047,910401,UNCLASSIFIED,3.372991,4.537766933441162
1022,909759,UNCLASSIFIED,-0.626946,-0.4197181463241577
1200,924110,UNCLASSIFIED,1.63543,2.2178611755371094
1862,949163,UNCLASSIFIED,-1.907001,-1.5091843605041504
1058,907796,UNCLASSIFIED,2.092422,2.131791114807129
1916,949164,UNCLASSIFIED,1.829755,1.8720479011535645
1939,909776,UNCLASSIFIED,4.479072,4.273309230804443
1911,906847,UNCLASSIFIED,-5.645314,-5.069104194641113
1576,949155,UNCLASSIFIED,2.052541,2.284435749053955
1083,905965,UNCLASSIFIED,-2.5777,-0.07038658857345581
1068,949157,UNCLASSIFIED,1.345633,0.9951255917549133
1926,1290795,UNCLASSIFIED,0.081211,0.18213820457458496
1618,908127,UNCLASSIFIED,2.654088,3.685870409011841
1614,1303912,UNCLASSIFIED,1.848412,3.150097131729126
1613,1322218,UNCLASSIFIED,1.900167,1.2210514545440674
1849,910784,UNCLASSIFIED,-0.669511,-0.9530635476112366
1179,910906,UNCLASSIFIED,-1.292336,-0.9682161211967468
1512,908159,UNCLASSIFIED,4.59322,4.3494086265563965
1060,906853,UNCLASSIFIED,2.499528,2.652520179748535
1250,910851,UNCLASSIFIED,1.272167,0.8274848461151123
1862,684062,UNCLASSIFIED,-1.450256,-2.0085997581481934
1853,907047,UNCLASSIFIED,4.000736,4.550870895385742
1177,907000,UNCLASSIFIED,1.585132,2.633563280105591
2044,909696,UNCLASSIFIED,1.914362,2.4848098754882812
1635,910705,UNCLASSIFIED,4.09846,4.421472549438477
1873,949157,UNCLASSIFIED,1.324144,0.866907000541687
1940,949166,UNCLASSIFIED,4.822328,4.642487049102783
1180,906800,UNCLASSIFIED,-3.820049,-4.549045562744141
1079,907056,UNCLASSIFIED,2.455922,2.1999757289886475
1930,910695,UNCLASSIFIED,2.199235,2.2781267166137695
2045,684072,UNCLASSIFIED,4.207138,4.161217212677002
1093,1298219,UNCLASSIFIED,5.266221,5.1202497482299805
1578,1327774,UNCLASSIFIED,3.743363,3.441960096359253
1630,907047,UNCLASSIFIED,3.387903,2.201575756072998
1088,908159,UNCLASSIFIED,-0.782535,-0.1927793025970459
1084,753539,UNCLASSIFIED,-3.259922,-1.397364854812622
1936,908158,UNCLASSIFIED,2.101764,1.2866218090057373
2048,908136,UNCLASSIFIED,-4.72535,-4.604842185974121
1010,1290807,UNCLASSIFIED,4.756651,4.535440444946289
1005,906848,UNCLASSIFIED,3.384277,2.9848666191101074
1926,930082,UNCLASSIFIED,1.77445,0.041116178035736084
1177,1240128,UNCLASSIFIED,3.521438,4.684164047241211
2046,906856,UNCLASSIFIED,-3.590156,0.13752861320972443
2109,684059,UNCLASSIFIED,1.715296,1.8308837413787842
1915,906804,UNCLASSIFIED,3.246819,2.7449445724487305
2110,907000,UNCLASSIFIED,3.934425,4.006048202514648
1010,949158,UNCLASSIFIED,2.941023,3.1120569705963135
2047,724855,UNCLASSIFIED,0.330177,0.4061110317707062
1576,908142,UNCLASSIFIED,2.361119,1.335982084274292
1855,949163,UNCLASSIFIED,4.429669,3.377018451690674
1168,684059,UNCLASSIFIED,2.861423,2.117997407913208
1177,946361,UNCLASSIFIED,5.011822,4.487277030944824
1085,910706,UNCLASSIFIED,1.747025,1.2422674894332886
2109,908467,UNCLASSIFIED,2.772781,2.9954330921173096
1507,906800,UNCLASSIFIED,4.140655,3.5085315704345703
1625,1240128,UNCLASSIFIED,5.530353,5.262584686279297
1915,924186,UNCLASSIFIED,2.295868,2.5878753662109375
1916,724831,UNCLASSIFIED,4.477687,3.981078863143921
1080,906999,UNCLASSIFIED,-2.29595,-3.1996817588806152
1060,910942,UNCLASSIFIED,-0.110608,-0.28961068391799927
1049,908158,UNCLASSIFIED,1.725644,1.4075531959533691
1073,910706,UNCLASSIFIED,4.319236,3.281049966812134
1910,908142,UNCLASSIFIED,1.379408,1.9874320030212402
1598,949155,UNCLASSIFIED,3.616064,3.675879955291748
1007,909975,UNCLASSIFIED,-0.896913,-2.538458824157715
1635,908467,UNCLASSIFIED,5.219605,4.029252052307129
1915,949164,UNCLASSIFIED,2.07562,2.5330114364624023
2045,930082,UNCLASSIFIED,4.927526,4.9929375648498535
1054,907273,UNCLASSIFIED,1.19284,1.1997170448303223
1248,908131,UNCLASSIFIED,-6.885869,-4.988033294677734
1529,909776,UNCLASSIFIED,1.153286,1.6345486640930176
1089,1240144,UNCLASSIFIED,4.405291,3.9233717918395996
1559,907044,UNCLASSIFIED,-3.214023,-3.763888359069824
1004,1327774,UNCLASSIFIED,-5.693745,-5.248873233795166
2106,1290765,UNCLASSIFIED,2.565465,3.903447389602661
1625,910695,UNCLASSIFIED,4.227099,5.844145774841309
2106,909774,UNCLASSIFIED,3.497491,4.068648815155029
1928,905973,UNCLASSIFIED,6.047525,5.001640796661377
1941,909732,UNCLASSIFIED,-3.24027,-3.941826820373535
1083,906999,UNCLASSIFIED,4.35434,3.3721091747283936
1250,925341,UNCLASSIFIED,2.722845,2.0593104362487793
1004,908132,UNCLASSIFIED,-4.453225,-4.8730902671813965
1913,906847,UNCLASSIFIED,3.651852,3.801600217819214
1598,753607,UNCLASSIFIED,3.705668,3.679995536804199
1627,684052,UNCLASSIFIED,2.335958,2.2242207527160645
1918,909716,UNCLASSIFIED,2.833817,2.086054801940918
1926,1240215,UNCLASSIFIED,0.573616,0.18478819727897644
1051,910703,UNCLASSIFIED,1.499852,2.1624064445495605
1249,949166,UNCLASSIFIED,3.279145,3.6172118186950684
1199,909977,UNCLASSIFIED,4.26943,4.9290008544921875
1085,925343,UNCLASSIFIED,3.699536,3.482147693634033
1046,1240184,UNCLASSIFIED,2.674926,2.4243388175964355
1007,907043,UNCLASSIFIED,-4.609701,-5.885203838348389
1854,906831,UNCLASSIFIED,4.34804,3.7846360206604004
1614,971773,UNCLASSIFIED,4.515576,3.561197280883789
1093,909717,UNCLASSIFIED,5.244791,4.005362510681152
2096,1240149,UNCLASSIFIED,0.842301,0.8511074781417847
1613,905965,UNCLASSIFIED,1.592485,-0.16581064462661743
1046,910401,UNCLASSIFIED,0.657934,1.2503377199172974
1559,1298219,UNCLASSIFIED,-0.445721,0.3152996301651001
1932,1322218,UNCLASSIFIED,3.399382,2.9334683418273926
1919,687829,UNCLASSIFIED,2.496058,2.0998198986053467
1060,971773,UNCLASSIFIED,0.804564,0.8042728900909424
1057,908467,UNCLASSIFIED,-2.512167,-0.4743303656578064
1179,949166,UNCLASSIFIED,3.482797,3.716432571411133
1563,924186,UNCLASSIFIED,5.48942,5.262948036193848
1373,684062,UNCLASSIFIED,3.811266,3.9713997840881348
1635,909732,UNCLASSIFIED,5.434096,5.172066688537598
1622,949157,UNCLASSIFIED,5.398826,5.337357044219971
1057,910779,UNCLASSIFIED,0.479425,0.9879003167152405
1017,724831,UNCLASSIFIED,5.75903,5.239804744720459
1622,907056,UNCLASSIFIED,3.696545,4.79941987991333
1924,906848,UNCLASSIFIED,4.463218,3.8686516284942627
1004,909699,UNCLASSIFIED,-2.156768,-0.1348075568675995
1051,908143,UNCLASSIFIED,3.054797,2.5261435508728027
1913,905965,UNCLASSIFIED,3.347371,3.340341091156006
1916,908142,UNCLASSIFIED,1.983082,2.3805150985717773
1013,1290765,UNCLASSIFIED,4.145081,2.904226779937744
1598,949158,UNCLASSIFIED,3.956352,4.486380100250244
1093,1298352,UNCLASSIFIED,8.592591,8.502535820007324
2111,909777,UNCLASSIFIED,2.629291,1.9091639518737793
1557,910779,UNCLASSIFIED,5.986846,4.415665149688721
1085,907043,UNCLASSIFIED,2.169291,1.8839106559753418
1558,1327774,UNCLASSIFIED,3.780827,2.181339740753174
1131,909779,UNCLASSIFIED,6.642355,5.2398223876953125
1053,949166,UNCLASSIFIED,5.16295,3.8727946281433105
1630,907000,UNCLASSIFIED,1.580291,1.8286974430084229
1004,909977,UNCLASSIFIED,-0.104809,-0.8421503901481628
1032,909255,UNCLASSIFIED,1.358834,1.353109359741211
1034,1330935,UNCLASSIFIED,-3.348973,-3.778561592102051
1625,909707,UNCLASSIFIED,4.812742,4.228312969207764
1084,1290807,UNCLASSIFIED,-0.375798,-1.1743340492248535
1012,949163,UNCLASSIFIED,0.089988,0.5809741020202637
1054,908454,UNCLASSIFIED,3.470359,1.7884864807128906
1634,906852,UNCLASSIFIED,5.60958,5.192717552185059
2106,949165,UNCLASSIFIED,3.152329,2.6959800720214844
1511,1240184,UNCLASSIFIED,0.778779,-0.329645037651062
1624,909732,UNCLASSIFIED,3.951203,3.2183237075805664
1873,1290765,UNCLASSIFIED,1.346311,1.5857698917388916
1047,907290,UNCLASSIFIED,4.196282,4.054619789123535
1564,907273,UNCLASSIFIED,2.898353,2.7785608768463135
1073,910906,UNCLASSIFIED,3.55631,3.9519472122192383
2107,908467,UNCLASSIFIED,5.346011,4.116920471191406
1013,946357,UNCLASSIFIED,3.140833,2.6055312156677246
1011,684072,UNCLASSIFIED,-0.034106,0.2441270649433136
1034,909696,UNCLASSIFIED,-2.066729,-3.4408018589019775
1913,687600,UNCLASSIFIED,5.118227,4.208838939666748
1932,687600,UNCLASSIFIED,1.386397,1.9916558265686035
2107,1240166,UNCLASSIFIED,3.102121,4.274533748626709
1375,909769,UNCLASSIFIED,7.242138,6.536642074584961
1598,724855,UNCLASSIFIED,4.065321,4.062208652496338
1017,1290807,UNCLASSIFIED,3.312327,4.96992301940918
1549,684052,UNCLASSIFIED,4.634573,4.025577545166016
1007,949163,UNCLASSIFIED,-6.588696,-6.323770523071289
1625,906853,UNCLASSIFIED,6.634627,6.759124755859375
1190,908138,UNCLASSIFIED,0.173491,2.5766963958740234
1006,909255,UNCLASSIFIED,0.638218,0.11869756877422333
2047,1290795,UNCLASSIFIED,3.444147,2.73290753364563
1248,909699,UNCLASSIFIED,1.547823,-3.9832253456115723
1631,724863,UNCLASSIFIED,2.410035,3.4099628925323486
1635,907268,UNCLASSIFIED,3.704028,4.0975542068481445
1852,907047,UNCLASSIFIED,3.132013,4.822044372558594
2047,724863,UNCLASSIFIED,0.590365,0.2937978506088257
1916,907298,UNCLASSIFIED,2.988134,2.7592952251434326
1558,908454,UNCLASSIFIED,1.921365,1.899989128112793
1034,908159,UNCLASSIFIED,-2.419133,-3.993131637573242
1786,909264,UNCLASSIFIED,4.260164,3.869434118270874
1916,908156,UNCLASSIFIED,1.448646,2.2663958072662354
1561,907047,UNCLASSIFIED,1.78295,0.8598836660385132
1005,906846,UNCLASSIFIED,0.274615,0.2989831566810608
1012,907060,UNCLASSIFIED,1.039217,1.2705843448638916
1940,909977,UNCLASSIFIED,5.087004,4.614336967468262
2110,909769,UNCLASSIFIED,5.923795,5.197422981262207
1925,909759,UNCLASSIFIED,5.074439,4.985222816467285
1529,909732,UNCLASSIFIED,-0.822683,-0.8396005034446716
1618,949166,UNCLASSIFIED,3.515052,5.094481945037842
1011,910784,UNCLASSIFIED,1.624976,2.0329272747039795
1093,909976,UNCLASSIFIED,3.168554,3.709214448928833
1873,909717,UNCLASSIFIED,0.804515,1.1631450653076172
1996,1240215,UNCLASSIFIED,4.423798,4.199155330657959
1268,907047,UNCLASSIFIED,3.998306,3.951075553894043
2040,909716,UNCLASSIFIED,0.196582,0.5087838768959045
1249,971773,UNCLASSIFIED,2.366328,2.591022491455078
1558,907298,UNCLASSIFIED,1.693439,2.706387758255005
1594,906853,UNCLASSIFIED,6.239776,5.861067295074463
1855,909264,UNCLASSIFIED,3.592223,4.393847942352295
1512,909754,UNCLASSIFIED,6.831198,6.284908771514893
1996,1298219,UNCLASSIFIED,4.084165,5.155029296875
1927,1303912,UNCLASSIFIED,4.424275,4.7586541175842285
1928,909262,UNCLASSIFIED,2.961491,2.8286356925964355
1919,908131,UNCLASSIFIED,3.394714,2.1540918350219727
1930,930082,UNCLASSIFIED,-0.179928,-0.2494908571243286
1249,908467,UNCLASSIFIED,2.801605,3.509249448776245
1051,1240140,UNCLASSIFIED,3.277982,0.6332874298095703
2044,907072,UNCLASSIFIED,2.576673,2.757244348526001
1926,906847,UNCLASSIFIED,-0.459545,-0.17747795581817627
1925,908156,UNCLASSIFIED,3.930059,3.289734125137329
2043,910705,UNCLASSIFIED,4.143426,3.6556806564331055
1049,908159,UNCLASSIFIED,1.821555,2.4983325004577637
1624,909774,UNCLASSIFIED,3.213698,4.260154724121094
1915,906847,UNCLASSIFIED,3.00314,2.6701622009277344
1919,684072,UNCLASSIFIED,1.688423,1.3289177417755127
1862,684072,UNCLASSIFIED,-1.585093,-1.616694688796997
1910,1303912,UNCLASSIFIED,0.829175,1.1865744590759277
1060,909717,UNCLASSIFIED,-0.36284,0.5639723539352417
1507,925341,UNCLASSIFIED,5.175682,4.455826282501221
2110,1290795,UNCLASSIFIED,3.883154,4.192843437194824
1916,909779,UNCLASSIFIED,3.798652,4.326562404632568
1259,906800,UNCLASSIFIED,-4.125738,-2.698835611343384
1068,1330935,UNCLASSIFIED,1.625255,1.7822740077972412
1375,906853,UNCLASSIFIED,8.108557,7.326316833496094
1853,906831,UNCLASSIFIED,3.238817,3.515897750854492
1053,908136,UNCLASSIFIED,1.972872,1.4121382236480713
1558,908467,UNCLASSIFIED,4.353433,3.130410671234131
1909,907268,UNCLASSIFIED,1.534275,0.8171435594558716
1862,906838,UNCLASSIFIED,-2.448867,-1.6605894565582275
1068,949168,UNCLASSIFIED,1.518067,1.5113041400909424
1558,909720,UNCLASSIFIED,4.07911,4.048349857330322
1372,949167,UNCLASSIFIED,2.357882,2.20705246925354
2046,1240184,UNCLASSIFIED,3.434741,4.16703987121582
1618,1331049,UNCLASSIFIED,3.871863,3.3765296936035156
1091,949155,UNCLASSIFIED,0.319084,0.1374952495098114
1627,1290807,UNCLASSIFIED,2.53477,3.449296712875366
1091,909732,UNCLASSIFIED,3.725809,2.905564785003662
1199,909776,UNCLASSIFIED,4.048677,3.87028431892395
1049,1322218,UNCLASSIFIED,3.861738,3.8569247722625732
1558,925341,UNCLASSIFIED,3.726774,2.9882094860076904
1047,908143,UNCLASSIFIED,2.169156,3.4019551277160645
1910,906856,UNCLASSIFIED,-3.800903,-3.3312432765960693
1786,1330987,UNCLASSIFIED,0.615082,0.9588437080383301
1079,946361,UNCLASSIFIED,3.585876,3.044633626937866
1051,688121,UNCLASSIFIED,1.708969,1.6979756355285645
1239,724831,UNCLASSIFIED,2.834921,3.174074411392212
2046,684062,UNCLASSIFIED,2.831504,2.556663990020752
1180,1303896,UNCLASSIFIED,-3.872666,-4.1933441162109375
1799,909720,UNCLASSIFIED,5.490381,5.2963457107543945
1372,910695,UNCLASSIFIED,-0.313337,0.7792847156524658
1372,909262,UNCLASSIFIED,-0.241324,0.931526780128479
1010,930082,UNCLASSIFIED,2.292074,2.594996929168701
1088,908454,UNCLASSIFIED,-0.782109,0.9140729904174805
1913,907043,UNCLASSIFIED,4.534263,3.2922587394714355
1529,909785,UNCLASSIFIED,-1.31142,-1.861344337463379
1060,949157,UNCLASSIFIED,2.63579,2.694634437561035
1091,909262,UNCLASSIFIED,3.250497,2.926017999649048
1058,1240149,UNCLASSIFIED,0.842408,0.447914719581604
1918,909720,UNCLASSIFIED,3.423824,3.6710424423217773
1917,1240149,UNCLASSIFIED,1.092422,0.6847777962684631
1927,906800,UNCLASSIFIED,4.193955,3.7629971504211426
1558,907290,UNCLASSIFIED,4.290911,5.463977813720703
1855,1298219,UNCLASSIFIED,7.033837,5.540093898773193
1249,946361,UNCLASSIFIED,2.880997,2.243619441986084
1928,684072,UNCLASSIFIED,4.072568,3.7321271896362305
1925,910401,UNCLASSIFIED,3.574459,3.5118050575256348
1936,908459,UNCLASSIFIED,3.127455,2.6555721759796143
1512,907043,UNCLASSIFIED,4.473556,3.8049263954162598
1051,906831,UNCLASSIFIED,0.39269,0.48524707555770874
1259,1331039,UNCLASSIFIED,0.151925,0.16510474681854248
1036,907796,UNCLASSIFIED,5.736198,5.6514129638671875
1553,909785,UNCLASSIFIED,-1.390018,-1.5129129886627197
2043,909716,UNCLASSIFIED,3.921015,4.295626640319824
1627,910851,UNCLASSIFIED,3.227173,2.5663864612579346
1941,949161,UNCLASSIFIED,-4.143261,-4.358066558837891
1036,910942,UNCLASSIFIED,3.606019,3.0079288482666016
1259,907060,UNCLASSIFIED,3.230765,2.310925006866455
1563,908471,UNCLASSIFIED,5.159839,5.008572578430176
1073,909722,UNCLASSIFIED,1.489258,3.3424947261810303
1564,753539,UNCLASSIFIED,3.67582,4.14256477355957
1179,908142,UNCLASSIFIED,-0.934813,-0.579462468624115
1168,907273,UNCLASSIFIED,2.891176,1.6617276668548584
1915,1303896,UNCLASSIFIED,2.020623,1.3988559246063232
1930,906848,UNCLASSIFIED,-0.329412,-0.9143214821815491
1250,1240184,UNCLASSIFIED,1.719415,2.86747407913208
1512,907064,UNCLASSIFIED,5.286192,5.405512809753418
1510,909696,UNCLASSIFIED,2.177844,2.296793222427368
1626,687829,UNCLASSIFIED,5.669372,5.187938213348389
1005,924110,UNCLASSIFIED,2.717969,2.8519437313079834
1177,908138,UNCLASSIFIED,5.195802,5.085062026977539
1915,1240166,UNCLASSIFIED,2.274238,2.2365124225616455
1012,949168,UNCLASSIFIED,1.046794,1.0948866605758667
1916,971773,UNCLASSIFIED,3.019595,2.9788715839385986
1058,907044,UNCLASSIFIED,0.674177,1.0045514106750488
1557,907043,UNCLASSIFIED,4.185119,3.371192455291748
1624,1298534,UNCLASSIFIED,1.912731,2.639127492904663
1855,1240144,UNCLASSIFIED,4.82537,4.682042121887207
1928,906853,UNCLASSIFIED,6.186778,6.543429851531982
1051,1290807,UNCLASSIFIED,3.648046,1.4804410934448242
1862,1298539,UNCLASSIFIED,-1.086504,-1.259162425994873
1922,949166,UNCLASSIFIED,2.298117,3.3893136978149414
2110,1240128,UNCLASSIFIED,3.589711,4.049717903137207
1928,906804,UNCLASSIFIED,3.254223,3.297691822052002
1925,909754,UNCLASSIFIED,4.924786,5.8383893966674805
1022,684052,UNCLASSIFIED,-0.486324,0.07510033249855042
1558,1298539,UNCLASSIFIED,6.030222,5.289239883422852
1919,1330933,UNCLASSIFIED,1.338456,0.6586475372314453
1613,906846,UNCLASSIFIED,1.406367,1.2199989557266235
1036,910703,UNCLASSIFIED,4.439856,4.256617069244385
1051,906849,UNCLASSIFIED,3.425168,2.115928888320923
2044,908158,UNCLASSIFIED,1.294018,1.5121824741363525
1593,909731,UNCLASSIFIED,-0.179254,0.8335881233215332
1620,909977,UNCLASSIFIED,6.175323,5.750388145446777
1926,949167,UNCLASSIFIED,-0.412279,-0.298819363117218
1512,907069,UNCLASSIFIED,4.969546,5.337739944458008
1618,909756,UNCLASSIFIED,4.508181,5.044847011566162
2047,684059,UNCLASSIFIED,-0.004279,2.9074766635894775
1622,909722,UNCLASSIFIED,3.979345,3.3135757446289062
1557,724855,UNCLASSIFIED,5.583729,6.271886825561523
1034,684059,UNCLASSIFIED,-3.087494,-2.901475667953491
2040,946357,UNCLASSIFIED,-0.473479,-0.5130777359008789
1054,1240140,UNCLASSIFIED,2.361978,3.34808087348938
1088,907060,UNCLASSIFIED,1.872904,1.2539808750152588
1088,684062,UNCLASSIFIED,-0.313072,0.03655439615249634
1013,907273,UNCLASSIFIED,3.441685,2.578080892562866
1529,684062,UNCLASSIFIED,-0.916735,-1.3064744472503662
1933,908138,UNCLASSIFIED,6.240365,4.754100799560547
1925,1290765,UNCLASSIFIED,4.992433,4.940004348754883
1939,909977,UNCLASSIFIED,5.509815,3.6529808044433594
1996,908159,UNCLASSIFIED,3.376812,2.459009885787964
1912,1240215,UNCLASSIFIED,2.239681,1.8995988368988037
1873,907043,UNCLASSIFIED,-0.287775,0.516163170337677
1799,684057,UNCLASSIFIED,3.63044,4.365640640258789
1615,949163,UNCLASSIFIED,4.145135,4.623203277587891
1561,910703,UNCLASSIFIED,2.154553,1.5473418235778809
1512,910401,UNCLASSIFIED,3.702979,3.640911102294922
1237,907069,UNCLASSIFIED,5.377575,5.4530744552612305
1004,907047,UNCLASSIFIED,-4.932335,-5.909708499908447
1053,909759,UNCLASSIFIED,3.144374,3.254016160964966
1862,925341,UNCLASSIFIED,-1.182347,-1.302384376525879
1177,907796,UNCLASSIFIED,6.22133,5.525625705718994
1852,949157,UNCLASSIFIED,5.703508,5.703498840332031
1627,684072,UNCLASSIFIED,2.646251,2.3687803745269775
1507,1240166,UNCLASSIFIED,4.204855,3.8187522888183594
2110,906856,UNCLASSIFIED,3.819955,2.6111767292022705
2044,907056,UNCLASSIFIED,5.591276,2.4958608150482178
1598,909756,UNCLASSIFIED,4.000378,4.068661689758301
1080,1330935,UNCLASSIFIED,-2.74688,-2.7857439517974854
1618,907299,UNCLASSIFIED,2.688241,3.077756881713867
1268,907072,UNCLASSIFIED,4.402917,4.011321067810059
1559,1322218,UNCLASSIFIED,-3.218466,-3.5723249912261963
1855,906831,UNCLASSIFIED,4.08249,3.551299571990967
1621,909716,UNCLASSIFIED,5.068052,3.188049793243408
2044,907000,UNCLASSIFIED,2.582176,1.6936821937561035
1032,909262,UNCLASSIFIED,1.200606,1.2283759117126465
1933,1331039,UNCLASSIFIED,4.207688,4.44976806640625
1373,1331039,UNCLASSIFIED,5.608958,4.245668888092041
1507,924105,UNCLASSIFIED,3.288161,3.9626965522766113
1626,1290765,UNCLASSIFIED,1.765545,2.457576036453247
1003,907322,UNCLASSIFIED,-3.402329,-4.477356910705566
2111,907323,UNCLASSIFIED,2.774069,1.5133991241455078
1190,906853,UNCLASSIFIED,4.925232,5.416330814361572
1010,687600,UNCLASSIFIED,3.796755,4.159512042999268
1053,908127,UNCLASSIFIED,2.138348,1.6204957962036133
1916,753586,UNCLASSIFIED,3.343584,3.3235747814178467
1080,724831,UNCLASSIFIED,-2.385117,-2.5749707221984863
1085,908127,UNCLASSIFIED,2.044922,2.2985377311706543
1060,949164,UNCLASSIFIED,1.060479,1.2713602781295776
1088,910779,UNCLASSIFIED,4.939091,3.6302971839904785
1083,753539,UNCLASSIFIED,1.911976,1.5057129859924316
1093,907069,UNCLASSIFIED,4.74437,4.293036460876465
1511,909756,UNCLASSIFIED,-0.967416,-1.3035845756530762
1853,909722,UNCLASSIFIED,3.248104,3.967864513397217
1558,910401,UNCLASSIFIED,1.472903,2.016056537628174
1917,906847,UNCLASSIFIED,1.020549,1.488335132598877
1017,908467,UNCLASSIFIED,2.127509,1.9506566524505615
1013,687829,UNCLASSIFIED,3.652274,5.191569805145264
1626,908143,UNCLASSIFIED,0.897957,1.3339555263519287
1006,1322218,UNCLASSIFIED,-2.324651,-1.1755497455596924
1936,924110,UNCLASSIFIED,2.277847,1.2866542339324951
2048,909717,UNCLASSIFIED,-3.705102,-3.5143320560455322
1560,909756,UNCLASSIFIED,3.766647,4.90425443649292
1250,906848,UNCLASSIFIED,-0.019347,0.7640580534934998
1940,908138,UNCLASSIFIED,3.777709,3.5508389472961426
1614,909776,UNCLASSIFIED,3.694151,4.152993679046631
2106,949156,UNCLASSIFIED,3.625848,4.3557891845703125
1854,753539,UNCLASSIFIED,4.835528,4.319638729095459
1614,909976,UNCLASSIFIED,3.600639,3.3083183765411377
1268,1240215,UNCLASSIFIED,3.607155,4.630672931671143
1089,949163,UNCLASSIFIED,3.061316,2.512457847595215
1593,909779,UNCLASSIFIED,1.29369,1.5793735980987549
1093,908474,UNCLASSIFIED,4.748907,3.2929129600524902
1005,1290807,UNCLASSIFIED,4.342992,6.219771862030029
1916,925345,UNCLASSIFIED,3.286791,3.007603168487549
1080,924105,UNCLASSIFIED,-4.160817,-5.115959167480469
1068,906847,UNCLASSIFIED,0.75452,1.214194416999817
2109,909707,UNCLASSIFIED,2.917167,3.5083234310150146
1088,1240128,UNCLASSIFIED,1.100591,0.7755357027053833
1786,949157,UNCLASSIFIED,3.016083,4.775166988372803
2110,1303896,UNCLASSIFIED,1.7728,2.7172040939331055
1635,909777,UNCLASSIFIED,3.767636,4.152499198913574
1199,687600,UNCLASSIFIED,2.709318,4.0261311531066895
1909,909756,UNCLASSIFIED,2.770397,2.1505608558654785
1083,684052,UNCLASSIFIED,2.460314,2.662858247756958
1080,909756,UNCLASSIFIED,-1.082958,-0.7559993863105774
1925,1240140,UNCLASSIFIED,5.611336,5.587104797363281
1930,910779,UNCLASSIFIED,1.068398,2.6362814903259277
1853,1330935,UNCLASSIFIED,2.203237,3.0646352767944336
1576,910779,UNCLASSIFIED,3.321907,3.044261932373047
1553,907323,UNCLASSIFIED,2.931992,3.9202840328216553
1005,1303912,UNCLASSIFIED,4.089607,4.974152565002441
1080,949168,UNCLASSIFIED,-1.773746,-2.2952728271484375
1563,1303896,UNCLASSIFIED,4.083493,4.283400058746338
1932,909699,UNCLASSIFIED,3.421207,5.075830936431885
1620,907323,UNCLASSIFIED,4.564508,4.1305646896362305
1909,907290,UNCLASSIFIED,3.129273,2.439002513885498
1913,906836,UNCLASSIFIED,3.866707,2.7554562091827393
1179,908474,UNCLASSIFIED,-1.372816,-0.22019940614700317
1854,946361,UNCLASSIFIED,4.547943,4.975886344909668
1786,908159,UNCLASSIFIED,1.413728,2.0222387313842773
2040,1240149,UNCLASSIFIED,0.236869,0.2974196970462799
1511,906847,UNCLASSIFIED,-2.703803,-1.520500659942627
1199,907047,UNCLASSIFIED,3.262478,3.1398580074310303
1873,753539,UNCLASSIFIED,0.770256,0.8180427551269531
1084,925343,UNCLASSIFIED,-2.30146,-1.404155969619751
1997,924105,UNCLASSIFIED,4.043438,2.722515106201172
2109,907069,UNCLASSIFIED,2.177903,2.0080244541168213
1852,753586,UNCLASSIFIED,5.626996,5.535324573516846
1057,687829,UNCLASSIFIED,1.090176,-0.028068363666534424
1046,908143,UNCLASSIFIED,1.84555,2.48880672454834
1190,908142,UNCLASSIFIED,-4.193118,-2.698540210723877
2040,949158,UNCLASSIFIED,-0.244559,-0.2693324685096741
1510,924186,UNCLASSIFIED,3.917303,4.051215648651123
1046,1298539,UNCLASSIFIED,3.686097,3.297072172164917
1237,909977,UNCLASSIFIED,5.738876,5.686005115509033
2111,724831,UNCLASSIFIED,3.940178,3.8017327785491943
1268,1327774,UNCLASSIFIED,2.95198,3.5965676307678223
1034,907268,UNCLASSIFIED,-4.020325,-4.835855484008789
1927,910849,UNCLASSIFIED,4.567147,4.515711307525635
1022,925341,UNCLASSIFIED,-0.121156,0.21176031231880188
1089,906849,UNCLASSIFIED,3.057096,2.7700438499450684
1939,909731,UNCLASSIFIED,2.251671,2.325312852859497
1631,1331049,UNCLASSIFIED,2.885272,2.2527999877929688
1578,907047,UNCLASSIFIED,4.628107,4.978374481201172
1908,906838,UNCLASSIFIED,2.421615,1.6747751235961914
2048,909776,UNCLASSIFIED,-1.983447,-2.659935712814331
2047,949161,UNCLASSIFIED,0.746987,4.106191635131836
1936,906999,UNCLASSIFIED,2.825903,3.626256227493286
1373,1240128,UNCLASSIFIED,0.341756,3.752518892288208
1084,909785,UNCLASSIFIED,-6.272228,-5.520673751831055
1940,906836,UNCLASSIFIED,3.902671,2.527930736541748
1079,906853,UNCLASSIFIED,3.538862,3.166301727294922
1051,1298219,UNCLASSIFIED,3.770566,5.6558837890625
1079,906794,UNCLASSIFIED,1.526321,2.209423542022705
1873,909701,UNCLASSIFIED,0.125924,-0.0028834939002990723
1560,908127,UNCLASSIFIED,3.458505,2.8499948978424072
2107,910906,UNCLASSIFIED,4.533004,4.235742092132568
1268,910779,UNCLASSIFIED,5.93515,4.66306734085083
1131,908131,UNCLASSIFIED,3.709769,6.13477087020874
1060,949156,UNCLASSIFIED,2.818269,2.718618392944336
2046,1298539,UNCLASSIFIED,5.256139,5.661144256591797
1200,908459,UNCLASSIFIED,2.892192,3.135042905807495
1047,906800,UNCLASSIFIED,0.279019,-0.13335555791854858
1073,908143,UNCLASSIFIED,5.492377,4.645569801330566
1557,908142,UNCLASSIFIED,3.807021,3.9349961280822754
1630,908159,UNCLASSIFIED,1.000447,0.43921077251434326
1922,906847,UNCLASSIFIED,1.616638,1.976975679397583
1199,909255,UNCLASSIFIED,2.524683,3.0069515705108643
1200,907290,UNCLASSIFIED,3.798431,3.764246940612793
1940,687600,UNCLASSIFIED,4.248563,3.968310832977295
1635,906794,UNCLASSIFIED,5.034141,4.730885028839111
1578,908159,UNCLASSIFIED,3.213513,3.3765709400177
2109,910695,UNCLASSIFIED,1.941266,3.1193594932556152
2040,909717,UNCLASSIFIED,1.250732,0.9163777232170105
1085,907072,UNCLASSIFIED,1.663904,1.796647310256958
1933,924186,UNCLASSIFIED,5.24391,4.938728332519531
1928,909777,UNCLASSIFIED,2.547152,2.6996936798095703
1372,908471,UNCLASSIFIED,-0.014484,1.359383225440979
1625,908471,UNCLASSIFIED,3.840793,4.020203590393066
1012,949161,UNCLASSIFIED,0.350565,0.7181140184402466
1936,949163,UNCLASSIFIED,1.60463,1.8463659286499023
1919,910703,UNCLASSIFIED,1.298598,1.4211242198944092
1507,684059,UNCLASSIFIED,4.759947,4.301724433898926
1852,1240210,UNCLASSIFIED,4.845152,4.7365570068359375
1621,910706,UNCLASSIFIED,2.687182,2.384927272796631
1928,907069,UNCLASSIFIED,4.903716,5.074946403503418
1620,906831,UNCLASSIFIED,4.347953,3.7940738201141357
1083,908156,UNCLASSIFIED,-0.076666,-0.2676991820335388
1017,909756,UNCLASSIFIED,4.526554,4.197419166564941
1576,910695,UNCLASSIFIED,3.419314,3.4389734268188477
2107,684059,UNCLASSIFIED,4.901242,4.052680015563965
1849,907290,UNCLASSIFIED,-0.762027,-0.28424572944641113
1916,1331039,UNCLASSIFIED,2.392546,2.7944552898406982
1630,907796,UNCLASSIFIED,6.166744,5.131735801696777
1012,910705,UNCLASSIFIED,0.060178,-0.12387138605117798
1915,909701,UNCLASSIFIED,2.638415,2.0245072841644287
1621,724831,UNCLASSIFIED,3.979932,4.105260848999023
1179,949161,UNCLASSIFIED,1.308001,-0.22747153043746948
1010,925341,UNCLASSIFIED,3.436961,3.1728806495666504
1017,1331040,UNCLASSIFIED,1.117492,1.317061185836792
1060,909716,UNCLASSIFIED,0.987479,0.5456028580665588
1931,949155,UNCLASSIFIED,4.622561,4.253750324249268
1620,688121,UNCLASSIFIED,5.30115,5.878737449645996
1613,924110,UNCLASSIFIED,2.634678,3.2852447032928467
1786,930082,UNCLASSIFIED,3.094149,2.1871228218078613
1932,905973,UNCLASSIFIED,3.887391,3.590219259262085
1925,1330987,UNCLASSIFIED,3.049317,3.6447434425354004
1507,909255,UNCLASSIFIED,3.800542,3.997218132019043
1237,909696,UNCLASSIFIED,3.99552,3.983663558959961
1068,909977,UNCLASSIFIED,1.65081,2.5807061195373535
1922,907268,UNCLASSIFIED,1.271604,0.9792739152908325
1237,1298352,UNCLASSIFIED,8.741712,8.821318626403809
1862,949166,UNCLASSIFIED,-0.806406,-2.1086630821228027
1190,909720,UNCLASSIFIED,-3.071356,-1.1029636859893799
1199,908471,UNCLASSIFIED,2.824659,2.6231608390808105
1852,1240166,UNCLASSIFIED,3.724174,4.3804707527160645
2096,753539,UNCLASSIFIED,2.619787,3.1370880603790283
1594,949156,UNCLASSIFIED,5.931076,5.151819229125977
1199,909756,UNCLASSIFIED,3.353585,4.315982341766357
1924,687600,UNCLASSIFIED,0.276209,-1.1016876697540283
1553,1331040,UNCLASSIFIED,2.681859,2.0664751529693604
1180,909716,UNCLASSIFIED,-3.397246,-3.1231536865234375
1922,909717,UNCLASSIFIED,1.584531,1.6003544330596924
1915,906827,UNCLASSIFIED,2.260837,3.151073932647705
1578,906999,UNCLASSIFIED,5.559327,5.337128639221191
1939,753607,UNCLASSIFIED,1.480418,2.1695897579193115
1179,949155,UNCLASSIFIED,-0.223823,-0.35833269357681274
1239,753607,UNCLASSIFIED,2.301944,3.1464149951934814
2046,684052,UNCLASSIFIED,2.704866,2.472407579421997
1911,909976,UNCLASSIFIED,-6.55209,-5.960407733917236
1559,906853,UNCLASSIFIED,1.191078,2.3323042392730713
2096,909776,UNCLASSIFIED,2.080893,2.999927043914795
1507,908138,UNCLASSIFIED,5.093717,5.776664733886719
2107,909976,UNCLASSIFIED,4.684531,4.816901206970215
1635,684072,UNCLASSIFIED,4.961361,4.711971759796143
1598,909976,UNCLASSIFIED,3.11499,2.790139675140381
1199,907322,UNCLASSIFIED,2.367976,2.6540262699127197
1249,906849,UNCLASSIFIED,2.541438,3.353966236114502
1268,910695,UNCLASSIFIED,4.073118,5.015249729156494
1916,949163,UNCLASSIFIED,2.227773,1.6973750591278076
1561,908156,UNCLASSIFIED,1.194986,1.1349842548370361
1634,909756,UNCLASSIFIED,3.90425,4.676140308380127
1852,1240140,UNCLASSIFIED,4.798566,5.377938270568848
1634,684072,UNCLASSIFIED,4.676373,3.7863059043884277
1799,906800,UNCLASSIFIED,3.209795,3.032428741455078
1559,1290765,UNCLASSIFIED,-3.774478,-2.3632736206054688
1529,909759,UNCLASSIFIED,0.266883,0.4799789786338806
1626,905965,UNCLASSIFIED,-0.380368,-0.6963192820549011
1913,1240221,UNCLASSIFIED,4.129439,3.7011232376098633
1190,949167,UNCLASSIFIED,-5.11278,-4.141315937042236
1799,1298219,UNCLASSIFIED,6.419593,5.710545063018799
1180,906848,UNCLASSIFIED,-3.80792,-1.4783790111541748
1200,906861,UNCLASSIFIED,3.101563,3.1859517097473145
1507,908143,UNCLASSIFIED,5.514798,4.726894378662109
1911,1240149,UNCLASSIFIED,-4.934896,-6.770861625671387
1034,1240221,UNCLASSIFIED,-2.288976,-3.4128646850585938
1926,946357,UNCLASSIFIED,-0.489361,-0.30245256423950195
1559,905965,UNCLASSIFIED,-4.739111,-4.187789440155029
1873,910906,UNCLASSIFIED,0.505101,0.4804891049861908
1635,906800,UNCLASSIFIED,3.759904,4.234646320343018
1625,924110,UNCLASSIFIED,5.196825,4.925748348236084
1089,971773,UNCLASSIFIED,1.962487,2.735597610473633
1560,1298539,UNCLASSIFIED,5.338608,5.289952754974365
1060,908159,UNCLASSIFIED,-0.023222,-0.6976116299629211
1177,1303912,UNCLASSIFIED,4.860397,4.0032057762146
1200,1303896,UNCLASSIFIED,2.191105,1.4149696826934814
1996,924110,UNCLASSIFIED,2.326723,2.55904483795166
1626,908159,UNCLASSIFIED,-2.018082,-1.929030418395996
1615,949168,UNCLASSIFIED,4.617343,5.005742073059082
1093,684059,UNCLASSIFIED,2.327016,3.202563762664795
1200,909779,UNCLASSIFIED,3.406748,3.044027328491211
1615,949167,UNCLASSIFIED,4.897574,4.705564498901367
1011,1240149,UNCLASSIFIED,1.77436,2.0540928840637207
2096,909255,UNCLASSIFIED,2.711281,2.455364465713501
1259,908143,UNCLASSIFIED,2.986558,2.1043763160705566
1083,909975,UNCLASSIFIED,5.329448,5.627202033996582
1199,909701,UNCLASSIFIED,2.604783,2.9191203117370605
1635,907290,UNCLASSIFIED,6.216136,6.22451114654541
1917,1331049,UNCLASSIFIED,0.315626,0.34719496965408325
1635,909701,UNCLASSIFIED,4.217906,4.242917060852051
1852,1298539,UNCLASSIFIED,6.122956,5.868113040924072
1873,907000,UNCLASSIFIED,0.410063,0.4675525724887848
1634,949163,UNCLASSIFIED,4.045328,3.4874000549316406
1940,753607,UNCLASSIFIED,4.915236,4.257127285003662
1200,925343,UNCLASSIFIED,3.178372,3.60122013092041
2044,684072,UNCLASSIFIED,2.003739,2.332303762435913
1046,909759,UNCLASSIFIED,2.069755,0.634200930595398
2109,971773,UNCLASSIFIED,1.826991,1.7821502685546875
1932,724831,UNCLASSIFIED,4.016787,3.381796360015869
1926,949155,UNCLASSIFIED,-1.151075,-1.1154909133911133
1017,908454,UNCLASSIFIED,2.04058,2.595245838165283
1563,908467,UNCLASSIFIED,5.631853,4.416278839111328
1919,910942,UNCLASSIFIED,1.756287,1.8761467933654785
1557,949156,UNCLASSIFIED,5.686984,4.867556571960449
2110,1298539,UNCLASSIFIED,5.349429,5.544654369354248
2109,910906,UNCLASSIFIED,1.749915,2.1179840564727783
1058,1290807,UNCLASSIFIED,0.598235,0.4339129328727722
1918,907072,UNCLASSIFIED,1.396749,1.7936999797821045
2047,1298219,UNCLASSIFIED,3.543559,5.189952850341797
1561,909785,UNCLASSIFIED,-3.719256,-3.724046230316162
1578,949167,UNCLASSIFIED,5.305616,4.655223369598389
1930,1240149,UNCLASSIFIED,-1.018607,-0.4618114233016968
1933,1240140,UNCLASSIFIED,5.162958,5.234121322631836
1036,908156,UNCLASSIFIED,1.847454,2.236734628677368
1007,909759,UNCLASSIFIED,-5.405769,-5.920807361602783
1563,910851,UNCLASSIFIED,5.189014,5.82317590713501
1853,1298352,UNCLASSIFIED,6.101802,7.950803756713867
1635,930082,UNCLASSIFIED,4.150843,4.954039096832275
1034,1331049,UNCLASSIFIED,-3.41056,-2.986924171447754
1799,907796,UNCLASSIFIED,4.069725,6.968963623046875
1054,907047,UNCLASSIFIED,4.012229,3.065586566925049
1631,909716,UNCLASSIFIED,3.079946,2.5274500846862793
1036,906848,UNCLASSIFIED,3.492691,4.1711649894714355
1626,949163,UNCLASSIFIED,3.017913,1.9638206958770752
1928,907043,UNCLASSIFIED,2.30869,2.2882113456726074
1011,906848,UNCLASSIFIED,-2.289524,-0.8634461760520935
1131,910906,UNCLASSIFIED,1.860982,1.9209840297698975
1268,906827,UNCLASSIFIED,3.375961,4.535633563995361
1011,924110,UNCLASSIFIED,-1.236387,0.17772582173347473
1006,906836,UNCLASSIFIED,-1.776327,-2.0318448543548584
1093,949158,UNCLASSIFIED,1.848594,3.628378391265869
1855,906847,UNCLASSIFIED,3.031203,3.7386879920959473
1259,908467,UNCLASSIFIED,-0.083361,0.14657039940357208
1936,908131,UNCLASSIFIED,3.439989,2.242284059524536
1046,909769,UNCLASSIFIED,3.448423,3.6867175102233887
1068,907050,UNCLASSIFIED,3.520559,3.259575843811035
1199,1331049,UNCLASSIFIED,2.920507,2.642996072769165
1941,949158,UNCLASSIFIED,-6.142407,-4.9109601974487305
2096,907796,UNCLASSIFIED,2.173357,4.641761302947998
1912,949167,UNCLASSIFIED,1.74239,1.4384493827819824
1561,909754,UNCLASSIFIED,2.111047,2.971710205078125
1930,908138,UNCLASSIFIED,0.927251,0.3872373402118683
1089,684059,UNCLASSIFIED,2.131609,2.145716667175293
1089,924186,UNCLASSIFIED,2.297627,2.5453085899353027
1855,1240128,UNCLASSIFIED,6.258841,4.02515172958374
2107,907056,UNCLASSIFIED,5.224994,4.846053123474121
1049,688121,UNCLASSIFIED,5.375254,4.216602325439453
1927,925345,UNCLASSIFIED,4.23584,3.8702826499938965
1621,910705,UNCLASSIFIED,2.587951,2.8793163299560547
1932,906838,UNCLASSIFIED,1.717149,1.8783977031707764
1054,906861,UNCLASSIFIED,2.618796,4.121469497680664
1910,906846,UNCLASSIFIED,2.284844,2.794633388519287
1036,910401,UNCLASSIFIED,3.781187,4.0133748054504395
1996,907000,UNCLASSIFIED,2.756331,3.14860463142395
2107,909785,UNCLASSIFIED,4.042124,3.4737017154693604
1622,907323,UNCLASSIFIED,2.879668,2.6186084747314453
1511,925345,UNCLASSIFIED,-0.279844,-1.4840443134307861
1855,909720,UNCLASSIFIED,6.012602,4.5815205574035645
2106,909732,UNCLASSIFIED,3.268882,3.4134771823883057
1083,909777,UNCLASSIFIED,0.918413,1.8162729740142822
1933,949160,UNCLASSIFIED,4.668831,3.4618940353393555
1626,906831,UNCLASSIFIED,-0.352992,0.9791008234024048
1614,924110,UNCLASSIFIED,3.33107,3.8473949432373047
1631,924110,UNCLASSIFIED,4.092258,3.697582721710205
1558,908459,UNCLASSIFIED,5.935418,3.773430347442627
1940,906846,UNCLASSIFIED,5.254768,4.074488162994385
1085,1240140,UNCLASSIFIED,2.542909,2.505650281906128
1932,684062,UNCLASSIFIED,-0.315168,0.18079189956188202
1036,909777,UNCLASSIFIED,3.455459,3.3823723793029785
1936,688121,UNCLASSIFIED,2.225363,3.6910622119903564
1919,907290,UNCLASSIFIED,1.676127,3.131010055541992
1060,910779,UNCLASSIFIED,0.457746,2.1107325553894043
1932,1327774,UNCLASSIFIED,3.784432,3.319520950317383
1627,907322,UNCLASSIFIED,1.643528,2.1926236152648926
1017,909732,UNCLASSIFIED,4.664757,4.2466888427734375
1003,909756,UNCLASSIFIED,-3.816316,-2.4008162021636963
1372,909717,UNCLASSIFIED,-0.061512,0.8275395631790161
1913,907323,UNCLASSIFIED,3.941493,3.5408713817596436
1561,907268,UNCLASSIFIED,1.071611,0.8402689099311829
1051,1290765,UNCLASSIFIED,0.276687,1.665816068649292
1594,910703,UNCLASSIFIED,5.363353,4.145030498504639
1852,909774,UNCLASSIFIED,6.309133,6.011996269226074
1549,910779,UNCLASSIFIED,5.368075,5.481398582458496
1058,753607,UNCLASSIFIED,0.796131,0.6501873731613159
1997,1240128,UNCLASSIFIED,4.439101,4.338572978973389
1941,910779,UNCLASSIFIED,-6.265342,-2.3382654190063477
1073,924105,UNCLASSIFIED,3.846313,3.562312364578247
1007,946361,UNCLASSIFIED,-3.815648,-4.7998809814453125
1996,1240140,UNCLASSIFIED,5.506319,4.483522415161133
1200,908131,UNCLASSIFIED,2.349611,2.9424633979797363
1917,949165,UNCLASSIFIED,1.954046,1.124169111251831
1615,1330935,UNCLASSIFIED,2.545676,3.5094895362854004
1862,909716,UNCLASSIFIED,-0.689705,-1.2994742393493652
1930,907069,UNCLASSIFIED,0.42574,-0.3165179491043091
1634,907064,UNCLASSIFIED,3.713659,4.423207759857178
1613,1298534,UNCLASSIFIED,5.866591,3.8629236221313477
1012,909717,UNCLASSIFIED,1.755351,1.7231330871582031
2110,909701,UNCLASSIFIED,2.981813,2.63893461227417
1615,909779,UNCLASSIFIED,5.685921,5.5207319259643555
2044,1331040,UNCLASSIFIED,2.650408,1.5872302055358887
1507,1330987,UNCLASSIFIED,3.443702,3.38173508644104
1083,1240128,UNCLASSIFIED,3.003457,2.9555888175964355
1549,949168,UNCLASSIFIED,5.02712,4.756264686584473
2096,910784,UNCLASSIFIED,3.465695,3.5991744995117188
1615,910705,UNCLASSIFIED,3.800714,3.9299447536468506
1010,909777,UNCLASSIFIED,3.019682,2.919706344604492
1068,908136,UNCLASSIFIED,-0.152991,0.5501214265823364
1620,908142,UNCLASSIFIED,4.079953,4.163900375366211
1922,924110,UNCLASSIFIED,2.129997,1.1815404891967773
1918,946361,UNCLASSIFIED,3.527805,4.3384480476379395
1091,909707,UNCLASSIFIED,1.988878,2.1647872924804688
1083,1240184,UNCLASSIFIED,3.983213,3.3091583251953125
1177,910942,UNCLASSIFIED,2.145447,2.2087483406066895
1011,1240166,UNCLASSIFIED,1.90032,1.9404549598693848
2096,906848,UNCLASSIFIED,2.476512,0.5057773590087891
2045,910784,UNCLASSIFIED,4.36702,5.682195663452148
2096,907056,UNCLASSIFIED,3.209374,3.706674337387085
1613,946361,UNCLASSIFIED,2.004467,2.1680660247802734
1073,907064,UNCLASSIFIED,6.835649,6.019251346588135
1917,949166,UNCLASSIFIED,1.735609,2.730516195297241
1927,1240210,UNCLASSIFIED,3.351826,3.9632344245910645
1034,949160,UNCLASSIFIED,-1.601801,-3.303922653198242
1629,906846,UNCLASSIFIED,3.970932,4.194700717926025
1560,753539,UNCLASSIFIED,4.558136,4.715977191925049
1179,1290807,UNCLASSIFIED,3.38716,1.9855921268463135
1034,1240215,UNCLASSIFIED,-4.996167,-5.320822715759277
1997,909264,UNCLASSIFIED,3.706521,4.276488304138184
1057,906827,UNCLASSIFIED,-3.145611,-2.6087355613708496
1177,909774,UNCLASSIFIED,5.27928,5.191278457641602
1032,924105,UNCLASSIFIED,-1.403651,-1.5380423069000244
1549,687780,UNCLASSIFIED,4.751963,4.338166236877441
1372,930082,UNCLASSIFIED,-0.684353,0.07383540272712708
2048,907299,UNCLASSIFIED,-2.12054,-4.6779465675354
1924,907323,UNCLASSIFIED,3.290035,4.241295337677002
1915,905973,UNCLASSIFIED,4.030738,3.8638994693756104
1915,909769,UNCLASSIFIED,1.805795,3.1460537910461426
1621,949160,UNCLASSIFIED,4.813089,2.955713987350464
1010,910779,UNCLASSIFIED,4.082503,4.645962715148926
1200,908158,UNCLASSIFIED,2.352267,1.939561367034912
1930,909732,UNCLASSIFIED,-0.271214,0.05075591802597046
1022,906827,UNCLASSIFIED,-1.054905,-0.7479586005210876
1199,909732,UNCLASSIFIED,4.047063,4.434992790222168
1909,906853,UNCLASSIFIED,1.999173,2.2864880561828613
1624,1298219,UNCLASSIFIED,5.74932,6.014906406402588
1927,949161,UNCLASSIFIED,4.308741,4.778564453125
1615,906804,UNCLASSIFIED,4.073794,5.140026569366455
1614,907322,UNCLASSIFIED,4.573915,2.9907386302948
1079,909777,UNCLASSIFIED,-0.540131,1.2403934001922607
1933,909756,UNCLASSIFIED,6.36555,3.690592050552368
2106,1331049,UNCLASSIFIED,-0.06517,1.440490484237671
1005,909977,UNCLASSIFIED,5.276883,5.1189351081848145
1375,909731,UNCLASSIFIED,5.530112,4.816731929779053
1629,907047,UNCLASSIFIED,4.940292,4.919426441192627
2110,1240140,UNCLASSIFIED,3.200276,4.622559070587158
1933,1303896,UNCLASSIFIED,1.944387,3.2456443309783936
1047,907268,UNCLASSIFIED,3.450428,3.0446529388427734
1941,909774,UNCLASSIFIED,-4.728786,-4.568762302398682
1928,684059,UNCLASSIFIED,3.35958,3.3638529777526855
1635,910401,UNCLASSIFIED,3.099126,3.6027274131774902
1191,1327774,UNCLASSIFIED,-4.483034,-5.722021102905273
1922,910705,UNCLASSIFIED,1.702821,1.42976713180542
1932,909732,UNCLASSIFIED,5.185067,4.210281848907471
1933,949166,UNCLASSIFIED,5.781967,4.548126220703125
1512,909777,UNCLASSIFIED,4.686212,4.1035284996032715
1091,908136,UNCLASSIFIED,1.595649,2.040588140487671
1010,909774,UNCLASSIFIED,4.649576,4.356624603271484
1190,909696,UNCLASSIFIED,-3.275783,-3.0970935821533203
1622,949155,UNCLASSIFIED,4.565473,3.390702962875366
1928,907268,UNCLASSIFIED,1.930674,2.614955186843872
1996,907060,UNCLASSIFIED,3.039515,2.435624599456787
1007,1240140,UNCLASSIFIED,-5.535991,-5.583613395690918
2045,906853,UNCLASSIFIED,7.086069,6.15042781829834
2047,909699,UNCLASSIFIED,4.655556,3.4651670455932617
1629,910779,UNCLASSIFIED,4.946878,5.2066569328308105
1549,909720,UNCLASSIFIED,4.863186,5.27876091003418
1249,1330935,UNCLASSIFIED,1.862202,1.3289735317230225
1180,949165,UNCLASSIFIED,-1.974274,-2.015702486038208
1917,1331040,UNCLASSIFIED,-0.725249,0.15296584367752075
1060,688121,UNCLASSIFIED,2.4271,2.1000304222106934
1088,1331049,UNCLASSIFIED,-0.590119,0.31857362389564514
2110,909720,UNCLASSIFIED,5.097088,4.884550094604492
1852,906847,UNCLASSIFIED,3.793842,4.933097839355469
1529,907047,UNCLASSIFIED,-2.210647,-1.1968448162078857
2109,909701,UNCLASSIFIED,1.548499,1.5599102973937988
1510,909977,UNCLASSIFIED,4.903703,4.89620304107666
1620,949160,UNCLASSIFIED,4.606814,4.6014509201049805
1617,908142,UNCLASSIFIED,0.460011,1.1920605897903442
1912,924105,UNCLASSIFIED,2.822662,2.160616159439087
1931,908474,UNCLASSIFIED,5.161664,4.913307189941406
1131,906856,UNCLASSIFIED,3.657487,2.849203586578369
1549,907043,UNCLASSIFIED,2.08457,3.55416202545166
1006,909754,UNCLASSIFIED,3.42416,5.733218193054199
1054,909720,UNCLASSIFIED,4.494422,3.5569708347320557
1631,906852,UNCLASSIFIED,3.410082,2.9936740398406982
1908,906800,UNCLASSIFIED,1.172316,1.3491265773773193
1259,909701,UNCLASSIFIED,0.051349,-0.06506544351577759
1553,907056,UNCLASSIFIED,1.848142,1.9788703918457031
1373,908459,UNCLASSIFIED,5.709472,5.63082218170166
1237,1322218,UNCLASSIFIED,4.835014,4.434503555297852
1511,924110,UNCLASSIFIED,0.407961,-0.4394712448120117
1563,906852,UNCLASSIFIED,6.209502,6.432130813598633
2111,1330935,UNCLASSIFIED,1.743339,2.250575542449951
1036,908136,UNCLASSIFIED,4.510386,4.5438008308410645
2043,971773,UNCLASSIFIED,2.95066,3.2423105239868164
1624,906853,UNCLASSIFIED,6.868703,6.275328159332275
1191,971773,UNCLASSIFIED,-5.830709,-5.003456115722656
1941,906831,UNCLASSIFIED,-1.859736,-4.580026626586914
2045,909717,UNCLASSIFIED,5.135294,4.213069438934326
1854,906861,UNCLASSIFIED,5.258381,4.712656497955322
1615,910942,UNCLASSIFIED,3.085529,3.777479887008667
1940,684072,UNCLASSIFIED,3.142458,3.587388515472412
1007,906800,UNCLASSIFIED,-6.832959,-6.764623641967773
1924,949161,UNCLASSIFIED,1.956675,2.3629775047302246
1529,910942,UNCLASSIFIED,1.762647,-0.5230185389518738
1799,949166,UNCLASSIFIED,5.860681,5.887990474700928
1085,905973,UNCLASSIFIED,2.95225,3.3775477409362793
1058,949161,UNCLASSIFIED,0.534649,0.4580616056919098
1005,906831,UNCLASSIFIED,0.980791,1.1203302145004272
1624,1240221,UNCLASSIFIED,1.928064,2.444528341293335
1006,1298219,UNCLASSIFIED,4.318062,5.646492958068848
1622,724863,UNCLASSIFIED,4.916778,4.33247709274292
1512,907044,UNCLASSIFIED,4.248554,4.225169658660889
1909,908459,UNCLASSIFIED,3.154974,2.132167339324951
1046,909977,UNCLASSIFIED,3.833784,4.72910213470459
1918,907064,UNCLASSIFIED,4.346603,4.167141914367676
1068,684059,UNCLASSIFIED,0.359041,0.43062204122543335
1559,1330987,UNCLASSIFIED,-3.951622,-3.561384916305542
1068,684057,UNCLASSIFIED,1.21802,0.23962847888469696
1013,907000,UNCLASSIFIED,1.704721,3.0544185638427734
1005,906836,UNCLASSIFIED,-0.267635,0.19746661186218262
1558,687600,UNCLASSIFIED,4.801944,3.9528775215148926
1005,753586,UNCLASSIFIED,3.952592,4.675699234008789
1559,909779,UNCLASSIFIED,3.313237,0.06263783574104309
1549,1240166,UNCLASSIFIED,3.963773,3.3708486557006836
1512,910703,UNCLASSIFIED,3.887045,4.7867937088012695
1940,924105,UNCLASSIFIED,1.945609,3.0847485065460205
1510,909976,UNCLASSIFIED,3.410147,3.0144197940826416
2096,949165,UNCLASSIFIED,3.677471,3.340855836868286
1911,907044,UNCLASSIFIED,-7.928816,-6.605655193328857
1913,1290795,UNCLASSIFIED,4.953611,4.520961761474609
1191,906999,UNCLASSIFIED,-3.34087,-5.0080461502075195
1576,684052,UNCLASSIFIED,2.434809,2.2372114658355713
2109,1290807,UNCLASSIFIED,3.764642,3.293304920196533
1089,907072,UNCLASSIFIED,3.925223,2.325460433959961
1614,724855,UNCLASSIFIED,6.016055,4.458509922027588
1593,910942,UNCLASSIFIED,-0.287683,0.08641922473907471
1010,908143,UNCLASSIFIED,3.713713,3.361642360687256
1046,684052,UNCLASSIFIED,1.570353,1.1336262226104736
1200,724831,UNCLASSIFIED,3.608159,3.411782741546631
1088,909769,UNCLASSIFIED,4.459308,5.200218677520752
1631,908459,UNCLASSIFIED,3.132502,3.6368250846862793
1933,909732,UNCLASSIFIED,5.427781,4.451418399810791
1068,1330933,UNCLASSIFIED,-0.437533,0.7073231935501099
1913,908131,UNCLASSIFIED,4.438657,4.7960309982299805
1089,949167,UNCLASSIFIED,1.562147,2.657456159591675
1873,1330987,UNCLASSIFIED,-0.589575,0.003441452980041504
2044,909754,UNCLASSIFIED,4.388204,4.090389251708984
1003,684072,UNCLASSIFIED,-5.109751,-5.28591775894165
1190,907000,UNCLASSIFIED,-3.681984,-4.218618392944336
1910,908131,UNCLASSIFIED,3.579692,2.492501735687256
1786,949163,UNCLASSIFIED,1.001181,0.822568416595459
1372,946357,UNCLASSIFIED,-0.584121,0.2520146667957306
1617,909759,UNCLASSIFIED,1.707682,-0.1167876124382019
1561,1331049,UNCLASSIFIED,1.081169,1.6097450256347656
1913,905973,UNCLASSIFIED,4.780524,5.092585563659668
1131,907050,UNCLASSIFIED,6.814636,7.911935806274414
1131,949168,UNCLASSIFIED,3.70294,5.991556167602539
2046,1331039,UNCLASSIFIED,1.18733,1.9710299968719482
1627,906848,UNCLASSIFIED,2.048478,2.0056588649749756
1512,908474,UNCLASSIFIED,5.255104,4.690218925476074
2044,909707,UNCLASSIFIED,4.511627,3.8896126747131348
1924,908131,UNCLASSIFIED,4.064362,3.782557487487793
1631,924105,UNCLASSIFIED,1.682591,1.7115685939788818
1239,905973,UNCLASSIFIED,4.340577,4.1733293533325195
1933,906794,UNCLASSIFIED,5.03249,4.177262783050537
1091,908471,UNCLASSIFIED,2.1879,2.1738040447235107
1563,1298539,UNCLASSIFIED,6.366601,6.457428932189941
1932,908142,UNCLASSIFIED,2.547332,2.182556629180908
1057,925343,UNCLASSIFIED,-2.156941,-1.3654916286468506
1510,687829,UNCLASSIFIED,4.796236,4.327700614929199
1940,946361,UNCLASSIFIED,4.010201,4.611464500427246
2043,1240140,UNCLASSIFIED,5.60548,5.656224727630615
1625,1290807,UNCLASSIFIED,6.235771,4.999943256378174
1375,908142,UNCLASSIFIED,5.033588,4.863769054412842
1625,724831,UNCLASSIFIED,3.907086,4.400370121002197
1635,946361,UNCLASSIFIED,5.163002,5.382305145263672
1799,906848,UNCLASSIFIED,4.934363,4.034477233886719
1941,909769,UNCLASSIFIED,-5.344927,-3.9019179344177246
1032,907064,UNCLASSIFIED,3.691317,2.8501791954040527
1563,924110,UNCLASSIFIED,5.468183,5.33359432220459
1199,906999,UNCLASSIFIED,4.25135,5.06855583190918
1909,910779,UNCLASSIFIED,3.625888,2.9265944957733154
1084,907268,UNCLASSIFIED,-6.699022,-5.783474922180176
1248,753586,UNCLASSIFIED,-3.703877,-4.5362982749938965
1375,909777,UNCLASSIFIED,5.155458,5.05118465423584
1931,909699,UNCLASSIFIED,7.085387,6.972106456756592
1006,907322,UNCLASSIFIED,-0.938455,0.604392945766449
1560,907000,UNCLASSIFIED,1.517729,2.6575615406036377
1093,909720,UNCLASSIFIED,4.354229,4.850138187408447
1084,1331049,UNCLASSIFIED,-6.59469,-4.875973701477051
1036,949155,UNCLASSIFIED,4.453995,4.118387222290039
1634,909759,UNCLASSIFIED,4.926883,4.841997146606445
1622,909701,UNCLASSIFIED,2.547033,3.1957201957702637
1512,909785,UNCLASSIFIED,3.182427,3.6014609336853027
1003,908454,UNCLASSIFIED,-3.995591,-2.7375922203063965
1131,1240215,UNCLASSIFIED,3.153705,4.329463481903076
1068,908132,UNCLASSIFIED,0.622194,0.7065491676330566
1057,1327774,UNCLASSIFIED,0.088121,-0.3070686459541321
1093,905965,UNCLASSIFIED,2.648507,2.2237324714660645
1613,909732,UNCLASSIFIED,2.491622,2.143533706665039
1237,908142,UNCLASSIFIED,3.579992,3.942692518234253
1855,684062,UNCLASSIFIED,3.844115,3.714731454849243
2107,688121,UNCLASSIFIED,6.342535,5.777698516845703
1624,907073,UNCLASSIFIED,3.115983,2.5148932933807373
1248,909769,UNCLASSIFIED,-0.54734,-2.5479846000671387
1200,906800,UNCLASSIFIED,1.410647,1.7009847164154053
1932,684059,UNCLASSIFIED,1.588427,2.1701607704162598
1627,909977,UNCLASSIFIED,3.835865,3.304713487625122
1006,687829,UNCLASSIFIED,4.651491,4.0450825691223145
1180,909696,UNCLASSIFIED,-3.663064,-4.338918685913086
1004,684072,UNCLASSIFIED,-5.162206,-6.044535160064697
1529,909774,UNCLASSIFIED,-0.955596,0.2871772050857544
1620,909976,UNCLASSIFIED,4.295688,4.7291998863220215
1529,906846,UNCLASSIFIED,-2.037758,-1.7570366859436035
1862,1331039,UNCLASSIFIED,-2.338746,-1.4809455871582031
1080,949163,UNCLASSIFIED,-4.900067,-5.3075103759765625
1635,907073,UNCLASSIFIED,4.095944,4.139560222625732
1054,949163,UNCLASSIFIED,2.588883,2.3555872440338135
2111,907322,UNCLASSIFIED,3.477608,2.311263084411621
1249,909731,UNCLASSIFIED,2.192208,1.7345139980316162
1083,906836,UNCLASSIFIED,-2.641189,-0.5168758034706116
1180,1298539,UNCLASSIFIED,0.40821,-3.124225378036499
1578,1298219,UNCLASSIFIED,5.872201,5.4771504402160645
1617,930082,UNCLASSIFIED,1.826723,1.189936637878418
1614,910703,UNCLASSIFIED,4.332653,3.7806620597839355
1507,907299,UNCLASSIFIED,5.20443,3.73427414894104
2110,909262,UNCLASSIFIED,2.012141,2.9981131553649902
1862,1330933,UNCLASSIFIED,-2.101779,-1.932548999786377
1910,1298539,UNCLASSIFIED,3.944734,3.3405017852783203
1940,909776,UNCLASSIFIED,3.444082,3.289578914642334
1259,910401,UNCLASSIFIED,3.702979,3.9373557567596436
1939,930082,UNCLASSIFIED,4.615954,1.972238302230835
1620,907322,UNCLASSIFIED,4.089932,4.337034225463867
1249,1331049,UNCLASSIFIED,3.072195,2.4097936153411865
1017,910703,UNCLASSIFIED,3.023819,4.216887950897217
1529,925341,UNCLASSIFIED,1.164683,-0.34454649686813354
1635,1303896,UNCLASSIFIED,4.1693,4.036759853363037
1594,910784,UNCLASSIFIED,5.702668,4.783730506896973
1631,925341,UNCLASSIFIED,3.900591,3.9519453048706055
1559,971773,UNCLASSIFIED,-2.743037,-3.473738193511963
1177,905965,UNCLASSIFIED,1.098205,0.9652804136276245
1940,907047,UNCLASSIFIED,3.364048,2.6910862922668457
1853,905973,UNCLASSIFIED,3.87955,4.111303806304932
1005,910703,UNCLASSIFIED,3.521056,2.994442939758301
1558,949165,UNCLASSIFIED,3.108263,2.3376002311706543
1553,949167,UNCLASSIFIED,1.447485,1.136793613433838
1909,1240221,UNCLASSIFIED,0.591866,1.311078667640686
1557,908136,UNCLASSIFIED,3.94669,4.314908504486084
1549,907273,UNCLASSIFIED,4.499286,3.7465450763702393
1915,949157,UNCLASSIFIED,3.658275,3.5172324180603027
1634,907050,UNCLASSIFIED,5.538667,5.879626274108887
1372,909776,UNCLASSIFIED,-1.402244,1.8235607147216797
1615,1303896,UNCLASSIFIED,2.982728,3.219587564468384
1925,906846,UNCLASSIFIED,5.356898,5.056582450866699
1051,724831,UNCLASSIFIED,1.517501,1.8081104755401611
1005,909777,UNCLASSIFIED,1.221649,1.6054418087005615
1939,1240215,UNCLASSIFIED,1.915183,2.96641206741333
1010,909754,UNCLASSIFIED,5.306631,5.482670783996582
1022,925343,UNCLASSIFIED,0.789772,1.856597661972046
1005,909731,UNCLASSIFIED,0.915941,0.4796631336212158
1629,905965,UNCLASSIFIED,1.904842,3.085618257522583
1085,906846,UNCLASSIFIED,1.860074,2.347428560256958
1058,1240140,UNCLASSIFIED,-0.202948,0.11733819544315338
1032,1331040,UNCLASSIFIED,1.667095,1.1096234321594238
1622,907050,UNCLASSIFIED,6.579155,6.188652992248535
1854,908149,UNCLASSIFIED,5.345354,4.538302421569824
1622,1240128,UNCLASSIFIED,4.746409,4.4885573387146
1512,925341,UNCLASSIFIED,4.658166,4.952225208282471
1010,684052,UNCLASSIFIED,3.242263,2.565828800201416
1558,909756,UNCLASSIFIED,4.641891,4.653632164001465
1624,906831,UNCLASSIFIED,1.059666,1.5210037231445312
1916,909717,UNCLASSIFIED,2.377439,2.145087242126465
1060,906827,UNCLASSIFIED,2.422412,0.6764670014381409
1239,1290795,UNCLASSIFIED,2.000941,1.7710766792297363
1003,910401,UNCLASSIFIED,-2.313078,-2.2960853576660156
2110,949160,UNCLASSIFIED,4.776051,3.6997036933898926
1249,907072,UNCLASSIFIED,2.51666,1.724365472793579
1060,910784,UNCLASSIFIED,1.405106,1.6275532245635986
1912,949160,UNCLASSIFIED,0.819758,0.41572368144989014
1618,1327774,UNCLASSIFIED,2.932283,3.2008180618286133
2109,908143,UNCLASSIFIED,2.754823,2.5663375854492188
1177,1330935,UNCLASSIFIED,3.297131,2.94824481010437
1007,930082,UNCLASSIFIED,-5.339297,-4.704788684844971
1927,949168,UNCLASSIFIED,4.150199,4.737815856933594
1013,1331040,UNCLASSIFIED,1.91962,1.7629106044769287
1625,1240166,UNCLASSIFIED,3.202218,3.64693021774292
1617,1290807,UNCLASSIFIED,2.000026,3.5155282020568848
1083,906852,UNCLASSIFIED,4.726072,4.704572677612305
2106,906848,UNCLASSIFIED,3.544114,3.4221503734588623
1560,907299,UNCLASSIFIED,1.801042,1.6124892234802246
1873,949161,UNCLASSIFIED,0.915437,0.3124609887599945
1854,907047,UNCLASSIFIED,4.472454,4.458223342895508
1190,925343,UNCLASSIFIED,2.508258,-1.4532923698425293
1006,1240166,UNCLASSIFIED,-0.034803,-0.7104739546775818
1854,1303912,UNCLASSIFIED,4.160324,4.190647602081299
1085,910779,UNCLASSIFIED,2.641402,3.6449222564697266
1046,907323,UNCLASSIFIED,0.193942,0.4775359630584717
1068,907043,UNCLASSIFIED,0.942874,0.8510071039199829
1786,1240128,UNCLASSIFIED,2.670676,3.255009174346924
1594,1290765,UNCLASSIFIED,3.540475,4.3288445472717285
1620,925345,UNCLASSIFIED,5.114631,4.7288055419921875
1915,909776,UNCLASSIFIED,4.059564,3.993875026702881
1053,909774,UNCLASSIFIED,2.690915,4.681041240692139
1091,905973,UNCLASSIFIED,1.234188,2.581312417984009
1199,908131,UNCLASSIFIED,3.838343,4.486381530761719
1849,909716,UNCLASSIFIED,-0.635076,-1.3213307857513428
1849,724855,UNCLASSIFIED,3.784612,0.7927638292312622
1618,910706,UNCLASSIFIED,2.647492,2.487427234649658
1054,684072,UNCLASSIFIED,1.505626,2.2323858737945557
1168,906856,UNCLASSIFIED,1.270527,-0.41122967004776
1855,753539,UNCLASSIFIED,4.27306,3.7187533378601074
1250,909255,UNCLASSIFIED,0.081753,-0.7779647707939148
1910,1240221,UNCLASSIFIED,0.138821,0.6804618835449219
1578,909701,UNCLASSIFIED,4.169854,3.7457351684570312
2111,949156,UNCLASSIFIED,3.316901,2.7002854347229004
1177,1331039,UNCLASSIFIED,2.684183,2.160342216491699
2043,1330933,UNCLASSIFIED,2.881817,3.2466113567352295
2110,753607,UNCLASSIFIED,3.237076,4.156802654266357
1594,906999,UNCLASSIFIED,5.152662,3.2077503204345703
2111,909732,UNCLASSIFIED,3.492433,2.9367728233337402
1088,688121,UNCLASSIFIED,1.451238,1.3426812887191772
2045,907072,UNCLASSIFIED,5.040068,4.132111072540283
1017,724855,UNCLASSIFIED,6.19689,5.690856456756592
1563,753539,UNCLASSIFIED,4.084255,4.724582195281982
1051,1240144,UNCLASSIFIED,2.803672,1.9047455787658691
1046,908454,UNCLASSIFIED,-0.039184,1.5128846168518066
1239,925345,UNCLASSIFIED,3.857344,2.704970359802246
1032,906800,UNCLASSIFIED,0.284832,0.7567756772041321
1624,1322218,UNCLASSIFIED,4.660405,4.656416416168213
1250,909779,UNCLASSIFIED,1.924995,1.7673578262329102
1932,1240128,UNCLASSIFIED,2.924274,3.314302921295166
1916,907060,UNCLASSIFIED,2.775618,2.13008713722229
1060,1298539,UNCLASSIFIED,0.188206,0.536733865737915
1177,687829,UNCLASSIFIED,6.08029,5.627976894378662
1013,930082,UNCLASSIFIED,4.123487,2.1145968437194824
1576,907064,UNCLASSIFIED,3.321412,3.1375937461853027
1372,687600,UNCLASSIFIED,3.45877,2.8215837478637695
1930,687780,UNCLASSIFIED,0.240669,0.10146251320838928
1625,910851,UNCLASSIFIED,5.389785,5.161375522613525
1051,949155,UNCLASSIFIED,-2.908948,-2.5662174224853516
1928,910906,UNCLASSIFIED,2.290414,2.8053829669952393
1507,1330935,UNCLASSIFIED,-1.694018,3.093146800994873
1563,724863,UNCLASSIFIED,5.760337,5.904118061065674
1191,909264,UNCLASSIFIED,-4.048717,-3.9411935806274414
1011,910401,UNCLASSIFIED,1.272884,0.8153287172317505
1873,907050,UNCLASSIFIED,2.676771,2.8290820121765137
1924,909774,UNCLASSIFIED,4.493835,4.775170803070068
2110,908138,UNCLASSIFIED,5.039042,4.43502140045166
1373,949164,UNCLASSIFIED,4.540705,3.995408773422241
1852,688121,UNCLASSIFIED,6.276229,5.5751776695251465
1622,949168,UNCLASSIFIED,5.503089,4.662081241607666
1996,909732,UNCLASSIFIED,3.47906,3.7011799812316895
1073,908142,UNCLASSIFIED,3.679199,3.309821605682373
1259,907072,UNCLASSIFIED,0.456788,0.9804159998893738
1918,906800,UNCLASSIFIED,1.786289,0.8369329571723938
1939,907064,UNCLASSIFIED,3.211156,2.3856282234191895
1060,1330933,UNCLASSIFIED,-1.482773,-1.5005104541778564
1635,910779,UNCLASSIFIED,5.713675,5.215960502624512
1079,909785,UNCLASSIFIED,-4.752071,-3.45880389213562
1849,688121,UNCLASSIFIED,-0.410846,0.14501243829727173
1917,909717,UNCLASSIFIED,1.985116,1.956714153289795
1051,907073,UNCLASSIFIED,0.313562,0.07328155636787415
1941,924105,UNCLASSIFIED,-4.169625,-4.112131595611572
1032,910942,UNCLASSIFIED,1.833159,1.7475690841674805
1200,949168,UNCLASSIFIED,2.242084,3.0687243938446045
2048,909977,UNCLASSIFIED,-3.851689,-0.22112584114074707
1085,1298219,UNCLASSIFIED,5.657086,5.317290782928467
1620,910906,UNCLASSIFIED,4.294935,4.3057637214660645
1053,949156,UNCLASSIFIED,4.91763,3.604386568069458
2044,907796,UNCLASSIFIED,6.338453,4.763709545135498
1634,910401,UNCLASSIFIED,2.905847,3.0025410652160645
1996,906827,UNCLASSIFIED,2.924323,3.312321662902832
1250,1322218,UNCLASSIFIED,2.977586,1.6210312843322754
1239,949168,UNCLASSIFIED,3.081616,3.6473405361175537
1940,1298219,UNCLASSIFIED,4.565704,4.664807319641113
1373,909262,UNCLASSIFIED,3.979079,3.058617353439331
1557,909754,UNCLASSIFIED,6.851283,5.027225494384766
1911,949155,UNCLASSIFIED,-6.263725,-6.819673538208008
1084,909720,UNCLASSIFIED,-3.997117,-2.0911924839019775
1180,908127,UNCLASSIFIED,-3.955625,-2.890733242034912
1911,906856,UNCLASSIFIED,-7.511804,-6.723606109619141
1068,684072,UNCLASSIFIED,1.472478,0.6125009059906006
1634,687829,UNCLASSIFIED,5.902911,4.656920433044434
1553,1330935,UNCLASSIFIED,1.134691,1.2577214241027832
1249,909707,UNCLASSIFIED,2.992109,3.8191933631896973
1936,910779,UNCLASSIFIED,3.461458,3.147754669189453
1199,949155,UNCLASSIFIED,3.20053,2.3959245681762695
1047,909769,UNCLASSIFIED,6.254209,5.733613014221191
1017,909779,UNCLASSIFIED,5.241307,3.805180072784424
1615,907273,UNCLASSIFIED,4.354895,3.292147636413574
1080,908159,UNCLASSIFIED,-5.058998,-4.709483623504639
1179,753607,UNCLASSIFIED,0.360941,0.6553390026092529
1046,930082,UNCLASSIFIED,1.417575,1.8926894664764404
2048,907069,UNCLASSIFIED,0.131082,-2.9109816551208496
1786,910779,UNCLASSIFIED,2.568013,3.4983887672424316
1168,949168,UNCLASSIFIED,3.842968,3.7067713737487793
1032,1240149,UNCLASSIFIED,1.499261,1.1732203960418701
1529,910703,UNCLASSIFIED,1.217141,0.19668948650360107
1927,1298219,UNCLASSIFIED,6.060658,5.784595489501953
1853,909707,UNCLASSIFIED,4.745534,5.201196193695068
1598,909731,UNCLASSIFIED,3.8429,3.215496778488159
1512,1290807,UNCLASSIFIED,5.147973,5.074522018432617
1630,907064,UNCLASSIFIED,4.142056,4.415149211883545
2043,909769,UNCLASSIFIED,5.941048,5.159115791320801
1621,910695,UNCLASSIFIED,5.730636,5.847493648529053
1239,908138,UNCLASSIFIED,3.39104,3.6577682495117188
1913,1330935,UNCLASSIFIED,4.250035,3.326650619506836
1051,908131,UNCLASSIFIED,0.003794,1.616373062133789
1191,1240221,UNCLASSIFIED,-4.61996,-5.03306245803833
1510,684057,UNCLASSIFIED,1.331291,1.9806272983551025
1910,1331039,UNCLASSIFIED,-3.587115,-4.091712951660156
1199,1240140,UNCLASSIFIED,5.214479,3.5467448234558105
1626,1303912,UNCLASSIFIED,3.285371,1.8728663921356201
1560,924186,UNCLASSIFIED,2.769457,3.6855528354644775
1529,909975,UNCLASSIFIED,2.670184,3.957407236099243
1873,924110,UNCLASSIFIED,0.357592,1.029383659362793
1627,909976,UNCLASSIFIED,1.940371,2.5742926597595215
1564,909777,UNCLASSIFIED,2.674567,2.9270946979522705
1191,925341,UNCLASSIFIED,-4.335719,-4.353967189788818
1131,907323,UNCLASSIFIED,3.15664,2.9957151412963867
1036,909759,UNCLASSIFIED,1.28071,2.0705182552337646
1559,908454,UNCLASSIFIED,-3.81608,-3.6751708984375
1046,909976,UNCLASSIFIED,0.491225,1.1112818717956543
1177,753539,UNCLASSIFIED,1.815947,2.0996768474578857
1558,908158,UNCLASSIFIED,2.061541,1.6510791778564453
1932,908143,UNCLASSIFIED,2.74167,2.7415637969970703
1084,907273,UNCLASSIFIED,-2.976597,-3.3462400436401367
1932,910705,UNCLASSIFIED,1.323718,1.6318457126617432
1558,1330935,UNCLASSIFIED,1.333073,2.3490171432495117
1003,1290765,UNCLASSIFIED,-2.605106,-2.8499979972839355
1996,1240221,UNCLASSIFIED,2.599208,2.64609694480896
1933,906847,UNCLASSIFIED,4.870854,3.951596260070801
1799,910695,UNCLASSIFIED,5.048424,3.223494291305542
1941,909701,UNCLASSIFIED,-6.019593,-4.697814464569092
1925,1327774,UNCLASSIFIED,3.421,3.47807240486145
1375,909776,UNCLASSIFIED,6.585264,6.970695972442627
1621,946361,UNCLASSIFIED,4.627564,4.427221775054932
1629,908136,UNCLASSIFIED,4.63284,3.6403088569641113
1022,909785,UNCLASSIFIED,-3.069422,-2.405843496322632
1017,1303896,UNCLASSIFIED,2.315985,2.428126096725464
1036,909732,UNCLASSIFIED,4.7633,4.039258003234863
2106,910849,UNCLASSIFIED,4.535164,3.5295238494873047
1080,908143,UNCLASSIFIED,-2.951343,-1.0524640083312988
1911,946361,UNCLASSIFIED,-4.536834,-4.553850173950195
2048,724831,UNCLASSIFIED,-3.189994,-3.273132085800171
2047,910779,UNCLASSIFIED,0.366649,3.9361319541931152
1927,687600,UNCLASSIFIED,5.447645,4.783988952636719
1529,949168,UNCLASSIFIED,0.163155,0.06406670808792114
1003,906836,UNCLASSIFIED,-5.358062,-6.3181586265563965
1093,924105,UNCLASSIFIED,4.359672,4.177053451538086
1180,909785,UNCLASSIFIED,-4.022299,-4.441025733947754
1618,907273,UNCLASSIFIED,2.723083,1.8490002155303955
1034,910779,UNCLASSIFIED,-0.96588,-2.0824499130249023
1058,949157,UNCLASSIFIED,0.886824,0.7890167236328125
2046,1290807,UNCLASSIFIED,5.568091,4.490116119384766
2046,910705,UNCLASSIFIED,0.094482,-0.07481259107589722
1927,908143,UNCLASSIFIED,5.157811,4.80145263671875
1635,906856,UNCLASSIFIED,3.472704,3.8343873023986816
1511,910705,UNCLASSIFIED,-3.098272,-3.510547399520874
1626,949164,UNCLASSIFIED,2.54815,1.9797019958496094
1911,924186,UNCLASSIFIED,-5.811267,-6.84324312210083
1620,949166,UNCLASSIFIED,5.861876,5.783684730529785
1022,908143,UNCLASSIFIED,0.215308,0.5586823225021362
1046,907298,UNCLASSIFIED,2.239434,1.6446216106414795
1625,925345,UNCLASSIFIED,4.614818,4.092659950256348
1011,908159,UNCLASSIFIED,2.563456,4.524624824523926
2047,925343,UNCLASSIFIED,4.193518,3.07419490814209
1060,909769,UNCLASSIFIED,1.501377,1.0950136184692383
1939,946357,UNCLASSIFIED,0.998112,2.021200656890869
1079,908156,UNCLASSIFIED,0.59119,-0.2537575364112854
1191,906846,UNCLASSIFIED,-5.459828,-5.55247163772583
1997,908142,UNCLASSIFIED,2.222189,2.9627461433410645
1561,909732,UNCLASSIFIED,2.145442,2.255214214324951
2045,910695,UNCLASSIFIED,5.688654,5.9131622314453125
1625,1298534,UNCLASSIFIED,5.800133,6.317760467529297
1011,1331049,UNCLASSIFIED,2.117203,2.8654959201812744
1855,1240140,UNCLASSIFIED,4.88252,4.929836273193359
1922,909262,UNCLASSIFIED,1.627779,1.5301589965820312
2040,908142,UNCLASSIFIED,1.643989,0.6328007578849792
1529,907323,UNCLASSIFIED,-0.437612,-0.9725428223609924
1559,906846,UNCLASSIFIED,-2.923715,-3.7229809761047363
1011,753586,UNCLASSIFIED,4.531358,3.619544506072998
2047,924105,UNCLASSIFIED,2.24209,0.6038171052932739
1911,909731,UNCLASSIFIED,-5.680602,-4.736170768737793
1620,908131,UNCLASSIFIED,5.218943,5.573643684387207
1507,906853,UNCLASSIFIED,6.818876,5.923291206359863
1630,908459,UNCLASSIFIED,3.886468,3.1227707862854004
1625,910942,UNCLASSIFIED,2.91849,3.279510021209717
2044,1290765,UNCLASSIFIED,1.78592,2.729515314102173
1093,949156,UNCLASSIFIED,4.822828,4.319702625274658
2106,925343,UNCLASSIFIED,4.565865,3.8632290363311768
1854,906847,UNCLASSIFIED,4.844839,4.162740707397461
1561,909707,UNCLASSIFIED,0.716752,1.0690816640853882
1559,909716,UNCLASSIFIED,-2.112288,-3.104763984680176
1054,1303912,UNCLASSIFIED,5.393289,3.6122708320617676
1576,1330933,UNCLASSIFIED,1.908655,1.4802098274230957
2045,905973,UNCLASSIFIED,6.107762,4.997435092926025
1928,724831,UNCLASSIFIED,3.689815,4.507616996765137
1614,949167,UNCLASSIFIED,2.305106,2.742795467376709
1918,907796,UNCLASSIFIED,3.330998,3.8182129859924316
1614,908131,UNCLASSIFIED,4.490675,4.624181270599365
1614,908142,UNCLASSIFIED,2.459894,1.9676103591918945
1190,949157,UNCLASSIFIED,-1.482745,1.5545706748962402
1085,906861,UNCLASSIFIED,2.469787,3.522000312805176
1080,910706,UNCLASSIFIED,-5.147703,-4.508389949798584
1560,1330935,UNCLASSIFIED,2.56561,1.4576737880706787
1799,907043,UNCLASSIFIED,3.801125,3.1913347244262695
1057,949168,UNCLASSIFIED,-2.005369,-1.592379093170166
1558,908474,UNCLASSIFIED,3.151121,1.8896443843841553
1561,907299,UNCLASSIFIED,0.201592,-0.038433969020843506
1627,1298219,UNCLASSIFIED,4.709726,4.420668601989746
1510,906852,UNCLASSIFIED,6.098996,5.7004876136779785
1549,1298352,UNCLASSIFIED,8.241155,8.087697982788086
1936,1298219,UNCLASSIFIED,4.813163,4.0761003494262695
1557,925345,UNCLASSIFIED,4.054081,3.9982080459594727
2048,907050,UNCLASSIFIED,-2.646736,3.3314571380615234
1913,1240215,UNCLASSIFIED,5.301301,4.900513172149658
1625,946357,UNCLASSIFIED,3.576024,3.9725852012634277
1375,909720,UNCLASSIFIED,5.024183,5.708643436431885
1051,909975,UNCLASSIFIED,4.636842,4.688868522644043
1131,1327774,UNCLASSIFIED,4.882823,3.424905776977539
1635,910849,UNCLASSIFIED,4.95406,4.888535499572754
1932,909975,UNCLASSIFIED,5.46619,5.301782131195068
1624,906846,UNCLASSIFIED,3.517531,3.106213331222534
1177,906846,UNCLASSIFIED,3.204394,2.5162198543548584
1626,909696,UNCLASSIFIED,2.755083,2.024057149887085
1862,906846,UNCLASSIFIED,-1.99988,-1.3789026737213135
1927,949166,UNCLASSIFIED,5.602569,5.52393102645874
2047,909759,UNCLASSIFIED,1.452672,2.112746000289917
2109,688121,UNCLASSIFIED,2.422331,3.0131072998046875
1553,908142,UNCLASSIFIED,2.26144,1.8359253406524658
1615,930082,UNCLASSIFIED,5.004492,4.924798011779785
1259,924110,UNCLASSIFIED,4.503592,2.326622486114502
1013,1303912,UNCLASSIFIED,2.204008,2.2843520641326904
1179,949160,UNCLASSIFIED,-0.925961,0.2027525156736374
1091,907299,UNCLASSIFIED,-0.203982,0.028724372386932373
1512,1331049,UNCLASSIFIED,4.855639,4.785698413848877
1005,910849,UNCLASSIFIED,1.466676,2.726257085800171
1007,949166,UNCLASSIFIED,-2.789391,-1.7579739093780518
1089,910851,UNCLASSIFIED,4.214596,3.1627612113952637
1908,1298219,UNCLASSIFIED,4.512696,5.189952850341797
1996,906861,UNCLASSIFIED,4.544998,4.808741569519043
2096,908149,UNCLASSIFIED,2.432862,3.457418441772461
2045,1240140,UNCLASSIFIED,5.438724,5.008987903594971
1259,907056,UNCLASSIFIED,5.592508,6.494667053222656
1250,1330935,UNCLASSIFIED,-2.972877,-0.18768376111984253
1908,909975,UNCLASSIFIED,4.276647,2.228508234024048
1073,949165,UNCLASSIFIED,4.457952,4.658078670501709
1927,924105,UNCLASSIFIED,5.114062,4.6839141845703125
1932,1298539,UNCLASSIFIED,6.160283,4.946007251739502
1560,909976,UNCLASSIFIED,3.510096,3.6743533611297607
1559,1331040,UNCLASSIFIED,-3.563962,-4.171689987182617
1553,1303896,UNCLASSIFIED,0.848838,0.45422083139419556
1084,1327774,UNCLASSIFIED,-2.430176,-2.830045223236084
2110,908127,UNCLASSIFIED,4.660449,4.148305416107178
1617,684072,UNCLASSIFIED,1.845513,1.8277709484100342
1930,909976,UNCLASSIFIED,0.392566,0.002936452627182007
1079,1240166,UNCLASSIFIED,2.238893,0.8589082956314087
2110,906836,UNCLASSIFIED,2.415382,2.352449893951416
1629,910705,UNCLASSIFIED,3.068772,2.997790813446045
1855,907056,UNCLASSIFIED,4.384609,5.59841251373291
1011,908132,UNCLASSIFIED,3.356488,-2.9386789798736572
1873,909759,UNCLASSIFIED,1.009605,0.7376936674118042
1563,949157,UNCLASSIFIED,6.611587,6.2576584815979
1557,753586,UNCLASSIFIED,3.454428,3.641519784927368
1915,909699,UNCLASSIFIED,0.906127,0.8827468752861023
1576,1240184,UNCLASSIFIED,3.767474,3.306609869003296
1630,909707,UNCLASSIFIED,2.214075,3.035317897796631
1862,909717,UNCLASSIFIED,-1.271589,-0.8527135252952576
1928,909701,UNCLASSIFIED,3.135822,2.8525261878967285
1625,906794,UNCLASSIFIED,4.367227,4.479474067687988
1626,907050,UNCLASSIFIED,6.462503,6.304289817810059
2048,949160,UNCLASSIFIED,-4.118272,-4.750455856323242
1918,949158,UNCLASSIFIED,2.319133,2.5364837646484375
1553,1240210,UNCLASSIFIED,-1.555187,-0.649168074131012
2043,924186,UNCLASSIFIED,4.721882,4.820732116699219
1576,687829,UNCLASSIFIED,3.475639,3.4544782638549805
1578,910695,UNCLASSIFIED,5.359713,5.383537769317627
1180,905965,UNCLASSIFIED,-4.575835,-4.179317951202393
1549,906852,UNCLASSIFIED,1.794887,1.820349931716919
1511,910849,UNCLASSIFIED,-1.163657,-0.5042173266410828
1799,1331040,UNCLASSIFIED,3.621151,3.180140495300293
1862,906847,UNCLASSIFIED,-2.416398,-2.1229350566864014
1199,1240166,UNCLASSIFIED,2.354429,2.9285244941711426
1006,949165,UNCLASSIFIED,-0.246996,0.19750511646270752
1941,908142,UNCLASSIFIED,-5.20504,-4.714441776275635
2048,908131,UNCLASSIFIED,-4.348975,-3.4074788093566895
1034,907000,UNCLASSIFIED,-4.919809,-4.53564977645874
1910,909255,UNCLASSIFIED,0.566002,1.9377658367156982
2109,949168,UNCLASSIFIED,4.185837,3.0076889991760254
1017,907268,UNCLASSIFIED,2.811669,3.0152204036712646
1614,1240210,UNCLASSIFIED,1.559695,1.6736981868743896
1005,724863,UNCLASSIFIED,3.174271,3.046997547149658
1786,1331039,UNCLASSIFIED,3.612823,1.2706379890441895
1932,908138,UNCLASSIFIED,4.313807,2.956610679626465
1372,906848,UNCLASSIFIED,-0.155032,0.13360078632831573
1563,910705,UNCLASSIFIED,4.330947,4.490543365478516
1997,684052,UNCLASSIFIED,3.183117,2.933133363723755
1621,909731,UNCLASSIFIED,3.257968,2.9832680225372314
1191,924110,UNCLASSIFIED,-5.304421,-4.702191352844238
1635,925341,UNCLASSIFIED,5.18867,4.698020935058594
1085,687600,UNCLASSIFIED,2.176757,2.85894775390625
1622,906861,UNCLASSIFIED,4.536429,4.881949424743652
1558,1322218,UNCLASSIFIED,5.036821,2.9801337718963623
1930,909779,UNCLASSIFIED,0.625184,0.6658973097801208
1529,1330933,UNCLASSIFIED,-1.51156,-1.4490201473236084
1631,687829,UNCLASSIFIED,5.701814,4.440573215484619
1578,909776,UNCLASSIFIED,5.792511,5.372002601623535
1849,753586,UNCLASSIFIED,-0.1345,0.2096993625164032
2045,909779,UNCLASSIFIED,5.363645,5.312714099884033
1191,1240128,UNCLASSIFIED,-4.933839,-4.945260524749756
1131,687600,UNCLASSIFIED,4.371679,4.650579452514648
1911,908158,UNCLASSIFIED,-7.71432,-6.9101948738098145
1011,906999,UNCLASSIFIED,3.808214,3.5391600131988525
1563,949166,UNCLASSIFIED,5.480829,5.955995559692383
1786,909759,UNCLASSIFIED,3.161943,2.9608120918273926
1618,909716,UNCLASSIFIED,3.851745,3.233501434326172
2047,949165,UNCLASSIFIED,2.681179,3.024585247039795
1032,906853,UNCLASSIFIED,6.015747,3.99527907371521
1862,909731,UNCLASSIFIED,-1.075483,-1.3819034099578857
1919,909777,UNCLASSIFIED,0.524702,1.1816699504852295
1093,909264,UNCLASSIFIED,5.643004,5.453537940979004
1084,906861,UNCLASSIFIED,-3.572955,-2.7090840339660645
1375,687829,UNCLASSIFIED,5.262174,6.523964881896973
1010,1303912,UNCLASSIFIED,3.782844,3.234638214111328
2106,906856,UNCLASSIFIED,2.594498,2.4228618144989014
1051,1331040,UNCLASSIFIED,-3.287291,-2.9517736434936523
1873,909977,UNCLASSIFIED,1.636448,2.2770614624023438
2040,908474,UNCLASSIFIED,-1.085038,-0.07052788138389587
1131,907056,UNCLASSIFIED,3.118002,5.425422668457031
1936,971773,UNCLASSIFIED,0.21708,1.7984609603881836
1634,1240221,UNCLASSIFIED,2.505638,3.1463239192962646
1940,907323,UNCLASSIFIED,3.534127,3.366976737976074
1088,907050,UNCLASSIFIED,7.212461,5.697542667388916
1873,930082,UNCLASSIFIED,1.637753,0.5432425141334534
1910,924105,UNCLASSIFIED,3.174147,1.4785034656524658
1940,753586,UNCLASSIFIED,4.569304,4.168069362640381
2109,910705,UNCLASSIFIED,1.698701,1.6383726596832275
1190,906999,UNCLASSIFIED,-1.379634,0.04821106791496277
1239,908454,UNCLASSIFIED,0.510079,2.160074472427368
1168,909777,UNCLASSIFIED,3.056763,1.6293492317199707
1910,688121,UNCLASSIFIED,5.390796,5.084615707397461
1179,909707,UNCLASSIFIED,1.110406,1.3237640857696533
2111,907069,UNCLASSIFIED,4.519909,3.3945438861846924
1559,753586,UNCLASSIFIED,-1.533924,-2.9436235427856445
1085,949158,UNCLASSIFIED,1.939227,1.5229203701019287
1373,906853,UNCLASSIFIED,7.520384,7.270005702972412
1051,908138,UNCLASSIFIED,1.039809,3.2987992763519287
1529,909717,UNCLASSIFIED,1.419222,1.2077462673187256
1930,1240140,UNCLASSIFIED,0.250218,0.13311462104320526
1918,909701,UNCLASSIFIED,-0.08762,0.3233007788658142
2046,1290765,UNCLASSIFIED,2.011312,2.0225045680999756
1512,907072,UNCLASSIFIED,4.377796,4.397594451904297
1049,909975,UNCLASSIFIED,5.198517,5.689294815063477
1512,1298539,UNCLASSIFIED,6.148025,6.1394500732421875
1598,906852,UNCLASSIFIED,5.428186,5.176732540130615
2109,949167,UNCLASSIFIED,1.378379,1.9045841693878174
1873,907064,UNCLASSIFIED,0.831508,1.3882548809051514
2043,906856,UNCLASSIFIED,-3.347146,3.597092390060425
1613,907322,UNCLASSIFIED,1.611713,0.8973027467727661
1873,753586,UNCLASSIFIED,1.172127,1.6163876056671143
1179,910779,UNCLASSIFIED,3.167321,3.1425321102142334
1003,909720,UNCLASSIFIED,-3.815215,-3.044009208679199
1089,909976,UNCLASSIFIED,1.759882,1.6112797260284424
1996,909977,UNCLASSIFIED,4.758931,4.5568366050720215
1200,910784,UNCLASSIFIED,3.529708,2.930612564086914
1625,684057,UNCLASSIFIED,5.038696,4.703487873077393
1512,908127,UNCLASSIFIED,4.710789,4.498279571533203
1930,1330935,UNCLASSIFIED,-1.700829,-0.1801900863647461
1010,907072,UNCLASSIFIED,3.523307,3.6188955307006836
1046,1331040,UNCLASSIFIED,-0.200834,-0.4555070400238037
1925,906838,UNCLASSIFIED,5.25169,4.528838157653809
1057,910705,UNCLASSIFIED,-2.325426,-3.9713449478149414
1022,909255,UNCLASSIFIED,0.296631,-0.4552093744277954
1529,909777,UNCLASSIFIED,-0.297285,-0.35806769132614136
2106,946361,UNCLASSIFIED,2.828976,2.779961585998535
1237,909264,UNCLASSIFIED,5.866901,5.686322212219238
2046,909976,UNCLASSIFIED,2.51422,2.1041643619537354
1925,906847,UNCLASSIFIED,4.795051,4.223592758178711
1936,908474,UNCLASSIFIED,3.271524,2.7217578887939453
1933,907273,UNCLASSIFIED,4.653208,4.652522563934326
1013,907047,UNCLASSIFIED,2.865491,2.3713018894195557
1083,906846,UNCLASSIFIED,3.468236,1.890526533126831
1933,908143,UNCLASSIFIED,5.365301,4.9246344566345215
1910,906800,UNCLASSIFIED,-2.455585,-2.62962007522583
1248,949157,UNCLASSIFIED,-6.213381,-2.7015485763549805
1200,906856,UNCLASSIFIED,1.114748,1.3001917600631714
1080,1322218,UNCLASSIFIED,-4.620257,-4.408400058746338
1032,909701,UNCLASSIFIED,0.431386,0.5535966157913208
1034,907072,UNCLASSIFIED,-4.269059,-4.74957275390625
1578,908136,UNCLASSIFIED,4.199429,3.9415221214294434
2046,924110,UNCLASSIFIED,2.72518,2.4706287384033203
1049,925345,UNCLASSIFIED,1.996248,2.4698915481567383
1915,909696,UNCLASSIFIED,2.010756,2.091806173324585
1549,908136,UNCLASSIFIED,3.343443,3.9190735816955566
1852,1240128,UNCLASSIFIED,4.699673,4.9292683601379395
1036,1240215,UNCLASSIFIED,3.651297,4.388957500457764
1564,909699,UNCLASSIFIED,3.248147,2.785665273666382
1915,906999,UNCLASSIFIED,3.784072,3.4611964225769043
1928,910705,UNCLASSIFIED,1.991001,2.2828595638275146
1915,909716,UNCLASSIFIED,1.984231,1.9409782886505127
1200,907044,UNCLASSIFIED,2.318293,1.560103178024292
1852,909785,UNCLASSIFIED,4.377957,4.173949241638184
1372,909975,UNCLASSIFIED,2.12832,2.2208406925201416
1259,949156,UNCLASSIFIED,0.430283,0.7283613681793213
1913,949163,UNCLASSIFIED,3.785718,3.8864307403564453
1620,910703,UNCLASSIFIED,5.232001,5.0548858642578125
1200,753539,UNCLASSIFIED,2.254317,2.4502930641174316
1862,1240149,UNCLASSIFIED,-2.021936,-1.5233516693115234
2106,1240166,UNCLASSIFIED,2.087867,2.0319418907165527
1853,907072,UNCLASSIFIED,4.325756,4.4265289306640625
1932,908149,UNCLASSIFIED,3.615363,2.592599391937256
2040,684052,UNCLASSIFIED,-0.5266,0.5813283920288086
1913,908158,UNCLASSIFIED,2.941658,3.368241786956787
2107,724863,UNCLASSIFIED,3.966559,5.665578365325928
1912,949164,UNCLASSIFIED,1.518696,1.2583706378936768
2110,907299,UNCLASSIFIED,5.968045,4.697787761688232
1510,910906,UNCLASSIFIED,3.748391,3.0057144165039062
1549,1290795,UNCLASSIFIED,4.66471,4.665371894836426
1053,909777,UNCLASSIFIED,1.672461,1.2972142696380615
1786,1240184,UNCLASSIFIED,3.413064,4.03886079788208
1634,1322218,UNCLASSIFIED,5.026791,4.128076076507568
1631,1240166,UNCLASSIFIED,2.16629,1.8926877975463867
2096,906999,UNCLASSIFIED,2.742826,3.060260534286499
1032,1290765,UNCLASSIFIED,1.843657,2.444401741027832
1578,905965,UNCLASSIFIED,2.7512,3.4893910884857178
2109,1330987,UNCLASSIFIED,1.518909,1.464735746383667
1200,907322,UNCLASSIFIED,2.612158,2.104526996612549
1089,684052,UNCLASSIFIED,3.366447,3.0606329441070557
1558,909716,UNCLASSIFIED,4.197466,2.1187446117401123
1862,910705,UNCLASSIFIED,-2.699516,-1.7280089855194092
1190,909977,UNCLASSIFIED,-0.059265,2.4254212379455566
2047,1240184,UNCLASSIFIED,1.899017,2.1022422313690186
2107,908132,UNCLASSIFIED,3.538327,4.0942864418029785
1613,908467,UNCLASSIFIED,4.19608,3.322227716445923
1561,1240184,UNCLASSIFIED,5.995336,5.044437885284424
1913,909262,UNCLASSIFIED,3.798858,3.6174886226654053
1507,908131,UNCLASSIFIED,5.68252,4.724271297454834
1563,909777,UNCLASSIFIED,3.955149,4.57697057723999
1634,908132,UNCLASSIFIED,3.668416,3.08614444732666
1617,910779,UNCLASSIFIED,4.787817,3.2962286472320557
1073,909756,UNCLASSIFIED,3.899463,5.940554618835449
1032,949166,UNCLASSIFIED,3.332497,3.1039915084838867
1630,1327774,UNCLASSIFIED,3.050565,3.800288200378418
2110,909756,UNCLASSIFIED,4.029176,5.354264259338379
1924,687780,UNCLASSIFIED,2.230748,2.3878049850463867
1083,909262,UNCLASSIFIED,2.913689,1.89127779006958
1916,909731,UNCLASSIFIED,1.468577,1.7579896450042725
1084,930082,UNCLASSIFIED,-2.394176,-1.669266700744629
1563,684059,UNCLASSIFIED,4.426438,4.635860443115234
1073,910942,UNCLASSIFIED,2.473252,3.3247969150543213
1192,907047,UNCLASSIFIED,3.814502,2.5032804012298584
1051,908158,UNCLASSIFIED,-2.704429,-3.0460002422332764
1049,908156,UNCLASSIFIED,2.4629,2.5669291019439697
1849,1240215,UNCLASSIFIED,-0.880146,-0.6946566700935364
1058,1240210,UNCLASSIFIED,-0.485809,-0.7416386008262634
1060,909731,UNCLASSIFIED,0.247931,1.4676084518432617
1268,909774,UNCLASSIFIED,5.181441,5.752918243408203
1912,907072,UNCLASSIFIED,1.152799,1.2475543022155762
1507,909716,UNCLASSIFIED,4.887802,4.707604885101318
1051,1240210,UNCLASSIFIED,1.3036,-0.30998849868774414
1179,906861,UNCLASSIFIED,0.822643,-0.07712054252624512
1799,909779,UNCLASSIFIED,5.628407,5.657064437866211
1510,910401,UNCLASSIFIED,3.779276,3.2636446952819824
2044,909759,UNCLASSIFIED,2.204752,2.6954076290130615
1011,909976,UNCLASSIFIED,4.785562,2.8415653705596924
1626,909779,UNCLASSIFIED,3.80016,4.658778190612793
1034,910849,UNCLASSIFIED,-3.361054,-4.253532886505127
1931,684072,UNCLASSIFIED,4.18373,4.26687479019165
1058,687829,UNCLASSIFIED,2.050348,1.9696457386016846
1560,907050,UNCLASSIFIED,6.89628,6.603203296661377
1925,909769,UNCLASSIFIED,5.263807,5.173162937164307
1177,907060,UNCLASSIFIED,3.736908,3.842489004135132
1917,908143,UNCLASSIFIED,2.319134,2.0077385902404785
1004,910942,UNCLASSIFIED,-3.974216,-3.2878940105438232
1237,907056,UNCLASSIFIED,5.597252,5.536045074462891
1622,1298352,UNCLASSIFIED,7.997893,7.970391273498535
1060,1298352,UNCLASSIFIED,-2.162845,-0.08397868275642395
1621,906853,UNCLASSIFIED,6.728449,6.758132457733154
1925,907796,UNCLASSIFIED,5.722899,5.428260326385498
1191,907072,UNCLASSIFIED,-4.96468,-5.003592014312744
2043,908474,UNCLASSIFIED,4.863756,4.454054355621338
1912,1240128,UNCLASSIFIED,4.334607,3.246889591217041
1013,908142,UNCLASSIFIED,2.593037,2.019810676574707
1621,924105,UNCLASSIFIED,5.400369,4.157686233520508
1557,1240221,UNCLASSIFIED,4.57933,3.9091320037841797
2107,910706,UNCLASSIFIED,3.363064,2.8404693603515625
1852,909977,UNCLASSIFIED,4.808259,5.930665016174316
1022,909732,UNCLASSIFIED,-0.767803,-0.20221716165542603
1933,1240128,UNCLASSIFIED,4.411366,4.7101969718933105
1011,925343,UNCLASSIFIED,2.75509,3.0651066303253174
1855,1240210,UNCLASSIFIED,2.81948,3.635637044906616
1199,1330987,UNCLASSIFIED,1.866312,2.482473611831665
1617,910906,UNCLASSIFIED,0.460287,0.7755154371261597
1924,907298,UNCLASSIFIED,2.772357,3.2760519981384277
1046,908471,UNCLASSIFIED,1.343265,1.304164171218872
1931,1290807,UNCLASSIFIED,5.117448,5.443480968475342
1036,1298352,UNCLASSIFIED,8.345098,8.35418701171875
1564,924110,UNCLASSIFIED,4.211293,3.148268938064575
2043,1240149,UNCLASSIFIED,3.88826,4.467584609985352
1179,909769,UNCLASSIFIED,2.398139,1.6829807758331299
1057,1240184,UNCLASSIFIED,-0.953874,-1.2881150245666504
1915,906856,UNCLASSIFIED,1.385457,1.133138656616211
1080,909754,UNCLASSIFIED,1.102646,-0.9195622801780701
1083,910695,UNCLASSIFIED,4.722915,3.0202744007110596
1093,684072,UNCLASSIFIED,3.322558,3.5255074501037598
1004,906848,UNCLASSIFIED,-4.826142,-4.677838325500488
2096,684052,UNCLASSIFIED,2.590178,2.164684534072876
2109,687829,UNCLASSIFIED,3.101735,3.6121504306793213
1259,724855,UNCLASSIFIED,6.135048,4.6914544105529785
1168,905973,UNCLASSIFIED,2.406212,4.144975662231445
1083,949155,UNCLASSIFIED,0.798981,1.3069653511047363
1561,906848,UNCLASSIFIED,2.74794,2.3794379234313965
1549,1240149,UNCLASSIFIED,3.468342,3.6611721515655518
1922,907298,UNCLASSIFIED,-1.10015,0.5333743095397949
1852,907323,UNCLASSIFIED,4.565291,4.199301242828369
1559,909754,UNCLASSIFIED,-1.933253,-0.5167743563652039
1093,908156,UNCLASSIFIED,3.389971,2.6167781352996826
1598,906838,UNCLASSIFIED,3.512608,4.00169563293457
1006,910849,UNCLASSIFIED,0.841896,2.530362129211426
2043,907273,UNCLASSIFIED,4.220648,3.64931583404541
1622,1303896,UNCLASSIFIED,2.843647,2.9377968311309814
1908,909754,UNCLASSIFIED,4.56897,4.943905353546143
1507,907072,UNCLASSIFIED,5.031377,4.009201526641846
1057,906838,UNCLASSIFIED,-1.510053,-2.8266665935516357
1034,906804,UNCLASSIFIED,-3.148408,-3.399383544921875
1852,1240144,UNCLASSIFIED,5.725674,4.7363386154174805
1560,1298352,UNCLASSIFIED,8.236707,8.303936958312988
1627,910706,UNCLASSIFIED,0.862867,0.9042168259620667
1940,1330935,UNCLASSIFIED,4.049945,3.018348455429077
1852,907299,UNCLASSIFIED,5.294711,5.230080604553223
1630,909777,UNCLASSIFIED,2.845675,3.3680973052978516
1507,949168,UNCLASSIFIED,5.264094,5.461848735809326
1250,1303896,UNCLASSIFIED,-0.061836,-0.2933703660964966
1180,907268,UNCLASSIFIED,-2.838476,-4.059267520904541
1560,1290795,UNCLASSIFIED,3.39622,3.9056036472320557
1200,909262,UNCLASSIFIED,1.462453,1.8598487377166748
1200,684072,UNCLASSIFIED,2.729138,2.3830137252807617
1239,908136,UNCLASSIFIED,1.253113,0.9714549779891968
1630,907056,UNCLASSIFIED,3.885965,3.380732536315918
1852,907298,UNCLASSIFIED,3.610153,4.805715084075928
1621,909756,UNCLASSIFIED,4.787016,5.473726749420166
1093,1298534,UNCLASSIFIED,6.731178,6.604537010192871
1058,908132,UNCLASSIFIED,2.103354,2.1600394248962402
1563,906856,UNCLASSIFIED,4.431971,3.843710422515869
1578,1290807,UNCLASSIFIED,6.461588,5.44476842880249
1911,910784,UNCLASSIFIED,-5.786295,-5.073775768280029
1179,684072,UNCLASSIFIED,-1.043082,-0.2946954369544983
1191,1331040,UNCLASSIFIED,-5.767375,-5.966364860534668
1927,946357,UNCLASSIFIED,3.721712,4.083486557006836
1180,1298534,UNCLASSIFIED,-2.523458,-0.47916579246520996
1917,684062,UNCLASSIFIED,1.358093,0.8345808982849121
1926,949163,UNCLASSIFIED,-1.392297,-0.883384644985199
1553,971773,UNCLASSIFIED,3.45799,3.161053419113159
1046,949167,UNCLASSIFIED,1.346442,0.6857542991638184
1073,1298352,UNCLASSIFIED,8.789866,8.662227630615234
1625,907050,UNCLASSIFIED,7.427953,6.872808933258057
1079,908454,UNCLASSIFIED,-0.066334,1.3989944458007812
1932,908131,UNCLASSIFIED,4.672013,3.7103703022003174
1049,949168,UNCLASSIFIED,3.535382,4.918288230895996
1928,907290,UNCLASSIFIED,4.485898,5.896111488342285
1005,910695,UNCLASSIFIED,6.183767,6.433754920959473
1268,908131,UNCLASSIFIED,4.931079,4.896480560302734
1854,753586,UNCLASSIFIED,4.599812,4.784045696258545
2107,684072,UNCLASSIFIED,4.13712,4.084794044494629
1080,909975,UNCLASSIFIED,1.204529,0.5515555143356323
1053,949158,UNCLASSIFIED,0.705417,0.1567533016204834
1578,908471,UNCLASSIFIED,5.518537,4.0832624435424805
1936,907796,UNCLASSIFIED,2.424813,3.107919692993164
1932,906848,UNCLASSIFIED,1.583046,1.5031518936157227
1561,949155,UNCLASSIFIED,0.10975,-0.10296660661697388
1006,949163,UNCLASSIFIED,-2.693551,-1.775012731552124
1593,925345,UNCLASSIFIED,1.082107,2.2895398139953613
1629,949156,UNCLASSIFIED,6.475517,5.332759380340576
2043,909776,UNCLASSIFIED,6.166399,5.975421905517578
1926,1303912,UNCLASSIFIED,0.907586,-0.2875658869743347
1553,946357,UNCLASSIFIED,3.261156,2.794508695602417
1053,684072,UNCLASSIFIED,2.395709,2.347238302230835
1250,687829,UNCLASSIFIED,3.510307,3.4591104984283447
1179,906853,UNCLASSIFIED,3.136767,2.388162612915039
1036,909754,UNCLASSIFIED,7.258972,6.594698429107666
1614,906846,UNCLASSIFIED,2.71327,2.8961801528930664
1237,908131,UNCLASSIFIED,4.963779,5.241767883300781
1083,910784,UNCLASSIFIED,4.662604,2.872288227081299
1922,910401,UNCLASSIFIED,1.824474,1.3203883171081543
1011,949165,UNCLASSIFIED,1.83425,1.9903571605682373
1036,907064,UNCLASSIFIED,4.105965,4.12411642074585
1629,1330987,UNCLASSIFIED,3.574571,3.260103702545166
1862,1290807,UNCLASSIFIED,-1.015565,-1.547973394393921
1177,907299,UNCLASSIFIED,2.601038,1.5308570861816406
2045,908142,UNCLASSIFIED,2.252926,3.192615509033203
1561,949160,UNCLASSIFIED,-1.412012,-0.22290849685668945
1012,1327774,UNCLASSIFIED,0.710634,0.20137454569339752
1529,925345,UNCLASSIFIED,2.3192,3.216362953186035
1924,925343,UNCLASSIFIED,4.253953,4.24162483215332
1561,949166,UNCLASSIFIED,2.346844,2.4102816581726074
1593,907268,UNCLASSIFIED,1.405167,0.6510300636291504
1936,909264,UNCLASSIFIED,3.35061,3.7060914039611816
1177,1322218,UNCLASSIFIED,3.487228,3.2940425872802734
2109,909732,UNCLASSIFIED,2.119087,3.164086103439331
1933,906827,UNCLASSIFIED,4.268274,3.7146847248077393
1084,907069,UNCLASSIFIED,-1.477161,-2.4992525577545166
1191,907268,UNCLASSIFIED,-5.674393,-5.968383312225342
1936,1330987,UNCLASSIFIED,0.653793,0.8223164081573486
1915,1298219,UNCLASSIFIED,3.419524,4.132072925567627
1017,1330987,UNCLASSIFIED,2.65717,1.3923945426940918
1873,687600,UNCLASSIFIED,0.801493,0.7779597043991089
1622,909756,UNCLASSIFIED,5.756115,4.783771991729736
1613,687829,UNCLASSIFIED,3.831685,4.889097213745117
1088,949158,UNCLASSIFIED,-0.746348,-0.7161568999290466
2096,908467,UNCLASSIFIED,3.742766,3.289829969406128
1553,1298352,UNCLASSIFIED,8.505007,7.086785793304443
1940,909255,UNCLASSIFIED,2.783762,3.2528159618377686
1512,949158,UNCLASSIFIED,4.957663,4.1210832595825195
1908,684062,UNCLASSIFIED,4.50054,0.7311878204345703
1927,909732,UNCLASSIFIED,5.003396,5.1236252784729
2096,1240140,UNCLASSIFIED,-0.141634,0.8786124587059021
1558,909264,UNCLASSIFIED,3.943091,3.739574432373047
1855,1240184,UNCLASSIFIED,4.629594,5.4221110343933105
1629,907069,UNCLASSIFIED,5.059196,4.410129547119141
1576,910849,UNCLASSIFIED,2.767715,2.1866655349731445
1996,925343,UNCLASSIFIED,3.866607,3.8618252277374268
1250,1298352,UNCLASSIFIED,8.376382,7.196572780609131
1013,907290,UNCLASSIFIED,5.360432,5.240111351013184
1191,684062,UNCLASSIFIED,-4.587976,-4.098404407501221
1909,946361,UNCLASSIFIED,3.016956,2.3621599674224854
1617,906804,UNCLASSIFIED,1.265919,0.3929338753223419
1549,909777,UNCLASSIFIED,2.856075,3.984109878540039
1003,687780,UNCLASSIFIED,-1.403354,-1.5075936317443848
1058,908158,UNCLASSIFIED,-1.35864,-1.3867826461791992
1613,906800,UNCLASSIFIED,1.295032,-0.7665007710456848
1617,1330933,UNCLASSIFIED,0.437144,0.9060199856758118
1624,907299,UNCLASSIFIED,1.705544,1.8157472610473633
1593,906827,UNCLASSIFIED,3.967935,2.2001583576202393
2109,908459,UNCLASSIFIED,2.621374,3.841553211212158
1057,1303912,UNCLASSIFIED,-0.645816,-1.8282742500305176
1057,753586,UNCLASSIFIED,-1.189911,-0.9218423962593079
1237,907299,UNCLASSIFIED,4.862831,4.948343276977539
1005,907064,UNCLASSIFIED,5.37228,4.903140544891357
1557,1240144,UNCLASSIFIED,4.596257,3.9429171085357666
1084,909777,UNCLASSIFIED,-4.281433,-4.59867000579834
1372,949165,UNCLASSIFIED,0.82183,2.035003185272217
1249,925341,UNCLASSIFIED,4.879318,3.27398419380188
1372,1290807,UNCLASSIFIED,0.592887,1.6744987964630127
1627,907056,UNCLASSIFIED,3.145903,2.6634409427642822
1083,1290807,UNCLASSIFIED,5.02177,5.129247665405273
1630,908138,UNCLASSIFIED,3.546812,2.8834238052368164
1057,909255,UNCLASSIFIED,-2.24379,-3.2023158073425293
1005,908454,UNCLASSIFIED,0.402937,1.398634672164917
1553,908467,UNCLASSIFIED,1.840194,2.9996306896209717
1179,907796,UNCLASSIFIED,1.569489,0.3226627707481384
1618,946361,UNCLASSIFIED,4.474178,3.938415765762329
1017,907060,UNCLASSIFIED,4.047264,3.1816179752349854
1058,910784,UNCLASSIFIED,1.695769,1.7751367092132568
1930,724863,UNCLASSIFIED,0.038199,0.8920863270759583
1593,909722,UNCLASSIFIED,0.082202,0.5221696496009827
1003,909774,UNCLASSIFIED,-3.611969,-2.8123297691345215
1049,1290807,UNCLASSIFIED,0.661396,2.041581869125366
1627,907069,UNCLASSIFIED,3.616119,3.1013195514678955
1200,724834,LUAD,3.962259,4.082420349121094
1085,910900,LUAD,3.253801,2.2688448429107666
1083,687777,LUAD,4.011774,5.11405086517334
1916,724866,LUAD,4.227147,4.1590704917907715
1013,908473,LUAD,6.023487,6.299455642700195
1615,687816,LUAD,6.853662,5.9342122077941895
2043,905944,LUAD,5.35704,5.225366592407227
1007,1240185,LUAD,-4.223765,-3.3254833221435547
1168,905967,LUAD,-1.214042,-1.5321593284606934
1053,1290908,LUAD,2.100668,2.3422274589538574
1996,908460,LUAD,6.745453,7.667435169219971
1080,1240202,LUAD,-0.921097,-0.8392661213874817
1941,687799,LUAD,-2.352958,-2.801470994949341
1855,753600,LUAD,5.586881,6.43668794631958
1089,1240145,LUAD,3.309928,4.117129802703857
1060,908465,LUAD,-0.994719,-0.8046196103096008
1259,905944,LUAD,4.997092,3.9542675018310547
1006,687807,LUAD,5.188565,4.842613697052002
1629,1247873,LUAD,5.607912,4.813277721405029
1917,908463,LUAD,3.27681,4.467185974121094
1011,908475,LUAD,2.817616,1.9233756065368652
1625,906805,LUAD,4.215725,4.132691860198975
1268,905949,LUAD,4.083935,4.504483699798584
1013,687799,LUAD,3.134403,3.729358196258545
2048,1298347,LUAD,0.48118,0.5172502994537354
1088,687802,LUAD,4.415149,4.953859806060791
1191,905949,LUAD,-4.828058,-5.209566116333008
1561,724868,LUAD,1.627364,1.5433788299560547
1924,687812,LUAD,4.427321,4.691676616668701
1372,724873,LUAD,-2.101922,-0.3163537383079529
1598,722046,LUAD,3.130744,2.071599245071411
1006,1240202,LUAD,1.903922,2.219442129135132
1614,908460,LUAD,6.222579,5.612637042999268
1560,908473,LUAD,2.695887,2.6677327156066895
1939,687816,LUAD,5.671513,3.8282175064086914
1200,724878,LUAD,4.687565,4.566745758056641
2111,908476,LUAD,3.491413,3.4882922172546387
1927,1240187,LUAD,4.795948,5.658937931060791
1200,753592,LUAD,1.828539,1.7515583038330078
1248,1240190,LUAD,-2.614569,-3.1721701622009277
2045,687819,LUAD,6.032441,5.505876541137695
1085,687798,LUAD,3.594726,3.7472476959228516
1854,905972,LUAD,4.362124,5.084484100341797
1529,905944,LUAD,2.475053,2.2762978076934814
1936,687802,LUAD,2.906408,3.5865559577941895
1997,724873,LUAD,4.381549,3.231571912765503
2110,1503370,LUAD,4.711715,4.726325035095215
2111,1240146,LUAD,3.0631,5.184553146362305
2048,687777,LUAD,1.518765,1.124714732170105
2109,687816,LUAD,3.068312,3.695277690887451
1912,910900,LUAD,4.20722,3.674928903579712
1553,713869,LUAD,5.517192,5.366724014282227
1034,724866,LUAD,-1.242844,-2.2214062213897705
1613,724859,LUAD,1.927016,3.1591739654541016
1060,1298348,LUAD,0.396737,-0.08247339725494385
1511,908463,LUAD,0.936093,1.7967522144317627
1259,1240190,LUAD,4.45009,3.5033223628997803
1919,753608,LUAD,-3.151018,-2.3039724826812744
1598,905967,LUAD,4.720301,5.215360164642334
1179,905944,LUAD,1.559912,2.6028218269348145
1529,753600,LUAD,5.612652,4.676025867462158
1191,905944,LUAD,-4.207661,-4.3306074142456055
1559,724859,LUAD,-1.950357,-1.5771393775939941
1060,1240190,LUAD,-0.727086,-0.8171520829200745
1620,908476,LUAD,5.091858,5.309906482696533
1561,753592,LUAD,1.904596,1.241081953048706
1561,687807,LUAD,3.608528,3.242863893508911
1615,1298347,LUAD,4.238939,4.573419570922852
1032,1240145,LUAD,1.816952,1.941107988357544
1631,1503370,LUAD,2.603523,1.940004825592041
1922,908465,LUAD,2.10987,2.5779619216918945
1091,1240190,LUAD,0.974384,1.077244520187378
2106,687798,LUAD,2.114803,1.976386547088623
1558,753592,LUAD,2.004425,3.134881019592285
1925,905972,LUAD,5.608123,5.258732795715332
1250,1240185,LUAD,2.58064,2.6714935302734375
1079,687777,LUAD,3.616543,1.7223753929138184
1079,687807,LUAD,0.868519,3.8958616256713867
1180,753600,LUAD,-2.546478,-1.3594136238098145
2046,908475,LUAD,0.999448,2.473539352416992
1085,1298347,LUAD,4.507071,3.1718175411224365
1007,713869,LUAD,-4.670826,-2.7956929206848145
1012,687819,LUAD,2.692498,1.368516445159912
1618,1298347,LUAD,4.630246,3.56683087348938
1180,687812,LUAD,0.04032,-1.171276569366455
1941,753608,LUAD,-4.145093,-4.4136223793029785
1549,724873,LUAD,4.009143,3.093080759048462
1917,687816,LUAD,3.54697,2.9318044185638428
1558,687820,LUAD,7.102814,6.548323631286621
1046,906805,LUAD,2.207459,3.8555750846862793
1093,1503370,LUAD,4.78608,3.8450024127960205
2045,724878,LUAD,7.026735,5.635961532592773
2106,1298348,LUAD,6.064533,5.666091442108154
1564,909721,LUAD,2.293049,1.9957692623138428
1373,924244,LUAD,4.795358,5.179086208343506
1932,753608,LUAD,3.132002,2.529564142227173
2048,905942,LUAD,-3.916225,-3.4124703407287598
1051,906791,LUAD,3.102992,5.688451766967773
1916,1240146,LUAD,4.19448,4.059121131896973
2040,910900,LUAD,1.869745,2.6651618480682373
1511,1298537,LUAD,-1.262971,0.950981616973877
1011,687802,LUAD,5.368973,2.90091609954834
1085,724878,LUAD,4.298846,4.805680274963379
1179,687819,LUAD,2.877969,1.7808949947357178
1179,724866,LUAD,1.384046,1.3556053638458252
1011,724859,LUAD,0.346134,1.165276050567627
1563,753608,LUAD,7.291948,7.101656436920166
1996,908472,LUAD,5.883696,4.099861145019531
1558,753600,LUAD,5.111859,3.8367958068847656
1614,687800,LUAD,7.149676,6.939732551574707
1996,906805,LUAD,5.366692,3.9620203971862793
1564,1503370,LUAD,1.25901,2.3876380920410156
1199,687802,LUAD,3.567885,4.021364688873291
2106,724834,LUAD,4.974846,4.689117431640625
1005,724834,LUAD,2.114554,2.2501442432403564
1576,905949,LUAD,3.942222,2.4875943660736084
1057,724866,LUAD,-1.071239,-0.7442335486412048
1058,1298347,LUAD,2.359636,3.5196032524108887
1057,1298350,LUAD,-0.919481,-2.0465409755706787
1168,908460,LUAD,3.542632,5.731122970581055
1630,909721,LUAD,3.557629,3.9357903003692627
1060,687802,LUAD,2.233316,1.658416509628296
1614,1240146,LUAD,3.084567,4.792633533477783
1060,908473,LUAD,-1.533001,-1.3889660835266113
1168,687777,LUAD,2.912715,3.0275630950927734
1625,753608,LUAD,7.006307,6.018014430999756
1011,724866,LUAD,3.159075,3.592526435852051
1053,687812,LUAD,3.792571,3.9169487953186035
1917,1298350,LUAD,4.209766,2.4789552688598633
1511,1240187,LUAD,-1.414574,-0.9514337182044983
1621,906805,LUAD,3.541883,4.925887107849121
1199,1298537,LUAD,2.998145,3.837963581085205
1927,722066,LUAD,3.984394,5.129093170166016
1853,908460,LUAD,8.157342,8.009800910949707
1617,1240146,LUAD,2.958154,2.047963857650757
1560,906805,LUAD,2.817275,2.0946600437164307
2048,722046,LUAD,-5.999447,-6.316756248474121
1873,924244,LUAD,0.020924,-0.08846598863601685
1557,724878,LUAD,7.032692,6.541383266448975
1239,905967,LUAD,2.947779,1.4835600852966309
1928,687800,LUAD,7.096198,7.015294551849365
1046,924244,LUAD,3.300914,2.430616855621338
1918,722066,LUAD,5.075243,4.4775004386901855
1047,1298350,LUAD,5.633487,4.314878463745117
1925,1240146,LUAD,6.516692,5.728519916534424
2043,753608,LUAD,6.902214,6.358517646789551
1512,908475,LUAD,4.630008,5.221859455108643
1912,908472,LUAD,5.750678,4.442628860473633
1629,906791,LUAD,4.493534,4.748149871826172
1005,1240187,LUAD,0.624908,2.763277769088745
1631,908465,LUAD,2.836097,2.2569191455841064
1511,687812,LUAD,1.066724,0.6866813898086548
1239,687807,LUAD,7.011725,4.711308479309082
1593,906791,LUAD,3.916161,3.860222101211548
1922,906805,LUAD,0.42611,1.162333369255066
1080,713869,LUAD,-3.810891,-1.659876823425293
1079,905942,LUAD,3.605939,2.970705032348633
1131,1298537,LUAD,6.860162,5.9745378494262695
1927,908460,LUAD,7.129419,8.473001480102539
1088,908465,LUAD,3.966037,3.486715793609619
1635,1298350,LUAD,5.653035,5.90766716003418
1635,687812,LUAD,5.439893,5.299225807189941
1626,908463,LUAD,4.57054,6.021803379058838
1912,1298537,LUAD,1.21775,2.513305902481079
1058,1298348,LUAD,2.416444,3.007187604904175
1849,909721,LUAD,1.501877,1.4775407314300537
1083,908475,LUAD,3.044834,4.040261745452881
1510,908472,LUAD,3.203914,3.9421470165252686
2044,687812,LUAD,4.169444,4.0873637199401855
1058,687800,LUAD,2.635001,2.284890651702881
1557,1298537,LUAD,1.541358,4.011165142059326
1786,906805,LUAD,4.991905,2.592794418334961
1931,687777,LUAD,6.153798,6.54404878616333
1564,1298350,LUAD,2.90469,2.6190733909606934
1006,722066,LUAD,3.588083,1.9604885578155518
1997,1298347,LUAD,3.754881,2.023369312286377
1057,1290908,LUAD,-2.437532,-2.453767776489258
1373,722046,LUAD,4.12614,3.443448781967163
1630,722066,LUAD,2.443574,4.252833843231201
1927,1503370,LUAD,4.508745,4.626368999481201
2048,753600,LUAD,1.391504,2.6775946617126465
1239,687821,LUAD,6.860546,6.077695369720459
1250,713869,LUAD,1.650977,2.2821850776672363
1614,1240185,LUAD,4.76591,3.8619561195373535
1085,1503370,LUAD,2.960069,3.0562567710876465
1083,1240187,LUAD,3.352245,2.6081595420837402
1925,1240190,LUAD,6.045939,5.490015983581543
1250,687798,LUAD,3.056042,3.604292154312134
1373,724878,LUAD,6.647848,6.179051399230957
1598,713869,LUAD,3.742614,3.8322794437408447
1007,905944,LUAD,-4.563211,-4.695945739746094
1558,908463,LUAD,6.483637,4.758801460266113
1093,724873,LUAD,4.052284,4.5735859870910645
1598,908475,LUAD,4.710657,5.604214668273926
1054,1240146,LUAD,6.745139,5.4593825340271
1249,905949,LUAD,2.505596,2.4477522373199463
1057,905967,LUAD,-2.705706,-1.763033390045166
2048,722066,LUAD,-2.850581,-1.7383480072021484
1996,722066,LUAD,5.583534,3.933955192565918
1239,905944,LUAD,2.551514,3.439443826675415
1931,910900,LUAD,5.284119,5.0849995613098145
1529,908460,LUAD,7.383567,5.571367263793945
1553,1298348,LUAD,5.153201,5.666091442108154
1046,908476,LUAD,2.710886,1.9412329196929932
1926,908473,LUAD,0.839142,0.21329978108406067
2043,687802,LUAD,6.653162,5.921442985534668
1012,1298348,LUAD,3.939763,3.479632616043091
2109,905967,LUAD,2.266097,2.124772071838379
1004,909721,LUAD,-1.001604,-0.7573785185813904
1003,910900,LUAD,-3.985139,-2.5878798961639404
1093,905967,LUAD,5.788726,4.777878761291504
1576,687821,LUAD,5.751728,4.8173651695251465
1620,687777,LUAD,6.448499,6.211948394775391
1034,909721,LUAD,-0.556772,-3.1838316917419434
1168,908475,LUAD,2.782669,3.463364839553833
1621,687816,LUAD,6.800138,5.51754903793335
1093,1240185,LUAD,3.986284,4.912491321563721
1249,724834,LUAD,5.265562,4.091454982757568
1089,722066,LUAD,4.052454,3.896294593811035
2040,906805,LUAD,0.924435,1.0230484008789062
1084,1240202,LUAD,-1.174053,-1.3220338821411133
1268,1240146,LUAD,3.156941,5.197639465332031
1085,753592,LUAD,2.217845,2.388761043548584
1941,905942,LUAD,-6.036941,-5.495465278625488
1375,753600,LUAD,6.994335,6.901194095611572
1006,1298348,LUAD,4.273895,3.9935200214385986
1941,687800,LUAD,-5.040398,-4.143378257751465
1507,910900,LUAD,4.740167,4.342071056365967
1627,924244,LUAD,3.357765,2.9937491416931152
1559,1298347,LUAD,2.698668,1.4589300155639648
1930,724868,LUAD,0.197621,-0.9952357411384583
1007,905972,LUAD,-3.578549,-4.457086563110352
1060,724868,LUAD,-0.4478,-0.9762479662895203
1512,687821,LUAD,6.075994,6.561491966247559
1786,724866,LUAD,5.199903,4.343599796295166
1560,1298348,LUAD,5.42951,5.5439958572387695
2044,687821,LUAD,6.129223,5.163082599639893
1854,1240187,LUAD,4.764518,5.0469489097595215
1013,905972,LUAD,4.903299,5.1873087882995605
1629,722046,LUAD,2.562933,3.1058123111724854
1627,905972,LUAD,3.790247,3.7121870517730713
1079,1503370,LUAD,0.192043,-0.7872273325920105
1576,687798,LUAD,2.482465,2.948065757751465
1549,724859,LUAD,4.611835,6.054191589355469
1936,1298350,LUAD,3.039392,3.455273151397705
2047,908465,LUAD,1.906239,2.0109317302703857
1091,724866,LUAD,2.111838,2.9252026081085205
1932,687802,LUAD,2.762816,4.6805267333984375
1939,724878,LUAD,6.077539,4.06912899017334
1053,908472,LUAD,3.742001,5.663425922393799
1617,724834,LUAD,3.858417,3.500159502029419
1200,753608,LUAD,4.021287,4.280636310577393
2096,1240202,LUAD,4.984389,4.03045654296875
1910,1240202,LUAD,1.490198,3.4051461219787598
1630,722046,LUAD,2.746009,2.731461524963379
1036,1298347,LUAD,4.737759,3.966710090637207
1190,1298350,LUAD,-3.462355,-1.4752287864685059
1529,909721,LUAD,3.174411,2.242114543914795
1941,1240187,LUAD,-4.545456,-2.828068494796753
1932,905942,LUAD,3.179356,4.8734636306762695
1627,908463,LUAD,3.798994,4.924715518951416
1849,713869,LUAD,1.696091,0.43549230694770813
1932,724873,LUAD,2.288725,1.7161033153533936
1553,753592,LUAD,2.266628,2.219487190246582
1624,724866,LUAD,5.260833,3.621098041534424
1626,753600,LUAD,3.803654,3.9823617935180664
1941,908460,LUAD,-2.508427,-3.5670900344848633
1249,722066,LUAD,3.853475,3.1064748764038086
1511,905967,LUAD,-1.435372,-0.8302924036979675
1191,724834,LUAD,-3.651476,-4.3438286781311035
1022,908472,LUAD,1.949356,2.017133951187134
1911,687799,LUAD,-5.398411,-4.79280424118042
1908,687798,LUAD,2.752074,3.3668394088745117
1910,687807,LUAD,3.178106,3.083142042160034
1559,1290908,LUAD,-1.089397,-1.3210875988006592
1011,1290908,LUAD,2.342777,3.9970715045928955
1058,1298537,LUAD,1.258373,0.8308010697364807
1017,687777,LUAD,5.636505,5.612175464630127
1083,908465,LUAD,4.233223,3.8431975841522217
1200,1240202,LUAD,3.123321,3.9776201248168945
1168,908472,LUAD,1.406675,2.8932204246520996
2046,724866,LUAD,4.937068,3.330878973007202
1237,687807,LUAD,7.253268,7.018210411071777
1849,724859,LUAD,-1.596949,-0.19330668449401855
1007,1240190,LUAD,-4.562102,-5.3266143798828125
1918,687800,LUAD,2.488583,2.6505279541015625
1091,1240146,LUAD,2.055261,2.688096761703491
1786,908463,LUAD,4.413392,5.366406440734863
1908,905972,LUAD,2.841003,2.499907970428467
1561,1298348,LUAD,3.93453,4.020212173461914
1558,687800,LUAD,3.300461,5.141805648803711
1047,722066,LUAD,5.64989,5.616837978363037
1617,905944,LUAD,1.474203,2.439143657684326
1624,908460,LUAD,6.584437,4.146944999694824
1005,713869,LUAD,5.632977,4.765689373016357
1941,687798,LUAD,-2.062684,-3.1637418270111084
1598,1290908,LUAD,4.204774,4.188119888305664
1854,1290908,LUAD,4.325941,4.772567272186279
2047,753592,LUAD,2.282464,2.265254497528076
1013,687820,LUAD,6.745734,5.888779640197754
1507,905949,LUAD,4.064184,4.711989402770996
1621,908463,LUAD,6.855867,5.680641174316406
1088,1298537,LUAD,3.667217,4.029133319854736
2040,905944,LUAD,2.755982,1.9055895805358887
1613,1240190,LUAD,3.010008,3.5520761013031006
1200,724859,LUAD,3.865201,4.272098541259766
1634,687816,LUAD,4.948086,5.410385608673096
1936,906805,LUAD,4.16402,1.8923912048339844
1073,1240190,LUAD,3.998874,3.8497891426086426
1634,687812,LUAD,5.441733,4.961559772491455
1558,687819,LUAD,4.891935,2.7369165420532227
1626,906791,LUAD,6.357502,6.351151466369629
1091,1240202,LUAD,0.910336,3.2154581546783447
1005,908460,LUAD,6.548302,7.024986267089844
1933,1298348,LUAD,6.308495,7.492649555206299
2107,908463,LUAD,6.869744,6.97216272354126
1058,1240185,LUAD,0.881701,1.4453542232513428
1936,908475,LUAD,3.491132,2.345656633377075
1073,905949,LUAD,2.298731,2.5618948936462402
1626,910900,LUAD,2.745967,3.6844069957733154
1091,722046,LUAD,-1.466512,0.1132180392742157
1010,1503370,LUAD,2.159047,2.0739378929138184
1250,722046,LUAD,0.005183,-0.0449051558971405
1930,724859,LUAD,0.406192,0.22525052726268768
1549,753592,LUAD,4.765097,3.551473379135132
1036,753608,LUAD,4.769548,4.769008636474609
1853,724868,LUAD,3.665219,3.8326334953308105
1932,1298350,LUAD,5.040995,4.410097599029541
1924,687816,LUAD,3.575207,3.442979574203491
1913,908460,LUAD,8.149737,7.955677032470703
2047,724866,LUAD,3.444087,2.6317086219787598
1618,908463,LUAD,6.732559,4.833357810974121
1629,724859,LUAD,3.940319,5.1116623878479
1051,905972,LUAD,2.301789,2.862926959991455
1131,687802,LUAD,3.081722,6.778101921081543
1629,905972,LUAD,5.969959,4.832230567932129
1578,905949,LUAD,5.423314,5.083409786224365
1006,908463,LUAD,5.938314,4.796466827392578
1049,924244,LUAD,4.716818,3.829470634460449
1854,687816,LUAD,4.456749,4.901296615600586
1060,722046,LUAD,-2.280791,-1.5509989261627197
1936,1240202,LUAD,4.598019,3.0881187915802
1854,687802,LUAD,4.201722,5.959563732147217
1930,906805,LUAD,0.76748,0.9418354034423828
1854,1503370,LUAD,3.116763,3.8335063457489014
1635,905944,LUAD,4.840104,5.133605003356934
1079,1298347,LUAD,2.112578,3.449751615524292
1563,908465,LUAD,6.607396,6.844563961029053
1131,1240190,LUAD,6.397986,5.213964939117432
1073,724873,LUAD,4.462445,4.320724964141846
1855,724878,LUAD,7.726056,6.8648858070373535
1930,687807,LUAD,3.061257,2.556253671646118
1873,753592,LUAD,0.841612,0.6575139760971069
1908,724834,LUAD,2.174377,1.069558024406433
1131,713869,LUAD,6.658574,5.815799236297607
1250,687812,LUAD,0.703532,1.8984580039978027
1085,724868,LUAD,2.201334,2.298391580581665
1560,1298537,LUAD,3.278461,3.5894365310668945
1005,687821,LUAD,7.510074,6.622644901275635
1093,1298350,LUAD,4.064193,4.916074275970459
1093,713869,LUAD,4.017069,5.037356376647949
1930,1240190,LUAD,1.056637,1.1218101978302002
1629,1240185,LUAD,4.062705,4.038631439208984
1047,724878,LUAD,5.28535,4.620069980621338
1626,753592,LUAD,0.353549,2.0251078605651855
1852,1240145,LUAD,5.417676,4.944629669189453
1908,924244,LUAD,1.348959,2.785889148712158
1259,1240146,LUAD,5.384837,3.8656134605407715
1091,1290908,LUAD,0.096986,1.06671941280365
1190,1240145,LUAD,-0.639657,-1.9387855529785156
1032,1298348,LUAD,0.47483,1.3699772357940674
1862,687821,LUAD,0.947835,-0.3835652470588684
1635,753600,LUAD,5.359209,5.413980960845947
1925,905967,LUAD,4.241152,5.3565216064453125
1249,908475,LUAD,3.977004,3.1160686016082764
1873,1240185,LUAD,0.368586,0.9113091826438904
1593,905972,LUAD,2.912846,3.3647677898406982
1928,1240185,LUAD,4.885794,5.21865177154541
1085,722046,LUAD,1.970341,0.6078397035598755
1617,1240145,LUAD,0.421157,1.7290005683898926
1177,1247873,LUAD,5.745947,4.923544883728027
1615,687798,LUAD,6.29065,5.762517929077148
1507,1298348,LUAD,4.968188,6.067564487457275
1049,1298347,LUAD,4.118088,4.863706111907959
2107,905972,LUAD,4.972049,5.584537506103516
1085,905967,LUAD,3.1568,3.088038682937622
1927,908475,LUAD,5.291631,4.7361860275268555
1927,687798,LUAD,6.184105,5.792661666870117
1559,687807,LUAD,4.150183,2.6192426681518555
1190,908463,LUAD,1.960069,3.2048516273498535
1631,910900,LUAD,2.49235,3.32136869430542
1248,724866,LUAD,-4.027545,-3.7811903953552246
1621,908465,LUAD,4.350287,5.216697692871094
1908,724868,LUAD,0.931632,1.8456470966339111
1179,687812,LUAD,1.773286,1.0728334188461304
1620,906805,LUAD,6.32683,5.560945510864258
1786,909721,LUAD,5.56036,5.0863423347473145
1250,1240145,LUAD,2.104973,0.9371064305305481
1046,1240202,LUAD,2.703184,3.553478240966797
1927,724873,LUAD,4.684743,5.102086544036865
1626,1240187,LUAD,2.261634,3.0831685066223145
1085,724859,LUAD,1.958463,3.5075292587280273
1910,909721,LUAD,3.837338,3.1770408153533936
1854,908476,LUAD,5.439215,5.289377212524414
1091,687821,LUAD,3.264138,4.620602607727051
1630,905970,LUAD,4.158944,4.072822093963623
1561,908473,LUAD,0.883114,0.692475438117981
1013,909721,LUAD,5.788893,5.762573719024658
1941,687821,LUAD,-3.334241,-3.0693771839141846
1852,753608,LUAD,5.584421,6.2991719245910645
1919,908473,LUAD,0.441851,-0.679393470287323
2109,753608,LUAD,2.502244,1.7495620250701904
1997,1240202,LUAD,3.935393,5.076069355010986
1010,1240185,LUAD,3.338177,2.0937819480895996
1613,1298348,LUAD,1.786683,3.484830617904663
1617,687812,LUAD,-1.158141,2.71321439743042
1088,713869,LUAD,4.972914,4.688544273376465
1578,724866,LUAD,4.529323,4.675532817840576
1088,753592,LUAD,2.572525,3.415649890899658
2043,1240185,LUAD,5.306849,5.531095504760742
1249,1240185,LUAD,2.838504,3.8430862426757812
1373,687777,LUAD,6.273602,5.6725172996521
1918,906805,LUAD,2.697713,1.9610545635223389
1996,1240202,LUAD,4.384577,4.437020301818848
1088,753608,LUAD,3.638112,3.824002265930176
1930,905967,LUAD,1.074355,0.39921969175338745
1630,1298347,LUAD,3.863944,4.551299095153809
1912,724859,LUAD,5.045197,4.701632499694824
1941,724878,LUAD,-4.334613,-2.7661335468292236
1922,687820,LUAD,4.535395,5.093565940856934
1932,713869,LUAD,4.072156,3.7723116874694824
1912,906805,LUAD,2.052043,2.19272518157959
1940,724878,LUAD,4.355456,4.801019191741943
1060,908463,LUAD,3.05671,3.8158955574035645
2044,908476,LUAD,2.654831,3.6782820224761963
1598,1247873,LUAD,4.286916,3.9451169967651367
2047,687802,LUAD,3.769521,3.3597910404205322
1936,1240145,LUAD,1.898343,2.493704319000244
1249,724866,LUAD,4.224376,3.3015146255493164
1617,1298347,LUAD,1.91845,3.285078287124634
1936,724878,LUAD,3.367377,3.44004487991333
1060,905972,LUAD,-0.793191,0.7289059162139893
1931,924244,LUAD,5.973337,5.935819149017334
1168,724834,LUAD,4.106846,4.0118913650512695
1199,687812,LUAD,4.466861,4.3634538650512695
1190,687799,LUAD,2.892263,-0.8776343464851379
1854,905942,LUAD,4.29372,5.103373050689697
1924,687799,LUAD,2.121319,1.4080615043640137
1849,1298350,LUAD,-0.582959,-1.3836026191711426
2110,1290908,LUAD,4.224583,4.274253845214844
1191,908476,LUAD,-3.858513,-4.822056770324707
1553,908463,LUAD,5.067513,6.566071033477783
1853,687798,LUAD,3.408308,3.84844970703125
2046,1298350,LUAD,4.337686,4.595664978027344
1558,908460,LUAD,8.060205,6.856147289276123
2044,905942,LUAD,4.403368,3.3469462394714355
2106,713869,LUAD,5.692061,5.366724014282227
1249,1240187,LUAD,3.471488,3.3223893642425537
1131,687800,LUAD,7.194528,5.990741729736328
1925,908465,LUAD,6.044401,5.686089515686035
1873,905949,LUAD,0.453093,0.3373156785964966
1512,909721,LUAD,6.808591,6.679383277893066
1011,687799,LUAD,1.385482,-0.05535006523132324
1928,1298348,LUAD,7.444829,7.271978378295898
1613,753600,LUAD,5.459292,5.074026107788086
1022,1240146,LUAD,-0.263113,0.8800719976425171
1017,1240185,LUAD,3.967405,4.577521800994873
1083,753592,LUAD,3.310826,2.5662832260131836
1634,905967,LUAD,4.757669,5.123605251312256
1912,905944,LUAD,4.996024,4.068110942840576
1372,908475,LUAD,-0.887158,-0.5459351539611816
1634,1240187,LUAD,4.181958,4.7869553565979
1936,905949,LUAD,3.77977,2.307399034500122
1057,1240145,LUAD,-1.746567,-2.1567680835723877
1615,905949,LUAD,5.863219,5.415981769561768
1560,905972,LUAD,5.566195,5.396157264709473
1941,753600,LUAD,-3.075747,-2.5765702724456787
1053,687802,LUAD,4.532242,4.450001239776611
1268,724834,LUAD,6.116135,5.362260818481445
1630,905972,LUAD,5.245105,4.730931758880615
1032,1298350,LUAD,-1.792715,-1.5401592254638672
1564,724834,LUAD,0.597246,0.7110025882720947
1908,1240190,LUAD,1.317886,1.4920618534088135
1618,1240145,LUAD,3.587778,3.393436908721924
1928,687816,LUAD,5.901064,5.644313812255859
1627,1290908,LUAD,1.234427,2.6356613636016846
1799,1240145,LUAD,4.025101,4.656445026397705
1621,1240187,LUAD,5.81061,4.888460636138916
1618,1298350,LUAD,3.228466,3.970442533493042
1614,1240190,LUAD,4.539595,3.455338716506958
1083,908460,LUAD,5.988383,6.037600517272949
2110,724859,LUAD,5.567292,5.323996067047119
1925,910900,LUAD,5.022293,4.686055660247803
1131,724868,LUAD,5.21509,4.278439521789551
1053,906805,LUAD,2.126309,2.5224266052246094
1268,908460,LUAD,7.64863,6.960435390472412
1627,1298348,LUAD,3.957597,4.095131874084473
1854,687800,LUAD,5.993182,6.541838645935059
1007,722046,LUAD,-6.687051,-6.550402641296387
1931,753592,LUAD,4.836829,4.9712629318237305
1913,687807,LUAD,7.331464,6.390621185302734
2111,687812,LUAD,4.768523,4.052973747253418
1010,724873,LUAD,3.111647,3.216968059539795
1916,724878,LUAD,4.020952,4.442259311676025
1853,753608,LUAD,4.472858,5.881898403167725
1239,1290908,LUAD,1.815695,1.382483959197998
1179,753608,LUAD,-0.763924,-0.31907159090042114
1507,687821,LUAD,7.653304,7.144842147827148
1799,1247873,LUAD,-1.862695,-0.5456243753433228
1563,687819,LUAD,6.189587,5.916909217834473
1564,753600,LUAD,5.388293,3.7239441871643066
1634,687777,LUAD,4.078589,3.8297815322875977
1928,905944,LUAD,5.294501,4.358156681060791
1268,905967,LUAD,4.252716,4.78740930557251
1931,687802,LUAD,7.329307,6.769671440124512
1613,909721,LUAD,4.068882,4.7095184326171875
1511,713869,LUAD,1.044995,1.5777404308319092
1924,753592,LUAD,4.036099,3.062018394470215
1131,687812,LUAD,2.530774,5.590052604675293
1080,1298348,LUAD,1.724076,0.25845572352409363
1079,1240145,LUAD,-2.03917,-0.939633309841156
1054,906805,LUAD,3.501565,2.7539074420928955
1237,908473,LUAD,6.635246,6.493686676025391
1373,753608,LUAD,5.885851,5.533921241760254
1634,905972,LUAD,4.912231,4.848687648773193
1854,1247873,LUAD,2.91808,5.473160743713379
1931,724859,LUAD,6.202609,6.148555278778076
1177,713869,LUAD,5.565032,5.1341657638549805
1022,908465,LUAD,-0.246823,0.9986828565597534
2044,924244,LUAD,4.271254,3.687995433807373
1013,910900,LUAD,3.935618,3.450254440307617
1849,908463,LUAD,1.594532,0.13739100098609924
1997,1298350,LUAD,3.49321,4.425783157348633
1549,908465,LUAD,1.15284,1.5688424110412598
1375,909721,LUAD,7.211357,6.487478256225586
1080,724834,LUAD,-2.085738,-0.6228391528129578
1046,687798,LUAD,4.765295,3.5943310260772705
1614,753608,LUAD,3.06713,3.3131484985351562
2046,905972,LUAD,4.392075,3.573620319366455
1032,722066,LUAD,2.818737,4.072376251220703
1862,1240146,LUAD,-1.875543,-1.205613613128662
1912,687799,LUAD,0.013845,0.4524143636226654
1799,753608,LUAD,0.383855,0.594100832939148
1250,724878,LUAD,3.255425,3.0463180541992188
1578,753608,LUAD,5.915051,5.746726036071777
1936,687816,LUAD,3.236686,3.405395269393921
1047,1298537,LUAD,5.130095,5.8711161613464355
1932,687799,LUAD,0.742874,0.44869548082351685
1191,722066,LUAD,-3.799336,-3.6291329860687256
2107,1240187,LUAD,5.100252,5.276150226593018
1624,724878,LUAD,5.730194,5.1283392906188965
1933,687798,LUAD,4.912305,4.501296520233154
1553,722046,LUAD,1.048509,1.2813774347305298
1060,906791,LUAD,3.277487,2.826824426651001
1931,753608,LUAD,7.630208,6.7572245597839355
1928,1240146,LUAD,6.939931,5.428918838500977
2096,687807,LUAD,3.777671,5.810760974884033
1624,905944,LUAD,3.359614,2.5256283283233643
1058,905967,LUAD,-0.28418,0.3167967200279236
2107,724873,LUAD,3.730631,5.034266471862793
1615,908475,LUAD,3.650823,4.686731815338135
1564,687798,LUAD,1.744786,1.6583948135375977
1046,753608,LUAD,1.8712,0.9595664143562317
1627,905949,LUAD,3.412262,2.393542766571045
1011,687807,LUAD,2.724454,2.659132242202759
1940,908472,LUAD,3.199107,3.7671098709106445
1563,905967,LUAD,5.397809,6.285520553588867
1012,908475,LUAD,1.293302,1.3437538146972656
1634,908465,LUAD,5.197709,5.076903343200684
1250,908476,LUAD,3.658218,3.406301975250244
1917,1298348,LUAD,2.525031,3.9073500633239746
1004,687802,LUAD,-0.975067,-0.2353811264038086
1620,1298350,LUAD,6.284604,6.024786472320557
1622,908473,LUAD,5.271569,5.722207069396973
1549,753600,LUAD,3.532081,2.969503402709961
1911,1298350,LUAD,-5.309691,-4.51479434967041
1558,713869,LUAD,3.811868,4.441997528076172
1854,724868,LUAD,3.553317,4.066596508026123
1849,908476,LUAD,-0.274079,-0.6391879916191101
1034,687807,LUAD,-1.626769,-1.6318669319152832
1578,722066,LUAD,5.826724,5.266247749328613
1852,908463,LUAD,6.699915,7.000376224517822
1073,908472,LUAD,7.428605,6.462416648864746
1057,722066,LUAD,-0.49146,-1.2128429412841797
1200,905949,LUAD,3.340778,2.4286856651306152
1598,753600,LUAD,4.391702,4.652169704437256
1613,753592,LUAD,4.138729,2.964005470275879
1578,908476,LUAD,5.118982,5.417497634887695
1620,724859,LUAD,6.011214,5.794763088226318
1873,687807,LUAD,4.575686,2.3911325931549072
1909,906805,LUAD,4.158723,2.0612664222717285
2040,724868,LUAD,0.501356,0.2045203000307083
1930,713869,LUAD,0.759668,1.3474432229995728
1507,908460,LUAD,7.420899,7.019015312194824
1004,1290908,LUAD,-3.137716,-2.591783285140991
1372,687802,LUAD,0.636868,0.9624115824699402
1854,1298537,LUAD,5.851922,5.1961493492126465
1918,908463,LUAD,3.880929,4.360132217407227
1068,1240145,LUAD,1.217628,0.7323199510574341
1849,753608,LUAD,-0.799752,0.8675251603126526
1873,724868,LUAD,0.394799,0.189075767993927
1013,753608,LUAD,5.738602,4.5138702392578125
1853,687802,LUAD,4.994763,5.152320861816406
1017,713869,LUAD,5.054643,5.223998546600342
1084,687802,LUAD,-1.119667,-1.6580400466918945
1933,905967,LUAD,2.397945,5.78031063079834
1007,753608,LUAD,-4.832008,-5.475093364715576
1593,1503370,LUAD,3.009663,3.240746021270752
2043,1290908,LUAD,6.171974,5.664487838745117
1085,905944,LUAD,3.560751,2.6210737228393555
1268,909721,LUAD,5.19364,5.951335906982422
1615,905970,LUAD,6.40596,5.931520938873291
1928,924244,LUAD,4.393547,4.41949987411499
1010,1298537,LUAD,1.907038,2.6092066764831543
1529,1290908,LUAD,-1.094827,-0.06017571687698364
1922,724868,LUAD,1.542994,2.1215388774871826
1564,908465,LUAD,1.049243,1.324486494064331
1613,722046,LUAD,-0.157822,0.7857671976089478
1936,687807,LUAD,4.750784,4.9504265785217285
1799,753592,LUAD,2.921298,4.130917549133301
1054,687821,LUAD,5.588066,5.83201789855957
1190,687798,LUAD,-1.305265,-2.5118157863616943
1017,1298348,LUAD,5.185704,6.6506781578063965
1561,905944,LUAD,3.79219,3.39300274848938
1239,687812,LUAD,4.52377,3.393516778945923
1036,724873,LUAD,2.582041,4.627259254455566
1634,908460,LUAD,7.688215,6.845788955688477
1561,1240145,LUAD,0.696552,0.5896440744400024
1511,908475,LUAD,0.371604,0.13255994021892548
1036,905967,LUAD,3.29933,3.651547431945801
1507,908463,LUAD,6.636822,6.299952030181885
1047,687821,LUAD,8.469076,7.849413871765137
1003,905972,LUAD,-2.544042,-2.9347832202911377
1941,908472,LUAD,-2.252689,-3.1345925331115723
1912,753608,LUAD,2.632393,2.4056997299194336
1928,724866,LUAD,5.626338,4.952766418457031
1915,908472,LUAD,3.533944,2.9705629348754883
1022,1240145,LUAD,-0.25609,-0.5140966773033142
1168,687798,LUAD,0.664607,0.7198500633239746
1049,1240187,LUAD,3.581565,5.038606643676758
1916,1240145,LUAD,1.372947,1.7553925514221191
1918,1290908,LUAD,1.038802,2.1678309440612793
1621,908475,LUAD,4.010473,4.439815044403076
1375,687812,LUAD,6.619499,6.266193866729736
1926,724866,LUAD,1.25032,0.642558217048645
1560,905970,LUAD,5.092941,4.322324752807617
1940,908473,LUAD,3.750418,3.810060977935791
1931,908465,LUAD,6.130769,6.538646221160889
1917,909721,LUAD,3.730077,2.8768012523651123
1911,1240185,LUAD,-4.391143,-3.283944606781006
1010,1240190,LUAD,4.303477,4.781674385070801
1073,687802,LUAD,7.199333,7.548376083374023
1549,908476,LUAD,5.687435,3.9867167472839355
1626,687821,LUAD,5.042522,3.6327552795410156
2040,687819,LUAD,1.221637,2.6745564937591553
1046,687812,LUAD,1.403202,2.3922200202941895
2047,924244,LUAD,2.498226,2.785889148712158
2106,1503370,LUAD,3.076877,2.87679386138916
1926,724834,LUAD,2.063684,1.7568988800048828
1559,905944,LUAD,-0.438503,-1.2678048610687256
1131,906805,LUAD,5.461535,4.139877796173096
1073,687816,LUAD,4.875581,5.225570201873779
1561,1298537,LUAD,2.88778,1.3347406387329102
1180,1503370,LUAD,-3.906675,-4.071840286254883
1012,905967,LUAD,1.306298,1.542893886566162
1005,909721,LUAD,3.021274,3.8927414417266846
1997,905967,LUAD,4.42784,5.23895788192749
1529,687799,LUAD,3.205957,0.6015173196792603
1036,1240185,LUAD,6.077365,4.991506099700928
1373,1298350,LUAD,5.44744,5.514654159545898
1239,906805,LUAD,3.607402,3.42618465423584
1917,1298347,LUAD,5.085547,4.461546897888184
1512,905967,LUAD,3.915006,5.68315315246582
2046,908463,LUAD,5.016123,6.120661735534668
1629,1298348,LUAD,7.103599,5.950146675109863
1049,1298537,LUAD,4.549618,3.891418218612671
1855,687800,LUAD,7.718934,7.229560375213623
1909,1240146,LUAD,4.056047,3.2611677646636963
1926,905967,LUAD,1.372886,-0.033752381801605225
1036,687777,LUAD,5.839925,4.937531471252441
1036,1240190,LUAD,5.867904,4.637389659881592
1908,687820,LUAD,4.119502,5.021398067474365
1996,753592,LUAD,2.99459,3.2050626277923584
1168,1240202,LUAD,-1.515233,-1.990342378616333
1916,908463,LUAD,5.71448,6.031310081481934
1926,1240185,LUAD,1.734773,0.6521487832069397
1250,909721,LUAD,1.898992,4.064535140991211
1615,906805,LUAD,5.740442,5.195662021636963
1004,905949,LUAD,-4.453105,-4.964500904083252
1068,906805,LUAD,3.545164,1.4968335628509521
1200,687802,LUAD,3.376252,4.1219916343688965
1034,1240202,LUAD,-2.96065,-2.9455840587615967
1022,1240187,LUAD,-1.212905,-0.0003623366355895996
1910,687777,LUAD,1.355868,0.8492853045463562
1507,753592,LUAD,3.735861,4.124870300292969
1940,905967,LUAD,3.044209,3.6025660037994385
2110,1240146,LUAD,4.310373,5.259993076324463
1372,908460,LUAD,3.442716,2.4915356636047363
1511,724834,LUAD,0.05258,-0.3847964406013489
1630,908473,LUAD,3.91958,4.129641056060791
1560,908460,LUAD,6.984405,5.963132858276367
1053,924244,LUAD,1.797359,2.031041145324707
1924,908472,LUAD,4.602222,5.533841609954834
1529,1240187,LUAD,-0.382768,-0.5027543306350708
2040,1240190,LUAD,1.083039,0.3279268443584442
1908,687816,LUAD,2.966959,3.3116023540496826
1849,905972,LUAD,0.305369,-1.0127787590026855
1927,724866,LUAD,6.373357,5.4157257080078125
1250,908463,LUAD,3.881693,4.07686710357666
1003,1240187,LUAD,-3.632207,-2.784686803817749
1799,906805,LUAD,-0.317465,-2.0254695415496826
1997,908475,LUAD,3.817364,3.524658441543579
1049,687820,LUAD,6.941915,7.479518413543701
1250,908475,LUAD,1.392118,0.8079289197921753
1036,687812,LUAD,4.958904,5.0368266105651855
1926,905944,LUAD,3.908014,3.0615570545196533
1512,724859,LUAD,5.665656,5.831305980682373
1191,1503370,LUAD,-4.838637,-5.2586798667907715
1089,910900,LUAD,3.605462,2.997373580932617
1512,687816,LUAD,6.794211,5.973111629486084
1630,724866,LUAD,3.443228,3.911278486251831
1034,687820,LUAD,0.060639,-0.7514880299568176
1512,687799,LUAD,5.375875,5.399185657501221
1375,908475,LUAD,6.736164,6.256577968597412
1918,687807,LUAD,4.865374,4.348311424255371
1180,724859,LUAD,-1.503295,-3.851151466369629
1853,908465,LUAD,6.004903,5.869748592376709
1928,724868,LUAD,3.787742,3.6138341426849365
1618,1298537,LUAD,3.245804,3.243126153945923
1997,687820,LUAD,2.760604,3.9238362312316895
1022,1240185,LUAD,0.766477,0.2835838794708252
1073,687807,LUAD,6.602734,7.252939701080322
1940,687799,LUAD,3.344868,1.9372146129608154
1237,724866,LUAD,5.63074,5.561067581176758
1512,908473,LUAD,6.881525,6.443018913269043
1622,687812,LUAD,4.49124,4.874990940093994
1006,687821,LUAD,2.992292,4.776205062866211
1909,908472,LUAD,1.849055,1.422170639038086
1631,905970,LUAD,5.800699,4.29420280456543
1931,905944,LUAD,5.598306,5.46762752532959
1615,905944,LUAD,3.827287,4.972959518432617
1928,753600,LUAD,4.352195,5.320389747619629
1617,908476,LUAD,1.525554,1.1180968284606934
1003,1240190,LUAD,-2.989968,-2.76658034324646
1936,1240190,LUAD,3.336543,3.0507402420043945
1131,905949,LUAD,3.342423,3.405560255050659
1003,908465,LUAD,-0.826978,-1.238499402999878
1908,724873,LUAD,3.161121,2.661794424057007
2044,1503370,LUAD,2.199256,3.093194007873535
1190,1240187,LUAD,-2.646308,-3.134536027908325
1996,724878,LUAD,5.000599,4.721223831176758
1131,908463,LUAD,7.246779,6.562467098236084
2043,1298537,LUAD,4.807109,5.159637451171875
1852,905949,LUAD,4.505885,5.7159810066223145
1088,724873,LUAD,0.948865,1.9522066116333008
1930,908460,LUAD,5.21579,4.810561180114746
1060,1298350,LUAD,1.309733,0.4104558527469635
1873,1240187,LUAD,0.578709,0.4652594327926636
1849,1290908,LUAD,-0.210389,-0.7092172503471375
1054,753592,LUAD,3.040871,3.2508134841918945
1626,905942,LUAD,2.405827,3.776355504989624
1079,905949,LUAD,-0.463314,-0.06797376275062561
1631,753592,LUAD,2.268972,2.343134880065918
1939,687800,LUAD,5.068195,4.719207763671875
1249,905944,LUAD,3.435566,3.7762513160705566
2096,1240185,LUAD,1.921185,2.63293719291687
1928,724834,LUAD,5.207487,5.462550640106201
1511,687799,LUAD,-0.001375,-0.3138895630836487
1012,722046,LUAD,0.779224,-0.1739923357963562
1091,724878,LUAD,3.235901,3.6744956970214844
1558,687821,LUAD,6.350279,7.997562885284424
1578,1298537,LUAD,4.745026,5.111414909362793
1629,1298350,LUAD,4.80172,4.891757488250732
1617,910900,LUAD,2.272148,2.2514915466308594
1191,687807,LUAD,-0.875531,-2.5999436378479004
1910,908475,LUAD,2.638768,2.613872528076172
1168,724878,LUAD,5.411465,4.860916614532471
1930,905942,LUAD,-0.065372,-0.17175263166427612
1549,687819,LUAD,4.145899,3.400171995162964
1259,687777,LUAD,4.747838,4.465087413787842
2111,1290908,LUAD,6.196333,4.298744201660156
1996,687821,LUAD,6.106147,4.237490177154541
1179,1240187,LUAD,0.747588,0.4010342061519623
1927,908476,LUAD,5.425883,5.562447547912598
1089,908465,LUAD,4.490463,4.682000160217285
1799,1298348,LUAD,1.609427,4.40784215927124
1917,753608,LUAD,1.222737,0.7493175268173218
1635,724834,LUAD,5.72231,5.91605806350708
1598,906791,LUAD,3.893253,3.2671072483062744
1079,724868,LUAD,0.323956,1.4153711795806885
1250,905972,LUAD,1.898691,3.214462995529175
1915,687799,LUAD,0.162034,0.22442889213562012
2047,724873,LUAD,2.923446,2.661794424057007
1930,1298348,LUAD,1.353909,1.7386887073516846
1006,908472,LUAD,3.427731,4.1665544509887695
1375,905972,LUAD,6.842173,6.28879976272583
1620,1290908,LUAD,4.907383,5.502131938934326
1010,905972,LUAD,4.383215,3.902066230773926
1629,905942,LUAD,2.636912,2.87780499458313
1855,1240145,LUAD,3.903096,4.70168399810791
1908,910900,LUAD,3.765123,3.702057123184204
1614,924244,LUAD,3.536534,2.858086347579956
1011,753608,LUAD,5.772304,3.521486520767212
1560,905967,LUAD,4.030595,2.12268328666687
1068,1240146,LUAD,1.41707,2.7826294898986816
1620,905972,LUAD,6.094847,6.036302089691162
2096,1298347,LUAD,3.59139,3.366288900375366
1084,1240145,LUAD,-2.561601,-1.4159927368164062
1854,905949,LUAD,4.61839,4.773672103881836
1007,1298350,LUAD,-3.629512,-3.3816258907318115
1614,1247873,LUAD,3.05495,4.664916038513184
1598,1240145,LUAD,3.989534,4.71140718460083
1928,753608,LUAD,6.115732,6.266639709472656
1621,753600,LUAD,4.057886,5.208492755889893
2107,724834,LUAD,5.957728,5.53877592086792
1854,906805,LUAD,5.750583,4.739509582519531
2111,687807,LUAD,5.802383,5.825040817260742
1179,1298348,LUAD,0.854728,1.138576865196228
1250,905967,LUAD,3.868564,2.761477470397949
1919,1240187,LUAD,2.68767,2.3661551475524902
1239,724866,LUAD,2.767179,2.631181001663208
1630,1298348,LUAD,2.713746,4.871808052062988
1997,905972,LUAD,3.669379,5.380742073059082
1622,722046,LUAD,2.984487,2.920417308807373
1553,753600,LUAD,2.683555,3.2051312923431396
1237,687802,LUAD,6.642406,6.708500385284424
1563,722066,LUAD,5.56089,5.65216064453125
1911,722066,LUAD,-4.40361,-4.15261173248291
1372,753608,LUAD,0.128755,-0.3352130055427551
1073,908475,LUAD,5.261307,4.037304878234863
1933,908475,LUAD,5.491786,4.822845935821533
1012,905942,LUAD,1.670307,2.245596170425415
1926,1240202,LUAD,-0.104594,-0.041566282510757446
1925,1240145,LUAD,4.467129,4.705691337585449
1916,908476,LUAD,1.227956,1.2853686809539795
1799,687798,LUAD,-1.18594,0.054989755153656006
2106,905942,LUAD,5.396262,4.086669445037842
1372,753600,LUAD,2.377423,2.19821834564209
1558,753608,LUAD,0.83406,-1.161759376525879
1375,1290908,LUAD,6.856404,6.465941905975342
1091,908476,LUAD,3.487875,2.469672679901123
1908,905967,LUAD,0.443806,1.1552541255950928
1909,905972,LUAD,2.757177,2.470604419708252
1249,1247873,LUAD,4.929118,4.441539287567139
1190,905967,LUAD,-1.924381,-1.5555965900421143
1624,724868,LUAD,2.593389,1.9701347351074219
1259,905942,LUAD,2.688068,2.176424503326416
1179,908463,LUAD,2.507942,1.8261146545410156
1179,924244,LUAD,1.301374,0.19019466638565063
1561,905949,LUAD,0.894536,1.3036978244781494
1559,908476,LUAD,-2.582327,-2.5142295360565186
1005,753592,LUAD,3.978089,3.9737894535064697
1553,908465,LUAD,2.813409,3.2672667503356934
1940,1298348,LUAD,4.281464,4.545207977294922
2046,753600,LUAD,5.058904,4.511966705322266
1631,1240146,LUAD,4.572819,4.568946838378906
1928,908463,LUAD,5.390571,6.266087055206299
1084,724866,LUAD,-0.550464,-0.9347996115684509
1083,909721,LUAD,4.566349,4.33248233795166
1873,687821,LUAD,2.542461,3.215709686279297
1051,905944,LUAD,1.670402,2.097358465194702
1068,753600,LUAD,2.550023,3.151711940765381
1908,1298537,LUAD,3.417219,3.2141950130462646
1191,753592,LUAD,-5.222117,-5.21077823638916
1036,724866,LUAD,4.945192,5.641329765319824
1911,909721,LUAD,-0.956116,-2.6692168712615967
1259,905972,LUAD,2.272227,2.688617706298828
1046,687816,LUAD,5.012811,3.3795907497406006
1854,905970,LUAD,4.71046,4.9904046058654785
1854,924244,LUAD,4.278031,4.87529182434082
1916,1298350,LUAD,2.441961,1.7815642356872559
1853,905949,LUAD,4.244605,3.6027920246124268
1931,908476,LUAD,5.66412,5.613228797912598
1004,722066,LUAD,-2.316396,-2.2387263774871826
1177,724868,LUAD,2.865326,3.9734134674072266
1004,1298537,LUAD,-2.580986,-3.8487319946289062
1559,687777,LUAD,0.424303,-0.2449299693107605
1375,905942,LUAD,5.817608,5.4964189529418945
1237,687820,LUAD,7.4265,7.16735315322876
1627,908465,LUAD,4.018428,3.716784954071045
1177,1290908,LUAD,3.320647,3.5622198581695557
1073,1240185,LUAD,3.527473,3.9499380588531494
2048,906805,LUAD,0.783485,-1.0007684230804443
1248,724868,LUAD,-3.984282,-3.5739119052886963
1615,687802,LUAD,7.142096,7.1894941329956055
1553,1240187,LUAD,2.536157,1.23103666305542
2046,905942,LUAD,3.163966,2.4301934242248535
1006,905942,LUAD,0.364191,-0.14515507221221924
1922,905944,LUAD,3.737459,3.018941879272461
1630,724878,LUAD,7.082665,5.157766819000244
1068,909721,LUAD,2.40243,2.4148688316345215
1051,906805,LUAD,3.116477,2.596464157104492
1618,906791,LUAD,6.150568,5.75105094909668
1060,687819,LUAD,1.99021,2.1975555419921875
1615,713869,LUAD,5.907749,5.389046669006348
1631,1290908,LUAD,2.582703,1.8933558464050293
1239,687820,LUAD,6.59034,6.279472351074219
1909,687800,LUAD,3.16638,3.1209638118743896
1936,713869,LUAD,3.729939,3.789332389831543
1911,1240146,LUAD,-4.746565,-3.739837646484375
1620,1247873,LUAD,6.037436,6.0199875831604
1598,906805,LUAD,4.073676,4.366605758666992
1933,687816,LUAD,6.507286,5.761208534240723
1068,687800,LUAD,3.754683,3.643798589706421
1073,724834,LUAD,5.695136,5.269777774810791
1553,1240190,LUAD,2.093253,1.7452728748321533
1199,1240190,LUAD,5.824066,4.268028259277344
2044,724859,LUAD,3.029134,4.2596211433410645
1631,1298348,LUAD,5.629136,3.7571210861206055
1928,908472,LUAD,5.531171,5.661374092102051
1917,906805,LUAD,3.283194,3.3848772048950195
1372,722066,LUAD,0.508913,-0.8799046874046326
1091,753600,LUAD,1.836834,2.1676857471466064
1248,908460,LUAD,0.328044,-0.6108620166778564
1997,908476,LUAD,2.468401,3.805765151977539
1088,724859,LUAD,2.48525,2.4132895469665527
1922,687799,LUAD,1.713488,0.38003113865852356
1180,905944,LUAD,-3.539691,-3.512833595275879
1057,687800,LUAD,2.079312,1.120428204536438
1853,906805,LUAD,3.999617,4.287652015686035
1997,908463,LUAD,4.900816,4.0538763999938965
1510,1240145,LUAD,3.094894,3.458677053451538
1563,724868,LUAD,4.521592,4.861757278442383
1053,724873,LUAD,2.852349,2.0830860137939453
1928,905967,LUAD,5.05647,5.3167009353637695
1917,905944,LUAD,5.055727,4.77987813949585
1852,1247873,LUAD,5.974705,5.726440906524658
1849,687800,LUAD,2.54734,0.30739152431488037
1922,722066,LUAD,2.913251,3.2658562660217285
1093,908460,LUAD,8.531499,7.319858551025391
2107,1240145,LUAD,5.351481,4.6632280349731445
1177,908476,LUAD,3.737317,4.814445495605469
1922,722046,LUAD,2.049508,1.2994353771209717
1003,753600,LUAD,1.035792,1.710538625717163
1931,906805,LUAD,6.199416,6.152926921844482
1564,1240190,LUAD,0.066022,0.8585101366043091
2046,687820,LUAD,5.735126,5.993788719177246
1560,722046,LUAD,1.161286,1.0729906558990479
1624,908463,LUAD,6.013556,6.018093585968018
1549,1290908,LUAD,2.808509,4.234938621520996
1088,905972,LUAD,2.466647,1.1691973209381104
1177,1240185,LUAD,4.5745,4.89890718460083
1852,910900,LUAD,5.358572,4.9244537353515625
1925,908473,LUAD,6.333792,6.171696662902832
1927,924244,LUAD,4.19337,5.338188648223877
1997,687798,LUAD,3.63728,3.588449001312256
1007,687816,LUAD,-3.977599,-3.5595030784606934
1068,1298348,LUAD,2.593676,2.7237932682037354
1873,908463,LUAD,0.712137,1.7034823894500732
1006,687798,LUAD,-0.913926,2.4237468242645264
1131,905970,LUAD,6.962866,6.647329807281494
1620,1240145,LUAD,5.462288,4.8476104736328125
1034,905972,LUAD,-3.660091,-3.1029274463653564
1933,1240190,LUAD,6.06549,5.7072296142578125
1559,687821,LUAD,0.178822,0.7473292946815491
1373,1503370,LUAD,3.927581,3.998472213745117
1559,1240190,LUAD,-3.205155,-2.156679630279541
1996,687802,LUAD,4.911763,4.167178630828857
2045,1503370,LUAD,4.800774,4.320479869842529
1939,687802,LUAD,1.789286,2.4589080810546875
1060,909721,LUAD,-0.848827,0.7742742300033569
1034,905944,LUAD,-1.910586,-2.4359242916107178
1598,687820,LUAD,6.607483,5.564243793487549
1022,905949,LUAD,0.104302,-0.002969980239868164
1060,687807,LUAD,3.941915,3.136029005050659
1507,905972,LUAD,5.939072,5.168336868286133
1249,753600,LUAD,5.498419,5.28770112991333
1512,687777,LUAD,5.669545,5.90325927734375
1372,1298537,LUAD,1.706497,1.4052772521972656
1191,687819,LUAD,-2.623447,-3.105703592300415
2046,905949,LUAD,4.499147,2.444319248199463
1237,908472,LUAD,5.95954,5.159093379974365
1853,1298537,LUAD,4.647475,5.230722427368164
1558,1240185,LUAD,4.053638,3.784292221069336
1259,908475,LUAD,3.309542,4.293738842010498
2106,722066,LUAD,5.508053,4.077127933502197
1036,687807,LUAD,6.272844,5.751815319061279
1613,1503370,LUAD,2.629329,3.944389820098877
1006,1240185,LUAD,0.296788,0.6415184736251831
1091,713869,LUAD,5.769142,3.268522262573242
1053,687799,LUAD,1.207119,0.6530119180679321
1631,905944,LUAD,3.052878,3.1796154975891113
1926,687798,LUAD,0.200243,0.5144814252853394
1862,687820,LUAD,-0.959696,-1.6847176551818848
1622,724878,LUAD,6.221431,6.638350486755371
1911,713869,LUAD,-1.933185,-1.1315686702728271
1375,753608,LUAD,7.174765,7.063194751739502
1051,924244,LUAD,2.555422,2.0271217823028564
1909,905949,LUAD,1.876542,2.474797248840332
1852,687812,LUAD,6.020275,5.501749038696289
1249,905972,LUAD,3.48085,4.039828777313232
1004,724834,LUAD,-2.832915,-3.5245630741119385
1618,924244,LUAD,3.358694,3.6127820014953613
2045,753608,LUAD,6.110047,5.97238302230835
1561,908472,LUAD,6.008428,4.265689373016357
1620,687816,LUAD,6.843706,6.099072456359863
1936,687821,LUAD,3.068159,3.157503128051758
1635,909721,LUAD,6.170847,6.143459796905518
1919,908463,LUAD,3.958747,3.7734146118164062
1578,905972,LUAD,6.310862,5.195400714874268
1047,905949,LUAD,1.915025,2.294522762298584
1259,687799,LUAD,2.906722,1.3417680263519287
1079,1298537,LUAD,2.435756,1.040942907333374
1926,687819,LUAD,1.885666,1.8804144859313965
1088,687798,LUAD,0.58394,1.3695104122161865
1553,906805,LUAD,2.132048,2.122422933578491
2109,724866,LUAD,4.892489,4.39931058883667
1007,724859,LUAD,-5.318745,-4.7907233238220215
2110,687799,LUAD,5.329208,4.385124206542969
2044,1298350,LUAD,3.830779,4.08433723449707
1915,1298350,LUAD,2.944875,1.848444938659668
1631,687812,LUAD,2.154308,4.127874374389648
1079,908476,LUAD,2.662316,2.6462364196777344
1563,908463,LUAD,7.414612,7.267795562744141
1576,905942,LUAD,1.906792,2.497114896774292
1922,1240202,LUAD,0.567106,1.2123754024505615
1613,1240145,LUAD,3.924719,3.5111618041992188
1563,1298537,LUAD,4.495796,5.698671817779541
1239,724859,LUAD,1.839538,2.368379592895508
1553,905972,LUAD,5.037237,5.037955284118652
1915,713869,LUAD,3.75579,3.8889293670654297
1799,687777,LUAD,-0.120651,1.9385805130004883
1593,1298347,LUAD,5.054964,2.9644248485565186
2111,906805,LUAD,6.074166,5.825860023498535
1941,908473,LUAD,-2.926326,-3.514432907104492
1190,1298537,LUAD,4.836557,1.9852845668792725
1620,1240185,LUAD,6.300609,5.760894775390625
1922,1240146,LUAD,0.030818,1.1530276536941528
1940,1503370,LUAD,2.523308,2.4437320232391357
1620,1240146,LUAD,6.087823,5.7809038162231445
1917,1240187,LUAD,1.414149,1.6499383449554443
1180,687816,LUAD,-1.062609,-1.5693888664245605
1849,1240187,LUAD,-0.085433,-1.0024821758270264
1006,905949,LUAD,-1.233325,0.012908846139907837
1849,906791,LUAD,0.238088,-0.7198380827903748
1916,1298348,LUAD,3.759178,4.990782737731934
1060,1240146,LUAD,-0.484209,2.133171558380127
1618,905944,LUAD,3.624752,3.237091064453125
1268,1298350,LUAD,5.601923,5.128138065338135
1091,906805,LUAD,0.535364,0.7594178915023804
1918,1240146,LUAD,2.954682,3.6674766540527344
1179,1290908,LUAD,1.359325,-0.04537224769592285
1578,1240185,LUAD,5.548624,4.839783668518066
1079,687816,LUAD,1.754496,1.8070731163024902
1080,1298347,LUAD,-0.517967,0.15107518434524536
1558,687798,LUAD,1.625034,0.47104257345199585
1931,722046,LUAD,4.820945,4.327208518981934
1631,908476,LUAD,3.126205,2.0227723121643066
1625,1503370,LUAD,4.177214,3.9310853481292725
1634,687821,LUAD,7.624418,6.70936393737793
1060,908475,LUAD,1.515061,0.03456345200538635
1012,905949,LUAD,0.86315,1.4110088348388672
1917,687800,LUAD,3.056418,4.364816665649414
1079,905972,LUAD,-0.511704,0.7873696088790894
2106,1240190,LUAD,2.148647,1.7452728748321533
1507,1298347,LUAD,4.585935,4.384673118591309
1563,687812,LUAD,6.267705,5.897638320922852
1933,1240187,LUAD,5.766117,5.696996212005615
1635,753608,LUAD,6.286178,6.266163349151611
1373,687821,LUAD,4.431031,3.5119009017944336
1624,1298348,LUAD,4.746653,5.214021682739258
1593,713869,LUAD,1.545721,1.817063808441162
1922,908476,LUAD,2.390628,2.7674806118011475
1855,908465,LUAD,5.535725,5.411705017089844
1510,1240146,LUAD,4.772032,4.673773765563965
1927,687802,LUAD,6.440029,5.883699893951416
1079,908475,LUAD,-1.935323,-1.281984567642212
2040,908475,LUAD,-0.402189,0.14141149818897247
1005,908465,LUAD,4.794135,4.464209079742432
1915,908465,LUAD,2.185846,1.572728157043457
1927,1240190,LUAD,5.495188,5.627286911010742
1626,905967,LUAD,2.55018,2.6968789100646973
1919,908460,LUAD,6.09956,3.9953224658966064
1862,687819,LUAD,-0.494971,-1.3638629913330078
1047,905967,LUAD,5.61994,4.644836902618408
1553,724868,LUAD,3.093481,3.8680500984191895
2043,1240190,LUAD,5.796155,5.592341423034668
1922,905967,LUAD,1.393976,0.6629338264465332
1855,908476,LUAD,3.138597,3.493048667907715
1249,753608,LUAD,3.170076,3.8108997344970703
2045,1240146,LUAD,4.750495,5.585865497589111
1618,687800,LUAD,6.654467,6.5901079177856445
1618,713869,LUAD,4.973286,4.596318244934082
1576,1247873,LUAD,3.727995,3.2222418785095215
1268,1240185,LUAD,3.898663,4.1549577713012695
2111,724834,LUAD,4.880646,4.980690002441406
1922,1240190,LUAD,3.076275,3.069695472717285
1557,687777,LUAD,5.776953,6.526375770568848
1085,908473,LUAD,4.618374,3.282930374145508
1919,687812,LUAD,1.666524,2.7892446517944336
1057,908465,LUAD,-1.831274,-0.7790229916572571
1561,905970,LUAD,2.63513,2.423473596572876
2107,687807,LUAD,6.713098,6.30989408493042
1625,908476,LUAD,4.281391,4.725166320800781
1560,1290908,LUAD,2.731965,3.2267258167266846
1010,687798,LUAD,1.720732,0.11008578538894653
1926,1240190,LUAD,0.503729,0.22480261325836182
1085,924244,LUAD,3.057138,2.4047889709472656
1927,687821,LUAD,5.848217,6.746825695037842
1561,924244,LUAD,0.412128,0.35519781708717346
1013,1298347,LUAD,4.026396,3.4513466358184814
1190,687821,LUAD,2.025576,2.9637491703033447
1927,906805,LUAD,5.339089,5.705741882324219
2046,908465,LUAD,5.370299,4.600518703460693
1916,1240187,LUAD,3.003906,2.4353880882263184
1510,906791,LUAD,3.949403,4.108135223388672
1131,908476,LUAD,3.404842,4.439857006072998
1786,1298350,LUAD,3.100964,3.1566660404205322
1058,687798,LUAD,0.275923,1.330885887145996
1553,687800,LUAD,4.158051,6.59241247177124
1564,908463,LUAD,5.676609,5.0471110343933105
1375,924244,LUAD,6.794646,6.729438781738281
1561,1240187,LUAD,0.928161,0.8810080289840698
1007,687800,LUAD,-2.08498,-1.498323917388916
1080,905942,LUAD,-0.909474,-3.198150873184204
1068,1503370,LUAD,1.437702,1.0695033073425293
1564,908472,LUAD,3.117397,2.7510159015655518
2106,908475,LUAD,2.131934,1.9129633903503418
1088,687812,LUAD,4.877618,5.236392021179199
1549,905949,LUAD,2.800145,2.5184123516082764
1032,753600,LUAD,1.624119,2.160200357437134
1620,753600,LUAD,4.530193,5.536385536193848
1598,910900,LUAD,2.947966,3.0487003326416016
1268,687798,LUAD,2.307135,4.123318195343018
1003,687802,LUAD,0.889164,0.4174950122833252
1012,687812,LUAD,2.877805,2.163468837738037
1939,924244,LUAD,3.434351,1.9755394458770752
1928,908465,LUAD,4.446086,5.367853164672852
1068,687812,LUAD,0.163427,2.2392094135284424
1940,905944,LUAD,4.61029,4.629669666290283
1930,687802,LUAD,0.820529,0.9718887805938721
1017,908475,LUAD,5.465179,4.847074508666992
1010,687821,LUAD,5.134012,5.698922157287598
1088,908476,LUAD,3.793447,3.0278849601745605
1372,1298348,LUAD,0.129244,0.6537222862243652
2043,713869,LUAD,6.194142,4.876381874084473
1625,724859,LUAD,5.732106,5.774707317352295
1005,753600,LUAD,5.937948,5.654577255249023
1578,1298347,LUAD,5.306602,4.556605339050293
1629,906805,LUAD,4.441462,5.353193283081055
1058,753608,LUAD,1.669798,1.2858853340148926
1629,1298537,LUAD,5.041186,5.139676570892334
1510,687821,LUAD,6.96857,6.476698875427246
1578,924244,LUAD,5.436375,5.442729473114014
1060,724873,LUAD,-1.579361,-0.11157181859016418
1507,908473,LUAD,6.316824,5.736989498138428
1013,908460,LUAD,7.382129,6.8812456130981445
1618,722046,LUAD,2.015124,2.3834643363952637
1017,1240202,LUAD,5.552709,5.473306179046631
1924,1240187,LUAD,2.848454,3.3377182483673096
1630,724868,LUAD,2.505857,2.5145347118377686
1553,905970,LUAD,5.960949,3.906912326812744
1849,724878,LUAD,0.119896,0.4450225234031677
2109,908463,LUAD,4.095454,4.93964147567749
1933,1240202,LUAD,6.368452,5.6870808601379395
1057,905949,LUAD,-3.738725,-3.3558506965637207
1089,905972,LUAD,3.151496,4.863077163696289
1051,687777,LUAD,2.494903,4.459137439727783
1563,908472,LUAD,6.126502,6.001884460449219
1268,722066,LUAD,4.983952,4.643050193786621
1626,905949,LUAD,1.096702,1.1710567474365234
1558,908475,LUAD,2.052872,3.136465072631836
1054,908476,LUAD,2.552266,2.7897605895996094
1510,905949,LUAD,3.213013,3.709092378616333
1916,905944,LUAD,4.452351,4.485085487365723
1918,687821,LUAD,4.730684,4.607332229614258
1924,1290908,LUAD,2.096028,2.9451894760131836
1088,906805,LUAD,4.201459,3.6535861492156982
1614,905949,LUAD,2.696123,2.2192602157592773
1047,908475,LUAD,5.237896,4.754561424255371
1862,1298350,LUAD,-1.591945,-1.6679964065551758
1047,1298347,LUAD,5.011221,4.734011173248291
1200,1240145,LUAD,3.455762,2.7907955646514893
1933,905972,LUAD,5.600993,5.441314220428467
1549,687816,LUAD,3.938598,4.91978645324707
1179,724873,LUAD,-0.178808,0.41782668232917786
1179,687798,LUAD,1.432135,1.0577143430709839
1915,1240187,LUAD,1.993858,2.8964662551879883
1911,908472,LUAD,-1.692394,-2.853720188140869
2096,753592,LUAD,2.009647,2.0064289569854736
1093,905972,LUAD,5.051451,4.927637577056885
1053,908475,LUAD,2.188826,2.0381088256835938
1007,905967,LUAD,-4.431392,-4.983086585998535
1237,753608,LUAD,6.03641,6.482789039611816
2107,1298350,LUAD,3.910759,5.492607116699219
1200,1503370,LUAD,2.828573,2.4310054779052734
1510,1240190,LUAD,4.173095,3.6883888244628906
1614,724866,LUAD,3.088432,4.699029922485352
1073,905972,LUAD,5.323009,5.846743106842041
1852,724866,LUAD,6.676656,5.5638628005981445
2047,1240146,LUAD,4.792385,4.803694248199463
1549,906791,LUAD,5.781991,5.084072589874268
1630,905967,LUAD,2.453377,1.5490190982818604
1190,687777,LUAD,0.208166,2.0950262546539307
2047,724868,LUAD,1.239037,1.8456470966339111
1593,905970,LUAD,5.761923,3.8563599586486816
1932,1290908,LUAD,1.672113,1.4811859130859375
2047,687816,LUAD,3.911903,3.3116023540496826
1057,687820,LUAD,-0.024388,1.5258758068084717
1853,722046,LUAD,3.564367,2.0847082138061523
1855,753592,LUAD,3.708003,4.614568710327148
1913,687802,LUAD,5.647126,5.243371963500977
1910,908463,LUAD,4.177428,3.013190269470215
1910,1290908,LUAD,2.234715,2.5986671447753906
1034,905967,LUAD,-3.633029,-3.2710845470428467
1073,687799,LUAD,3.675815,3.2004995346069336
1919,687802,LUAD,1.106933,0.3035903871059418
1924,687820,LUAD,6.443308,6.315223693847656
1939,1240185,LUAD,4.536083,4.752345561981201
1259,908472,LUAD,4.488362,5.103812217712402
1922,687800,LUAD,1.072325,2.4827117919921875
1615,1240145,LUAD,5.157982,4.5015692710876465
1080,753608,LUAD,-3.222824,-3.742964744567871
1799,753600,LUAD,5.66726,4.359539985656738
1626,687816,LUAD,5.479755,3.542407274246216
1908,753592,LUAD,2.633101,2.265254497528076
1576,753600,LUAD,3.651974,3.1306824684143066
1512,908476,LUAD,5.106051,5.267010688781738
1375,687799,LUAD,5.706865,6.317660808563232
1799,908473,LUAD,3.181212,1.054511308670044
1926,909721,LUAD,1.824302,1.8948283195495605
1563,1298347,LUAD,5.362195,5.2070698738098145
1013,687807,LUAD,5.434855,5.823221683502197
1179,1503370,LUAD,1.120136,0.6003770232200623
1626,722066,LUAD,2.970107,1.8045766353607178
1191,1240146,LUAD,-4.759751,-4.371923446655273
1511,1290908,LUAD,-2.156334,-1.7247767448425293
1168,905944,LUAD,2.788051,2.8344168663024902
2111,724866,LUAD,4.148477,4.748525619506836
1924,687798,LUAD,5.136042,3.0161702632904053
1088,1240202,LUAD,1.419528,2.808406114578247
1912,1240202,LUAD,4.124218,4.62746524810791
1919,687799,LUAD,-0.750157,-0.981182873249054
1931,905949,LUAD,6.570424,5.551425457000732
1630,1247873,LUAD,2.256478,3.5372631549835205
1191,687777,LUAD,-4.249376,-3.5228090286254883
1919,1298347,LUAD,2.26351,2.4731578826904297
1004,1298348,LUAD,1.522774,0.46057045459747314
1512,908465,LUAD,5.023704,6.243648052215576
1177,905942,LUAD,4.135785,4.657890796661377
1080,1240146,LUAD,-0.132427,-1.5123977661132812
1627,908475,LUAD,2.83111,2.592926502227783
1873,1240190,LUAD,0.245344,0.7980584502220154
1085,908465,LUAD,4.37387,3.9882314205169678
1529,905972,LUAD,-0.019394,-0.3477349877357483
1630,910900,LUAD,2.540931,3.0125489234924316
1634,753592,LUAD,3.1583,4.02452278137207
1786,687816,LUAD,4.681384,3.679328441619873
2106,905972,LUAD,3.955612,5.037955284118652
1557,687802,LUAD,5.159158,6.7591938972473145
1916,1240185,LUAD,2.310548,3.454084873199463
1559,713869,LUAD,1.631828,0.047291338443756104
1918,687799,LUAD,1.340468,0.4658110737800598
1549,1298348,LUAD,0.665557,1.024882197380066
1563,722046,LUAD,4.989025,4.206246852874756
1940,687816,LUAD,3.039638,3.506150960922241
1177,910900,LUAD,1.845041,3.638843536376953
1068,722066,LUAD,1.471142,1.7464501857757568
1624,1240146,LUAD,4.077828,6.277894973754883
1941,1240185,LUAD,-2.979255,-1.0794486999511719
1862,1298347,LUAD,0.22227,0.1731826812028885
2109,753600,LUAD,2.090265,3.3679232597351074
1179,905972,LUAD,1.564874,0.3772217631340027
1168,753600,LUAD,2.320024,2.7691028118133545
1507,905942,LUAD,5.092802,4.9435577392578125
1093,1290908,LUAD,5.103076,4.38670015335083
1375,908473,LUAD,7.556743,7.533872604370117
1873,910900,LUAD,1.135087,1.092668056488037
1913,924244,LUAD,4.368846,4.557772159576416
2043,753600,LUAD,5.851639,5.045907974243164
1852,687816,LUAD,6.692083,5.943835258483887
1032,687799,LUAD,-1.650567,-1.2071352005004883
1237,1298348,LUAD,6.949845,6.9112067222595215
1913,1290908,LUAD,4.399968,4.876173496246338
1624,687812,LUAD,4.94841,4.773046016693115
1510,908473,LUAD,2.799138,3.511683225631714
1057,1298348,LUAD,1.912427,0.2545742392539978
1180,722046,LUAD,-3.574333,-2.789510726928711
1054,905942,LUAD,5.497279,4.646021842956543
1909,905967,LUAD,2.267164,2.255274534225464
2048,687799,LUAD,-4.137041,-4.604839324951172
1617,722046,LUAD,1.311175,1.2953858375549316
1918,753592,LUAD,2.843522,2.5592875480651855
1549,687821,LUAD,5.290316,6.4710283279418945
1622,909721,LUAD,5.638658,5.539342403411865
1936,687819,LUAD,3.214597,2.811439037322998
2047,1240187,LUAD,3.587256,2.6286540031433105
1036,908475,LUAD,3.35193,4.126550197601318
1563,1298350,LUAD,6.177473,6.446475505828857
1930,1240145,LUAD,0.157958,0.5344552397727966
1873,905972,LUAD,1.119917,1.2376561164855957
1620,1240187,LUAD,5.065009,5.679131031036377
1940,1240190,LUAD,4.234786,4.020751476287842
1512,1290908,LUAD,5.392574,5.659703731536865
1007,687821,LUAD,-0.9926,0.5414150953292847
1620,687798,LUAD,5.817187,5.841344356536865
1046,687802,LUAD,4.838819,3.927243709564209
1614,908473,LUAD,3.663797,4.230319976806641
1510,905972,LUAD,5.282147,4.80477237701416
1091,1240187,LUAD,2.29475,1.5652072429656982
1010,908460,LUAD,5.500689,6.277698516845703
1079,1240202,LUAD,-0.596159,-0.806003749370575
2046,1290908,LUAD,5.503186,2.841440439224243
1925,687802,LUAD,6.333691,5.548763751983643
1237,687800,LUAD,7.787509,6.813015460968018
1131,1298350,LUAD,3.743596,4.612921714782715
1939,724866,LUAD,3.135774,4.558409690856934
1085,753600,LUAD,2.643568,3.8953280448913574
1564,687802,LUAD,3.202688,3.7441837787628174
1930,908475,LUAD,0.17467,0.9333798289299011
1624,724859,LUAD,5.376603,5.171205997467041
1088,905967,LUAD,3.870432,3.3165440559387207
1622,722066,LUAD,5.303681,4.662223815917969
1594,753592,LUAD,4.039028,4.207006454467773
1561,1298350,LUAD,1.724526,1.6606290340423584
1060,753592,LUAD,0.94961,0.0398198664188385
1375,906805,LUAD,6.757377,6.424272060394287
1017,908463,LUAD,7.307173,6.751428127288818
1083,722046,LUAD,1.079485,0.0385441780090332
1925,687816,LUAD,6.492584,5.568714141845703
1058,924244,LUAD,0.20054,-0.06420063972473145
1034,724873,LUAD,-3.297568,-4.608942031860352
2107,908465,LUAD,5.909801,5.92160701751709
1004,905972,LUAD,-3.081071,-4.159282684326172
1852,905942,LUAD,5.233043,4.9728240966796875
2044,1290908,LUAD,2.938376,3.9868738651275635
1912,753600,LUAD,2.356368,2.538762331008911
1614,1240145,LUAD,3.012171,2.982983350753784
1561,687798,LUAD,-0.187163,1.3713102340698242
1200,905967,LUAD,3.526082,3.713772773742676
1004,724873,LUAD,-3.652152,-4.053439617156982
1925,724834,LUAD,6.108991,6.143681049346924
1615,909721,LUAD,5.431629,5.720608234405518
1190,687802,LUAD,2.292594,2.4902191162109375
1073,724878,LUAD,7.184354,5.821711540222168
1199,687816,LUAD,5.342178,4.171402931213379
1613,905972,LUAD,4.896045,3.684020757675171
1915,1298347,LUAD,2.488679,2.713273048400879
1930,1298347,LUAD,2.854466,2.9924986362457275
1557,924244,LUAD,4.742234,4.710897922515869
1928,724873,LUAD,3.853695,4.458839416503906
1058,687799,LUAD,-0.891107,-1.480781078338623
1930,924244,LUAD,1.467088,0.013153433799743652
1786,1298347,LUAD,3.476831,3.717608690261841
1046,908473,LUAD,4.693771,4.726808547973633
2048,1240146,LUAD,-1.847007,-0.8107311129570007
2046,687799,LUAD,2.585054,3.5371837615966797
1091,1298347,LUAD,3.972274,3.3733980655670166
1618,908460,LUAD,7.544647,6.220127582550049
1922,687819,LUAD,3.137845,3.235825300216675
2046,724859,LUAD,1.35606,2.335509777069092
2040,753600,LUAD,0.803768,1.3545260429382324
1054,1298537,LUAD,5.19494,4.734716415405273
1083,906805,LUAD,3.81041,3.123900890350342
1918,905972,LUAD,3.43947,3.2513723373413086
1559,687816,LUAD,-1.972807,-0.7605652213096619
1908,908463,LUAD,3.95697,5.489368438720703
2110,687777,LUAD,5.33648,5.643331527709961
1088,1298348,LUAD,4.926031,5.970512390136719
1084,905967,LUAD,-2.145148,-2.7625179290771484
1249,1240190,LUAD,2.585516,3.0405497550964355
1373,1240145,LUAD,4.469521,4.417980670928955
1617,722066,LUAD,1.947156,2.017378568649292
1036,724859,LUAD,3.006958,4.054226875305176
1930,724873,LUAD,0.076935,0.27666962146759033
1012,908460,LUAD,4.396985,4.832346439361572
1852,687802,LUAD,6.027837,6.354469299316406
1933,905942,LUAD,5.201678,4.485920429229736
1941,687812,LUAD,-5.925974,-4.802302837371826
1855,905967,LUAD,4.099235,4.450798988342285
1093,924244,LUAD,4.334452,4.304374694824219
1625,1290908,LUAD,4.233789,4.042370319366455
1054,908465,LUAD,3.348328,3.5412611961364746
1614,687802,LUAD,7.150166,6.676211833953857
1179,905946,BRCA,3.968648,2.5903139114379883
1853,1240172,BRCA,2.894008,4.081123352050781
2111,924240,BRCA,4.919727,4.273131370544434
1940,910704,BRCA,3.370494,3.148740768432617
1073,924240,BRCA,5.326592,5.351162910461426
1549,925338,BRCA,3.116075,5.093720436096191
1073,749712,BRCA,5.841372,4.39036750793457
1006,905945,BRCA,3.949093,3.421204090118408
1030,1290905,BRCA,6.626914,6.4187211990356445
1036,924106,BRCA,4.405102,5.69747257232666
1190,906812,BRCA,3.243616,0.5736626386642456
1375,908151,BRCA,6.027724,5.138675689697266
1624,906862,BRCA,1.149011,-0.09741169214248657
1010,749711,BRCA,3.502215,3.8010191917419434
1594,946382,BRCA,0.740265,0.8395894765853882
1578,1298157,BRCA,5.514655,5.503966331481934
1068,906826,BRCA,2.103435,2.1775448322296143
2169,749710,BRCA,4.183403,3.6398417949676514
1916,749710,BRCA,3.554112,3.093247175216675
1093,1290905,BRCA,5.451989,5.759798526763916
1908,924240,BRCA,3.0865,2.4389946460723877
1635,905960,BRCA,5.257366,5.046367645263672
1507,905951,BRCA,6.383989,4.9104204177856445
1190,1240172,BRCA,0.835353,1.5188534259796143
1179,907046,BRCA,1.64695,0.2511643171310425
1052,749712,BRCA,2.531165,2.965219259262085
1086,906826,BRCA,0.614485,-0.6141778826713562
1621,749715,BRCA,5.260578,5.039535045623779
1179,906844,BRCA,0.056093,-1.0766215324401855
1373,749709,BRCA,5.957892,5.138304710388184
1191,905957,BRCA,-6.004333,-5.5457353591918945
1620,909256,BRCA,4.087113,4.242962837219238
1199,749710,BRCA,3.741235,3.6526834964752197
1594,905945,BRCA,1.289217,1.2570772171020508
1512,1290905,BRCA,7.271582,6.776662826538086
1632,905957,BRCA,4.303794,3.5648839473724365
1025,749717,BRCA,6.773728,5.930196762084961
1919,749714,BRCA,1.277829,1.4510822296142578
1049,1298157,BRCA,4.956169,4.621201038360596
2111,749711,BRCA,5.30403,5.257485389709473
1200,946359,BRCA,3.506564,3.9844298362731934
1558,1298157,BRCA,1.642622,3.1833691596984863
1996,749717,BRCA,3.96796,4.259366035461426
1632,749709,BRCA,4.254618,3.8694887161254883
1085,907045,BRCA,1.931062,1.600616216659546
1924,905957,BRCA,1.648256,1.5022828578948975
1854,749709,BRCA,3.483681,3.6967029571533203
1563,749715,BRCA,5.36291,5.697414398193359
1932,905946,BRCA,3.873231,3.0628578662872314
1088,906801,BRCA,3.193829,4.071426868438721
1911,1303900,BRCA,-3.774434,-3.574676275253296
1558,908122,BRCA,0.707376,1.0052967071533203
1080,949093,BRCA,1.750526,0.8941900730133057
1057,905951,BRCA,-2.266315,-2.343907356262207
1786,946359,BRCA,2.778521,3.212233066558838
2047,1298157,BRCA,3.388463,3.325343370437622
1054,946382,BRCA,3.274864,4.126917839050293
1007,906844,BRCA,-5.711603,-5.05010986328125
1936,906812,BRCA,2.217251,2.2724533081054688
1177,907045,BRCA,5.280516,4.608935356140137
1912,909907,BRCA,3.313706,3.4827311038970947
1237,1290922,BRCA,4.266843,5.355246543884277
1022,925338,BRCA,-1.981769,-0.1598430871963501
1010,907045,BRCA,2.265505,2.0429139137268066
1510,906851,BRCA,5.467471,4.618548393249512
1621,905945,BRCA,3.819682,4.8838629722595215
1046,946359,BRCA,2.918898,4.016663074493408
1559,907048,BRCA,-2.080449,-1.621819257736206
1168,905945,BRCA,2.538444,2.8122055530548096
1089,907046,BRCA,4.598752,4.023379802703857
1927,910948,BRCA,5.851729,5.813261985778809
1922,924106,BRCA,1.592659,2.214644432067871
1561,749713,BRCA,0.288934,0.14670780301094055
1560,906844,BRCA,3.683013,3.10164475440979
1629,1290922,BRCA,5.082262,4.6783223152160645
1199,946359,BRCA,5.622806,5.051688194274902
1557,1290798,BRCA,1.734617,5.144152641296387
1089,907048,BRCA,4.427511,4.182155132293701
1179,749715,BRCA,1.537185,0.9538785219192505
1553,907046,BRCA,-0.528888,2.3397796154022217
1631,910927,BRCA,3.399465,3.5592288970947266
1049,906844,BRCA,3.241444,2.2949111461639404
1249,906812,BRCA,3.535289,3.1225805282592773
1927,1240172,BRCA,4.72248,5.578813076019287
1091,905946,BRCA,3.928561,3.060567855834961
1007,1330941,BRCA,-2.246963,-3.4956979751586914
1372,905957,BRCA,0.278872,0.7216805219650269
2044,1290798,BRCA,4.348396,5.1799163818359375
1941,1290922,BRCA,-3.473357,-4.503200531005859
1631,925338,BRCA,5.221343,4.683720588684082
1997,910927,BRCA,3.170138,3.7430901527404785
2043,749714,BRCA,5.328588,5.261201858520508
1561,749717,BRCA,3.629126,3.351954936981201
1913,749711,BRCA,4.188793,4.36877965927124
1088,905946,BRCA,5.441412,3.403898239135742
1084,1240172,BRCA,-1.568237,-0.7639339566230774
1594,1290905,BRCA,2.855298,5.651987075805664
1557,909256,BRCA,-0.738787,3.2445387840270996
1192,1240172,BRCA,5.916894,3.925034284591675
1549,749716,BRCA,0.789987,-0.293734073638916
1073,1298157,BRCA,5.883282,5.907822608947754
2044,910927,BRCA,3.637404,2.7136964797973633
1006,910927,BRCA,-1.082517,-0.3682102560997009
1629,1303900,BRCA,4.431877,4.20676326751709
1050,946359,BRCA,4.181466,4.3324995040893555
1046,949093,BRCA,3.335111,7.146573066711426
1053,946382,BRCA,1.027062,-0.2639901041984558
1613,924240,BRCA,4.271584,4.338848114013672
1560,946382,BRCA,4.133809,2.0079777240753174
1131,1298157,BRCA,5.117455,4.991940975189209
1034,946382,BRCA,-1.183125,-2.673659563064575
2096,908122,BRCA,1.95243,2.304713010787964
1054,749712,BRCA,3.310621,3.1419169902801514
1624,907046,BRCA,1.862369,1.9536552429199219
1177,910704,BRCA,4.601194,4.346006870269775
1910,905957,BRCA,2.24152,2.80003023147583
1054,1240172,BRCA,4.831673,4.970459461212158
1004,1303900,BRCA,-3.469972,-1.0440375804901123
1003,949093,BRCA,2.115236,2.9673407077789307
2109,1298157,BRCA,3.264225,3.158750295639038
1873,907045,BRCA,2.123758,2.4674861431121826
1799,906801,BRCA,3.977474,2.1742470264434814
1922,910704,BRCA,1.838257,2.0209550857543945
1909,905951,BRCA,4.570137,3.8148980140686035
1557,749709,BRCA,5.209158,4.62191915512085
2109,925338,BRCA,3.91271,2.165820598602295
1928,907045,BRCA,4.239246,4.0542144775390625
1855,1330941,BRCA,2.720208,4.323580741882324
1613,905951,BRCA,2.515168,2.8800301551818848
1549,749717,BRCA,3.970892,4.283694744110107
1512,907048,BRCA,4.370309,4.718786239624023
1926,749710,BRCA,0.019675,0.36071234941482544
1052,1290798,BRCA,4.365193,4.009263038635254
1507,924240,BRCA,4.492037,5.041842937469482
1594,949093,BRCA,2.682929,6.0238728523254395
2111,749709,BRCA,4.904329,4.409576416015625
1939,908122,BRCA,1.968796,3.957732677459717
1598,749712,BRCA,3.905567,4.063694477081299
1237,1330941,BRCA,5.318383,5.41594123840332
2111,1298157,BRCA,4.056456,5.017091751098633
1919,906844,BRCA,0.470463,1.5695855617523193
1635,906826,BRCA,6.858601,7.249680995941162
1250,906862,BRCA,1.104086,1.1630241870880127
1940,905951,BRCA,2.658615,4.774953842163086
1089,924106,BRCA,0.905533,1.1214014291763306
1022,910704,BRCA,0.357283,1.0667644739151
1924,907048,BRCA,0.69506,0.05009573698043823
1249,1330941,BRCA,4.950366,4.542873859405518
1614,905960,BRCA,4.111484,3.116553544998169
1919,906862,BRCA,1.948236,0.9490978121757507
1507,1298157,BRCA,5.560462,6.028764247894287
1050,907045,BRCA,2.857178,3.827742338180542
1058,906826,BRCA,1.932982,1.9606308937072754
1997,1298157,BRCA,4.892157,3.1528589725494385
1922,1290798,BRCA,2.967853,2.3938400745391846
1012,906862,BRCA,0.756165,0.29119783639907837
1042,908123,BRCA,5.106313,3.9677391052246094
1853,908151,BRCA,2.247645,2.6060526371002197
1620,749711,BRCA,5.342821,5.256234169006348
1083,907048,BRCA,2.61353,2.5250802040100098
1046,905945,BRCA,2.832213,2.7103939056396484
1908,907048,BRCA,2.923634,2.076418161392212
1553,749712,BRCA,1.859264,1.3226113319396973
1052,906844,BRCA,0.591896,0.2728903293609619
1192,906826,BRCA,4.834843,5.621547698974609
1936,910910,BRCA,4.282613,3.0801916122436523
1873,906851,BRCA,0.722791,0.4676489531993866
1088,925338,BRCA,4.308597,4.770105361938477
1939,908121,BRCA,3.890014,4.030220985412598
1073,749717,BRCA,4.015417,5.782620906829834
1911,749717,BRCA,-3.311317,-3.566648244857788
1932,1240172,BRCA,5.102744,4.198177337646484
1919,910927,BRCA,1.674584,1.9460461139678955
2109,908121,BRCA,2.431312,2.4925718307495117
1622,905957,BRCA,3.826508,4.631200313568115
1180,905960,BRCA,-3.422975,-2.802549123764038
1578,910704,BRCA,5.248218,4.849061965942383
1054,1330941,BRCA,4.51008,5.082493782043457
1933,908122,BRCA,2.461619,4.332601070404053
1512,905960,BRCA,5.275851,4.878440856933594
1199,908122,BRCA,2.868764,3.5603837966918945
1926,749712,BRCA,1.082789,-0.02447184920310974
1038,908121,BRCA,2.199403,3.3880555629730225
1912,908151,BRCA,3.642125,2.836075782775879
1032,749714,BRCA,2.3266,2.401838541030884
1624,910948,BRCA,4.708731,5.58819055557251
1629,907046,BRCA,4.332468,4.010401248931885
1507,905946,BRCA,5.530682,5.825857162475586
1922,906812,BRCA,2.10873,1.767401933670044
2111,907048,BRCA,4.544514,2.9062747955322266
1849,924240,BRCA,-0.660635,0.015156477689743042
1625,906826,BRCA,7.313432,7.568982124328613
1853,909907,BRCA,4.724958,5.137918949127197
1913,908123,BRCA,3.366798,3.6893696784973145
2096,908151,BRCA,3.092427,1.1303869485855103
1375,1240172,BRCA,6.297803,6.394784450531006
1939,906844,BRCA,1.578696,1.376476764678955
1052,906826,BRCA,3.388095,5.863483905792236
1192,907046,BRCA,2.522375,1.6717751026153564
1005,908123,BRCA,1.346241,3.3552088737487793
1909,908151,BRCA,2.046099,1.5011816024780273
1909,910910,BRCA,3.863955,3.6727192401885986
1854,925338,BRCA,4.457349,4.222446918487549
2044,749717,BRCA,3.192351,3.694791793823242
1168,749710,BRCA,2.056593,1.394212245941162
1578,924240,BRCA,4.521233,5.203056335449219
2046,749714,BRCA,1.877531,4.19381856918335
1511,910910,BRCA,-0.350013,-1.1981642246246338
1179,924240,BRCA,3.175208,2.627302408218384
1549,906812,BRCA,4.519009,3.5042331218719482
1017,1290798,BRCA,4.503029,5.002826690673828
1085,906801,BRCA,2.099914,2.6969501972198486
1913,949093,BRCA,7.277745,6.588691234588623
1089,910704,BRCA,4.794872,3.527993679046631
1620,749709,BRCA,5.24432,5.244736194610596
1931,1290798,BRCA,5.95027,5.935921669006348
1179,946382,BRCA,2.275073,2.0864524841308594
1561,906862,BRCA,0.499757,-0.7241663336753845
2046,905945,BRCA,4.807165,4.79995059967041
1911,910704,BRCA,-3.465757,-4.849992275238037
1617,749711,BRCA,2.108214,2.2754688262939453
1615,1290922,BRCA,4.860434,5.009490966796875
1007,907045,BRCA,-0.984553,-0.42786532640457153
1005,1290905,BRCA,7.472223,6.756700038909912
1939,1298157,BRCA,2.500008,3.0611770153045654
1373,1290798,BRCA,5.506516,5.174657344818115
1561,909907,BRCA,2.513473,1.8418214321136475
1560,905946,BRCA,2.25542,4.1605353355407715
1375,905945,BRCA,6.87187,7.181248664855957
1047,909778,BRCA,5.075261,5.294961452484131
1191,906851,BRCA,-5.346493,-4.656728267669678
1053,1290905,BRCA,6.320276,6.633368492126465
1576,910704,BRCA,2.120306,2.945452928543091
1922,909907,BRCA,5.798937,3.9664061069488525
1013,946359,BRCA,3.020439,3.77406644821167
1563,749709,BRCA,5.727014,5.651458740234375
1096,749709,BRCA,4.080924,4.361215114593506
1564,905951,BRCA,3.58713,5.3935546875
1529,905960,BRCA,0.72928,0.4634057283401489
1854,946382,BRCA,5.204403,3.4556446075439453
1926,1290905,BRCA,3.922907,4.998483180999756
1862,905946,BRCA,-1.626807,-1.235779047012329
1913,1303900,BRCA,3.787976,4.465173721313477
1908,924106,BRCA,4.134872,2.712311267852783
1932,949093,BRCA,8.021981,6.281094074249268
2044,1240172,BRCA,2.6363,3.426612138748169
1558,749709,BRCA,1.789904,2.512272834777832
1622,1290905,BRCA,5.568048,5.151841163635254
1560,906851,BRCA,1.177257,3.551549196243286
1629,1330941,BRCA,4.420276,4.376057147979736
1918,910927,BRCA,3.36002,2.4916110038757324
1931,910948,BRCA,7.195819,6.531784534454346
1005,909778,BRCA,3.248483,4.694798469543457
1191,907046,BRCA,-6.036086,-4.7462615966796875
1054,910704,BRCA,3.258484,3.0867974758148193
1036,749712,BRCA,4.042838,4.134782791137695
1854,905946,BRCA,5.585008,5.123136043548584
1047,749712,BRCA,4.666221,5.715893268585205
1013,1330941,BRCA,2.536719,3.365480422973633
1250,749709,BRCA,3.385134,3.8483223915100098
1926,749717,BRCA,1.122491,1.209421992301941
1249,907048,BRCA,3.298801,3.0019490718841553
1091,749712,BRCA,1.489239,0.9856189489364624
1025,1290922,BRCA,4.79581,5.133200645446777
1932,910927,BRCA,3.912415,3.052119731903076
1052,910852,BRCA,4.008933,3.242309093475342
1634,907045,BRCA,2.953214,3.2056527137756348
1034,905957,BRCA,-5.100336,-6.1622395515441895
1614,907046,BRCA,1.758144,2.8704116344451904
1786,946382,BRCA,3.235554,3.2401199340820312
1011,910927,BRCA,1.398764,3.067291736602783
1925,906844,BRCA,3.953856,3.93916392326355
1005,908122,BRCA,4.183536,2.884617567062378
1917,1290922,BRCA,1.017821,2.4977564811706543
1622,908123,BRCA,2.349271,2.330575942993164
2172,1303900,BRCA,2.767916,3.7485132217407227
1549,908121,BRCA,1.728644,3.6514720916748047
1912,906851,BRCA,1.315808,0.9346847534179688
1017,909256,BRCA,3.497044,4.215897560119629
1085,908122,BRCA,1.822385,1.6797757148742676
1177,749717,BRCA,5.98943,5.03774881362915
2111,909907,BRCA,7.065288,5.775331974029541
1085,749711,BRCA,2.289262,3.119016408920288
1853,907046,BRCA,5.08176,4.328959941864014
1057,910704,BRCA,-1.630949,-3.214141845703125
1941,946382,BRCA,-5.677928,-3.5668435096740723
1634,749715,BRCA,5.213384,4.399757385253906
1925,749717,BRCA,5.882279,5.342453956604004
2106,905946,BRCA,1.710931,1.9281983375549316
2172,905945,BRCA,3.49621,3.369877338409424
1613,910852,BRCA,2.641943,3.6206705570220947
1617,946359,BRCA,2.270474,3.744422435760498
1032,910948,BRCA,3.117772,3.035426378250122
1593,1290905,BRCA,1.081593,0.4382818341255188
1560,749717,BRCA,4.143153,5.001548767089844
1936,749712,BRCA,3.017017,2.7288899421691895
1933,906801,BRCA,3.5828,4.275821208953857
1372,1240172,BRCA,1.900266,3.197204828262329
1626,924240,BRCA,3.755604,4.334116458892822
2106,905960,BRCA,3.536629,3.27229905128479
1853,946359,BRCA,4.087169,3.6973249912261963
1050,749711,BRCA,2.229085,3.71885085105896
2107,905957,BRCA,4.881595,4.3108086585998535
1932,907048,BRCA,3.204402,3.8159306049346924
1594,749713,BRCA,1.958467,2.428762435913086
1168,905951,BRCA,4.21896,3.7616446018218994
1373,924240,BRCA,4.359399,4.435361862182617
1268,1290922,BRCA,3.827078,4.409361839294434
1941,946359,BRCA,-3.559094,-1.2821569442749023
1047,908151,BRCA,1.767561,3.204360008239746
1908,925338,BRCA,3.865341,1.2309529781341553
1034,906851,BRCA,-2.436383,-2.2215685844421387
1916,1298157,BRCA,3.624755,3.85107421875
1017,906851,BRCA,5.186683,4.904972076416016
1053,749712,BRCA,1.34357,1.0846540927886963
1011,908122,BRCA,2.352062,3.4568002223968506
1180,905951,BRCA,-1.879449,-2.7330427169799805
1908,908151,BRCA,3.752799,-0.5397060513496399
1594,1240172,BRCA,2.103838,4.644102573394775
1593,906812,BRCA,1.414237,0.8146486282348633
1191,908123,BRCA,-6.124305,-6.076862335205078
1913,749715,BRCA,3.355473,4.484211444854736
1054,905957,BRCA,4.010133,4.178670883178711
1624,910927,BRCA,5.56391,3.4131734371185303
1855,910927,BRCA,3.222763,2.06839919090271
1635,906844,BRCA,4.095558,4.122421741485596
1073,910704,BRCA,2.736257,3.585866928100586
1168,946359,BRCA,2.864461,4.239332675933838
1631,749717,BRCA,4.935365,5.4535040855407715
1917,909907,BRCA,5.234665,5.630522727966309
1932,749715,BRCA,1.891164,2.800543785095215
1131,749717,BRCA,5.622753,5.600345134735107
1032,1290922,BRCA,0.326535,-0.555898904800415
1576,906812,BRCA,2.960089,2.7331719398498535
1084,749709,BRCA,-3.040542,-2.3930928707122803
1932,910910,BRCA,3.954215,5.059848308563232
1052,749713,BRCA,4.134639,3.8057219982147217
2047,907048,BRCA,2.434315,2.076418161392212
1013,1290922,BRCA,2.284125,3.0126917362213135
1073,1330941,BRCA,6.175894,5.748013973236084
2047,905951,BRCA,4.78051,5.886989116668701
1631,905960,BRCA,3.773301,2.2237958908081055
1916,906862,BRCA,-1.263874,-1.5417916774749756
1634,924240,BRCA,4.193012,3.682527780532837
2107,905960,BRCA,4.618944,4.839895725250244
1089,910852,BRCA,4.759225,4.886754035949707
1622,910927,BRCA,3.841277,3.9471688270568848
1635,946359,BRCA,5.957966,5.879593372344971
1913,910927,BRCA,4.767701,4.412289142608643
1259,908121,BRCA,5.072851,3.7026829719543457
1011,924240,BRCA,-0.046899,0.5745687484741211
1625,905946,BRCA,6.000223,5.532800674438477
1191,749709,BRCA,-5.487986,-4.879972457885742
1553,906826,BRCA,6.511333,4.677925109863281
1922,910910,BRCA,2.126805,2.94309139251709
2106,749711,BRCA,4.882649,5.212867736816406
1034,908121,BRCA,-2.624069,-3.281208038330078
1855,910704,BRCA,3.175201,3.584817409515381
1050,924106,BRCA,0.67992,2.3870301246643066
1553,749716,BRCA,2.832373,2.7358546257019043
1925,924106,BRCA,4.307528,4.529899597167969
1621,905957,BRCA,4.533511,3.925168991088867
2172,905946,BRCA,0.713623,3.8938584327697754
1853,906826,BRCA,6.974723,5.822831153869629
1177,906812,BRCA,5.458886,5.2755126953125
1922,905946,BRCA,3.75772,3.150334358215332
1036,1240172,BRCA,6.060956,5.157958030700684
1086,749717,BRCA,1.941447,-0.3469391465187073
1559,1290922,BRCA,-3.166615,-2.886052370071411
1268,749710,BRCA,3.850098,4.705092430114746
1017,908122,BRCA,5.515897,4.690920829772949
1924,910704,BRCA,2.411441,1.5570456981658936
1007,924240,BRCA,-4.337736,-4.556694984436035
1928,1303900,BRCA,4.700215,4.163032531738281
1011,749710,BRCA,1.613497,1.9098105430603027
1928,749715,BRCA,2.375128,3.707641363143921
1635,749717,BRCA,5.923401,5.810484409332275
1190,1330941,BRCA,5.042018,4.589986801147461
1578,908121,BRCA,5.515135,4.978365898132324
1038,907048,BRCA,2.567169,2.386794328689575
1635,1290905,BRCA,6.167914,6.447165489196777
2106,1303900,BRCA,5.209944,4.832157611846924
1922,908122,BRCA,2.605511,2.506793975830078
1559,905960,BRCA,-3.457536,-3.5037617683410645
1200,749709,BRCA,2.800542,2.7032315731048584
1012,749709,BRCA,3.045067,2.007164478302002
1259,906862,BRCA,2.94952,3.4915528297424316
1085,749715,BRCA,2.532946,2.419264554977417
1909,1303900,BRCA,-3.589562,-0.014552712440490723
1073,906844,BRCA,2.571143,2.6716060638427734
1862,949093,BRCA,1.865416,3.0449678897857666
1250,908151,BRCA,4.249946,2.564059257507324
1042,907046,BRCA,3.815234,3.3186354637145996
1096,749711,BRCA,2.716952,3.891303062438965
1059,905957,BRCA,-1.747574,-1.2494533061981201
1086,1330941,BRCA,1.420224,2.552121877670288
2106,906812,BRCA,1.039041,1.8148314952850342
1507,1290922,BRCA,5.597296,5.62736701965332
1854,1298157,BRCA,4.766306,4.472567081451416
1083,910910,BRCA,3.879638,2.9197521209716797
1052,749716,BRCA,4.125093,2.6732590198516846
1032,946382,BRCA,3.289331,1.4016993045806885
1930,749715,BRCA,0.587733,0.39706823229789734
1010,906851,BRCA,4.134787,4.018617630004883
1922,910927,BRCA,1.467573,1.8978819847106934
1913,749717,BRCA,5.175473,4.881655693054199
1618,749717,BRCA,5.120772,5.3307414054870605
1632,749717,BRCA,4.642447,4.888946533203125
2047,906844,BRCA,-1.570589,-1.9403784275054932
1046,905946,BRCA,2.289252,2.9386372566223145
1080,946359,BRCA,-2.095657,-0.5982372164726257
1911,905957,BRCA,-3.041352,-5.504445552825928
1996,910704,BRCA,2.671209,4.42268180847168
1909,749715,BRCA,2.64215,1.6547703742980957
1131,909256,BRCA,5.841867,3.114319324493408
2045,906851,BRCA,4.604857,5.241729259490967
1021,924240,BRCA,3.859141,3.1717910766601562
2109,907048,BRCA,3.018459,2.5010507106781006
1917,749714,BRCA,2.889054,2.8559508323669434
1036,906801,BRCA,3.869234,4.0775227546691895
1012,910704,BRCA,0.611266,1.4770891666412354
1635,906862,BRCA,4.316646,3.9627819061279297
1910,1290922,BRCA,-0.409071,-0.1442643404006958
1598,908122,BRCA,2.199234,2.632171392440796
1083,749716,BRCA,4.622847,2.9368841648101807
1630,1240172,BRCA,5.436194,4.84340238571167
1620,909907,BRCA,6.67469,6.315059661865234
2110,910852,BRCA,5.147909,4.807880401611328
1050,749714,BRCA,2.80526,3.2763328552246094
1931,749715,BRCA,3.879743,5.457503318786621
2044,908123,BRCA,2.852798,2.501248836517334
1129,749709,BRCA,3.072131,1.9159467220306396
1634,749709,BRCA,4.425586,2.1095101833343506
1083,906826,BRCA,4.580418,5.1460041999816895
1578,749717,BRCA,6.882867,5.545166969299316
1996,909256,BRCA,2.899353,3.398791551589966
1996,908123,BRCA,3.143454,3.4337074756622314
1997,908151,BRCA,3.592792,4.409183979034424
1372,946359,BRCA,4.003131,2.8464620113372803
1925,910852,BRCA,4.400524,5.418710708618164
1622,1330941,BRCA,4.516521,4.441158771514893
1613,946359,BRCA,6.163539,4.308258533477783
1052,924240,BRCA,2.695548,2.4664995670318604
2044,910948,BRCA,4.227642,3.2035388946533203
1083,1298157,BRCA,3.054825,4.633218288421631
1941,749710,BRCA,-2.349973,-2.4080617427825928
2044,906826,BRCA,4.801958,5.807509422302246
1177,905960,BRCA,3.010579,4.246578216552734
1862,908122,BRCA,-0.857288,-1.5918939113616943
1192,905957,BRCA,2.388199,1.9984030723571777
1011,946382,BRCA,1.142873,2.4221110343933105
1529,749717,BRCA,1.641309,0.6091861128807068
1091,949093,BRCA,5.026978,5.465089797973633
1006,908122,BRCA,1.44949,2.1054930686950684
1017,909778,BRCA,3.907036,4.55559778213501
1093,946359,BRCA,3.788883,4.914244651794434
1030,907048,BRCA,2.978435,3.804029703140259
1786,1303900,BRCA,2.203029,2.756126880645752
1030,906812,BRCA,4.297503,4.933460235595703
1013,908122,BRCA,2.498962,1.4628143310546875
1598,910852,BRCA,3.642311,4.677360534667969
1622,749714,BRCA,4.211057,4.44976806640625
1060,749711,BRCA,2.242383,1.7300653457641602
1627,906801,BRCA,2.320622,2.319467544555664
1073,905946,BRCA,3.580482,5.739207744598389
1004,905957,BRCA,-4.90257,-5.580397605895996
1925,908121,BRCA,4.071049,4.100159645080566
2169,1290905,BRCA,7.345834,7.450370788574219
1625,1290922,BRCA,4.732026,4.794790744781494
1191,749710,BRCA,-4.167982,-4.413118362426758
1918,906851,BRCA,1.666082,2.0642282962799072
1913,1290905,BRCA,6.854596,6.326529502868652
1553,908122,BRCA,-0.461584,-0.7565835118293762
1507,905957,BRCA,5.074394,4.668038845062256
1786,749717,BRCA,2.106706,3.718210220336914
1129,906862,BRCA,3.269373,3.003791570663452
1913,906862,BRCA,3.519164,3.1545393466949463
2111,949093,BRCA,7.99915,7.898941993713379
2172,749714,BRCA,3.415598,3.5278491973876953
1046,749717,BRCA,1.990916,2.9120936393737793
1373,924106,BRCA,5.674619,4.316548824310303
1635,749710,BRCA,5.778088,5.884091377258301
1053,908121,BRCA,1.31184,0.751468300819397
1932,906851,BRCA,4.062768,4.248349666595459
1511,1298157,BRCA,0.617179,-1.1517162322998047
1558,905960,BRCA,2.356312,3.1008267402648926
1629,925338,BRCA,3.114395,4.017937660217285
1088,906826,BRCA,3.767719,3.6772735118865967
2110,905945,BRCA,4.283207,4.6844282150268555
1624,905957,BRCA,1.510299,0.9048346281051636
2043,946359,BRCA,5.387909,5.341153144836426
1034,749715,BRCA,-1.785212,-3.2023866176605225
1862,946382,BRCA,-1.379262,-1.2741165161132812
1852,908122,BRCA,5.239916,5.037655830383301
1093,946382,BRCA,3.958061,3.3055644035339355
1917,906826,BRCA,3.163007,2.622997522354126
1510,1303900,BRCA,5.619437,2.670119047164917
1052,905951,BRCA,1.803904,2.1874773502349854
1926,910852,BRCA,0.242539,0.2910149395465851
1005,749717,BRCA,4.978177,3.4678633213043213
1786,908121,BRCA,2.68355,2.204303026199341
1091,910852,BRCA,1.237884,1.6393835544586182
1852,906844,BRCA,2.96482,3.984201431274414
1913,1290922,BRCA,5.326131,4.517045974731445
2096,910948,BRCA,3.224206,4.194757461547852
1855,908121,BRCA,4.307363,2.866030216217041
1096,905960,BRCA,2.732498,2.6144981384277344
1928,910704,BRCA,3.714983,3.5263147354125977
1615,1330941,BRCA,5.681832,5.2589592933654785
1940,1298157,BRCA,3.647493,3.679976463317871
1017,905960,BRCA,4.135779,4.520674705505371
1012,1290906,BRCA,1.004464,0.8588680028915405
1083,908123,BRCA,1.335302,2.0238423347473145
1021,749714,BRCA,4.365708,4.294439792633057
1373,1303900,BRCA,6.037306,4.656885147094727
2106,909907,BRCA,2.975906,3.7666728496551514
1007,1298157,BRCA,-5.589613,-4.7621331214904785
1025,1290905,BRCA,7.510264,7.325665473937988
1168,924240,BRCA,2.717565,2.100121021270752
1054,908122,BRCA,2.289858,2.4206254482269287
1631,908123,BRCA,2.587616,3.285062789916992
1916,905951,BRCA,2.647607,2.4387223720550537
2048,910948,BRCA,-1.551478,-2.8808212280273438
1617,1240172,BRCA,5.064884,3.5178937911987305
1192,1290922,BRCA,3.459528,3.187915802001953
1909,905945,BRCA,2.062908,2.608262777328491
1624,908121,BRCA,2.519547,3.2594008445739746
1625,905951,BRCA,3.63249,4.823223114013672
1192,749710,BRCA,4.934319,3.7753400802612305
1053,1290798,BRCA,2.624951,1.8787672519683838
1924,910927,BRCA,1.362114,1.699272632598877
1021,1290798,BRCA,5.43934,4.209634780883789
1617,906826,BRCA,5.335711,3.2242631912231445
1168,946382,BRCA,3.348287,2.568443775177002
1925,925338,BRCA,4.315948,4.623228073120117
1068,1290922,BRCA,1.930425,2.1468088626861572
1576,924240,BRCA,1.859807,2.7913835048675537
1250,905957,BRCA,0.411308,0.6763989925384521
1909,907048,BRCA,2.164248,2.2266085147857666
1003,909778,BRCA,-0.524717,0.3494507670402527
2040,908151,BRCA,1.121337,1.6651849746704102
1512,910910,BRCA,5.557049,5.690022945404053
2107,909256,BRCA,3.639121,4.096834659576416
1073,1290798,BRCA,6.880987,6.184456825256348
1576,910927,BRCA,3.292673,2.5567901134490967
1578,749714,BRCA,5.693719,5.610988140106201
1268,1240172,BRCA,4.33124,5.352461814880371
1594,1298157,BRCA,1.3525,2.7155003547668457
1030,905951,BRCA,3.685844,4.029587268829346
1910,946382,BRCA,2.598195,2.5805463790893555
1940,749715,BRCA,1.883831,3.928745985031128
1080,910948,BRCA,-2.390429,-2.204583168029785
1918,906801,BRCA,3.527805,1.7603802680969238
1083,749715,BRCA,3.472391,3.7758679389953613
1011,908151,BRCA,1.754743,3.2996020317077637
1051,749712,BRCA,2.750769,2.5488102436065674
1933,906851,BRCA,4.113968,3.127779722213745
1036,749717,BRCA,5.918882,6.542842864990234
1249,906826,BRCA,4.306344,5.591053009033203
2109,749714,BRCA,2.640397,3.2357468605041504
1936,910927,BRCA,1.857881,2.143983840942383
1032,906862,BRCA,1.904104,1.0618854761123657
1799,1298157,BRCA,4.523191,3.761955499649048
1259,906801,BRCA,4.644595,3.088986873626709
1915,1298157,BRCA,3.36155,3.0200815200805664
1372,924106,BRCA,2.429133,2.985246419906616
1560,949093,BRCA,3.74657,5.762250900268555
1013,906812,BRCA,2.412069,1.8890135288238525
1006,749710,BRCA,3.841265,3.645446300506592
1089,1298157,BRCA,3.877089,5.474213600158691
1621,906844,BRCA,3.958478,2.0829761028289795
1594,749711,BRCA,3.065625,3.2336628437042236
1621,946359,BRCA,6.28877,5.997775554656982
1073,910948,BRCA,6.680041,6.609382629394531
1927,924106,BRCA,3.915456,5.048451900482178
1598,909907,BRCA,3.643226,4.767843246459961
1131,906801,BRCA,3.948406,4.554131984710693
1059,909256,BRCA,-2.866176,-2.4548020362854004
2107,1290905,BRCA,7.328274,6.66855525970459
2048,1290922,BRCA,-1.705823,-0.8838478922843933
1507,749711,BRCA,3.213919,4.17709493637085
1237,925338,BRCA,5.624549,5.154371738433838
1862,905960,BRCA,-1.747138,-1.779750108718872
1626,1240172,BRCA,4.534122,3.923452138900757
1635,910927,BRCA,5.279961,5.335108757019043
1564,749710,BRCA,2.432928,2.9451656341552734
1924,906812,BRCA,2.036516,2.757740020751953
1047,906812,BRCA,5.222275,4.332347393035889
1004,924106,BRCA,-5.559847,-4.880446434020996
1630,910927,BRCA,3.945207,3.967899799346924
2043,906801,BRCA,4.587674,4.372348308563232
1022,949093,BRCA,2.273661,7.091672897338867
1079,749712,BRCA,0.91007,0.03397136926651001
1199,749712,BRCA,2.214766,3.8569657802581787
1180,905945,BRCA,-1.285986,-2.257124423980713
1564,910927,BRCA,2.782229,2.846168041229248
1625,908151,BRCA,4.488821,3.924844264984131
2107,907048,BRCA,4.779842,4.907655239105225
1625,1240172,BRCA,5.933891,5.696107387542725
1375,906826,BRCA,9.644137,7.8604326248168945
1131,906844,BRCA,5.33888,2.838008165359497
1510,906812,BRCA,2.109371,2.8823206424713135
1631,749709,BRCA,4.981678,4.804144859313965
1629,749715,BRCA,4.757922,4.800107479095459
1594,908151,BRCA,-0.457172,4.499436378479004
1613,909907,BRCA,6.156256,4.551510334014893
1924,908121,BRCA,1.701174,1.0693331956863403
1507,905945,BRCA,5.206654,5.244141578674316
1618,905945,BRCA,3.698402,3.638378620147705
1917,749709,BRCA,2.596935,2.5732581615448
1059,1303900,BRCA,-0.027968,1.1837024688720703
1625,925338,BRCA,5.268304,4.978949546813965
1088,1290922,BRCA,3.993548,3.1778087615966797
2040,749709,BRCA,1.840634,0.43022873997688293
1034,749717,BRCA,-3.01584,-3.3688104152679443
1086,749715,BRCA,2.760033,-0.11627891659736633
1939,749714,BRCA,2.612399,2.779630661010742
1908,905957,BRCA,3.476866,2.53647780418396
1919,906812,BRCA,0.759885,1.2073132991790771
1073,749710,BRCA,5.747062,6.633669853210449
1022,946382,BRCA,2.480218,2.140064001083374
1051,749713,BRCA,4.283587,1.2968816757202148
1093,925338,BRCA,4.040979,4.203360080718994
1635,905951,BRCA,5.51242,5.513140678405762
1632,909256,BRCA,3.455612,3.1676077842712402
1598,906862,BRCA,3.026766,3.1605491638183594
1618,908151,BRCA,3.012273,3.6378538608551025
1032,905960,BRCA,1.678167,1.8653321266174316
1615,910948,BRCA,7.418883,6.440908432006836
1578,909256,BRCA,5.074649,4.83127498626709
1200,906812,BRCA,3.375089,2.793382167816162
1003,1303900,BRCA,-1.085408,0.05944240093231201
1936,749711,BRCA,0.92577,2.4289422035217285
1003,910948,BRCA,2.776031,1.2716469764709473
1511,905951,BRCA,-0.777686,0.49802640080451965
1073,946382,BRCA,4.737846,4.555483341217041
1996,749712,BRCA,4.22136,3.6660733222961426
1237,749709,BRCA,5.151336,5.195573806762695
1799,909907,BRCA,2.752501,-0.2309209704399109
1549,908122,BRCA,2.481582,2.2417092323303223
2045,906826,BRCA,7.513549,6.542760848999023
1168,906812,BRCA,1.938571,1.7717053890228271
1058,946382,BRCA,0.446671,-0.24117642641067505
1050,909778,BRCA,3.971916,2.834599018096924
1626,905951,BRCA,2.680217,3.2235474586486816
1622,906862,BRCA,3.587705,3.228872299194336
1059,906801,BRCA,-0.278838,0.22924524545669556
1786,906801,BRCA,3.158767,2.9852333068847656
1862,1330941,BRCA,0.425902,-0.9652586579322815
2107,908122,BRCA,5.241426,5.082474231719971
1012,1330941,BRCA,1.923712,0.619103729724884
1553,910948,BRCA,0.48784,0.33996647596359253
1373,749710,BRCA,5.788494,5.536659240722656
2048,924240,BRCA,-2.982611,-3.419673204421997
1614,749711,BRCA,5.341254,5.396285533905029
1862,925338,BRCA,-1.276915,-1.570955514907837
1239,749714,BRCA,5.643058,3.5763866901397705
1083,949093,BRCA,5.70508,5.841668605804443
2043,910927,BRCA,4.610818,4.854961395263672
1248,946382,BRCA,-3.425445,-4.13271951675415
1553,749709,BRCA,2.29347,0.8605358600616455
1373,905951,BRCA,5.499138,5.441186428070068
1250,905946,BRCA,5.497601,2.810062885284424
1096,910948,BRCA,1.557344,4.339021682739258
1996,1290905,BRCA,7.339606,5.4781999588012695
1941,749711,BRCA,-2.641047,-4.634784698486328
1059,1298157,BRCA,-0.406781,0.6424200534820557
1855,909907,BRCA,7.329198,5.27374792098999
1180,946382,BRCA,-1.840057,-3.2615556716918945
1007,749714,BRCA,-2.902607,-1.3814079761505127
1936,910704,BRCA,2.704437,3.0633087158203125
1047,906862,BRCA,4.553548,3.3974199295043945
1073,906812,BRCA,5.587042,5.678173542022705
1058,909778,BRCA,-0.611968,-1.2527518272399902
1626,749714,BRCA,4.237603,4.176056861877441
1625,749711,BRCA,5.326391,4.85977840423584
1012,749716,BRCA,1.783942,1.8202919960021973
1053,910910,BRCA,1.689717,1.9682588577270508
1059,906862,BRCA,-1.091506,-1.8551890850067139
1058,749709,BRCA,0.785105,-0.13859260082244873
1086,1298157,BRCA,-3.631544,-1.7100355625152588
1615,1303900,BRCA,4.699903,4.922080993652344
1786,906812,BRCA,0.997373,2.9378089904785156
1010,908151,BRCA,2.792826,2.7301721572875977
1927,924240,BRCA,4.307667,4.0431647300720215
1926,924106,BRCA,-0.74844,-0.49428653717041016
1933,910852,BRCA,5.102445,4.250998020172119
1908,749710,BRCA,1.501654,3.449585437774658
1564,910852,BRCA,1.802664,2.100151777267456
1912,906862,BRCA,-1.978411,-1.6352462768554688
1079,906826,BRCA,0.874833,1.5461313724517822
1932,906862,BRCA,1.739129,1.8563594818115234
1058,949093,BRCA,3.912258,4.553065299987793
1179,925338,BRCA,1.045456,0.29629915952682495
2045,909907,BRCA,6.496613,6.003900527954102
2047,749710,BRCA,3.18289,3.449585437774658
1613,749711,BRCA,4.065627,3.603882312774658
1936,925338,BRCA,3.359357,2.0519819259643555
1620,905951,BRCA,6.131844,5.601037502288818
2040,908121,BRCA,1.386493,1.504547119140625
1013,905957,BRCA,1.12184,2.333772897720337
1511,906851,BRCA,-0.070722,0.6953682899475098
1199,906801,BRCA,4.116528,3.815126657485962
2048,749711,BRCA,-5.634141,-0.9697076678276062
1080,909907,BRCA,0.508504,0.20370741188526154
1626,906844,BRCA,2.146804,1.0672852993011475
1926,908123,BRCA,0.422017,-0.08340799808502197
2111,905951,BRCA,4.598306,3.8501830101013184
1237,907048,BRCA,4.318523,4.642729759216309
1079,1240172,BRCA,4.388026,2.1426494121551514
1192,949093,BRCA,4.572195,4.988663673400879
1179,908123,BRCA,1.328256,0.4066478908061981
1560,905951,BRCA,4.095551,3.661804437637329
1576,946359,BRCA,3.139449,3.5803658962249756
1511,1290922,BRCA,-0.913339,0.12456582486629486
1926,906844,BRCA,0.560125,0.17122818529605865
1558,907048,BRCA,2.73863,2.4062840938568115
1553,910852,BRCA,4.564861,4.3435869216918945
1005,910948,BRCA,6.876465,7.154784679412842
1131,906826,BRCA,4.415085,5.669984340667725
1799,907046,BRCA,2.747192,3.8190670013427734
1620,910852,BRCA,3.958168,5.513551235198975
1058,749710,BRCA,0.915536,1.2874116897583008
1057,906826,BRCA,-3.026167,-2.3148136138916016
1096,906801,BRCA,3.054177,4.350384712219238
1940,907045,BRCA,4.108726,3.465733289718628
1852,905945,BRCA,3.106229,5.67568826675415
1032,910852,BRCA,2.761687,2.384740114212036
1927,906826,BRCA,7.310751,7.311298370361328
1621,1290905,BRCA,5.573467,7.210594177246094
1034,908122,BRCA,-2.056429,-2.8050198554992676
1786,910852,BRCA,4.268178,4.764047622680664
1909,749716,BRCA,3.3219,3.0314981937408447
1091,1290922,BRCA,1.048409,0.8022089004516602
1853,749717,BRCA,5.368398,6.0954203605651855
1004,907048,BRCA,-2.35452,-0.7068093419075012
1005,905957,BRCA,4.200458,3.4243109226226807
1192,925338,BRCA,3.327796,3.0563297271728516
2111,910852,BRCA,5.284174,4.3953166007995605
1620,908121,BRCA,4.900884,5.070718288421631
1052,909778,BRCA,3.334233,3.6227331161499023
1372,749713,BRCA,3.703033,3.216294288635254
1922,910852,BRCA,2.237157,2.443370819091797
2169,749717,BRCA,4.258851,4.496819496154785
1916,909256,BRCA,-1.048845,-1.5086274147033691
1006,1290905,BRCA,5.193723,5.4203572273254395
1060,908123,BRCA,0.930316,0.09228846430778503
1624,749710,BRCA,5.440815,5.665408134460449
1549,946382,BRCA,3.970361,3.4509801864624023
1054,749709,BRCA,4.887773,4.826372146606445
2047,910948,BRCA,3.696659,3.3684232234954834
2045,905945,BRCA,4.73666,5.394996643066406
1625,946359,BRCA,5.405221,5.681809902191162
1049,905945,BRCA,3.632196,4.614542007446289
1192,749709,BRCA,2.752556,2.825247049331665
2040,905960,BRCA,1.593969,1.2208048105239868
1560,924106,BRCA,1.017433,2.182748556137085
2048,910927,BRCA,-4.522387,-4.082973003387451
1050,1290798,BRCA,3.721554,4.199947357177734
1051,1290905,BRCA,4.429538,4.180896282196045
1549,909778,BRCA,0.162331,-0.44071853160858154
1593,749714,BRCA,2.798588,2.561871290206909
1553,908151,BRCA,2.460834,1.7167742252349854
1926,908151,BRCA,-1.329083,-1.2679758071899414
1924,909907,BRCA,4.976353,4.12604284286499
1073,907046,BRCA,4.622059,5.099271297454834
1915,749714,BRCA,2.719827,2.2195546627044678
1930,905946,BRCA,1.05481,0.7045822143554688
1786,924106,BRCA,3.709676,4.071674346923828
1096,906844,BRCA,-0.003313,1.290401577949524
1086,905960,BRCA,-1.191102,-0.8245683312416077
1046,749713,BRCA,0.321683,0.1203218549489975
1557,907045,BRCA,5.301937,4.087364673614502
1089,925338,BRCA,5.54103,4.221708297729492
1259,906851,BRCA,4.057363,5.066755771636963
1630,749711,BRCA,5.337967,4.935844421386719
1910,910948,BRCA,2.274209,2.656635046005249
1088,910910,BRCA,2.87051,1.9750127792358398
1913,907045,BRCA,3.31358,3.963261842727661
1617,910948,BRCA,3.677751,1.2711575031280518
2043,907045,BRCA,3.943039,4.11712646484375
1564,910948,BRCA,3.419362,4.88949728012085
1057,906851,BRCA,-1.05085,-1.5678203105926514
2107,924240,BRCA,4.774658,4.499748229980469
1085,1290905,BRCA,3.12488,2.404599905014038
1558,749715,BRCA,0.778416,0.3352277874946594
1931,946382,BRCA,5.030292,4.896953582763672
1096,907046,BRCA,2.09696,3.2278084754943848
1922,908121,BRCA,3.181034,2.321726083755493
1786,906851,BRCA,2.012316,2.8425850868225098
1997,1240172,BRCA,4.090791,3.9223122596740723
1932,908122,BRCA,3.970263,2.2687320709228516
1373,906826,BRCA,6.3011,6.736191749572754
1634,906851,BRCA,3.707124,3.561438798904419
1179,910852,BRCA,1.426274,0.5243707299232483
1918,1290922,BRCA,1.368791,0.3758711814880371
1007,910852,BRCA,-4.264956,-4.1491498947143555
1933,910927,BRCA,2.499568,2.497156858444214
1553,749713,BRCA,1.630858,1.7897624969482422
1549,905957,BRCA,3.899561,4.032410621643066
1073,907045,BRCA,6.399234,5.954373359680176
1030,910948,BRCA,5.102906,5.682925224304199
1615,946359,BRCA,6.658911,6.071897029876709
2040,907048,BRCA,2.366832,0.731015682220459
1634,1240172,BRCA,4.279135,4.5337982177734375
1625,910704,BRCA,5.38197,3.8329265117645264
1852,907048,BRCA,4.954303,5.1322126388549805
2096,749709,BRCA,2.491053,2.7935101985931396
1030,910704,BRCA,3.816371,4.1750898361206055
1625,749714,BRCA,5.808953,5.65144157409668
1249,905946,BRCA,5.168817,4.266166687011719
1507,749709,BRCA,4.740569,4.648813247680664
1372,909778,BRCA,-0.868618,0.5717677474021912
1096,905957,BRCA,2.388517,2.352966785430908
1512,910948,BRCA,6.639315,6.252212047576904
2111,1290905,BRCA,7.237569,6.977350234985352
2107,905951,BRCA,5.930169,5.570621490478516
1930,905945,BRCA,1.4361,0.8214415311813354
1578,749710,BRCA,5.163138,5.672344207763672
1032,906851,BRCA,1.865122,1.6696372032165527
1085,949093,BRCA,4.358306,5.283468723297119
1007,906801,BRCA,-4.190114,-4.393315315246582
1249,905957,BRCA,3.294283,3.3091838359832764
1625,905960,BRCA,5.249771,4.060976505279541
1922,1290922,BRCA,1.684791,0.3166554868221283
1051,906862,BRCA,2.065272,1.3999078273773193
1621,749710,BRCA,5.372001,6.157690048217773
1086,906801,BRCA,2.505063,-0.22231316566467285
1852,905957,BRCA,5.096069,4.791990756988525
1558,946382,BRCA,3.633911,1.949997901916504
1563,749710,BRCA,6.300371,6.578128337860107
1051,909778,BRCA,5.632746,3.9203178882598877
1004,908121,BRCA,-5.964192,-5.2810797691345215
1613,905946,BRCA,5.337489,5.500707626342773
1618,908123,BRCA,2.418085,2.74072527885437
1199,909907,BRCA,4.738827,5.501523017883301
1593,907048,BRCA,0.333865,1.6035010814666748
1916,908121,BRCA,2.093665,1.5362827777862549
1510,946382,BRCA,4.396507,4.260314464569092
1925,910948,BRCA,5.930411,5.824580192565918
1036,1330941,BRCA,4.706709,5.4976348876953125
1190,909907,BRCA,4.86883,5.247434616088867
1996,907048,BRCA,4.12898,3.621103525161743
1085,749714,BRCA,3.86979,3.2554850578308105
1510,749711,BRCA,3.466814,4.108836650848389
1930,749712,BRCA,1.060489,0.9930987358093262
1007,946382,BRCA,-5.064987,-4.769933223724365
1615,906844,BRCA,3.296582,3.8772990703582764
1054,905945,BRCA,3.401869,4.229601860046387
1594,905946,BRCA,0.735587,2.5620005130767822
1085,946359,BRCA,1.682216,2.943833351135254
1372,925338,BRCA,2.067071,1.9015166759490967
1630,905960,BRCA,2.88804,2.9543347358703613
1089,906851,BRCA,5.542379,3.97751522064209
1559,925338,BRCA,-2.005913,-2.3412981033325195
1855,906844,BRCA,2.270739,2.704719066619873
1237,909256,BRCA,4.151627,4.187093257904053
1630,907045,BRCA,4.450472,4.192182540893555
1177,1303900,BRCA,5.2175,4.151790618896484
1054,910927,BRCA,3.016134,2.658827304840088
1563,908151,BRCA,4.733394,4.529352188110352
1594,749715,BRCA,0.695383,1.3060671091079712
1559,1303900,BRCA,-1.270058,-1.4368069171905518
1091,910910,BRCA,5.325781,4.450232028961182
1507,749717,BRCA,5.676367,5.630972385406494
2040,905957,BRCA,0.445806,-0.3237863779067993
1627,910704,BRCA,3.072808,2.8150484561920166
1268,907046,BRCA,3.305516,4.227612018585205
1578,1290798,BRCA,4.84635,5.284766674041748
1918,906812,BRCA,1.991528,3.1203184127807617
2048,905946,BRCA,-2.338434,-1.272230625152588
1852,749714,BRCA,4.648791,5.991591930389404
2169,905951,BRCA,3.448554,2.739614248275757
1006,1298157,BRCA,1.977999,3.6489033699035645
1038,924106,BRCA,2.157007,0.9015290141105652
1237,1303900,BRCA,5.530369,4.818835258483887
1912,925338,BRCA,3.094347,3.555478096008301
1553,1290798,BRCA,2.692164,1.9611756801605225
1080,905957,BRCA,-5.858111,-4.9971442222595215
1372,906851,BRCA,2.861231,1.879490852355957
1913,1298157,BRCA,5.075201,4.552073955535889
1007,749712,BRCA,-4.460405,-4.863838195800781
1057,946359,BRCA,0.410027,0.44157683849334717
1941,905960,BRCA,-5.576514,-3.868384838104248
1052,1298157,BRCA,3.041711,3.470736265182495
1559,749717,BRCA,-2.249847,-1.2077367305755615
1917,910927,BRCA,0.172217,0.3397226929664612
1578,910852,BRCA,4.554003,5.5687456130981445
1179,949093,BRCA,5.005426,5.192446708679199
1930,949093,BRCA,3.098072,3.522352933883667
2096,949093,BRCA,7.416325,6.466137409210205
1941,949093,BRCA,-6.624792,-2.657461166381836
1915,924106,BRCA,2.763542,2.3861947059631348
1529,910852,BRCA,1.477673,1.7599632740020752
1013,906801,BRCA,2.43117,3.1851446628570557
1042,906844,BRCA,4.479585,3.2896673679351807
1237,924106,BRCA,3.724853,4.966793537139893
2109,908122,BRCA,2.474976,3.1033239364624023
1924,1298157,BRCA,3.611288,4.5188493728637695
1373,909256,BRCA,2.57658,4.052395343780518
1931,1290922,BRCA,5.747173,5.709194183349609
2109,906844,BRCA,1.317109,1.3897292613983154
1068,1330941,BRCA,1.256709,2.6141304969787598
1909,908122,BRCA,3.325923,2.778059720993042
2110,905951,BRCA,5.14899,4.495926856994629
1053,905951,BRCA,2.02158,2.5244405269622803
2048,905957,BRCA,-4.629119,-5.033170223236084
1191,910852,BRCA,-5.657204,-4.577187538146973
1625,909907,BRCA,6.320127,5.935606002807617
1918,907048,BRCA,0.20884,1.3842144012451172
1177,1330941,BRCA,5.453905,5.64441442489624
1003,907046,BRCA,0.104913,0.1951574832201004
1084,924240,BRCA,-4.615687,-2.077831745147705
1578,905957,BRCA,5.066608,5.818926811218262
1930,924106,BRCA,-0.808381,-0.050534605979919434
1558,924240,BRCA,2.068063,2.483593702316284
1248,949093,BRCA,2.116407,0.4193843603134155
1054,749716,BRCA,1.976144,4.913885593414307
1927,907045,BRCA,4.899057,4.073793411254883
1908,906826,BRCA,3.284041,4.998559474945068
1191,908121,BRCA,-4.239762,-4.616665840148926
1005,1290922,BRCA,5.689933,4.667869567871094
1057,749709,BRCA,-0.577732,-1.2457289695739746
1011,946359,BRCA,2.849717,2.89791202545166
1093,749709,BRCA,4.20704,3.726902484893799
1940,908121,BRCA,4.278592,3.7772765159606934
2040,1290798,BRCA,2.675162,2.0433743000030518
1613,905945,BRCA,3.504315,4.3302483558654785
1941,906801,BRCA,-3.985483,-2.5863192081451416
1559,749715,BRCA,-3.580668,-3.3692922592163086
1003,1298157,BRCA,-0.897835,-1.7012529373168945
1191,1330941,BRCA,-3.338782,-4.996399402618408
2107,749717,BRCA,6.076942,5.545524597167969
1131,1240172,BRCA,5.437379,5.871946811676025
1913,906851,BRCA,4.599327,4.329700469970703
1022,908121,BRCA,-0.47445,0.22600197792053223
1038,749709,BRCA,3.695321,3.7228870391845703
1553,946359,BRCA,1.949562,2.7876691818237305
1624,1290905,BRCA,4.597876,3.466614246368408
1012,749710,BRCA,1.665005,1.3074047565460205
1849,906851,BRCA,0.481536,-0.26786935329437256
1578,1240172,BRCA,5.172777,5.193868637084961
1191,749717,BRCA,-6.172317,-5.022398948669434
1375,906801,BRCA,6.269784,6.217173099517822
1190,749715,BRCA,4.307266,1.5596752166748047
1853,906812,BRCA,4.188774,3.8759195804595947
1626,908123,BRCA,2.226177,4.061699390411377
1268,925338,BRCA,4.493771,4.9218292236328125
1598,925338,BRCA,3.108148,3.8161890506744385
1613,905960,BRCA,0.873576,2.9042651653289795
1799,946382,BRCA,5.181966,3.4378297328948975
1093,749710,BRCA,5.460884,4.935050010681152
1576,908123,BRCA,2.075458,2.435070037841797
1022,909907,BRCA,6.307613,4.083784103393555
1862,749713,BRCA,-0.889507,-1.9534108638763428
1011,905946,BRCA,1.464123,3.490462064743042
1559,906844,BRCA,-4.295916,-4.112802505493164
1050,1290922,BRCA,3.245906,2.0577239990234375
1068,749709,BRCA,4.45293,2.4448931217193604
1910,749711,BRCA,2.633195,2.7191684246063232
1096,946382,BRCA,3.681331,3.445589780807495
1058,905946,BRCA,-0.512542,1.7501647472381592
1631,907046,BRCA,1.071013,2.680302381515503
1908,1303900,BRCA,4.567054,1.904045820236206
1060,749709,BRCA,1.761033,1.304429531097412
2172,749711,BRCA,2.245472,3.7821128368377686
1052,909256,BRCA,0.844649,1.8412346839904785
1083,925338,BRCA,3.872488,3.103381872177124
2045,908121,BRCA,5.081731,4.62495756149292
1060,946359,BRCA,3.552785,2.72145414352417
1928,905951,BRCA,3.667043,4.182956218719482
1786,907045,BRCA,0.969277,2.6412014961242676
1177,906862,BRCA,4.035306,3.6029703617095947
2046,910910,BRCA,5.452645,4.2885942459106445
1862,906826,BRCA,-1.809035,-2.0551235675811768
1093,907045,BRCA,3.427893,3.6227526664733887
1091,908151,BRCA,3.207228,3.6592001914978027
1615,905960,BRCA,5.230726,4.584524631500244
1079,905945,BRCA,1.983121,2.270153522491455
2046,749715,BRCA,4.478938,5.070464611053467
1373,910704,BRCA,4.54304,3.9176602363586426
1910,749717,BRCA,0.770257,1.6844778060913086
1634,749714,BRCA,3.675561,4.335842132568359
1057,924240,BRCA,-3.629983,-2.195831775665283
1093,949093,BRCA,5.472655,7.007763862609863
1010,910852,BRCA,3.71924,3.6223578453063965
2046,910852,BRCA,4.948208,4.6870646476745605
1849,749710,BRCA,1.243287,2.656188488006592
1614,946359,BRCA,5.55168,6.041776657104492
1924,1290798,BRCA,2.877181,2.0350422859191895
1926,910704,BRCA,-0.15687,-0.3476528525352478
2043,749711,BRCA,4.510852,4.616643905639648
1855,905951,BRCA,4.946753,5.669581890106201
2043,749715,BRCA,4.529982,5.03858757019043
1017,925338,BRCA,4.499037,5.0879645347595215
1372,924240,BRCA,1.028988,1.2170791625976562
1047,910948,BRCA,6.984656,5.49722146987915
1632,906826,BRCA,6.988548,5.782998085021973
1057,949093,BRCA,1.196801,1.8110179901123047
2110,749715,BRCA,4.850026,5.329342365264893
1373,910948,BRCA,5.006273,5.798195838928223
1129,924240,BRCA,3.731036,3.49220871925354
1036,910910,BRCA,4.263361,6.012685298919678
1239,906812,BRCA,2.32348,2.351505994796753
1918,925338,BRCA,4.724839,4.817366600036621
1179,749709,BRCA,1.771727,0.7939833402633667
1372,749710,BRCA,-0.419657,-0.6504634022712708
1079,924106,BRCA,2.543819,3.218768358230591
1922,908151,BRCA,3.59575,1.2039165496826172
1854,908123,BRCA,2.952409,3.9470267295837402
1006,906862,BRCA,1.381874,1.3267018795013428
1594,749717,BRCA,3.692368,3.092137336730957
1054,906862,BRCA,3.047136,3.1487972736358643
2169,910927,BRCA,5.497304,2.4567956924438477
1624,910704,BRCA,5.371232,3.971489429473877
1529,910704,BRCA,2.45749,1.3605847358703613
1853,905945,BRCA,2.176438,2.8485770225524902
1096,909256,BRCA,1.467025,3.574125289916992
1852,749711,BRCA,3.570015,5.096766948699951
1625,1298157,BRCA,5.353597,5.462752342224121
1373,1290905,BRCA,8.195362,5.954889297485352
1079,749710,BRCA,0.671456,1.05491304397583
1058,905957,BRCA,-0.28384,0.6062487363815308
1080,1290798,BRCA,-0.800833,-0.9536508917808533
1025,906812,BRCA,5.295734,4.906414985656738
1558,906844,BRCA,0.846912,2.297637462615967
1854,749711,BRCA,1.675061,4.330480575561523
1003,749713,BRCA,-3.106684,-3.342418909072876
1012,1290798,BRCA,1.689853,1.7501676082611084
1180,910852,BRCA,-3.179327,-2.2580442428588867
1624,905951,BRCA,1.962072,3.950512409210205
1060,906801,BRCA,-0.470223,0.7693451642990112
1925,909256,BRCA,3.679617,3.609398365020752
1190,910852,BRCA,1.550511,0.4374503493309021
1021,909907,BRCA,4.821298,3.7012505531311035
1010,949093,BRCA,6.296963,5.2245869636535645
1561,905951,BRCA,2.611017,1.7528660297393799
1073,907048,BRCA,5.238826,3.672441244125366
2109,946359,BRCA,5.066541,4.092411994934082
1005,924106,BRCA,1.471124,0.0957636833190918
1084,909256,BRCA,-4.508145,-3.8008646965026855
1912,749710,BRCA,3.088475,2.802663564682007
1091,906826,BRCA,2.471729,3.191678524017334
1927,1303900,BRCA,5.351501,4.642577648162842
1059,924106,BRCA,-2.031838,-2.5445666313171387
1017,907045,BRCA,4.743871,4.643925666809082
1373,908121,BRCA,5.55071,4.865519046783447
1617,910852,BRCA,-1.970919,0.7627816200256348
2107,910704,BRCA,4.907507,4.8377580642700195
1624,749709,BRCA,3.924331,5.459407806396484
1373,907048,BRCA,5.490026,4.293144226074219
1559,910852,BRCA,-3.288078,-2.132826805114746
1372,910927,BRCA,0.240322,-0.29737144708633423
1627,910948,BRCA,4.693751,4.109370708465576
1050,906801,BRCA,2.58155,2.598930835723877
1200,906844,BRCA,2.257963,2.037151336669922
2040,749710,BRCA,1.30707,1.2521520853042603
1593,749710,BRCA,1.616458,1.4185419082641602
1052,910927,BRCA,2.346667,3.3821702003479004
1239,906851,BRCA,1.457151,2.8458147048950195
1049,908123,BRCA,4.949137,3.8402652740478516
1924,949093,BRCA,6.179317,5.851210594177246
1931,925338,BRCA,5.411981,5.235394477844238
1237,905957,BRCA,4.445818,4.379605770111084
2048,905951,BRCA,-2.00822,-2.61104679107666
1060,905957,BRCA,0.063895,0.6643496751785278
1096,1240172,BRCA,4.115571,4.119905471801758
1038,749717,BRCA,3.109241,3.6827304363250732
1085,749712,BRCA,2.385908,2.465902328491211
1038,907045,BRCA,3.110945,3.070403575897217
1131,905945,BRCA,3.39341,3.7359297275543213
1190,1298157,BRCA,2.757754,0.723125696182251
1627,910927,BRCA,3.094767,2.7815723419189453
1085,749709,BRCA,2.374438,2.5379769802093506
2043,749709,BRCA,4.7026,4.5968756675720215
2107,910852,BRCA,5.573636,5.047914505004883
1578,907048,BRCA,5.248426,4.858098030090332
1047,907048,BRCA,5.409259,5.30796480178833
1010,749710,BRCA,2.874589,2.143979072570801
1054,908121,BRCA,2.679477,3.9955263137817383
2111,907045,BRCA,5.224529,4.550655364990234
1559,1330941,BRCA,-3.181965,-2.739187002182007
1913,908121,BRCA,5.122615,4.170844554901123
1561,910910,BRCA,0.872107,-0.07925832271575928
1576,906801,BRCA,1.518154,2.4014034271240234
1912,905960,BRCA,3.49255,3.3780033588409424
1053,905945,BRCA,2.163639,2.0517330169677734
1086,1290798,BRCA,3.21432,2.2608208656311035
1625,906862,BRCA,3.487472,3.2346885204315186
1559,907045,BRCA,-2.31035,0.5379320383071899
2107,906801,BRCA,4.978261,4.590456008911133
1085,905951,BRCA,2.81765,3.2712008953094482
1049,1290906,BRCA,5.114623,4.674372673034668
1634,1290922,BRCA,3.630475,4.5317254066467285
1928,906851,BRCA,4.709952,4.219385147094727
1917,910910,BRCA,3.322349,2.893319845199585
1996,906862,BRCA,2.547812,3.472440719604492
1030,910927,BRCA,5.191993,4.5153117179870605
1916,906812,BRCA,1.61321,2.6767847537994385
1916,908151,BRCA,2.39481,2.5778188705444336
1786,909907,BRCA,5.611505,4.576047897338867
1191,749716,BRCA,-3.580972,-3.8012070655822754
1917,907048,BRCA,1.093042,1.723801851272583
2040,1290905,BRCA,2.241124,3.439554214477539
1054,905946,BRCA,3.768087,4.3252272605896
1085,906826,BRCA,3.34388,4.864051342010498
1529,906862,BRCA,-0.977763,1.1657969951629639
1918,1240172,BRCA,3.330717,3.271040916442871
1085,1298157,BRCA,2.247334,3.0656864643096924
1259,907048,BRCA,3.312951,4.006954669952393
1259,1240172,BRCA,3.793542,4.5547356605529785
1168,1298157,BRCA,3.021845,3.1417980194091797
1058,749714,BRCA,1.422593,1.9823799133300781
1013,749713,BRCA,3.51786,4.34488582611084
1563,905945,BRCA,5.660973,5.788625240325928
1510,906826,BRCA,6.648189,6.2227888107299805
1557,906851,BRCA,0.855963,3.9973642826080322
2106,910910,BRCA,4.585462,1.6808204650878906
1621,946382,BRCA,4.219352,4.687244892120361
2172,905957,BRCA,-0.653065,1.324784755706787
1511,749711,BRCA,2.601406,1.4621810913085938
1373,749716,BRCA,3.354503,5.291635513305664
1916,905960,BRCA,4.45356,3.866401195526123
1911,1290922,BRCA,-6.741127,-4.520293712615967
1250,906812,BRCA,4.766407,2.468294382095337
1917,905960,BRCA,2.780347,2.4250733852386475
1005,905946,BRCA,4.583545,5.799117565155029
2048,749709,BRCA,-4.109168,-3.1961796283721924
1854,906801,BRCA,4.966799,3.365823984146118
1941,749709,BRCA,-3.920698,-2.1965043544769287
1855,925338,BRCA,4.811686,4.122381687164307
1259,749717,BRCA,3.632806,3.486107349395752
1085,907046,BRCA,2.354399,1.8080344200134277
1925,905957,BRCA,5.120532,4.443761348724365
1083,906851,BRCA,3.420676,3.9867918491363525
2172,908121,BRCA,0.682933,2.045226573944092
1052,946359,BRCA,5.474518,4.7423415184021
1912,910852,BRCA,2.855265,3.9180526733398438
1199,905946,BRCA,2.874194,3.161111354827881
1930,906844,BRCA,-1.225936,-1.1934926509857178
1996,905957,BRCA,3.993599,3.6133315563201904
1627,906812,BRCA,2.78031,2.598987340927124
1598,1303900,BRCA,3.563039,3.806086540222168
1614,905946,BRCA,5.803128,5.7584381103515625
1873,905945,BRCA,0.284541,0.8455467224121094
1598,906826,BRCA,7.210185,6.01315450668335
2111,905945,BRCA,5.1722,4.634945869445801
1626,907046,BRCA,0.875503,0.8536326885223389
1558,1290922,BRCA,0.73339,-0.6191173195838928
1088,1240172,BRCA,3.995491,3.5863208770751953
1635,905957,BRCA,5.223712,4.894022464752197
1853,749711,BRCA,1.866175,3.0316684246063232
1916,949093,BRCA,6.172491,6.116812705993652
1910,905951,BRCA,3.154388,3.427454710006714
1927,910704,BRCA,3.937666,4.472186088562012
1915,910910,BRCA,3.8851,3.307569980621338
1025,1330941,BRCA,6.252207,6.533541679382324
1915,905945,BRCA,2.090129,2.5379316806793213
1372,910910,BRCA,2.963364,2.8709685802459717
1086,749709,BRCA,2.80255,-0.48102903366088867
1248,910852,BRCA,-4.596658,-3.4275527000427246
1091,1240172,BRCA,4.114343,3.3626937866210938
1614,925338,BRCA,4.249605,5.274031639099121
1049,905957,BRCA,2.635561,2.788911819458008
1510,749710,BRCA,3.197062,3.528331756591797
1250,749710,BRCA,4.146559,3.242624044418335
1799,1303900,BRCA,4.468189,4.839650630950928
1598,909778,BRCA,2.665019,3.7993288040161133
1933,905957,BRCA,5.316044,3.244441032409668
2048,946359,BRCA,-1.084444,-0.3336597681045532
1032,910910,BRCA,1.384646,0.7983763217926025
2047,909256,BRCA,3.140232,2.3684775829315186
1928,905957,BRCA,3.92463,3.184309959411621
1375,749714,BRCA,8.105522,7.317154407501221
1529,749714,BRCA,3.017183,1.7096307277679443
1940,906844,BRCA,2.595787,2.4927916526794434
1259,910927,BRCA,-0.245385,1.3088791370391846
1007,910948,BRCA,-3.401556,-4.473334312438965
1557,924240,BRCA,4.714126,3.089165210723877
1034,907046,BRCA,-3.52174,-3.8233814239501953
2040,924106,BRCA,0.062932,1.8716628551483154
1248,907048,BRCA,-3.802795,-2.5526485443115234
1372,1330941,BRCA,3.541753,2.4588916301727295
1011,905957,BRCA,-0.627924,2.075277805328369
1559,910704,BRCA,-1.822944,-2.3497586250305176
2172,946382,BRCA,2.77005,2.6170520782470703
1911,906844,BRCA,-7.305859,-6.416674613952637
1085,906862,BRCA,1.378856,1.1690895557403564
1560,1290798,BRCA,2.249805,2.314772129058838
1940,909256,BRCA,3.54272,3.228522777557373
2040,910927,BRCA,1.186553,0.5306940674781799
1615,906851,BRCA,5.760927,5.026232719421387
1593,1303900,BRCA,0.50449,2.107032537460327
1912,907048,BRCA,0.365633,-0.47965896129608154
1625,906851,BRCA,4.967502,4.896435737609863
1268,749714,BRCA,5.950202,4.893224239349365
1621,906851,BRCA,3.913005,4.816786289215088
1052,906862,BRCA,1.69621,1.0006296634674072
1626,910704,BRCA,5.38197,4.500830173492432
1021,908123,BRCA,0.651698,2.6160547733306885
1085,749716,BRCA,0.823544,2.278315544128418
1557,925338,BRCA,5.010812,5.689245700836182
1618,1290905,BRCA,5.811837,5.545382022857666
1030,908122,BRCA,4.882258,4.458392143249512
2110,905960,BRCA,3.238574,4.4389543533325195
1004,925338,BRCA,-4.24999,-2.0476768016815186
1622,1290922,BRCA,4.62606,4.348013401031494
2046,924240,BRCA,4.057882,3.386312961578369
1927,907048,BRCA,4.017229,4.515261650085449
1563,1330941,BRCA,5.139627,5.990311145782471
1199,908121,BRCA,3.195997,4.359472274780273
1004,909256,BRCA,-4.714955,-3.7715935707092285
1073,946359,BRCA,7.667027,6.7144880294799805
1191,905945,BRCA,-5.243277,-5.238572120666504
1511,905945,BRCA,-0.841496,-0.6193458437919617
1089,1330941,BRCA,5.891757,5.695392608642578
1561,946382,BRCA,2.125975,-0.35917216539382935
1624,1240172,BRCA,5.107584,4.701469421386719
1928,906862,BRCA,2.968875,3.020740509033203
1622,946359,BRCA,4.464474,4.4152984619140625
1199,905945,BRCA,2.843773,2.7777884006500244
1050,1290905,BRCA,5.810523,4.867057800292969
1621,906826,BRCA,7.08377,7.561354637145996
1511,910948,BRCA,2.274333,-0.5969322323799133
1036,749710,BRCA,4.509351,5.4693217277526855
2110,749712,BRCA,3.955558,4.359213352203369
1578,1290905,BRCA,6.451634,6.585716724395752
1578,1290922,BRCA,4.97144,5.297221660614014
1190,907046,BRCA,3.589971,4.0040059089660645
1919,749717,BRCA,2.856725,3.2734532356262207
1049,949093,BRCA,6.875866,6.414516448974609
2043,908151,BRCA,4.357265,3.94775390625
1873,749710,BRCA,0.575135,1.0844535827636719
1083,906844,BRCA,1.043922,1.4582688808441162
1936,906826,BRCA,2.813051,3.155226707458496
1239,909907,BRCA,6.484139,6.384143352508545
1060,749714,BRCA,1.724074,1.4440960884094238
1190,908123,BRCA,-1.711802,1.1148607730865479
1576,907046,BRCA,2.190254,2.530484437942505
1032,910704,BRCA,-1.595518,-1.4053332805633545
1799,910704,BRCA,-0.557038,-0.08272755146026611
1013,906851,BRCA,3.060762,2.2383182048797607
1635,908122,BRCA,4.865489,4.365596294403076
1911,910948,BRCA,-3.480706,-4.13408088684082
1096,908123,BRCA,1.168082,2.429453134536743
1799,907048,BRCA,4.936189,3.815603733062744
1919,925338,BRCA,2.950788,2.24271821975708
1129,905945,BRCA,4.16321,3.3162970542907715
1913,910948,BRCA,5.949597,5.871097564697266
1129,910704,BRCA,4.739509,2.6567583084106445
1372,905945,BRCA,2.341676,2.8334949016571045
1372,910852,BRCA,-0.557471,-0.5676221251487732
1997,909256,BRCA,1.692437,2.5106563568115234
2109,946382,BRCA,3.054421,2.249851703643799
1630,946382,BRCA,3.526628,4.744455337524414
1558,910704,BRCA,-0.8194,-0.10298717021942139
1626,910927,BRCA,3.740107,3.1343326568603516
1593,910948,BRCA,5.076163,4.083448886871338
1249,924240,BRCA,4.935507,3.9618425369262695
1089,906801,BRCA,5.248075,4.117499828338623
1549,906862,BRCA,3.173727,2.6217188835144043
1940,909907,BRCA,6.828554,5.221907615661621
1032,925338,BRCA,3.791044,2.395827054977417
1191,924106,BRCA,-3.177077,-5.474990367889404
1017,908123,BRCA,3.125469,3.4414241313934326
1561,749715,BRCA,0.027952,-0.14488834142684937
1083,924106,BRCA,1.777121,0.3185108006000519
1010,1298157,BRCA,3.927934,3.6798095703125
2107,906851,BRCA,5.836574,5.380808353424072
2040,946382,BRCA,1.949387,2.0566956996917725
1630,905945,BRCA,3.746726,3.753310441970825
1025,1240172,BRCA,6.116939,5.913487911224365
1237,906844,BRCA,3.935777,4.016814708709717
1940,749714,BRCA,3.09485,3.1030941009521484
1058,910852,BRCA,1.17214,0.7548855543136597
1913,905945,BRCA,4.323528,3.938699960708618
1096,949093,BRCA,6.857446,6.63385009765625
1012,924106,BRCA,0.294378,0.2516646385192871
1632,908151,BRCA,2.861346,3.45379900932312
1855,906826,BRCA,5.372197,6.929323673248291
1021,906862,BRCA,1.565715,1.9901351928710938
2107,906862,BRCA,4.325951,4.04339075088501
2047,749711,BRCA,3.734766,3.7495155334472656
1084,749715,BRCA,-2.536617,-3.10536527633667
1025,905945,BRCA,5.626134,5.7995405197143555
1626,749711,BRCA,2.446118,4.9952521324157715
2046,907045,BRCA,2.961976,2.6898300647735596
1089,909907,BRCA,7.136197,5.5890421867370605
1021,910948,BRCA,1.135354,2.5600414276123047
1091,924106,BRCA,4.766254,3.5445268154144287
1086,949093,BRCA,2.904397,3.665292739868164
1909,749710,BRCA,3.960334,3.274448871612549
1088,749717,BRCA,3.362269,3.153446912765503
2048,910910,BRCA,-1.736598,-1.9222075939178467
1557,906826,BRCA,6.861841,6.811722278594971
1908,909907,BRCA,6.955146,5.077775001525879
1915,909256,BRCA,1.35955,2.218919515609741
1004,946359,BRCA,-2.140396,-0.20781320333480835
1084,905960,BRCA,-3.39179,-1.515169382095337
1190,906826,BRCA,1.782823,1.433654546737671
1007,905960,BRCA,-4.457622,-4.463198184967041
1510,1290798,BRCA,4.99145,4.135667324066162
1375,749717,BRCA,8.01232,6.451999664306641
1624,907048,BRCA,4.968142,4.1607866287231445
1930,1290798,BRCA,2.460691,1.7022168636322021
1249,1240172,BRCA,3.707592,4.079424858093262
1057,924106,BRCA,-2.863873,-3.1367902755737305
1930,910910,BRCA,2.068417,0.5064646005630493
1507,906844,BRCA,3.140983,3.7391934394836426
1549,949093,BRCA,5.386595,6.717019557952881
1916,910910,BRCA,2.976326,2.278020143508911
1917,925338,BRCA,0.150703,1.064666986465454
1919,910910,BRCA,-0.078132,0.8862091302871704
1630,906826,BRCA,5.460342,6.305606842041016
2044,905946,BRCA,4.687606,3.306598663330078
1017,749717,BRCA,6.37254,4.702003479003906
1010,905945,BRCA,3.960961,3.1971254348754883
1557,905946,BRCA,5.95679,5.257007122039795
1047,749715,BRCA,5.296254,5.178285121917725
1089,905946,BRCA,5.380027,5.0777974128723145
1079,905960,BRCA,0.097407,0.27236494421958923
1618,1298157,BRCA,4.166386,5.0405802726745605
1634,905957,BRCA,3.798534,4.431449890136719
1050,908122,BRCA,2.506968,2.246122121810913
1042,908122,BRCA,4.226855,2.5705530643463135
1634,906801,BRCA,3.741316,3.5121169090270996
1025,906844,BRCA,4.045344,3.088402509689331
1919,908151,BRCA,2.194324,0.5834915637969971
1375,909256,BRCA,5.478579,5.873071193695068
1129,907045,BRCA,4.619796,2.7956795692443848
1007,946359,BRCA,-2.921773,-1.7522478103637695
1168,924106,BRCA,2.550313,2.5809991359710693
1086,906844,BRCA,-3.111002,-1.9332735538482666
2096,906812,BRCA,2.520431,2.24637508392334
1012,906851,BRCA,0.600801,1.6410140991210938
1091,905960,BRCA,2.830194,2.5607314109802246
1564,905960,BRCA,0.965824,1.1714520454406738
1057,909907,BRCA,1.307923,1.1230465173721313
1373,1240172,BRCA,5.117141,5.057455062866211
1192,909256,BRCA,1.279581,1.6084330081939697
1849,749714,BRCA,2.40613,0.3696785867214203
1059,749717,BRCA,0.833599,0.894527018070221
1613,749715,BRCA,2.356693,5.108672142028809
1918,909256,BRCA,3.472978,0.12597334384918213
1036,949093,BRCA,7.583826,8.412981986999512
1192,910948,BRCA,4.717588,3.2932207584381104
1909,909907,BRCA,5.23186,4.031577110290527
1620,905945,BRCA,5.599033,5.354529857635498
1909,909256,BRCA,1.364959,1.9005928039550781
1549,1298157,BRCA,2.345897,3.3106744289398193
1561,905960,BRCA,2.966106,2.7784223556518555
1634,906812,BRCA,3.576258,4.267618656158447
1059,949093,BRCA,1.120505,2.4041378498077393
1618,907289,COREAD,3.511436,3.76948881149292
1237,910554,COREAD,5.472377,5.089979648590088
1058,1240173,COREAD,1.039626,1.5107693672180176
1259,910689,COREAD,6.927009,6.472957611083984
1006,998189,COREAD,0.854659,0.4522719085216522
1615,910689,COREAD,7.699222,7.779600143432617
1936,905961,COREAD,2.72605,2.951690912246704
1922,905962,COREAD,3.630315,2.9780092239379883
1997,909718,COREAD,1.946245,0.8387753963470459
1853,1660036,COREAD,2.353037,3.2858853340148926
1613,910905,COREAD,2.601207,2.3894848823547363
1512,907792,COREAD,7.060253,6.5330095291137695
1915,909751,COREAD,-1.059856,0.5518602132797241
1618,910700,COREAD,4.149488,4.263882160186768
1529,908458,COREAD,0.860807,2.3994014263153076
1013,909698,COREAD,1.785854,2.762666702270508
2045,1659928,COREAD,4.669309,4.5279951095581055
1576,909751,COREAD,2.95364,3.566093921661377
1911,909757,COREAD,-1.465978,-4.864924907684326
1578,1660036,COREAD,4.893064,4.769375324249268
1529,909748,COREAD,2.899636,2.748220682144165
1199,909746,COREAD,5.014604,4.469911575317383
1080,905989,COREAD,-4.277918,-4.414617538452148
1997,910554,COREAD,3.65829,3.7397303581237793
1912,1290769,COREAD,4.019863,3.7484772205352783
1180,910569,COREAD,-3.341037,-3.002610206604004
1635,907794,COREAD,5.75887,5.596922874450684
1925,908458,COREAD,5.891431,5.67296838760376
1849,907291,COREAD,-1.167067,-0.5533445477485657
1250,909698,COREAD,1.511971,0.7195221185684204
1239,1674021,COREAD,1.911292,1.6250879764556885
1915,1240173,COREAD,2.593697,2.7049663066864014
1237,1290769,COREAD,6.493903,6.387269496917725
1917,917486,COREAD,2.487842,2.5377988815307617
1054,909755,COREAD,5.211663,4.271219730377197
1629,1660034,COREAD,3.543883,4.498344421386719
1511,1240123,COREAD,0.242624,-0.31555068492889404
1010,1290769,COREAD,5.393628,5.912652969360352
1919,905961,COREAD,2.440259,2.9531188011169434
1908,1240173,COREAD,0.083975,-0.10409551858901978
1996,917486,COREAD,3.872365,3.6406004428863525
1007,910905,COREAD,-1.321092,-2.875365972518921
1373,1660036,COREAD,4.942435,4.753835678100586
2107,1674021,COREAD,5.903746,4.818698883056641
1614,1660034,COREAD,5.029344,4.657777309417725
1073,908457,COREAD,5.366362,5.338449001312256
1084,910569,COREAD,-1.433511,-1.6273510456085205
2045,924108,COREAD,5.105616,4.69742488861084
1786,907792,COREAD,6.726239,5.014398574829102
1626,907795,COREAD,1.981048,2.0347506999969482
1930,907790,COREAD,0.51384,-0.008119434118270874
1168,924108,COREAD,2.053871,1.9944868087768555
1022,907794,COREAD,-1.105931,-0.6639400124549866
1625,1240123,COREAD,3.218396,4.551048755645752
1799,1240173,COREAD,5.386342,5.693828105926514
1194,905936,COREAD,2.449411,2.2588632106781006
1017,905961,COREAD,3.603916,4.574511528015137
1918,1674021,COREAD,3.027721,3.0779619216918945
1012,905961,COREAD,0.63773,1.1743783950805664
1083,905937,COREAD,1.817349,2.2870066165924072
2047,910554,COREAD,2.688163,2.2979938983917236
1058,910569,COREAD,-0.103633,0.30932268500328064
1911,905961,COREAD,-6.139517,-5.162410259246826
1594,907792,COREAD,6.612464,5.371262073516846
1088,1659823,COREAD,5.207791,4.390467166900635
1088,905989,COREAD,3.385565,2.1448240280151367
1912,1240173,COREAD,1.197378,1.222130298614502
1060,910689,COREAD,0.185063,-0.09546047449111938
1909,1240123,COREAD,1.362624,2.647146701812744
1549,907291,COREAD,2.607261,2.7009568214416504
1011,905939,COREAD,3.476255,0.5531312227249146
1059,907794,COREAD,-1.334362,-1.1673715114593506
1373,1240123,COREAD,5.56307,4.292232036590576
1249,1290771,COREAD,3.13163,3.6223199367523193
1510,1660036,COREAD,4.442269,3.8905563354492188
1168,1660034,COREAD,2.007847,1.8362431526184082
1373,910905,COREAD,4.18346,4.907153606414795
1057,907291,COREAD,-1.129319,-1.7114462852478027
1558,909755,COREAD,4.239155,3.7849791049957275
1036,908457,COREAD,6.717246,6.4986748695373535
2040,907287,COREAD,0.678663,0.5745734572410583
1510,905961,COREAD,0.689615,0.9791123270988464
1025,909755,COREAD,5.270392,6.0251970291137695
1511,909751,COREAD,-1.635898,-1.3805186748504639
1786,910569,COREAD,2.104537,0.7748211622238159
1003,1660035,COREAD,1.967806,0.05206897854804993
1626,905939,COREAD,0.192846,0.7835239171981812
1549,1240173,COREAD,5.097348,4.336232662200928
1179,905971,COREAD,-0.214966,-0.2501445412635803
1046,909263,COREAD,3.936006,3.263106346130371
1564,1240124,COREAD,0.498963,0.26853278279304504
1079,1674021,COREAD,1.469302,2.3598034381866455
1057,909755,COREAD,-0.40522,-0.16650444269180298
1057,1659928,COREAD,-1.134584,-2.2980549335479736
1194,907289,COREAD,3.541046,1.911607027053833
1373,905936,COREAD,2.2643,3.1803622245788574
1022,907287,COREAD,0.639448,0.48320263624191284
1510,909748,COREAD,2.95176,3.4257664680480957
1594,905936,COREAD,3.636206,4.834501266479492
1853,1659823,COREAD,3.843762,4.441977500915527
1004,1240123,COREAD,-4.046563,-3.0097928047180176
1561,907291,COREAD,-0.165438,0.40710073709487915
1013,910905,COREAD,3.691919,4.978579998016357
1614,998189,COREAD,4.435366,5.172787189483643
1017,905989,COREAD,4.462806,3.8171956539154053
1005,1659928,COREAD,1.233198,2.9055142402648926
1912,909747,COREAD,4.187116,3.7441697120666504
1635,905939,COREAD,6.09672,5.9609270095825195
1624,907790,COREAD,2.715995,2.700373649597168
1922,1240124,COREAD,2.65311,2.5399346351623535
1917,907794,COREAD,0.440502,1.1199586391448975
1073,909718,COREAD,2.589523,2.908628463745117
1635,907291,COREAD,4.596139,4.922207832336426
1925,917486,COREAD,5.413974,4.778611660003662
1557,905961,COREAD,5.310588,5.6901655197143555
1852,910700,COREAD,6.936229,6.321583271026611
1051,909263,COREAD,5.26079,2.333954095840454
1259,905939,COREAD,5.039215,4.7728376388549805
1047,924108,COREAD,5.793391,5.87441873550415
1529,910700,COREAD,2.700938,3.1972551345825195
1624,907792,COREAD,4.975242,5.629318714141846
1372,1240123,COREAD,-1.009697,-0.4780242443084717
1268,910554,COREAD,4.277723,4.700937271118164
1373,908457,COREAD,6.908944,6.122191429138184
1908,910700,COREAD,2.46649,4.119177341461182
1853,1290769,COREAD,5.516027,5.95460844039917
1237,908457,COREAD,6.532896,5.861928462982178
1006,909746,COREAD,4.491727,4.372641563415527
2048,907287,COREAD,-4.368906,-2.310973882675171
1853,905937,COREAD,4.74546,3.7243118286132812
1563,910554,COREAD,5.032504,5.3615946769714355
2106,907794,COREAD,-0.253494,1.1244922876358032
1268,1240173,COREAD,4.521404,4.764723777770996
1034,1674021,COREAD,-2.910912,-2.880486011505127
1799,909718,COREAD,3.854781,3.5645322799682617
1177,905989,COREAD,5.225666,4.040611743927002
1593,907287,COREAD,1.440903,2.2212557792663574
1910,905939,COREAD,2.593014,1.3048279285430908
1093,909755,COREAD,4.906227,4.616806507110596
1928,909748,COREAD,5.273118,5.021341323852539
1563,905971,COREAD,4.669775,5.273484230041504
1862,907795,COREAD,-1.415295,-1.3435306549072266
1854,905936,COREAD,4.397593,4.553556442260742
1557,1660036,COREAD,4.052978,4.967910289764404
1594,1674021,COREAD,3.31245,4.663997650146484
1036,924108,COREAD,4.192569,4.5642991065979
1614,910554,COREAD,5.393958,3.672525644302368
1512,909263,COREAD,6.727704,6.712169170379639
1025,905937,COREAD,4.528575,4.8951826095581055
1131,905936,COREAD,3.005123,2.9577085971832275
1916,905937,COREAD,2.181741,2.2699079513549805
1996,1290769,COREAD,5.287014,5.299544811248779
1799,909747,COREAD,7.547321,7.631495952606201
1561,998189,COREAD,0.952395,1.7739248275756836
1928,905971,COREAD,3.458354,3.8663277626037598
1047,909718,COREAD,1.320309,2.058107376098633
1855,1659928,COREAD,4.413045,4.209153652191162
1083,909740,COREAD,3.526413,3.0678017139434814
2047,905939,COREAD,0.215332,0.11148673295974731
1032,910554,COREAD,-0.238455,0.13461646437644958
1615,1290769,COREAD,5.280243,5.969621181488037
1913,909746,COREAD,4.945016,5.339754581451416
1084,909263,COREAD,-0.853347,-0.5105295777320862
1922,917486,COREAD,1.701558,2.346116781234741
1375,907794,COREAD,5.806355,6.84097957611084
1510,908458,COREAD,1.41006,2.654498338699341
1625,909263,COREAD,5.482591,5.673654079437256
1083,998189,COREAD,2.440594,1.9595935344696045
1006,1674021,COREAD,1.298974,1.1877135038375854
1939,907287,COREAD,4.369885,2.8092598915100098
1563,1240123,COREAD,5.616963,5.413327217102051
1911,909746,COREAD,-1.527545,-3.39084529876709
1618,1674021,COREAD,4.231091,3.590918779373169
1057,1290769,COREAD,0.519334,0.6789429187774658
1909,907794,COREAD,2.878123,2.705703020095825
1854,910700,COREAD,6.65202,5.487476825714111
2111,905937,COREAD,2.640005,1.8033316135406494
1553,910569,COREAD,4.759438,2.4759252071380615
1854,905989,COREAD,4.703624,5.082821369171143
1931,910905,COREAD,6.089147,6.398463726043701
1913,1674021,COREAD,5.279006,4.686320781707764
1032,910569,COREAD,1.715276,0.804646372795105
1079,909747,COREAD,3.269625,2.7554616928100586
1060,905937,COREAD,0.463606,0.7531896829605103
1512,909757,COREAD,5.747388,6.126962661743164
1059,909740,COREAD,3.493561,0.541448712348938
1614,909751,COREAD,5.866155,4.332741737365723
1931,905961,COREAD,5.072799,6.160130500793457
1010,909755,COREAD,3.775139,3.7708072662353516
1089,907790,COREAD,1.889973,2.0019338130950928
1051,909757,COREAD,-0.702711,2.008732318878174
1924,905961,COREAD,2.075539,2.567591428756714
1855,1660034,COREAD,4.628123,4.426184177398682
1089,907792,COREAD,5.079674,5.4976606369018555
1046,907287,COREAD,3.187492,2.1201539039611816
1614,908457,COREAD,3.211369,4.744197845458984
1022,909718,COREAD,-1.13246,-0.008568137884140015
1933,908458,COREAD,3.449318,5.8056840896606445
1563,907291,COREAD,4.894164,5.273227691650391
1854,909751,COREAD,3.570602,4.131095886230469
1852,905971,COREAD,4.537483,4.965815544128418
1549,909747,COREAD,4.507349,5.740662097930908
2096,917486,COREAD,0.97228,1.5780918598175049
1007,907790,COREAD,-5.159703,-5.420729637145996
1617,907790,COREAD,3.516277,0.982958197593689
1268,1659823,COREAD,4.474996,5.351009368896484
1932,910689,COREAD,3.780458,4.5582685470581055
1093,910569,COREAD,4.20208,2.9431416988372803
1576,1290769,COREAD,4.353022,4.140829086303711
1084,905971,COREAD,-2.250034,-2.71091628074646
1011,909751,COREAD,-0.192302,-0.554797351360321
1873,905937,COREAD,0.347521,0.1661846786737442
2047,907287,COREAD,0.84242,1.0488855838775635
1615,1659928,COREAD,4.96448,5.0299458503723145
1237,909747,COREAD,7.280427,7.882697582244873
1924,909748,COREAD,4.234523,4.600407123565674
1034,1660036,COREAD,-1.814853,-2.500178098678589
1928,907291,COREAD,4.296729,3.5315964221954346
1912,1659928,COREAD,2.279134,2.2679383754730225
1006,907287,COREAD,2.900842,2.0076115131378174
1936,905971,COREAD,1.556777,2.406721830368042
1047,909755,COREAD,6.166847,6.799326419830322
1005,910689,COREAD,8.094005,8.545380592346191
1996,910905,COREAD,4.825705,5.163854122161865
1873,1240124,COREAD,1.23998,1.142850399017334
1908,909746,COREAD,2.262593,3.8603224754333496
1561,909748,COREAD,3.00321,3.5276284217834473
1629,909761,COREAD,5.280493,4.963395118713379
1621,910689,COREAD,8.02815,7.928212642669678
2111,907792,COREAD,6.674771,6.376712799072266
1624,909740,COREAD,3.132192,3.018205165863037
1622,909718,COREAD,4.096691,4.747281551361084
1168,905989,COREAD,2.171695,2.5682246685028076
1916,909740,COREAD,4.390794,4.500662803649902
1634,907291,COREAD,3.685211,3.644911050796509
1909,1674021,COREAD,2.286764,3.0053799152374268
1626,1674021,COREAD,2.425903,3.0276622772216797
1011,917486,COREAD,1.607397,1.1435154676437378
1558,909751,COREAD,-0.169167,0.7198319435119629
1925,909740,COREAD,5.660146,6.5621442794799805
1168,909748,COREAD,1.935363,1.6681618690490723
1598,905936,COREAD,3.31984,3.0795907974243164
1799,1660035,COREAD,6.379377,4.824584484100342
1873,905936,COREAD,0.502397,0.2709429860115051
1613,907289,COREAD,4.413961,3.6501519680023193
1068,910554,COREAD,1.754959,1.1143393516540527
1084,907795,COREAD,-1.348233,-2.3006277084350586
1941,909698,COREAD,-4.811973,-5.079921245574951
1199,905936,COREAD,4.153835,2.769944429397583
1529,1240173,COREAD,-0.435241,-0.7712491154670715
1268,907289,COREAD,5.24152,4.741981506347656
1916,998189,COREAD,3.219286,2.351841688156128
1032,1240123,COREAD,-2.571922,-0.6506281495094299
1003,910689,COREAD,4.132475,2.116957664489746
1512,909748,COREAD,5.625147,5.530616760253906
1058,905989,COREAD,1.531489,1.0533826351165771
1873,909746,COREAD,2.815162,3.0147480964660645
1563,905961,COREAD,5.552752,5.920450210571289
1997,907794,COREAD,5.147987,4.135899543762207
1180,1290769,COREAD,-0.104801,-1.1502878665924072
1598,909761,COREAD,3.353002,4.62578010559082
1529,1659928,COREAD,-0.60807,-0.02273997664451599
1615,909718,COREAD,5.260343,5.369185447692871
1010,907287,COREAD,2.226313,1.2515954971313477
1372,909698,COREAD,-2.412466,-1.6114230155944824
1191,907291,COREAD,-4.897605,-5.621306419372559
1917,907792,COREAD,4.967173,3.435694694519043
1853,905961,COREAD,4.389137,3.912071704864502
2048,905962,COREAD,-3.067904,-2.6099090576171875
1941,909761,COREAD,-1.779889,-1.6835925579071045
1627,1290771,COREAD,3.585884,3.575077772140503
1507,1660034,COREAD,4.651489,4.856687545776367
1615,998189,COREAD,5.86061,5.618966579437256
1089,917486,COREAD,2.859539,2.619678497314453
2096,905971,COREAD,-0.484738,-0.8583871722221375
1010,1660034,COREAD,3.912275,2.4773802757263184
1003,909748,COREAD,-2.143157,-0.6160499453544617
1911,909761,COREAD,-2.305995,-4.325683116912842
1239,910689,COREAD,8.357383,8.797597885131836
1032,1240173,COREAD,1.892428,1.7069721221923828
1510,910689,COREAD,6.523635,5.494104862213135
1578,907792,COREAD,5.901842,6.380256175994873
1919,998189,COREAD,1.735224,1.144911766052246
1091,909747,COREAD,2.903796,4.042485237121582
1786,909747,COREAD,7.23959,5.362599849700928
1177,909747,COREAD,7.248113,7.6592817306518555
1924,908457,COREAD,1.823639,2.6276392936706543
1180,1240124,COREAD,-3.479281,-2.931626796722412
1005,924108,COREAD,5.439774,4.225576877593994
1941,907792,COREAD,-6.348287,-5.118175506591797
1560,907792,COREAD,4.028388,4.780033111572266
1003,909746,COREAD,-0.260577,-0.5125207901000977
1922,1290769,COREAD,2.860393,2.5998291969299316
1624,905961,COREAD,3.456221,2.9213221073150635
1250,910700,COREAD,2.568523,4.150927543640137
1910,909747,COREAD,0.791664,-0.6503656506538391
1012,909718,COREAD,1.249649,0.7740174531936646
1919,1674021,COREAD,2.363727,2.4451608657836914
1625,1659823,COREAD,5.757528,5.515132904052734
1627,1290769,COREAD,4.294925,4.032576560974121
1627,909748,COREAD,2.878909,3.165276527404785
1618,909761,COREAD,3.910745,4.428299427032471
1786,905961,COREAD,3.086121,3.4966158866882324
1373,905989,COREAD,2.946561,4.2093400955200195
1003,905962,COREAD,-3.092858,-3.265803337097168
1057,909748,COREAD,-1.239899,-0.7619715332984924
1059,909748,COREAD,0.374838,1.2810450792312622
1630,909718,COREAD,5.128355,5.285304069519043
1011,908458,COREAD,-1.238756,1.4000906944274902
1912,905961,COREAD,1.376069,1.3255871534347534
1936,909761,COREAD,3.162771,2.4425113201141357
1578,909761,COREAD,6.279888,4.993138313293457
2043,909761,COREAD,4.564807,4.874582290649414
1375,909761,COREAD,6.559468,5.76740837097168
1930,905939,COREAD,1.103293,0.11195236444473267
1059,998189,COREAD,-0.486963,0.2525829076766968
1862,1660036,COREAD,-0.784818,-0.8563535809516907
1080,905962,COREAD,-3.661734,-2.682063102722168
1068,910569,COREAD,0.072797,1.0205357074737549
1922,1660035,COREAD,4.310539,3.106161117553711
1561,905937,COREAD,1.041854,0.8198298215866089
1049,909751,COREAD,4.705334,3.1867525577545166
1910,909698,COREAD,4.52713,3.125321388244629
1631,907794,COREAD,3.033328,2.786012887954712
1080,908458,COREAD,-0.199539,-1.4666013717651367
1919,1659928,COREAD,-0.282183,0.3761231303215027
2106,1660034,COREAD,0.929262,2.427259922027588
1093,905962,COREAD,5.031496,5.1114349365234375
1036,910554,COREAD,5.017266,4.558621406555176
1927,1240123,COREAD,4.022036,4.1705803871154785
1631,1659928,COREAD,2.578802,2.115264654159546
1053,1659928,COREAD,2.093807,1.574113368988037
1053,1290769,COREAD,4.992153,4.561764717102051
1085,910905,COREAD,3.933793,2.793976306915283
1563,910689,COREAD,8.022046,8.082164764404297
1025,910905,COREAD,4.218797,6.531114101409912
1237,909761,COREAD,4.305983,4.933008670806885
1625,909746,COREAD,5.519364,6.13754940032959
1180,909718,COREAD,1.89618,-3.2373852729797363
1372,910700,COREAD,0.48445,-0.053399503231048584
1089,905971,COREAD,2.65944,2.1183204650878906
1079,907792,COREAD,-1.257819,0.026150643825531006
1853,1660035,COREAD,5.339552,5.211878299713135
1627,910569,COREAD,2.196513,2.652833938598633
1576,909698,COREAD,3.217824,2.329193353652954
1618,909755,COREAD,4.786402,5.371877193450928
1594,998189,COREAD,4.832108,5.036465167999268
1512,1659928,COREAD,4.788659,4.662356853485107
1049,909718,COREAD,4.166101,3.2602007389068604
1259,905961,COREAD,3.526682,3.7207860946655273
1912,1660034,COREAD,2.252575,2.5813026428222656
1088,907795,COREAD,1.746199,2.862161874771118
1618,909747,COREAD,4.650409,6.202529430389404
2044,909740,COREAD,5.534753,3.5523335933685303
1855,909718,COREAD,4.577207,4.216320514678955
1927,910554,COREAD,5.055738,4.889410972595215
1932,910569,COREAD,-0.637062,1.0928053855895996
1012,907792,COREAD,1.744826,2.37604022026062
1615,909761,COREAD,4.941664,4.940464019775391
1373,908458,COREAD,4.054077,5.187568187713623
1624,998189,COREAD,5.075917,4.60436487197876
1073,910569,COREAD,3.698119,4.284183502197266
1010,907792,COREAD,3.879647,3.5944502353668213
1091,909761,COREAD,2.154148,1.910444974899292
1034,907790,COREAD,-4.967772,-3.3934390544891357
1022,908457,COREAD,1.777896,1.0911669731140137
1626,907287,COREAD,0.879046,0.8384833335876465
1626,909718,COREAD,5.343037,3.274914264678955
1010,909751,COREAD,0.262197,0.38269561529159546
1853,998189,COREAD,4.711458,4.987083911895752
1017,1659823,COREAD,5.260362,4.784887313842773
1627,909698,COREAD,2.787634,2.383244752883911
1088,907794,COREAD,3.769711,3.755770683288574
1511,908457,COREAD,-0.048428,-0.542168915271759
1083,1290771,COREAD,1.211475,1.1115509271621704
1913,909751,COREAD,4.040712,4.661735534667969
1855,908457,COREAD,4.318681,6.210421562194824
1131,905937,COREAD,2.548699,3.5484890937805176
2110,909755,COREAD,5.182179,5.023116588592529
1916,908457,COREAD,1.367738,2.273625373840332
1939,910905,COREAD,5.266117,4.844762325286865
1924,905939,COREAD,1.778609,1.7502951622009277
1625,910569,COREAD,4.64659,4.862400531768799
1068,1659823,COREAD,2.903036,2.2623746395111084
1084,1240173,COREAD,-5.52091,-3.578230857849121
1626,924108,COREAD,3.17288,3.003746271133423
2111,909755,COREAD,5.678278,4.845945835113525
1786,1240123,COREAD,3.399852,4.859220504760742
2107,1290769,COREAD,5.567888,5.412921905517578
1560,905939,COREAD,2.350621,2.1361007690429688
1005,910700,COREAD,4.028824,5.310054302215576
1933,909751,COREAD,3.628708,3.9475436210632324
1563,1240124,COREAD,5.572921,5.938323497772217
1854,909740,COREAD,6.101321,6.182766437530518
2046,907790,COREAD,3.055746,1.4431915283203125
1634,1674021,COREAD,5.272264,4.381597518920898
2096,909746,COREAD,2.123104,3.0148112773895264
1576,1659928,COREAD,2.784846,2.5935730934143066
1849,907794,COREAD,-1.532862,-0.18881750106811523
1200,909746,COREAD,3.361174,4.000302314758301
1928,1240124,COREAD,4.761723,4.5913496017456055
1036,909757,COREAD,4.311319,5.292655944824219
1560,1660036,COREAD,4.347568,3.6415255069732666
1933,910700,COREAD,3.592033,5.414894104003906
1931,910700,COREAD,6.694965,6.626812934875488
1862,908458,COREAD,-1.859028,-1.7662968635559082
1933,1240124,COREAD,4.429478,3.486638307571411
1561,909755,COREAD,3.477877,2.741971492767334
1561,917486,COREAD,2.310934,3.238220453262329
1017,905971,COREAD,3.838692,3.6446306705474854
1529,909698,COREAD,-1.957547,-0.5855681896209717
1507,910905,COREAD,5.217872,5.62426233291626
1925,910905,COREAD,5.867811,5.091839790344238
1936,910700,COREAD,3.154531,3.879991292953491
1073,909748,COREAD,4.627982,3.939574956893921
1089,1659823,COREAD,5.24059,3.5808627605438232
1012,1240123,COREAD,0.510106,0.5794041752815247
1180,1290771,COREAD,-1.120329,-1.914228916168213
1036,1240123,COREAD,4.767184,4.290791988372803
1615,905939,COREAD,6.373591,6.247620582580566
1613,908458,COREAD,5.215593,2.427809000015259
1239,905961,COREAD,0.646663,1.4339830875396729
1915,910700,COREAD,2.705293,2.6518211364746094
1561,909718,COREAD,0.095966,0.7758212685585022
1373,907795,COREAD,4.236314,2.8133370876312256
2047,910689,COREAD,3.029219,2.5703542232513428
1017,1240124,COREAD,5.115566,3.5895636081695557
1598,909747,COREAD,5.869203,5.907651424407959
1013,905962,COREAD,4.809712,3.380467653274536
1996,907794,COREAD,4.332153,4.274024963378906
1915,907790,COREAD,1.290419,0.6702795028686523
1051,905937,COREAD,0.446464,1.5852365493774414
1624,909757,COREAD,3.607368,4.298798084259033
1622,910905,COREAD,4.878355,5.209279537200928
1634,905971,COREAD,4.466676,3.9065046310424805
1594,1659928,COREAD,4.817747,4.347228050231934
1908,909751,COREAD,0.743156,0.40515774488449097
1594,1660034,COREAD,3.787241,4.285626411437988
1852,1290769,COREAD,6.597646,6.138104438781738
2048,909757,COREAD,-4.230877,-3.048769474029541
1627,909746,COREAD,2.244132,3.85764741897583
1012,908458,COREAD,2.325215,1.2313772439956665
1084,1290769,COREAD,-2.477813,-0.9768238663673401
1627,907289,COREAD,2.456494,2.911628246307373
1047,907790,COREAD,0.954568,3.459918260574341
1005,908458,COREAD,4.283805,3.3768012523651123
1006,908457,COREAD,3.259434,4.9528584480285645
1060,907792,COREAD,1.068094,-0.5805129408836365
1034,909698,COREAD,-2.874867,-3.2694709300994873
1910,909761,COREAD,-0.926619,1.8565185070037842
1786,1290771,COREAD,3.759613,3.872069835662842
1088,909757,COREAD,1.382478,3.6274962425231934
1199,910554,COREAD,4.130303,3.4378795623779297
1051,907794,COREAD,1.735235,1.3655920028686523
1180,910689,COREAD,0.425547,1.1566355228424072
1940,909755,COREAD,4.222356,3.5941147804260254
1598,910569,COREAD,3.74793,2.6291565895080566
1060,908458,COREAD,-0.878589,-1.9379463195800781
2043,908458,COREAD,5.344322,5.447288990020752
1598,907795,COREAD,4.308252,4.101750373840332
1618,907792,COREAD,4.738272,6.517245292663574
1910,910554,COREAD,3.303081,2.6224777698516846
1046,998189,COREAD,2.757175,2.63559889793396
1194,1240173,COREAD,1.478459,1.656527042388916
2047,909761,COREAD,1.6789,2.5552401542663574
1928,905961,COREAD,4.842924,5.16246223449707
1511,909747,COREAD,2.083497,2.110090732574463
1013,910689,COREAD,7.698671,6.664093971252441
1372,909740,COREAD,0.164359,-0.0633973479270935
1058,924108,COREAD,0.228538,0.4380279779434204
1268,905937,COREAD,4.258245,3.9640259742736816
1915,905936,COREAD,2.577562,2.731952667236328
1594,909263,COREAD,5.501924,6.1408371925354
1560,909740,COREAD,4.927606,5.490039825439453
1926,907790,COREAD,-0.304401,-1.6828570365905762
1927,910569,COREAD,4.359425,4.139434337615967
1068,1240124,COREAD,-0.487842,0.9470152258872986
1908,909761,COREAD,2.868462,2.5552401542663574
1618,907795,COREAD,3.452854,4.110499382019043
1930,905961,COREAD,1.261622,0.8604483604431152
2109,905939,COREAD,2.116363,1.8560864925384521
1191,909755,COREAD,-4.480364,-3.263174295425415
1862,909263,COREAD,-0.663937,-1.5340237617492676
1854,909757,COREAD,3.529958,5.302886486053467
1032,1290769,COREAD,3.387408,3.261049509048462
1060,907287,COREAD,-2.108414,-2.166652202606201
1613,1660035,COREAD,3.947227,4.682000160217285
1080,907790,COREAD,-2.094821,-4.061138153076172
1080,905961,COREAD,-4.203874,-3.9992947578430176
1873,1290769,COREAD,1.960415,2.1968283653259277
1237,907289,COREAD,5.192203,5.1160688400268555
1786,1660035,COREAD,4.05149,4.040798187255859
1051,907291,COREAD,0.922675,-0.001788407564163208
1924,1660034,COREAD,2.877386,3.1365432739257812
1939,998189,COREAD,4.355534,4.797828197479248
1177,909718,COREAD,3.371266,1.2813146114349365
1915,909757,COREAD,3.870621,3.6422667503356934
1576,909748,COREAD,3.136114,3.4702160358428955
1931,1240173,COREAD,5.432882,5.021554470062256
1373,1660034,COREAD,4.513701,4.556651592254639
1017,910554,COREAD,5.219021,4.26487922668457
1068,905961,COREAD,0.265706,1.0760853290557861
1529,905937,COREAD,0.37096,-0.4195588231086731
1237,909757,COREAD,6.18334,5.753912925720215
1005,1660034,COREAD,3.072982,4.345151901245117
1941,905939,COREAD,-3.6852,-4.03325891494751
1911,1674021,COREAD,-5.775221,-5.599135875701904
1553,907287,COREAD,2.20934,1.2887275218963623
1620,909746,COREAD,5.923003,6.060555934906006
1919,909718,COREAD,0.677033,0.16930072009563446
1007,907794,COREAD,-3.518699,-4.790946960449219
1047,910700,COREAD,6.172385,6.042717456817627
1852,910905,COREAD,5.408669,5.837246417999268
1250,905937,COREAD,0.346806,1.4598281383514404
1931,1240123,COREAD,4.745331,5.1798272132873535
1931,909746,COREAD,6.541725,6.572501182556152
2047,909740,COREAD,3.294696,3.455622434616089
1239,1290769,COREAD,2.468303,3.1111557483673096
1926,910689,COREAD,5.592184,5.2637128829956055
1936,908458,COREAD,0.959264,3.14284086227417
1010,905971,COREAD,3.332305,3.1789541244506836
1199,909740,COREAD,4.579645,5.344433307647705
1941,908458,COREAD,0.115425,-0.42280113697052
1248,909718,COREAD,-3.701627,-5.721887588500977
2109,909698,COREAD,1.987853,2.535057544708252
1940,905937,COREAD,3.255709,3.330305576324463
1629,908457,COREAD,5.151388,5.973143577575684
1557,909755,COREAD,5.191837,5.489298343658447
2096,907291,COREAD,1.95561,1.6953151226043701
1940,924108,COREAD,1.035219,2.9203367233276367
1625,1659928,COREAD,3.554561,4.541167259216309
1249,909718,COREAD,4.971724,2.3108959197998047
1088,909740,COREAD,5.007365,5.516072750091553
1194,907291,COREAD,3.098071,1.8638999462127686
1059,909755,COREAD,3.326957,0.6072391867637634
1629,910569,COREAD,3.302036,3.5396902561187744
1011,905989,COREAD,2.077276,1.3248711824417114
1932,907790,COREAD,2.732342,3.7002930641174316
1073,1290769,COREAD,7.560484,4.891780376434326
1630,907792,COREAD,5.817891,5.616362571716309
1561,907795,COREAD,0.693687,1.0022845268249512
1634,905962,COREAD,4.125736,4.59089469909668
1634,910700,COREAD,5.192668,4.3092875480651855
2045,910700,COREAD,6.813383,6.289088726043701
1931,909263,COREAD,6.501328,7.053192138671875
1004,1240173,COREAD,-6.611332,-6.007500648498535
1003,998189,COREAD,-2.866705,-2.336589813232422
1593,924108,COREAD,2.217114,1.8105545043945312
1918,905936,COREAD,3.343332,3.5098743438720703
1631,909755,COREAD,5.58678,5.2374467849731445
1004,910569,COREAD,-5.301333,-4.606595993041992
1507,910569,COREAD,3.660502,3.5173234939575195
1549,909757,COREAD,5.564385,5.503260612487793
1083,905961,COREAD,0.912522,1.0493690967559814
1179,909757,COREAD,-0.216121,-0.1415092945098877
1179,1660034,COREAD,0.359436,0.7319755554199219
1926,1240123,COREAD,1.216405,1.1308467388153076
1786,908458,COREAD,-5.23256,-2.2373874187469482
1922,907287,COREAD,1.799443,1.5913841724395752
1922,1659928,COREAD,1.573576,1.152451992034912
1179,909761,COREAD,-0.269498,-0.3103136420249939
2106,907291,COREAD,0.440047,1.1207150220870972
1634,910689,COREAD,7.903756,7.082551002502441
1080,907287,COREAD,-0.869245,-2.110823392868042
1918,1660034,COREAD,2.818994,2.433809518814087
1091,917486,COREAD,2.027461,2.244729995727539
1926,905971,COREAD,0.548869,0.34516194462776184
1939,907792,COREAD,2.711101,3.028782844543457
1631,905962,COREAD,3.637013,4.198042392730713
1060,909747,COREAD,-0.33459,-0.7603245377540588
1615,1240124,COREAD,5.346265,5.608345985412598
1911,909263,COREAD,-2.855979,-2.6757071018218994
1017,907291,COREAD,4.879917,4.173151016235352
2043,910554,COREAD,5.268684,4.666895389556885
1631,1290769,COREAD,5.098536,4.407099723815918
1268,909746,COREAD,5.974155,5.3294267654418945
1854,909748,COREAD,5.520477,5.229461669921875
1598,1240173,COREAD,4.171438,4.187723159790039
1614,907289,COREAD,4.379779,4.050817012786865
1786,1290769,COREAD,6.475661,4.577977180480957
1054,909746,COREAD,5.769764,5.3099870681762695
1799,1660036,COREAD,4.838358,4.92838716506958
1180,907291,COREAD,-3.818113,-3.304766893386841
1594,924108,COREAD,4.798381,3.8288145065307617
1249,1240173,COREAD,2.83329,3.966625928878784
1924,909746,COREAD,5.704866,5.269382476806641
1598,905971,COREAD,4.620595,4.024467468261719
1007,909698,COREAD,-5.435876,-5.666079998016357
1047,1240123,COREAD,3.234088,4.463538646697998
1927,909698,COREAD,4.174127,4.644618034362793
1093,907287,COREAD,4.684601,3.9339706897735596
1909,905962,COREAD,3.550553,2.820406198501587
1557,905939,COREAD,6.845794,5.964861869812012
1510,909747,COREAD,4.8114,5.632898330688477
1179,910905,COREAD,1.297186,1.8924639225006104
1560,909746,COREAD,4.2487,4.538485527038574
1631,910689,COREAD,6.713778,5.706908702850342
1919,910700,COREAD,1.719612,1.9178245067596436
1022,909747,COREAD,2.158942,1.513228416442871
1852,1240124,COREAD,5.623135,5.416930675506592
1553,905937,COREAD,0.978715,1.5774004459381104
1047,909746,COREAD,5.567695,6.563932418823242
1237,910689,COREAD,8.244326,7.8933210372924805
1012,910689,COREAD,5.12451,4.484224796295166
1375,910569,COREAD,5.722772,5.039651870727539
1034,1660034,COREAD,-3.715778,-2.825547695159912
1631,910554,COREAD,5.021361,3.7316877841949463
1936,909698,COREAD,2.809942,2.575834035873413
1058,909755,COREAD,3.348736,1.9192461967468262
1083,909698,COREAD,1.696033,2.0604639053344727
1036,905939,COREAD,1.969446,1.713789939880371
1372,1240173,COREAD,-5.324974,-3.61731219291687
2048,1659928,COREAD,-5.828635,-4.845834732055664
1013,909748,COREAD,3.489339,4.288573741912842
1614,909698,COREAD,4.013353,3.1246581077575684
1180,909747,COREAD,1.507779,-0.7241554856300354
1025,908457,COREAD,3.625345,6.120697498321533
1997,909755,COREAD,3.291494,1.8154704570770264
1083,905939,COREAD,1.666054,1.803821325302124
1239,907792,COREAD,6.094365,4.593958854675293
1034,907792,COREAD,-4.30502,-1.592029333114624
1191,1660035,COREAD,-3.106674,-2.5505521297454834
1190,998189,COREAD,-2.367117,-0.8160455822944641
1919,905962,COREAD,3.425189,2.7194089889526367
2096,905939,COREAD,-0.101392,-0.2407287359237671
1933,907794,COREAD,2.295711,4.2913665771484375
1631,905939,COREAD,1.955773,1.0352685451507568
1576,908458,COREAD,3.603408,3.198056936264038
1557,908458,COREAD,5.90874,5.667445182800293
1620,1659928,COREAD,5.065423,5.231443881988525
2046,910905,COREAD,3.081929,3.605203151702881
1862,909751,COREAD,-1.817946,-1.8457577228546143
1004,1290769,COREAD,0.106859,-0.04741910099983215
1936,909751,COREAD,3.328718,2.896970272064209
1507,1660035,COREAD,5.909031,5.424792289733887
2096,910689,COREAD,2.118635,3.132647752761841
1560,924108,COREAD,2.90715,3.1649951934814453
1007,910554,COREAD,-2.385317,-3.4398343563079834
1918,1659928,COREAD,3.008588,2.7870402336120605
1853,924108,COREAD,2.954392,4.170037269592285
1375,1290769,COREAD,8.333756,6.834768772125244
2096,1659928,COREAD,1.512623,0.14998522400856018
1051,1240173,COREAD,4.151914,-0.6149532794952393
1194,917486,COREAD,1.356203,2.5428414344787598
1594,909748,COREAD,5.692705,5.5447773933410645
1854,909718,COREAD,3.0659,4.198043346405029
1615,1240173,COREAD,5.382003,4.870936870574951
1559,1660036,COREAD,1.625,-1.0948891639709473
1194,910700,COREAD,-0.853153,2.335061550140381
2048,910554,COREAD,-2.432162,-2.4362666606903076
1635,907287,COREAD,3.657489,4.79982328414917
1618,907287,COREAD,2.429043,2.973433256149292
2045,905962,COREAD,6.78967,6.088977813720703
2040,905936,COREAD,0.53451,0.1335257738828659
1022,905939,COREAD,-1.186251,-0.41844916343688965
1010,910689,COREAD,3.823699,3.4803969860076904
1919,909747,COREAD,3.500326,2.9950826168060303
1630,909755,COREAD,5.573853,4.833552837371826
1598,909740,COREAD,5.503892,5.002396106719971
2043,905937,COREAD,4.428253,4.909545421600342
1926,909746,COREAD,3.138564,3.7763233184814453
1200,909748,COREAD,3.469821,3.271289587020874
1560,910905,COREAD,3.883027,3.3843507766723633
1909,909740,COREAD,3.885763,3.325594186782837
1259,1240123,COREAD,3.142331,3.6474597454071045
1080,905937,COREAD,-0.217848,-3.1225199699401855
1626,1290771,COREAD,2.106962,1.6941423416137695
1553,909746,COREAD,5.754491,5.422406196594238
1046,910905,COREAD,3.26407,3.532780647277832
1013,905961,COREAD,2.106232,3.229940414428711
1190,909751,COREAD,2.804319,-2.5641512870788574
1932,1240173,COREAD,1.458993,1.5094289779663086
1511,907287,COREAD,-0.636629,-0.35843080282211304
1917,909718,COREAD,0.394912,1.1585195064544678
1237,998189,COREAD,5.366704,5.5232062339782715
1854,909755,COREAD,5.494338,5.008449077606201
1073,909755,COREAD,4.05826,5.18994665145874
1060,910700,COREAD,-0.301174,1.2496535778045654
1034,909740,COREAD,-3.621352,-2.9366679191589355
1997,909761,COREAD,1.647562,3.4180214405059814
1594,1660036,COREAD,4.810743,5.107319355010986
1925,1659928,COREAD,4.390234,4.274068355560303
1553,910700,COREAD,2.905664,4.012205123901367
1786,909718,COREAD,2.394914,1.4568345546722412
1168,910700,COREAD,3.031785,3.1527621746063232
1268,1290771,COREAD,5.971577,5.11117696762085
1622,907794,COREAD,4.970353,4.516804218292236
1852,1660034,COREAD,5.118624,5.1523003578186035
1917,907291,COREAD,1.161245,0.9427381157875061
2110,910700,COREAD,4.244615,5.052144527435303
1559,910700,COREAD,-1.843,-2.094825029373169
1621,909755,COREAD,5.498403,5.374562740325928
1051,905962,COREAD,1.924987,0.6224149465560913
1622,1240123,COREAD,4.924392,3.2185616493225098
2045,907287,COREAD,6.121072,5.576210021972656
1918,909740,COREAD,4.629568,4.36165714263916
1936,924108,COREAD,3.316417,2.4800350666046143
2046,909757,COREAD,4.608066,2.72599720954895
1631,1240123,COREAD,3.382421,3.2554097175598145
1093,1660035,COREAD,4.598925,5.687902450561523
1558,905939,COREAD,2.367229,1.8912789821624756
1614,907792,COREAD,6.853475,6.846114158630371
1046,1660035,COREAD,5.577851,5.482485294342041
1631,908457,COREAD,2.792068,4.07898473739624
1180,1240123,COREAD,-3.545964,-1.7346770763397217
1046,1240124,COREAD,2.14651,1.5801680088043213
1373,907792,COREAD,6.293142,5.530280590057373
1199,907291,COREAD,3.836882,3.211585521697998
1510,909757,COREAD,3.512485,3.7439045906066895
1908,905939,COREAD,0.073504,0.11148673295974731
1614,909740,COREAD,4.95498,5.469024181365967
1190,907794,COREAD,-0.242803,1.2424218654632568
1563,910905,COREAD,6.300741,6.573144912719727
1613,910569,COREAD,2.929654,2.7618582248687744
1553,907795,COREAD,1.267269,1.3944368362426758
1931,905962,COREAD,7.756666,6.3248820304870605
1926,1240124,COREAD,0.37039,0.9969107508659363
1941,909740,COREAD,-2.01152,-3.001878023147583
1635,909263,COREAD,6.385799,6.218575477600098
1131,905961,COREAD,3.393358,6.168312072753906
2111,910700,COREAD,5.764498,5.877848148345947
1925,910569,COREAD,1.004197,4.098628997802734
1915,909755,COREAD,2.790767,3.218334913253784
1634,909746,COREAD,6.1676,5.425364017486572
1631,910905,COREAD,3.211379,3.809011936187744
1237,909746,COREAD,6.123329,6.059781074523926
1372,909757,COREAD,-2.616504,-3.0183491706848145
1557,907291,COREAD,2.857745,5.008026123046875
1931,909740,COREAD,8.163155,7.685636520385742
1997,907287,COREAD,5.349506,3.679405927658081
1594,1290769,COREAD,6.925369,6.266334056854248
1799,905971,COREAD,5.176114,4.631420135498047
1510,905939,COREAD,1.897883,2.226226568222046
1629,1659928,COREAD,3.836681,4.313807010650635
1559,1240173,COREAD,-3.478115,-3.944986343383789
1925,907792,COREAD,6.84089,6.0553202629089355
1557,910905,COREAD,4.975062,6.1978559494018555
1049,905961,COREAD,3.839497,4.8318610191345215
2046,905971,COREAD,2.898516,1.9817571640014648
1627,907790,COREAD,3.357388,2.4810662269592285
1079,907794,COREAD,4.348467,3.2128331661224365
1925,905939,COREAD,4.855538,5.4712066650390625
1909,907792,COREAD,3.908404,2.8233509063720703
2044,910554,COREAD,5.073406,4.189746379852295
1510,907792,COREAD,4.961852,4.890398979187012
1085,909747,COREAD,5.051123,5.547637462615967
1925,909746,COREAD,5.846058,5.790726661682129
1511,910700,COREAD,0.800841,0.4985162615776062
1598,1290771,COREAD,4.445367,4.502638816833496
1560,1659928,COREAD,3.300677,2.4145774841308594
1922,909755,COREAD,2.583783,2.9715793132781982
1034,910689,COREAD,1.862786,0.9185686707496643
1578,907795,COREAD,4.990176,4.724608898162842
1131,1674021,COREAD,3.417606,3.666252374649048
1913,905937,COREAD,4.52694,4.577787399291992
1047,1240124,COREAD,6.390269,4.486239433288574
1007,1240173,COREAD,-5.73514,-6.188146114349365
1939,910554,COREAD,2.938145,2.7019340991973877
1559,907795,COREAD,-3.744073,-1.6358602046966553
1511,909755,COREAD,0.309297,0.7780460119247437
1375,910700,COREAD,7.066957,7.217733860015869
2048,909263,COREAD,0.137118,0.7099202275276184
1786,909698,COREAD,4.289559,2.8370416164398193
1179,1240124,COREAD,0.40859,0.3425523638725281
1239,1240123,COREAD,0.634746,1.8109855651855469
1199,1660034,COREAD,3.252046,3.924034595489502
1190,905989,COREAD,-1.500255,-3.082566022872925
1578,909747,COREAD,6.813917,6.559593677520752
1529,905962,COREAD,1.137714,0.19193100929260254
1005,909263,COREAD,4.498649,5.7569684982299805
1088,907287,COREAD,4.359945,4.249386787414551
1180,909748,COREAD,-2.360602,-0.9934918284416199
2047,909757,COREAD,2.123845,1.4919846057891846
1618,909748,COREAD,5.254042,4.752509593963623
1034,909761,COREAD,-1.366318,-1.8602564334869385
1083,910554,COREAD,3.229372,0.9694693684577942
1507,907790,COREAD,5.445705,5.466010570526123
2043,909751,COREAD,5.336984,5.132187843322754
1012,909698,COREAD,2.066443,2.1186282634735107
1918,910554,COREAD,4.648188,4.1960530281066895
1179,1659823,COREAD,0.030014,0.5470017790794373
1855,908458,COREAD,3.969866,5.689769268035889
1621,998189,COREAD,5.875081,4.243860244750977
1925,1660034,COREAD,4.148358,4.565997123718262
2111,1240124,COREAD,3.662008,3.23244571685791
2046,998189,COREAD,3.823952,3.6522057056427
1259,909757,COREAD,3.445202,3.925477981567383
1997,909751,COREAD,2.743842,0.9654437303543091
1853,905971,COREAD,4.135596,4.1027302742004395
1180,909263,COREAD,-1.718411,-1.4007046222686768
1578,909718,COREAD,5.606566,4.502519607543945
1032,910905,COREAD,3.229012,3.2305312156677246
1179,1674021,COREAD,-0.733867,-0.014833658933639526
2044,907790,COREAD,5.644218,1.5615484714508057
1249,998189,COREAD,3.286488,3.669621706008911
1917,924108,COREAD,3.427794,2.3407459259033203
1931,1660034,COREAD,5.669541,5.668031692504883
1635,908457,COREAD,6.277144,5.606412887573242
1558,905962,COREAD,5.653178,4.5263471603393555
1927,909751,COREAD,4.828406,4.656050682067871
1053,1660034,COREAD,2.438398,2.312220811843872
1936,905989,COREAD,1.144329,0.4614488482475281
1939,909263,COREAD,1.572356,2.3759925365448
2096,1240124,COREAD,1.175148,1.0737707614898682
1786,909748,COREAD,5.917941,4.095340251922607
1799,910554,COREAD,2.512283,1.7619736194610596
1190,909761,COREAD,0.075323,0.704486072063446
1057,907792,COREAD,-1.595717,-1.02262544631958
1004,909751,COREAD,-4.792971,-5.377577781677246
1576,909755,COREAD,3.150815,3.5232441425323486
1549,905937,COREAD,3.501895,3.373610019683838
1635,908458,COREAD,5.880549,5.4103617668151855
1007,909751,COREAD,-5.928079,-6.119124889373779
1091,907291,COREAD,1.760949,1.7821059226989746
1598,910700,COREAD,3.886907,4.251712799072266
1786,905939,COREAD,2.333895,3.65458083152771
1529,1240123,COREAD,2.302327,1.368598222732544
1852,1659928,COREAD,4.336333,4.800876617431641
1057,905989,COREAD,-2.420077,-3.1019287109375
1852,909748,COREAD,5.644711,5.64925479888916
1908,917486,COREAD,2.481922,2.1221694946289062
2106,1240124,COREAD,5.232469,5.055156707763672
1629,1240173,COREAD,4.746646,4.561199188232422
1614,1240123,COREAD,5.131643,3.410146951675415
1559,1240124,COREAD,-3.178032,-0.9758478999137878
2040,910905,COREAD,1.441305,0.5980655550956726
1046,1674021,COREAD,1.199311,0.952139675617218
2096,909718,COREAD,-0.177554,-0.6278376579284668
1010,910569,COREAD,3.325338,2.7837562561035156
1012,905989,COREAD,1.372737,1.2125725746154785
1060,917486,COREAD,0.048561,-1.2107510566711426
1004,908457,COREAD,-0.723151,-1.0607187747955322
1930,905936,COREAD,0.490605,-0.6145493388175964
1630,909757,COREAD,4.611298,4.38129186630249
1190,1660035,COREAD,4.148161,4.128594875335693
1177,910569,COREAD,5.077977,3.9876930713653564
1259,910700,COREAD,5.45175,5.637105941772461
1512,1240123,COREAD,4.506212,4.674773216247559
1561,924108,COREAD,0.687504,0.9305852651596069
1918,909757,COREAD,4.251862,3.3630597591400146
1618,905971,COREAD,3.9909,3.338235378265381
1924,998189,COREAD,3.254447,3.1599481105804443
1083,910689,COREAD,4.980518,5.700083255767822
1249,909698,COREAD,1.918324,2.5779905319213867
1131,909755,COREAD,7.177546,6.2933244705200195
1598,907289,COREAD,3.418577,3.6364071369171143
1936,1240173,COREAD,2.287901,1.7731826305389404
1091,907792,COREAD,3.754882,2.7729954719543457
1913,909757,COREAD,5.929097,5.852873802185059
1919,910689,COREAD,2.963439,2.7494699954986572
1051,905936,COREAD,0.638277,0.2332117110490799
1909,905939,COREAD,2.694805,2.7476000785827637
1017,907794,COREAD,6.031847,5.259660720825195
1091,908457,COREAD,1.001145,0.8164788484573364
1085,1660034,COREAD,2.046899,3.5900893211364746
1249,909757,COREAD,3.490443,4.169579982757568
1862,905989,COREAD,-1.93626,-2.2175936698913574
1563,1660034,COREAD,5.905139,5.647737503051758
2045,910689,COREAD,7.980148,7.286062240600586
1926,905962,COREAD,0.879071,0.5987539291381836
1560,909755,COREAD,5.525077,4.32763147354126
1011,910554,COREAD,2.688711,0.25488755106925964
1373,909740,COREAD,7.723059,6.623389720916748
1032,1659823,COREAD,0.642952,2.5013766288757324
1919,907291,COREAD,0.909165,0.7351003885269165
1036,1240124,COREAD,5.04644,5.163021087646484
1373,1290769,COREAD,5.445201,5.906615734100342
1010,909747,COREAD,5.42672,5.57204532623291
1925,909748,COREAD,4.323009,5.17852258682251
1852,909718,COREAD,4.580185,4.412795066833496
1177,909755,COREAD,5.931458,5.280620098114014
2106,907792,COREAD,2.757713,5.331827640533447
1194,907287,COREAD,0.245617,2.2582602500915527
1079,917486,COREAD,3.328635,3.9379749298095703
2107,1660034,COREAD,4.841629,5.023403167724609
1909,910905,COREAD,3.337458,3.2818641662597656
1199,998189,COREAD,3.678134,4.035379409790039
1622,1674021,COREAD,5.819228,4.826404571533203
1022,910905,COREAD,-0.863789,1.3709189891815186
2046,1240124,COREAD,4.269362,3.8286099433898926
1200,909740,COREAD,4.493455,4.501228332519531
1997,1240173,COREAD,1.263874,1.3062419891357422
1617,909748,COREAD,-0.426721,3.6656341552734375
1549,907792,COREAD,4.002219,2.962129592895508
1622,909748,COREAD,5.393282,4.756771087646484
1924,909761,COREAD,2.163959,3.0957605838775635
1053,909698,COREAD,2.893271,3.221038818359375
1268,907287,COREAD,4.952532,4.895195484161377
1049,1659928,COREAD,3.890708,2.9389262199401855
1248,909698,COREAD,-4.303829,-5.120948314666748
1093,909740,COREAD,5.631454,5.653445243835449
1635,909718,COREAD,5.106154,5.133386135101318
1237,1240173,COREAD,5.688402,4.7280755043029785
1084,907792,COREAD,-1.842664,-1.3338849544525146
1248,909755,COREAD,-2.941337,-4.332841873168945
1190,910689,COREAD,4.179505,3.784386157989502
1010,905939,COREAD,5.161437,4.255242824554443
1924,910689,COREAD,7.232949,7.646121978759766
1375,924108,COREAD,6.80712,6.010154724121094
1917,1240124,COREAD,2.403932,1.2375524044036865
1179,907291,COREAD,-0.337227,-0.9284194111824036
1131,907790,COREAD,6.888863,4.425117492675781
1622,909740,COREAD,5.6803,5.489260673522949
1194,1659823,COREAD,3.75021,2.540008544921875
1080,910689,COREAD,2.828695,3.4069879055023193
1630,909746,COREAD,5.544335,4.5868425369262695
1618,1659928,COREAD,3.91809,3.3043923377990723
1239,907291,COREAD,0.698812,0.6903534531593323
1559,910905,COREAD,3.330698,-0.5812325477600098
1918,909751,COREAD,1.436824,1.6419878005981445
1080,909746,COREAD,0.674445,0.6303104162216187
1085,909740,COREAD,4.03118,4.452041149139404
1862,910569,COREAD,-0.760863,-1.7209045886993408
1559,1659823,COREAD,0.165037,-0.7026914954185486
1200,1290769,COREAD,4.863102,4.136794090270996
2044,917486,COREAD,4.425818,3.685338258743286
1168,917486,COREAD,2.883763,2.468625783920288
1179,1290771,COREAD,0.511179,1.2694153785705566
1199,905962,COREAD,4.217253,4.95685338973999
1631,909263,COREAD,3.939966,4.070793151855469
1613,907794,COREAD,3.141166,1.9839553833007812
1089,909746,COREAD,3.73624,5.282013416290283
1910,1674021,COREAD,3.404366,3.3522210121154785
1919,909746,COREAD,1.702042,1.724471092224121
1511,1660034,COREAD,-0.86221,-0.6236209273338318
1375,905939,COREAD,7.382881,7.529501438140869
1563,1240173,COREAD,5.43562,5.1846699714660645
1025,910689,COREAD,8.785175,7.453269958496094
1932,909718,COREAD,0.194997,0.7707975506782532
1853,1240123,COREAD,4.393835,2.356213331222534
1618,910689,COREAD,6.664858,6.998349666595459
2044,905962,COREAD,3.690747,4.185325622558594
1259,907790,COREAD,4.030089,4.8387227058410645
1237,905936,COREAD,4.51585,4.625833034515381
1634,1290771,COREAD,5.726573,4.876892566680908
1168,905962,COREAD,5.192439,4.7137603759765625
1091,909698,COREAD,2.709165,3.3300774097442627
1054,905989,COREAD,0.522593,3.279813528060913
1854,905962,COREAD,6.774746,6.049584865570068
1194,910905,COREAD,2.769806,2.5609188079833984
1558,909740,COREAD,3.254093,4.7706780433654785
1799,1659928,COREAD,3.691047,2.466219425201416
1013,910700,COREAD,2.623225,4.708785533905029
1179,1659928,COREAD,-0.446352,0.23535893857479095
1912,910569,COREAD,0.287656,1.4043896198272705
1930,1240173,COREAD,-0.988308,-0.28218311071395874
1560,1240123,COREAD,2.163268,1.7695643901824951
1911,908458,COREAD,-3.715199,-3.417050361633301
1034,905961,COREAD,-4.129442,-2.766397476196289
2048,910569,COREAD,-2.923783,-3.7069568634033203
1194,909751,COREAD,3.362488,0.7370379567146301
1564,909755,COREAD,1.217753,1.4699211120605469
1909,907287,COREAD,3.187874,3.0066637992858887
1268,907790,COREAD,5.291235,5.1529693603515625
1025,1240123,COREAD,3.209793,4.708043098449707
1621,910569,COREAD,3.763456,4.375944137573242
1558,908458,COREAD,5.870787,3.847048282623291
1630,905989,COREAD,0.881216,3.6450448036193848
1005,907794,COREAD,4.699966,3.4849600791931152
1996,905961,COREAD,4.371892,4.495278835296631
1996,905962,COREAD,5.957098,4.907032489776611
1933,909748,COREAD,3.155126,5.007425785064697
1046,908457,COREAD,3.668828,3.3290042877197266
1053,910689,COREAD,7.570848,6.537251949310303
1614,1240173,COREAD,4.680193,3.5415234565734863
2111,909748,COREAD,4.133434,4.505279541015625
1997,905936,COREAD,2.261979,3.789099931716919
1557,905989,COREAD,5.538498,4.584754467010498
1068,1240173,COREAD,0.217709,1.1665763854980469
1012,905937,COREAD,1.848663,1.0855568647384644
1910,910905,COREAD,2.175928,2.13533616065979
1180,907792,COREAD,0.460518,-1.0809366703033447
1507,905971,COREAD,4.961718,4.253516674041748
1912,907790,COREAD,0.907623,0.38827624917030334
1618,905989,COREAD,0.869595,3.8444011211395264
1549,1674021,COREAD,5.502051,4.408945560455322
2111,909698,COREAD,3.081871,3.0328726768493652
1068,909748,COREAD,2.479449,2.088876485824585
1913,907790,COREAD,3.721,4.434329509735107
2096,910569,COREAD,3.240091,2.8237950801849365
1625,1674021,COREAD,4.714563,4.873928070068359
1629,905962,COREAD,3.95317,4.822669982910156
1922,907790,COREAD,1.254536,1.1839717626571655
2044,905971,COREAD,2.597496,2.8836233615875244
1939,1240124,COREAD,2.530004,2.9365556240081787
1507,924108,COREAD,4.906204,4.570231914520264
1032,1290771,COREAD,4.271923,1.4469094276428223
1059,910700,COREAD,0.946324,-0.22938919067382812
2044,910700,COREAD,4.67731,5.403514862060547
1925,909761,COREAD,3.654164,4.584760665893555
1618,1660036,COREAD,3.372403,3.71684193611145
1059,907287,COREAD,-1.220664,-0.7032683491706848
1620,905937,COREAD,5.352602,4.938131332397461
1911,909748,COREAD,-3.656465,-3.2250983715057373
1032,909747,COREAD,5.79223,3.0114762783050537
1553,909263,COREAD,3.50259,3.916931390762329
1091,924108,COREAD,0.533814,1.3897089958190918
1873,905961,COREAD,0.410269,0.9702019095420837
2045,1240124,COREAD,5.420616,5.236469268798828
1091,1660035,COREAD,4.393553,2.907111883163452
1576,907794,COREAD,3.439046,3.5134353637695312
1621,1659823,COREAD,5.073425,5.323763370513916
1594,1240173,COREAD,5.166887,4.310304164886475
1512,909751,COREAD,5.635728,5.018258571624756
1057,908458,COREAD,-0.226776,0.9165055751800537
1559,909718,COREAD,-2.118896,-3.91464900970459
1630,910569,COREAD,4.547873,3.508504629135132
1852,907794,COREAD,5.316433,5.844655990600586
1626,910905,COREAD,3.070748,2.89521861076355
1997,1240124,COREAD,2.687908,3.2649028301239014
1634,909718,COREAD,5.213701,4.507256507873535
1047,905962,COREAD,6.744544,5.1287736892700195
1598,909757,COREAD,3.805016,4.578624248504639
1799,1240123,COREAD,1.76358,0.22305811941623688
1559,917486,COREAD,-0.708637,0.08027088642120361
1190,1290769,COREAD,-1.091636,0.8283679485321045
1593,907794,COREAD,2.670863,1.2808997631072998
2109,1240123,COREAD,3.508768,2.065509557723999
1060,909755,COREAD,-0.107218,-1.0793912410736084
2109,905961,COREAD,2.595169,2.215766191482544
1073,905989,COREAD,2.486282,4.016741752624512
1089,905962,COREAD,2.101779,1.6296794414520264
2096,905989,COREAD,0.806167,0.43476349115371704
1372,905962,COREAD,-2.821501,-3.892570972442627
1053,909747,COREAD,6.145294,5.332918167114258
1578,1659823,COREAD,6.226274,5.50374174118042
1032,907287,COREAD,0.876162,-0.8142600655555725
1553,1240123,COREAD,2.331177,3.7328505516052246
1557,1240173,COREAD,5.325207,4.881398677825928
2047,905971,COREAD,-0.712298,-0.6302046179771423
1563,907289,COREAD,5.231952,5.324024200439453
1529,907794,COREAD,0.207871,0.33402788639068604
1003,905971,COREAD,-1.265275,-3.084933280944824
1908,907291,COREAD,2.129635,1.2915825843811035
1799,905939,COREAD,4.930673,4.84024715423584
1085,909757,COREAD,3.59077,3.0762455463409424
1036,907287,COREAD,3.534895,4.021658420562744
1034,907794,COREAD,-3.282907,-2.2177906036376953
1058,908458,COREAD,1.058261,1.634615182876587
1036,910700,COREAD,5.260426,5.372756481170654
1564,907289,COREAD,2.174053,0.7573808431625366
1849,907795,COREAD,-0.210147,0.6074146032333374
1085,909751,COREAD,4.116346,2.9695563316345215
1615,1660036,COREAD,4.184776,4.742455005645752
1930,909698,COREAD,0.160272,-0.31802427768707275
1011,1240123,COREAD,1.454105,0.9163288474082947
1025,1659928,COREAD,4.049538,4.592911720275879
1918,910700,COREAD,-0.10867,3.2393276691436768
1058,910554,COREAD,1.517602,2.2942004203796387
1022,905989,COREAD,-2.264723,-1.7471108436584473
1034,909757,COREAD,-3.052753,-2.595869779586792
1510,910700,COREAD,4.02682,4.1779866218566895
1259,909747,COREAD,6.467964,6.262109279632568
1557,909698,COREAD,4.765845,4.306643486022949
1053,909718,COREAD,2.929579,2.7748963832855225
1177,1659823,COREAD,5.699862,5.127956390380859
1853,909755,COREAD,3.74917,4.470751762390137
1004,909718,COREAD,-5.73858,-5.228399276733398
1073,908458,COREAD,6.01594,4.415034770965576
1919,909263,COREAD,1.57359,2.047128438949585
1375,907792,COREAD,7.554814,7.141236782073975
1093,910700,COREAD,4.501002,4.8308515548706055
1005,909748,COREAD,5.055969,4.248044967651367
1032,905936,COREAD,1.25578,2.282726526260376
2110,905936,COREAD,4.008211,3.3961000442504883
1922,909751,COREAD,1.050001,1.186694622039795
1997,1674021,COREAD,4.342376,4.068660259246826
1085,905936,COREAD,2.087598,1.654003381729126
1853,909263,COREAD,5.494833,5.422351360321045
1180,907795,COREAD,-2.929153,-1.9159355163574219
1180,1659928,COREAD,-3.905949,-2.878368854522705
1627,924108,COREAD,2.441471,2.647167205810547
1786,907287,COREAD,2.611874,4.523534774780273
1936,910689,COREAD,4.741361,4.796854496002197
1915,909748,COREAD,1.286906,1.999793529510498
2046,905962,COREAD,5.894231,4.451160907745361
1936,910905,COREAD,3.201558,3.0739989280700684
1199,1240124,COREAD,3.159823,3.6991331577301025
1932,1240124,COREAD,3.452845,2.649017333984375
1630,905971,COREAD,3.339688,3.4714345932006836
1909,1240173,COREAD,2.007375,1.373201847076416
1624,910689,COREAD,7.599555,5.798896312713623
1013,907790,COREAD,3.906623,2.853222370147705
1194,1660034,COREAD,1.153149,2.4029579162597656
1089,907795,COREAD,0.934835,1.4645538330078125
1849,905971,COREAD,-0.158102,-0.7904521822929382
1047,905971,COREAD,5.316763,4.4415364265441895
1237,907794,COREAD,6.169918,5.728508949279785
1620,1660036,COREAD,4.798311,4.8756537437438965
1557,907792,COREAD,6.491513,6.031134128570557
1046,924108,COREAD,2.612979,2.262357473373413
1558,1290769,COREAD,5.69274,6.108853340148926
1927,910689,COREAD,8.562294,8.296592712402344
1854,907289,COREAD,5.148139,4.697742462158203
1799,998189,COREAD,5.475847,4.469460964202881
1849,909698,COREAD,-0.800261,-0.8786070942878723
1626,909747,COREAD,2.890358,2.817380428314209
1918,909263,COREAD,4.209055,4.480204105377197
1036,998189,COREAD,6.024662,5.599656105041504
1849,1674021,COREAD,-1.351914,0.11482080817222595
1593,1660035,COREAD,1.148901,3.262993812561035
1073,905961,COREAD,2.060363,4.444263458251953
1615,907792,COREAD,6.213587,5.8341450691223145
1059,908458,COREAD,-0.575412,0.9449922442436218
2111,909740,COREAD,4.389593,5.5244340896606445
1179,905937,COREAD,-0.25529,-0.2598332166671753
1250,909755,COREAD,4.405857,4.224566459655762
1511,909740,COREAD,1.112367,-0.36450356245040894
1849,1660035,COREAD,2.00182,1.9015889167785645
1563,909748,COREAD,6.006562,6.136269569396973
1931,905971,COREAD,4.948295,5.352170944213867
1250,1659928,COREAD,2.259522,1.0962960720062256
1004,907291,COREAD,-5.646879,-6.374047756195068
1620,905962,COREAD,6.049276,6.489428997039795
1005,907287,COREAD,4.689168,4.661886692047119
2043,907287,COREAD,4.900991,5.384292125701904
2111,905939,COREAD,2.583502,2.323552370071411
1909,917486,COREAD,1.721307,2.9591331481933594
1624,908457,COREAD,2.052104,3.012885332107544
1873,1240123,COREAD,0.668936,0.7812089920043945
1849,1659823,COREAD,0.24959,0.8342890739440918
1060,909757,COREAD,-0.862972,0.6815247535705566
1177,909748,COREAD,5.468088,4.893715858459473
1593,908457,COREAD,2.971966,2.685457706451416
1068,1660036,COREAD,2.860835,1.0457711219787598
2043,909698,COREAD,5.061475,4.5889387130737305
1088,905939,COREAD,3.811331,3.9664087295532227
1190,910569,COREAD,-2.260258,-0.802577793598175
1617,998189,COREAD,5.389316,3.3614490032196045
1557,909757,COREAD,5.897032,6.405599594116211
1375,1674021,COREAD,6.541718,5.82778787612915
1559,910554,COREAD,-2.540891,-2.4509646892547607
1853,910700,COREAD,3.705396,3.9825198650360107
1626,917486,COREAD,5.318725,4.570521831512451
1941,910569,COREAD,0.438642,-3.407517433166504
1013,907792,COREAD,5.973003,5.350340843200684
1853,905962,COREAD,3.891339,4.840958595275879
1634,908457,COREAD,4.722418,5.266602993011475
1559,905961,COREAD,0.037417,-1.1511828899383545
1010,998189,COREAD,3.330434,2.5609130859375
1057,1660034,COREAD,-0.34238,-1.1272952556610107
1022,907289,COREAD,2.527556,0.3707123100757599
1615,909748,COREAD,5.690014,5.647485256195068
1190,924108,COREAD,0.877277,-1.5817296504974365
1936,909747,COREAD,5.753313,4.480328559875488
1168,905939,COREAD,4.171451,3.589088201522827
1927,1659928,COREAD,4.598396,4.434401988983154
1922,909748,COREAD,2.338857,2.0567831993103027
1620,905936,COREAD,4.775246,4.804135322570801
1168,909698,COREAD,3.577672,3.083857536315918
1047,909698,COREAD,2.65409,3.325784683227539
1250,907795,COREAD,2.563698,2.2873685359954834
1786,1660034,COREAD,4.118921,3.769580364227295
1025,909751,COREAD,4.280788,4.9004998207092285
1034,1240173,COREAD,-5.296227,-4.048905372619629
1561,910905,COREAD,0.041827,2.112133026123047
1855,909263,COREAD,6.471656,6.316577911376953
1053,907792,COREAD,3.558763,3.4762585163116455
2109,910689,COREAD,2.606854,3.217162847518921
1613,905962,COREAD,3.898304,5.016882419586182
1560,909761,COREAD,1.961359,3.248389959335327
1915,909746,COREAD,2.492151,2.5378823280334473
1054,910905,COREAD,3.79149,2.7546489238739014
1852,905989,COREAD,2.746217,5.177826881408691
1849,905936,COREAD,-2.086306,-1.389944314956665
1091,910569,COREAD,-1.496209,0.6689468622207642
1917,909757,COREAD,1.873595,1.1715919971466064
2106,905971,COREAD,0.663517,1.378878116607666
1089,908457,COREAD,4.65107,4.660689353942871
1034,905936,COREAD,-3.643665,-2.671440601348877
2048,1240124,COREAD,-2.816021,-2.964729070663452
1179,998189,COREAD,0.699618,0.41825228929519653
1620,909761,COREAD,4.708389,5.163454055786133
2046,905989,COREAD,3.790265,1.5443024635314941
1615,908457,COREAD,5.523641,5.699031829833984
1034,924108,COREAD,-4.683707,-3.4221036434173584
1057,909747,COREAD,1.341328,-1.184051752090454
1190,908458,COREAD,3.695926,2.242321252822876
1088,910554,COREAD,2.715019,1.2136139869689941
1635,1240123,COREAD,4.615061,4.689081192016602
1373,917486,COREAD,3.570896,5.298095226287842
1053,907790,COREAD,-0.123441,1.7550873756408691
1013,905971,COREAD,2.835501,2.761256217956543
1510,1290769,COREAD,4.53498,3.979921579360962
1373,907287,COREAD,3.735628,3.8170294761657715
1049,1290769,COREAD,6.230272,5.750402927398682
1908,1240124,COREAD,1.297743,0.3565285801887512
1913,910905,COREAD,4.889395,5.223313331604004
1932,1660034,COREAD,2.292872,3.0888941287994385
1053,910569,COREAD,2.163768,1.5390591621398926
1598,910554,COREAD,3.52997,3.874847650527954
1626,1659928,COREAD,1.618397,0.43392136693000793
1594,907795,COREAD,4.451812,5.002289295196533
1931,909751,COREAD,5.076856,5.360392093658447
1941,909718,COREAD,-3.365198,-3.3857853412628174
1919,1240123,COREAD,-1.43404,-0.8505836129188538
1047,917486,COREAD,4.763346,5.153934478759766
1191,998189,COREAD,-3.780246,-4.367416858673096
1615,905936,COREAD,4.384836,4.687577247619629
1922,910905,COREAD,5.960427,3.228289842605591
1915,907291,COREAD,1.928565,2.533191680908203
1190,917486,COREAD,0.511899,2.7890148162841797
1011,909748,COREAD,2.413515,1.5873680114746094
1625,1290771,COREAD,5.993097,5.988251209259033
1564,1660036,COREAD,2.168135,2.0248372554779053
1564,910689,COREAD,1.746081,2.1389787197113037
1191,907287,COREAD,-4.076752,-4.864068508148193
1854,905937,COREAD,4.577554,4.430267810821533
1093,905939,COREAD,5.084165,4.507040023803711
1852,909761,COREAD,4.376479,4.808613300323486
1068,907287,COREAD,1.391912,1.4689431190490723
1012,924108,COREAD,0.819261,1.8523433208465576
1085,910554,COREAD,2.079229,2.6737146377563477
1564,905962,COREAD,0.370098,0.40977942943573
1786,905936,COREAD,2.663502,1.5590944290161133
1931,1659928,COREAD,5.102646,5.069622993469238
1614,905961,COREAD,5.021004,3.0876057147979736
1912,909746,COREAD,5.303333,4.375093460083008
1058,1322212,SCLC,0.621516,-0.2636067867279053
1930,687985,SCLC,-0.348638,-0.5577607750892639
1250,1330972,SCLC,0.218214,0.8647276759147644
1180,713878,SCLC,-1.985699,-1.8425393104553223
1854,688010,SCLC,2.979649,4.458759784698486
1908,688014,SCLC,4.389278,4.726132869720459
1268,713899,SCLC,5.282148,4.562191486358643
2110,910937,SCLC,3.671274,3.771353006362915
1012,1330972,SCLC,1.091162,-0.11269080638885498
1199,1330973,SCLC,4.49177,5.326621055603027
1576,688021,SCLC,3.042804,3.992271900177002
2048,688014,SCLC,-2.698891,-2.124683141708374
1617,687980,SCLC,1.946447,1.5292224884033203
1634,688011,SCLC,4.320883,3.8915441036224365
1003,687997,SCLC,-0.57976,-0.5174211263656616
1003,906808,SCLC,-1.586349,-1.7430498600006104
1013,688023,SCLC,1.342193,2.5282561779022217
2044,1240189,SCLC,1.507591,2.476576566696167
1918,687985,SCLC,1.067691,1.09153151512146
1557,753610,SCLC,4.432167,4.134617805480957
1919,1240189,SCLC,0.379819,1.5916521549224854
1091,908483,SCLC,3.158203,1.6849095821380615
1922,688010,SCLC,1.851506,2.099586248397827
1560,1330964,SCLC,4.649813,5.556900501251221
1510,688018,SCLC,4.564499,4.242916584014893
1626,688021,SCLC,5.602884,5.159247398376465
1855,1299062,SCLC,5.628894,5.762947082519531
1916,688010,SCLC,5.000722,4.3171162605285645
1563,687997,SCLC,5.852899,6.057442665100098
1168,753610,SCLC,3.014733,2.4072673320770264
1622,1240189,SCLC,3.200879,3.507322311401367
1507,1240186,SCLC,6.018455,5.251739501953125
1634,688023,SCLC,3.783135,3.785313844680786
1060,688013,SCLC,1.013701,0.9620651006698608
2040,713878,SCLC,1.095854,1.8331944942474365
2106,687983,SCLC,2.57674,3.9251155853271484
1561,753589,SCLC,3.180629,4.116105556488037
1854,687983,SCLC,4.456736,4.652600288391113
1089,724872,SCLC,2.842385,2.807742118835449
2044,687980,SCLC,2.269589,3.5007967948913574
1576,688014,SCLC,3.237552,3.3796041011810303
1560,688031,SCLC,2.410813,3.109524726867676
1168,907295,SCLC,2.514164,3.3181943893432617
1022,713899,SCLC,0.725438,-0.7116133570671082
1268,753551,SCLC,4.529541,4.176389217376709
1085,713880,SCLC,1.884666,1.4831371307373047
1060,753551,SCLC,0.876247,1.3672962188720703
1168,687997,SCLC,2.573318,3.0661821365356445
1249,688018,SCLC,4.140039,4.1323347091674805
1372,724872,SCLC,1.303819,1.5652801990509033
1924,688023,SCLC,1.478883,1.8398959636688232
1940,688027,SCLC,4.11423,4.224714279174805
1613,713899,SCLC,3.678563,3.3778555393218994
1248,1297439,SCLC,-4.809861,-5.368987083435059
1007,1330964,SCLC,-4.153596,-3.0144784450531006
1051,688014,SCLC,2.27459,3.143019676208496
1557,688025,SCLC,4.932075,3.9391191005706787
1507,687983,SCLC,5.483997,4.697795391082764
1091,687980,SCLC,1.507058,0.7668991088867188
1168,1240193,SCLC,1.943273,2.3895821571350098
1873,1299062,SCLC,2.222651,2.5103023052215576
2047,713878,SCLC,2.107977,2.8616464138031006
1918,907295,SCLC,5.357488,5.115689754486084
1046,687980,SCLC,1.956297,1.8345482349395752
1614,688010,SCLC,5.212561,4.129928112030029
2048,1330964,SCLC,-1.165334,-0.7687404751777649
1593,688001,SCLC,-1.441591,-1.2907617092132568
1557,713899,SCLC,5.052942,5.02850341796875
1928,1322212,SCLC,2.253244,3.479933738708496
1593,687985,SCLC,2.059754,1.2057887315750122
1578,688023,SCLC,4.940962,4.848651885986328
2046,1240186,SCLC,3.246514,4.360019683837891
2048,910692,SCLC,-0.519887,-0.7675759196281433
1032,713899,SCLC,1.036823,1.7125160694122314
1915,687995,SCLC,2.792738,3.0480408668518066
1068,713878,SCLC,0.571477,0.6154054403305054
1553,753565,SCLC,-0.332357,0.8196313381195068
1372,688011,SCLC,1.772415,2.007035493850708
1624,687983,SCLC,4.003067,3.9825403690338135
1375,713899,SCLC,5.187133,5.638854026794434
1627,907295,SCLC,3.603439,3.1895875930786133
1559,1330973,SCLC,1.996556,1.722322702407837
1200,910937,SCLC,2.417961,2.4601705074310303
1012,687995,SCLC,3.057292,1.6635282039642334
1925,753547,SCLC,2.56487,4.3616838455200195
2048,688025,SCLC,-4.795629,-4.723085880279541
1621,687980,SCLC,3.590983,3.6830763816833496
1624,688023,SCLC,1.599492,2.1978256702423096
1852,908483,SCLC,4.173371,4.33259916305542
1049,906808,SCLC,3.106165,4.278403282165527
2044,910937,SCLC,2.066644,2.5222275257110596
1268,753610,SCLC,4.650882,3.6093943119049072
1873,753610,SCLC,0.701151,0.3564373254776001
1012,688013,SCLC,-0.653112,0.14671003818511963
1529,688031,SCLC,-0.329181,-1.2004268169403076
1922,910692,SCLC,2.138228,2.717829465866089
1558,1240192,SCLC,3.313627,4.281938076019287
1615,688006,SCLC,5.44083,5.264266014099121
1049,687997,SCLC,5.200158,5.748992443084717
1557,753565,SCLC,3.777161,4.247378826141357
1630,908483,SCLC,4.153323,2.689162254333496
1631,688013,SCLC,1.691272,2.0150225162506104
1594,688021,SCLC,6.490452,5.563380718231201
1373,1330964,SCLC,5.795835,5.904303550720215
2107,906808,SCLC,5.712944,5.196949005126953
1557,1330972,SCLC,5.253856,4.30520486831665
1003,924241,SCLC,1.576814,-1.5667064189910889
1168,688025,SCLC,2.658483,2.7375247478485107
1036,1299062,SCLC,5.694454,5.374828815460205
1629,688006,SCLC,4.279879,4.991421222686768
1910,753565,SCLC,-1.067714,-2.49918794631958
1372,1322212,SCLC,2.614483,0.8496757745742798
1373,1299062,SCLC,5.384602,4.670869827270508
1563,687995,SCLC,5.003377,4.95728874206543
1034,910692,SCLC,-2.675595,-2.6403896808624268
1268,687995,SCLC,4.158162,4.009979248046875
2109,1240193,SCLC,0.889704,1.8763678073883057
1593,1240189,SCLC,1.262579,-0.052650004625320435
1593,908483,SCLC,0.911729,0.7144749164581299
1620,713899,SCLC,5.315234,5.246860980987549
1511,910937,SCLC,-1.5376,-1.8268380165100098
1873,1240193,SCLC,-0.173305,-0.0746481716632843
1046,1299062,SCLC,2.915278,3.2812256813049316
1084,688031,SCLC,-2.95265,-2.4612698554992676
1849,687980,SCLC,-0.975438,-0.8241403698921204
1926,1240193,SCLC,-0.291839,-0.17167413234710693
1372,688010,SCLC,3.294784,2.8852219581604004
1085,688031,SCLC,1.499545,1.47698974609375
1239,688006,SCLC,2.501927,2.8915390968322754
1862,753594,SCLC,-0.570461,-1.2071332931518555
1191,1330973,SCLC,-0.200357,-1.251129388809204
2106,688023,SCLC,0.500029,1.017207384109497
1047,687995,SCLC,4.822459,4.089259147644043
1621,688006,SCLC,4.229876,4.324337482452393
2045,688023,SCLC,3.36947,4.241849899291992
1032,688018,SCLC,5.564265,2.6562962532043457
1068,688025,SCLC,1.205388,0.4268648624420166
1549,687995,SCLC,5.469694,4.6617631912231445
1017,688006,SCLC,2.071713,1.4139957427978516
1073,688023,SCLC,6.125567,5.856677055358887
1564,1330973,SCLC,5.890889,4.541040897369385
1091,687985,SCLC,2.533224,2.2953333854675293
1046,688006,SCLC,2.294847,1.7313594818115234
1853,688021,SCLC,6.645641,5.639497756958008
2048,688031,SCLC,-4.67696,-4.150976181030273
2046,688025,SCLC,4.444239,4.3317389488220215
1191,907295,SCLC,-3.461832,-2.626516342163086
1919,688027,SCLC,1.581991,1.013373851776123
1930,910692,SCLC,0.993927,0.5798588991165161
1058,687985,SCLC,-0.196758,0.20457759499549866
1563,687983,SCLC,5.738477,5.886894226074219
1634,753551,SCLC,3.199999,3.7144694328308105
1190,724872,SCLC,2.535242,0.8503092527389526
1049,688006,SCLC,4.13702,3.527927875518799
1593,688018,SCLC,1.209636,1.4488623142242432
1930,1330973,SCLC,3.90046,4.332561016082764
2111,688023,SCLC,4.537702,4.074432849884033
1563,688010,SCLC,5.780094,5.3738298416137695
1083,910692,SCLC,3.394992,3.856318473815918
1191,753589,SCLC,-1.790335,-2.8994686603546143
1053,688001,SCLC,-0.720223,0.5815511345863342
1617,910692,SCLC,5.898581,3.981780529022217
1620,1330972,SCLC,5.269849,5.042412757873535
1635,1330972,SCLC,5.224549,5.044645309448242
1179,1240192,SCLC,0.568107,0.91697096824646
1919,688026,SCLC,1.316084,2.8587889671325684
1073,1240189,SCLC,4.551254,4.465242862701416
1012,1240193,SCLC,0.501233,0.325459748506546
1911,724872,SCLC,-4.230884,-4.035566806793213
1053,713878,SCLC,3.227866,3.297783374786377
2047,688001,SCLC,1.004472,-0.006621867418289185
1013,1299062,SCLC,5.229791,4.549808979034424
1997,688023,SCLC,2.470055,2.039634943008423
1510,907295,SCLC,2.8048,3.7818987369537354
1549,1330973,SCLC,5.755244,4.128921985626221
1010,687995,SCLC,3.803943,3.7530553340911865
1614,908483,SCLC,1.79389,1.6211588382720947
1190,910937,SCLC,-1.737757,-2.840545415878296
1093,688021,SCLC,6.750379,5.912585735321045
1373,688013,SCLC,3.765485,3.6048800945281982
1940,688010,SCLC,2.52168,3.5454328060150146
1375,753610,SCLC,5.324947,4.801031112670898
1909,1322212,SCLC,-0.1237,0.4476446509361267
1624,688018,SCLC,3.063015,3.2202811241149902
1919,687983,SCLC,1.685482,1.691180944442749
1084,1298349,SCLC,-2.278606,-0.8628829121589661
1926,688031,SCLC,3.69221,1.7639141082763672
2048,906808,SCLC,0.396436,-0.7183437943458557
1079,687980,SCLC,3.208541,3.186039686203003
1510,753551,SCLC,3.749529,3.9293415546417236
1259,688025,SCLC,1.607014,0.1974164843559265
1615,687997,SCLC,6.116315,5.516467094421387
1060,907295,SCLC,1.409151,0.4260846674442291
2110,687980,SCLC,3.463675,4.306609630584717
1005,1297439,SCLC,2.462877,1.49855375289917
1634,713878,SCLC,3.9629,3.4071807861328125
1083,688010,SCLC,2.613862,3.3134560585021973
2047,1322212,SCLC,3.485032,4.6621575355529785
1917,753589,SCLC,4.166957,3.8138692378997803
1924,687980,SCLC,2.595191,2.0580644607543945
1560,688023,SCLC,3.756637,2.5241780281066895
1911,687985,SCLC,-5.400149,-4.358534336090088
1625,688014,SCLC,5.840707,6.168660640716553
1933,688023,SCLC,2.147941,3.393542766571045
1083,688001,SCLC,1.682235,0.3265797793865204
1091,910692,SCLC,1.048362,1.9776935577392578
1179,1240193,SCLC,-1.545614,-0.8913119435310364
1006,713899,SCLC,2.400162,2.3239965438842773
1916,1240189,SCLC,2.949068,2.4810597896575928
1080,688006,SCLC,-0.481347,-2.384927988052368
1560,688010,SCLC,4.6538,3.9426310062408447
1576,753594,SCLC,1.304604,2.0934314727783203
1168,713880,SCLC,2.305121,2.2398760318756104
1073,688001,SCLC,6.439985,2.3734188079833984
1004,1322212,SCLC,-3.305044,-2.4767391681671143
1933,688010,SCLC,3.038383,2.4874331951141357
1180,724872,SCLC,-3.470215,-2.7985243797302246
1084,908483,SCLC,-1.508464,-2.22063946723938
1053,1240192,SCLC,4.635568,4.222532272338867
1931,688014,SCLC,5.975601,5.871144771575928
1057,688001,SCLC,-2.918224,-1.8675580024719238
2096,1297439,SCLC,5.005177,3.4972054958343506
1936,687985,SCLC,1.075171,2.357912063598633
1005,907295,SCLC,3.827294,2.819124698638916
1003,688001,SCLC,-4.428952,-5.009646892547607
1927,688014,SCLC,5.975601,5.5743327140808105
1618,687985,SCLC,3.223305,3.4031596183776855
1375,687997,SCLC,6.417465,6.622891426086426
1915,687997,SCLC,3.758462,3.192579984664917
1200,1240186,SCLC,4.169622,3.6010711193084717
1259,910937,SCLC,-1.868115,-0.40389055013656616
1913,906808,SCLC,5.462317,4.525752067565918
2040,1240186,SCLC,3.124288,2.9785070419311523
1032,910692,SCLC,2.65271,2.082627058029175
1177,688006,SCLC,2.603183,1.704930305480957
1191,687983,SCLC,-4.752861,-4.822237968444824
1910,753589,SCLC,1.930785,2.6296048164367676
1786,688027,SCLC,2.204579,2.467617988586426
1131,1299062,SCLC,4.775306,4.580048084259033
1053,688006,SCLC,2.67458,3.7035279273986816
1919,1299062,SCLC,3.455726,3.954533100128174
1913,753547,SCLC,4.72906,4.111030101776123
1916,724872,SCLC,3.209272,2.791271686553955
1510,1240193,SCLC,1.922977,2.0451297760009766
1630,687983,SCLC,4.862119,4.91488790512085
1057,687983,SCLC,-1.549246,-1.8919529914855957
1620,753589,SCLC,6.342568,5.917494773864746
1084,713880,SCLC,-3.322943,-3.283872604370117
1091,1240189,SCLC,2.629976,1.298779010772705
1084,713878,SCLC,-3.12095,-1.7461576461791992
1629,753610,SCLC,4.144993,3.8981571197509766
1630,924241,SCLC,7.382595,5.5035552978515625
1054,688014,SCLC,6.044601,5.569068908691406
1079,910937,SCLC,2.954719,2.8933355808258057
1237,688031,SCLC,4.503471,3.8188066482543945
1933,1330973,SCLC,6.7469,5.755585193634033
1079,753589,SCLC,3.569001,4.551209926605225
1073,1240192,SCLC,6.167154,6.207619667053223
1618,907295,SCLC,3.498644,4.31107234954834
1084,1330973,SCLC,-1.814195,-0.805653989315033
1918,908483,SCLC,4.464096,3.721928358078003
1249,713899,SCLC,3.156968,3.1684746742248535
1626,687995,SCLC,5.315713,3.9732162952423096
1940,687985,SCLC,2.445332,3.6530728340148926
1022,1330973,SCLC,1.901612,1.4158995151519775
1131,713880,SCLC,3.018142,4.670321941375732
1089,688023,SCLC,3.058488,3.2915220260620117
1631,687983,SCLC,4.614364,4.0726518630981445
1507,753547,SCLC,4.490533,3.751657485961914
1576,1240186,SCLC,4.07529,3.3075480461120605
1375,688013,SCLC,5.187095,5.369423866271973
1177,753565,SCLC,1.714741,2.5670347213745117
1131,908483,SCLC,2.525658,2.9019510746002197
1939,688014,SCLC,4.037214,2.952197790145874
1200,753547,SCLC,2.30287,2.6171116828918457
1180,907295,SCLC,-1.736591,-0.1817302703857422
1852,1240186,SCLC,6.252356,5.995582580566406
1634,688010,SCLC,2.05408,2.4554572105407715
1046,713880,SCLC,1.87548,1.1007351875305176
1620,688023,SCLC,4.886414,4.889033794403076
1561,753565,SCLC,0.369062,-0.16725444793701172
1012,1330973,SCLC,2.665008,2.7399940490722656
1873,687997,SCLC,1.505319,3.138652801513672
1036,906808,SCLC,5.235906,6.089231491088867
1249,688006,SCLC,3.138334,3.3208463191986084
1079,908483,SCLC,1.996462,2.6336183547973633
1177,753551,SCLC,1.423223,1.8931479454040527
1179,687985,SCLC,0.345915,0.2936271131038666
1199,687983,SCLC,3.249576,2.5364017486572266
1615,753589,SCLC,6.414626,5.787790775299072
1939,1330973,SCLC,6.631219,6.395525932312012
1375,713880,SCLC,4.820789,5.064023017883301
1372,753594,SCLC,2.41834,2.415848731994629
1511,688026,SCLC,1.375447,1.2615059614181519
1054,688023,SCLC,3.994327,4.520520210266113
1933,688013,SCLC,2.609836,3.75368595123291
1621,688021,SCLC,5.765854,6.100950241088867
1199,688023,SCLC,3.636526,2.711550235748291
1927,1240186,SCLC,5.325359,5.570488929748535
2096,910937,SCLC,2.955176,4.0899271965026855
1924,724872,SCLC,3.387145,3.1736044883728027
1933,1330964,SCLC,5.242481,4.044647693634033
1909,908483,SCLC,1.074412,1.2318313121795654
2045,1330964,SCLC,4.81534,5.206206321716309
1036,1240192,SCLC,4.953672,4.901263236999512
1511,688014,SCLC,0.793886,0.36439692974090576
2110,687985,SCLC,3.860438,4.1831583976745605
1511,1240186,SCLC,2.41244,1.5300047397613525
1237,910692,SCLC,6.04784,5.253396987915039
1630,688013,SCLC,3.141165,3.7758045196533203
1932,713899,SCLC,0.875472,1.3090736865997314
1047,910692,SCLC,6.009065,3.4790940284729004
2046,687980,SCLC,1.908499,3.8378517627716064
1618,1240192,SCLC,3.280842,4.20452880859375
1268,1299062,SCLC,5.317065,4.543957710266113
1635,724872,SCLC,3.632009,4.350578784942627
1089,688013,SCLC,-0.891282,2.887542486190796
1036,1298349,SCLC,4.135611,4.264835834503174
1927,724872,SCLC,3.363153,3.868098497390747
1625,753565,SCLC,2.860566,3.6943016052246094
1617,688023,SCLC,0.452614,1.43218994140625
1909,906808,SCLC,0.881198,1.0445301532745361
1051,713880,SCLC,0.474543,0.3432439863681793
1916,688025,SCLC,3.747482,3.58471941947937
1911,688001,SCLC,-5.012432,-5.705214977264404
1250,753551,SCLC,3.999111,2.279066562652588
1912,753610,SCLC,3.085269,2.6326904296875
2046,753610,SCLC,3.116292,2.7479660511016846
1918,1322212,SCLC,2.212404,2.152996063232422
1512,1299062,SCLC,6.38146,6.165045261383057
1051,688010,SCLC,-1.504126,0.39672815799713135
1013,1322212,SCLC,1.952648,2.091193914413452
1034,907295,SCLC,-1.820276,-0.10794413089752197
1909,1240193,SCLC,1.098504,1.475433588027954
1058,1298349,SCLC,2.82824,2.484997510910034
1930,688027,SCLC,-0.51108,-0.2421897053718567
1924,1330964,SCLC,4.74194,3.9276719093322754
1862,1299062,SCLC,-1.417471,-1.301682472229004
1926,1240186,SCLC,2.167751,2.2492518424987793
1564,687995,SCLC,3.799488,3.9654529094696045
1088,1330972,SCLC,-2.577352,-1.1278958320617676
1598,753547,SCLC,3.775291,3.3659751415252686
1913,1240186,SCLC,5.377298,5.031789302825928
1007,688006,SCLC,-3.895017,-3.8496460914611816
1936,906808,SCLC,3.47439,3.2699787616729736
1924,688026,SCLC,2.300314,2.9366345405578613
1578,753610,SCLC,4.160046,4.3576765060424805
1563,1299062,SCLC,6.733774,6.059139728546143
1190,688013,SCLC,-3.300555,-3.7034988403320312
1011,688014,SCLC,0.370254,0.04558086395263672
1047,688025,SCLC,4.829057,4.271206378936768
1578,753547,SCLC,4.131402,4.4291911125183105
1852,1330972,SCLC,4.861025,4.749305725097656
1598,1330972,SCLC,3.871148,4.172322750091553
1507,753610,SCLC,3.939803,3.1411149501800537
1093,924241,SCLC,6.975488,6.810120105743408
1013,1240189,SCLC,2.205108,2.7374191284179688
1268,753594,SCLC,4.189351,3.71347713470459
1375,688025,SCLC,6.244861,5.110991477966309
1091,687983,SCLC,1.885186,2.653350591659546
1630,688014,SCLC,5.090642,4.589376449584961
1080,713880,SCLC,-4.446455,-4.554640293121338
1553,907295,SCLC,4.240139,4.260378837585449
1913,1322212,SCLC,5.328495,4.516066074371338
1057,687985,SCLC,-2.505323,-2.233851909637451
2044,688031,SCLC,2.196196,2.3107495307922363
1177,1240189,SCLC,3.563085,2.10789155960083
2047,1299062,SCLC,1.30901,2.4643747806549072
1239,687985,SCLC,1.054131,1.2646934986114502
1084,907295,SCLC,-2.551584,-0.017803311347961426
1558,1299062,SCLC,5.382392,5.737326622009277
1924,1240193,SCLC,2.062032,1.852452039718628
1168,1240186,SCLC,3.189304,3.2603631019592285
1561,687980,SCLC,0.932826,0.7807095050811768
1916,688014,SCLC,4.054356,4.189718723297119
1908,688023,SCLC,2.633005,2.281266212463379
1089,688011,SCLC,4.567902,4.569457054138184
1250,687983,SCLC,1.531211,1.4024088382720947
1576,713899,SCLC,2.791888,3.0692331790924072
1036,753547,SCLC,4.1654,3.5316662788391113
1080,1330973,SCLC,-2.826075,-0.7521597743034363
1629,688010,SCLC,2.787613,2.7756474018096924
1916,753565,SCLC,-0.126762,0.024299412965774536
1557,688010,SCLC,5.554265,4.588389873504639
1011,1330972,SCLC,-0.540096,-0.835606038570404
1093,713880,SCLC,3.246507,3.2697887420654297
1917,1330964,SCLC,1.259625,1.3145649433135986
1908,906808,SCLC,3.777695,3.2585315704345703
1168,910692,SCLC,3.207405,2.67344069480896
1250,907295,SCLC,4.306081,3.664459466934204
1190,688026,SCLC,3.005351,4.32664680480957
2109,688023,SCLC,1.091485,1.5926406383514404
1131,687995,SCLC,4.900496,5.121480941772461
1051,688021,SCLC,5.411885,4.271594524383545
1928,688010,SCLC,3.267685,4.2274675369262695
1190,906808,SCLC,1.599165,0.4206385314464569
1012,753610,SCLC,0.163647,1.2328076362609863
1022,1240189,SCLC,-1.098472,-0.32474154233932495
1932,688010,SCLC,2.417497,1.9133753776550293
1529,907295,SCLC,2.567184,2.010101556777954
1199,713899,SCLC,3.883139,3.556204080581665
2045,1240193,SCLC,3.400669,4.022933483123779
1079,1240192,SCLC,3.45208,1.9768397808074951
2047,1240192,SCLC,3.959295,2.7511253356933594
1375,687995,SCLC,5.115555,5.248850345611572
1034,753565,SCLC,-3.210628,-2.83986234664917
2044,753547,SCLC,1.606329,2.62298583984375
1930,713880,SCLC,1.053599,-0.48614150285720825
1068,907295,SCLC,1.462868,1.8667097091674805
1549,753610,SCLC,3.385542,4.312077522277832
1507,688025,SCLC,2.607829,3.070620536804199
1005,688006,SCLC,1.597928,0.7785046100616455
1046,1240189,SCLC,1.092484,0.7208957672119141
1373,1330972,SCLC,5.269849,5.237715244293213
1032,1330973,SCLC,2.754473,3.4039366245269775
1924,688031,SCLC,4.071694,3.308154582977295
1618,1330972,SCLC,3.312013,4.541364669799805
1004,688027,SCLC,-6.645121,-4.328410625457764
1557,713878,SCLC,5.268138,4.51698637008667
2046,906808,SCLC,3.650404,3.8647689819335938
1862,713880,SCLC,-1.814826,-1.568965196609497
2043,1322212,SCLC,5.310399,4.487061023712158
1088,1240186,SCLC,6.078025,5.145399570465088
1558,688001,SCLC,0.555317,1.0791752338409424
1131,753565,SCLC,5.106894,4.6103315353393555
1093,1330972,SCLC,5.383567,4.265990257263184
1559,753565,SCLC,-2.196718,-1.860755443572998
1918,910937,SCLC,2.650142,2.9827136993408203
1085,1322212,SCLC,2.990128,2.4405601024627686
1250,713880,SCLC,0.346583,1.6785588264465332
1073,1330972,SCLC,6.469159,3.7744266986846924
1372,688026,SCLC,2.942388,4.313974857330322
2096,688026,SCLC,4.35075,4.8704986572265625
2043,687983,SCLC,4.470273,4.76076602935791
1558,907295,SCLC,6.035135,3.8931775093078613
1068,753594,SCLC,1.951661,0.47854989767074585
1613,687980,SCLC,2.512196,3.1513617038726807
1084,724872,SCLC,-1.440459,-2.545063018798828
1852,688023,SCLC,5.094669,4.3643574714660645
2111,1330964,SCLC,4.134201,4.235143184661865
1005,713878,SCLC,2.486395,3.059713363647461
1622,753551,SCLC,3.084368,3.7770724296569824
1598,688010,SCLC,2.860155,1.8648059368133545
1060,753610,SCLC,1.619952,0.3074219524860382
1620,908483,SCLC,4.473132,4.3719635009765625
1054,907295,SCLC,3.916993,5.176537036895752
1248,688026,SCLC,-6.069835,-3.5679450035095215
2045,907295,SCLC,5.754357,5.265858173370361
1928,688027,SCLC,2.512629,3.3098530769348145
1852,753589,SCLC,5.976119,5.801915168762207
1926,688025,SCLC,2.61719,2.4981255531311035
1080,688013,SCLC,-5.129421,-5.150238990783691
1051,687983,SCLC,3.864888,1.5062229633331299
1079,688013,SCLC,1.877376,2.7673439979553223
2043,1240186,SCLC,6.404613,5.210334300994873
1631,687997,SCLC,4.227503,4.893054962158203
1010,713899,SCLC,3.173761,3.249948740005493
1268,688014,SCLC,5.208421,5.002586364746094
2109,713880,SCLC,2.051428,2.2782540321350098
1919,753594,SCLC,1.771643,1.7653205394744873
1928,724872,SCLC,3.129642,3.3410887718200684
1553,1299062,SCLC,4.872689,4.067127227783203
1598,753594,SCLC,3.397866,3.316032886505127
1933,724872,SCLC,3.885694,3.101160764694214
1549,1240192,SCLC,4.486839,4.960081577301025
1268,688031,SCLC,2.688521,3.230297803878784
2045,688027,SCLC,3.881157,4.317462921142578
1939,687997,SCLC,3.396172,2.360226631164551
1928,713880,SCLC,4.010347,4.096041679382324
1558,906808,SCLC,3.589398,3.8598456382751465
1080,688001,SCLC,-3.514953,-3.151104211807251
1936,687983,SCLC,2.96739,2.6903975009918213
1873,753547,SCLC,0.693977,0.6790050268173218
1084,1299062,SCLC,-1.967205,-0.45726853609085083
1912,687995,SCLC,2.038633,1.8054039478302002
1080,687985,SCLC,-4.802091,-4.435154438018799
1930,753594,SCLC,-1.2572,-0.5836074948310852
1620,753610,SCLC,5.036126,4.592083930969238
1625,687980,SCLC,4.50333,4.109323024749756
1924,1322212,SCLC,1.408536,0.8587428331375122
1058,713899,SCLC,1.227136,2.0133097171783447
1084,910937,SCLC,-2.57513,-2.790175437927246
1563,924241,SCLC,7.585245,7.473148822784424
1080,753589,SCLC,0.621733,-0.9283571839332581
1168,688023,SCLC,2.797477,2.395613670349121
1925,1330973,SCLC,4.913606,5.935398578643799
1620,753547,SCLC,4.870211,4.459835052490234
2106,1240192,SCLC,5.020458,4.781450271606445
1249,924241,SCLC,5.578154,5.06204891204834
2106,753547,SCLC,1.981095,1.9071593284606934
1559,688025,SCLC,-0.998389,-1.8156113624572754
1199,688010,SCLC,2.823576,2.1516332626342773
1855,753594,SCLC,2.795111,3.328716278076172
1560,688026,SCLC,4.146453,4.166501998901367
1088,687985,SCLC,2.32828,2.008225202560425
1910,688010,SCLC,-3.576733,-1.0305769443511963
1200,1298349,SCLC,3.217788,2.762601852416992
2109,907295,SCLC,3.852509,3.387446880340576
1131,753594,SCLC,2.987924,3.162092924118042
1786,910937,SCLC,3.650248,2.607213258743286
1873,724872,SCLC,0.683015,0.8098571300506592
1559,688021,SCLC,1.474555,2.1668314933776855
1268,753565,SCLC,3.947432,4.239843368530273
1915,1299062,SCLC,4.59184,4.111579418182373
1799,907295,SCLC,6.194899,5.948647499084473
1939,1330964,SCLC,4.028068,3.6511855125427246
1928,688001,SCLC,2.13697,2.862454414367676
2040,1322212,SCLC,0.185553,-0.4075510501861572
1936,1330973,SCLC,4.192745,3.0483548641204834
1179,1322212,SCLC,0.65852,-0.08411997556686401
1512,688010,SCLC,3.427686,4.694050312042236
1618,688023,SCLC,3.614672,3.7593331336975098
1996,1240193,SCLC,3.714146,3.129749059677124
1576,688018,SCLC,3.217299,3.9248101711273193
1849,1299062,SCLC,0.762784,0.5783571004867554
1088,753589,SCLC,3.545546,4.76389217376709
1058,753565,SCLC,1.430801,0.11570708453655243
1941,906808,SCLC,-4.947666,-2.5519795417785645
1622,1240192,SCLC,4.38726,3.8455162048339844
1248,1240192,SCLC,-3.577925,-4.868331432342529
1931,688025,SCLC,4.269739,4.683990001678467
1131,907295,SCLC,6.63463,5.994733810424805
1507,688001,SCLC,3.966189,3.7990736961364746
1927,753610,SCLC,4.330532,4.036301612854004
1624,753565,SCLC,-0.224104,1.0716559886932373
1933,1330972,SCLC,2.539667,2.1277732849121094
1083,687997,SCLC,3.917179,4.397441864013672
1080,1322212,SCLC,-3.803563,-3.0023558139801025
1013,713899,SCLC,2.220923,3.234848976135254
1058,688014,SCLC,3.380656,3.678335428237915
1058,1330973,SCLC,1.43398,1.6790971755981445
2111,687983,SCLC,5.359617,4.5628275871276855
1913,1330964,SCLC,5.863028,4.641300678253174
1560,907295,SCLC,5.494635,4.87724494934082
1862,688023,SCLC,-2.57408,-2.060136079788208
1941,1298349,SCLC,-2.11925,-2.10589337348938
1559,713878,SCLC,-1.779738,0.10758000612258911
1617,753551,SCLC,0.661593,-0.02926507592201233
1635,688014,SCLC,5.597292,5.631879806518555
1191,910937,SCLC,-3.961014,-4.374815940856934
1918,910692,SCLC,3.697021,3.4732820987701416
1268,688025,SCLC,2.702869,3.2264108657836914
1786,1330973,SCLC,3.699616,4.142573833465576
1373,688001,SCLC,0.680875,0.7030206918716431
1054,688001,SCLC,-1.33781,0.5443271398544312
1004,688026,SCLC,-2.726799,-3.11867094039917
1933,753594,SCLC,4.568199,3.4908149242401123
1855,907295,SCLC,5.248169,5.131357669830322
1558,753547,SCLC,1.628204,1.7983078956604004
1930,688023,SCLC,-0.716135,-0.5003620386123657
1180,687985,SCLC,-3.934477,-3.0703063011169434
2111,724872,SCLC,3.720296,3.6820945739746094
1936,687995,SCLC,0.872984,2.6303176879882812
1373,688031,SCLC,4.15436,2.931337356567383
1259,1299062,SCLC,4.795191,5.119035720825195
1941,1322212,SCLC,-5.539199,-3.958155632019043
1625,910692,SCLC,5.723241,5.383245468139648
1010,687980,SCLC,3.132541,3.1661367416381836
1089,713899,SCLC,3.654505,3.5412991046905518
1615,687980,SCLC,3.395912,4.218479156494141
1058,1240186,SCLC,3.090204,3.090524911880493
1936,1330972,SCLC,2.285096,1.3835220336914062
1558,753594,SCLC,1.959456,1.8124029636383057
1997,687997,SCLC,4.500412,3.1158177852630615
1598,906808,SCLC,4.045546,4.4509358406066895
1047,688021,SCLC,6.752652,6.253860950469971
1180,713880,SCLC,-3.767095,-3.2875232696533203
1911,1240189,SCLC,-5.145152,-4.767354965209961
1911,688006,SCLC,-5.472259,-4.997135639190674
1553,753594,SCLC,1.929246,1.5094945430755615
1862,688026,SCLC,-1.30564,-0.19266343116760254
1910,1299062,SCLC,4.875691,3.5694892406463623
2045,687985,SCLC,3.355168,4.395205020904541
1873,753589,SCLC,3.352133,2.4918100833892822
1007,724872,SCLC,-5.237943,-4.762179374694824
1614,688001,SCLC,3.314214,2.1152303218841553
1852,1240192,SCLC,6.153173,5.480278491973877
1250,753589,SCLC,4.765942,4.3576459884643555
1089,713880,SCLC,3.358759,2.9093637466430664
1634,687980,SCLC,3.56583,2.914130449295044
1199,688006,SCLC,2.880826,3.979369640350342
1054,908483,SCLC,2.795217,2.9854958057403564
1046,688031,SCLC,0.917942,0.6101155281066895
1563,687980,SCLC,4.892589,4.539373397827148
1620,688018,SCLC,6.550008,6.421009063720703
1060,1240186,SCLC,2.966201,2.0557503700256348
1372,1240193,SCLC,2.585701,2.528092861175537
2048,1330973,SCLC,-0.348746,-0.29727619886398315
1933,1299062,SCLC,6.142418,6.181504249572754
2111,1298349,SCLC,4.729255,4.54393196105957
1177,908483,SCLC,2.776354,3.4554295539855957
1908,688001,SCLC,0.652031,-0.006621867418289185
1034,688014,SCLC,-2.119535,-3.1518194675445557
1250,713878,SCLC,2.623793,2.068554401397705
1512,724872,SCLC,4.660177,4.182594299316406
1922,688014,SCLC,2.64995,2.6782939434051514
1553,688018,SCLC,4.857978,3.851311683654785
1930,687995,SCLC,0.473863,0.40009909868240356
1168,908483,SCLC,2.736361,2.283005475997925
1931,753610,SCLC,5.041438,4.245009422302246
1939,1322212,SCLC,0.981317,2.5013558864593506
2046,688023,SCLC,4.311042,1.839134693145752
1635,687997,SCLC,5.981888,5.5964741706848145
1622,687995,SCLC,3.861858,3.5443344116210938
1910,1330964,SCLC,-0.747524,-1.365157127380371
1507,713880,SCLC,4.7684,4.179790496826172
1627,1330972,SCLC,2.94537,1.7560546398162842
1624,713899,SCLC,3.690524,2.978935480117798
1626,687983,SCLC,2.361684,3.935795783996582
1375,908483,SCLC,5.57141,5.075862884521484
1200,906808,SCLC,3.221631,3.246398448944092
2111,687995,SCLC,4.886853,4.586571216583252
1375,907295,SCLC,6.558379,6.370070934295654
1915,713880,SCLC,2.580818,2.436474084854126
1191,688023,SCLC,-5.933448,-5.593390464782715
1911,907295,SCLC,-3.912553,-0.771231472492218
1927,1330964,SCLC,5.860468,5.191697120666504
1553,688014,SCLC,3.24929,4.7623066902160645
1017,687983,SCLC,4.128832,4.147051811218262
1003,724872,SCLC,-1.207314,-2.8202662467956543
1032,724872,SCLC,1.117352,1.677926778793335
1032,753594,SCLC,1.159343,1.0711534023284912
1620,687980,SCLC,3.723562,4.405224800109863
1786,688001,SCLC,1.468843,0.4685989022254944
1003,688021,SCLC,0.454577,-0.34056025743484497
2043,688021,SCLC,6.575043,5.551480770111084
1511,906808,SCLC,2.310965,-0.11985689401626587
1613,1299062,SCLC,4.104956,3.878152370452881
1919,688023,SCLC,1.607917,1.0966269969940186
1079,1322212,SCLC,2.493035,2.2483365535736084
2096,688001,SCLC,1.753165,0.4800029993057251
1017,753565,SCLC,1.748415,2.743713617324829
2110,688001,SCLC,4.824927,3.2518322467803955
1180,753589,SCLC,0.79,-0.8094689249992371
1916,1299062,SCLC,4.564583,5.504007816314697
1615,713880,SCLC,4.897318,4.875417709350586
1909,687983,SCLC,1.853106,2.2669308185577393
1085,907295,SCLC,1.592627,2.300734043121338
1007,1240186,SCLC,-1.559213,-1.3374912738800049
1004,724872,SCLC,-5.417533,-3.2286159992218018
1618,908483,SCLC,3.277289,2.636976480484009
1005,753589,SCLC,4.387401,4.3273820877075195
2110,687995,SCLC,4.314955,4.442390441894531
1250,753547,SCLC,1.961084,0.879835307598114
1375,753565,SCLC,5.735111,5.669569969177246
1006,687983,SCLC,2.790819,1.8921916484832764
1011,687995,SCLC,-1.140358,1.367901086807251
1852,713880,SCLC,3.882705,4.516119003295898
1080,687995,SCLC,-0.679162,-3.3820271492004395
1036,687980,SCLC,4.407442,4.149613380432129
2047,688026,SCLC,3.224565,4.929482936859131
1006,753610,SCLC,-1.207954,-0.41879862546920776
1168,1298349,SCLC,1.678161,2.6603291034698486
1036,687983,SCLC,5.368516,5.588693141937256
1079,687985,SCLC,3.338725,1.942046880722046
2111,713880,SCLC,3.694502,4.090181350708008
1180,688006,SCLC,-1.843425,-1.82977294921875
1933,906808,SCLC,3.614877,5.033859729766846
2046,1298349,SCLC,4.4375,3.3533976078033447
1911,753594,SCLC,-5.798374,-3.745065689086914
1058,688023,SCLC,0.436007,0.7635122537612915
1200,1240192,SCLC,2.844759,3.0752031803131104
1564,688014,SCLC,5.176897,5.613876819610596
1909,753594,SCLC,1.071932,1.8332948684692383
1913,688031,SCLC,3.7238,3.562695026397705
1852,688014,SCLC,5.946757,5.466237545013428
1932,1322212,SCLC,-0.155571,0.1656932830810547
1940,687995,SCLC,3.124212,3.539987325668335
1200,753594,SCLC,2.27228,2.257589817047119
1036,1322212,SCLC,4.676314,4.623740196228027
1168,753547,SCLC,2.618851,2.7636003494262695
2107,688013,SCLC,4.354801,4.345686912536621
1177,687980,SCLC,3.120347,2.0759263038635254
1010,753565,SCLC,3.652071,2.9236433506011963
1007,687985,SCLC,-6.067713,-5.321728706359863
1553,688013,SCLC,4.145734,3.1055476665496826
1049,688001,SCLC,2.689196,1.7318832874298096
1022,687995,SCLC,1.032489,-0.07563987374305725
1924,1330973,SCLC,2.718677,3.1559648513793945
1053,688023,SCLC,1.201495,1.1702251434326172
1593,687980,SCLC,1.025288,0.5703493356704712
1177,688013,SCLC,-0.186848,1.4336702823638916
1046,906808,SCLC,2.060243,2.1465184688568115
2044,688001,SCLC,2.501595,1.749162197113037
1085,687985,SCLC,1.573337,2.038397789001465
1617,688001,SCLC,0.557444,-0.11413609981536865
1073,910937,SCLC,3.724606,3.693211555480957
1631,687985,SCLC,3.03578,2.552443027496338
1507,1240189,SCLC,4.913215,3.986111879348755
1578,688014,SCLC,5.215511,5.418389797210693
1936,688001,SCLC,1.433297,0.8691137433052063
1239,713880,SCLC,0.290504,0.949173092842102
1054,1240189,SCLC,1.331203,3.162843704223633
1909,1298349,SCLC,1.361266,1.5260677337646484
2109,687985,SCLC,1.968366,1.9468481540679932
1849,1240186,SCLC,2.393433,0.1762174367904663
1559,1240193,SCLC,-2.638017,-3.1793551445007324
2109,1297439,SCLC,2.644525,2.185941457748413
1927,687980,SCLC,4.696504,4.147668361663818
1003,1240193,SCLC,-3.434906,-3.775541305541992
1011,1330973,SCLC,0.804923,4.552484512329102
1924,688001,SCLC,1.415267,0.6931428909301758
1940,688014,SCLC,4.332183,4.10277795791626
2043,724872,SCLC,4.510147,3.7356860637664795
1873,688010,SCLC,1.140355,1.1546845436096191
1912,1330973,SCLC,1.463949,2.7743165493011475
1006,1330972,SCLC,-0.264814,0.14751076698303223
1621,908483,SCLC,4.462405,2.8269176483154297
1013,688010,SCLC,3.469111,2.0796375274658203
1003,688018,SCLC,-2.031672,-2.186060905456543
1915,688013,SCLC,2.742491,2.194148063659668
1046,1240192,SCLC,2.215708,2.8082165718078613
1003,688031,SCLC,-2.897812,-2.9285080432891846
1910,688013,SCLC,-2.529415,-1.7016820907592773
1557,907295,SCLC,6.157941,5.279329299926758
2106,1299062,SCLC,4.970777,4.067127227783203
1085,688023,SCLC,2.036918,1.806516170501709
1564,1330964,SCLC,4.007407,4.389045238494873
1855,688014,SCLC,5.002123,5.280517101287842
1922,687995,SCLC,3.141865,3.0152955055236816
1559,687997,SCLC,-1.75772,1.874526023864746
1561,1240186,SCLC,3.816251,4.233346462249756
1046,753589,SCLC,3.152718,3.927395820617676
1003,713880,SCLC,-3.689053,-2.785919189453125
1997,753547,SCLC,-0.925062,1.65309476852417
2106,688001,SCLC,1.081296,1.0924816131591797
1199,1330972,SCLC,4.570103,3.4618711471557617
1558,1330964,SCLC,6.165428,4.318378925323486
2043,687997,SCLC,4.241108,5.519100666046143
1177,688031,SCLC,1.62161,2.639233112335205
1926,1298349,SCLC,2.324936,1.5053274631500244
1613,910692,SCLC,4.693429,3.9468564987182617
1034,724872,SCLC,-3.618836,-3.5331430435180664
1083,753547,SCLC,2.394544,2.2911410331726074
2047,688027,SCLC,3.517061,4.52158260345459
2045,753594,SCLC,4.568486,4.040510177612305
1917,688014,SCLC,2.595159,3.4141061305999756
1080,907295,SCLC,0.24869,1.1552412509918213
1576,910692,SCLC,3.160254,3.6446104049682617
1168,753594,SCLC,2.959886,2.5583033561706543
1237,688013,SCLC,4.987167,4.630252838134766
1510,688021,SCLC,3.865252,5.072265625
1576,724872,SCLC,1.660613,1.6815848350524902
2096,753589,SCLC,5.124402,4.7573113441467285
1913,688023,SCLC,4.429028,3.7676923274993896
1799,1240192,SCLC,5.759754,6.036344051361084
1558,688031,SCLC,2.186727,1.9245476722717285
1091,688006,SCLC,2.771544,3.609477996826172
1627,924241,SCLC,5.157606,4.220883846282959
1013,688014,SCLC,4.914232,4.749706268310547
1614,1240189,SCLC,1.684385,2.3136861324310303
1005,687995,SCLC,1.784589,1.4058218002319336
1854,713880,SCLC,4.755272,4.318522930145264
1912,1298349,SCLC,3.083827,2.4215710163116455
2040,688026,SCLC,2.389087,0.8024308085441589
1005,688013,SCLC,-1.551348,-0.37791013717651367
2109,910937,SCLC,2.139275,3.1654975414276123
1510,924241,SCLC,6.344866,4.649088382720947
1005,688025,SCLC,0.358268,0.48382213711738586
1510,753589,SCLC,3.88956,5.0701398849487305
1576,1240189,SCLC,2.721335,2.531991958618164
1006,1298349,SCLC,3.596637,2.9061715602874756
1620,753551,SCLC,4.539209,4.654721260070801
2096,910692,SCLC,2.461415,2.889277458190918
1926,687997,SCLC,3.218555,3.2089486122131348
2106,1298349,SCLC,3.12386,3.24617862701416
1598,688006,SCLC,2.882599,3.297736167907715
2107,753547,SCLC,4.805259,4.480408668518066
1941,1330972,SCLC,-5.526708,-3.8518013954162598
1375,724872,SCLC,5.454576,5.340576171875
2047,688014,SCLC,2.989675,4.726132869720459
1012,907295,SCLC,2.81414,1.9287333488464355
1073,688027,SCLC,6.152833,4.176262855529785
1862,753610,SCLC,-2.091162,-1.9408762454986572
1933,1240193,SCLC,1.942013,3.1874022483825684
1624,924241,SCLC,7.108981,7.26716947555542
1563,1240189,SCLC,5.433001,4.850239276885986
1932,688013,SCLC,1.705711,1.8240015506744385
1624,688025,SCLC,-0.964258,-0.4894304871559143
2096,753594,SCLC,2.138353,2.7074625492095947
1010,910937,SCLC,3.946236,3.453660011291504
1615,688014,SCLC,5.287652,5.564813137054443
1553,688006,SCLC,4.045565,2.9588918685913086
1259,753565,SCLC,-2.345657,-1.4032764434814453
1620,688025,SCLC,4.87911,3.8751912117004395
1996,908483,SCLC,3.96251,3.1875827312469482
1996,724872,SCLC,2.686939,2.8815948963165283
1849,907295,SCLC,0.030772,-0.7817655205726624
1079,713880,SCLC,3.344003,1.9802794456481934
1168,713899,SCLC,3.70538,2.723207712173462
1250,688006,SCLC,3.482017,2.691809892654419
1625,713899,SCLC,5.288441,4.754433631896973
1936,1330964,SCLC,0.63556,1.6172397136688232
1058,687997,SCLC,3.741688,4.307367324829102
1237,1330973,SCLC,6.009781,6.205108165740967
1916,688031,SCLC,2.967577,3.014479398727417
1054,688006,SCLC,5.455031,4.573253631591797
1917,1298349,SCLC,3.498152,3.746584415435791
1927,688023,SCLC,4.926214,3.653931140899658
1855,1330972,SCLC,3.232594,3.0869972705841064
2046,687995,SCLC,4.059915,3.7234535217285156
1912,1299062,SCLC,5.206188,4.903158664703369
1910,687995,SCLC,-1.490294,2.3048770427703857
1613,924241,SCLC,6.56473,3.015133857727051
1200,713878,SCLC,2.725148,2.441457748413086
1375,1240192,SCLC,5.304225,6.233890533447266
1011,688025,SCLC,-1.412125,-1.695040225982666
1618,753610,SCLC,3.313256,1.7139723300933838
1084,688023,SCLC,-3.171874,-3.513213872909546
1013,688031,SCLC,1.661535,1.2194323539733887
1997,1240186,SCLC,4.226816,3.7254161834716797
1250,910692,SCLC,3.176326,5.102104663848877
1179,688026,SCLC,-1.457691,-0.06371569633483887
1022,687985,SCLC,0.115662,-0.23262596130371094
1047,688027,SCLC,5.535354,3.910813570022583
2106,753610,SCLC,1.825853,2.9086523056030273
1927,910692,SCLC,5.90922,5.013911724090576
1511,687983,SCLC,-0.939816,-1.250281572341919
1036,1240189,SCLC,4.503917,4.7396392822265625
1557,688018,SCLC,5.554632,5.568324089050293
2047,753589,SCLC,4.115405,3.707812786102295
2109,1298349,SCLC,2.52505,2.9005205631256104
1873,1322212,SCLC,1.23267,0.15838322043418884
1563,688001,SCLC,4.636508,4.914909362792969
1559,687980,SCLC,-1.129604,-3.3975493907928467
1634,713899,SCLC,4.497981,4.504876136779785
1010,687985,SCLC,3.377829,2.9982128143310547
1916,687983,SCLC,2.96394,2.4328231811523438
1563,688014,SCLC,6.250161,5.971872806549072
1629,688031,SCLC,3.556129,2.9581408500671387
1089,907295,SCLC,4.23326,4.483926773071289
1051,907295,SCLC,3.087286,4.004170894622803
1057,1240189,SCLC,-2.205948,-2.896254062652588
1620,687983,SCLC,4.841514,5.653188228607178
1911,688031,SCLC,-5.540484,-4.532964706420898
1560,688021,SCLC,5.907709,5.42472505569458
1799,688025,SCLC,4.936419,4.318761348724365
1634,1240189,SCLC,3.296134,3.332505464553833
1913,753594,SCLC,3.247076,4.018198013305664
1131,688018,SCLC,6.930574,3.940438985824585
1925,687985,SCLC,4.006462,4.25791072845459
1372,1240189,SCLC,0.928584,1.3976657390594482
1049,687995,SCLC,4.307275,3.8686599731445312
1630,687985,SCLC,3.446526,3.4916749000549316
2048,687997,SCLC,-2.528872,-1.1360790729522705
1932,688025,SCLC,2.712237,3.4465038776397705
1553,687980,SCLC,2.334055,1.0978806018829346
1559,753610,SCLC,-4.319386,-2.491156578063965
1239,688027,SCLC,0.640423,2.080355405807495
1563,688018,SCLC,6.547751,6.476408958435059
1621,688023,SCLC,3.739229,3.887739419937134
1626,688010,SCLC,5.408873,3.1949586868286133
1561,688031,SCLC,2.751719,3.029496431350708
1200,1240189,SCLC,2.16848,2.5128982067108154
2045,688011,SCLC,5.469071,4.751701354980469
1593,713878,SCLC,0.507759,1.5052766799926758
1049,753589,SCLC,5.505408,5.257083415985107
2106,1297439,SCLC,2.395625,1.4592556953430176
1927,1299062,SCLC,6.419728,6.075729846954346
1873,687983,SCLC,1.196942,0.38373905420303345
1578,753551,SCLC,4.410559,4.70416259765625
1003,1330973,SCLC,2.048421,2.8247673511505127
1918,753589,SCLC,5.437204,3.8842391967773438
1007,1297439,SCLC,-3.129775,-3.767575263977051
1614,687997,SCLC,5.184973,5.8669819831848145
1080,1240186,SCLC,0.738091,0.5659174919128418
1005,753547,SCLC,3.09845,2.9402472972869873
1510,687997,SCLC,4.115872,4.617759704589844
1786,688006,SCLC,1.086647,1.360026478767395
1913,1330972,SCLC,5.10601,4.341341495513916
1010,713880,SCLC,3.287257,2.7077012062072754
2111,1299062,SCLC,4.466043,4.727700710296631
1190,713880,SCLC,-5.071554,-2.91992449760437
1054,724872,SCLC,2.386288,3.138725519180298
2107,753589,SCLC,6.276139,5.745354652404785
1180,688018,SCLC,-1.138246,1.6463184356689453
1936,908483,SCLC,0.889851,2.55472993850708
1237,753610,SCLC,4.701222,4.383798599243164
1006,688025,SCLC,3.047688,-1.1430394649505615
1924,907295,SCLC,5.775793,4.578433036804199
1375,753547,SCLC,5.162528,5.169870853424072
1941,910692,SCLC,-1.286733,-2.176624059677124
1006,688013,SCLC,-0.842225,-2.095247745513916
1199,688026,SCLC,3.737935,3.5323193073272705
1237,908483,SCLC,4.146375,4.150519847869873
1057,1299062,SCLC,-0.077689,-0.09582990407943726
2109,688001,SCLC,1.916695,1.0674104690551758
1996,687997,SCLC,6.057582,4.486789703369141
1618,753551,SCLC,3.913602,4.052353858947754
1032,1299062,SCLC,2.867516,3.2538323402404785
1627,1240186,SCLC,3.117519,3.6501688957214355
1598,713880,SCLC,2.606826,2.4672539234161377
1068,1330972,SCLC,0.151466,1.0266690254211426
1922,688027,SCLC,1.424494,1.6923856735229492
1511,1330972,SCLC,-3.191934,-1.9185376167297363
1853,907295,SCLC,1.948177,3.478607654571533
1168,1330972,SCLC,2.006027,2.838860034942627
1004,1330973,SCLC,-1.972737,-1.2782776355743408
1177,713899,SCLC,4.535205,4.015476703643799
1622,688018,SCLC,6.509451,6.126655101776123
1507,924241,SCLC,6.1235,7.63254976272583
1926,1322212,SCLC,0.268502,-0.26268845796585083
1259,753547,SCLC,3.25776,3.4770541191101074
2044,753589,SCLC,3.660684,3.439699172973633
2048,687980,SCLC,-4.423348,-4.45060396194458
1007,910692,SCLC,-2.263391,-2.986952304840088
1259,910692,SCLC,0.14056,1.0747640132904053
1248,753610,SCLC,-7.096476,-5.436303615570068
1854,1330972,SCLC,4.272513,4.6475911140441895
1908,1330973,SCLC,5.01143,4.67029333114624
1560,910937,SCLC,3.538514,2.1706321239471436
1057,688023,SCLC,-2.377847,-2.145435333251953
1512,753589,SCLC,6.242629,5.76650857925415
1068,688014,SCLC,2.260281,2.282829523086548
1046,1240186,SCLC,4.599062,4.158290386199951
1005,713899,SCLC,1.740951,2.5629377365112305
1373,688014,SCLC,5.918034,5.589828968048096
1507,688013,SCLC,4.661384,4.187353134155273
1084,753547,SCLC,-1.557455,-2.3087239265441895
1017,688027,SCLC,3.389602,3.816737174987793
1046,1322212,SCLC,1.840062,1.3930745124816895
1034,688023,SCLC,-3.90922,-4.491642951965332
1911,688014,SCLC,-3.014896,-4.059915542602539
1131,753547,SCLC,2.579142,3.7447526454925537
1561,688011,SCLC,3.293286,2.865739107131958
2111,753610,SCLC,2.788066,3.5263209342956543
1375,1299062,SCLC,7.818775,6.4142608642578125
1083,687980,SCLC,3.195408,2.6836259365081787
1997,688001,SCLC,-4.000847,-2.0208613872528076
1080,688031,SCLC,-4.858737,-4.757559776306152
1615,907295,SCLC,5.768318,5.410114765167236
1054,687997,SCLC,5.492558,6.062188625335693
1529,1330964,SCLC,1.023046,0.16417056322097778
2046,910937,SCLC,4.520396,2.5330419540405273
1047,687985,SCLC,4.719427,4.659762382507324
1919,906808,SCLC,1.281755,2.350773334503174
1913,713899,SCLC,5.121007,4.282619476318359
1936,724872,SCLC,2.565858,1.7054171562194824
1017,688001,SCLC,1.741733,1.2383842468261719
1913,1240192,SCLC,4.309175,4.558286190032959
1200,688014,SCLC,3.79164,3.597891330718994
1997,687980,SCLC,-0.900125,-0.7274052500724792
2106,687997,SCLC,3.950765,5.276575565338135
1933,753547,SCLC,2.878212,3.8961949348449707
1873,688014,SCLC,1.559729,2.5426297187805176
1941,688023,SCLC,-4.308416,-4.36998176574707
1085,1298349,SCLC,2.181851,2.223727226257324
1925,1240189,SCLC,4.559643,3.9267923831939697
1036,1330964,SCLC,5.861788,6.246188163757324
1089,1240193,SCLC,2.578381,2.9439916610717773
1919,688014,SCLC,0.752644,2.7653603553771973
1180,1240192,SCLC,-2.916286,-2.4875705242156982
2048,753589,SCLC,1.339536,-1.0329277515411377
1917,1240186,SCLC,4.11755,3.964020013809204
1558,687983,SCLC,4.344064,3.232222557067871
1007,910937,SCLC,-6.04159,-5.365041255950928
1561,1299062,SCLC,4.40032,3.4845056533813477
1058,753589,SCLC,3.556476,3.074244737625122
1093,687980,SCLC,4.83253,4.1568121910095215
1372,753565,SCLC,1.938137,1.9113564491271973
1635,687995,SCLC,5.385377,4.666172504425049
1510,688023,SCLC,4.096824,2.5432746410369873
1373,753547,SCLC,4.907964,3.8232102394104004
1912,753565,SCLC,-0.293504,-0.057891130447387695
1007,1298349,SCLC,-3.966404,-3.566075325012207
1627,713899,SCLC,2.984199,3.063166618347168
1618,1299062,SCLC,5.164972,4.568909645080566
1910,1330973,SCLC,1.433261,2.7234275341033936
1909,687995,SCLC,-0.880929,1.969461441040039
1011,713899,SCLC,-2.380281,-1.204512596130371
1561,906808,SCLC,4.929543,4.836456298828125
1939,724872,SCLC,1.19755,2.608686685562134
1239,1330972,SCLC,0.494347,0.9894153475761414
1559,688001,SCLC,-3.864745,-3.61324405670166
1549,1240193,SCLC,4.402382,4.17988920211792
1005,1322212,SCLC,1.540165,1.0395294427871704
1079,713878,SCLC,2.861048,3.2336666584014893
1011,688001,SCLC,-2.086638,-3.999729633331299
1057,688031,SCLC,-0.898189,-1.8396940231323242
1862,1240186,SCLC,-0.776802,-0.9050819277763367
1854,687995,SCLC,3.706512,4.279273509979248
1854,688021,SCLC,5.571739,6.386712074279785
1997,687985,SCLC,3.858506,3.3621833324432373
1003,688023,SCLC,-2.022564,-3.302626371383667
1032,1322212,SCLC,1.13137,0.5524817705154419
1080,688014,SCLC,0.114019,-0.5966050028800964
1510,1240192,SCLC,3.891718,4.126741409301758
1054,688011,SCLC,4.698069,4.707530498504639
1190,687980,SCLC,-2.065298,-3.0334701538085938
1621,924241,SCLC,7.173275,5.910684585571289
1013,1240186,SCLC,5.584764,4.539290428161621
1049,688010,SCLC,4.471666,3.750211238861084
1629,753589,SCLC,6.519994,4.719730377197266
1852,1240189,SCLC,5.294778,4.4447431564331055
1618,724872,SCLC,3.007593,2.8393993377685547
1179,688031,SCLC,-0.33981,-0.00777888298034668
1131,687985,SCLC,3.450034,3.5716371536254883
1089,688001,SCLC,2.392866,0.7693955898284912
1249,907295,SCLC,5.761699,4.643231391906738
1925,1240192,SCLC,4.978723,4.963625431060791
1060,713880,SCLC,1.132449,0.1976131647825241
1011,1299062,SCLC,5.399296,3.051384210586548
1004,687980,SCLC,-3.862369,-4.714949131011963
1613,753594,SCLC,2.45533,2.279917001724243
1089,687995,SCLC,4.264526,2.7615864276885986
2043,688031,SCLC,4.335724,3.953915596008301
1912,724872,SCLC,2.402832,2.319912910461426
1239,753610,SCLC,0.998606,0.46716850996017456
1913,688010,SCLC,5.167881,4.021887302398682
1005,713880,SCLC,2.166243,2.762256145477295
1054,687995,SCLC,4.948293,4.300110340118408
1635,688011,SCLC,5.110425,4.941485404968262
1268,688013,SCLC,4.67535,3.970883846282959
1013,753589,SCLC,5.193663,4.029725074768066
1084,687997,SCLC,-0.924084,-0.6469494700431824
1507,724872,SCLC,4.727451,3.726351022720337
1373,688025,SCLC,3.628907,4.064616680145264
1003,1299062,SCLC,-2.393159,-1.3334858417510986
1924,908483,SCLC,3.035427,3.034329414367676
1618,753565,SCLC,2.822069,2.6699399948120117
1073,688006,SCLC,5.584438,5.3884968757629395
1997,910937,SCLC,1.407287,1.0493788719177246
1635,687980,SCLC,4.741979,4.341949939727783
1199,688025,SCLC,3.858023,3.966179847717285
1560,688014,SCLC,4.214574,5.151439189910889
1625,1240186,SCLC,5.779206,5.72427225112915
1629,688011,SCLC,4.215865,4.2055253982543945
1909,688010,SCLC,-3.212668,0.18105582892894745
1918,1330964,SCLC,2.656609,3.6100497245788574
2047,1330973,SCLC,5.203648,4.67029333114624
1012,1240189,SCLC,0.248949,0.25306421518325806
2045,1322212,SCLC,4.66096,4.321680068969727
1786,753594,SCLC,2.846409,2.9165122509002686
2110,1299062,SCLC,5.410582,5.278049468994141
1627,687985,SCLC,2.471722,2.446803092956543
1036,1240193,SCLC,3.274052,4.071229934692383
1925,910937,SCLC,4.963316,4.115578651428223
1529,713880,SCLC,-1.308827,-0.4593905210494995
1007,907295,SCLC,-2.014315,-0.5760313868522644
1627,688011,SCLC,3.033882,2.694106101989746
1618,1240189,SCLC,3.133628,3.105440139770508
1180,1240189,SCLC,-3.560309,-4.04652214050293
1051,688011,SCLC,2.995837,3.1216206550598145
1131,905976,SKCM,3.372768,3.981193780899048
1622,906830,SKCM,5.55096,5.3259782791137695
1058,905976,SKCM,1.153355,1.2912365198135376
1854,907067,SKCM,4.356513,4.894911766052246
1046,906865,SKCM,1.819275,1.3450074195861816
1083,905975,SKCM,3.907931,3.098334550857544
1558,1299078,SKCM,3.448607,3.147042751312256
2048,910932,SKCM,-1.989181,-1.5684258937835693
1373,907067,SKCM,-3.098481,-1.5951266288757324
1620,907058,SKCM,5.601966,5.623047351837158
1259,1240153,SKCM,3.370633,4.273748397827148
1058,907067,SKCM,0.958647,1.5398406982421875
1594,687448,SKCM,6.297105,6.301583766937256
1057,909713,SKCM,-2.30308,-2.3323183059692383
1908,909784,SKCM,3.074345,1.5298986434936523
2096,905974,SKCM,-0.257902,0.6861271858215332
1631,910903,SKCM,1.907801,3.106235980987549
1613,905956,SKCM,4.600826,4.913776397705078
1032,905975,SKCM,2.234441,1.3876044750213623
1918,906818,SKCM,4.005248,4.9735493659973145
1786,907058,SKCM,3.906125,3.052255630493164
2048,1299078,SKCM,-3.839317,-3.2623443603515625
1079,905976,SKCM,3.597291,2.3701834678649902
1084,910853,SKCM,-1.464338,-2.105165958404541
1786,909784,SKCM,4.551584,3.445897102355957
1512,906818,SKCM,5.261738,5.47540283203125
1855,910921,SKCM,3.391938,5.158727645874023
1939,906792,SKCM,2.116413,2.007535219192505
1849,905976,SKCM,-0.663037,-0.6423150897026062
1190,909784,SKCM,0.682195,-0.431535542011261
1549,1240130,SKCM,4.16042,3.7658684253692627
1259,906818,SKCM,2.868543,3.655703067779541
2106,908128,SKCM,4.155368,3.3061516284942627
2048,1299080,SKCM,-2.785104,-3.4120264053344727
1625,1240226,SKCM,5.270986,4.787678241729736
1168,909784,SKCM,4.232975,4.080175876617432
1057,906818,SKCM,-1.07392,-0.6181268095970154
1079,1240153,SKCM,3.476144,2.358927011489868
2109,907169,SKCM,1.686886,1.8728406429290771
1854,910853,SKCM,4.50772,4.291261672973633
1620,910903,SKCM,4.112544,4.516110420227051
2045,906792,SKCM,3.740116,3.873476505279541
1932,909723,SKCM,4.727704,3.2375309467315674
1022,908125,SKCM,1.635697,2.246901512145996
1084,1240226,SKCM,0.525643,-1.0123238563537598
1049,907169,SKCM,4.208901,3.9399378299713135
1080,908125,SKCM,0.044018,-0.2612422704696655
1917,905976,SKCM,3.128401,3.111743450164795
2109,1240153,SKCM,4.440133,2.1729915142059326
1060,909713,SKCM,-4.167648,-3.0080277919769287
1512,906865,SKCM,5.19768,4.846690654754639
1089,908128,SKCM,4.636241,4.931461334228516
1053,907058,SKCM,2.622367,3.1373133659362793
1618,906818,SKCM,4.392775,4.314451217651367
1190,905977,SKCM,4.395572,2.9071826934814453
1259,906865,SKCM,3.02965,3.9981513023376465
2106,907067,SKCM,-0.146509,2.4291718006134033
1006,905974,SKCM,0.127862,-0.3855772018432617
2044,905976,SKCM,3.128502,2.7270569801330566
1940,905974,SKCM,4.679402,3.9838900566101074
1053,1240226,SKCM,3.899192,4.826783180236816
1180,1299080,SKCM,-2.438608,-2.7868025302886963
2111,909784,SKCM,5.973491,4.683673858642578
1375,1299078,SKCM,6.023536,5.707443714141846
1576,907058,SKCM,1.382968,2.959843873977661
1003,907172,SKCM,-2.312575,-3.482006072998047
1006,1240226,SKCM,1.012656,2.688093423843384
1617,906814,SKCM,2.464449,2.7632038593292236
1624,906793,SKCM,3.085875,3.2824175357818604
1248,906793,SKCM,-4.89857,-4.437374114990234
1873,907169,SKCM,0.478882,0.874998152256012
1510,910903,SKCM,3.613144,4.224071979522705
2043,910853,SKCM,5.144316,4.309574127197266
1593,905974,SKCM,0.440802,1.1690561771392822
1131,905974,SKCM,2.747582,2.265981435775757
1017,908128,SKCM,5.454249,5.838346004486084
1913,907067,SKCM,4.880432,4.258399486541748
1179,906814,SKCM,2.192479,0.5480027198791504
1553,907067,SKCM,1.067459,2.4291718006134033
1625,907067,SKCM,4.647236,4.383822917938232
1854,909725,SKCM,5.579929,5.109098434448242
1909,905976,SKCM,3.003965,3.0133752822875977
2045,906793,SKCM,5.39233,4.677582740783691
1511,906814,SKCM,-0.847669,-1.3923301696777344
1011,906865,SKCM,1.414307,3.498196601867676
1635,905975,SKCM,5.547215,5.308962345123291
1080,1299078,SKCM,-2.165504,-3.7647132873535156
2107,910903,SKCM,4.521306,4.347035884857178
1060,905976,SKCM,-4.320327,-3.686220169067383
1068,753546,SKCM,0.851527,1.3100416660308838
1852,910921,SKCM,5.7708,4.982474327087402
1084,910903,SKCM,-3.795938,-4.900857925415039
1177,906792,SKCM,2.701349,3.848529815673828
1620,687448,SKCM,7.255978,6.990792274475098
1928,910932,SKCM,4.611141,3.8035168647766113
1558,906830,SKCM,5.760335,5.242003440856934
1613,909784,SKCM,4.812416,4.700965881347656
1615,910921,SKCM,4.35182,4.175747394561768
1932,909784,SKCM,4.170569,3.3090198040008545
1005,1299080,SKCM,4.380055,3.621713876724243
1939,906830,SKCM,2.654371,2.519895553588867
1004,1299078,SKCM,-4.288157,-3.2878336906433105
1917,1299080,SKCM,2.706058,1.9985811710357666
1912,905975,SKCM,4.314282,2.2634506225585938
1239,906865,SKCM,3.767376,3.0034353733062744
1177,906793,SKCM,2.996524,4.3007988929748535
1375,910853,SKCM,5.68727,5.525474548339844
1614,1299081,SKCM,2.061961,2.6240501403808594
1091,1299080,SKCM,0.815887,1.5847978591918945
1593,1240153,SKCM,2.323066,1.665719747543335
1049,1299081,SKCM,4.062784,4.156022071838379
2096,1299080,SKCM,0.818005,-0.3333098888397217
1013,1299080,SKCM,1.52748,3.0723276138305664
1786,910921,SKCM,2.99603,3.3714444637298584
2111,905955,SKCM,4.479678,4.870771408081055
1131,907067,SKCM,3.906556,3.8301262855529785
1997,906814,SKCM,2.425093,2.287477731704712
1084,905955,SKCM,-1.283277,-0.6419746279716492
1909,906865,SKCM,1.245939,2.1375672817230225
1549,687448,SKCM,5.622865,5.7632365226745605
1005,910932,SKCM,3.699077,2.9184930324554443
1578,906830,SKCM,6.097745,6.043704986572266
1939,905974,SKCM,1.643134,2.4905052185058594
2047,906793,SKCM,0.221811,0.3164699673652649
1168,910921,SKCM,1.76638,2.8243541717529297
1615,687448,SKCM,7.234204,6.525884628295898
1006,907058,SKCM,0.073704,2.032294273376465
1058,905975,SKCM,1.554584,1.42397141456604
1168,687448,SKCM,3.75616,3.988373041152954
1004,906792,SKCM,-5.549113,-6.36482048034668
1849,905975,SKCM,-0.405666,-0.02138698101043701
1873,1299081,SKCM,0.81725,0.9409581422805786
1635,906865,SKCM,4.683336,4.696443557739258
2048,906792,SKCM,-5.398511,-5.0529937744140625
2106,906865,SKCM,1.631525,2.949903726577759
1912,687448,SKCM,4.007491,3.747262716293335
1032,907067,SKCM,1.424334,1.9439711570739746
1372,909713,SKCM,-5.730199,-4.482921600341797
1190,687448,SKCM,2.400643,3.855293035507202
2111,1299078,SKCM,3.908832,2.8139846324920654
1168,1240226,SKCM,3.582492,4.361572265625
1564,905955,SKCM,0.414964,0.2567905783653259
1620,1299081,SKCM,5.298518,4.880661964416504
1239,905955,SKCM,1.655957,2.8341152667999268
1054,907058,SKCM,2.222803,2.7335615158081055
1180,906814,SKCM,-2.916113,-3.114861488342285
1011,906793,SKCM,2.073224,2.26456356048584
1561,1299080,SKCM,2.87861,2.776336908340454
1911,906814,SKCM,-4.837425,-5.458772659301758
1085,1299081,SKCM,2.452245,2.2633237838745117
1631,906792,SKCM,2.791717,2.492136240005493
1631,1240226,SKCM,2.74307,2.994938611984253
1911,905977,SKCM,-3.844384,-3.74898624420166
1936,905977,SKCM,3.227242,2.977759599685669
1372,906818,SKCM,-5.653883,-5.013162612915039
1917,905975,SKCM,1.053125,0.8488705158233643
1510,687448,SKCM,5.631559,5.200560569763184
1614,906818,SKCM,2.614007,2.139708995819092
1511,1240153,SKCM,-0.48615,-1.1804835796356201
1908,905976,SKCM,-0.369875,-0.10431349277496338
1564,1299080,SKCM,-1.886997,-1.0566561222076416
1249,909784,SKCM,5.639354,5.0992889404296875
1507,905977,SKCM,6.056827,6.135519027709961
1634,906818,SKCM,4.227022,4.651560306549072
1849,906818,SKCM,-1.373969,0.18222498893737793
1239,906830,SKCM,4.046344,3.179157018661499
1622,1299081,SKCM,3.466901,3.7960238456726074
1629,1299081,SKCM,4.626192,4.364790916442871
1928,906865,SKCM,3.976886,3.8689491748809814
1060,909723,SKCM,-3.29331,-2.4875240325927734
1939,906814,SKCM,1.52018,3.5415689945220947
1799,1299080,SKCM,-0.607208,5.526538372039795
1047,910853,SKCM,5.296407,4.226018905639648
2111,1240153,SKCM,2.913151,3.3387537002563477
1054,907169,SKCM,2.266349,3.1266982555389404
1053,910921,SKCM,2.716913,1.9465816020965576
1007,906818,SKCM,-3.675911,-3.5504448413848877
2106,1299080,SKCM,2.615523,3.156090497970581
1012,905974,SKCM,0.974379,0.8742027282714844
1017,909723,SKCM,6.108966,6.050295829772949
1011,1299081,SKCM,3.710994,2.2124783992767334
1629,906830,SKCM,5.799538,5.827699661254883
1853,905955,SKCM,4.912611,4.112008094787598
1510,909723,SKCM,4.576188,4.991718292236328
1936,1240153,SKCM,2.239593,2.032052516937256
1908,687448,SKCM,2.292828,1.2110114097595215
1047,909784,SKCM,2.555433,3.9738569259643555
1084,907169,SKCM,-1.674717,-2.3667852878570557
1918,909725,SKCM,4.083349,3.18414044380188
2109,908125,SKCM,3.516693,3.196932315826416
2047,905975,SKCM,-0.594994,-0.5525190234184265
1933,908128,SKCM,4.926971,5.468865871429443
1910,906792,SKCM,2.76747,2.1005196571350098
1622,905977,SKCM,4.884922,4.603888511657715
1924,1240153,SKCM,4.595054,3.5258774757385254
1933,906814,SKCM,4.307682,3.546783924102783
1529,909713,SKCM,0.632448,1.1682689189910889
1913,905974,SKCM,4.453712,4.518726348876953
2111,908125,SKCM,5.230353,5.028890609741211
1088,905955,SKCM,2.879153,3.924210548400879
1919,687448,SKCM,3.042377,3.6015143394470215
2109,906818,SKCM,1.175737,1.6905205249786377
1180,910853,SKCM,-3.494876,-3.374065637588501
1618,1240153,SKCM,3.614367,3.66586971282959
1917,909725,SKCM,4.419381,3.51525616645813
1873,910932,SKCM,1.368401,1.1005494594573975
1925,905974,SKCM,5.110387,4.240407466888428
1051,906793,SKCM,0.840234,1.0323413610458374
1561,909713,SKCM,4.923243,3.990499973297119
1631,906818,SKCM,2.860631,2.60543155670166
2043,906818,SKCM,5.605652,5.095604419708252
1080,909713,SKCM,-3.060633,-2.6608595848083496
2044,1240226,SKCM,4.352929,5.387021064758301
1909,906818,SKCM,2.557234,2.630519390106201
1911,906830,SKCM,-4.59361,-4.012903690338135
1925,909723,SKCM,5.174308,6.007143497467041
1022,908128,SKCM,1.3665,1.1124809980392456
1635,909784,SKCM,5.920227,5.664432048797607
1941,1299080,SKCM,-4.135793,-3.6422805786132812
2043,907169,SKCM,4.512062,4.30302095413208
1022,909713,SKCM,1.107488,-0.03344988822937012
1084,1299081,SKCM,-3.703,-2.8225319385528564
1593,908125,SKCM,2.142938,2.398834705352783
1593,909713,SKCM,2.305508,1.651242733001709
1625,910853,SKCM,4.69603,4.656280040740967
2046,907067,SKCM,3.582265,1.926603078842163
2040,909784,SKCM,1.560379,0.9671141505241394
1036,1240226,SKCM,1.026498,2.129438877105713
1996,905974,SKCM,4.750076,3.483536958694458
1635,1240226,SKCM,5.563192,5.635974884033203
1249,907058,SKCM,3.519024,3.498103380203247
1529,908125,SKCM,1.763701,3.1713356971740723
2096,910903,SKCM,2.161534,2.4907491207122803
1051,1240130,SKCM,1.340959,2.1581926345825195
1852,909713,SKCM,4.3914,5.013668537139893
1873,909725,SKCM,1.968512,2.787727117538452
1373,905976,SKCM,-3.126408,-0.9819017052650452
1629,687448,SKCM,6.025734,6.458266735076904
1080,906865,SKCM,-1.928622,-2.1094768047332764
1085,909784,SKCM,3.850761,3.8355660438537598
1913,687448,SKCM,4.837571,5.718132972717285
2096,1240153,SKCM,0.287017,-0.13269102573394775
1179,907058,SKCM,1.797736,0.7950593829154968
1058,909725,SKCM,2.024144,2.661038398742676
1511,907172,SKCM,-0.986976,-1.9952268600463867
1853,753546,SKCM,6.232489,4.826700687408447
1634,909725,SKCM,4.395689,4.536078453063965
2111,905974,SKCM,2.486567,1.5718247890472412
1922,1299080,SKCM,1.967934,2.4556496143341064
1852,907169,SKCM,5.100961,5.170524597167969
1915,906814,SKCM,3.091294,3.0606813430786133
1006,909723,SKCM,4.834877,3.0404062271118164
1060,906818,SKCM,-3.63345,-3.5256497859954834
1598,908125,SKCM,4.14839,4.5415802001953125
1073,907169,SKCM,5.850272,5.943819046020508
1939,910853,SKCM,1.863702,2.1510448455810547
1634,906830,SKCM,5.395153,5.475109577178955
1931,1299080,SKCM,5.730798,5.401440620422363
1927,1299078,SKCM,4.868469,4.893595218658447
1529,909725,SKCM,2.308495,3.3171944618225098
1852,1299081,SKCM,3.566168,4.574538707733154
1916,910921,SKCM,1.741831,2.0222511291503906
1997,905955,SKCM,4.908611,3.9589011669158936
1563,907172,SKCM,6.102747,5.458401203155518
1915,905975,SKCM,2.916814,2.710374593734741
1933,907172,SKCM,6.066134,4.49028205871582
1635,910853,SKCM,4.612458,4.656973838806152
1915,687448,SKCM,4.052425,3.8791632652282715
1553,1240226,SKCM,3.992538,2.3813509941101074
1873,910921,SKCM,0.265335,0.6920051574707031
1268,905956,SKCM,4.558342,5.05584192276001
1621,1240226,SKCM,4.732393,5.079065799713135
1941,908128,SKCM,-4.028963,-3.810481071472168
2107,1240153,SKCM,3.488927,4.056036949157715
1032,909784,SKCM,2.86439,2.7961716651916504
1177,910932,SKCM,4.501062,4.124590873718262
1922,1240153,SKCM,2.178902,2.080920934677124
1051,909784,SKCM,3.868053,1.6944873332977295
1085,910853,SKCM,3.371845,2.0764410495758057
1010,1299081,SKCM,2.741944,3.1380066871643066
1006,907172,SKCM,0.694654,0.8845779299736023
1239,910921,SKCM,1.800479,1.5419435501098633
2047,908128,SKCM,3.497142,2.6855082511901855
1034,1299081,SKCM,-3.378755,-3.149456262588501
2046,905974,SKCM,2.725272,1.2307641506195068
1012,906830,SKCM,3.622254,3.196608066558838
1032,910932,SKCM,2.107595,1.868913173675537
1917,909784,SKCM,2.980984,3.2183518409729004
1004,910921,SKCM,-3.979771,-5.118165969848633
1053,906814,SKCM,3.150576,2.1644647121429443
1873,906814,SKCM,0.57768,0.593536376953125
1624,907169,SKCM,4.180924,4.416576862335205
1372,907058,SKCM,-4.706881,-4.4395880699157715
1615,1299078,SKCM,4.695036,4.265807151794434
1003,753546,SKCM,-0.525514,-0.7016904950141907
2048,907067,SKCM,-4.664768,-4.0455851554870605
1561,906865,SKCM,2.459361,2.6459994316101074
1512,909713,SKCM,5.622468,5.225261688232422
1799,910853,SKCM,2.502969,4.72710657119751
1046,905955,SKCM,1.029064,1.5564420223236084
1011,909784,SKCM,2.694316,3.1554298400878906
1564,905977,SKCM,-0.309286,-0.7444092631340027
1912,907172,SKCM,3.160499,2.2192041873931885
1084,907058,SKCM,-1.383532,-1.308603286743164
1786,907067,SKCM,3.371167,2.5407843589782715
1047,907067,SKCM,2.206359,2.995635747909546
1617,905956,SKCM,-1.183723,2.9212963581085205
1011,905974,SKCM,1.836413,1.5635817050933838
1375,687448,SKCM,8.275071,7.6277241706848145
1940,905976,SKCM,3.484792,4.045564651489258
1932,907067,SKCM,1.831257,0.9447898864746094
1799,907058,SKCM,5.871384,4.419429779052734
1559,1299080,SKCM,-4.035284,-2.659071922302246
1557,1240226,SKCM,6.250438,5.377078056335449
1511,1299078,SKCM,-1.141633,-1.3120555877685547
1079,905977,SKCM,3.191368,3.362320899963379
2111,1240226,SKCM,5.422755,4.6047210693359375
2109,906814,SKCM,0.541253,2.216158151626587
2109,910853,SKCM,2.823071,2.0176634788513184
1084,905974,SKCM,-2.733592,-3.481341600418091
1073,1299078,SKCM,3.712488,4.100281715393066
1561,906814,SKCM,1.339542,1.2529575824737549
1268,909725,SKCM,5.451035,4.676219940185547
1239,907169,SKCM,1.297081,2.9440040588378906
1068,910903,SKCM,0.880597,0.6004812121391296
1873,909713,SKCM,1.859635,1.2996362447738647
1017,910921,SKCM,3.717642,4.107895374298096
1635,909725,SKCM,5.437564,5.312045574188232
1930,906830,SKCM,0.341485,0.45124897360801697
1006,905975,SKCM,-0.728006,0.10617023706436157
1073,909713,SKCM,4.431656,4.444805145263672
2107,910932,SKCM,5.007913,3.947115182876587
1997,906792,SKCM,3.538176,3.5330941677093506
1268,906865,SKCM,3.702509,4.180750370025635
1085,909723,SKCM,2.151241,2.8286631107330322
1909,908128,SKCM,2.684999,3.8483619689941406
1614,909713,SKCM,1.815026,1.7227001190185547
1940,1299078,SKCM,3.267801,3.7018535137176514
1549,906830,SKCM,6.006345,5.656938076019287
1073,908125,SKCM,6.238752,6.283199310302734
1598,1299081,SKCM,5.486223,4.133969783782959
1199,905974,SKCM,2.056406,3.444164276123047
1909,910903,SKCM,2.310267,1.8950605392456055
1908,907067,SKCM,0.356796,-0.16008079051971436
1855,905955,SKCM,5.592176,4.580691337585449
1034,906814,SKCM,-2.941372,-3.461286783218384
1200,906818,SKCM,3.645429,3.2483248710632324
1560,905956,SKCM,4.626709,5.075092315673828
1941,906793,SKCM,-6.26774,-4.797983169555664
2110,910921,SKCM,4.984584,4.169849395751953
1017,906814,SKCM,4.405804,4.298491954803467
1003,909723,SKCM,-1.360977,-0.21337980031967163
2040,905977,SKCM,1.399808,2.2608823776245117
1091,910932,SKCM,4.415039,2.6866493225097656
1553,1299081,SKCM,2.944973,1.5536859035491943
1085,905975,SKCM,2.608375,1.757478952407837
1852,907058,SKCM,5.300184,5.832680702209473
1177,905975,SKCM,5.122651,5.021745204925537
1852,905956,SKCM,4.813707,5.324678897857666
1940,910903,SKCM,2.392846,3.092589855194092
1068,1240130,SKCM,0.200308,-0.31759417057037354
1910,905975,SKCM,2.93571,3.7057032585144043
1512,910932,SKCM,3.668238,4.618426322937012
1003,906865,SKCM,-1.225834,-1.2054431438446045
1250,907058,SKCM,2.699791,2.647693157196045
1512,1240153,SKCM,4.683295,4.738154411315918
1918,909784,SKCM,1.25943,2.0096123218536377
1927,906793,SKCM,5.366643,5.4083571434021
1630,905974,SKCM,3.126537,1.7992758750915527
1510,905955,SKCM,4.970634,5.771645545959473
2109,910903,SKCM,1.681309,1.6743972301483154
1179,907169,SKCM,1.999016,1.3379812240600586
1563,906814,SKCM,5.316798,5.146539211273193
1799,1240130,SKCM,3.902855,3.3401293754577637
2046,907058,SKCM,3.114924,3.8912203311920166
1635,910903,SKCM,4.52365,4.496923923492432
1006,906792,SKCM,0.168482,0.7085514068603516
1627,1299080,SKCM,2.803137,2.838965892791748
1613,906814,SKCM,4.685785,3.8367831707000732
1598,1240226,SKCM,6.556774,5.031736850738525
1564,905975,SKCM,-2.094471,-1.878340482711792
1853,905975,SKCM,3.904495,4.823924541473389
1940,908128,SKCM,5.001469,5.749131202697754
1631,753546,SKCM,5.678397,5.639667987823486
2048,906793,SKCM,-3.611136,-4.581148624420166
1060,1240153,SKCM,-4.720166,-3.5516810417175293
1046,907172,SKCM,2.161583,1.2620265483856201
1933,909713,SKCM,5.634408,4.458140850067139
1375,906792,SKCM,5.721405,5.320229530334473
1036,906830,SKCM,0.292615,0.6669113636016846
1083,906792,SKCM,2.942708,2.701841115951538
1627,906818,SKCM,3.023225,3.1566805839538574
1131,906865,SKCM,5.106169,3.95033860206604
1862,907058,SKCM,-1.219169,-1.2714323997497559
1578,905976,SKCM,5.384693,5.611114978790283
2046,906818,SKCM,2.596221,3.404491424560547
1853,906814,SKCM,3.143107,4.290735244750977
1375,910903,SKCM,5.183854,4.992368698120117
2107,906818,SKCM,4.230208,3.7492504119873047
1089,908125,SKCM,4.898733,5.127017974853516
1510,905975,SKCM,4.140166,3.3706047534942627
1073,910921,SKCM,4.053363,4.9252166748046875
2046,1240153,SKCM,1.33598,3.626631259918213
1941,908125,SKCM,-4.655221,-2.4286017417907715
1917,907067,SKCM,1.928152,1.9433324337005615
1564,906814,SKCM,-0.003199,0.97943514585495
1634,907067,SKCM,4.56805,3.6173949241638184
1997,905977,SKCM,5.976611,4.062151908874512
1085,1240153,SKCM,2.719166,2.343287944793701
1873,907058,SKCM,1.397675,1.6617991924285889
1073,906792,SKCM,4.540757,4.070799350738525
1191,906792,SKCM,-5.73058,-5.985273838043213
1032,910903,SKCM,2.00497,1.4476113319396973
1559,905955,SKCM,0.774934,-1.31648850440979
2044,1299078,SKCM,3.808889,2.8781726360321045
1849,907067,SKCM,-1.704679,-0.5628548264503479
1507,1240130,SKCM,4.169429,4.287637233734131
1614,908125,SKCM,3.748308,4.218838691711426
1576,906814,SKCM,2.019409,2.941608428955078
1928,906814,SKCM,3.413031,4.386564254760742
1073,905975,SKCM,5.383613,5.240272521972656
1917,906865,SKCM,2.232735,3.2766623497009277
1200,906814,SKCM,2.953747,3.119563579559326
1089,1240153,SKCM,3.217141,3.7755205631256104
1617,753546,SKCM,6.459753,4.744375705718994
1910,1240226,SKCM,0.649006,3.0085628032684326
1919,910903,SKCM,2.10433,2.2089998722076416
1911,906792,SKCM,-6.375491,-7.2594804763793945
1558,906793,SKCM,2.466355,3.2833499908447266
1630,907058,SKCM,2.577804,3.762263298034668
1919,1240226,SKCM,3.428788,3.1379785537719727
1996,906793,SKCM,3.713366,3.052946090698242
1617,907058,SKCM,1.815003,1.4382288455963135
1507,906865,SKCM,3.618043,4.460696220397949
1510,1240226,SKCM,4.861175,4.462541103363037
1626,1299081,SKCM,3.098619,1.9916818141937256
1622,910921,SKCM,4.988599,3.695279121398926
1010,910903,SKCM,3.40709,2.8561594486236572
2044,1299081,SKCM,2.441399,2.7773261070251465
1068,1240153,SKCM,0.852847,0.84139484167099
1909,905974,SKCM,2.356549,2.010321617126465
1916,1299081,SKCM,3.117267,2.6752326488494873
1200,909713,SKCM,2.687173,2.9155094623565674
1010,905975,SKCM,3.71244,3.091549873352051
1560,910932,SKCM,4.814854,4.141316890716553
1073,905974,SKCM,3.218004,2.74192476272583
1786,907172,SKCM,4.088167,3.217824935913086
1512,906814,SKCM,5.416031,4.72350549697876
1933,1299078,SKCM,4.888114,4.308963775634766
1618,907169,SKCM,5.214095,3.7775309085845947
1626,906830,SKCM,4.017624,3.7380402088165283
1598,910921,SKCM,4.636903,4.356296062469482
1180,910921,SKCM,-3.310103,-3.451218366622925
1622,907169,SKCM,5.203212,3.5689914226531982
1627,909784,SKCM,3.557057,3.160443067550659
1564,909723,SKCM,0.753115,-0.06267717480659485
1558,909725,SKCM,2.387112,4.070239543914795
1073,908128,SKCM,6.59756,5.739538192749023
1928,1240226,SKCM,5.864695,5.380551815032959
1177,1299081,SKCM,3.526257,3.8872578144073486
1855,909784,SKCM,5.098548,6.8061981201171875
1553,909713,SKCM,3.622144,2.3678524494171143
1915,909713,SKCM,3.247705,3.156569004058838
1093,1299081,SKCM,3.818811,4.166197299957275
2046,906865,SKCM,3.626868,3.3717987537384033
2106,906792,SKCM,1.588311,2.64310622215271
1248,909725,SKCM,-0.554019,-2.320956230163574
1997,909713,SKCM,3.805951,4.7333807945251465
1003,906830,SKCM,-3.015398,-2.386420249938965
1915,905976,SKCM,2.241298,2.9248228073120117
1057,905977,SKCM,-0.172951,0.7791733741760254
2106,906814,SKCM,1.845774,2.438148021697998
1939,906865,SKCM,1.868473,2.0576460361480713
1549,905975,SKCM,5.441506,5.3106184005737305
1073,905956,SKCM,6.797381,5.814327716827393
1549,1240153,SKCM,5.048853,4.48433256149292
1618,910853,SKCM,4.245847,4.610837936401367
1093,905974,SKCM,4.777415,3.598757028579712
1180,908125,SKCM,-2.743585,-1.2127137184143066
1926,907058,SKCM,1.796323,1.224639654159546
1032,753546,SKCM,4.206978,2.7726240158081055
1239,907067,SKCM,3.066033,1.4876837730407715
1559,907169,SKCM,-1.172959,-0.5266879796981812
1017,906830,SKCM,5.21932,4.5047736167907715
1563,905956,SKCM,5.205871,5.737688064575195
1375,906793,SKCM,6.368729,5.907247066497803
1168,909713,SKCM,3.681316,3.3896851539611816
1004,906830,SKCM,-1.684015,-1.4065260887145996
1372,906814,SKCM,-2.681382,-2.0575194358825684
2047,910932,SKCM,0.725977,1.2523167133331299
1005,1299078,SKCM,1.622399,3.449718713760376
2045,906818,SKCM,5.104174,4.803941249847412
2046,905977,SKCM,5.233046,5.906618118286133
1622,906818,SKCM,5.356255,4.2362284660339355
1910,910853,SKCM,2.413816,2.0897204875946045
1004,905975,SKCM,-4.375594,-5.065898418426514
1624,906865,SKCM,2.172179,2.3191628456115723
1912,909723,SKCM,5.787195,4.629072666168213
1933,906792,SKCM,2.094811,2.981346607208252
1560,906830,SKCM,5.719968,4.92474889755249
1034,908125,SKCM,-2.052083,-1.5509731769561768
1190,906865,SKCM,0.503772,1.7449204921722412
1625,753546,SKCM,5.943038,6.367856979370117
1913,909784,SKCM,5.801422,5.35861873626709
1862,907172,SKCM,-1.661003,-1.9293248653411865
1083,1240130,SKCM,2.899584,2.0566322803497314
2096,906793,SKCM,0.449677,-0.17547982931137085
2096,905975,SKCM,0.033695,-0.3691765069961548
1620,910921,SKCM,5.580215,4.782284259796143
1915,905974,SKCM,2.892965,3.255192995071411
1249,905975,SKCM,3.786995,3.5014724731445312
1088,907169,SKCM,3.266794,2.5864157676696777
1010,1299080,SKCM,2.996267,3.0825188159942627
1854,910932,SKCM,3.424753,4.641181945800781
1131,1299078,SKCM,5.753031,3.7348971366882324
1034,907058,SKCM,-1.848231,-1.8564128875732422
1631,908125,SKCM,3.196768,3.745266914367676
1372,910921,SKCM,-2.565789,-2.25457763671875
1852,905955,SKCM,4.084308,4.560567855834961
1190,907058,SKCM,2.009119,0.43941813707351685
1013,905977,SKCM,3.795696,3.398308277130127
2107,905976,SKCM,3.273245,3.7641444206237793
1003,905976,SKCM,-3.641147,-2.209845781326294
1239,907172,SKCM,3.299843,1.7842707633972168
1576,1240226,SKCM,3.931362,3.6292636394500732
1091,909723,SKCM,5.526929,3.616586685180664
1924,910921,SKCM,3.55179,3.1453371047973633
1005,907169,SKCM,4.770447,3.618520736694336
1012,905976,SKCM,1.687812,2.618518829345703
1051,910903,SKCM,0.946072,1.030928611755371
1191,909723,SKCM,-1.487846,-4.202983379364014
1011,907169,SKCM,2.56208,2.922210931777954
1057,908128,SKCM,-1.366443,-0.4189983010292053
1512,1299078,SKCM,5.019182,5.0165696144104
2111,905975,SKCM,3.486097,2.722508668899536
1093,906814,SKCM,3.838599,4.030683994293213
1003,908128,SKCM,-0.301909,0.410662978887558
1622,910903,SKCM,3.854927,4.235402584075928
1918,907067,SKCM,3.858672,3.4113547801971436
1578,1299081,SKCM,5.476684,4.4849324226379395
1200,910921,SKCM,3.330735,2.570584774017334
1930,1240226,SKCM,2.434828,1.348390817642212
1529,909784,SKCM,3.269764,2.1508560180664062
1557,907067,SKCM,4.318756,4.956356048583984
1168,909723,SKCM,4.638785,4.790976047515869
1553,910921,SKCM,2.323587,1.2618178129196167
1912,1299080,SKCM,2.607363,2.6336448192596436
2047,907169,SKCM,2.95484,1.874845027923584
1922,906818,SKCM,2.182551,2.6406097412109375
1510,907067,SKCM,4.367939,2.5536627769470215
1549,908125,SKCM,6.034746,5.790611267089844
1853,1240130,SKCM,4.011681,4.553780555725098
1917,1240153,SKCM,1.483834,2.121042013168335
1199,906814,SKCM,2.434548,2.883755683898926
1549,906792,SKCM,3.664443,4.32148551940918
1931,909784,SKCM,5.995124,6.080101013183594
1046,910853,SKCM,1.196911,1.5161755084991455
1200,906830,SKCM,4.08862,4.188506603240967
1250,906830,SKCM,2.481681,2.7791638374328613
2110,1299081,SKCM,3.585856,3.8891148567199707
1012,906865,SKCM,0.593823,0.4142618179321289
1549,910853,SKCM,1.119696,2.9467613697052
1054,908128,SKCM,3.420745,4.460721492767334
1373,1299081,SKCM,3.288378,0.540977954864502
1913,905977,SKCM,5.274254,5.375680446624756
1560,687448,SKCM,6.517062,6.126962184906006
1373,905975,SKCM,-3.534968,-1.910160779953003
1941,909713,SKCM,-4.034575,-5.715909481048584
1054,906818,SKCM,5.137981,3.2149736881256104
1618,909713,SKCM,3.774933,4.1522674560546875
1852,909725,SKCM,5.937063,5.36929178237915
1625,907169,SKCM,4.806802,4.989769458770752
1911,910921,SKCM,-6.854537,-5.715979099273682
1621,905975,SKCM,5.595034,4.3006181716918945
1088,687448,SKCM,3.749066,4.146650314331055
1022,907058,SKCM,1.644989,0.8240672945976257
1629,906793,SKCM,4.830309,4.706262588500977
1997,1240153,SKCM,3.42821,4.7724528312683105
1941,906830,SKCM,-2.720599,-3.48876953125
1557,907169,SKCM,5.303085,5.333713531494141
1011,907058,SKCM,4.787163,2.9897043704986572
1849,1299080,SKCM,0.063803,-0.1209380030632019
1372,910932,SKCM,-3.043845,-2.351644992828369
1629,905975,SKCM,5.227869,5.127974987030029
1933,909725,SKCM,5.999744,5.8562164306640625
1088,906830,SKCM,2.031857,1.913719892501831
1036,906792,SKCM,3.149031,3.431945323944092
1268,910921,SKCM,4.059255,4.600467681884766
1630,753546,SKCM,4.316634,6.688374042510986
1626,906814,SKCM,2.155216,1.4511268138885498
1630,1240226,SKCM,4.300025,4.490231037139893
2046,906793,SKCM,3.941043,3.4603068828582764
1854,1240226,SKCM,5.396546,5.764431476593018
1853,1299081,SKCM,4.986252,4.140206336975098
1259,1299078,SKCM,3.181794,3.1862924098968506
1614,687448,SKCM,5.045157,3.58630108833313
1249,906792,SKCM,3.016507,3.1728787422180176
1510,906830,SKCM,5.30951,4.887404441833496
1268,905955,SKCM,4.524256,4.520480632781982
1620,905974,SKCM,4.715422,4.844943046569824
1079,905955,SKCM,1.451359,2.6380836963653564
1179,906865,SKCM,1.312774,1.2779072523117065
1912,908125,SKCM,3.043962,4.264472007751465
1862,910921,SKCM,-3.328349,-2.1444640159606934
1620,907169,SKCM,5.30376,5.115731716156006
1621,905977,SKCM,4.938838,5.564716815948486
1625,909784,SKCM,4.79834,5.074930191040039
1200,907169,SKCM,2.580782,2.74629282951355
1625,1240130,SKCM,3.362557,3.657346487045288
1624,910921,SKCM,2.316791,2.9616501331329346
1560,1299078,SKCM,2.942139,2.8343899250030518
2048,908128,SKCM,-2.758583,-0.8815385699272156
1598,906830,SKCM,5.822737,5.465204238891602
1049,907067,SKCM,4.140121,3.4878926277160645
1047,906814,SKCM,3.982378,4.615711212158203
1085,687448,SKCM,3.955402,3.4737966060638428
1622,905976,SKCM,3.546547,3.7909843921661377
1912,910903,SKCM,1.698661,1.9299371242523193
1036,1299080,SKCM,2.181547,0.4242817163467407
1854,753546,SKCM,4.589059,5.57069730758667
1854,910921,SKCM,4.75414,4.936954498291016
1558,910853,SKCM,1.319649,2.96000599861145
1507,906830,SKCM,6.418157,6.231025695800781
1924,906865,SKCM,4.03787,3.99249267578125
1010,906865,SKCM,3.023464,2.9113152027130127
1626,753546,SKCM,3.191833,5.890303134918213
1558,910932,SKCM,1.876412,2.326411485671997
1627,905956,SKCM,2.983287,3.1803693771362305
1849,905955,SKCM,1.233946,-0.3623269200325012
1047,908128,SKCM,6.33832,5.470280647277832
2046,907172,SKCM,4.253095,3.0031161308288574
1927,905976,SKCM,3.588018,4.90822172164917
1613,906792,SKCM,3.289933,3.832963705062866
1915,905955,SKCM,2.417645,2.901949405670166
1032,905977,SKCM,2.937949,3.357948064804077
1010,1299078,SKCM,3.727423,3.386493682861328
1080,905977,SKCM,-0.511121,0.2478111982345581
1011,905977,SKCM,6.298532,4.6899094581604
1177,1299078,SKCM,4.128419,3.9945805072784424
1093,909713,SKCM,5.639449,5.081688404083252
1034,910853,SKCM,-2.298913,-2.5348727703094482
1635,907169,SKCM,5.264945,5.036624431610107
1799,905955,SKCM,4.913359,4.660218715667725
1372,906865,SKCM,-4.173472,-4.495687961578369
1620,1299078,SKCM,5.218923,4.931450843811035
1996,905976,SKCM,4.470308,4.007831573486328
1259,908125,SKCM,5.472401,4.648802280426025
1627,910853,SKCM,2.983408,2.621502637863159
1634,905977,SKCM,5.566658,4.712751388549805
1913,910932,SKCM,4.911127,4.483138084411621
1909,906792,SKCM,1.157948,2.0269358158111572
1919,905955,SKCM,1.103209,2.0432190895080566
1073,910903,SKCM,3.803712,2.8270633220672607
1239,1299080,SKCM,2.143884,2.0650558471679688
2040,910853,SKCM,1.206036,1.2827684879302979
1179,910921,SKCM,0.086555,0.6475815773010254
1996,1299078,SKCM,3.25557,3.8763303756713867
1529,905955,SKCM,-0.214396,1.5871295928955078
1626,687448,SKCM,7.198939,4.7758893966674805
1047,907169,SKCM,4.801841,3.8650505542755127
1917,687448,SKCM,1.707747,2.4871344566345215
1060,1240226,SKCM,-2.400101,-2.3202157020568848
1634,687448,SKCM,7.073447,6.479787349700928
1507,1299078,SKCM,5.096751,4.666570663452148
1626,1299080,SKCM,3.673106,3.374077081680298
1168,908125,SKCM,4.359797,3.650770425796509
1854,908125,SKCM,4.386172,5.228213310241699
1046,907169,SKCM,1.536918,1.8841335773468018
1933,907058,SKCM,5.027358,5.1013383865356445
1529,906818,SKCM,-0.853936,1.2019758224487305
1598,1299078,SKCM,4.28475,4.919919967651367
1053,906818,SKCM,5.087729,3.3606178760528564
1053,910853,SKCM,3.952635,3.417414665222168
1563,906793,SKCM,6.459827,5.538301944732666
1563,910853,SKCM,5.682259,4.96729040145874
1079,906818,SKCM,4.414038,2.7696762084960938
1034,909784,SKCM,-2.114999,-3.604854106903076
2043,906793,SKCM,4.361026,4.768882751464844
1613,910921,SKCM,4.610136,3.20451021194458
1852,906818,SKCM,4.208107,5.338222980499268
1593,1240130,SKCM,0.001578,1.2222141027450562
1507,905974,SKCM,4.696043,4.416738510131836
1036,906865,SKCM,1.120111,0.07497423887252808
1268,1240226,SKCM,5.864458,5.903554439544678
1079,907058,SKCM,2.888653,3.1161675453186035
2040,909725,SKCM,1.065997,0.8211789727210999
1939,909713,SKCM,1.881379,2.1327898502349854
1932,907172,SKCM,2.42114,2.872734546661377
1511,905955,SKCM,-0.668671,-0.8926545977592468
1248,905974,SKCM,-3.134183,-4.32315731048584
1910,907058,SKCM,3.90041,3.5652577877044678
1909,907169,SKCM,0.999214,1.8841674327850342
1576,687448,SKCM,4.724967,5.0408196449279785
1049,909784,SKCM,4.713467,4.9274516105651855
1918,905975,SKCM,3.15507,3.661360263824463
1862,910903,SKCM,-1.819917,-2.0186219215393066
1909,906793,SKCM,2.169513,2.326303005218506
1925,910853,SKCM,4.603549,4.462197780609131
1911,908125,SKCM,-4.377706,-3.7702412605285645
1022,906814,SKCM,1.632028,0.17174677550792694
1373,910932,SKCM,3.843386,-0.2661826014518738
1635,907058,SKCM,5.415867,5.591686725616455
1058,906792,SKCM,1.177197,0.9187520146369934
1011,908125,SKCM,3.278531,2.865206003189087
1007,1299081,SKCM,-4.967285,-5.327083110809326
1180,909784,SKCM,-1.885868,-2.4308719635009766
1924,908125,SKCM,5.432412,5.686952114105225
1093,910853,SKCM,3.825329,4.1690545082092285
1022,909723,SKCM,2.645317,1.7714505195617676
2106,905976,SKCM,2.592145,2.811617374420166
1564,905956,SKCM,1.079998,1.0790702104568481
1862,909725,SKCM,-0.66167,-0.8607487082481384
1786,905977,SKCM,3.771445,4.07804012298584
1621,909713,SKCM,4.29841,3.8059608936309814
2096,908128,SKCM,3.021294,2.9410393238067627
1852,910853,SKCM,5.389142,4.678892135620117
1557,1240130,SKCM,2.907746,3.671447992324829
1034,906818,SKCM,-2.116635,-2.3544344902038574
1926,906865,SKCM,0.971846,0.8118847608566284
1036,910932,SKCM,5.142013,1.9385836124420166
1557,909713,SKCM,5.612959,4.63726282119751
2109,905977,SKCM,3.147772,2.465688705444336
1854,909713,SKCM,4.401221,5.278255939483643
1237,906865,SKCM,4.901558,4.8653082847595215
1131,909784,SKCM,3.538709,5.307646751403809
1190,909723,SKCM,1.573756,2.61185884475708
1047,910932,SKCM,3.778892,3.34291410446167
1936,906793,SKCM,2.841771,2.543843984603882
1933,1299080,SKCM,5.319939,4.381664752960205
1191,907169,SKCM,-5.646848,-5.907817840576172
2040,908128,SKCM,1.399117,2.3206844329833984
1004,906865,SKCM,-3.498056,-3.252772331237793
1375,908125,SKCM,6.912073,6.318808078765869
1553,910853,SKCM,3.661425,2.7497987747192383
2109,1240226,SKCM,4.45025,2.383946657180786
2045,908128,SKCM,6.167198,5.5106201171875
1237,909725,SKCM,5.643967,5.533007621765137
1912,907169,SKCM,1.52175,2.604649543762207
1631,905976,SKCM,3.44973,2.2351057529449463
1634,905956,SKCM,4.218553,4.41147518157959
1614,1240153,SKCM,2.011582,1.6722500324249268
1200,910853,SKCM,2.961302,2.587942123413086
1916,907169,SKCM,2.845634,3.7861413955688477
1915,906865,SKCM,2.827941,2.613837718963623
1131,910932,SKCM,5.027407,3.6052753925323486
1089,909723,SKCM,5.519808,4.825394153594971
1073,906814,SKCM,6.3973,6.044562816619873
1168,905955,SKCM,3.043751,2.796099901199341
1372,906793,SKCM,-5.204961,-4.586404800415039
1621,907058,SKCM,3.425944,3.9051432609558105
1259,907058,SKCM,4.019274,4.910871505737305
1911,907058,SKCM,-4.614211,-5.057539939880371
1996,1240226,SKCM,4.188408,5.47089958190918
1558,909723,SKCM,5.441508,4.9312896728515625
1873,1299080,SKCM,0.61333,0.7012585401535034
1259,1240226,SKCM,2.984563,4.239548683166504
1911,910903,SKCM,-6.357317,-5.958285331726074
1091,907058,SKCM,1.982685,2.094111442565918
1931,910921,SKCM,4.2746,5.343115329742432
1032,910921,SKCM,1.479529,1.9139602184295654
2046,908128,SKCM,3.611178,3.954462766647339
1190,909725,SKCM,-1.35731,-1.5003888607025146
1615,907169,SKCM,5.260061,4.900404453277588
1624,909725,SKCM,2.988103,2.3472015857696533
1925,905955,SKCM,4.312715,4.32334041595459
2045,910921,SKCM,3.291475,4.21097993850708
1786,905955,SKCM,3.672419,4.000833511352539
2109,909723,SKCM,6.342067,4.085469722747803
1006,907169,SKCM,1.617532,2.5031931400299072
1239,909713,SKCM,3.489262,4.11790657043457
1079,909784,SKCM,2.402831,0.5566757321357727
2040,905976,SKCM,1.015152,0.6880643367767334
2044,905975,SKCM,3.132425,3.0178439617156982
1576,905977,SKCM,3.983247,3.4659383296966553
1177,1240226,SKCM,5.983151,6.174071788787842
1022,905955,SKCM,-0.062645,1.2246389389038086
1630,906814,SKCM,3.138412,3.0382444858551025
1932,910903,SKCM,1.885862,2.3720202445983887
1852,905975,SKCM,4.766377,5.333441734313965
1996,909713,SKCM,5.468195,3.822364330291748
1578,907067,SKCM,4.525271,5.155783653259277
1190,906830,SKCM,-2.641649,-1.2387182712554932
1578,905955,SKCM,6.648792,5.238913536071777
1576,905974,SKCM,2.307466,2.7931110858917236
1627,906792,SKCM,2.195215,1.9720532894134521
1268,687448,SKCM,6.902376,6.411713123321533
2045,906830,SKCM,6.133878,5.750205039978027
1629,909725,SKCM,4.849893,5.24746561050415
1634,1299081,SKCM,4.337072,4.009791374206543
2096,910853,SKCM,4.566325,2.9533631801605225
1576,908125,SKCM,3.403058,3.3878321647644043
1558,910903,SKCM,1.958873,2.407928466796875
1909,910853,SKCM,1.946676,2.2545957565307617
1060,907169,SKCM,-0.712001,-0.7999617457389832
1917,906792,SKCM,1.142406,0.9136792421340942
1084,909725,SKCM,-3.516082,-2.42095947265625
1563,1299081,SKCM,5.318813,5.025407314300537
1927,909784,SKCM,5.050528,5.598644733428955
1939,1299080,SKCM,1.630271,2.360104560852051
1621,905955,SKCM,4.764519,4.319230556488037
1786,909713,SKCM,3.42095,3.7530436515808105
1918,909723,SKCM,6.383068,7.508306503295898
1621,905976,SKCM,4.85182,3.822091579437256
1529,910932,SKCM,2.011622,0.5595012903213501
1034,906792,SKCM,-2.755019,-4.1737565994262695
1933,906830,SKCM,6.377998,5.234593391418457
1190,906818,SKCM,-3.706025,-0.6205936670303345
1941,687448,SKCM,-4.72624,-5.289120197296143
1563,906818,SKCM,6.183484,5.732353687286377
1553,1240153,SKCM,2.156807,1.8391766548156738
1908,909723,SKCM,1.671585,0.23430460691452026
2110,906793,SKCM,4.483635,3.9722578525543213
1068,907169,SKCM,0.761311,0.46054378151893616
1237,910921,SKCM,4.30146,4.900439262390137
1168,910853,SKCM,1.813484,1.6872258186340332
1911,907067,SKCM,-5.080941,-5.262201309204102
1249,907067,SKCM,1.579889,3.0811173915863037
1909,910932,SKCM,2.355955,2.1107685565948486
1927,905955,SKCM,3.465836,4.321369171142578
2106,687448,SKCM,3.190033,4.765964984893799
1928,905975,SKCM,4.178472,4.757140159606934
1060,906830,SKCM,-3.967814,-3.6480178833007812
2111,1299080,SKCM,4.713604,4.09337854385376
1003,905956,SKCM,-2.567593,-0.49730294942855835
2045,909784,SKCM,3.492512,4.8955979347229
1635,905976,SKCM,5.431052,4.9937028884887695
1932,906792,SKCM,1.802498,1.7150299549102783
1003,905977,SKCM,0.832252,-1.003239631652832
1177,910853,SKCM,4.057778,4.604891300201416
1091,906865,SKCM,2.595352,1.5756592750549316
1088,909725,SKCM,1.891882,2.143641471862793
1034,1240153,SKCM,-1.57691,-1.9762158393859863
1996,907067,SKCM,3.587218,3.040128707885742
1004,908125,SKCM,-0.664078,-1.6222028732299805
1507,905956,SKCM,5.097937,5.438198566436768
1057,910903,SKCM,-3.462027,-3.70458984375
1079,908128,SKCM,2.723516,2.8299829959869385
1909,905975,SKCM,1.9075,2.4405534267425537
2109,907058,SKCM,1.121275,2.1500914096832275
1927,905977,SKCM,5.950243,5.789770603179932
1051,910921,SKCM,1.295755,0.7386348247528076
1068,905956,SKCM,-0.531448,0.9546701312065125
1576,905955,SKCM,2.373106,2.7865562438964844
1915,906793,SKCM,3.106114,2.9520864486694336
1083,910853,SKCM,3.848046,3.4484808444976807
1862,909784,SKCM,-1.551921,-1.4108426570892334
1862,905974,SKCM,-1.631501,-2.113422155380249
1924,907058,SKCM,4.796601,4.831843376159668
1926,908125,SKCM,1.825063,2.383129835128784
1561,910903,SKCM,1.181616,1.2499455213546753
1511,907169,SKCM,-1.535511,-1.766232967376709
1259,906830,SKCM,2.715952,3.100320339202881
1510,906793,SKCM,3.047109,3.568211555480957
1268,910903,SKCM,3.605645,3.780979633331299
1088,910932,SKCM,4.154892,3.0081517696380615
1936,909725,SKCM,3.452972,2.718909502029419
1786,753576,ESCA,4.880407,4.200441837310791
1853,910079,ESCA,3.505716,5.005739688873291
1268,906817,ESCA,6.078178,5.782754898071289
1852,753623,ESCA,5.584164,5.033018589019775
1852,946353,ESCA,5.069205,4.953332901000977
1926,1298359,ESCA,0.207127,0.1535412222146988
1915,1503367,ESCA,4.020266,3.1031885147094727
1909,753623,ESCA,1.458285,2.2027382850646973
1918,1503368,ESCA,2.644625,1.8524456024169922
1855,1503361,ESCA,3.312557,3.965498685836792
1620,735784,ESCA,5.519963,5.622582912445068
1017,1503367,ESCA,5.128933,5.52523136138916
1177,946356,ESCA,5.520132,6.411285400390625
1375,753621,ESCA,6.879437,6.130760192871094
1510,946356,ESCA,4.749828,4.335999965667725
1199,907320,ESCA,3.450326,3.4807910919189453
1855,753555,ESCA,4.929275,4.040212154388428
1053,1503361,ESCA,2.926176,3.167848587036133
1549,1503366,ESCA,2.272492,2.248560667037964
1510,1503367,ESCA,4.197202,4.703290939331055
1007,753574,ESCA,-3.753876,-3.8672637939453125
1507,1298359,ESCA,4.669705,5.146238803863525
1080,1299064,ESCA,-5.23254,-5.144898414611816
1941,1503368,ESCA,-3.153304,-4.335665702819824
1911,946355,ESCA,-4.753227,-4.298363208770752
1054,1503361,ESCA,2.66765,4.4895830154418945
1634,907319,ESCA,3.544172,3.5567009449005127
1191,753575,ESCA,-4.975209,-4.327446937561035
1564,946355,ESCA,2.5669,2.555089235305786
1083,1240167,ESCA,1.752648,2.3395776748657227
2045,907317,ESCA,5.268808,4.756266117095947
1557,1298222,ESCA,5.223614,5.459016799926758
2048,1503362,ESCA,-4.88163,-3.0848448276519775
1177,1503367,ESCA,5.838889,5.166460037231445
1012,753573,ESCA,1.845008,1.8328733444213867
1091,910549,ESCA,2.691753,1.546236276626587
2045,907318,ESCA,4.884812,4.915840148925781
1631,735784,ESCA,3.992836,3.9338107109069824
1913,907318,ESCA,4.654732,4.416537284851074
1046,1503362,ESCA,2.473141,2.118354558944702
1931,907318,ESCA,5.342496,4.999396800994873
1936,907319,ESCA,2.809517,2.972205877304077
1057,946353,ESCA,0.281101,-0.2901502251625061
1563,946355,ESCA,6.355563,6.226141929626465
1634,946353,ESCA,4.701532,3.7552595138549805
1372,1503368,ESCA,3.233568,1.532496452331543
1578,907318,ESCA,4.987613,4.818711757659912
2045,753574,ESCA,6.136766,6.353288650512695
2110,1299064,ESCA,4.089896,3.706035852432251
1922,753623,ESCA,1.405595,1.2061768770217896
1916,1503366,ESCA,2.72656,2.781877040863037
1093,907320,ESCA,3.938444,4.018979549407959
1507,753621,ESCA,5.919971,5.5107903480529785
1853,753575,ESCA,5.674943,6.253322601318359
1022,753575,ESCA,0.11882,0.8814666867256165
1799,753555,ESCA,0.18168,0.4129154086112976
1576,1503361,ESCA,2.28782,2.2169065475463867
1576,906817,ESCA,4.344634,3.9080452919006348
1180,907320,ESCA,-3.677925,-3.3207902908325195
1624,753574,ESCA,5.135221,3.502263069152832
1622,735784,ESCA,4.404198,4.279724597930908
1862,1503367,ESCA,-2.112628,-1.9791145324707031
1054,906817,ESCA,5.719555,6.105091571807861
2044,910549,ESCA,3.5689,3.2297606468200684
2043,907317,ESCA,4.06282,4.565864086151123
1622,753621,ESCA,5.772626,5.13253927230835
1012,1503362,ESCA,1.062288,1.1609082221984863
1375,907319,ESCA,6.299242,6.008387565612793
1089,906817,ESCA,5.058589,5.68292760848999
1011,1503361,ESCA,1.11915,1.8401110172271729
1849,753614,ESCA,-1.378499,-0.4476025700569153
1593,1503366,ESCA,1.78168,2.7562127113342285
1190,1503365,ESCA,2.776361,2.9820237159729004
1629,735784,ESCA,4.345704,4.330509662628174
2044,946355,ESCA,3.878506,3.3871240615844727
1068,1503363,ESCA,1.922658,2.3009965419769287
1627,1503361,ESCA,2.760355,2.060610055923462
1259,907317,ESCA,3.633749,3.490138530731201
1051,907320,ESCA,1.834248,2.311110258102417
1926,753623,ESCA,1.003343,1.233155608177185
2111,1298359,ESCA,2.853398,2.485847234725952
1910,1503371,ESCA,3.053736,2.3911588191986084
1553,753614,ESCA,2.301966,4.245476722717285
2040,1503367,ESCA,-3.415396,-0.7058858275413513
1375,1503361,ESCA,5.777072,5.855578422546387
1180,907319,ESCA,-4.142188,-2.6648240089416504
1913,753574,ESCA,5.591284,5.5369873046875
1909,1503371,ESCA,2.145915,1.875565528869629
1911,1299064,ESCA,-3.756267,-6.059982776641846
1940,946353,ESCA,3.14836,3.3733181953430176
1855,753614,ESCA,2.683546,3.101740837097168
2047,906817,ESCA,3.32519,4.626651763916016
1799,1298222,ESCA,5.317214,3.4364638328552246
1060,753623,ESCA,0.55428,-0.49678534269332886
1852,753576,ESCA,6.528746,6.029733657836914
1560,906817,ESCA,4.655649,4.855042457580566
1558,946355,ESCA,0.942298,-0.1827179193496704
1053,1503365,ESCA,2.370258,2.720787525177002
1249,1503361,ESCA,1.611021,2.7584502696990967
1180,1503365,ESCA,-0.426137,-2.3195199966430664
1529,1503362,ESCA,1.407686,1.3768954277038574
1849,1298222,ESCA,-1.168133,0.6079508662223816
1635,946355,ESCA,4.710524,5.561305046081543
1922,946353,ESCA,2.554044,2.3775594234466553
1012,907319,ESCA,1.803456,2.9228858947753906
1179,1503363,ESCA,-0.03576,0.8000528812408447
1854,1503365,ESCA,6.760645,6.011622905731201
1512,907318,ESCA,4.801055,4.399587154388428
1997,1298222,ESCA,1.944834,3.013331413269043
1917,1240167,ESCA,0.050001,0.5791220664978027
1997,753623,ESCA,1.7064,3.4877824783325195
1926,906817,ESCA,3.449931,3.8166749477386475
1058,1299064,ESCA,0.572423,0.21935710310935974
1928,907318,ESCA,4.886258,4.27224063873291
1190,753573,ESCA,1.598739,-0.17302191257476807
1084,1503363,ESCA,-2.314635,-2.302492141723633
1248,907320,ESCA,-5.082238,-5.175909519195557
1191,1503366,ESCA,-3.935607,-4.921280384063721
1559,1503368,ESCA,-0.716719,-0.17912054061889648
1941,907317,ESCA,-6.04804,-4.846663475036621
1079,1503363,ESCA,1.042233,2.6219394207000732
1006,753574,ESCA,5.053105,3.9652597904205322
1927,907317,ESCA,3.65115,4.6124348640441895
1855,1298359,ESCA,4.182341,4.533669948577881
1930,1503361,ESCA,0.950118,0.13402040302753448
1049,907317,ESCA,3.23822,3.7689015865325928
1618,910079,ESCA,5.507703,3.852656126022339
1034,753574,ESCA,-1.680307,-2.3940601348876953
1049,1503361,ESCA,2.889902,3.860625982284546
1049,1298222,ESCA,4.456296,4.583286762237549
1168,1503361,ESCA,2.863007,2.3584797382354736
1553,753623,ESCA,2.845978,2.5143351554870605
1912,1298359,ESCA,0.71256,1.0476787090301514
1047,753621,ESCA,5.983137,6.68743371963501
2045,753576,ESCA,6.606668,5.58891487121582
1936,1503366,ESCA,1.541997,2.116028308868408
2044,1240167,ESCA,2.423611,1.793139934539795
1939,1503362,ESCA,2.711629,3.801060438156128
1918,753576,ESCA,5.083188,3.725379705429077
1091,753555,ESCA,3.127235,1.4340052604675293
1006,907319,ESCA,1.577124,0.6501526832580566
2111,1503362,ESCA,3.515721,3.759265184402466
2040,1503362,ESCA,0.647841,0.2210778295993805
1179,753555,ESCA,-0.669714,0.017315328121185303
1553,753555,ESCA,1.60028,1.0474562644958496
1248,906817,ESCA,-3.679002,-3.656914710998535
1939,1298222,ESCA,2.101106,3.0157179832458496
1939,946355,ESCA,1.985805,2.9387927055358887
1007,946353,ESCA,-5.814724,-4.7458014488220215
1911,1503368,ESCA,-2.93948,-3.5909080505371094
2109,753576,ESCA,3.930637,3.3936729431152344
2047,1503367,ESCA,0.413293,0.6038082838058472
1180,906817,ESCA,-0.754026,-0.6377671360969543
1259,735784,ESCA,3.377931,3.705488920211792
1617,907321,ESCA,1.231695,0.7298883199691772
1049,907318,ESCA,4.106813,3.636950731277466
1199,1298359,ESCA,2.907894,3.2276453971862793
1564,753574,ESCA,2.220073,2.3348965644836426
1046,753573,ESCA,0.985454,1.1372761726379395
1375,1503363,ESCA,5.029245,6.233297348022461
1917,753555,ESCA,1.701927,0.7909482717514038
1917,753623,ESCA,1.993977,1.4985711574554443
1559,906817,ESCA,0.95298,0.49990659952163696
1049,910079,ESCA,2.794469,3.714670181274414
1250,1240167,ESCA,0.203947,0.799591064453125
1034,907317,ESCA,-2.754023,-3.831632614135742
2107,1503362,ESCA,5.327934,5.069740295410156
1003,753555,ESCA,-3.049552,-2.723508596420288
1080,1503371,ESCA,-1.070923,-3.355339288711548
1051,1503371,ESCA,3.376177,1.3243122100830078
1629,907318,ESCA,5.02298,4.427349090576172
1375,1298359,ESCA,5.977072,6.678218364715576
1373,907317,ESCA,4.711994,3.6109619140625
1631,1503368,ESCA,3.444565,3.6444759368896484
1594,753555,ESCA,4.069488,3.7939229011535645
1922,753575,ESCA,1.685172,1.895495891571045
2106,753621,ESCA,5.373752,4.304502010345459
1057,907318,ESCA,-2.075399,-2.1723861694335938
1268,1240167,ESCA,4.776873,4.385061740875244
1089,1503371,ESCA,5.512991,4.361074447631836
1936,753623,ESCA,3.276215,2.0441317558288574
1080,946355,ESCA,-1.595713,-3.262375831604004
1561,735784,ESCA,0.957707,1.0834074020385742
1239,753621,ESCA,1.377463,2.748833656311035
1919,753621,ESCA,0.426115,0.6643423438072205
1079,1503366,ESCA,3.691176,1.0660691261291504
2107,910549,ESCA,5.355967,4.799522876739502
1177,753623,ESCA,5.172469,4.848823070526123
1093,753621,ESCA,5.747863,4.768954277038574
1626,753623,ESCA,2.152559,1.1028040647506714
1564,910079,ESCA,3.387063,3.8510079383850098
1249,1503363,ESCA,2.741259,2.2474095821380615
1010,907319,ESCA,1.102607,1.6162211894989014
2107,907319,ESCA,4.763391,4.802908897399902
1058,907320,ESCA,1.168573,0.7687236070632935
1510,753623,ESCA,3.635267,3.7666373252868652
1631,753574,ESCA,3.149498,3.894275665283203
1624,946353,ESCA,3.981395,4.522843360900879
1085,1240167,ESCA,2.278971,2.463408946990967
1073,906817,ESCA,5.033722,6.291947364807129
2107,753575,ESCA,6.203317,6.654897212982178
1060,1503361,ESCA,0.488015,1.0935838222503662
1049,1240167,ESCA,3.846363,4.032130241394043
1622,1503371,ESCA,4.395834,3.3549067974090576
1928,1503371,ESCA,5.04428,4.320971965789795
1593,907320,ESCA,4.844633,3.4531681537628174
2040,753614,ESCA,1.666539,1.1112117767333984
2044,946353,ESCA,2.444904,3.0083422660827637
1996,946355,ESCA,5.30077,3.602865695953369
1932,753573,ESCA,2.09486,3.022322177886963
1933,907317,ESCA,2.571504,3.9323742389678955
1003,946353,ESCA,-1.819749,-1.6410274505615234
1085,907319,ESCA,2.27591,3.083503484725952
2107,1503361,ESCA,5.314182,4.760842800140381
2045,1298359,ESCA,5.096822,5.478628635406494
1559,753574,ESCA,0.48601,-0.7747644782066345
1919,1298359,ESCA,-0.394505,0.061410367488861084
1578,907319,ESCA,4.549544,5.058183670043945
1621,753574,ESCA,6.27679,6.033186912536621
1051,1298222,ESCA,0.64392,2.920534610748291
1598,1503363,ESCA,4.477145,3.9327783584594727
1549,946355,ESCA,0.970395,-0.7495519518852234
1507,753576,ESCA,6.050008,5.54531192779541
1620,1503365,ESCA,6.438969,7.093603134155273
1089,753614,ESCA,3.015023,2.3991551399230957
1036,753621,ESCA,5.033614,5.929567813873291
1852,1298222,ESCA,5.211435,4.944077491760254
1088,753574,ESCA,5.341006,4.10093355178833
1558,1503361,ESCA,3.588179,3.492706298828125
1083,1503365,ESCA,6.001195,5.588996887207031
1849,906817,ESCA,0.907225,1.6439285278320312
1004,907320,ESCA,-3.822302,-2.9106199741363525
1618,1503367,ESCA,4.461395,2.573126792907715
2040,946353,ESCA,0.607978,0.9966436624526978
1373,1503361,ESCA,4.336527,4.432140827178955
1908,946353,ESCA,4.944445,3.2687816619873047
1578,753575,ESCA,7.11048,5.911337852478027
1799,910079,ESCA,-0.44407,0.11217793822288513
1909,1298359,ESCA,1.80108,3.1677932739257812
1911,906817,ESCA,-1.382463,-1.0095336437225342
1250,1503366,ESCA,3.423901,3.9051527976989746
2047,1240167,ESCA,1.940505,2.1895222663879395
1624,910079,ESCA,3.810424,3.8201396465301514
1635,946356,ESCA,5.793573,6.358358860015869
1093,907317,ESCA,2.518742,3.836167573928833
1996,1298222,ESCA,3.571171,3.8257508277893066
1032,753621,ESCA,1.76411,0.8239541053771973
1909,753574,ESCA,3.308873,2.79577374458313
1622,753614,ESCA,4.605882,4.292204856872559
1006,753623,ESCA,1.821453,1.9051685333251953
2043,1240167,ESCA,5.379971,4.806151866912842
1034,753623,ESCA,-4.721296,-3.5691769123077393
1032,1503365,ESCA,1.252918,1.136394739151001
1621,907318,ESCA,5.007649,4.748908996582031
1598,753574,ESCA,5.969531,5.79100227355957
2044,753623,ESCA,2.602502,3.2478890419006348
1011,906817,ESCA,4.055316,5.993349075317383
1629,910549,ESCA,5.037017,5.113049030303955
1939,753573,ESCA,0.794799,2.573806047439575
1925,1503363,ESCA,5.978283,4.183236122131348
1091,753574,ESCA,2.460364,2.376654624938965
1017,910549,ESCA,4.589831,4.510225772857666
2046,753576,ESCA,4.427469,4.668025016784668
1629,946355,ESCA,4.485852,4.628589153289795
1003,753614,ESCA,-4.069639,-3.2272353172302246
1190,753555,ESCA,-1.529354,-2.750088930130005
1177,1503362,ESCA,4.397083,4.831962585449219
1005,1240167,ESCA,0.719416,0.9565092921257019
1012,946355,ESCA,1.771583,2.0304007530212402
1939,1503367,ESCA,2.81359,4.902832508087158
1011,1503365,ESCA,4.543811,4.230103969573975
1917,1503361,ESCA,3.430443,2.569721221923828
1003,946356,ESCA,2.117589,-1.2729949951171875
1239,907320,ESCA,1.710724,1.6504416465759277
1131,1503365,ESCA,8.047948,6.51381778717041
1005,1503371,ESCA,4.694938,4.23001766204834
1073,753575,ESCA,6.481483,6.718513488769531
1799,1503362,ESCA,3.408652,4.095519065856934
1560,1240167,ESCA,1.91783,1.5791022777557373
1511,1503365,ESCA,1.356413,0.5835674405097961
1013,1298359,ESCA,4.672072,4.317255973815918
1168,1503362,ESCA,1.651809,2.5147488117218018
1630,1298359,ESCA,4.936468,4.183241844177246
1576,753623,ESCA,2.766857,2.3633346557617188
1927,753574,ESCA,6.826155,5.731679439544678
1373,910549,ESCA,4.826272,4.631120681762695
1559,753575,ESCA,-2.514478,-1.1552274227142334
1004,753576,ESCA,-1.880863,-0.8898935914039612
1093,753574,ESCA,4.347313,5.37717342376709
1549,907317,ESCA,3.044529,1.7036876678466797
1080,906817,ESCA,1.045451,0.09877386689186096
1012,1503363,ESCA,1.013222,0.881524384021759
1564,753614,ESCA,1.545328,1.507716417312622
1046,1299064,ESCA,0.787367,0.9723944664001465
1849,946355,ESCA,-0.25582,-0.03060150146484375
1512,1503366,ESCA,5.462352,5.240057945251465
1553,1503362,ESCA,1.074534,0.8273581862449646
1862,753576,ESCA,-0.5256,-1.2480452060699463
1557,1503365,ESCA,6.312968,6.163002014160156
1635,1503365,ESCA,6.576496,6.783836364746094
1068,1503365,ESCA,1.511906,2.4327938556671143
1250,946353,ESCA,1.642322,2.1576216220855713
1919,1503371,ESCA,-1.715915,-1.8600406646728516
1620,910079,ESCA,4.431737,5.621363162994385
1239,1503367,ESCA,2.05188,1.9867935180664062
1635,1503361,ESCA,4.788502,4.688728332519531
2040,753576,ESCA,3.126223,2.7417104244232178
2048,753621,ESCA,-2.026482,-2.8198015689849854
1635,753574,ESCA,6.08096,6.2146477699279785
1926,1503366,ESCA,2.429172,2.3993701934814453
1909,1503362,ESCA,1.617592,2.2478835582733154
2106,1503367,ESCA,3.107517,5.288726806640625
1912,1503365,ESCA,1.920816,1.661907434463501
1598,1503368,ESCA,4.262067,4.8721795082092285
2106,753574,ESCA,4.073554,5.657678604125977
1916,753623,ESCA,1.592531,2.563169002532959
1011,1503362,ESCA,0.305448,0.21013548970222473
1557,753573,ESCA,3.142564,3.5632636547088623
1560,753575,ESCA,3.90585,3.1760833263397217
1630,1503363,ESCA,3.57708,4.093087196350098
1036,907320,ESCA,4.615935,4.694867134094238
1941,907320,ESCA,-4.424764,-2.7731425762176514
2111,1299064,ESCA,4.978382,2.7616934776306152
1928,1240167,ESCA,4.505653,3.7496328353881836
1626,910079,ESCA,1.993586,3.5235862731933594
1932,910549,ESCA,1.928103,2.387763500213623
1924,753575,ESCA,2.985844,3.277585029602051
1594,753614,ESCA,4.052109,4.539359092712402
1054,1503367,ESCA,5.184997,3.490800142288208
1849,1240167,ESCA,-1.404113,-1.482391595840454
1084,907319,ESCA,-1.637831,-1.4648191928863525
1060,1503371,ESCA,1.939826,0.20386677980422974
1598,1503365,ESCA,6.731215,5.7069807052612305
1080,910549,ESCA,-4.162806,-2.4093406200408936
1006,1240167,ESCA,-0.769285,0.4778099060058594
1006,753573,ESCA,0.233463,2.745826482772827
1593,907318,ESCA,3.352794,2.832599639892578
1919,1503366,ESCA,1.058432,1.4954407215118408
1910,1503368,ESCA,2.214064,2.7821271419525146
1576,910549,ESCA,3.093619,2.9682400226593018
1618,753555,ESCA,2.93885,3.5751516819000244
1179,1503367,ESCA,-0.531791,0.13933289051055908
1620,946355,ESCA,6.075974,5.796519756317139
1073,753574,ESCA,5.384428,6.33447790145874
1168,753575,ESCA,-0.124972,0.5555717945098877
1853,1298222,ESCA,1.646759,2.954400062561035
1084,1503361,ESCA,-1.040237,-2.397887706756592
1593,753555,ESCA,1.544759,1.4760823249816895
1928,910549,ESCA,4.348789,4.169925212860107
1049,753575,ESCA,6.75872,5.542704105377197
1553,946353,ESCA,3.400185,3.1408660411834717
1268,910549,ESCA,3.192984,4.502937316894531
1032,1298359,ESCA,0.052442,-0.24562495946884155
1510,1503363,ESCA,1.549081,3.3098464012145996
1559,753576,ESCA,-0.650609,0.38423803448677063
1089,1298222,ESCA,5.319923,4.688989162445068
1558,1299064,ESCA,0.668818,0.8364681005477905
2111,907320,ESCA,4.872546,3.670891523361206
1553,910079,ESCA,3.073578,1.736755609512329
1629,753623,ESCA,4.630379,4.484055519104004
1080,753576,ESCA,-1.294888,-0.2612852454185486
1006,1299064,ESCA,1.001132,1.6427218914031982
1088,907318,ESCA,3.082235,2.18867564201355
1627,1240167,ESCA,1.909616,2.294309139251709
1091,907319,ESCA,1.949126,2.5776121616363525
2048,753614,ESCA,-4.400931,-3.685934066772461
1372,1298359,ESCA,-0.499115,0.5715452432632446
1010,1298359,ESCA,0.347655,0.2508907914161682
1259,1503371,ESCA,3.722646,3.730879545211792
1919,735784,ESCA,1.778764,2.28477144241333
1177,1503361,ESCA,3.410899,4.61796236038208
1997,946353,ESCA,1.650865,2.317765474319458
1624,907321,ESCA,2.341517,1.9790551662445068
1036,1503368,ESCA,5.284262,3.782648801803589
1873,753555,ESCA,0.2676,0.35696280002593994
1564,907319,ESCA,2.818468,2.6616272926330566
1576,1503368,ESCA,2.554753,3.461069107055664
1006,906817,ESCA,3.839582,4.783308982849121
1068,910549,ESCA,1.659583,0.899234414100647
1032,1503367,ESCA,2.713813,2.330219268798828
1011,753621,ESCA,2.906857,1.491398572921753
1625,946353,ESCA,5.008439,5.064380168914795
1011,946353,ESCA,2.540422,1.0775539875030518
1939,910079,ESCA,4.535416,3.416901111602783
1200,1503363,ESCA,3.670611,2.9274697303771973
1924,1503361,ESCA,4.286984,3.249297618865967
1093,1298359,ESCA,5.042831,4.349977970123291
1068,946353,ESCA,1.567541,1.2571945190429688
2044,1503368,ESCA,4.865866,3.7883048057556152
1079,753574,ESCA,0.796424,0.997226357460022
1177,946353,ESCA,4.729113,5.23876953125
1561,910549,ESCA,1.459031,1.335976481437683
1940,753574,ESCA,3.948694,4.24748420715332
1849,907321,ESCA,-2.680457,-0.5996584296226501
1627,946355,ESCA,3.646358,2.252730131149292
1624,910549,ESCA,2.18788,2.2443807125091553
1557,735784,ESCA,5.22169,5.547811031341553
1512,1503362,ESCA,5.40674,5.279914855957031
1624,735784,ESCA,3.132972,4.222598552703857
1079,946353,ESCA,0.56348,1.0154962539672852
2048,910549,ESCA,-1.627642,-1.6903469562530518
1627,753555,ESCA,2.156612,2.321678876876831
1259,1503362,ESCA,4.540095,3.5275778770446777
1058,906817,ESCA,3.447854,3.351229667663574
1239,1503371,ESCA,1.845022,1.269216775894165
1917,753573,ESCA,-0.622635,1.431349277496338
1034,907319,ESCA,-4.105021,-2.645199775695801
1917,907318,ESCA,1.063225,1.017612338066101
1615,753574,ESCA,6.183902,6.316689968109131
1630,946355,ESCA,4.218438,3.4972593784332275
1854,906817,ESCA,5.874562,6.006324768066406
1941,907318,ESCA,-3.902918,-3.816890239715576
1190,906817,ESCA,3.711984,4.072942733764648
1084,907320,ESCA,-1.244099,-2.5595009326934814
1036,753574,ESCA,6.618062,6.017669200897217
1249,1503366,ESCA,2.259657,4.201951503753662
1250,1298359,ESCA,2.141697,2.6021664142608643
1853,735784,ESCA,5.080564,4.2675862312316895
1941,735784,ESCA,-3.727863,-4.085890769958496
2096,1298222,ESCA,2.358124,3.418848991394043
1200,1298222,ESCA,3.004981,3.002041816711426
1560,753573,ESCA,2.831398,2.160628318786621
1855,910079,ESCA,5.716666,4.631270408630371
1578,753574,ESCA,5.234711,6.261440277099609
1005,753555,ESCA,3.154215,2.4906327724456787
1073,1503371,ESCA,5.917359,4.7785115242004395
1621,753575,ESCA,6.495197,6.205816268920898
1930,1298222,ESCA,0.60269,0.6697279214859009
1373,1298359,ESCA,5.644014,5.6240925788879395
1510,1503361,ESCA,3.346863,3.728480100631714
1625,910079,ESCA,4.961944,5.13972282409668
1557,946355,ESCA,4.07856,4.544559955596924
1036,907319,ESCA,4.326645,4.274684906005859
1927,753575,ESCA,7.193305,5.591174125671387
2047,1503365,ESCA,2.568044,2.672272205352783
1925,910079,ESCA,5.657007,4.978908538818359
1912,910549,ESCA,3.560029,2.444725751876831
1635,910079,ESCA,4.939075,5.491863250732422
1630,753555,ESCA,2.495717,3.0871214866638184
1925,1503365,ESCA,5.483047,6.221617698669434
1613,753621,ESCA,4.475149,3.778104305267334
2111,735784,ESCA,5.674722,4.487033843994141
1053,1298359,ESCA,1.819798,1.8127412796020508
1089,946356,ESCA,6.834329,4.9741950035095215
1853,1298359,ESCA,4.32959,4.552963733673096
1372,1503371,ESCA,0.089907,-0.415172815322876
1915,1503361,ESCA,2.468125,1.9445905685424805
1564,907318,ESCA,2.328184,3.075228452682495
1559,910549,ESCA,-2.431893,-1.4708468914031982
1088,946356,ESCA,4.928185,4.415465831756592
1873,946353,ESCA,1.03441,0.9162347316741943
1862,1503366,ESCA,-0.920863,-0.9382959008216858
1268,946356,ESCA,5.683538,5.60172176361084
1003,907320,ESCA,-1.093072,-0.24935144186019897
1873,946355,ESCA,0.201051,0.5683930516242981
1613,946356,ESCA,5.754943,4.048163890838623
1011,753573,ESCA,5.345679,3.001847743988037
1084,753573,ESCA,-3.26933,-2.6368231773376465
1088,753555,ESCA,1.875057,1.5541059970855713
1022,1503367,ESCA,-1.525448,-0.2935035824775696
1051,907319,ESCA,2.433878,3.5567522048950195
1916,946353,ESCA,2.726755,2.7651095390319824
1057,1298222,ESCA,1.794818,-0.09133690595626831
1080,753574,ESCA,-1.05882,-0.015267640352249146
1010,753623,ESCA,2.316686,2.3200156688690186
1557,753621,ESCA,5.953056,5.655813217163086
1924,1503371,ESCA,2.730016,2.6409528255462646
1079,1503368,ESCA,3.717437,1.8754076957702637
1624,753614,ESCA,3.580624,3.640672206878662
1926,907317,ESCA,-0.340913,-0.8480719923973083
1911,1240167,ESCA,-4.835293,-6.314853191375732
1909,910079,ESCA,3.304053,2.7384941577911377
1093,1503361,ESCA,4.111686,3.9375081062316895
1853,753576,ESCA,4.745954,5.027455806732178
1549,946353,ESCA,3.679745,3.4400599002838135
1593,1298222,ESCA,4.823844,2.4881701469421387
1786,1503365,ESCA,5.596357,5.9405059814453125
1940,1503368,ESCA,4.248689,4.117432117462158
1635,1298359,ESCA,5.012351,5.233654975891113
2106,753573,ESCA,0.005556,-0.5687377452850342
1036,735784,ESCA,5.693017,4.863625526428223
1922,1240167,ESCA,1.671571,1.1820578575134277
2044,1503366,ESCA,4.443256,3.9356789588928223
1046,1240167,ESCA,0.939649,0.784938395023346
1180,907318,ESCA,-3.753865,-3.633965492248535
1855,907318,ESCA,4.559982,3.730466604232788
1614,1298222,ESCA,3.73063,5.036530494689941
1926,946355,ESCA,-0.253956,-0.8626990914344788
1180,753575,ESCA,0.504372,-1.8675453662872314
1529,1299064,ESCA,-1.156719,0.8253138065338135
1918,1298222,ESCA,3.58398,4.374372482299805
1079,753573,ESCA,1.170945,-0.2388952374458313
1004,906817,ESCA,0.249065,-0.3840702176094055
2048,1299064,ESCA,-2.413671,-4.711541175842285
2110,753614,ESCA,4.301258,3.741846799850464
1922,1503363,ESCA,1.189802,1.4651281833648682
1931,1298359,ESCA,5.801256,5.945779800415039
1190,753621,ESCA,3.531553,-0.9784190058708191
1598,907317,ESCA,4.814978,3.4957563877105713
1004,910079,ESCA,-4.661422,-2.8518505096435547
1512,1503363,ESCA,5.984122,4.739197731018066
2045,910079,ESCA,6.02462,5.164120674133301
1511,1503363,ESCA,-1.682855,-0.29567044973373413
1237,907319,ESCA,5.340138,4.882887840270996
1996,735784,ESCA,4.488288,4.587489128112793
1919,1503363,ESCA,3.306691,2.6905550956726074
1549,1503362,ESCA,2.225485,2.4060802459716797
1873,1503368,ESCA,1.198563,1.390491247177124
1259,753623,ESCA,3.377838,3.584906578063965
1626,1298222,ESCA,5.453857,4.229912281036377
1927,735784,ESCA,5.653598,5.123188018798828
1799,735784,ESCA,5.046471,4.850549221038818
1529,907320,ESCA,-0.720031,0.1616457849740982
1932,1298359,ESCA,2.528572,3.0955049991607666
1084,1299064,ESCA,-1.239775,-3.656979560852051
1912,753575,ESCA,2.909891,2.7595155239105225
1940,753576,ESCA,5.369787,3.995342254638672
2106,907318,ESCA,1.592828,1.3243639469146729
1629,1503363,ESCA,5.471151,3.996702194213867
2109,1503365,ESCA,5.651407,3.8396525382995605
1933,1299064,ESCA,4.853634,3.8401827812194824
1910,753575,ESCA,2.31723,2.804654598236084
1618,907318,ESCA,3.078574,3.0644338130950928
1634,907321,ESCA,3.255857,3.472890615463257
1200,753614,ESCA,3.159669,3.216411828994751
1191,1503371,ESCA,-4.840671,-4.044612884521484
1068,1298222,ESCA,0.100958,1.9511969089508057
1853,946355,ESCA,3.534393,3.7024593353271484
1168,753623,ESCA,2.410872,1.5325367450714111
1180,735784,ESCA,-2.909722,-1.900660753250122
1927,753573,ESCA,4.518796,4.3706278800964355
1996,753621,ESCA,3.699204,4.046159744262695
1910,753576,ESCA,3.865064,3.2067835330963135
2106,1298359,ESCA,0.625708,1.2573847770690918
1006,1298359,ESCA,2.42242,1.5660347938537598
1190,753575,ESCA,5.493402,3.623464822769165
1635,1503362,ESCA,5.289376,5.235054969787598
1558,753573,ESCA,1.185121,0.8298555612564087
1620,1503368,ESCA,5.096818,5.330173492431641
1022,1298359,ESCA,-0.926116,-0.7165215611457825
1093,753555,ESCA,3.259834,3.75512433052063
1054,1503363,ESCA,2.435937,3.53031587600708
1131,946355,ESCA,4.881274,5.010865211486816
1908,1503365,ESCA,2.592932,2.672272205352783
1561,907318,ESCA,0.834773,1.4121499061584473
1624,753623,ESCA,3.134801,2.2905502319335938
1091,1298359,ESCA,1.647183,1.9488251209259033
1373,753575,ESCA,7.214291,7.205041885375977
1091,1503371,ESCA,3.738792,2.0592916011810303
1613,1503362,ESCA,2.887803,2.6289825439453125
1510,906817,ESCA,5.401774,5.847325801849365
1511,910079,ESCA,-1.044418,0.035731106996536255
1073,907318,ESCA,2.328231,4.039483070373535
1088,1503361,ESCA,3.576547,2.8597891330718994
1996,753574,ESCA,4.81076,4.470230579376221
1177,753614,ESCA,3.580096,3.720238208770752
1085,753623,ESCA,3.368884,2.150155544281006
1034,1503367,ESCA,-2.170429,-1.928893804550171
1054,907319,ESCA,4.848096,3.5582685470581055
1930,1503363,ESCA,-0.074493,0.31491321325302124
1237,946355,ESCA,4.546887,5.6706156730651855
1560,753576,ESCA,2.950379,4.525912284851074
1852,1503362,ESCA,3.730145,5.2474188804626465
1928,1503368,ESCA,4.902932,4.870715141296387
1996,753555,ESCA,3.414626,2.9064066410064697
1910,1503366,ESCA,1.634462,1.9066112041473389
2043,1503361,ESCA,5.347152,4.461179256439209
1168,1240167,ESCA,0.9855,0.9999088048934937
1003,753574,ESCA,0.771646,-1.333277702331543
1563,907317,ESCA,4.668413,5.260318756103516
1003,753621,ESCA,-1.257903,-1.7215766906738281
1849,1503368,ESCA,1.544034,0.11491727828979492
1933,1503363,ESCA,5.315881,4.567825794219971
1060,753621,ESCA,0.74604,0.8223222494125366
1036,946353,ESCA,4.124835,4.103681564331055
1932,1503368,ESCA,3.360657,2.9921114444732666
1200,1299064,ESCA,2.671625,2.4508113861083984
1927,1503367,ESCA,6.062089,6.3126726150512695
1919,753555,ESCA,-1.217516,-2.0723893642425537
1053,1503362,ESCA,1.208548,1.0871065855026245
1911,753573,ESCA,-6.158049,-5.466456413269043
1180,1503368,ESCA,0.975115,-1.4639363288879395
1093,907318,ESCA,4.808234,3.7746801376342773
1852,946355,ESCA,5.671184,5.600811004638672
1918,946355,ESCA,2.062138,2.3532874584198
1916,907319,ESCA,3.010948,2.7424118518829346
1259,1240167,ESCA,2.789452,1.5228426456451416
1191,1240167,ESCA,-5.087482,-5.410261631011963
1085,1503371,ESCA,2.120061,2.34421443939209
1375,946353,ESCA,5.510078,5.878961086273193
1849,1298359,ESCA,0.715098,0.7656213045120239
1034,946353,ESCA,-2.996868,-2.930586099624634
1908,946355,ESCA,3.335075,3.551683187484741
2045,1503361,ESCA,4.286366,4.520253658294678
1268,910079,ESCA,4.078351,4.247002601623535
1022,1503363,ESCA,0.431155,0.19766077399253845
1199,753555,ESCA,3.949407,3.1578996181488037
1593,906817,ESCA,4.510292,4.145870685577393
1622,946356,ESCA,6.252393,5.28521728515625
1940,1503362,ESCA,3.781247,3.394587278366089
1053,1503368,ESCA,2.092884,2.6877810955047607
1046,907317,ESCA,2.065609,1.595494031906128
1200,1503361,ESCA,3.343958,2.3948841094970703
2046,1299064,ESCA,4.231342,3.200669050216675
2040,1503366,ESCA,1.730064,1.0644423961639404
1131,907320,ESCA,6.587499,6.176438331604004
1080,946353,ESCA,-4.44271,-3.4873483180999756
1854,735784,ESCA,6.050716,4.902805328369141
1013,1503366,ESCA,4.379358,3.8506383895874023
1786,907317,ESCA,2.903384,2.7994813919067383
1629,946353,ESCA,3.930011,4.122433185577393
2040,1503371,ESCA,1.806622,0.9165504574775696
1010,1503361,ESCA,3.604093,3.0521111488342285
1622,910079,ESCA,5.299391,4.732693195343018
1627,907320,ESCA,3.112337,3.6469693183898926
1507,753555,ESCA,4.707216,4.11919641494751
1917,946355,ESCA,1.565973,2.681481122970581
2106,1503363,ESCA,0.810987,0.9028593897819519
1578,753623,ESCA,5.770549,5.218551158905029
1190,907318,ESCA,1.072383,0.3734605312347412
1915,1503365,ESCA,2.475873,2.8133935928344727
1190,946355,ESCA,0.943543,2.017134189605713
1620,753623,ESCA,4.89227,5.049895763397217
1199,1503368,ESCA,3.871513,3.4885644912719727
1564,906817,ESCA,4.513172,3.7059073448181152
1007,907320,ESCA,-4.998352,-4.915748119354248
1199,1240167,ESCA,2.779688,3.1533093452453613
1036,753623,ESCA,4.007823,3.9756479263305664
1549,1299064,ESCA,1.117591,0.3247121572494507
1053,753614,ESCA,2.987828,4.748355865478516
1912,1240167,ESCA,1.99738,2.3994505405426025
1613,907320,ESCA,3.738563,3.802616596221924
1058,753614,ESCA,1.280088,0.7914508581161499
1013,1240167,ESCA,2.143688,2.7388086318969727
1088,753621,ESCA,3.350892,4.255138397216797
1561,907320,ESCA,0.129144,0.9274113774299622
1561,907319,ESCA,1.145292,0.8262288570404053
1007,753614,ESCA,-5.114322,-5.8107781410217285
1131,910549,ESCA,5.195781,4.020541667938232
1933,907320,ESCA,5.805814,4.957749366760254
1250,907318,ESCA,2.616206,1.7617979049682617
2107,753621,ESCA,5.954077,5.189562797546387
1080,1503363,ESCA,-3.798966,-3.3802592754364014
1054,1503362,ESCA,3.825284,3.2704262733459473
1510,907318,ESCA,3.50794,3.3949480056762695
1873,907317,ESCA,0.671927,0.617660403251648
1615,1240167,ESCA,3.373114,4.353354454040527
1003,1503366,ESCA,-2.882568,-1.9017906188964844
1017,753573,ESCA,4.916283,4.073466777801514
1578,1503365,ESCA,6.131964,6.441246509552002
1631,753623,ESCA,2.854448,2.7396719455718994
1618,753623,ESCA,3.152254,2.8382070064544678
1626,946356,ESCA,6.456852,3.880577325820923
1259,753573,ESCA,3.284219,3.5343739986419678
1908,753576,ESCA,4.372897,3.7127845287323
1927,753623,ESCA,4.457184,4.881098747253418
1089,753623,ESCA,3.529307,3.7019612789154053
1631,753614,ESCA,3.39853,2.9512932300567627
1996,1503368,ESCA,4.504806,4.692789077758789
1093,753576,ESCA,5.690099,4.924990653991699
1057,753574,ESCA,-1.635786,-0.9606377482414246
1168,1503368,ESCA,1.175823,1.4855108261108398
1179,1503361,ESCA,-0.208241,-0.5432519912719727
1131,1503367,ESCA,6.987229,5.771877288818359
1624,1503367,ESCA,5.984698,3.179896831512451
1259,946355,ESCA,6.051116,4.228885650634766
2106,910079,ESCA,4.28178,1.736755609512329
2046,907318,ESCA,3.35199,1.5117101669311523
1250,910549,ESCA,1.465181,2.699193000793457
1940,753621,ESCA,3.265926,2.2754194736480713
1910,753555,ESCA,3.087653,2.878617286682129
2111,1503361,ESCA,3.109131,4.5754194259643555
2096,910549,ESCA,2.700725,1.7675349712371826
1013,1298222,ESCA,4.194012,3.9100067615509033
1177,753573,ESCA,3.722452,3.993988513946533
1634,1503371,ESCA,3.58441,3.5215768814086914
1259,753574,ESCA,5.502169,5.366741180419922
1634,1503362,ESCA,4.219913,4.560394763946533
1512,753555,ESCA,5.176786,4.569737911224365
1006,946355,ESCA,4.275616,2.9080023765563965
1250,1503361,ESCA,0.490411,1.411243200302124
1615,907321,ESCA,4.741295,4.771021366119385
1626,1503367,ESCA,6.169116,3.1197242736816406
1549,1503365,ESCA,2.625251,2.456238269805908
1511,753623,ESCA,-0.796657,-1.130819320678711
1911,753575,ESCA,-3.672869,-3.4136714935302734
1375,1503368,ESCA,6.699532,6.566824913024902
1237,753573,ESCA,5.458784,4.717873573303223
1626,753574,ESCA,4.682835,3.05412220954895
1060,907319,ESCA,1.41232,0.7220671772956848
1931,1503371,ESCA,5.096926,5.090696334838867
1593,753575,ESCA,5.504092,4.471010684967041
1507,753614,ESCA,5.123254,4.0693678855896
1053,946353,ESCA,4.382306,3.169438123703003
2107,1240167,ESCA,5.000514,4.530268669128418
1913,1503367,ESCA,5.747311,5.1780242919921875
1557,753574,ESCA,6.460246,5.823445796966553
1034,1503366,ESCA,-2.833726,-2.3623359203338623
1005,910079,ESCA,4.020049,4.533538818359375
1239,1298222,ESCA,3.180797,2.7538936138153076
1909,753575,ESCA,3.294172,3.388338565826416
1613,735784,ESCA,5.034956,4.466149806976318
1200,735784,ESCA,4.002619,3.3111963272094727
1849,1503363,ESCA,-1.21232,-0.06765753030776978
1553,1240167,ESCA,1.894381,1.626786470413208
1925,907318,ESCA,3.875765,4.046886920928955
1553,735784,ESCA,2.414373,2.733578681945801
1630,907321,ESCA,3.735991,2.074622392654419
1011,907317,ESCA,3.551372,2.4551334381103516
2096,1503362,ESCA,1.119612,1.4312865734100342
1032,753576,ESCA,3.071916,2.2487025260925293
1083,753574,ESCA,5.495321,4.512134075164795
1005,1503368,ESCA,5.313557,5.2590651512146
1549,1240167,ESCA,1.341045,1.8363819122314453
1034,907318,ESCA,-3.0562,-3.2261812686920166
1849,907320,ESCA,-0.235202,-0.7221751809120178
1022,753573,ESCA,-1.958415,-0.7493893504142761
1854,910079,ESCA,4.251645,4.6975202560424805
1916,753576,ESCA,4.146877,3.4479453563690186
1799,946353,ESCA,3.159153,4.775019645690918
1046,1503365,ESCA,3.128069,3.4164702892303467
1005,907318,ESCA,2.331254,2.9666082859039307
2110,753621,ESCA,5.253131,5.465978622436523
1558,1503371,ESCA,-1.261999,0.1074957549571991
1047,907318,ESCA,4.866106,5.244235992431641
1939,910549,ESCA,0.801986,3.062955379486084
1054,753623,ESCA,4.425666,4.033564567565918
2045,946353,ESCA,5.232938,5.056628227233887
2046,1503368,ESCA,3.94078,4.44614315032959
1909,1298222,ESCA,2.01756,2.001615285873413
1089,1299064,ESCA,3.630272,2.7383785247802734
1624,907320,ESCA,3.559241,2.8886420726776123
1005,1503361,ESCA,3.096493,4.083545684814453
1249,1503371,ESCA,2.715704,3.254791021347046
2048,753575,ESCA,-1.066497,-0.7378868460655212
1022,753621,ESCA,-0.425976,-0.026654213666915894
1855,946355,ESCA,4.382073,4.012709617614746
1507,753623,ESCA,5.176142,4.592463970184326
2045,753575,ESCA,6.306443,6.5079522132873535
1932,735784,ESCA,5.254021,4.392929553985596
1615,946355,ESCA,6.092499,5.563634872436523
1922,753573,ESCA,1.571777,0.9938278794288635
1036,907318,ESCA,4.026994,4.394948959350586
1618,946353,ESCA,2.987387,3.7596423625946045
1080,753573,ESCA,-4.081702,-2.718935489654541
1563,1503363,ESCA,6.144589,5.610393524169922
1853,1503367,ESCA,2.508962,3.401060104370117
1375,910079,ESCA,7.606753,6.2288103103637695
1615,1503367,ESCA,5.694885,5.221133232116699
1559,1503366,ESCA,-0.824766,-2.0698440074920654
1996,910079,ESCA,3.949218,4.083436489105225
1049,753623,ESCA,3.144015,3.938567876815796
1909,1299064,ESCA,1.235704,1.843759536743164
1622,1503365,ESCA,6.548425,6.384695529937744
1561,946353,ESCA,1.675277,1.782243013381958
1578,1298359,ESCA,5.404768,5.384640693664551
1190,753574,ESCA,4.87918,0.3744443953037262
1918,1503367,ESCA,3.548717,4.285950183868408
1079,907320,ESCA,0.01054,-1.1245059967041016
1598,1298222,ESCA,3.612749,3.610705614089966
1911,1503365,ESCA,-2.694534,-3.76430606842041
2096,1503366,ESCA,3.031724,3.366361379623413
1093,1503371,ESCA,3.41278,3.770939588546753
1511,1298359,ESCA,0.182078,0.06962436437606812
1559,1503371,ESCA,-2.365184,-2.015460252761841
1927,910549,ESCA,4.057845,4.872612476348877
2040,907317,ESCA,1.084836,1.2452311515808105
1933,946353,ESCA,5.033707,4.820629596710205
1268,1298359,ESCA,3.807074,5.018311977386475
1912,753555,ESCA,1.616506,1.2935630083084106
1083,753623,ESCA,4.066037,2.7926135063171387
1912,1503366,ESCA,2.522625,2.4828593730926514
1621,753614,ESCA,4.145287,4.158969402313232
2111,910549,ESCA,2.745608,2.116530179977417
1786,906817,ESCA,5.068914,5.840291500091553
1622,1298222,ESCA,3.675412,4.216622829437256
1911,753574,ESCA,-4.362332,-3.9423727989196777
2107,946353,ESCA,5.182187,4.816066741943359
1936,1298222,ESCA,1.976883,2.6550562381744385
1011,1503367,ESCA,3.744843,2.1552608013153076
2109,1503371,ESCA,3.975371,3.0286989212036133
1855,907320,ESCA,3.995333,4.51497745513916
1578,1503366,ESCA,5.15265,5.173187732696533
1079,907318,ESCA,-0.4912,1.0824024677276611
1373,753576,ESCA,6.90345,6.055792808532715
2107,753576,ESCA,6.548136,6.221120357513428
1089,907320,ESCA,2.626228,3.3372135162353516
1613,1503366,ESCA,2.725445,3.679326057434082
1854,1503368,ESCA,5.226872,5.172184467315674
1510,1503368,ESCA,4.132609,4.20701789855957
2040,753574,ESCA,1.387285,1.9518563747406006
1053,907318,ESCA,3.26986,1.8992247581481934
1620,1298222,ESCA,5.220432,5.295482635498047
1373,1299064,ESCA,4.589985,4.209474086761475
1629,753575,ESCA,6.721549,6.535198211669922
1073,753576,ESCA,5.621365,7.960981369018555
1017,1503366,ESCA,4.629564,4.099726676940918
1053,753576,ESCA,4.45334,3.7100682258605957
1191,907318,ESCA,-5.190546,-5.699290752410889
1088,910549,ESCA,1.559207,1.8738231658935547
1003,907319,ESCA,-3.107823,-2.601672649383545
1786,907319,ESCA,3.556294,3.3995466232299805
1853,1503363,ESCA,6.050885,3.968911647796631
1853,753621,ESCA,3.265825,3.707141399383545
1017,753555,ESCA,4.439998,2.9962666034698486
1593,753621,ESCA,1.683692,1.3972601890563965
1004,1503371,ESCA,-5.888301,-4.831791400909424
1940,907317,ESCA,4.373736,3.748016119003296
1559,753573,ESCA,-3.223148,-2.4855332374572754
1010,946353,ESCA,3.474107,2.7746834754943848
1047,1240167,ESCA,5.69003,4.700580596923828
1598,1298476,PAAD,7.416074,5.776250839233398
1630,910915,PAAD,4.062897,3.934309482574463
1372,724869,PAAD,-2.918557,-2.155987024307251
1003,1240208,PAAD,-3.009924,-2.768040418624878
1557,753572,PAAD,5.535813,5.09425687789917
2047,724869,PAAD,1.791162,1.2459756135940552
1060,753572,PAAD,-0.020641,0.20322242379188538
1598,724869,PAAD,1.756242,4.158649921417236
1507,1240208,PAAD,5.705852,5.250863552093506
1908,1298475,PAAD,1.35285,0.8942471146583557
1622,925348,PAAD,6.44736,5.888945579528809
2044,753572,PAAD,2.960658,3.7656335830688477
1618,1298533,PAAD,4.269451,4.975579261779785
1259,906821,PAAD,1.998376,2.622209072113037
1630,910546,PAAD,4.788824,4.160574913024902
1563,925346,PAAD,6.370727,6.657920837402344
1561,724869,PAAD,3.119429,2.89670729637146
1908,1298533,PAAD,1.320473,3.336514472961426
1053,1240201,PAAD,5.199583,4.125354290008545
1177,906693,PAAD,4.271122,5.275361061096191
1510,907286,PAAD,4.887321,3.9919657707214355
1046,1298136,PAAD,2.289298,3.4996113777160645
1083,906693,PAAD,2.855938,3.2726187705993652
1933,925346,PAAD,6.105607,6.001956462860107
1852,753624,PAAD,6.151432,6.063117504119873
1259,724870,PAAD,4.513353,2.978746175765991
1634,1240201,PAAD,4.48605,3.7960920333862305
1926,753624,PAAD,2.605009,1.2841325998306274
1922,925348,PAAD,3.023279,2.669398784637451
1912,910915,PAAD,5.270205,4.284918308258057
1799,907285,PAAD,6.477551,5.468055725097656
1786,906693,PAAD,3.409372,2.9545185565948486
1557,909904,PAAD,5.626542,5.996616363525391
1068,724870,PAAD,1.519426,0.6776153445243835
1089,1298141,PAAD,5.722874,7.109113693237305
1054,909904,PAAD,4.536486,5.180698394775391
1006,1298136,PAAD,5.541161,3.5202624797821045
1003,1240219,PAAD,-2.251948,-0.2717559337615967
2107,1298136,PAAD,7.298382,6.778650760650635
1512,1298216,PAAD,5.980312,5.686650276184082
2043,1298476,PAAD,6.606586,8.287993431091309
1941,1298136,PAAD,-4.542976,-3.8700027465820312
1006,907286,PAAD,1.186122,1.9923970699310303
1091,925346,PAAD,2.769523,3.535703659057617
1917,907285,PAAD,1.628396,2.1463208198547363
1051,753572,PAAD,-0.511612,1.0102297067642212
1088,1290797,PAAD,3.180225,2.216287612915039
1046,925347,PAAD,6.156575,4.935841083526611
1933,910546,PAAD,5.799465,4.326774597167969
1191,1298476,PAAD,-1.671729,-1.384781837463379
1017,1240219,PAAD,5.123756,4.019327163696289
1629,724870,PAAD,4.843727,4.570190906524658
1180,1290797,PAAD,-3.712301,-3.1262154579162598
1613,1298526,PAAD,4.519495,5.103600978851318
1003,907285,PAAD,-0.960316,-0.4739111661911011
1268,1298218,PAAD,4.548869,4.852903366088867
1564,925346,PAAD,1.628191,1.8778138160705566
1926,906693,PAAD,0.588681,0.40734440088272095
1054,910907,PAAD,5.609864,5.107239723205566
1079,907286,PAAD,1.813142,3.2040390968322754
1006,910907,PAAD,3.42387,3.176015615463257
1512,1298526,PAAD,6.298268,6.1999921798706055
1034,724870,PAAD,-1.359359,-2.614067792892456
1931,925347,PAAD,6.787235,7.179475784301758
1199,1298218,PAAD,5.701872,5.131893634796143
1916,925348,PAAD,4.465132,4.450145244598389
1011,925346,PAAD,5.048934,2.737980365753174
1931,724870,PAAD,4.990436,4.994759559631348
1179,910907,PAAD,1.499432,2.8928074836730957
1873,753572,PAAD,0.727169,0.9132816791534424
1073,1240208,PAAD,4.328241,4.4288811683654785
1006,925348,PAAD,2.520943,3.7573816776275635
1916,1240201,PAAD,3.801039,3.464064359664917
1373,1240219,PAAD,6.010605,7.147125720977783
1036,1298476,PAAD,6.602746,6.902390480041504
1559,1298526,PAAD,-1.046438,-0.6375895142555237
1913,1298476,PAAD,7.076212,6.603928089141846
1010,1298218,PAAD,4.659729,4.833000659942627
1180,1240218,PAAD,0.317843,0.960322380065918
1511,925347,PAAD,3.655496,2.331540822982788
2109,909904,PAAD,4.922913,3.738776922225952
1939,910702,PAAD,8.068851,6.651026248931885
1372,1298476,PAAD,-1.475726,-0.0915704071521759
1034,1298218,PAAD,-3.707416,-2.1396212577819824
1093,1290797,PAAD,3.132708,3.7994089126586914
1936,925347,PAAD,2.293037,3.560476541519165
1634,910702,PAAD,6.760967,5.566679000854492
1057,910915,PAAD,1.363761,0.9053295254707336
1250,1240208,PAAD,3.561334,3.7233800888061523
2046,1298533,PAAD,3.276652,2.893014430999756
1085,906821,PAAD,3.295067,3.114010810852051
1558,1240201,PAAD,5.55247,3.9639017581939697
1084,910915,PAAD,-0.160447,-0.26150137186050415
1049,1240208,PAAD,5.212751,5.6879987716674805
1912,1298476,PAAD,4.549399,4.8035783767700195
1005,1298136,PAAD,7.381278,6.475653648376465
2040,909904,PAAD,1.31311,2.5806145668029785
1510,1240201,PAAD,4.449779,4.0604047775268555
1931,753572,PAAD,5.341377,5.694939136505127
1199,906693,PAAD,4.446633,3.3116164207458496
1079,753624,PAAD,2.206782,3.3559563159942627
1249,724869,PAAD,5.868182,5.074217796325684
2048,1298218,PAAD,-2.262216,0.7662417888641357
1053,724869,PAAD,5.859035,4.995589256286621
1558,1298216,PAAD,2.649951,4.2023606300354
1085,1240201,PAAD,2.165267,2.9918274879455566
1180,907286,PAAD,-2.078333,-1.0640041828155518
1910,1298141,PAAD,2.550979,3.2927916049957275
1613,1240208,PAAD,5.458872,4.95223331451416
1046,910702,PAAD,5.96432,5.640408992767334
1250,1240201,PAAD,3.43392,3.3451955318450928
2110,925347,PAAD,4.359504,6.614535331726074
1529,1298475,PAAD,0.737606,1.2254222631454468
1529,925347,PAAD,4.3949,2.894333600997925
1933,753624,PAAD,6.188442,4.494637966156006
1854,1298218,PAAD,5.548599,5.4371867179870605
1073,925346,PAAD,3.693257,5.198943614959717
1011,910915,PAAD,0.554403,3.126823663711548
1093,1298216,PAAD,3.444417,4.850698471069336
1006,907285,PAAD,2.593334,2.61659574508667
1615,1290797,PAAD,4.400444,4.56786584854126
1917,1240218,PAAD,3.787809,3.9023914337158203
1560,925346,PAAD,3.926218,4.388632774353027
1928,1298136,PAAD,6.549918,7.302472114562988
1512,1298141,PAAD,6.268335,6.302721977233887
1507,910702,PAAD,6.626638,7.41919469833374
1010,1240201,PAAD,3.338044,3.75338077545166
1919,907285,PAAD,2.371505,2.681166410446167
1853,910546,PAAD,3.742162,4.919501304626465
1919,925348,PAAD,3.317712,2.582764148712158
1080,1298475,PAAD,-0.983114,-0.7617372870445251
1936,909904,PAAD,4.052806,4.3536906242370605
2044,907285,PAAD,4.803037,5.814413070678711
1054,910702,PAAD,4.544198,5.790976524353027
1578,1298136,PAAD,5.349546,4.971325874328613
1631,1298526,PAAD,3.690457,4.5579915046691895
1083,1240218,PAAD,6.469134,6.3924760818481445
1004,909904,PAAD,-0.499356,0.44530436396598816
1051,724870,PAAD,2.230529,1.509056806564331
1997,1298475,PAAD,3.442137,3.8093419075012207
1011,1298526,PAAD,2.26885,3.730543375015259
1375,910546,PAAD,5.876491,5.935865879058838
1006,910915,PAAD,5.32454,6.375243186950684
1621,753572,PAAD,5.503205,4.685165882110596
1931,1240201,PAAD,6.08117,6.008127212524414
1089,906693,PAAD,4.998747,4.2984843254089355
1168,910907,PAAD,3.352745,3.5252058506011963
1080,910915,PAAD,1.435633,1.5234484672546387
1593,1298475,PAAD,2.112001,1.6021547317504883
1922,906693,PAAD,1.983069,2.17463755607605
1910,910915,PAAD,1.565612,3.464823007583618
1862,910907,PAAD,-1.617366,-1.2727949619293213
1011,1290797,PAAD,1.386381,2.5314295291900635
1036,1240201,PAAD,6.278199,5.8183183670043945
1561,909904,PAAD,2.528939,2.1301398277282715
1996,1240219,PAAD,5.398971,3.906285524368286
2040,1298136,PAAD,0.610875,1.0353350639343262
1932,1298218,PAAD,3.410015,3.995933771133423
1620,1240219,PAAD,7.331882,6.921722412109375
1032,925347,PAAD,3.498439,3.7412796020507812
1563,1298218,PAAD,5.676513,6.399458408355713
1631,925348,PAAD,3.595409,3.9929983615875244
1620,724869,PAAD,5.942387,5.912347316741943
1928,1240208,PAAD,4.579312,5.1099934577941895
1939,1298526,PAAD,2.389277,2.7064716815948486
2109,724869,PAAD,5.624922,3.609567880630493
2107,909904,PAAD,6.46147,5.720407009124756
1083,1298218,PAAD,3.901325,4.085874557495117
1908,1290797,PAAD,2.474096,1.1320888996124268
2109,906821,PAAD,1.61518,2.2632269859313965
1563,1298216,PAAD,6.216492,6.515087604522705
2045,925348,PAAD,5.461058,5.901904106140137
1034,1290797,PAAD,-4.445136,-3.714207172393799
1559,1298475,PAAD,-2.399048,-1.3355858325958252
1941,910546,PAAD,-5.309952,-3.554657459259033
1631,1240201,PAAD,3.283034,4.225298881530762
1511,1298141,PAAD,1.559969,1.5616140365600586
1576,910702,PAAD,3.833835,4.831154823303223
1559,925348,PAAD,-0.507897,-1.5010290145874023
1576,724870,PAAD,1.988142,2.918445348739624
1930,753624,PAAD,1.984309,2.155569314956665
1511,910546,PAAD,-2.252433,-1.5916478633880615
1629,907286,PAAD,5.32555,4.366609573364258
1034,753624,PAAD,-2.019902,-1.7397634983062744
1928,910907,PAAD,4.905189,5.512693405151367
1510,909904,PAAD,3.960661,3.927577495574951
1199,753572,PAAD,3.504423,4.335152626037598
1909,1240201,PAAD,1.750074,2.5614919662475586
1799,753624,PAAD,4.696708,5.03140115737915
1036,1298141,PAAD,3.418367,5.471656799316406
1068,753624,PAAD,3.658658,1.6955864429473877
1080,753572,PAAD,-4.605506,-3.8653311729431152
1553,1290797,PAAD,2.697238,1.507011890411377
1557,724870,PAAD,5.258657,4.570075988769531
1924,1290797,PAAD,2.588482,2.2176904678344727
1634,724869,PAAD,5.261919,4.40420389175415
1617,1298533,PAAD,2.970057,1.1236014366149902
1936,1298533,PAAD,2.14213,2.23358416557312
1372,910702,PAAD,-1.1966,-1.2471339702606201
1918,1240201,PAAD,2.919718,3.622683048248291
1618,925348,PAAD,6.324921,4.800620079040527
1177,753572,PAAD,5.219965,4.105195999145508
1916,1298216,PAAD,4.595392,4.027359962463379
1621,1290797,PAAD,4.565954,4.4540300369262695
1927,1298526,PAAD,6.156767,5.900798320770264
1941,1240208,PAAD,-4.50099,-4.450953006744385
1003,925346,PAAD,-1.74251,-1.6198046207427979
1927,907285,PAAD,6.097043,5.902431488037109
1180,910915,PAAD,-1.527099,0.005695819854736328
1084,1298216,PAAD,-1.334111,-1.058807134628296
2106,910915,PAAD,4.6538,3.4035773277282715
1131,724870,PAAD,2.44599,4.455007553100586
2106,1298533,PAAD,5.935008,5.751793384552002
1199,909904,PAAD,5.888521,4.779677391052246
2045,753572,PAAD,4.041671,5.152745246887207
2048,1298475,PAAD,-0.594899,-0.959865391254425
1237,1298475,PAAD,6.337825,6.158586502075195
1909,1298475,PAAD,3.392686,2.9571518898010254
1909,906693,PAAD,2.909237,2.403529644012451
1093,910702,PAAD,7.747364,6.545990943908691
1913,910702,PAAD,8.095432,6.9932451248168945
1564,753572,PAAD,2.655574,2.0881779193878174
1621,1298218,PAAD,5.634178,5.700348854064941
1622,1298218,PAAD,4.487179,5.170536994934082
1919,1298216,PAAD,3.720402,2.027832269668579
1799,1290797,PAAD,5.172523,4.0238938331604
1036,910546,PAAD,4.627164,4.348133563995361
1560,724870,PAAD,3.388615,3.6173205375671387
1576,1298475,PAAD,4.499182,3.1836631298065186
1053,907286,PAAD,5.48871,4.878007888793945
1047,1240218,PAAD,7.634919,7.668747901916504
1268,724869,PAAD,5.068299,5.4617791175842285
1996,907286,PAAD,4.427789,3.7453818321228027
1191,909904,PAAD,-4.125804,-3.526191234588623
1626,910546,PAAD,4.916175,3.790109157562256
1913,925348,PAAD,6.385374,5.701467037200928
1553,724870,PAAD,3.332708,3.6087708473205566
1629,1298475,PAAD,5.870049,6.008978843688965
1549,1240201,PAAD,4.463068,4.5259504318237305
1927,906693,PAAD,5.183033,4.515423774719238
1997,906821,PAAD,3.581973,3.1425766944885254
1058,1298475,PAAD,0.785652,0.9810370802879333
1622,1298533,PAAD,4.901886,5.786681175231934
1004,910907,PAAD,-1.018764,0.9598262906074524
1855,907285,PAAD,6.904461,4.997163772583008
1091,906821,PAAD,2.06417,1.8496196269989014
1177,724869,PAAD,6.071448,6.43648624420166
2043,1240201,PAAD,5.766252,5.049312114715576
2111,724869,PAAD,6.57791,5.586464881896973
2043,753624,PAAD,6.262008,5.455773830413818
1004,1240201,PAAD,-4.737208,-3.752687931060791
1507,1298216,PAAD,5.810511,5.3683085441589355
1873,910915,PAAD,2.418348,2.670743703842163
1558,925347,PAAD,5.661046,5.648735046386719
1618,909904,PAAD,4.054054,5.045473098754883
1512,910546,PAAD,4.876921,5.101415157318115
1268,906821,PAAD,4.169377,4.473791599273682
1909,1298533,PAAD,1.985365,2.4173660278320312
1928,910702,PAAD,6.555643,6.666150093078613
1855,1298526,PAAD,6.114103,6.355500221252441
1593,907285,PAAD,2.733874,3.001101493835449
1799,925348,PAAD,6.301293,5.773888111114502
2111,753624,PAAD,5.758043,5.663495063781738
1168,1298141,PAAD,4.994187,3.686612367630005
1373,1298218,PAAD,5.237363,5.762592315673828
1621,906821,PAAD,4.965967,5.1770100593566895
1083,1298533,PAAD,2.753212,3.6023647785186768
1084,906693,PAAD,-2.870148,-1.8264102935791016
1259,1240208,PAAD,3.738974,3.56870174407959
1908,906821,PAAD,2.27835,2.994112491607666
1634,907285,PAAD,5.10976,5.626046657562256
1131,1298475,PAAD,4.661257,4.885064125061035
1036,1298136,PAAD,4.834252,5.591639995574951
1085,907286,PAAD,2.955889,3.101694107055664
1620,910702,PAAD,7.820078,7.361239910125732
1510,925347,PAAD,3.776103,4.721999168395996
1083,907285,PAAD,2.251827,4.189785480499268
1511,1240218,PAAD,1.499679,1.5213243961334229
1058,906821,PAAD,1.134373,1.6464812755584717
1996,1298475,PAAD,5.337913,4.424981594085693
1131,909904,PAAD,6.928966,7.321831703186035
1631,1240218,PAAD,6.976158,5.961212158203125
1047,724869,PAAD,6.042617,7.406009197235107
1006,1298216,PAAD,1.535949,2.563040018081665
1511,1298216,PAAD,-0.848667,-0.6754074692726135
1507,1240201,PAAD,5.800869,5.231076717376709
1088,925347,PAAD,6.749148,6.359417915344238
1058,724869,PAAD,1.54292,1.9139325618743896
1629,1298533,PAAD,4.866311,6.0139288902282715
1268,753572,PAAD,4.379167,4.784230709075928
1511,1298136,PAAD,1.290276,2.1312456130981445
1268,906693,PAAD,3.29821,3.9819459915161133
1553,906693,PAAD,1.923259,3.536888360977173
1032,753572,PAAD,2.222548,3.0459604263305664
1558,724870,PAAD,2.806462,3.670018196105957
2046,909904,PAAD,5.237386,5.403134822845459
1909,1240208,PAAD,2.54977,2.9375386238098145
1862,1298526,PAAD,-1.52176,-1.85614013671875
1012,1298136,PAAD,3.056734,2.1111154556274414
2111,1298218,PAAD,3.815003,6.196854591369629
1911,907286,PAAD,-3.405093,-3.818355083465576
2106,1298141,PAAD,6.312561,4.250507831573486
2110,925346,PAAD,5.41473,5.189454555511475
1911,724869,PAAD,-3.820158,-2.9368460178375244
1034,910907,PAAD,-1.931585,-2.197512626647949
1013,1298218,PAAD,4.982674,5.373849391937256
1911,753624,PAAD,-4.095058,-4.166438102722168
1618,753572,PAAD,4.579895,3.9674196243286133
1250,1298218,PAAD,5.538942,4.13386344909668
1054,1298476,PAAD,7.367369,5.851285457611084
1909,910702,PAAD,5.750005,4.648476600646973
1512,753624,PAAD,5.886391,6.124709606170654
1593,724869,PAAD,5.407628,3.5565056800842285
1131,1298216,PAAD,3.181232,4.6788105964660645
2045,1298533,PAAD,4.828517,4.921387672424316
1168,907286,PAAD,1.2342,2.3949830532073975
1635,1298533,PAAD,5.296214,5.403882026672363
1620,910915,PAAD,6.607342,6.5035400390625
1626,1298533,PAAD,3.036546,3.8895912170410156
1191,1298216,PAAD,-5.25749,-4.560194492340088
1179,910915,PAAD,2.360867,1.2330269813537598
2107,1240219,PAAD,7.334651,7.10103178024292
1034,1240218,PAAD,-1.130512,-1.2523205280303955
1549,910546,PAAD,5.154793,4.07362174987793
1564,724869,PAAD,0.779337,1.3356788158416748
1786,1240219,PAAD,3.960394,4.158723831176758
1853,753624,PAAD,3.376963,3.554633378982544
1012,1298526,PAAD,1.39281,2.1405935287475586
1250,1240219,PAAD,6.275065,5.32341194152832
1553,1298216,PAAD,4.174105,4.091985702514648
1003,907286,PAAD,-3.378933,-1.7784602642059326
2040,724870,PAAD,0.911061,1.2214598655700684
1054,1298526,PAAD,3.798351,4.9968037605285645
1060,1298526,PAAD,0.296977,-0.22720873355865479
1593,1240208,PAAD,3.701569,4.332938194274902
1190,925346,PAAD,-2.112447,-0.5996076464653015
1022,753572,PAAD,0.644577,0.2567547857761383
1191,906693,PAAD,-4.406433,-4.686398506164551
1560,724869,PAAD,5.422738,5.052334785461426
1058,1298526,PAAD,1.266237,1.086047887802124
1910,1290797,PAAD,2.280213,1.9903359413146973
2107,907285,PAAD,6.211811,5.9062089920043945
1073,1298136,PAAD,7.363205,7.670294761657715
1250,925347,PAAD,3.427235,1.7603824138641357
1940,1298136,PAAD,3.798874,3.8821513652801514
1079,1298141,PAAD,1.665177,2.254345655441284
1862,909904,PAAD,-1.349701,-1.1682262420654297
1553,925348,PAAD,3.217794,3.765838146209717
1511,753624,PAAD,-0.412056,-0.14405447244644165
1560,910907,PAAD,5.999916,4.986443042755127
1559,724870,PAAD,-2.486436,-2.4991118907928467
1594,1298533,PAAD,5.824758,4.684458255767822
1529,925348,PAAD,0.414483,1.4912807941436768
1917,724869,PAAD,2.534643,3.2655839920043945
1200,724870,PAAD,1.906121,3.1279349327087402
1190,907286,PAAD,-3.14541,1.289171576499939
1913,1240208,PAAD,5.157453,4.72327995300293
1862,910546,PAAD,-2.07472,-1.8042364120483398
2046,907285,PAAD,2.850476,5.711730480194092
1022,1298533,PAAD,0.1124,0.2707800567150116
1940,910546,PAAD,3.453059,3.625751495361328
1635,906821,PAAD,6.224447,5.7931976318359375
1007,1290797,PAAD,-4.701221,-4.754557132720947
2045,907285,PAAD,6.420473,5.53272008895874
1511,724870,PAAD,-1.399067,-0.9247750639915466
1915,910907,PAAD,4.102438,3.3796513080596924
1561,1298476,PAAD,3.671105,3.49405837059021
1091,910546,PAAD,1.747066,1.932706356048584
1996,1298141,PAAD,6.239201,4.783207893371582
1913,925347,PAAD,5.619801,5.853259086608887
2111,910915,PAAD,6.127582,5.229969024658203
1054,925346,PAAD,4.15636,4.455811500549316
1558,1298141,PAAD,2.549844,5.443431854248047
1017,724870,PAAD,4.321163,4.091466903686523
1924,925348,PAAD,4.856276,4.50204610824585
2044,925348,PAAD,4.77091,4.885168075561523
2045,1298476,PAAD,8.309232,7.7489399909973145
1010,1298476,PAAD,4.668139,3.736417055130005
1268,1298526,PAAD,6.492945,5.184785842895508
1003,753624,PAAD,-3.660655,-2.597496271133423
1191,906821,PAAD,-5.264025,-4.970654487609863
1919,1298476,PAAD,3.245963,2.8081064224243164
1131,1298136,PAAD,7.698344,7.170264720916748
1559,1290797,PAAD,-2.869258,-3.1143958568573
2048,907286,PAAD,-2.659513,0.06134715676307678
1034,1240201,PAAD,-4.188683,-2.9375436305999756
1079,753572,PAAD,3.110116,1.243858814239502
1011,907286,PAAD,1.750322,4.086359977722168
1624,1298526,PAAD,5.667707,4.624281406402588
1621,925348,PAAD,5.301302,5.542562484741211
1091,1290797,PAAD,1.358356,0.9736560583114624
1576,1298533,PAAD,2.476864,2.9269301891326904
1559,724869,PAAD,-0.238742,-0.6157786846160889
1012,907286,PAAD,3.003028,2.762972354888916
1563,1298533,PAAD,5.79444,5.957648754119873
1629,1298218,PAAD,5.289865,4.910449028015137
1080,1298526,PAAD,0.960453,-0.6219587326049805
1512,925347,PAAD,5.761538,6.722499847412109
1168,906821,PAAD,1.756106,2.055734634399414
1910,909904,PAAD,4.395056,4.907104015350342
1931,1290797,PAAD,5.228303,5.010692596435547
1051,1298533,PAAD,1.471533,3.059769630432129
1913,1240218,PAAD,5.673351,5.8172712326049805
1089,925348,PAAD,5.353723,4.877488613128662
1054,1240201,PAAD,4.597834,4.501311779022217
1093,910915,PAAD,6.292486,4.7713212966918945
1918,925347,PAAD,3.271769,4.342185020446777
1012,724869,PAAD,3.283811,1.8280868530273438
1931,925346,PAAD,6.291081,6.255450248718262
1054,906693,PAAD,3.432178,3.975327491760254
1060,1298533,PAAD,-0.430597,-0.7439133524894714
2109,724870,PAAD,4.434058,3.1650705337524414
1855,1240218,PAAD,6.209696,7.10689115524292
1131,925347,PAAD,4.323753,5.525968551635742
1621,1298526,PAAD,6.539053,5.992445468902588
1012,1240201,PAAD,4.521318,2.7191827297210693
1873,910702,PAAD,3.934476,3.876140594482422
1013,1298141,PAAD,4.29029,5.964953899383545
1131,910702,PAAD,9.082069,7.781959533691406
2048,1240219,PAAD,1.859077,1.4595656394958496
1631,1298533,PAAD,3.248206,4.01654052734375
2044,1298526,PAAD,4.986749,4.925176620483398
1372,925346,PAAD,-0.302206,-0.4508073329925537
1085,1298533,PAAD,2.773513,3.2835042476654053
1849,910702,PAAD,1.861313,2.531675100326538
2047,910702,PAAD,4.028688,3.8010756969451904
1268,1298216,PAAD,5.323776,5.126699447631836
2106,1240219,PAAD,7.267667,6.806928634643555
1558,753624,PAAD,3.671389,3.2640109062194824
1529,909904,PAAD,0.073733,1.2383629083633423
2046,925346,PAAD,2.202749,3.343655824661255
1003,1298533,PAAD,-2.605018,-2.553929090499878
1017,907286,PAAD,4.767131,3.5453710556030273
1852,910915,PAAD,6.903247,6.623521327972412
1007,907286,PAAD,-3.756293,-2.026071310043335
1084,925346,PAAD,0.094717,-0.9203988909721375
1239,1290797,PAAD,2.979894,1.65968656539917
1239,1240201,PAAD,2.402742,4.079594612121582
1630,907285,PAAD,3.452359,4.6799397468566895
1928,925348,PAAD,6.755524,5.092296600341797
1909,910546,PAAD,2.365759,2.966477870941162
1624,925347,PAAD,2.130233,1.8577723503112793
1510,1298533,PAAD,3.995866,4.135849952697754
1079,910546,PAAD,0.117201,1.5746374130249023
1177,907285,PAAD,4.824461,4.94603967666626
1053,1298216,PAAD,2.926189,4.322845935821533
1997,1298216,PAAD,5.35451,4.473412036895752
1073,925347,PAAD,7.386896,6.830398082733154
1854,906821,PAAD,5.720624,5.618473529815674
1997,1298476,PAAD,6.393962,5.854763507843018
1620,906821,PAAD,6.340353,5.994311809539795
1510,1298476,PAAD,4.280375,4.820315837860107
1093,1298533,PAAD,4.726178,4.752184867858887
1941,1298216,PAAD,-5.973056,-3.603970766067505
1084,909904,PAAD,0.029181,-0.06039580702781677
2110,1240201,PAAD,4.940675,5.0988450050354
1593,1298136,PAAD,2.990531,2.308403491973877
1191,910546,PAAD,-4.850811,-4.934452533721924
1624,1240208,PAAD,1.799304,2.038562774658203
1200,1240219,PAAD,4.394096,3.9177322387695312
1941,753572,PAAD,-6.393433,-4.994471073150635
1631,925347,PAAD,3.467911,3.765246868133545
1199,925347,PAAD,5.053751,5.042309284210205
1853,1298136,PAAD,3.025595,3.4825801849365234
1915,1240219,PAAD,4.246568,4.168133735656738
1613,1298218,PAAD,5.150011,5.3946685791015625
1179,907286,PAAD,2.007883,1.1866590976715088
1013,1298216,PAAD,2.262967,4.72311544418335
1168,1298526,PAAD,3.886122,3.6728219985961914
1933,1298476,PAAD,8.892529,8.198826789855957
1057,910907,PAAD,0.069743,0.7274156212806702
1849,910546,PAAD,-0.026124,0.39145684242248535
1786,907285,PAAD,1.736237,3.8622028827667236
1919,724869,PAAD,3.039394,2.1290740966796875
1006,1290797,PAAD,0.359562,0.8915789723396301
1200,1298475,PAAD,3.648049,3.5644078254699707
1913,724869,PAAD,5.69685,5.174799919128418
1635,1298216,PAAD,6.0384,6.225729465484619
1631,724870,PAAD,2.895023,3.2913036346435547
1932,925347,PAAD,3.054715,4.666515350341797
1922,910546,PAAD,3.576964,3.1383063793182373
1930,925347,PAAD,3.567601,3.3952317237854004
1007,910702,PAAD,-1.048659,0.3276769816875458
1928,907285,PAAD,4.365817,5.531488418579102
1511,910907,PAAD,0.175351,0.2247435599565506
1093,925346,PAAD,5.222859,5.2955474853515625
1873,1240208,PAAD,1.255649,1.9398033618927002
1553,1298526,PAAD,3.734638,4.384320259094238
1512,1240218,PAAD,5.387591,6.781069755554199
1091,925348,PAAD,2.408608,2.2715811729431152
1930,724870,PAAD,-0.316447,-0.001193314790725708
1615,906693,PAAD,4.751955,4.9173407554626465
1849,1240218,PAAD,1.617724,1.9716012477874756
1940,910915,PAAD,3.947572,4.2351789474487305
1786,1298533,PAAD,2.615133,2.593195915222168
1036,906821,PAAD,4.110013,5.143310070037842
1005,1240208,PAAD,2.245259,3.7725327014923096
1549,1298136,PAAD,4.360551,5.346835613250732
1049,1298216,PAAD,4.90828,4.7004170417785645
1911,906821,PAAD,-4.300577,-4.203383445739746
1057,925346,PAAD,-0.390477,-0.7511429190635681
1563,910546,PAAD,6.182742,5.746659278869629
1131,1240218,PAAD,8.717316,9.241107940673828
1190,1240218,PAAD,6.796896,4.787527561187744
1614,925348,PAAD,4.082181,5.094162940979004
1618,1298218,PAAD,4.959853,5.175288200378418
1180,1298526,PAAD,-1.206917,-2.070679187774658
1250,907286,PAAD,2.893546,2.0288267135620117
1511,925348,PAAD,1.679437,0.5276596546173096
1997,925346,PAAD,3.05306,3.216156005859375
1011,925347,PAAD,3.512263,3.6399221420288086
1200,1298216,PAAD,3.800583,3.5404112339019775
2106,906693,PAAD,2.417935,3.536888360977173
1032,910702,PAAD,3.812228,3.5916450023651123
1093,909904,PAAD,5.915397,5.750934600830078
1006,753572,PAAD,1.382745,0.5568698048591614
1529,910907,PAAD,1.682495,2.7774100303649902
1507,1298218,PAAD,5.5924,5.436110496520996
1022,907286,PAAD,1.168424,1.4211814403533936
1862,1240218,PAAD,-1.685081,-0.6007804870605469
1047,907286,PAAD,5.428337,5.087957859039307
1005,925347,PAAD,6.356554,6.901018142700195
1200,724869,PAAD,4.025799,3.6870005130767822
1047,1298141,PAAD,7.59423,8.327125549316406
1237,925348,PAAD,6.189745,6.644157886505127
2109,1298533,PAAD,1.618168,3.280637502670288
1940,724869,PAAD,3.272483,3.8466923236846924
2044,1240219,PAAD,5.946654,4.127991676330566
1624,1298218,PAAD,6.217979,6.0227532386779785
1005,1298475,PAAD,5.1609,4.452942371368408
1177,1298136,PAAD,5.47785,6.38002347946167
1560,1240218,PAAD,5.73665,6.810520648956299
1022,910907,PAAD,0.37553,1.9258935451507568
1563,906693,PAAD,5.657209,5.53317928314209
1912,1298136,PAAD,4.115216,4.43845796585083
1093,724869,PAAD,6.024196,4.995247840881348
1786,1298475,PAAD,4.2084,4.011361122131348
1089,910915,PAAD,6.907667,5.9339776039123535
1036,1290797,PAAD,3.70832,3.813042163848877
1996,1240218,PAAD,4.792643,5.131086826324463
1925,1240218,PAAD,6.7622,6.581038951873779
1593,910702,PAAD,4.112467,4.627411365509033
1073,1298141,PAAD,7.186618,5.680640697479248
1997,753624,PAAD,3.678009,3.473372220993042
1918,1298216,PAAD,3.773587,3.589374542236328
1911,1240219,PAAD,-2.986665,-2.9712555408477783
2045,1240219,PAAD,6.177175,6.239195346832275
1549,910907,PAAD,4.699367,4.221170902252197
1624,907286,PAAD,4.278867,4.531255722045898
1594,1298216,PAAD,5.668605,5.814558029174805
1936,753572,PAAD,0.381076,2.442387104034424
1919,910907,PAAD,2.424778,3.105414628982544
1912,925347,PAAD,4.509867,4.253530502319336
1940,1240201,PAAD,3.676817,3.5488123893737793
1372,1298526,PAAD,-0.100754,-0.5629164576530457
2107,724869,PAAD,6.572824,5.688838005065918
1529,910546,PAAD,0.810509,0.028449952602386475
1553,1240219,PAAD,6.469982,6.806928634643555
1799,1298475,PAAD,5.538478,4.496349334716797
1855,1298475,PAAD,3.082281,5.080587387084961
1080,1298476,PAAD,0.949922,0.612419068813324
1624,724869,PAAD,6.230494,5.495139122009277
1083,1240208,PAAD,4.83557,3.7056937217712402
1250,925348,PAAD,3.35925,2.896350145339966
1916,906693,PAAD,4.246082,3.4045915603637695
1918,909904,PAAD,4.222257,4.347319602966309
1939,1240201,PAAD,1.930135,2.267974615097046
1012,753572,PAAD,2.469257,3.3615169525146484
1873,925348,PAAD,1.921008,1.7924778461456299
1560,753572,PAAD,5.169531,4.023920059204102
1239,1298136,PAAD,3.257599,4.097250461578369
2107,925347,PAAD,6.62501,6.973577499389648
1068,1298475,PAAD,1.423742,1.8338522911071777
1931,1298216,PAAD,6.038991,6.236545085906982
1372,909904,PAAD,2.29125,2.2143101692199707
1563,907285,PAAD,5.943238,6.447938442230225
1053,1298533,PAAD,5.070292,4.1619954109191895
1560,1298218,PAAD,4.775388,4.815649032592773
1614,1298533,PAAD,4.364056,5.665937900543213
1022,724870,PAAD,0.410786,-0.22032517194747925
1053,1298141,PAAD,2.961668,4.727541923522949
1177,1240218,PAAD,7.650223,7.035242080688477
1512,1240201,PAAD,5.377402,5.473222732543945
1003,910915,PAAD,2.557426,1.437199354171753
1625,909904,PAAD,6.110172,5.666561126708984
1068,1240208,PAAD,1.657702,1.6989307403564453
1017,907285,PAAD,4.44318,4.940769195556641
1005,753572,PAAD,3.512312,3.5496864318847656
2096,1298533,PAAD,2.516719,3.0531585216522217
1010,1290797,PAAD,2.434066,2.290963649749756
1049,724869,PAAD,5.260075,6.327279567718506
2107,1298216,PAAD,5.902619,5.565946102142334
1912,907286,PAAD,3.681999,3.713484287261963
1613,1298475,PAAD,5.971898,2.776156187057495
1003,906693,PAAD,-1.452904,-2.1393187046051025
1916,1240208,PAAD,4.704634,4.463794708251953
1091,1298475,PAAD,1.79564,1.0181431770324707
1053,1240208,PAAD,5.194067,5.666954040527344
1635,909904,PAAD,6.272717,5.97922420501709
1032,910915,PAAD,1.76454,1.7787742614746094
2107,1298141,PAAD,7.230716,6.430797100067139
1057,906821,PAAD,-1.689368,-1.5082848072052002
1373,907285,PAAD,6.310305,5.36192512512207
1786,753624,PAAD,2.731627,3.299654006958008
2107,1298533,PAAD,5.272611,5.5974440574646
1010,1298526,PAAD,4.450928,4.828793525695801
1799,1298218,PAAD,5.258419,6.155200481414795
1932,910915,PAAD,2.886522,4.334196090698242
1613,1298533,PAAD,1.378268,2.7238006591796875
1200,1298136,PAAD,4.796783,4.325874328613281
1873,907285,PAAD,1.877238,1.415715217590332
1925,906693,PAAD,5.002087,4.366230487823486
1925,907285,PAAD,5.762033,5.667599678039551
2110,906693,PAAD,4.242794,4.6691741943359375
1179,1240208,PAAD,1.92285,2.1439452171325684
1614,1298216,PAAD,5.39285,4.5956549644470215
1372,1298136,PAAD,-1.607306,-0.529455304145813
1168,1298136,PAAD,3.221934,4.278483867645264
1915,909904,PAAD,3.696644,4.083942413330078
1089,909904,PAAD,4.55498,5.230343341827393
1578,925347,PAAD,6.026425,5.753313064575195
2110,910546,PAAD,3.587602,4.702640056610107
1627,925348,PAAD,2.794156,3.761411428451538
1997,909904,PAAD,5.732559,5.240065097808838
1091,1298526,PAAD,2.10848,1.9832661151885986
2040,1298141,PAAD,1.375515,1.3671984672546387
1593,1298216,PAAD,4.805452,4.091528415679932
1553,1240218,PAAD,7.463244,7.449712753295898
2096,724869,PAAD,0.919952,2.3226518630981445
1625,1240219,PAAD,5.946805,6.6760053634643555
1614,925347,PAAD,5.666631,4.728937149047852
1918,925346,PAAD,3.06199,3.7021329402923584
2043,906693,PAAD,5.563599,4.940019130706787
1239,1240218,PAAD,4.081105,4.994578838348389
2111,1298475,PAAD,4.646014,5.344881057739258
1629,1298526,PAAD,5.816475,5.605506896972656
1912,1290797,PAAD,2.518856,1.5448012351989746
1239,925347,PAAD,3.807051,3.642380714416504
1249,906821,PAAD,2.908319,4.044765472412109
1631,906821,PAAD,3.679474,3.66945481300354
1630,1240219,PAAD,6.105516,5.09586238861084
1853,910915,PAAD,6.139499,5.779792308807373
1786,1240201,PAAD,2.863821,3.6894760131835938
1237,925347,PAAD,6.516246,6.718264579772949
1237,925346,PAAD,6.207621,6.115400791168213
1022,925348,PAAD,1.235221,0.9647994637489319
2110,1290797,PAAD,3.753229,3.9606010913848877
1089,907285,PAAD,3.311248,4.946855068206787
1931,910907,PAAD,6.072272,5.675861358642578
1080,910907,PAAD,0.052369,1.055961012840271
1549,753624,PAAD,3.355492,3.447720527648926
2111,1298136,PAAD,6.989233,6.310767650604248
1917,1298475,PAAD,2.000484,3.0862882137298584
1615,1298533,PAAD,5.849684,5.346428871154785
1553,1298218,PAAD,5.221144,3.833859443664551
1005,724869,PAAD,5.768586,5.832052230834961
1237,910546,PAAD,4.990404,5.346652507781982
1060,1240201,PAAD,-0.425416,0.4647447466850281
2040,1240208,PAAD,1.37865,1.8020458221435547
1047,1298526,PAAD,7.140043,6.044410705566406
1190,1298533,PAAD,0.249158,-1.6335196495056152
1004,1298136,PAAD,2.069357,-0.2739693522453308
1939,906821,PAAD,4.171922,2.7615485191345215
1930,1240218,PAAD,2.506691,3.9700822830200195
1022,1240201,PAAD,0.798939,-0.17678964138031006
1852,753572,PAAD,4.897591,5.474335670471191
1561,1240218,PAAD,5.154807,6.531523704528809
1005,907286,PAAD,1.53998,3.8121678829193115
1631,910546,PAAD,3.310492,3.384429931640625
1249,753624,PAAD,4.753818,4.995797157287598
1622,1240218,PAAD,6.507244,6.11939811706543
2047,1298136,PAAD,3.745704,2.265331745147705
1011,1298136,PAAD,2.723571,3.3697283267974854
1926,1298476,PAAD,0.932783,1.4745240211486816
2111,910702,PAAD,5.737078,5.788691997528076
1177,1298475,PAAD,4.724571,4.646235466003418
1916,910546,PAAD,3.836858,4.169559001922607
1930,925346,PAAD,0.63264,0.48059120774269104
1073,910915,PAAD,8.045047,5.776207447052002
1593,925347,PAAD,2.005294,4.170950412750244
1922,724869,PAAD,3.444661,3.044929027557373
2045,906693,PAAD,5.076595,4.8808393478393555
1631,1240208,PAAD,5.080063,3.5430707931518555
1578,1298533,PAAD,5.433542,5.387121200561523
1200,1298526,PAAD,3.886232,4.165674686431885
1855,906821,PAAD,5.807358,5.10878849029541
1085,1298476,PAAD,6.35185,5.649018287658691
1373,906693,PAAD,4.080072,4.911733150482178
1507,1240219,PAAD,6.535259,5.667255401611328
2046,753624,PAAD,4.811231,4.574071407318115
1631,724869,PAAD,3.623732,4.838392734527588
1085,724869,PAAD,3.953896,3.1882216930389404
1631,753572,PAAD,4.935866,3.7226428985595703
1080,925348,PAAD,-2.161158,-0.5518417954444885
1083,1298475,PAAD,4.40279,3.4237101078033447
1917,1290797,PAAD,1.470394,1.3230366706848145
1049,910546,PAAD,4.686327,4.918622970581055
1862,1298136,PAAD,-0.389047,-1.12434720993042
1561,1298216,PAAD,2.990749,3.327317714691162
1131,1240201,PAAD,6.195712,4.742244243621826
2110,907285,PAAD,5.899441,5.506678104400635
2048,1240218,PAAD,2.02525,1.7384040355682373
1996,1298533,PAAD,3.371876,3.8257627487182617
1239,1240219,PAAD,4.598717,4.592960834503174
2043,1298526,PAAD,6.596197,5.76427698135376
1046,724870,PAAD,1.442627,2.2523064613342285
1007,1298136,PAAD,-3.244493,-2.4961447715759277
1085,1298475,PAAD,3.697409,3.263140916824341
1177,909904,PAAD,5.095473,6.221268653869629
1250,724870,PAAD,2.139458,1.6783077716827393
1928,724870,PAAD,3.205031,4.338041305541992
1561,910915,PAAD,2.630386,2.6592276096343994
1799,907286,PAAD,5.740027,5.1695661544799805
1051,1298526,PAAD,3.660449,3.243680238723755
1912,753572,PAAD,3.513874,3.222299098968506
1507,1240218,PAAD,7.379483,6.368776798248291
1622,724870,PAAD,4.991464,3.974949836730957
1012,1240208,PAAD,2.190785,2.453939437866211
1916,910702,PAAD,5.455461,5.401352882385254
1928,753572,PAAD,4.52866,4.787583351135254
1088,1240201,PAAD,4.3441,3.9523372650146484
1918,1298136,PAAD,3.224989,4.526839256286621
1617,1240218,PAAD,5.780132,4.866220951080322
2110,1298475,PAAD,4.292636,5.1609039306640625
1932,1298136,PAAD,3.215772,3.4913699626922607
1621,925347,PAAD,6.647849,5.391491889953613
1079,909904,PAAD,0.281139,2.311307668685913
1939,753572,PAAD,2.038768,3.213716506958008
1510,1298526,PAAD,3.145987,4.098160743713379
1017,1298136,PAAD,5.903481,5.633116245269775
1200,753572,PAAD,3.386251,3.000453233718872
1558,1298136,PAAD,6.667191,5.20595121383667
1625,907285,PAAD,4.789958,5.662729740142822
1913,753572,PAAD,3.683487,4.556051254272461
1085,1240208,PAAD,3.463147,3.228483200073242
1855,925347,PAAD,7.09379,6.359338283538818
1560,1298476,PAAD,5.833529,5.33327054977417
1049,907286,PAAD,4.79806,4.409050941467285
1177,907286,PAAD,4.98681,3.7317094802856445
1250,1298526,PAAD,3.778665,3.0621471405029297
1558,925346,PAAD,3.451661,3.2958877086639404
1930,925348,PAAD,1.549668,1.4888558387756348
1996,910702,PAAD,6.674673,7.502114772796631
1046,910546,PAAD,2.796223,1.8896489143371582
1083,910546,PAAD,4.223972,3.464865207672119
1913,1298141,PAAD,6.096243,5.462652206420898
1373,753624,PAAD,4.81133,4.729510307312012
1629,925348,PAAD,5.546237,6.159520626068115
1080,753624,PAAD,-2.047023,-2.3020355701446533
1053,1298476,PAAD,3.97347,5.721658706665039
1862,1298475,PAAD,-0.857416,-1.3111810684204102
1786,1298136,PAAD,5.340377,4.102912425994873
1564,1240218,PAAD,3.023665,2.3409640789031982
1372,753624,PAAD,-1.427075,-1.3922913074493408
1908,907285,PAAD,2.266962,1.728714942932129
1930,907285,PAAD,0.038667,0.18208611011505127
1089,1240219,PAAD,4.05448,5.109804630279541
1012,1290797,PAAD,0.990326,1.726496696472168
1058,909904,PAAD,2.056144,2.0310635566711426
1168,925346,PAAD,2.537007,2.5141899585723877
2106,724870,PAAD,3.339162,3.6087708473205566
1200,907286,PAAD,3.021159,3.1275126934051514
1529,1298476,PAAD,4.89491,4.432862281799316
1625,906693,PAAD,5.466626,4.484248161315918
1011,753562,HNSC,1.67481,2.210498332977295
1013,1290724,HNSC,3.787612,3.652292490005493
1036,1299059,HNSC,5.375532,4.0289530754089355
1093,909708,HNSC,3.268711,3.9129831790924072
1997,924111,HNSC,0.745149,1.9073731899261475
1862,753561,HNSC,-2.465305,-1.4062540531158447
1927,907062,HNSC,5.405871,4.902654647827148
1561,909708,HNSC,1.053069,0.10527366399765015
1557,1240162,HNSC,4.76153,5.177045822143555
1088,924111,HNSC,0.985975,1.3399393558502197
1922,924111,HNSC,1.950331,0.6454465389251709
1927,753541,HNSC,5.312399,4.69743537902832
1529,753532,HNSC,3.020478,0.8545606136322021
1034,924111,HNSC,-4.627689,-3.536036968231201
1933,1290724,HNSC,4.700915,5.205319881439209
1012,1240196,HNSC,3.018916,2.864921808242798
1510,1298531,HNSC,4.338524,4.216431617736816
1237,1299050,HNSC,6.025617,5.427538871765137
1058,910904,HNSC,1.816744,2.0498199462890625
1916,1299050,HNSC,3.536137,4.114487648010254
1022,906863,HNSC,0.267364,0.5489051342010498
1557,909709,HNSC,3.956952,4.4549689292907715
1626,753541,HNSC,4.248531,4.069401264190674
1916,753562,HNSC,2.401415,2.4375150203704834
1529,910936,HNSC,1.57181,0.8679990172386169
1180,753541,HNSC,-3.144142,-2.963686227798462
1621,910916,HNSC,4.749372,4.370485782623291
2044,907062,HNSC,3.472936,2.5518035888671875
2044,1240196,HNSC,3.578636,4.147853851318359
1054,1290724,HNSC,3.273375,3.915086030960083
1911,753541,HNSC,-5.467116,-5.7175726890563965
1168,906863,HNSC,0.803805,0.5593082904815674
2040,1240196,HNSC,1.003024,1.6018610000610352
1915,906863,HNSC,0.780639,1.1137282848358154
1925,910911,HNSC,5.415898,5.396549224853516
1930,909709,HNSC,1.704893,0.6378823518753052
1088,1298529,HNSC,3.128112,3.345719337463379
1034,906863,HNSC,-2.853854,-2.4752776622772217
1909,924111,HNSC,1.992632,1.3659698963165283
1131,1240122,HNSC,6.283098,7.2530670166015625
1852,906863,HNSC,5.447293,4.906347751617432
1578,753562,HNSC,5.127398,4.587073802947998
1199,1240196,HNSC,3.444839,4.803653240203857
2045,906863,HNSC,5.490538,5.039735794067383
1375,924111,HNSC,6.020952,4.644251346588135
1179,907061,HNSC,0.58344,0.4583663046360016
1631,1299050,HNSC,3.853595,2.9227147102355957
1624,910916,HNSC,3.497819,4.182898998260498
1004,910911,HNSC,-2.400366,-2.4345643520355225
1799,1298531,HNSC,0.85418,2.0942718982696533
1006,1240196,HNSC,1.657979,4.02333927154541
1997,1299050,HNSC,5.869524,4.373810291290283
1034,1240121,HNSC,-3.501195,-3.5816564559936523
1873,1299052,HNSC,2.852034,2.9370672702789307
1089,924111,HNSC,3.348089,2.604846954345703
1053,1240121,HNSC,4.275083,2.7502222061157227
1068,753583,HNSC,1.236468,1.9138789176940918
1918,753532,HNSC,0.297413,0.5966285467147827
1997,753532,HNSC,5.692762,4.94852876663208
1908,910936,HNSC,0.624945,0.7363454103469849
1085,910936,HNSC,4.088034,3.259925603866577
1630,753532,HNSC,1.895651,1.9830927848815918
1073,906837,HNSC,3.613968,4.299625873565674
1073,1240122,HNSC,5.0769,6.071516990661621
1088,753541,HNSC,1.011277,1.455651044845581
1259,910911,HNSC,3.877141,2.9971132278442383
1006,910916,HNSC,2.224031,-0.1975562572479248
1932,906863,HNSC,2.735109,3.1488583087921143
2047,753561,HNSC,2.576262,2.6052451133728027
2045,907061,HNSC,4.750654,4.924505710601807
1933,909708,HNSC,3.625534,3.6158194541931152
1032,909709,HNSC,-0.359953,1.1357975006103516
1093,910904,HNSC,4.751631,4.3917131423950195
1058,907062,HNSC,1.514033,1.2909753322601318
1940,1240196,HNSC,3.958723,4.932958602905273
2047,910904,HNSC,1.13566,3.291581153869629
1011,1299052,HNSC,2.009279,2.6334033012390137
1855,1240121,HNSC,5.747408,3.8145573139190674
1615,909708,HNSC,3.769361,4.189379692077637
1557,907061,HNSC,3.592266,4.864940166473389
1259,753541,HNSC,1.723216,1.8456218242645264
1862,906863,HNSC,-1.090803,-1.5903582572937012
1936,1299050,HNSC,2.514846,3.7753796577453613
1617,1240196,HNSC,4.929343,3.99776029586792
1010,753583,HNSC,4.539087,3.735588312149048
2111,1298529,HNSC,5.504405,4.746599197387695
2109,753532,HNSC,2.255678,1.7829062938690186
1924,906863,HNSC,4.663601,4.127863883972168
1624,753562,HNSC,2.046179,1.7733123302459717
2043,1299050,HNSC,5.711211,5.7913007736206055
1003,906863,HNSC,-3.873749,-3.5530617237091064
1017,1240162,HNSC,5.607389,5.1971869468688965
1854,910916,HNSC,4.283668,4.353701114654541
1004,1240122,HNSC,-1.373773,-2.5719821453094482
1012,753562,HNSC,1.674985,1.707646131515503
1510,1240122,HNSC,3.336661,4.59579610824585
1936,910916,HNSC,2.441385,1.4980294704437256
1237,1299052,HNSC,6.033461,5.720465660095215
1622,906863,HNSC,3.63036,3.8345155715942383
1933,753583,HNSC,4.672309,5.4179816246032715
1917,1240121,HNSC,1.366124,2.022960662841797
1049,1299050,HNSC,4.107301,4.705558776855469
1006,1299050,HNSC,3.237776,3.6124608516693115
1635,909708,HNSC,5.28008,4.410204887390137
2045,924111,HNSC,4.594589,3.811389684677124
1625,753541,HNSC,5.48448,5.35981559753418
2110,910911,HNSC,5.446619,5.048627853393555
1926,907062,HNSC,1.365812,0.4130899906158447
1036,909709,HNSC,4.808878,4.175062656402588
1557,906837,HNSC,4.162262,4.401994228363037
1996,910916,HNSC,3.350477,3.116403579711914
1593,906837,HNSC,1.573444,0.8958768844604492
1047,1299050,HNSC,6.075952,5.100871562957764
1168,910904,HNSC,3.484544,3.110491991043091
1909,910904,HNSC,2.505216,2.175525188446045
1553,753532,HNSC,0.979682,0.5533206462860107
1786,910911,HNSC,3.079263,3.410637378692627
1168,1240122,HNSC,1.694498,2.1221935749053955
1085,924111,HNSC,2.474472,2.5137131214141846
1625,1290724,HNSC,4.056176,4.835493564605713
1558,909708,HNSC,1.411879,1.5703558921813965
2045,910916,HNSC,5.228461,4.818498611450195
1559,1298529,HNSC,-3.389378,-1.680774211883545
1862,1299059,HNSC,-1.900007,-1.530165433883667
1593,907061,HNSC,3.188214,2.124156951904297
1916,1240162,HNSC,2.828721,2.8573076725006104
2111,753532,HNSC,4.066424,3.81363582611084
1085,753538,HNSC,1.458011,2.106410264968872
1375,910911,HNSC,6.754617,6.0781660079956055
2045,907062,HNSC,4.238624,4.663876533508301
1073,753562,HNSC,3.935762,3.502488613128662
1854,753538,HNSC,4.890064,5.042692184448242
1996,910904,HNSC,4.902879,4.476898193359375
1249,910904,HNSC,3.992679,3.7097465991973877
1373,1240162,HNSC,5.669786,5.960630893707275
1626,753583,HNSC,2.988639,2.9854493141174316
1003,906837,HNSC,-2.760316,-3.0850346088409424
1940,906863,HNSC,3.499534,4.337656021118164
1011,910916,HNSC,1.817657,2.0246236324310303
1003,753561,HNSC,-2.98966,-0.7515266537666321
1268,909709,HNSC,3.395175,3.8160018920898438
2106,906837,HNSC,0.653624,1.890594244003296
1084,1240162,HNSC,-0.535711,-1.3372116088867188
1053,1299052,HNSC,4.36499,2.6862003803253174
1079,1240122,HNSC,0.974344,2.0511224269866943
1022,1240162,HNSC,-0.643272,-0.08169829845428467
1913,1299052,HNSC,5.244919,5.3188581466674805
1179,1290724,HNSC,-0.849421,0.023278355598449707
1259,753583,HNSC,6.157227,5.729116439819336
1849,1298531,HNSC,-0.524558,-0.6360878348350525
1918,924111,HNSC,2.183224,1.4837470054626465
1576,1299059,HNSC,2.933974,2.8960907459259033
2106,753538,HNSC,2.523366,2.603325128555298
1032,910936,HNSC,-1.707964,-2.5109193325042725
1003,910911,HNSC,-2.885609,-1.752596139907837
1180,906837,HNSC,-3.565911,-4.1922831535339355
1936,1240162,HNSC,3.860528,3.4495954513549805
1239,1240121,HNSC,0.478328,0.7362683415412903
1083,753583,HNSC,4.982557,3.2133474349975586
1627,1240122,HNSC,3.299736,3.023127555847168
1047,753562,HNSC,4.66481,5.081914901733398
1237,1290724,HNSC,5.327531,5.148595333099365
1268,907062,HNSC,4.588988,4.61808443069458
1576,753532,HNSC,3.116002,2.8004612922668457
1909,907062,HNSC,2.39266,1.9148032665252686
1190,1299059,HNSC,-1.754728,-1.897695541381836
1862,907062,HNSC,-0.858584,-1.6235299110412598
1047,753532,HNSC,2.41533,3.941725254058838
1862,909708,HNSC,-1.741436,-2.036142110824585
1057,1299052,HNSC,1.257905,1.1975412368774414
1006,910936,HNSC,2.848131,2.0386438369750977
2043,753583,HNSC,3.110913,4.867277145385742
2043,1299052,HNSC,4.778865,5.44236946105957
1131,910916,HNSC,5.884847,5.84706974029541
1622,910916,HNSC,3.973011,3.356114387512207
1621,906863,HNSC,4.51416,4.377655506134033
1631,910936,HNSC,2.178991,1.6222028732299805
1631,910916,HNSC,4.355578,3.484858274459839
1932,924111,HNSC,2.220566,2.2792415618896484
2043,753561,HNSC,5.159594,3.874980926513672
1375,907061,HNSC,5.732649,5.635519027709961
1549,909709,HNSC,0.744362,1.7760379314422607
1627,906863,HNSC,2.887433,2.5310161113739014
2043,910916,HNSC,5.241861,4.735873222351074
1199,753561,HNSC,1.765238,2.449218988418579
1930,1299059,HNSC,0.138431,-0.6537062525749207
1373,909709,HNSC,5.639543,4.344158172607422
2107,1299059,HNSC,5.313143,4.637591361999512
1057,910911,HNSC,-0.511438,-0.2658225893974304
1560,910936,HNSC,0.228074,0.22936825454235077
1089,906863,HNSC,2.593441,3.239102840423584
1177,753562,HNSC,3.529778,4.570772171020508
1512,910904,HNSC,5.42781,5.103394985198975
1996,909709,HNSC,4.413664,4.928837299346924
2044,910911,HNSC,4.779457,3.881138324737549
1912,1299059,HNSC,2.451986,3.889913320541382
1909,909708,HNSC,1.971318,1.1653645038604736
1557,1299050,HNSC,5.154916,4.820523262023926
1560,907062,HNSC,4.747631,3.176018476486206
1621,924111,HNSC,4.093522,3.4289636611938477
1190,1299052,HNSC,4.510871,0.8152238130569458
1089,1240196,HNSC,5.268126,4.390152454376221
1634,1290724,HNSC,5.66764,4.344779014587402
1058,910936,HNSC,-1.048318,-1.5758404731750488
1922,1299059,HNSC,2.085935,2.0196070671081543
1862,909709,HNSC,-1.311023,-1.1163098812103271
2106,1299050,HNSC,1.558589,1.657557725906372
1006,1240162,HNSC,1.057903,2.4199254512786865
1594,1290724,HNSC,3.981749,4.258734703063965
1083,910936,HNSC,1.966831,3.698756694793701
1034,910936,HNSC,-5.365364,-3.838606834411621
1054,1240196,HNSC,4.442698,5.582314491271973
1598,1240121,HNSC,4.008924,4.163106918334961
1564,753583,HNSC,4.14049,4.5517683029174805
1561,753538,HNSC,-0.050771,0.03334158658981323
1512,1299050,HNSC,5.405316,5.5202836990356445
1917,753561,HNSC,-0.044188,1.178328514099121
1017,1240196,HNSC,3.957387,5.56901741027832
1068,909708,HNSC,1.115013,0.02772948145866394
1855,1299059,HNSC,4.363877,3.8394038677215576
1248,924111,HNSC,-3.817468,-4.740288257598877
1057,1298529,HNSC,-0.882472,-0.7567594647407532
2043,1299059,HNSC,4.862179,5.284605979919434
1079,1299059,HNSC,-0.023798,-0.2665114402770996
1598,909708,HNSC,3.750974,3.4458329677581787
1624,906837,HNSC,2.111634,2.1075165271759033
1996,907062,HNSC,4.479892,3.314046859741211
1939,909708,HNSC,0.880295,1.9052579402923584
1007,1290724,HNSC,-5.075187,-5.306737899780273
1005,1298529,HNSC,3.13797,3.814286947250366
1578,1298531,HNSC,4.172664,4.395603179931641
1168,910911,HNSC,0.881727,0.687375545501709
1941,1298529,HNSC,-3.52154,-3.309762477874756
1268,1298531,HNSC,3.673234,3.6245927810668945
1259,1290724,HNSC,2.57076,3.352682590484619
2040,1240122,HNSC,2.442828,1.981738567352295
1621,907061,HNSC,5.179863,4.5281758308410645
1917,1240162,HNSC,2.262809,2.8940536975860596
1997,1299059,HNSC,5.131536,5.206963539123535
1250,1299052,HNSC,4.03761,3.1889519691467285
1873,910904,HNSC,1.45975,1.4642419815063477
1237,907062,HNSC,5.622686,5.121308326721191
1012,753583,HNSC,3.182169,1.9478869438171387
1034,753562,HNSC,-3.47274,-3.873253345489502
1079,910911,HNSC,-0.654411,-0.17545807361602783
1576,906863,HNSC,3.147193,2.6064836978912354
1853,1240121,HNSC,4.936485,4.1101837158203125
1006,909708,HNSC,-0.649539,-1.6982216835021973
1799,1240196,HNSC,4.29304,4.966675281524658
2106,907062,HNSC,2.040999,2.6713109016418457
1918,1240196,HNSC,4.215776,4.05211877822876
1190,1299050,HNSC,3.29213,3.7513351440429688
1941,1299052,HNSC,-2.791703,-3.5342793464660645
1560,1299052,HNSC,5.242135,1.7897460460662842
1621,753538,HNSC,5.143188,5.34616756439209
1911,1240121,HNSC,-5.610892,-4.809911251068115
1593,909708,HNSC,1.421543,1.3671479225158691
2045,1299050,HNSC,5.771759,4.7682204246521
1510,1299052,HNSC,5.447773,3.369757652282715
1617,910916,HNSC,2.810526,1.816464900970459
1997,1299052,HNSC,3.292403,4.179848670959473
1873,753561,HNSC,0.181913,0.2733129858970642
1941,1299059,HNSC,-3.812946,-4.394608020782471
1910,753561,HNSC,0.630967,1.664684534072876
1627,910904,HNSC,2.800237,3.0145111083984375
1621,1240162,HNSC,5.21999,5.686681747436523
1911,1299050,HNSC,-3.926023,-3.3332254886627197
1512,906863,HNSC,5.293342,4.958287715911865
1512,753538,HNSC,5.344717,5.2571187019348145
1373,1299059,HNSC,5.700472,4.2468581199646
1997,753561,HNSC,2.728398,2.167165517807007
1852,907062,HNSC,4.820415,5.161277770996094
1237,924111,HNSC,3.99504,4.6992034912109375
2043,910911,HNSC,4.996204,5.515951633453369
1199,753562,HNSC,2.394573,3.1387877464294434
1854,924111,HNSC,4.833134,3.890456199645996
1622,1290724,HNSC,5.58693,4.423125743865967
1557,1290724,HNSC,5.221975,4.496877193450928
1564,753562,HNSC,2.76926,1.9007453918457031
2045,753561,HNSC,4.061969,4.223606586456299
1622,910936,HNSC,3.588211,3.8917579650878906
1036,907062,HNSC,5.390825,4.959866046905518
1922,1240196,HNSC,2.910544,2.378539562225342
1996,1290724,HNSC,4.553965,3.4367988109588623
2107,753541,HNSC,4.559185,4.842183589935303
1924,907061,HNSC,2.747546,2.056476593017578
1190,1290724,HNSC,1.028861,0.95145183801651
1239,753583,HNSC,3.754953,4.366269588470459
1058,753561,HNSC,-0.257183,-0.6284406781196594
1046,753538,HNSC,1.135637,0.5037107467651367
1598,906837,HNSC,3.725983,3.592822790145874
1046,910936,HNSC,1.963356,3.097909927368164
1615,909709,HNSC,4.169251,4.934572696685791
2044,910904,HNSC,4.298017,3.610152006149292
1012,1298529,HNSC,2.76254,2.0676956176757812
1560,1240162,HNSC,2.86069,2.4922525882720947
1614,910936,HNSC,2.92958,2.565490245819092
2043,1240122,HNSC,5.631864,5.628687858581543
1549,909708,HNSC,2.124008,1.724055290222168
1630,924111,HNSC,2.871879,1.4978551864624023
1049,753538,HNSC,4.283795,4.816542148590088
1598,1240196,HNSC,4.576738,4.872655868530273
1180,910904,HNSC,-3.153722,-3.5303750038146973
1917,1240196,HNSC,3.819216,3.0594303607940674
1239,1299059,HNSC,3.35174,3.566624164581299
1622,909708,HNSC,3.248248,3.4580159187316895
1177,906863,HNSC,3.325758,4.943545818328857
1249,906837,HNSC,2.561043,2.629185914993286
1032,753583,HNSC,4.560513,2.8353090286254883
1004,753538,HNSC,-4.590437,-4.713759422302246
2111,753561,HNSC,3.494634,1.6836369037628174
1003,910904,HNSC,-2.203023,-1.2738659381866455
1615,1290724,HNSC,5.424228,4.962281703948975
1180,924111,HNSC,-3.683699,-3.397172212600708
1615,1299052,HNSC,6.047115,5.461941242218018
2111,1240162,HNSC,5.507926,3.766956090927124
1852,909709,HNSC,5.486088,4.885354518890381
1873,909708,HNSC,0.903924,0.20465223491191864
1631,753532,HNSC,2.198017,1.6191284656524658
1011,907061,HNSC,2.947881,2.8099963665008545
2096,1298529,HNSC,4.259394,4.194258213043213
1239,910911,HNSC,3.348789,3.191288709640503
1629,1299059,HNSC,5.202467,4.882534503936768
1549,1298531,HNSC,0.35475,0.6900911331176758
1053,909709,HNSC,3.661461,3.119521379470825
1916,753583,HNSC,3.573248,3.742955446243286
1854,1299059,HNSC,5.074782,4.804721832275391
1576,1240196,HNSC,3.708482,3.846204996109009
1085,753583,HNSC,2.70179,3.0567283630371094
1180,1240196,HNSC,-1.412815,-2.1532435417175293
1559,1240196,HNSC,-2.680694,-1.9629464149475098
1091,753561,HNSC,1.54304,1.5961596965789795
1557,753538,HNSC,5.095141,5.027627944946289
1512,910911,HNSC,5.724318,5.789090633392334
1190,910936,HNSC,1.341663,-1.6235995292663574
1852,753532,HNSC,4.883459,4.944055080413818
1924,909708,HNSC,2.880282,2.7460646629333496
2045,906837,HNSC,4.498241,4.481677055358887
1250,1298531,HNSC,1.314927,1.2037761211395264
1593,753562,HNSC,2.791244,2.1332767009735107
1630,910916,HNSC,3.169807,3.0253050327301025
1249,910911,HNSC,4.832209,4.633866786956787
1593,753583,HNSC,5.587116,3.9430360794067383
1051,1240196,HNSC,2.356851,2.6607489585876465
2043,1290724,HNSC,4.283609,4.988998889923096
1627,907062,HNSC,3.047175,2.8992273807525635
1080,1290724,HNSC,-3.283211,-3.9042863845825195
1013,910936,HNSC,4.273412,4.439645767211914
1250,907062,HNSC,3.258794,4.137912273406982
1053,753561,HNSC,0.095762,-0.2456073760986328
2044,753583,HNSC,4.165704,4.998197555541992
1168,909709,HNSC,1.864847,1.3958930969238281
1553,1240122,HNSC,4.543675,4.423097610473633
1635,906863,HNSC,5.10862,4.907867431640625
1852,924111,HNSC,4.947818,4.385699272155762
1849,910936,HNSC,0.33216,-0.05056202411651611
1928,1240196,HNSC,5.724567,5.487184524536133
1200,1290724,HNSC,2.542901,1.9822618961334229
1911,910936,HNSC,-6.129951,-5.24164342880249
1036,1299050,HNSC,5.120247,3.7893407344818115
1373,1299052,HNSC,5.714757,6.493559837341309
1051,1240122,HNSC,3.257559,4.520190238952637
2110,753562,HNSC,3.558566,3.565669059753418
1924,1240122,HNSC,4.27546,4.3590989112854
1918,910904,HNSC,3.63174,3.9153237342834473
1631,1299059,HNSC,3.838774,3.4611215591430664
1510,1240121,HNSC,3.839938,3.8840365409851074
1620,1240196,HNSC,5.660033,5.8246564865112305
1853,1298531,HNSC,2.523665,3.0086288452148438
1852,909708,HNSC,4.851066,4.464128494262695
1007,753583,HNSC,-2.881817,-3.112332582473755
1237,1299059,HNSC,5.608771,5.196407794952393
1927,924111,HNSC,4.706201,4.257433891296387
1051,907062,HNSC,3.280443,4.330482006072998
1057,910904,HNSC,-1.016834,-0.5686059594154358
1060,910916,HNSC,-0.422304,-0.6649753451347351
1922,753562,HNSC,1.824639,1.3219618797302246
1873,753562,HNSC,0.501204,0.3434135913848877
1022,753538,HNSC,-0.361401,-0.23629486560821533
1190,1240121,HNSC,-3.192414,-3.3030526638031006
1630,910936,HNSC,1.540597,1.664036512374878
1012,1240122,HNSC,0.412218,1.4860310554504395
1091,1290724,HNSC,1.816579,1.1467828750610352
1057,1240122,HNSC,1.213792,0.11495628952980042
1629,910936,HNSC,4.71005,4.544296741485596
1997,907061,HNSC,3.506089,4.074793338775635
1047,909708,HNSC,4.727618,3.8165969848632812
1250,907061,HNSC,0.779015,1.306192398071289
1924,906837,HNSC,1.694409,2.0283546447753906
1239,1290724,HNSC,1.000961,1.661935806274414
1053,1299059,HNSC,4.228866,5.252078056335449
2046,753532,HNSC,1.814683,2.571624994277954
1180,910916,HNSC,-3.793636,-3.3864643573760986
2044,909708,HNSC,2.382774,2.0838100910186768
1926,753561,HNSC,-1.307173,-1.0796239376068115
1004,1299050,HNSC,-0.487627,-0.6491026282310486
1088,1290724,HNSC,3.710219,3.5840184688568115
2096,1240122,HNSC,2.774215,2.193126916885376
1068,924111,HNSC,0.686549,0.014000624418258667
1032,1240196,HNSC,2.081384,2.043414354324341
1248,910904,HNSC,-4.482084,-3.539665460586548
1615,753532,HNSC,3.968511,4.826309680938721
1005,910904,HNSC,2.967847,3.780155897140503
1512,1240121,HNSC,5.180145,4.755539417266846
1862,910911,HNSC,-1.906668,-0.7602404952049255
1618,1298531,HNSC,2.459242,2.824800729751587
1007,753541,HNSC,-6.060866,-6.078151226043701
1012,910904,HNSC,1.822075,2.35642147064209
1200,909709,HNSC,3.240673,2.8296844959259033
2111,907062,HNSC,4.1613,3.914693832397461
1576,1298531,HNSC,3.122603,2.3491427898406982
1237,1240162,HNSC,6.479561,6.0394182205200195
1007,1240122,HNSC,-4.111517,-4.309964179992676
1631,910904,HNSC,3.487391,3.211043357849121
2106,909709,HNSC,2.806451,1.9399023056030273
2048,910916,HNSC,-5.070456,-5.340463161468506
1912,909708,HNSC,2.191495,1.8985686302185059
1926,753583,HNSC,1.183804,1.4093842506408691
1190,910911,HNSC,-1.012877,-1.2717881202697754
1855,1240196,HNSC,6.192248,5.425052642822266
1854,753541,HNSC,3.96491,3.5722572803497314
1629,1299052,HNSC,4.47261,4.568446636199951
1047,906837,HNSC,4.877527,4.743078231811523
1249,910916,HNSC,2.94505,2.424750804901123
1631,753538,HNSC,4.578233,3.7239813804626465
1912,909709,HNSC,3.70255,3.076213836669922
2045,1299052,HNSC,5.930967,5.503000736236572
1003,1240162,HNSC,-2.65046,-0.9697983860969543
1375,906837,HNSC,6.122762,5.512650966644287
1862,910904,HNSC,-0.905851,-0.8260759711265564
1190,753562,HNSC,-3.652792,-2.844111204147339
1939,753541,HNSC,1.556987,3.202942132949829
1259,753561,HNSC,3.871739,4.149951457977295
1057,1240162,HNSC,-2.012945,-1.6550052165985107
1615,910916,HNSC,4.43818,4.780705451965332
1131,1299059,HNSC,6.460189,4.328432083129883
1917,910916,HNSC,1.856537,1.923755407333374
1177,1240122,HNSC,5.554584,6.279424667358398
2110,906837,HNSC,2.814445,3.29689621925354
1912,906863,HNSC,4.497357,4.028374195098877
1091,1240162,HNSC,2.270221,1.2762678861618042
1088,907062,HNSC,1.279991,0.8696750402450562
1510,753532,HNSC,0.826423,1.3915247917175293
1553,1240162,HNSC,2.456254,2.0402867794036865
1916,1299059,HNSC,3.55063,3.920474052429199
1047,910916,HNSC,4.993255,5.053977966308594
1614,1240122,HNSC,6.134501,5.1453399658203125
1549,1240122,HNSC,3.297001,3.3994510173797607
1060,906863,HNSC,-0.196571,0.27081525325775146
2045,1240162,HNSC,6.725707,5.556730270385742
1930,1240196,HNSC,2.188073,1.468088150024414
1618,1299059,HNSC,3.972689,3.60266375541687
1598,906863,HNSC,3.852138,4.235494613647461
1931,753583,HNSC,6.423882,5.928359031677246
1372,906837,HNSC,-0.235406,-0.6471180319786072
1927,1299052,HNSC,6.013398,5.609486103057861
1912,753561,HNSC,-1.614435,-1.8063478469848633
1003,753562,HNSC,-4.417918,-3.777778148651123
1613,910916,HNSC,2.533118,3.6019232273101807
1131,907061,HNSC,3.490579,5.192008018493652
1849,909708,HNSC,-0.07645,-0.1356305480003357
1013,909709,HNSC,4.557059,4.210699558258057
2109,910936,HNSC,2.712529,1.9444706439971924
1927,909708,HNSC,3.745472,4.339118003845215
1862,1240162,HNSC,-1.75392,-0.9464262127876282
1855,907062,HNSC,5.468121,4.1666388511657715
1622,907062,HNSC,2.644503,3.2574360370635986
1179,753532,HNSC,-0.398234,0.2218780666589737
1786,1299059,HNSC,3.126256,3.983548641204834
1928,753532,HNSC,3.814669,4.402982711791992
1259,906863,HNSC,1.82322,1.2974648475646973
1576,906837,HNSC,2.215773,2.462768793106079
1563,1299052,HNSC,6.227391,6.12879753112793
1933,753562,HNSC,4.212701,3.9026074409484863
1022,1290724,HNSC,-1.238639,-0.810701310634613
1910,1298529,HNSC,3.149605,3.291942834854126
1089,753562,HNSC,3.389169,2.4271061420440674
1564,1240122,HNSC,2.602542,2.23100209236145
1010,906837,HNSC,2.320779,1.1824833154678345
1060,753532,HNSC,-0.897518,-0.9641024470329285
1576,1240122,HNSC,3.356178,3.336634397506714
1549,753583,HNSC,5.423428,4.6017889976501465
1564,1240196,HNSC,3.704615,3.7405967712402344
1560,753561,HNSC,1.539716,0.4505484700202942
1259,753562,HNSC,1.877295,1.4653246402740479
1911,1299052,HNSC,-4.777928,-3.447288751602173
1068,910911,HNSC,1.301879,1.4415338039398193
1083,753532,HNSC,3.363078,3.065413475036621
1013,909708,HNSC,1.489585,2.0770423412323
1180,753562,HNSC,-4.212328,-4.420071601867676
2047,910911,HNSC,3.119121,3.1641972064971924
1563,1240196,HNSC,6.380486,6.0705389976501465
1561,910911,HNSC,0.563781,1.04392409324646
1621,753541,HNSC,5.488958,5.227410316467285
2046,910904,HNSC,4.332781,3.6223974227905273
1054,1298529,HNSC,2.48239,4.8910627365112305
1507,924111,HNSC,4.653858,3.9833431243896484
1177,753538,HNSC,4.464804,5.053107261657715
1913,753562,HNSC,3.706687,4.203668594360352
2110,907062,HNSC,4.801246,4.610577583312988
1912,910911,HNSC,2.923469,3.9148168563842773
2043,1298529,HNSC,5.968022,5.594074249267578
1928,910911,HNSC,5.957262,6.27390193939209
1939,753562,HNSC,1.627134,3.010458469390869
1564,910911,HNSC,2.802716,2.096606969833374
1941,1299050,HNSC,-2.211797,-3.2710866928100586
1131,906863,HNSC,4.246111,5.006140232086182
1617,753583,HNSC,4.649547,3.0768227577209473
1932,1299050,HNSC,2.193543,2.052917242050171
2048,1290724,HNSC,-4.160349,-3.652836799621582
1080,1299050,HNSC,-1.994731,-1.4562926292419434
1627,910911,HNSC,2.731027,3.4643874168395996
2040,753583,HNSC,1.5183,1.6132149696350098
1598,910911,HNSC,4.361679,4.638430595397949
1799,906863,HNSC,1.904077,2.023113965988159
2111,910936,HNSC,3.635913,5.267627716064453
1625,753532,HNSC,4.65189,4.305335521697998
1916,909709,HNSC,3.737755,3.1650779247283936
1939,753561,HNSC,0.784356,2.941185712814331
1932,753562,HNSC,2.791625,1.5119519233703613
1060,1240122,HNSC,1.246461,-0.3626318573951721
1627,753532,HNSC,3.195015,2.4645040035247803
1007,906837,HNSC,-6.590403,-5.915365219116211
1615,910936,HNSC,5.104154,4.307949066162109
1010,753541,HNSC,1.373427,0.7641456127166748
1927,1240122,HNSC,4.725364,5.078134536743164
1564,1299052,HNSC,-0.977244,0.689624547958374
1032,753541,HNSC,0.878546,0.058112114667892456
1578,1299050,HNSC,5.107981,5.161083698272705
1249,909709,HNSC,5.125065,3.988654613494873
1622,1299050,HNSC,4.650244,4.220428466796875
1529,1298529,HNSC,2.411245,1.1114215850830078
1237,910911,HNSC,5.771023,5.881402015686035
1922,906863,HNSC,2.816806,1.6294009685516357
1093,907061,HNSC,4.407518,3.7688276767730713
1049,1290724,HNSC,3.667131,3.268657922744751
1004,910916,HNSC,-5.906871,-5.978989601135254
1060,910904,HNSC,0.056647,1.137068748474121
1799,753532,HNSC,5.227816,3.954620838165283
1191,909708,HNSC,-5.632931,-4.814267158508301
2044,910936,HNSC,2.388895,2.7218527793884277
2106,924111,HNSC,2.596467,2.605483055114746
2111,909709,HNSC,5.466297,5.360746383666992
1046,753532,HNSC,2.584242,1.9334235191345215
1932,1290724,HNSC,2.946294,2.321122646331787
1093,1240122,HNSC,5.371749,5.173439025878906
2107,753583,HNSC,5.870557,5.4646759033203125
1915,910911,HNSC,1.908933,0.9501282572746277
1594,1298531,HNSC,3.208763,4.828718185424805
1373,1240121,HNSC,4.682576,4.684486389160156
1199,910911,HNSC,4.133462,4.025013446807861
1919,1299059,HNSC,2.425079,2.3207807540893555
1060,1299050,HNSC,-1.104251,0.30695581436157227
1618,753538,HNSC,3.333577,3.8429529666900635
1013,1298529,HNSC,5.371444,4.419185161590576
1034,753532,HNSC,-5.814055,-4.797517776489258
1931,753562,HNSC,4.385632,4.75628662109375
1036,753532,HNSC,3.117515,3.9278717041015625
2043,909709,HNSC,5.40711,4.826766490936279
1614,1299059,HNSC,3.03155,3.51596736907959
1046,924111,HNSC,2.357129,1.89259934425354
1593,1299059,HNSC,2.0162,1.408109426498413
1624,906863,HNSC,2.056987,2.7347757816314697
1941,753561,HNSC,-4.178019,-3.3232743740081787
1862,753532,HNSC,-2.562276,-1.2780961990356445
1614,753583,HNSC,5.886412,4.775895118713379
1852,910911,HNSC,5.61856,5.317531585693359
1049,910936,HNSC,4.311377,3.264711380004883
1191,753532,HNSC,-4.843356,-4.26077127456665
1177,924111,HNSC,3.917243,2.730745792388916
2046,910916,HNSC,3.988292,2.895097255706787
1557,753583,HNSC,6.344893,4.653039455413818
1910,753562,HNSC,2.538813,2.3287441730499268
1625,909709,HNSC,4.544135,4.4113640785217285
1853,910911,HNSC,4.03658,4.392536163330078
1563,1290724,HNSC,5.676534,5.910195350646973
1553,1298531,HNSC,1.413921,3.1090989112854004
1529,1299052,HNSC,-2.493327,0.9744788408279419
1200,909708,HNSC,1.781751,2.1976585388183594
1578,906837,HNSC,4.619022,4.598584175109863
1918,1290724,HNSC,2.666771,2.566106081008911
1036,906837,HNSC,3.498004,3.1976587772369385
1047,753561,HNSC,4.690389,4.824581623077393
1507,1240196,HNSC,5.206642,5.657191753387451
1060,907061,HNSC,-0.120709,-0.044641077518463135
1578,1240122,HNSC,5.467003,5.560425758361816
1091,1240122,HNSC,2.761447,2.9497430324554443
2107,1240196,HNSC,5.607598,5.52092170715332
1053,1240196,HNSC,4.853038,4.92425012588501
1932,753541,HNSC,3.499375,3.2650034427642822
1200,910904,HNSC,3.241287,2.9901154041290283
1997,1290724,HNSC,4.250389,3.236893892288208
1626,1240162,HNSC,3.417158,2.254699468612671
1615,924111,HNSC,5.070137,4.2645087242126465
1012,907062,HNSC,2.345319,2.0622570514678955
1617,909709,HNSC,1.996566,2.252645254135132
1855,1240162,HNSC,3.740422,5.270939826965332
1375,1299050,HNSC,5.748866,5.690949440002441
1626,753562,HNSC,0.433403,0.10051560401916504
1054,1299059,HNSC,4.688657,4.0707573890686035
1911,753538,HNSC,-4.779278,-5.35837459564209
2043,753538,HNSC,5.41542,4.994770526885986
1930,753561,HNSC,-0.75793,-0.19030332565307617
1168,1298529,HNSC,3.322439,2.5509133338928223
1622,753532,HNSC,5.700325,4.469394207000732
1060,1299059,HNSC,0.439124,-0.6720674633979797
1049,1240196,HNSC,5.227455,4.88280725479126
1190,909709,HNSC,3.076756,1.9584362506866455
1510,909708,HNSC,2.771197,2.767307758331299
1006,907061,HNSC,-1.679333,0.5750734806060791
1618,907061,HNSC,2.785653,3.6102187633514404
1941,910904,HNSC,-3.800169,-3.2972588539123535
1933,909709,HNSC,5.57509,4.860121250152588
1624,907062,HNSC,5.373296,5.649797439575195
1926,753538,HNSC,1.1395,0.2857375741004944
1047,753538,HNSC,5.050501,5.827366352081299
1625,1240121,HNSC,4.777208,4.21217155456543
1924,910904,HNSC,4.412688,4.38626766204834
2107,753561,HNSC,3.909826,4.327784061431885
1003,909708,HNSC,-4.799467,-4.3101420402526855
1085,1299059,HNSC,2.576194,2.4862844944000244
1179,753561,HNSC,-0.600779,-0.12365293502807617
1928,1298529,HNSC,4.119552,5.4044575691223145
1996,909708,HNSC,2.825551,3.410346746444702
1051,924111,HNSC,-1.478197,-1.211432933807373
1011,753532,HNSC,0.376182,2.3821651935577393
1017,910911,HNSC,3.850983,4.505518913269043
1563,910916,HNSC,5.165324,5.229776859283447
1073,1299050,HNSC,5.446422,4.843577861785889
1854,1240121,HNSC,4.908065,4.301539421081543
1617,1240121,HNSC,-3.80316,0.8434046506881714
1058,1290724,HNSC,0.009355,0.18596357107162476
1237,910904,HNSC,5.084921,5.085133075714111
1908,910911,HNSC,2.491483,3.1641972064971924
2109,1240122,HNSC,4.352242,2.991999387741089
1622,910904,HNSC,4.589429,3.7673981189727783
1557,910911,HNSC,5.127062,5.02011775970459
1922,909709,HNSC,2.874454,1.9417409896850586
1939,1298529,HNSC,2.189008,2.951536178588867
1013,1240162,HNSC,4.764204,5.305548191070557
1177,906837,HNSC,3.532626,4.61885929107666
1558,1299052,HNSC,2.585507,0.2543882727622986
1598,753561,HNSC,4.375019,3.119697332382202
1853,1290724,HNSC,4.23815,4.539782524108887
1131,909708,HNSC,2.831694,4.129919052124023
2107,907061,HNSC,4.635097,4.786159038543701
1927,906837,HNSC,4.53508,4.0607008934021
1083,1290724,HNSC,4.505701,2.8855457305908203
1634,910904,HNSC,4.853165,3.7996668815612793
1799,1299050,HNSC,0.520178,0.31475305557250977
1068,1299050,HNSC,2.380467,2.2619707584381104
1199,1298529,HNSC,3.895494,3.924421787261963
1083,1240196,HNSC,4.963728,4.882111072540283
1093,910916,HNSC,3.406729,3.8230443000793457
1625,906837,HNSC,3.618285,3.6384198665618896
1936,910904,HNSC,2.332524,3.11265230178833
1617,907061,HNSC,-5.779626,1.7304553985595703
1239,1240122,HNSC,4.1465,3.8473548889160156
2046,753541,HNSC,3.984956,2.929515838623047
1191,1240162,HNSC,-4.784125,-4.746291160583496
1996,1240121,HNSC,2.907218,3.6917457580566406
1626,910936,HNSC,0.418691,0.3596316874027252
1190,753538,HNSC,-1.272903,-1.746154546737671
1510,1299050,HNSC,2.665235,3.5267322063446045
1613,753562,HNSC,2.559596,3.8233394622802734
1635,1290724,HNSC,5.49656,5.129763603210449
1372,1298529,HNSC,0.746524,1.4885990619659424
1629,924111,HNSC,3.433778,4.804775238037109
1507,1299059,HNSC,5.276445,4.989527225494385
1634,1299059,HNSC,4.573779,4.427177429199219
1060,1290724,HNSC,0.937301,2.176509380340576
1032,910911,HNSC,0.224377,-0.35201263427734375
1268,910916,HNSC,4.490386,3.7392563819885254
1053,924111,HNSC,3.017514,2.9036688804626465
1088,1299050,HNSC,5.626941,4.331186294555664
1085,1240122,HNSC,4.116323,1.7919223308563232
1549,910911,HNSC,0.48156,0.6088639497756958
1177,1240162,HNSC,6.053422,5.53532600402832
1862,910916,HNSC,-2.293537,-0.5044004321098328
1199,910936,HNSC,3.283455,2.036017417907715
1060,753561,HNSC,0.490614,0.43974050879478455
1512,753561,HNSC,5.210392,3.767416477203369
1259,910916,HNSC,1.504745,1.2700790166854858
2047,907061,HNSC,2.92196,2.151648998260498
1873,907062,HNSC,1.814639,1.4354372024536133
1373,1299050,HNSC,5.041456,4.332630157470703
1930,910904,HNSC,1.682452,0.975300669670105
1199,906837,HNSC,2.113455,2.6640172004699707
1928,1299050,HNSC,4.95553,4.45369291305542
1613,1240122,HNSC,4.14717,4.514070987701416
1089,753561,HNSC,3.593481,3.5248470306396484
1617,907062,HNSC,5.17023,2.4988908767700195
1553,753538,HNSC,2.864438,2.603325128555298
1919,910911,HNSC,0.427247,0.020189404487609863
2045,1240121,HNSC,4.569018,4.415380001068115
1925,1240121,HNSC,4.475715,4.5220255851745605
1908,1240122,HNSC,2.802009,0.929893970489502
1626,1290724,HNSC,2.675277,2.15844464302063
1510,906837,HNSC,3.661642,3.3167030811309814
1622,909709,HNSC,4.667817,3.9551475048065186
1855,753562,HNSC,2.929502,3.5918192863464355
1239,753561,HNSC,2.532882,0.9170071482658386
1618,1240122,HNSC,5.545867,4.58673095703125
1013,1240122,HNSC,5.216648,4.612417221069336
1057,1299059,HNSC,-0.507387,0.4059445559978485
1250,909709,HNSC,1.309192,1.759355068206787
1512,907061,HNSC,5.282308,4.703410625457764
1629,949094,GBM,6.05086,4.955225944519043
1598,905986,GBM,4.782229,4.439756870269775
1915,906835,GBM,4.157405,4.203092575073242
1372,687586,GBM,2.236108,1.8868234157562256
1855,687586,GBM,3.668425,4.98737096786499
1911,906839,GBM,-3.306153,-4.38454008102417
1268,905983,GBM,4.020949,5.240493297576904
1620,687590,GBM,5.16268,5.226633548736572
1916,687588,GBM,1.547084,1.71659255027771
2106,906835,GBM,5.202067,5.356389999389648
2107,687586,GBM,5.155225,5.069567680358887
1091,1240169,GBM,3.091443,2.8897581100463867
1941,910933,GBM,-5.34535,-4.513002395629883
1614,907313,GBM,2.844032,2.916167974472046
1058,946370,GBM,3.220736,1.5582141876220703
1054,946370,GBM,3.754921,4.29458475112915
1940,687562,GBM,2.4252,3.1164937019348145
1012,909905,GBM,1.626968,2.0637800693511963
1913,907313,GBM,5.005229,4.657074928283691
1617,687562,GBM,1.054198,-1.6913044452667236
2096,907313,GBM,2.531635,2.236384153366089
1060,687590,GBM,0.389404,1.7429072856903076
1576,906873,GBM,2.674645,2.0498874187469482
1046,687590,GBM,2.704929,3.344040870666504
1615,946370,GBM,3.755366,4.801901340484619
1512,907313,GBM,5.515533,5.1701202392578125
1529,1240169,GBM,-0.130813,2.4339094161987305
1862,906839,GBM,-2.154009,-1.8429663181304932
1629,687562,GBM,3.736925,4.259526252746582
1375,906835,GBM,8.705989,7.552787780761719
1088,949094,GBM,1.723151,1.9365673065185547
1630,946370,GBM,2.405395,3.2425026893615723
1168,910933,GBM,2.192386,2.5312938690185547
1786,687563,GBM,0.123903,2.5941309928894043
1022,910933,GBM,0.44477,0.8487088680267334
1054,1240169,GBM,6.17023,5.168674468994141
1852,906746,GBM,5.931649,5.544552326202393
1058,687590,GBM,1.178558,1.5950279235839844
2043,949094,GBM,5.455144,5.0613908767700195
1085,687586,GBM,2.750255,2.932267189025879
1910,946370,GBM,2.174643,2.9633607864379883
1054,687590,GBM,3.771861,4.516898155212402
1003,907313,GBM,-0.966944,-0.8131614327430725
1931,1240169,GBM,6.312724,5.802657127380371
1034,1240169,GBM,-1.506439,-2.588773012161255
1510,909905,GBM,4.836929,4.953530311584473
1924,946370,GBM,4.050046,4.423665523529053
1553,905983,GBM,3.649614,3.1301584243774414
1626,910933,GBM,2.459548,2.177704334259033
1925,910694,GBM,6.25636,5.827955722808838
1625,946370,GBM,3.352856,4.493663311004639
1011,1240169,GBM,2.223571,3.2627460956573486
1635,1240169,GBM,5.851087,5.182415008544922
1854,687568,GBM,5.37605,5.307921886444092
1013,687590,GBM,4.582102,3.7684779167175293
1561,905983,GBM,4.04101,4.781239986419678
1613,910694,GBM,5.254585,5.14788293838501
1913,910933,GBM,5.31789,4.078304290771484
1007,687561,GBM,-5.157606,-5.8117356300354
1053,906835,GBM,6.891053,5.318008899688721
1922,910943,GBM,1.010111,1.5189485549926758
1578,687562,GBM,4.4687,4.586434841156006
1635,906835,GBM,7.299394,7.198362350463867
1593,946368,GBM,2.753091,2.6378889083862305
1510,1240168,GBM,3.732959,3.9577035903930664
1576,906746,GBM,2.882552,3.3053245544433594
1051,949094,GBM,0.632728,1.6751141548156738
2096,687561,GBM,2.899096,3.2617599964141846
1006,910943,GBM,3.83877,3.831986904144287
1250,687568,GBM,1.777728,2.904909133911133
1615,906746,GBM,5.406961,5.316678047180176
1613,909905,GBM,4.696849,3.59659481048584
1091,946368,GBM,1.696425,2.2895941734313965
1199,687562,GBM,2.683838,2.786642551422119
1631,906835,GBM,6.275139,6.018006324768066
1549,905986,GBM,4.485604,4.930373191833496
2045,906835,GBM,6.68385,6.451735973358154
1249,909905,GBM,5.088515,3.2602996826171875
2107,687563,GBM,5.408516,5.019015789031982
1191,1240169,GBM,-5.233835,-4.8364973068237305
1036,906839,GBM,4.52885,5.2478413581848145
1873,1240169,GBM,1.875479,1.8656322956085205
1180,946370,GBM,-3.859534,-2.2682740688323975
1011,909729,GBM,3.022759,2.5380337238311768
1553,907313,GBM,2.35336,2.9047036170959473
2110,949094,GBM,4.843432,4.654147148132324
1003,905983,GBM,-3.235664,-1.6242947578430176
1849,1240169,GBM,0.78294,-0.10862734913825989
1060,946368,GBM,1.169548,0.8769651651382446
1928,906839,GBM,5.328157,4.821737289428711
1930,909745,GBM,0.115887,-0.23605400323867798
1578,687588,GBM,5.075743,5.5164337158203125
1006,1240169,GBM,4.463365,4.095182418823242
1854,906873,GBM,4.110467,3.705315113067627
1854,906746,GBM,5.988337,5.6424479484558105
1936,949094,GBM,3.422224,2.6423230171203613
1006,909745,GBM,2.67302,2.557603120803833
1007,687568,GBM,-3.961724,-3.457728624343872
2106,687586,GBM,3.122445,2.583096742630005
1618,909729,GBM,3.141213,4.095965385437012
2110,906835,GBM,6.942551,6.678317070007324
1634,687590,GBM,3.501643,3.959414482116699
1630,910933,GBM,2.795368,2.8682703971862793
1564,687588,GBM,4.147571,4.1758856773376465
1849,946368,GBM,0.170654,-0.4368637204170227
1617,909745,GBM,5.795953,3.3845510482788086
1799,909745,GBM,5.345367,4.769360065460205
1932,687590,GBM,2.217276,3.5635666847229004
1022,906746,GBM,-0.144652,0.14104411005973816
2040,909729,GBM,2.691044,0.8675690293312073
2040,910694,GBM,1.99621,2.715841054916382
2045,946368,GBM,5.406923,4.6059064865112305
1191,687588,GBM,-5.250825,-4.546734809875488
1529,1240168,GBM,-1.612154,-0.030382394790649414
1614,906873,GBM,1.75843,2.2661728858947754
1615,949094,GBM,5.317201,4.603971004486084
1928,687563,GBM,2.928819,4.269288539886475
1997,687563,GBM,3.73066,3.606734275817871
1936,687588,GBM,1.358001,2.1664235591888428
1855,910933,GBM,5.853039,4.484902381896973
1053,949094,GBM,3.398094,3.4261422157287598
1549,1240168,GBM,4.00655,4.541695594787598
1004,946368,GBM,-3.946907,-3.8370046615600586
1855,910694,GBM,6.444631,6.8058390617370605
1268,687561,GBM,3.916266,4.508179187774658
1237,910694,GBM,5.983711,5.610830307006836
1507,946368,GBM,4.877816,4.362723350524902
1916,687562,GBM,2.019581,1.7780733108520508
2043,906839,GBM,5.66628,5.235250949859619
1180,687561,GBM,-3.422078,-3.0279836654663086
1177,910943,GBM,5.918921,5.742163181304932
1268,687590,GBM,3.688991,4.3325371742248535
1199,1240169,GBM,4.010776,4.5712175369262695
1093,906873,GBM,3.538479,4.0794501304626465
1372,905983,GBM,0.773037,2.320094585418701
1046,687586,GBM,1.797191,1.7009620666503906
1012,909745,GBM,2.561899,2.616834878921509
1933,907313,GBM,5.565105,5.141505241394043
1549,906835,GBM,6.570561,6.742849826812744
1634,906839,GBM,4.973521,4.635096549987793
1928,687561,GBM,4.006147,4.156845569610596
1560,910943,GBM,4.679509,4.054201602935791
1058,687562,GBM,0.59081,0.560293436050415
2111,949094,GBM,5.124212,4.968520164489746
1180,949094,GBM,-2.930826,-3.716695785522461
1199,946368,GBM,3.360943,3.8434996604919434
1918,687568,GBM,5.215823,2.704291820526123
2044,910694,GBM,4.260249,4.161076068878174
1635,687586,GBM,4.757254,4.783074855804443
1168,687568,GBM,2.322514,3.4797558784484863
1073,909729,GBM,7.040748,5.640776634216309
1925,946370,GBM,5.255645,4.878856658935547
1068,909745,GBM,1.660225,1.3981077671051025
1250,687563,GBM,0.374855,1.4687929153442383
1179,909745,GBM,1.434901,1.1100590229034424
1932,687561,GBM,1.889513,2.7277114391326904
1922,909905,GBM,1.041467,1.3762633800506592
1073,906746,GBM,6.072593,4.737232208251953
1996,909905,GBM,4.723382,3.665459394454956
1852,905986,GBM,4.579452,5.355045795440674
1017,906746,GBM,4.741885,4.091806888580322
1006,687561,GBM,1.035739,1.226943016052246
1034,687590,GBM,-1.592331,-2.7726874351501465
1250,949094,GBM,1.551107,1.2763711214065552
1620,910933,GBM,3.37318,4.0823073387146
1561,910943,GBM,2.606528,2.188933849334717
2047,909745,GBM,3.393415,3.5905206203460693
1621,909745,GBM,5.071293,5.53360652923584
1010,907313,GBM,3.772451,3.620793581008911
1922,687561,GBM,0.298115,1.3306608200073242
2096,946368,GBM,3.526923,3.0570743083953857
1004,687563,GBM,-5.163714,-4.744983673095703
1003,906873,GBM,-4.526351,-3.597533702850342
1088,910694,GBM,5.78152,4.981040954589844
1375,905986,GBM,7.126576,6.008123397827148
1511,905983,GBM,-1.339926,-0.8516773581504822
1593,906873,GBM,1.955579,1.475820541381836
1032,949094,GBM,2.115755,2.5047829151153564
1047,1240170,GBM,3.886455,4.20153284072876
2044,910933,GBM,3.160237,3.216233730316162
1034,906839,GBM,-5.64581,-4.03054141998291
1057,687586,GBM,-2.106975,-2.032749891281128
2048,1240169,GBM,-1.643079,-0.839232861995697
1057,687568,GBM,-2.000768,-0.8228796124458313
1237,907313,GBM,5.682419,5.082542896270752
1011,910933,GBM,1.169639,3.1472229957580566
1598,910943,GBM,4.997054,5.540369033813477
1618,687588,GBM,4.277104,5.166721820831299
1996,687568,GBM,4.171236,2.8475236892700195
1558,687590,GBM,3.86302,3.978672742843628
1941,687586,GBM,-2.697275,-4.208231449127197
1022,906835,GBM,2.152438,3.237112522125244
1927,687586,GBM,4.379447,5.156370162963867
1922,687590,GBM,1.804136,2.347998857498169
1613,949094,GBM,4.576681,4.470691680908203
1925,687586,GBM,5.089747,5.076200008392334
1625,906835,GBM,5.8263,7.201380729675293
1627,687563,GBM,2.615911,2.576166868209839
1940,906835,GBM,4.20411,3.9274327754974365
1511,687563,GBM,-2.864421,-2.2880492210388184
1093,1240168,GBM,3.457755,4.094109535217285
1060,687561,GBM,1.961409,1.712313175201416
1073,910943,GBM,7.269407,7.052681922912598
1615,909745,GBM,5.642154,5.317915439605713
1003,687590,GBM,-2.951987,-1.5909597873687744
1621,905983,GBM,4.601826,5.682903289794922
1239,1240169,GBM,3.946415,3.1272664070129395
1510,906835,GBM,7.257546,6.661699295043945
1529,687563,GBM,-2.297319,-0.5097706317901611
2043,1240168,GBM,5.506541,4.676918983459473
1931,909745,GBM,5.717687,5.558847427368164
1917,909729,GBM,2.597585,2.9556005001068115
1003,687568,GBM,-3.149507,-2.0364797115325928
1084,1240169,GBM,-0.09071,-0.5829229950904846
2096,949094,GBM,2.9423,3.7260258197784424
2044,906746,GBM,4.376487,3.121300458908081
1564,687563,GBM,2.097775,2.4937963485717773
2109,687588,GBM,2.797482,2.5311732292175293
2111,906835,GBM,5.798611,7.304619312286377
2110,905986,GBM,4.611258,4.854101657867432
1375,946368,GBM,5.804988,6.2080278396606445
1200,910943,GBM,4.02928,3.3232758045196533
1083,687590,GBM,4.231297,3.325981616973877
1629,687586,GBM,4.695035,4.263004779815674
1017,687568,GBM,4.371057,3.094210386276245
1996,687586,GBM,4.832434,4.090948581695557
1085,906835,GBM,4.846905,5.100876808166504
1036,906835,GBM,3.192421,4.54099702835083
1854,909905,GBM,4.990304,4.475679874420166
1939,910694,GBM,3.898376,4.1782073974609375
1613,687562,GBM,2.736596,3.1812524795532227
1560,906873,GBM,2.484118,3.0411272048950195
1634,910943,GBM,5.932531,5.326298713684082
1625,946368,GBM,5.500907,4.738004684448242
1013,905986,GBM,4.611911,4.417818546295166
1626,687563,GBM,1.846514,2.3498551845550537
1557,910933,GBM,4.64654,3.3656177520751953
1927,1240169,GBM,5.458931,5.384061336517334
1249,910694,GBM,5.852627,5.861048698425293
1010,687563,GBM,2.810122,3.0813698768615723
1512,687563,GBM,5.374639,4.656832695007324
1177,906873,GBM,3.03452,3.031348705291748
1635,1240168,GBM,5.250033,5.161280632019043
1068,949094,GBM,1.692859,0.47610533237457275
1373,905983,GBM,5.273337,5.676403999328613
1058,687563,GBM,0.929908,1.2898563146591187
1179,946370,GBM,3.800863,1.7622957229614258
1918,687586,GBM,2.770508,3.0246336460113525
1091,909729,GBM,2.407895,1.767268180847168
1626,687561,GBM,2.329908,1.348271369934082
1578,910694,GBM,4.99919,5.911568641662598
1626,910694,GBM,3.048065,4.01894474029541
1007,906839,GBM,-3.67161,-3.355592966079712
1177,687590,GBM,3.482321,4.529491901397705
1036,687562,GBM,2.947504,2.935779333114624
2048,910694,GBM,0.258566,1.9707367420196533
1047,909729,GBM,5.795672,6.116436958312988
1908,687563,GBM,2.845284,2.3582098484039307
1131,910694,GBM,6.846442,4.989760875701904
1013,687586,GBM,3.204768,3.7040646076202393
1131,687562,GBM,2.928183,3.1738786697387695
1913,949094,GBM,5.114442,4.3223066329956055
1561,905986,GBM,3.685859,3.7793686389923096
1177,906839,GBM,5.804205,4.819685459136963
1268,687588,GBM,5.196722,4.903289794921875
1249,906839,GBM,5.221747,4.990246772766113
1598,906746,GBM,5.352958,5.399292945861816
1200,910933,GBM,2.89007,1.894860029220581
1927,909729,GBM,5.345457,4.796288967132568
2109,906839,GBM,2.660006,1.592766523361206
2107,905983,GBM,6.146713,5.693942546844482
1629,946368,GBM,4.744556,4.38962459564209
1916,946368,GBM,3.501636,2.4450597763061523
1049,906746,GBM,4.795994,5.133403778076172
1615,946368,GBM,4.730131,4.953711032867432
1912,910933,GBM,4.553569,2.9890429973602295
1372,909729,GBM,2.139187,2.6522152423858643
1913,906839,GBM,4.7238,4.7154927253723145
1624,909729,GBM,4.981713,3.4357614517211914
1005,909905,GBM,2.62206,3.64652681350708
1553,906746,GBM,3.137654,2.826639413833618
1034,687563,GBM,-4.700076,-3.4315989017486572
1007,905986,GBM,-3.934258,-4.687079906463623
1012,1240168,GBM,1.220311,1.7105348110198975
1250,1240168,GBM,2.152366,1.349722146987915
1928,909745,GBM,4.699,5.142806529998779
1007,1240170,GBM,-5.110318,-5.380607604980469
1627,949094,GBM,2.687645,2.3933653831481934
2106,687590,GBM,4.169593,2.213968276977539
1996,946368,GBM,2.908007,3.6348772048950195
1191,687568,GBM,-5.037246,-4.513319969177246
1068,909905,GBM,1.368769,0.7474871277809143
1613,1240169,GBM,3.72947,3.8569862842559814
2040,1240169,GBM,3.036633,1.646078109741211
2046,687561,GBM,2.373217,2.4167439937591553
2109,687563,GBM,1.080876,1.4678676128387451
1620,910694,GBM,5.982501,5.751259803771973
1553,909729,GBM,2.480396,2.266806125640869
1083,906835,GBM,6.328229,5.428203582763672
1917,910943,GBM,2.372956,2.5735630989074707
1068,906839,GBM,0.854293,1.8330097198486328
1849,687562,GBM,-2.079944,-1.390610933303833
1073,687586,GBM,4.802335,4.674759387969971
1091,909905,GBM,2.590895,2.017620325088501
1564,1240168,GBM,3.281884,3.6136574745178223
1855,687590,GBM,5.508148,5.518772125244141
1629,906839,GBM,5.985138,5.333022117614746
1622,907313,GBM,4.744015,4.570329189300537
1933,687562,GBM,2.830702,3.0598998069763184
1916,907313,GBM,3.553459,3.5732808113098145
1618,906873,GBM,2.974875,2.337221145629883
1058,946368,GBM,1.786015,1.3561344146728516
1621,906839,GBM,5.206039,4.593827724456787
1909,909905,GBM,2.086515,2.387725830078125
1941,946370,GBM,-2.854919,-4.052795886993408
1927,687562,GBM,3.910461,4.20001220703125
1560,909745,GBM,4.488974,3.3400962352752686
1003,687586,GBM,-2.376573,-2.1383166313171387
1046,949094,GBM,2.126003,2.175692081451416
1862,949094,GBM,-1.854238,-2.46785831451416
1918,910933,GBM,5.155015,4.177232265472412
1507,906746,GBM,5.489934,5.490208625793457
1926,1240168,GBM,0.046968,-0.2120775580406189
1854,905983,GBM,5.262894,5.762115001678467
1928,909905,GBM,3.93571,4.3090362548828125
1910,949094,GBM,3.790514,3.2015793323516846
1915,1240170,GBM,2.724024,2.927342414855957
1621,687568,GBM,5.997064,5.309003829956055
1085,906746,GBM,3.387845,3.6523401737213135
1180,687588,GBM,-1.627068,-1.5547330379486084
1032,907313,GBM,2.303476,2.5889766216278076
1621,906835,GBM,7.459167,6.606874942779541
1911,906835,GBM,-3.065024,-2.4885334968566895
1179,949094,GBM,0.832076,1.4524354934692383
2047,910694,GBM,4.400421,4.763605117797852
1936,946370,GBM,2.571905,2.1073505878448486
1917,687561,GBM,1.565993,1.2016606330871582
2110,905983,GBM,5.848319,4.864273548126221
1910,910943,GBM,4.799656,3.6905665397644043
1013,1240168,GBM,4.440879,2.8930022716522217
1549,906873,GBM,1.007243,2.4800145626068115
1259,909729,GBM,2.739752,3.794706106185913
1617,910933,GBM,2.906692,2.997915506362915
1049,687568,GBM,2.733833,3.7380776405334473
1936,909745,GBM,3.011939,2.9278135299682617
1084,909905,GBM,-2.983022,-3.5311167240142822
1855,909745,GBM,2.754796,6.441911697387695
1925,687562,GBM,3.284648,4.211501121520996
1932,909905,GBM,3.908854,2.8437352180480957
1549,946370,GBM,4.716829,4.156730651855469
1268,905986,GBM,4.117861,4.718863010406494
1617,906839,GBM,1.238682,1.5207886695861816
1626,906746,GBM,3.266281,3.1056506633758545
1627,687588,GBM,2.047484,3.537790060043335
2044,949094,GBM,2.620511,2.9100444316864014
1598,687568,GBM,4.587184,3.6306333541870117
1593,1240169,GBM,5.251518,3.1369359493255615
1091,905986,GBM,2.840365,3.210888147354126
1622,906839,GBM,5.936697,5.0063395500183105
1237,946370,GBM,4.70371,4.96904182434082
1932,906746,GBM,4.54109,3.662987470626831
2047,907313,GBM,0.600475,2.6711177825927734
1060,687586,GBM,1.26336,2.009920120239258
1046,1240169,GBM,2.3445,3.480302572250366
2044,906835,GBM,7.411379,5.078431606292725
2107,906839,GBM,5.85739,5.71168327331543
1578,949094,GBM,5.425621,5.285328388214111
1630,910694,GBM,4.535882,4.594366073608398
1930,946368,GBM,-0.060027,-0.13005557656288147
1933,906746,GBM,6.03345,5.6381025314331055
1268,906873,GBM,4.817344,3.6748852729797363
1996,687588,GBM,3.652039,3.1772854328155518
1010,906746,GBM,4.075871,4.698141574859619
1191,906746,GBM,-3.582454,-4.5564117431640625
1622,906873,GBM,3.490708,4.153775215148926
1200,906835,GBM,4.738996,4.810296058654785
1557,1240169,GBM,4.976561,4.978667736053467
1032,946368,GBM,2.994719,2.5975964069366455
1626,905983,GBM,2.790187,3.1641504764556885
1855,906746,GBM,5.442067,6.0708537101745605
1939,687563,GBM,3.591861,2.4927005767822266
1250,687561,GBM,1.071731,0.2794393002986908
1924,1240169,GBM,5.696686,5.276188373565674
1004,909905,GBM,-5.48237,-4.379948139190674
1560,910933,GBM,4.113645,4.637358665466309
1529,687562,GBM,-1.157841,-1.0680515766143799
1624,905986,GBM,4.961639,4.937982082366943
1873,906746,GBM,0.582938,0.6188597679138184
2048,910933,GBM,-2.444084,-3.543503999710083
1909,687561,GBM,2.773902,2.086062431335449
1631,909729,GBM,3.138651,4.047970294952393
1620,687588,GBM,5.755334,6.180963516235352
1089,905986,GBM,3.583559,4.899446487426758
1559,906839,GBM,-1.196249,-2.292314291000366
1250,1240169,GBM,3.860353,3.020488977432251
1578,909745,GBM,5.409473,5.624906539916992
1079,909745,GBM,-2.065788,0.4157441258430481
1913,687561,GBM,4.680624,4.636105537414551
1013,1240169,GBM,5.200943,5.517343521118164
1630,687562,GBM,2.218145,1.8092217445373535
1372,687563,GBM,0.402776,0.9852695465087891
1924,687588,GBM,3.135486,3.255401372909546
1179,687562,GBM,-0.605202,-0.356523334980011
1005,687561,GBM,2.56301,1.882253885269165
1563,687562,GBM,4.469689,4.836646556854248
1073,905983,GBM,6.856577,6.796755313873291
1918,910694,GBM,3.707011,3.5958304405212402
1051,687563,GBM,1.662768,1.1543223857879639
1200,687568,GBM,3.50978,3.3297154903411865
2045,905986,GBM,3.904115,5.348808288574219
1563,1240169,GBM,5.780302,5.789997577667236
1060,1240168,GBM,1.640216,1.6275498867034912
1017,906835,GBM,6.893261,5.922525405883789
1034,946368,GBM,-4.582269,-4.579485893249512
1036,946368,GBM,4.193753,4.59782600402832
1168,905983,GBM,2.881422,3.410949945449829
2043,946368,GBM,4.824875,4.746896743774414
1926,909729,GBM,-0.161182,-0.25902044773101807
2043,909729,GBM,4.506484,4.736475467681885
1036,906746,GBM,6.445704,4.328467845916748
1853,905986,GBM,4.61475,4.543221473693848
1047,909745,GBM,5.950122,5.712546348571777
1237,909729,GBM,5.130576,5.283169269561768
1853,1240168,GBM,4.354859,4.0708537101745605
1563,906873,GBM,4.89437,4.762436389923096
1853,1240169,GBM,5.035827,4.587741374969482
1618,910694,GBM,4.374514,5.274663925170898
1910,910933,GBM,1.263646,3.3460094928741455
1630,906873,GBM,2.058507,1.0721688270568848
1855,946368,GBM,4.527975,5.827410697937012
1621,905986,GBM,3.8321,4.673079490661621
1917,946368,GBM,2.500078,2.4841198921203613
1559,909905,GBM,-3.876623,-3.0216617584228516
1613,910933,GBM,2.222736,3.099780321121216
1237,946368,GBM,5.295592,4.740746974945068
1630,906839,GBM,4.357882,3.9825849533081055
1563,906835,GBM,8.4349,7.855154514312744
1996,946370,GBM,3.638107,3.3749663829803467
1917,687562,GBM,0.056868,0.8694257140159607
1593,909729,GBM,3.031804,2.968148946762085
1179,909905,GBM,1.092175,0.11553023755550385
1046,1240168,GBM,1.222488,1.60756254196167
1250,906839,GBM,1.151058,1.5808384418487549
1549,910694,GBM,5.783471,4.988837242126465
1268,910943,GBM,5.365474,5.3318305015563965
1529,906835,GBM,2.739434,3.484236717224121
1190,1240169,GBM,5.247959,2.2387850284576416
1549,687568,GBM,4.45183,4.391411781311035
1873,687568,GBM,1.083447,1.5153992176055908
1913,687563,GBM,3.97204,4.116281032562256
2107,687562,GBM,4.567476,4.56647253036499
1080,687568,GBM,-0.049353,0.03892749547958374
1853,946370,GBM,4.002426,4.313995361328125
1909,946370,GBM,1.703751,2.542388677597046
1372,910694,GBM,3.879736,2.951882839202881
1093,687568,GBM,5.118772,3.7865023612976074
1598,687562,GBM,4.711453,3.7595818042755127
1046,687562,GBM,0.533867,0.602791965007782
1049,687563,GBM,1.702846,3.781022071838379
1200,905986,GBM,3.243634,3.141079902648926
1996,905986,GBM,4.820781,4.4894890785217285
1190,910943,GBM,2.496654,1.6880125999450684
1613,687590,GBM,4.917099,4.462860584259033
1375,905983,GBM,7.125711,6.494919300079346
2107,1240168,GBM,5.043862,5.1342692375183105
1854,687562,GBM,4.094175,4.051036357879639
1559,906873,GBM,-3.961972,-3.189706325531006
2044,946370,GBM,2.99447,3.3378007411956787
1191,905986,GBM,-4.716316,-4.221279144287109
2106,687561,GBM,1.638027,1.415891170501709
1855,909729,GBM,6.402967,4.864048480987549
2111,1240168,GBM,4.707867,4.508575916290283
1910,687568,GBM,2.390275,2.522918462753296
1073,687562,GBM,3.266237,3.299741744995117
1997,910694,GBM,4.317312,4.678634166717529
1563,1240168,GBM,5.096962,5.6684675216674805
1054,909745,GBM,3.045461,4.296305179595947
1511,909745,GBM,-0.631462,-0.5063484311103821
1997,949094,GBM,4.947993,3.560305595397949
1012,946368,GBM,1.567002,1.815561056137085
1079,905983,GBM,4.116827,2.1417436599731445
2046,909745,GBM,3.246354,3.2047882080078125
1051,1240169,GBM,2.859671,3.908853530883789
1131,905986,GBM,6.767206,6.632307052612305
1168,906839,GBM,2.686548,2.746046781539917
1933,687586,GBM,5.144384,5.2750749588012695
1853,687563,GBM,4.901336,3.91599178314209
2111,687586,GBM,3.16693,3.1489739418029785
1996,910933,GBM,5.28928,3.397622585296631
2110,687561,GBM,4.298847,4.217207908630371
1786,905986,GBM,2.71037,3.356376886367798
1089,906835,GBM,6.261728,7.3306427001953125
1621,687562,GBM,3.360201,3.574108123779297
1553,910933,GBM,4.185524,3.6806535720825195
1627,910694,GBM,3.797587,3.828580617904663
1190,687586,GBM,1.54036,0.3077274262905121
1917,687563,GBM,1.316428,1.500793218612671
1006,907313,GBM,3.968301,2.5100603103637695
1239,1240168,GBM,1.726849,2.1646807193756104
1091,687562,GBM,1.496773,1.8426272869110107
1933,687563,GBM,2.807115,4.29877233505249
1928,910943,GBM,4.905011,4.657225131988525
1004,909745,GBM,-3.015635,-2.5111000537872314
1049,687561,GBM,3.231395,2.353390693664551
1621,1240169,GBM,5.879952,5.10103702545166
1180,905983,GBM,-1.778064,-2.4287853240966797
2043,910933,GBM,4.025219,3.962500810623169
1089,907313,GBM,3.163468,3.921888589859009
1068,905986,GBM,2.229154,1.5954580307006836
1068,687568,GBM,0.658554,1.2254835367202759
1007,907313,GBM,-2.965834,-3.4733407497406006
1003,906835,GBM,0.019731,-0.3179602026939392
1915,687562,GBM,2.716042,2.4125306606292725
1091,906835,GBM,2.359625,3.700432777404785
1199,687568,GBM,4.182661,2.1479406356811523
1237,1240168,GBM,4.43446,5.098169803619385
1053,910933,GBM,3.924327,3.9359681606292725
1011,906746,GBM,5.149743,3.536137104034424
1022,687568,GBM,1.056148,0.48298323154449463
1620,905986,GBM,5.936951,5.689920902252197
1512,946368,GBM,4.903934,4.719693183898926
2107,906746,GBM,4.599508,5.549558639526367
1873,946368,GBM,1.096854,0.908882737159729
1080,906746,GBM,-3.370545,-3.916562557220459
1372,906746,GBM,0.521416,0.6581417918205261
1614,909905,GBM,4.321388,3.4933431148529053
1919,946368,GBM,2.618021,2.091320276260376
2109,910943,GBM,2.210343,3.027834892272949
1576,687568,GBM,3.50887,3.6415398120880127
1930,687563,GBM,0.447451,-0.7004031538963318
1372,687588,GBM,1.053855,1.110177755355835
1862,907313,GBM,-1.223648,-1.6359317302703857
1786,910694,GBM,3.400256,3.823176383972168
1908,910694,GBM,5.172157,4.763605117797852
1634,687563,GBM,4.44288,4.215521812438965
1553,687563,GBM,3.689043,2.760890483856201
1919,687563,GBM,1.383786,1.4247634410858154
1564,687562,GBM,2.119173,2.710305690765381
1200,687588,GBM,3.733271,3.391594886779785
1630,946368,GBM,5.055883,4.239496231079102
1200,909745,GBM,2.912886,3.0962278842926025
1068,946368,GBM,2.084189,1.6066327095031738
1862,910943,GBM,-2.303829,-1.4026093482971191
1624,946368,GBM,2.964388,3.5463457107543945
2096,909905,GBM,4.210556,2.9180352687835693
1939,910943,GBM,2.47355,3.8881983757019043
1259,909745,GBM,2.994842,2.8338818550109863
1617,909729,GBM,-3.531485,1.2657281160354614
1259,1240169,GBM,4.1771,4.598969459533691
1034,687586,GBM,-4.450284,-4.029087066650391
1510,946370,GBM,3.83292,4.660452842712402
1054,946368,GBM,3.062617,4.3466668128967285
1852,687561,GBM,4.278323,5.103061676025391
1180,906746,GBM,-1.730864,-3.1690545082092285
1627,687561,GBM,2.905183,2.5979244709014893
1091,687563,GBM,1.872004,1.649348258972168
1190,909745,GBM,3.971133,0.9237319231033325
1529,910943,GBM,2.525515,2.464076280593872
1910,909745,GBM,3.627417,1.7835626602172852
2046,1240168,GBM,3.512556,3.3862128257751465
1624,910943,GBM,2.21787,3.2431840896606445
1529,905983,GBM,0.322806,0.9378276467323303
1168,909729,GBM,3.14595,3.211463451385498
1909,687563,GBM,2.056303,2.0220704078674316
1909,946368,GBM,2.484436,2.34968638420105
1083,687562,GBM,2.85454,2.186594247817993
1083,907313,GBM,3.377418,2.7037057876586914
1249,687588,GBM,3.926149,4.498985290527344
1563,907313,GBM,5.613354,5.360737323760986
1925,687568,GBM,5.577387,4.8716816902160645
2106,909729,GBM,2.285566,2.266806125640869
1918,946368,GBM,4.141547,3.3339948654174805
1930,687590,GBM,-0.103503,0.18239299952983856
1177,905986,GBM,4.348002,4.5825090408325195
1614,906746,GBM,5.571512,4.17918062210083
1017,687590,GBM,4.450959,4.159748554229736
1060,905983,GBM,1.496634,2.0965447425842285
1084,906835,GBM,1.410667,0.06468260288238525
1199,906839,GBM,4.104619,3.9056236743927
1179,687590,GBM,2.964692,2.653148889541626
1032,687586,GBM,2.715805,2.389760971069336
1060,910933,GBM,-1.784238,-1.4875953197479248
1237,905983,GBM,6.309547,5.755044937133789
1933,687561,GBM,3.975347,5.218088626861572
1558,910933,GBM,3.044512,3.2858686447143555
1561,687562,GBM,1.25011,1.783562183380127
1853,910933,GBM,5.294871,3.7443981170654297
1853,687588,GBM,5.572108,4.905766487121582
1250,907313,GBM,0.574802,1.170915126800537
1918,909745,GBM,1.080075,1.5448873043060303
1618,1240168,GBM,3.793389,3.7914867401123047
1941,687590,GBM,-2.606692,-3.7846169471740723
2045,687563,GBM,5.308898,4.180262088775635
2044,1240169,GBM,4.559053,4.193615913391113
1051,909729,GBM,2.187169,2.3741493225097656
1088,906873,GBM,1.058851,1.2392820119857788
1073,949094,GBM,4.381504,4.246025562286377
1996,687563,GBM,3.241845,2.728698492050171
1180,1240168,GBM,-1.932646,-2.3314173221588135
1032,1240168,GBM,2.202598,2.3745150566101074
1560,687562,GBM,2.804447,3.13934326171875
1940,687561,GBM,3.687273,3.408020257949829
1191,910933,GBM,-5.081569,-4.952589988708496
1093,687561,GBM,4.365921,3.756274938583374
1088,906746,GBM,2.515405,3.2008368968963623
1615,1240169,GBM,6.160128,5.394480228424072
2043,907313,GBM,5.441075,5.097227573394775
1939,687590,GBM,4.242828,3.441443920135498
1373,906746,GBM,6.062453,5.602059364318848
1925,906835,GBM,6.667037,7.315804481506348
1011,1240170,GBM,4.330911,2.357703924179077
1084,946368,GBM,-1.568522,-2.7293856143951416
1054,687568,GBM,4.180619,4.400407791137695
1598,687563,GBM,4.423235,3.923410177230835
1131,910943,GBM,7.114287,6.789412498474121
1013,905983,GBM,4.953558,5.19529914855957
1622,906746,GBM,5.054088,5.272405624389648
1911,910943,GBM,-3.980677,-3.728693962097168
1003,910694,GBM,1.22754,1.2005324363708496
1618,946368,GBM,4.033329,3.899660587310791
1239,910694,GBM,4.509923,4.839075088500977
1073,906839,GBM,7.150709,6.1310343742370605
1634,905983,GBM,4.732102,4.783255577087402
1373,910694,GBM,6.316184,5.6525678634643555
1004,910943,GBM,-1.481524,-0.5294710397720337
1034,906746,GBM,-2.630678,-3.908982276916504
1913,687568,GBM,6.231448,4.24390983581543
1053,909745,GBM,2.087935,2.298539161682129
1799,909905,GBM,5.378906,4.693046569824219
1051,906746,GBM,4.027324,1.27718985080719
1917,1240168,GBM,0.696092,2.12673282623291
1091,905983,GBM,3.779931,3.329960584640503
1060,906746,GBM,-0.332264,1.3887131214141846
1239,905983,GBM,2.315932,3.4947521686553955
1200,687590,GBM,2.927062,2.6605846881866455
1013,949094,GBM,4.421203,3.8578414916992188
1179,906746,GBM,1.644415,0.9380276203155518
1849,909745,GBM,-0.081534,0.5650384426116943
1932,906835,GBM,6.015028,5.832362651824951
1068,906835,GBM,2.974981,3.224442720413208
1051,946368,GBM,2.058695,3.1164026260375977
1855,687562,GBM,2.94416,3.2668683528900146
1250,687562,GBM,1.248897,0.6875998377799988
1598,909745,GBM,4.321073,5.031618595123291
1053,687563,GBM,3.788201,3.3560099601745605
1919,909905,GBM,1.424898,1.9700255393981934
1079,906839,GBM,0.330326,0.15494763851165771
2048,907313,GBM,-2.689022,-2.5512988567352295
1557,905983,GBM,6.04908,5.211605548858643
1936,906746,GBM,1.686627,2.8961782455444336
1093,909905,GBM,4.418833,4.313689708709717
1922,910933,GBM,2.296884,2.4965553283691406
1057,905986,GBM,-0.478699,-0.2540750503540039
1022,906839,GBM,1.092295,1.036525011062622
1034,905986,GBM,-3.577456,-2.644021511077881
1862,946370,GBM,-1.695082,-1.5015432834625244
1529,909745,GBM,1.182058,1.563509225845337
1022,909905,GBM,0.057538,-0.03802132606506348
1068,910933,GBM,0.682431,0.423888236284256
1560,687561,GBM,2.992025,2.8994386196136475
1627,946370,GBM,2.088357,2.7168824672698975
2046,910694,GBM,3.598546,4.235492706298828
1088,906835,GBM,4.554526,5.572913646697998
1560,906839,GBM,4.585211,4.858621597290039
1529,906839,GBM,1.156522,2.880539655685425
1199,907313,GBM,4.876618,4.123588562011719
1799,906835,GBM,7.374754,7.6443986892700195
1621,910943,GBM,6.529441,6.156826019287109
1626,1240169,GBM,3.605821,3.527113437652588
1511,909905,GBM,-0.766014,-0.8723675608634949
1068,905983,GBM,1.231859,1.780829668045044
1908,949094,GBM,4.345149,3.846369743347168
1512,911905,OV,6.835183,7.012365818023682
1560,1240222,OV,4.872636,3.1973929405212402
1558,949090,OV,1.708523,2.2570815086364746
1625,1298365,OV,4.272639,5.098185062408447
1083,911905,OV,6.171354,5.811832427978516
1927,1240198,OV,5.685256,5.4730658531188965
1013,905968,OV,4.350499,2.3653533458709717
1618,1240200,OV,4.880134,4.3358588218688965
1006,1240222,OV,0.904088,-0.7254498600959778
1625,905968,OV,5.174773,3.927081346511841
2046,905969,OV,5.107395,3.5296480655670166
2043,905969,OV,6.254935,6.991312503814697
1996,905933,OV,2.408263,3.647278308868408
1618,911905,OV,6.5837,4.801488876342773
1068,946360,OV,1.826629,2.068035125732422
1626,1479987,OV,1.480184,1.736290693283081
2110,909257,OV,4.189332,4.126310348510742
1852,905959,OV,7.137068,6.902602672576904
1629,905968,OV,3.760838,4.335070610046387
1924,905990,OV,5.864217,5.904052734375
1046,905933,OV,2.079458,1.9159915447235107
1614,1299070,OV,3.693085,2.4937527179718018
1626,1480364,OV,1.108961,2.728996753692627
1190,909753,OV,2.261586,2.0025410652160645
2110,910548,OV,4.979643,5.463716506958008
1507,1240200,OV,6.368549,5.122783184051514
1085,911905,OV,5.863627,5.734077453613281
2107,1240199,OV,7.509922,8.33034896850586
1930,949090,OV,-0.694749,-0.3431394100189209
1933,1480364,OV,5.671866,6.1602325439453125
1931,1240222,OV,4.139088,5.178244590759277
1006,1240197,OV,3.265192,2.3036046028137207
1786,1240198,OV,3.996878,3.983639717102051
1084,911905,OV,-1.150459,0.07449683547019958
1560,905969,OV,1.951474,4.23787784576416
1557,905959,OV,4.302778,6.067043781280518
1560,1480372,OV,3.837638,4.722010135650635
1910,1479987,OV,0.973049,3.29404878616333
1372,946360,OV,1.902646,1.7328095436096191
1177,909753,OV,5.419552,4.951557159423828
1006,1480362,OV,4.669351,2.4364421367645264
1032,1480372,OV,2.51212,2.9280049800872803
2106,909257,OV,2.41892,1.6861770153045654
1068,905959,OV,5.05943,2.2860195636749268
1034,905990,OV,-1.603116,-1.4023189544677734
1799,910548,OV,5.134294,5.681039333343506
1006,1480364,OV,4.341844,3.5443167686462402
2044,909753,OV,4.399987,6.363624095916748
1089,905990,OV,4.989001,5.109737873077393
1852,1240200,OV,6.522498,5.9690961837768555
1510,1240222,OV,5.615009,4.481694221496582
1088,1299070,OV,1.222917,0.3077632784843445
1268,911905,OV,6.186473,5.559279441833496
1054,1480362,OV,5.156502,5.007714748382568
1022,905969,OV,-0.208324,0.547579824924469
1079,1480372,OV,1.746716,1.045231819152832
1083,905959,OV,5.595876,4.491887092590332
1594,1480372,OV,6.009152,5.371068954467773
1564,1240197,OV,-0.201539,0.9965748190879822
1996,1298365,OV,6.115024,5.345935821533203
1917,1480364,OV,2.708271,3.1425962448120117
1786,1298365,OV,4.702641,3.812962532043457
1250,911905,OV,3.69382,3.607393264770508
1617,911905,OV,-0.72144,6.207329273223877
1873,1479987,OV,1.202147,0.7702339887619019
1003,909753,OV,-0.608,-0.2109088897705078
1049,905968,OV,2.889765,2.820319414138794
2044,909257,OV,2.421976,2.501319408416748
1091,905969,OV,1.893284,1.6573066711425781
1930,1480364,OV,4.421977,2.8332672119140625
1049,1299070,OV,3.760783,3.207693099975586
2106,905959,OV,3.268222,1.6564087867736816
1190,905933,OV,2.826877,2.1509690284729004
1083,1299070,OV,2.728935,2.994687795639038
1931,911905,OV,7.557141,7.166726112365723
1615,910548,OV,6.107888,5.578996181488037
1629,1298365,OV,5.118231,5.390671253204346
1915,905933,OV,2.619116,2.6859445571899414
1561,905969,OV,1.133822,2.167731523513794
1908,905990,OV,3.717752,3.682072162628174
1058,1298365,OV,0.116582,0.4871198236942291
1085,910548,OV,3.119887,3.656162738800049
1036,1480371,OV,5.282943,5.312176704406738
1032,1240199,OV,2.983873,2.7963802814483643
1799,1299070,OV,3.658956,3.55088210105896
1939,905933,OV,2.080824,2.592926263809204
1259,905959,OV,3.447949,3.765350818634033
1936,909753,OV,4.197875,3.3932456970214844
1933,905959,OV,7.026792,6.9184250831604
1007,905959,OV,-2.930467,-2.876192331314087
1634,905990,OV,4.981056,4.3192830085754395
1786,1240200,OV,4.404392,4.586192607879639
1012,949090,OV,1.031442,1.2946250438690186
1036,905990,OV,5.854402,5.6427388191223145
1786,905969,OV,4.565816,5.5314836502075195
1058,1240197,OV,3.314692,2.834282398223877
1372,949090,OV,-3.270726,-0.19387304782867432
1622,1480364,OV,4.804122,4.543055057525635
1003,1240197,OV,-1.552601,-1.319321632385254
1594,905968,OV,3.814182,2.677502393722534
1927,1298365,OV,5.920001,5.597470283508301
1191,946360,OV,-5.294866,-4.015270233154297
1004,1299070,OV,-5.680986,-4.993465900421143
1200,905991,OV,1.808069,2.342013120651245
1855,946360,OV,6.73401,5.976362705230713
1058,1240129,OV,1.099814,1.8755462169647217
2047,1480362,OV,5.033572,4.440526008605957
1629,909753,OV,4.10649,4.584935188293457
1618,1480364,OV,3.923297,5.195520401000977
1941,1479988,OV,-4.323204,-4.792651653289795
1919,1298365,OV,1.984265,0.6925389766693115
1614,1479988,OV,5.505404,4.468914985656738
2106,1240200,OV,3.40855,4.160689353942871
1046,1240222,OV,1.290273,1.832219123840332
1073,949090,OV,5.384937,6.2480998039245605
1073,905959,OV,4.690067,7.023223400115967
1578,905969,OV,5.769263,5.900250434875488
1054,1298365,OV,2.657555,2.7275521755218506
1940,946360,OV,3.335142,3.2736620903015137
1190,946360,OV,1.614151,0.23763690888881683
1927,905969,OV,5.715669,6.464797496795654
1373,1240199,OV,7.194942,7.623148441314697
1073,909257,OV,3.188337,3.0393226146698
1560,1480362,OV,6.326376,5.797091484069824
1622,909753,OV,3.210119,4.497167587280273
1910,1298365,OV,4.172967,4.319375991821289
1022,949090,OV,-0.784643,-0.26384103298187256
1919,1480372,OV,2.763625,2.6562037467956543
2096,905959,OV,5.650818,5.057857990264893
1011,1479987,OV,1.122759,2.4028480052948
1529,909257,OV,-1.492453,-0.8768386244773865
1168,911905,OV,4.117966,3.984731435775757
1259,909753,OV,6.575955,5.299671649932861
1011,1240198,OV,-0.917521,2.307119607925415
1799,1240200,OV,2.564885,1.9321348667144775
1564,1480362,OV,6.136991,6.073686599731445
1930,1480372,OV,2.879869,1.4845094680786133
1005,1480372,OV,4.627478,5.03010892868042
1011,946360,OV,-0.578024,1.2284479141235352
1928,1480364,OV,5.121905,5.4601030349731445
1911,1480364,OV,-3.014792,-3.652834415435791
1925,1240200,OV,6.286392,5.83146333694458
1010,946360,OV,3.622026,4.260751247406006
1553,909753,OV,3.765796,4.783385276794434
1997,911905,OV,4.566885,7.114573955535889
1004,905968,OV,-3.875169,-4.701719760894775
1003,1240129,OV,1.994484,1.3591341972351074
1089,1480372,OV,6.631862,6.156619548797607
1928,949090,OV,4.48937,4.286791801452637
1068,1240222,OV,0.456205,1.4998581409454346
1054,905959,OV,5.705969,5.956360340118408
1553,1240222,OV,-0.591197,0.1240532398223877
1372,910548,OV,2.385439,2.659442901611328
1085,905990,OV,2.734884,3.5345635414123535
1933,911905,OV,7.897034,8.527283668518066
2109,905969,OV,5.199257,3.567844867706299
1200,1240198,OV,3.404067,3.163626194000244
1598,909753,OV,4.713191,4.145325660705566
1617,1479987,OV,2.019691,0.6938207149505615
1239,1479988,OV,2.867153,2.0947751998901367
2045,1240222,OV,5.638848,3.988172769546509
1928,1480362,OV,5.618466,5.51339864730835
1372,1240200,OV,-1.673085,-0.5643481016159058
1852,905990,OV,5.826703,6.006461143493652
1996,905959,OV,4.756486,5.403743267059326
1013,905990,OV,4.144057,4.211231231689453
1259,911905,OV,5.418868,5.363046646118164
1631,905933,OV,5.69568,4.679250717163086
1939,909257,OV,2.075373,2.6000494956970215
2109,1479988,OV,2.936071,2.505040168762207
1022,905990,OV,1.524011,1.3190181255340576
1941,910548,OV,-1.699344,-2.8464057445526123
1511,1479987,OV,-2.469422,-2.5504403114318848
1598,1240129,OV,6.03178,5.008943557739258
1997,1240198,OV,0.692473,3.4880313873291016
1909,1240200,OV,3.079671,2.2406084537506104
1237,1480362,OV,5.77442,5.8736653327941895
1593,1479987,OV,2.964836,1.8265957832336426
1939,1480364,OV,5.240163,6.376101016998291
1091,911905,OV,2.49453,2.5339713096618652
1918,1298365,OV,1.735205,2.552826404571533
1003,905969,OV,0.809877,-0.22033613920211792
1190,1240222,OV,1.361754,-2.878756284713745
1615,1240198,OV,5.047667,5.40234899520874
1627,905933,OV,3.486601,2.953068733215332
1576,1480372,OV,3.873062,3.6247870922088623
1928,1240200,OV,5.704275,5.333841323852539
1621,905933,OV,4.48346,4.801244258880615
1200,949090,OV,3.38552,2.6517038345336914
1912,910548,OV,2.082559,2.3673095703125
1553,905969,OV,2.802933,3.19417667388916
1615,1298365,OV,5.473201,5.555822372436523
1916,905968,OV,-0.588999,-1.6676182746887207
1908,905991,OV,2.057944,2.4570987224578857
1559,1240200,OV,-0.572764,-1.5238218307495117
1909,905990,OV,2.360139,2.4954841136932373
1051,1298365,OV,3.526156,1.9899013042449951
1626,905990,OV,4.210259,4.20850944519043
1091,1299070,OV,3.07067,2.180217981338501
1622,1299070,OV,3.391283,3.188345193862915
1373,910548,OV,5.906228,6.6721930503845215
1928,946360,OV,5.262157,5.847513198852539
1634,905959,OV,6.798217,6.42182731628418
1010,905933,OV,3.066498,3.5654079914093018
1621,905991,OV,3.746254,4.4040303230285645
1036,905969,OV,6.653642,6.538643836975098
1199,1240129,OV,4.086532,4.200087070465088
1561,910548,OV,1.719737,1.8445937633514404
1060,1240200,OV,0.148907,-0.04896250367164612
1054,911905,OV,5.7487,5.140819549560547
1559,946360,OV,1.980765,0.5504046678543091
1017,905990,OV,5.073723,4.748869895935059
1089,909753,OV,4.569711,4.508333683013916
1854,909753,OV,4.643729,5.130845069885254
1007,911905,OV,-3.112246,-1.3650851249694824
1630,905959,OV,4.717283,4.758121490478516
1799,1240198,OV,5.655233,4.260016918182373
1564,1479987,OV,3.567291,2.3681983947753906
1268,910548,OV,5.07047,4.372941493988037
2107,1240198,OV,6.084346,5.515138626098633
1853,1480364,OV,3.345373,3.1404809951782227
1916,1240200,OV,4.323809,4.279118537902832
1913,1479987,OV,3.312055,4.345869541168213
1091,1480364,OV,1.746352,0.9794832468032837
1372,909753,OV,-1.345398,-2.832411766052246
1091,905990,OV,3.828848,3.474590301513672
1003,909257,OV,-4.030601,-3.509502410888672
1563,905990,OV,6.124992,6.580577850341797
1620,1480362,OV,6.182016,5.840294361114502
1013,1480364,OV,5.338965,4.734097003936768
1057,1479987,OV,-3.56687,-3.261255979537964
1073,1299070,OV,5.302454,4.466624736785889
1013,905933,OV,4.756794,4.808085918426514
2044,910548,OV,5.754419,3.9140522480010986
1912,1479987,OV,2.531172,2.5075430870056152
2111,946360,OV,5.25914,5.507612705230713
1200,1298365,OV,4.043064,3.465482234954834
2044,905968,OV,3.156915,2.60382342338562
2110,949090,OV,4.71994,4.627445697784424
1549,905990,OV,5.62426,4.696153163909912
1088,1240197,OV,3.76472,4.369697093963623
1179,946360,OV,1.677788,1.1678085327148438
1549,911905,OV,4.850357,4.320457458496094
2046,911905,OV,5.159432,5.952604293823242
1080,1479988,OV,-1.66826,-0.6686859726905823
1561,1240197,OV,5.246386,2.816789388656616
1168,905991,OV,1.714403,2.123591423034668
2045,910548,OV,4.989847,5.292368412017822
1631,905991,OV,3.038041,3.357470750808716
1557,905969,OV,5.978892,5.498013496398926
1855,1240200,OV,5.189478,5.832158088684082
1053,1240222,OV,3.046318,2.218168020248413
1598,1480364,OV,4.880351,3.848585605621338
1910,911905,OV,5.402121,6.142375946044922
1085,905969,OV,5.514017,4.747030258178711
1873,911905,OV,2.505562,1.549297571182251
1005,1240198,OV,3.984106,5.841879367828369
1088,911905,OV,5.433809,5.584564208984375
1997,905991,OV,3.234238,4.400655269622803
1007,909257,OV,-6.295953,-5.948025226593018
1012,1299070,OV,1.398752,1.6698887348175049
1179,1480362,OV,2.958191,1.814326524734497
1933,1479988,OV,5.151252,5.753122329711914
1007,1480362,OV,-2.306478,-2.5647525787353516
1629,911905,OV,6.788225,6.518333435058594
1922,905933,OV,1.851554,2.8195934295654297
2111,1480372,OV,3.641611,5.296320915222168
1620,1298365,OV,5.972845,6.135968208312988
1249,909753,OV,5.551231,4.417816162109375
1915,1240200,OV,0.685527,-0.1204795241355896
1073,1240200,OV,5.42813,6.428538799285889
2046,909753,OV,4.334691,5.999873638153076
1941,1240200,OV,-5.581294,-3.0337750911712646
1375,911905,OV,8.201131,7.628147602081299
2107,910548,OV,6.101773,6.019333362579346
1918,1480372,OV,3.795648,3.6976821422576904
1180,905933,OV,-1.506039,-2.577195167541504
1919,1299070,OV,1.03263,1.6741492748260498
1933,905991,OV,3.626268,3.1686508655548096
1593,1240198,OV,4.086013,2.560927152633667
2110,946360,OV,6.348578,5.514393329620361
1083,905991,OV,3.553676,2.7113037109375
1180,1480372,OV,-1.413089,-0.9044238924980164
1930,1299070,OV,0.423109,-0.15035420656204224
1553,905968,OV,-1.120447,-1.6738977432250977
1916,1240197,OV,3.689431,3.808767795562744
1047,1240222,OV,2.413298,1.851522445678711
1032,1299070,OV,2.184191,2.0543272495269775
1375,1480372,OV,6.419985,7.119139671325684
1549,1240129,OV,3.776019,4.653109550476074
1924,1240197,OV,5.013245,4.110840797424316
1200,910548,OV,2.453761,3.407012701034546
2043,1480372,OV,6.277146,6.379765510559082
1003,905990,OV,1.164653,0.23155026137828827
2040,1240222,OV,0.737877,0.6687643527984619
2106,905969,OV,4.631744,3.19417667388916
1093,909753,OV,4.722679,4.993021011352539
1928,910548,OV,6.005459,5.087987899780273
1511,1480362,OV,1.05148,-1.000706672668457
1563,1240198,OV,6.077171,6.314055442810059
1916,1298365,OV,2.501712,3.4238858222961426
1560,946360,OV,5.220397,5.94480037689209
1940,1240200,OV,2.456256,3.227776527404785
1034,1299070,OV,-2.275031,-2.3094875812530518
1032,909753,OV,3.248505,3.030357599258423
1199,1298365,OV,4.958022,4.41400146484375
1627,946360,OV,3.141652,4.068957328796387
1631,1480362,OV,4.868633,5.756725788116455
1564,905990,OV,4.103485,3.6959660053253174
1940,949090,OV,1.313329,3.783630847930908
1931,1240199,OV,8.24672,8.165132522583008
1615,1240200,OV,6.340414,5.6302103996276855
1873,1240222,OV,1.867526,1.3218622207641602
1013,1298365,OV,4.623024,4.100491046905518
1558,905991,OV,2.19379,2.565948724746704
1936,905969,OV,3.970038,5.185028553009033
1622,911905,OV,7.081433,5.762296199798584
1034,1240200,OV,-2.923658,-2.3253259658813477
1373,1240198,OV,5.827037,4.620697975158691
1563,911905,OV,7.837026,7.564272403717041
1862,905969,OV,-0.880678,-1.6905462741851807
1529,1240129,OV,3.92773,3.6242759227752686
1563,1298365,OV,6.467126,6.4483747482299805
1512,905969,OV,6.889457,6.711950778961182
1093,949090,OV,3.637521,4.096059322357178
1930,1240200,OV,1.144582,1.191664457321167
1560,1240200,OV,3.000388,3.1888344287872314
1060,1240197,OV,-2.096842,-0.9231526255607605
1084,1240198,OV,-1.139541,-0.9844270348548889
1617,905968,OV,1.937608,0.3816235363483429
1179,909753,OV,1.726538,1.051440954208374
1053,909257,OV,2.273961,2.1173548698425293
1239,1479987,OV,2.84651,1.3703100681304932
1630,1480371,OV,5.680387,4.91918420791626
1913,1240197,OV,5.122153,5.092705726623535
1047,909257,OV,4.927397,3.374157190322876
1559,1240197,OV,0.28236,-0.773841917514801
1268,905959,OV,5.754615,5.518465042114258
1576,1299070,OV,2.785551,2.2758119106292725
1940,910548,OV,3.05371,3.442826747894287
1852,1480371,OV,5.827026,5.4084577560424805
2096,1240199,OV,6.414445,5.581812858581543
1926,909753,OV,2.275515,1.402256965637207
2106,1240129,OV,6.409427,4.389100074768066
1010,909753,OV,4.794241,5.396994113922119
1191,905969,OV,-3.764232,-4.321847915649414
1168,949090,OV,2.080909,2.7992963790893555
1057,1480372,OV,2.736355,0.3290787637233734
1032,1240222,OV,0.725472,1.7076058387756348
1924,1299070,OV,5.182234,4.597292423248291
1073,905990,OV,6.722217,7.357492446899414
1248,1240129,OV,1.900038,-2.8844661712646484
1564,911905,OV,3.237233,2.4961609840393066
1004,1240199,OV,1.495453,2.060840368270874
1191,1299070,OV,-3.843714,-4.378931045532227
1910,905990,OV,4.222634,3.85382080078125
1268,1298365,OV,3.69729,4.434178829193115
1909,1240129,OV,3.068574,3.224616527557373
1561,1298365,OV,1.579956,1.6325924396514893
1855,1299070,OV,3.010878,3.4475555419921875
2048,1479987,OV,-3.747437,-3.7357139587402344
1622,1479988,OV,5.72235,4.815448760986328
1046,1240199,OV,6.70627,6.352121353149414
1249,1480362,OV,5.753589,4.955077648162842
2043,1240197,OV,5.489844,5.819034099578857
1239,905969,OV,4.056408,4.647897243499756
1058,1480372,OV,3.161486,2.4801840782165527
1013,1299070,OV,3.794938,3.462698221206665
1190,905959,OV,1.974241,1.5508685111999512
2045,1240129,OV,6.245945,5.75958776473999
1625,946360,OV,4.682678,5.996829032897949
1529,1240200,OV,4.614335,2.798267126083374
1004,1480372,OV,-2.673151,-2.8236372470855713
1557,905968,OV,5.265064,4.005305767059326
1613,905968,OV,1.113008,1.8400852680206299
1626,1240198,OV,2.872203,3.1326828002929688
1917,905990,OV,4.209858,3.841564416885376
1912,1480362,OV,3.620128,4.4035773277282715
1630,1480364,OV,4.450423,4.371513843536377
1560,1240129,OV,4.68513,4.207580089569092
1017,905991,OV,3.062811,2.726310968399048
1034,1240129,OV,-1.961237,-2.257484197616577
1036,1240199,OV,6.968691,7.632912635803223
1862,1480362,OV,-1.688937,-1.9871563911437988
1268,946360,OV,4.302868,5.25729513168335
1873,1480362,OV,2.921493,1.8153200149536133
1259,905968,OV,0.771436,1.6141724586486816
1036,905968,OV,3.23288,2.8491384983062744
1068,1480371,OV,-0.458108,2.307314872741699
1047,909753,OV,7.06672,6.7799296379089355
1939,1479987,OV,2.078499,3.2396581172943115
1930,911905,OV,3.262609,2.277827262878418
1631,1480364,OV,4.07226,4.6479644775390625
1618,909753,OV,3.884549,4.309884548187256
1912,1240222,OV,0.158708,0.7045485973358154
2045,911905,OV,5.786232,6.537628650665283
1873,1480364,OV,0.990928,1.0949325561523438
1510,1480371,OV,4.177725,4.469860076904297
1939,1240198,OV,2.480066,3.7468466758728027
1560,1479988,OV,5.231338,5.21980619430542
1626,905959,OV,3.07859,3.0868494510650635
1373,1240197,OV,-0.251105,5.487435340881348
1549,909753,OV,5.752084,6.077287673950195
1635,905990,OV,6.244051,5.695115566253662
1578,1240198,OV,5.618003,6.026665687561035
1079,946360,OV,2.396637,2.8807034492492676
1046,1240200,OV,3.451082,3.3341081142425537
1931,1480362,OV,6.535696,6.34202766418457
1529,1240199,OV,7.966157,5.251186370849609
1512,1299070,OV,5.18049,5.050581455230713
1060,1480362,OV,3.141052,3.1663475036621094
1939,946360,OV,1.924577,2.510777235031128
1529,905959,OV,4.919384,2.964693069458008
1057,1299070,OV,-2.233003,-2.023653030395508
1915,1480362,OV,3.901466,4.099215984344482
1939,1479988,OV,4.754524,3.0168116092681885
1915,905969,OV,3.189633,3.618572473526001
2047,905969,OV,1.953933,1.2570438385009766
1919,1240200,OV,-0.093436,-1.3315062522888184
2045,1240197,OV,6.546436,5.98151969909668
1191,949090,OV,-5.50532,-4.00239372253418
1047,1479987,OV,1.7954,2.314105749130249
1239,905991,OV,1.467682,1.7242941856384277
1997,905968,OV,3.283108,3.9770870208740234
2109,905968,OV,0.490684,0.4114876389503479
1191,1240197,OV,-4.573595,-3.5855329036712646
1873,949090,OV,1.200988,0.5005937218666077
2107,1480364,OV,5.94889,5.689764976501465
1786,910548,OV,2.23349,3.4770445823669434
1237,1479987,OV,4.849356,4.566429615020752
1855,910548,OV,5.01357,5.340553283691406
1911,1479987,OV,-6.014787,-6.1581854820251465
1054,1480364,OV,4.622565,5.256857872009277
2107,905969,OV,6.933886,6.661844730377197
1200,946360,OV,3.193384,3.907021999359131
1615,905959,OV,7.101389,6.691197395324707
1617,909753,OV,2.824527,4.173014163970947
2040,909753,OV,1.616146,1.6548993587493896
1559,1240198,OV,-2.263319,-1.2574355602264404
1510,1480364,OV,6.392926,4.221794605255127
1908,911905,OV,3.70857,1.7948288917541504
1373,905959,OV,5.481711,6.770354270935059
1012,1240200,OV,2.192226,2.712153673171997
1940,1480372,OV,3.507034,3.8593733310699463
1051,1479987,OV,0.018392,1.5400731563568115
1624,1240222,OV,3.633736,2.999077558517456
2044,905969,OV,4.083665,4.714077949523926
1922,1479987,OV,1.705938,1.9932353496551514
1786,1240129,OV,3.713024,4.383504867553711
1909,1480364,OV,2.215975,2.263676881790161
1913,911905,OV,7.080543,6.512695789337158
1911,1240129,OV,-2.739693,-2.5132431983947754
1259,1240222,OV,3.314395,2.208245277404785
1873,1240129,OV,1.925496,2.1038010120391846
1908,1240198,OV,3.676821,2.8713858127593994
2048,909257,OV,-5.114662,-4.467142105102539
1627,909753,OV,4.2488,3.983664035797119
1559,905990,OV,1.216365,1.0070643424987793
1006,949090,OV,2.865598,1.4519991874694824
1635,905991,OV,4.357805,4.6393537521362305
1576,1298365,OV,3.840889,3.205615997314453
1936,905990,OV,3.034677,3.3865368366241455
1004,1240198,OV,-1.646396,-1.0836858749389648
1047,1298365,OV,2.906277,2.2386674880981445
1621,1480362,OV,5.653432,5.253158092498779
2044,1299070,OV,2.781701,2.5167505741119385
1054,1240199,OV,4.914313,7.44776725769043
1927,905933,OV,5.404366,4.65651273727417
1854,1298365,OV,3.918717,4.840031147003174
1068,905990,OV,2.838027,2.2434921264648438
1003,946360,OV,-2.225776,-2.2952136993408203
1089,1240222,OV,1.691753,2.382826566696167
1915,1479988,OV,4.456,2.8313660621643066
1855,1480364,OV,5.919363,5.911128997802734
1614,1479987,OV,2.80796,2.2520813941955566
1131,905968,OV,3.559883,3.1017725467681885
1922,1240200,OV,3.263279,0.9027732610702515
1199,910548,OV,4.075446,4.460893154144287
1053,1240197,OV,3.821319,3.498039484024048
1088,1480372,OV,4.095254,2.9206464290618896
1036,1479988,OV,5.596209,3.6242847442626953
1011,909257,OV,3.416674,3.2094509601593018
1017,1480362,OV,5.287669,6.119991779327393
1268,905968,OV,2.720174,3.4178860187530518
1558,1298365,OV,2.787289,3.0281612873077393
1007,946360,OV,-3.47803,-2.9081621170043945
1553,1480362,OV,6.359145,6.496490955352783
1511,1480364,OV,2.414665,1.75618577003479
1849,1479988,OV,-0.438291,-0.056764692068099976
1180,946360,OV,-0.662125,-1.817427158355713
1507,905933,OV,5.259821,4.978576183319092
1190,1240199,OV,6.713609,5.025721073150635
1058,1480362,OV,2.496638,3.1881892681121826
1909,1480362,OV,4.189076,2.96899676322937
1079,905969,OV,-0.87638,0.878502607345581
1918,1240222,OV,3.059211,2.1500957012176514
1625,1479988,OV,6.42578,5.729947090148926
1924,910548,OV,3.884271,3.1033589839935303
1511,905991,OV,-1.629897,-2.3225362300872803
1563,1240222,OV,5.5941,5.439484596252441
1618,905969,OV,6.590694,4.655365467071533
1179,1240199,OV,3.468912,2.415034294128418
1073,910548,OV,6.977839,5.36885929107666
1561,1480372,OV,2.363233,3.3797414302825928
1853,1480371,OV,2.202884,3.2853801250457764
1919,905968,OV,-0.637326,-0.9545292258262634
2111,1480362,OV,6.579213,5.0951642990112305
1786,905933,OV,3.016724,2.8359861373901367
1237,1240129,OV,6.602961,6.167540073394775
2107,905959,OV,7.348172,7.1097941398620605
1849,1480371,OV,-2.291151,-0.16198480129241943
2045,905991,OV,3.951145,4.433405876159668
1909,1240222,OV,3.408311,2.499810218811035
1088,910548,OV,2.168846,1.5129716396331787
1372,1479987,OV,1.887658,0.8417854309082031
1507,946360,OV,5.906541,5.699184894561768
1191,1479988,OV,-3.933187,-4.9508819580078125
1578,1480372,OV,5.712374,5.590622425079346
1925,949090,OV,6.141531,5.1858110427856445
1925,905990,OV,5.758261,5.4431891441345215
1940,1240198,OV,3.283678,3.4686131477355957
1624,1480364,OV,1.964924,3.946615695953369
2044,905991,OV,3.310078,2.490987777709961
1529,1240197,OV,0.950317,2.430964231491089
1250,1240200,OV,1.59969,3.5444531440734863
1549,1240198,OV,3.654886,2.0415425300598145
1259,905933,OV,3.507704,3.7685463428497314
1032,949090,OV,1.774901,1.422440767288208
1908,1240199,OV,4.687483,5.8071608543396
1054,1240198,OV,6.176276,4.363436698913574
1091,949090,OV,1.97589,2.449226140975952
1553,1479988,OV,5.82745,3.9659900665283203
1511,909753,OV,1.063229,1.2285735607147217
1561,909753,OV,3.723829,3.8100943565368652
1179,1479987,OV,-0.244325,-0.769496500492096
1177,911905,OV,7.157148,6.3258771896362305
1084,949090,OV,-2.956423,-1.4432411193847656
1199,905968,OV,2.709696,3.113426685333252
1250,905933,OV,4.144022,2.8186886310577393
1259,1240200,OV,3.797879,5.018075466156006
1093,1298365,OV,5.862239,5.357159614562988
1617,1480371,OV,2.285772,2.5373594760894775
1576,1479988,OV,4.028036,3.7839038372039795
1996,946360,OV,3.725613,3.5505828857421875
1080,905991,OV,-4.874886,-4.766529560089111
1908,1480362,OV,6.629058,4.440526008605957
1618,905933,OV,4.345666,5.116756439208984
1926,1240198,OV,0.890817,0.3519412875175476
1237,1240200,OV,5.957208,6.165821075439453
2109,1480372,OV,3.16752,3.951805830001831
1996,949090,OV,5.209655,3.950042486190796
1927,909753,OV,5.515105,6.3635406494140625
1613,1298365,OV,1.259786,2.529123544692993
1017,905959,OV,6.260071,5.475584506988525
1060,905933,OV,2.237132,1.7813851833343506
1200,1240129,OV,4.193368,4.140042781829834
1250,1480362,OV,4.196413,2.8935904502868652
1022,1480362,OV,1.790321,0.8645892143249512
1060,949090,OV,-1.283943,-0.5149155855178833
1932,1240200,OV,5.414418,3.472015857696533
1618,1479987,OV,3.327804,2.528661012649536
1068,911905,OV,3.434333,2.2744953632354736
1089,1480364,OV,5.963237,5.290848255157471
1786,949090,OV,1.960494,3.3936734199523926
1922,905990,OV,2.634933,2.962928295135498
1375,1240198,OV,6.575579,7.162761211395264
1626,1298365,OV,3.052823,2.6148464679718018
2045,949090,OV,5.219382,5.145668983459473
1931,905959,OV,6.98703,7.20064115524292
1051,909753,OV,3.884478,2.5934665203094482
1179,1479988,OV,0.813569,0.9328942894935608
1068,1299070,OV,0.930466,0.6915950179100037
1915,905990,OV,3.986322,3.0660431385040283
1615,905933,OV,5.865437,5.334606647491455
1032,1479987,OV,1.149417,1.4880027770996094
1375,1240197,OV,7.27593,7.249057292938232
1917,1299070,OV,1.91728,1.430704116821289
1618,1480362,OV,6.325316,5.15695333480835
1091,1240199,OV,3.562956,3.1614089012145996
1084,1480362,OV,0.432882,-1.84544038772583
1924,905969,OV,4.012824,4.801910400390625
1200,905969,OV,4.622782,4.269805908203125
1940,905991,OV,3.294134,3.486121416091919
1925,905991,OV,4.912478,4.157169342041016
2048,1240222,OV,-2.91219,-3.2353031635284424
1631,1479988,OV,5.211921,4.208089351654053
1239,1240200,OV,3.287772,3.9783623218536377
1053,1480364,OV,4.033714,3.2126309871673584
1629,1480371,OV,3.476884,4.234841823577881
1237,1240199,OV,6.751222,7.882450103759766
2048,1298365,OV,-0.013617,-1.2136964797973633
1079,909753,OV,1.264202,2.5349302291870117
1913,1240200,OV,5.523161,5.261693477630615
1003,1240222,OV,-1.840369,-3.3962674140930176
1250,905990,OV,5.355946,4.470545768737793
1131,1240198,OV,3.26994,4.877976894378662
1635,1480372,OV,5.864852,6.247325420379639
1372,1299070,OV,-0.149866,2.2676265239715576
1004,1298365,OV,-1.913823,-2.9107749462127686
1034,905968,OV,-4.20034,-4.034496784210205
2110,1480362,OV,5.618771,5.544816493988037
1053,946360,OV,4.168636,4.735489368438721
1852,911905,OV,7.394512,6.920677185058594
1051,905959,OV,5.340442,3.2537105083465576
1930,1479987,OV,-0.155941,-0.18673884868621826
1862,1240199,OV,1.211392,-0.21020931005477905
1912,905990,OV,5.108246,5.000383377075195
1237,909753,OV,5.900317,6.461559295654297
1621,905968,OV,3.532309,2.8219268321990967
1013,1240222,OV,4.451921,2.7579033374786377
1168,1240199,OV,2.719978,3.3111016750335693
2106,1479987,OV,2.742614,2.8541040420532227
1933,1240198,OV,5.505864,4.75600004196167
1068,905969,OV,1.97466,1.330609679222107
1051,1240200,OV,5.430237,4.248052597045898
1598,1480372,OV,5.54478,5.440657138824463
1855,1298365,OV,6.115426,5.352015972137451
1564,909257,OV,2.656784,2.4793648719787598
1051,1480371,OV,2.297721,3.161100387573242
1561,1479987,OV,1.86231,1.2475138902664185
1910,949090,OV,2.026491,2.5381712913513184
1091,1479987,OV,1.952089,1.5395092964172363
1168,905959,OV,2.568727,2.6566786766052246
1089,1480371,OV,1.944082,2.731975793838501
1057,905968,OV,-3.5086,-3.4389567375183105
1022,905991,OV,-1.219591,-0.8717061877250671
1034,905959,OV,-2.434724,-2.114370584487915
1375,909753,OV,6.65331,6.767298221588135
2044,1240200,OV,4.417423,4.998043537139893
1022,911905,OV,0.822533,1.4388408660888672
1068,1240198,OV,1.396305,2.3185057640075684
1631,910548,OV,3.191688,4.94602632522583
1996,1480372,OV,4.833189,4.928306579589844
1199,1480362,OV,4.590906,5.797991752624512
2106,909753,OV,4.631544,4.783385276794434
1918,1240199,OV,4.591389,3.7671122550964355
1553,905991,OV,4.291155,2.9062612056732178
1915,1299070,OV,1.97091,2.7700414657592773
2048,1479988,OV,-3.554924,-2.76006817817688
1910,1240198,OV,0.645608,1.944659948348999
1089,946360,OV,5.098778,4.795164585113525
1578,1479987,OV,4.572247,4.785821914672852
1191,905959,OV,-3.592172,-3.8285064697265625
1593,1299070,OV,3.363486,2.44309663772583
1931,946360,OV,6.387738,6.231046199798584
1012,1298365,OV,2.451443,1.9779279232025146
1913,905959,OV,5.551955,6.319486618041992
2107,1480362,OV,6.168394,6.008645057678223
1617,905990,OV,0.306227,2.745549201965332
1618,1240222,OV,2.83383,3.0921435356140137
1049,1479988,OV,5.271559,5.039838790893555
1862,1479987,OV,-1.321746,-2.0249438285827637
1873,909257,OV,0.76695,0.28155285120010376
1908,1240222,OV,2.757293,2.5490808486938477
1849,946360,OV,-0.469681,-0.23617392778396606
1916,1240129,OV,3.604102,4.816874980926514
1512,905991,OV,4.984436,4.425722122192383
1006,905991,OV,-1.413968,-1.1529929637908936
1011,905933,OV,2.078205,3.535140037536621
1088,1479987,OV,1.534723,1.1028929948806763
1089,905991,OV,2.914092,2.794285774230957
1199,1297446,ALL,2.235154,2.6760692596435547
1908,907272,ALL,2.035699,1.725053071975708
1046,907789,ALL,0.497733,0.11401042342185974
1268,906763,ALL,4.434183,3.389146566390991
1036,909260,ALL,3.854228,3.788027763366699
1557,906877,ALL,5.582822,4.807810306549072
1010,910687,ALL,2.686147,2.601651191711426
1507,907277,ALL,4.229559,3.2110095024108887
1919,949153,ALL,0.828124,0.5727139115333557
2044,909251,ALL,1.886607,1.3858017921447754
1617,908147,ALL,0.88952,-0.9065170884132385
1615,909743,ALL,5.028042,4.51364803314209
2044,949153,ALL,2.261694,1.6751418113708496
1004,1247871,ALL,-4.641164,-4.511199474334717
1003,909702,ALL,-5.308849,-5.241661548614502
1852,905958,ALL,4.88998,4.573877334594727
1507,909251,ALL,4.019283,3.3823652267456055
1093,1295740,ALL,2.407209,3.6395256519317627
1598,907789,ALL,3.048632,3.457808017730713
1915,907789,ALL,1.857947,1.9156644344329834
1561,906763,ALL,4.285425,2.735074758529663
1613,909260,ALL,1.909435,2.1181588172912598
1939,907789,ALL,2.174119,2.023282289505005
1996,1297446,ALL,2.850389,2.783799171447754
1917,949153,ALL,-0.11939,-0.048881977796554565
1557,909743,ALL,5.306215,4.662553310394287
1931,908146,ALL,4.084315,3.5701956748962402
1049,1295740,ALL,2.536924,2.78353214263916
1614,905952,ALL,2.649238,2.2166330814361572
1191,909743,ALL,-4.081763,-4.828182220458984
1046,946358,ALL,0.741305,0.45477843284606934
1373,998184,ALL,2.773263,4.511445999145508
1199,907787,ALL,1.212485,2.245265007019043
1088,910687,ALL,0.543233,0.39416593313217163
1559,906763,ALL,-3.669118,-3.992003917694092
1034,909260,ALL,-3.77788,-3.53460693359375
1179,905952,ALL,-1.659536,-1.4891645908355713
1786,907277,ALL,1.452241,1.0607863664627075
1911,909702,ALL,-5.937728,-6.430586338043213
1852,907787,ALL,4.565555,4.363740921020508
1932,909702,ALL,0.893581,0.09332275390625
1558,909252,ALL,2.978655,1.6138627529144287
1614,909743,ALL,2.270194,2.407860279083252
1057,910687,ALL,-2.514368,-3.2591609954833984
1913,906877,ALL,5.085948,4.216132164001465
1011,998184,ALL,0.731374,-1.8256299495697021
1915,908146,ALL,2.556903,2.1205074787139893
1073,946358,ALL,0.759572,1.4351577758789062
1613,1247871,ALL,2.486153,1.6553966999053955
1927,1295740,ALL,4.604651,4.5180253982543945
1084,909702,ALL,-3.088979,-2.9541220664978027
1007,906877,ALL,-5.48178,-4.996703624725342
2107,1247871,ALL,4.575832,4.445314407348633
1013,910687,ALL,2.605079,1.8584771156311035
1941,906763,ALL,-4.908706,-2.110616445541382
1911,908146,ALL,-4.384182,-5.942971706390381
1068,905952,ALL,0.577395,0.12101700901985168
1931,905958,ALL,4.67467,4.581596374511719
1068,909260,ALL,1.148593,0.5262306928634644
1047,909252,ALL,1.706794,2.7472472190856934
1191,909252,ALL,-4.648299,-5.602219104766846
1006,906877,ALL,-1.464019,-0.3249436616897583
1003,906877,ALL,-3.89463,-2.8895044326782227
2044,1247871,ALL,2.567737,2.6616179943084717
1248,907789,ALL,-6.78229,-7.167876720428467
1199,908146,ALL,2.155135,2.607384204864502
2046,906877,ALL,1.171488,1.5159192085266113
1013,909703,ALL,1.168496,1.9473252296447754
1598,1297446,ALL,3.181974,3.02557110786438
1089,910944,ALL,2.692521,1.4443128108978271
1912,909260,ALL,1.475168,0.7275149822235107
1073,910687,ALL,0.07437,3.0614736080169678
1786,909260,ALL,1.824847,2.1420326232910156
1553,907787,ALL,4.200997,2.7673375606536865
1180,998184,ALL,-4.080421,-2.8814311027526855
1941,949153,ALL,0.334285,-3.896961212158203
1034,910687,ALL,-5.298814,-4.147565841674805
2043,949153,ALL,4.425678,3.878732204437256
1564,909703,ALL,4.021662,3.0278801918029785
1003,909260,ALL,-4.327046,-3.708475112915039
1615,906763,ALL,3.803048,4.020293712615967
1873,905952,ALL,0.504024,0.25666511058807373
1629,1295740,ALL,4.068749,3.893003463745117
1598,905952,ALL,2.907863,2.8883767127990723
1598,909260,ALL,4.150866,4.122890949249268
1007,906763,ALL,-5.761845,-5.822345733642578
1057,909702,ALL,-3.160719,-2.542008638381958
2044,907272,ALL,2.443896,1.8940153121948242
1910,907787,ALL,-4.793152,-4.256563186645508
1191,909703,ALL,-6.440334,-5.864463806152344
1073,909703,ALL,2.635983,3.025343656539917
1912,908146,ALL,2.557698,2.474435806274414
2096,906763,ALL,2.053185,1.0531833171844482
1012,905952,ALL,-0.0505,0.07009842991828918
1004,907272,ALL,-5.690773,-4.60319185256958
2044,909743,ALL,1.625438,2.4253733158111572
1373,907787,ALL,1.786892,3.6217265129089355
1007,909703,ALL,-5.395823,-5.389645576477051
1553,907789,ALL,-0.820686,-1.0231640338897705
1618,909260,ALL,3.387027,2.9021148681640625
1003,907787,ALL,-4.801399,-4.434913635253906
1049,909260,ALL,2.997094,3.2652101516723633
1854,909260,ALL,4.882036,4.400242328643799
1922,909702,ALL,0.789787,0.5878652334213257
1060,946358,ALL,-0.237878,-0.2693628668785095
1068,905958,ALL,0.478684,0.5068507194519043
1012,907787,ALL,0.010432,0.39421015977859497
1093,909251,ALL,2.252707,2.683415651321411
1091,909703,ALL,1.487257,1.3249850273132324
1200,946358,ALL,2.024318,1.6483643054962158
1191,905952,ALL,-6.395993,-5.479147911071777
1259,908146,ALL,2.574047,1.4558115005493164
1855,908146,ALL,2.230222,2.824594259262085
1927,908146,ALL,2.92777,3.927269458770752
1939,910944,ALL,2.131242,1.9432871341705322
1180,907272,ALL,-3.459156,-3.4719409942626953
1200,908147,ALL,1.643749,1.2173445224761963
1091,909702,ALL,0.528604,-0.02634313702583313
1036,998184,ALL,2.31352,4.748971939086914
1873,909260,ALL,0.662282,0.5989252924919128
1918,998184,ALL,1.072244,1.6610567569732666
2044,910687,ALL,1.966369,3.1306843757629395
1010,907787,ALL,2.888651,2.4072813987731934
1089,1295740,ALL,1.730961,1.9573142528533936
1786,908147,ALL,0.976836,0.843055009841919
1922,908147,ALL,1.768497,1.3976247310638428
1563,906763,ALL,4.566373,4.774511814117432
1557,908146,ALL,3.101793,3.97524094581604
1996,910944,ALL,3.0353,2.698282480239868
1049,909702,ALL,1.711039,1.0505242347717285
1068,909743,ALL,0.885736,1.303449034690857
1625,909743,ALL,4.070152,4.011811256408691
1558,1247871,ALL,2.530889,2.240218162536621
1200,907277,ALL,1.996452,1.4647612571716309
1557,909251,ALL,4.041107,3.7113430500030518
1268,906877,ALL,5.046349,4.651899337768555
1917,908147,ALL,-0.830163,-0.3205968141555786
1010,906877,ALL,3.755411,3.372689723968506
1919,909260,ALL,1.13988,1.9060184955596924
1625,907277,ALL,3.363403,3.3066060543060303
1034,907272,ALL,-4.194293,-3.44219970703125
1598,907272,ALL,2.797699,3.0889992713928223
1917,907789,ALL,-0.032165,0.675480842590332
1624,909251,ALL,0.611744,1.0876214504241943
1085,906763,ALL,1.358247,0.7584986686706543
1058,1297446,ALL,3.024445,2.497704267501831
1200,906877,ALL,2.849249,3.023871421813965
1912,1247871,ALL,2.971024,2.3917016983032227
1046,909702,ALL,0.240407,-0.8565145134925842
2040,905958,ALL,-0.856972,1.1967350244522095
1249,909703,ALL,1.99583,2.4854037761688232
1918,910944,ALL,3.328377,2.559438705444336
1915,909703,ALL,2.22036,2.4092512130737305
1373,1295740,ALL,2.767618,3.4870493412017822
1910,908147,ALL,-1.285417,-1.750572681427002
1180,905952,ALL,-3.931422,-3.661766529083252
1507,909252,ALL,4.130949,3.682520627975464
1249,906877,ALL,2.345606,2.3861799240112305
1053,909703,ALL,1.715532,1.665283203125
1617,908146,ALL,0.765641,-0.9578261971473694
1854,910687,ALL,3.66837,3.442481279373169
1911,910687,ALL,-6.088383,-6.657271385192871
1564,906877,ALL,5.245776,3.4053497314453125
1560,907277,ALL,2.315102,1.8479349613189697
1564,907272,ALL,3.196172,2.5868442058563232
1919,910687,ALL,1.641368,1.6259393692016602
1190,909260,ALL,-3.137358,-2.8712167739868164
1913,908147,ALL,3.844562,3.0358476638793945
1933,909743,ALL,3.921537,4.0668110847473145
1003,907272,ALL,-1.79544,-0.8279921412467957
1073,908147,ALL,1.928842,2.4568793773651123
1179,1247871,ALL,-0.231534,0.008214771747589111
1561,909743,ALL,1.114474,0.9576794505119324
1529,906877,ALL,0.567963,-1.0037505626678467
1911,1247871,ALL,-7.831445,-7.048707962036133
1854,909252,ALL,3.177061,3.8332178592681885
1930,908147,ALL,-1.12418,-0.4534870982170105
1034,1247871,ALL,-3.676418,-3.9890851974487305
1199,1247871,ALL,3.520196,2.7873942852020264
2110,907787,ALL,3.684838,3.664238691329956
1620,1297446,ALL,4.281538,4.314244747161865
1073,908146,ALL,4.843377,5.617153167724609
1553,909703,ALL,2.125627,2.0096218585968018
2047,907787,ALL,2.798143,1.8962688446044922
1626,910944,ALL,1.02367,0.032685667276382446
1046,910687,ALL,-0.720651,-0.7205337882041931
1939,949153,ALL,2.167854,2.3630120754241943
1925,905958,ALL,4.262706,4.4930596351623535
1627,905958,ALL,2.611596,2.3697009086608887
1510,908146,ALL,3.025397,2.949227809906006
1007,909252,ALL,-5.201289,-5.9193010330200195
1634,910944,ALL,2.13368,2.4719598293304443
1622,907272,ALL,2.850969,3.075665235519409
1511,949153,ALL,-1.344977,-2.9527230262756348
1372,909702,ALL,1.834889,0.5462111234664917
1622,909260,ALL,3.650153,3.8442673683166504
1997,908146,ALL,0.311474,-2.557476758956909
1928,909260,ALL,2.80815,3.106147050857544
1629,906763,ALL,2.511945,3.3002278804779053
1248,909743,ALL,-6.452635,-6.108060836791992
1131,907787,ALL,1.975731,3.0807743072509766
1932,906763,ALL,1.27659,0.9979559183120728
2111,1297446,ALL,1.362771,1.898543119430542
1032,1297446,ALL,0.973967,0.8705365061759949
1564,910944,ALL,2.150726,2.263306140899658
2045,1295740,ALL,4.754661,4.214597225189209
1563,910687,ALL,4.161351,4.149649620056152
1073,1247871,ALL,2.205286,2.766584634780884
1614,909703,ALL,2.624175,3.129322052001953
1620,909260,ALL,4.959943,5.239264488220215
2107,907789,ALL,4.081252,3.8970658779144287
1852,910944,ALL,4.207535,3.8810923099517822
1996,910687,ALL,2.65886,2.499563694000244
1079,906877,ALL,0.581451,1.2864198684692383
1916,905958,ALL,1.901681,1.8004817962646484
2111,908147,ALL,0.435304,0.8112284541130066
1915,998184,ALL,2.058917,2.357621908187866
2107,905958,ALL,3.453268,4.260512828826904
1799,909251,ALL,3.429939,2.573476791381836
1248,905958,ALL,-5.610056,-6.389674186706543
1926,1297446,ALL,2.012946,2.134265184402466
1924,906763,ALL,3.883828,3.2019402980804443
1268,1295740,ALL,3.740833,3.988370418548584
1559,949153,ALL,-3.633849,-2.734421730041504
1190,907277,ALL,-4.80849,-5.209587097167969
1057,1247871,ALL,-2.104427,-0.7843428254127502
1911,1295740,ALL,-5.689149,-6.72955322265625
2048,907272,ALL,-4.690892,-4.164341926574707
1634,906763,ALL,1.620016,2.8236582279205322
1049,906763,ALL,1.880482,2.636864423751831
1191,906763,ALL,-6.951515,-5.799732208251953
1249,905952,ALL,1.905694,2.206930637359619
1627,910687,ALL,1.887895,1.7996838092803955
1010,909702,ALL,2.779443,2.2544796466827393
1529,905952,ALL,-1.113006,-1.160402536392212
2045,910687,ALL,3.572418,3.0606625080108643
2048,910687,ALL,-6.471144,-6.029421329498291
1268,905952,ALL,3.960133,3.4252049922943115
1930,909251,ALL,-1.052928,-0.5207288861274719
1053,910687,ALL,0.955415,0.5159585475921631
1621,906763,ALL,1.999563,2.4202072620391846
1022,946358,ALL,-1.266688,-1.1053924560546875
1924,946358,ALL,3.930581,2.822819709777832
2046,907787,ALL,0.812952,2.009275436401367
1561,907272,ALL,0.956312,0.5640521049499512
1088,1295740,ALL,0.149639,0.43877357244491577
1237,907277,ALL,3.649766,3.9273018836975098
1511,909743,ALL,-1.869381,-2.2710862159729004
2111,998184,ALL,2.406139,1.6868562698364258
1004,910944,ALL,-6.136222,-6.00490665435791
1622,905958,ALL,3.869664,3.16819167137146
1854,1247871,ALL,4.30806,4.006524562835693
1553,908147,ALL,-0.038808,0.6057188510894775
1855,909251,ALL,2.656158,2.290898561477661
1200,949153,ALL,1.916462,2.2927279472351074
1862,909260,ALL,-2.29731,-1.7788910865783691
1854,1297446,ALL,3.614293,4.0807976722717285
1034,907787,ALL,-4.255214,-3.805161952972412
1916,907277,ALL,-1.800673,-0.5046353340148926
1620,909743,ALL,5.300717,4.8718976974487305
1017,907789,ALL,3.646564,4.052748203277588
1088,909743,ALL,-0.196583,0.426754355430603
1005,906763,ALL,3.035955,2.5826752185821533
1620,908146,ALL,4.497572,4.237898826599121
1017,946358,ALL,3.226147,4.057138442993164
1131,907789,ALL,1.767995,2.004164457321167
1910,907789,ALL,-3.135266,-1.4878835678100586
1079,909702,ALL,1.146809,0.07373613119125366
1563,910944,ALL,3.734702,3.7735958099365234
1558,909251,ALL,1.514566,1.5485925674438477
1259,910944,ALL,-0.634684,-0.5384326577186584
1912,905952,ALL,0.456217,0.05065685510635376
1049,909743,ALL,4.11848,3.382397174835205
1854,905958,ALL,4.172319,4.549150466918945
1060,909702,ALL,0.878048,-0.2794821858406067
1507,905952,ALL,4.133245,3.54093074798584
2043,908147,ALL,3.130705,3.2238543033599854
1190,908147,ALL,-4.676984,-4.9229841232299805
1563,907789,ALL,4.630802,4.322046756744385
1557,909260,ALL,4.882544,4.457854270935059
1248,946358,ALL,-5.41333,-5.027637481689453
1940,907277,ALL,2.140856,2.1950817108154297
1916,949153,ALL,1.895345,1.0549812316894531
1862,1295740,ALL,-1.139211,-2.9386870861053467
1928,905958,ALL,3.848578,4.321911334991455
1615,906877,ALL,5.004982,5.069622993469238
1093,908147,ALL,2.468009,2.4215071201324463
1927,908147,ALL,3.787646,3.4570605754852295
1912,905958,ALL,0.510043,1.2123138904571533
1931,909702,ALL,1.815458,3.241731643676758
1941,906877,ALL,-5.906002,-4.972782135009766
1177,906763,ALL,2.408752,2.833326816558838
1996,1247871,ALL,3.743669,1.4631924629211426
1093,908146,ALL,3.349456,3.113420009613037
1909,1297446,ALL,1.044868,-0.7069899439811707
1939,909702,ALL,2.266966,2.437930107116699
1239,906763,ALL,-0.589431,0.3399178683757782
1635,998184,ALL,4.451463,4.465328693389893
1635,909743,ALL,5.085871,4.729283332824707
1941,946358,ALL,-4.277287,-4.670672416687012
1627,905952,ALL,1.579041,1.2828779220581055
1593,909743,ALL,1.001873,0.6926137804985046
1624,910944,ALL,1.64905,1.2547390460968018
1057,907789,ALL,-1.779924,-2.541746139526367
1915,910687,ALL,2.198419,2.634030818939209
1997,907789,ALL,0.308385,-1.4493870735168457
1013,906877,ALL,2.475335,2.3948233127593994
1036,908147,ALL,2.699959,3.1795926094055176
1909,946358,ALL,1.787175,1.6283419132232666
1085,909703,ALL,1.538988,1.5624732971191406
2040,907272,ALL,-0.849601,-0.1934404969215393
1372,909703,ALL,1.186001,1.5102174282073975
1909,907789,ALL,-3.955219,0.4733981192111969
1940,909702,ALL,2.993368,2.833369255065918
2111,1247871,ALL,2.188345,2.3230819702148438
1614,1247871,ALL,4.071011,3.734891891479492
1626,1247871,ALL,1.201193,0.9743924736976624
1557,1297446,ALL,4.193582,3.778759717941284
1006,909743,ALL,-4.394363,-2.046464681625366
1191,909260,ALL,-5.906445,-5.12800407409668
1089,909703,ALL,0.776689,0.5816312432289124
1933,1247871,ALL,3.530592,2.352731704711914
1004,910687,ALL,-6.008187,-6.789098739624023
1047,908147,ALL,0.117297,1.5488770008087158
1622,908147,ALL,2.577042,2.8411238193511963
1250,998184,ALL,0.02235,1.4748256206512451
1237,910944,ALL,3.25041,3.8116366863250732
1997,906877,ALL,3.230105,3.9804484844207764
1939,907272,ALL,1.689404,2.028721809387207
1003,909251,ALL,-5.035286,-5.50436544418335
1559,909251,ALL,-4.417958,-4.062907695770264
1190,905958,ALL,-2.585897,-4.402358531951904
1011,910687,ALL,-2.016558,-2.005659580230713
1022,909252,ALL,-0.986794,-0.8246001601219177
1088,906877,ALL,1.131586,0.8348498344421387
1200,1247871,ALL,2.487985,2.198822021484375
1924,909251,ALL,1.189733,0.8923464417457581
2045,909252,ALL,3.244997,2.9019081592559814
2096,1297446,ALL,2.413169,2.530780792236328
1093,910944,ALL,2.253091,2.867973566055298
1925,1295740,ALL,4.604651,4.741742134094238
1862,910944,ALL,-1.673591,-1.7279787063598633
1932,909252,ALL,1.673661,2.266794204711914
1630,908147,ALL,3.342408,2.2036280632019043
1620,910687,ALL,4.296059,4.275103569030762
1054,909703,ALL,0.47051,1.4193358421325684
1177,998184,ALL,2.762765,2.8613851070404053
1852,998184,ALL,3.660707,4.197341442108154
1249,907272,ALL,2.035397,1.7595012187957764
1558,908146,ALL,1.671858,1.9034359455108643
2047,908147,ALL,2.01813,1.9763965606689453
1918,1247871,ALL,3.286285,3.856668472290039
1634,1247871,ALL,3.489586,3.961113929748535
1614,905958,ALL,4.882269,4.648669719696045
2047,1297446,ALL,2.530226,2.3630459308624268
1924,998184,ALL,-1.462298,-1.691056489944458
1576,905952,ALL,1.811902,1.2953681945800781
1854,998184,ALL,2.504879,3.806964874267578
1007,909743,ALL,-4.771518,-4.928475379943848
1259,1297446,ALL,0.878779,0.9391752481460571
2048,909251,ALL,-5.687653,-5.5327677726745605
2047,998184,ALL,2.832406,2.7797317504882812
1614,1295740,ALL,4.590244,3.0751404762268066
1564,909702,ALL,1.372307,1.4839518070220947
1013,909260,ALL,1.618214,2.3404479026794434
1557,905958,ALL,4.926954,4.771618366241455
1926,907277,ALL,-0.403125,-0.08034127950668335
1917,907277,ALL,-1.483569,-0.10648608207702637
1855,909260,ALL,2.528872,2.160980701446533
1006,910944,ALL,-3.030358,-2.522855043411255
1625,910687,ALL,4.296163,3.8663504123687744
1058,946358,ALL,1.015914,-0.5686277747154236
1131,909251,ALL,1.629478,1.9742379188537598
1618,998184,ALL,2.865607,3.0274274349212646
2046,907272,ALL,2.010734,1.1491694450378418
1922,1247871,ALL,2.743287,2.4260289669036865
1085,1297446,ALL,1.551556,1.6834425926208496
1622,909703,ALL,2.464628,3.1804070472717285
1618,909252,ALL,2.121848,2.024662971496582
1079,946358,ALL,1.253625,0.6146838665008545
1248,906763,ALL,-6.193315,-6.851644515991211
1931,998184,ALL,2.838956,3.3354036808013916
1940,908146,ALL,2.005138,3.26486873626709
1034,909703,ALL,-4.194622,-4.27669095993042
1237,909702,ALL,4.389877,3.7179930210113525
1091,949153,ALL,-0.641444,1.0611555576324463
1873,1247871,ALL,1.064364,0.9211004376411438
1613,910944,ALL,0.975815,0.4371565580368042
1259,909702,ALL,-0.302789,-0.27245640754699707
1375,909703,ALL,3.670703,4.559287071228027
1799,910944,ALL,2.249497,2.9350078105926514
1918,907787,ALL,4.478065,3.3196399211883545
1084,910687,ALL,-3.633813,-3.9305124282836914
1089,1297446,ALL,2.706859,2.012547731399536
1005,910944,ALL,1.202318,0.41645535826683044
2110,908146,ALL,4.370944,3.7038302421569824
1073,998184,ALL,3.713686,4.146754741668701
1635,907787,ALL,4.610325,4.554102897644043
1939,909743,ALL,3.12677,2.4318549633026123
1239,907272,ALL,0.070738,0.6669150590896606
1854,909703,ALL,3.533637,4.300548553466797
1576,908147,ALL,1.532593,1.1524454355239868
1013,907787,ALL,0.24648,2.1283023357391357
1561,906877,ALL,0.640517,0.19318127632141113
1913,1247871,ALL,4.312262,3.6000072956085205
1620,909251,ALL,3.683778,4.284266948699951
1931,909251,ALL,0.799797,3.4190518856048584
1036,1247871,ALL,4.753164,4.310779094696045
1553,998184,ALL,-0.232297,-0.8925721049308777
1918,907272,ALL,2.049674,2.4663798809051514
1926,907272,ALL,0.507198,-0.3797485828399658
1799,906763,ALL,2.369868,2.584510564804077
1913,909260,ALL,4.920595,4.244096755981445
1191,1295740,ALL,-5.599918,-5.7881646156311035
2106,906877,ALL,0.809725,2.074620246887207
1507,906763,ALL,3.330328,3.1795074939727783
1615,1247871,ALL,3.807199,4.863255023956299
1620,1247871,ALL,4.489241,5.029428005218506
1578,908146,ALL,4.071777,3.9911208152770996
1017,909703,ALL,2.300557,2.2347118854522705
1036,907277,ALL,2.266998,2.603416919708252
1199,909260,ALL,2.182176,2.651524066925049
1085,910687,ALL,1.460062,0.39742040634155273
1199,905958,ALL,3.102957,2.924248695373535
1635,907272,ALL,3.974866,4.091254234313965
1032,909260,ALL,1.066921,1.1107854843139648
1049,905958,ALL,3.590787,3.9432451725006104
1091,910687,ALL,-1.09342,0.3441734313964844
1089,909743,ALL,3.026301,1.994946002960205
1017,909252,ALL,2.242532,3.046828031539917
1054,906877,ALL,0.687573,1.5504279136657715
1559,908146,ALL,-2.334518,-2.457981824874878
1617,949153,ALL,2.988976,0.18688809871673584
1268,1297446,ALL,3.636546,3.5047507286071777
1007,907787,ALL,-5.457334,-5.180048942565918
1932,908146,ALL,1.482496,1.5385010242462158
1908,907277,ALL,1.630378,2.2177932262420654
1598,1247871,ALL,4.383695,3.5331249237060547
2047,905958,ALL,0.019696,3.038447141647339
2040,1297446,ALL,1.322864,-0.43520021438598633
1627,908147,ALL,1.072798,1.199192762374878
1915,909743,ALL,2.419937,2.563883066177368
2096,905952,ALL,2.303459,2.5356409549713135
1618,949153,ALL,2.3957,1.8746414184570312
1375,909702,ALL,4.595688,4.291482925415039
2045,908147,ALL,2.780435,2.3590588569641113
2046,998184,ALL,1.695866,0.7455340623855591
1510,946358,ALL,4.499799,2.563297748565674
1529,907272,ALL,2.742752,0.47381988167762756
2107,998184,ALL,3.860607,3.9108924865722656
2107,1297446,ALL,4.269907,4.298016548156738
1849,1297446,ALL,-1.289243,-1.2338733673095703
1053,907787,ALL,2.232337,2.877530097961426
1177,906877,ALL,2.498569,3.834713935852051
1054,1297446,ALL,2.216222,2.3086037635803223
1910,909260,ALL,-0.544297,-0.20726227760314941
1593,907789,ALL,-0.095257,0.5003750324249268
1091,909743,ALL,2.353282,2.499638080596924
1529,907277,ALL,-1.0692,-1.846128225326538
1034,907789,ALL,-3.159037,-4.930487632751465
1057,909260,ALL,-2.837258,-2.5969691276550293
2110,909260,ALL,4.918413,3.7978262901306152
1553,909743,ALL,1.84008,0.8512487411499023
1939,1295740,ALL,2.765297,1.829530954360962
1079,909251,ALL,1.871323,-0.9256122708320618
1913,909702,ALL,3.546839,3.196235418319702
1625,907787,ALL,4.613391,3.8561859130859375
1259,909251,ALL,0.570218,-0.14212512969970703
1939,905952,ALL,2.229256,1.7101614475250244
1926,909252,ALL,-0.171003,0.1976790726184845
1912,910687,ALL,2.432408,0.9304971694946289
1910,946358,ALL,2.724839,1.8041067123413086
1054,998184,ALL,0.568348,1.5302090644836426
1564,906763,ALL,2.448309,1.8621654510498047
1060,1295740,ALL,0.996861,0.7101637125015259
1180,1295740,ALL,-3.113891,-3.7562031745910645
1084,1297446,ALL,-1.880007,-2.5717334747314453
1237,905958,ALL,4.606493,4.663900852203369
2048,909260,ALL,-3.558815,-4.4567365646362305
1032,905958,ALL,1.746765,1.2076194286346436
2107,906763,ALL,4.675329,4.420512676239014
1913,905952,ALL,4.013604,3.313882350921631
1017,910944,ALL,2.303883,2.915163040161133
1003,910944,ALL,-4.704681,-4.33797025680542
1057,998184,ALL,-4.316964,-3.2752187252044678
1614,998184,ALL,3.262867,3.1668527126312256
1557,910687,ALL,4.209395,4.432887077331543
1058,949153,ALL,-1.602811,-1.1298744678497314
1627,909703,ALL,1.9877,2.13751482963562
1549,946358,ALL,4.061342,2.886862277984619
1012,1295740,ALL,0.120657,-0.1761888861656189
1375,907789,ALL,5.020606,4.378361701965332
1598,909252,ALL,2.800312,3.2371113300323486
1855,910944,ALL,2.157389,2.479912042617798
1034,949153,ALL,-3.828333,-3.779715061187744
1200,910944,ALL,1.598922,1.3423900604248047
1862,909702,ALL,-1.973237,-2.081927537918091
1054,907789,ALL,0.982573,0.32399314641952515
1630,905958,ALL,4.455248,5.442858695983887
1910,905958,ALL,-0.938585,-1.0293822288513184
1549,906877,ALL,3.815597,4.288305759429932
1912,906877,ALL,1.158345,1.0392818450927734
1053,905958,ALL,1.941932,2.1096997261047363
1079,908146,ALL,2.83164,2.14833402633667
1080,909703,ALL,-4.637789,-4.664642333984375
1047,909251,ALL,3.293966,2.6998376846313477
1624,905958,ALL,2.705415,3.8502724170684814
1598,907277,ALL,2.729577,2.1665544509887695
1507,905958,ALL,4.193748,4.525758266448975
1190,909702,ALL,-3.658191,-4.7009077072143555
1918,910687,ALL,2.066438,1.7282500267028809
2040,906763,ALL,-1.732414,-1.1258232593536377
1017,907277,ALL,2.85441,3.068502187728882
1908,908146,ALL,0.702809,0.394076943397522
1852,949153,ALL,4.164331,4.358199596405029
1933,907787,ALL,2.403791,2.7054696083068848
1053,909260,ALL,0.748851,1.0052553415298462
2048,909703,ALL,-4.996957,-4.9262166023254395
1237,907787,ALL,4.188113,4.003620624542236
1060,909260,ALL,1.477109,0.13806593418121338
1053,949153,ALL,-0.443437,-0.4479452967643738
1925,909252,ALL,4.178445,4.178590774536133
2109,910687,ALL,1.411016,1.9716565608978271
1084,949153,ALL,-3.661908,-2.599555492401123
1915,1247871,ALL,2.348517,2.225297212600708
1084,907272,ALL,-1.884295,-3.8622560501098633
1058,905958,ALL,0.682744,1.933530569076538
1022,949153,ALL,-2.069856,-1.174123764038086
1034,946358,ALL,-3.387135,-4.046555519104004
1913,1295740,ALL,3.729198,4.184698581695557
1913,906763,ALL,2.404349,3.6840827465057373
1022,1297446,ALL,-1.969432,-1.5775067806243896
1510,906763,ALL,2.13275,1.9421091079711914
1618,907787,ALL,3.328773,3.0177218914031982
1997,909702,ALL,-1.626911,-0.8489050269126892
1079,907787,ALL,1.437061,1.805516004562378
1620,1295740,ALL,4.604638,4.814064979553223
1928,905952,ALL,2.203371,2.58202862739563
1177,909743,ALL,1.841634,2.7630960941314697
1621,1297446,ALL,2.97747,2.8328697681427
1259,906763,ALL,3.020515,2.069962978363037
2107,909252,ALL,4.411539,3.9867753982543945
1930,907277,ALL,-1.204625,-0.5297455191612244
1068,949153,ALL,0.058629,0.6001043319702148
1200,906763,ALL,2.063907,2.009348154067993
1919,907277,ALL,0.660798,0.5092464685440063
1911,907789,ALL,-5.635718,-5.136099815368652
1598,908147,ALL,2.427678,2.817934989929199
1073,909702,ALL,2.998949,2.8254153728485107
1051,949153,ALL,-2.316129,-2.2687439918518066
1549,908147,ALL,3.844022,3.737441301345825
1373,905952,ALL,3.245183,3.6997954845428467
1915,906877,ALL,2.864776,3.2176337242126465
1079,1247871,ALL,-3.676882,0.8975215554237366
1507,909260,ALL,4.242659,4.287973880767822
1006,908147,ALL,-3.703362,-3.880274772644043
1011,907789,ALL,-3.647939,-1.5336921215057373
1578,907277,ALL,4.068066,3.641248941421509
1005,907787,ALL,0.053828,0.5005214214324951
1091,906877,ALL,0.261921,2.652041435241699
1627,907787,ALL,2.306101,2.0552902221679688
2048,1297446,ALL,-3.076189,-3.61270809173584
1915,909260,ALL,2.983077,2.6383626461029053
1626,1295740,ALL,2.554194,2.7136378288269043
1268,909743,ALL,4.971105,4.084174156188965
1926,909260,ALL,-0.068563,-0.40498238801956177
1614,906763,ALL,1.346457,1.7103464603424072
1558,907272,ALL,1.463094,1.8138554096221924
1250,907272,ALL,0.548691,-0.1350962221622467
1916,998184,ALL,-2.034854,-1.7668511867523193
1190,910687,ALL,-5.908896,-5.040019512176514
1054,1247871,ALL,3.037454,2.022219657897949
1625,949153,ALL,3.090764,3.5823135375976562
1631,908147,ALL,1.906988,1.6739306449890137
1180,909252,ALL,-3.887807,-3.181593179702759
1190,907789,ALL,-2.069064,-1.4960999488830566
2111,909702,ALL,1.952528,1.1160850524902344
1915,907272,ALL,1.831201,1.7364625930786133
1918,907277,ALL,2.802849,1.5649213790893555
1593,910687,ALL,0.707013,0.053252458572387695
1629,907272,ALL,3.354824,3.3171980381011963
1909,909702,ALL,0.641376,0.6734888553619385
1268,907789,ALL,3.28201,3.6798014640808105
1259,998184,ALL,-0.395039,0.3670262396335602
1576,998184,ALL,2.155337,2.0809240341186523
1529,949153,ALL,1.604089,-1.2592027187347412
1179,907787,ALL,-0.997617,-0.286471962928772
1940,909251,ALL,1.851953,3.1491169929504395
1080,909252,ALL,-4.301785,-4.038609504699707
1912,907277,ALL,-1.767811,-1.2562787532806396
1093,905958,ALL,3.97079,4.416513442993164
1564,909260,ALL,2.536465,2.716014862060547
1084,908147,ALL,-2.850865,-4.386603355407715
1631,1247871,ALL,3.268808,3.2804365158081055
1996,946358,ALL,3.330095,2.3946828842163086
1060,906877,ALL,2.303709,1.1909948587417603
1997,1247871,ALL,1.761702,0.6655097603797913
2107,907272,ALL,3.712198,4.143308162689209
2045,1247871,ALL,3.730811,4.126162052154541
1511,909260,ALL,-2.827309,-2.3719635009765625
1853,907277,ALL,2.460262,2.3990209102630615
1012,907272,ALL,-0.436618,-0.029351353645324707
1047,906763,ALL,3.117044,3.5293455123901367
1007,909260,ALL,-4.720922,-4.710004806518555
1237,909252,ALL,4.128032,3.892791509628296
1928,907277,ALL,1.963569,2.157068967819214
1909,909743,ALL,1.662147,3.110290050506592
1073,909252,ALL,3.19545,2.911458969116211
2110,909252,ALL,4.411539,3.44384503364563
1250,906763,ALL,-1.480861,-0.11092710494995117
1854,910944,ALL,3.534733,3.4268910884857178
1939,909260,ALL,2.16518,2.320023775100708
1053,906763,ALL,1.921032,2.07837176322937
1996,909703,ALL,3.737987,2.0385332107543945
1629,909252,ALL,3.56134,3.398886203765869
1006,907789,ALL,-0.929994,-2.0404653549194336
1085,1247871,ALL,1.371891,1.3459432125091553
1047,909702,ALL,3.177077,2.996004343032837
1853,909703,ALL,2.413088,3.369244337081909
1852,908146,ALL,3.850882,4.48957633972168
1621,910687,ALL,4.263443,3.546658992767334
1248,1297446,ALL,-7.524123,-5.732934951782227
1912,910944,ALL,2.600578,2.0534188747406006
2048,909743,ALL,-5.148913,-5.334201812744141
1180,910687,ALL,-4.094552,-3.8351993560791016
1168,946358,ALL,2.746249,2.3359827995300293
1559,909252,ALL,-2.115048,-2.404904365539551
1004,1297446,ALL,-4.491996,-4.502756118774414
1919,909251,ALL,0.35227,1.0444262027740479
1927,907272,ALL,4.397926,3.6851770877838135
1617,907789,ALL,-0.196579,-1.0546331405639648
1005,909251,ALL,-0.09341,0.10038125514984131
1006,905952,ALL,-2.468894,-2.156280279159546
1936,910944,ALL,2.256556,1.5674870014190674
1936,906763,ALL,2.409618,1.6584713459014893
1925,909743,ALL,4.346082,4.415548801422119
1564,907787,ALL,2.769728,2.169457197189331
1598,909251,ALL,2.814933,3.2843308448791504
1557,909703,ALL,4.30075,4.403282642364502
2043,717431,NB,5.576055,4.778207778930664
1862,949171,NB,-0.999293,-1.306215524673462
1908,949171,NB,0.897078,-0.20334672927856445
1190,688087,NB,2.782165,2.5460045337677
1996,907170,NB,2.993293,1.8815157413482666
1909,949171,NB,2.116918,1.831740379333496
1557,906872,NB,6.257026,6.393728256225586
1007,949174,NB,-3.432138,-4.053496837615967
1089,724828,NB,4.593136,3.7336721420288086
1093,908447,NB,5.938111,5.072832107543945
1199,949179,NB,2.592883,3.891425132751465
1852,1240181,NB,4.786393,4.709889888763428
1853,910780,NB,4.069906,3.1891021728515625
1004,1240181,NB,-4.46524,-3.9417290687561035
1854,906872,NB,6.014134,6.2361555099487305
1250,753618,NB,-0.157449,0.22553572058677673
1926,949172,NB,-1.00394,-0.09222748875617981
1912,910780,NB,2.211394,2.207631826400757
1931,949174,NB,5.3816,5.293409824371338
1190,906872,NB,2.217496,-0.17812597751617432
2111,949172,NB,5.402356,5.290135383605957
2044,907170,NB,1.331519,2.8113715648651123
2048,907170,NB,-6.141605,-4.872864723205566
1131,908447,NB,5.527874,4.693578243255615
1507,753618,NB,4.514212,3.8684966564178467
1626,1240181,NB,-0.098694,-0.2664535641670227
1088,949171,NB,0.053447,0.5575212240219116
1912,906872,NB,2.577409,3.518183946609497
1179,906875,NB,-0.060444,-0.7299807667732239
1180,906820,NB,-1.613976,-3.727963447570801
1511,949174,NB,-1.345699,-1.1701769828796387
1925,724828,NB,5.352713,5.413239479064941
1047,906872,NB,2.825415,3.211082696914673
1047,724828,NB,5.56748,4.523889064788818
2111,906875,NB,1.071773,3.5497052669525146
1036,949172,NB,2.772515,4.552494049072266
1635,949174,NB,5.055664,4.958636283874512
2047,907170,NB,1.485163,2.2543792724609375
1177,753620,NB,3.24425,2.51173996925354
2043,1240181,NB,4.695078,4.152092933654785
1058,949177,NB,1.531077,0.9736607670783997
1916,907170,NB,3.620599,2.6994926929473877
1593,1240181,NB,0.588888,0.3290799856185913
1032,949179,NB,1.790947,1.7995877265930176
1909,949178,NB,-0.229328,0.015265882015228271
2043,910780,NB,3.964768,4.012505531311035
1007,753620,NB,-4.761871,-3.4894282817840576
1088,906875,NB,1.646088,0.8671165108680725
1617,908440,NB,5.152525,2.486082077026367
1622,724828,NB,5.634284,4.748797416687012
1560,949172,NB,0.074107,1.2484524250030518
1862,908447,NB,-1.259302,-1.6734528541564941
2045,906872,NB,4.860934,4.968706130981445
1036,906820,NB,4.86396,4.784758567810059
1626,724828,NB,2.167345,1.6449830532073975
1259,949171,NB,-0.93242,0.6382454633712769
1168,753618,NB,1.51615,1.8803973197937012
1073,949171,NB,2.843994,2.2286362648010254
1786,949178,NB,2.135283,2.4040064811706543
1912,753618,NB,2.231441,2.6449813842773438
1017,1240181,NB,4.292968,3.4160501956939697
1034,906872,NB,-3.656281,-2.7686426639556885
1089,906872,NB,3.86731,3.99985671043396
1060,949171,NB,-1.394588,-0.29913365840911865
1941,688086,NB,-0.797393,-3.490150213241577
1005,753616,NB,3.483352,2.8598997592926025
1622,753620,NB,4.20595,4.291024684906006
1598,688086,NB,4.926532,4.468192100524902
2047,906872,NB,1.99507,3.44573712348938
1237,910780,NB,5.25087,4.663602352142334
1007,906820,NB,-5.38649,-4.789267063140869
1057,949177,NB,-1.66144,-1.9801864624023438
1131,1240181,NB,3.165245,2.9046456813812256
1373,1240181,NB,2.876171,3.9257965087890625
2111,949174,NB,4.567493,4.617012977600098
1916,753620,NB,3.75204,2.8151016235351562
2106,906820,NB,1.444849,2.623594045639038
1049,688086,NB,2.607016,3.2866413593292236
2045,908440,NB,5.239846,4.097177505493164
1003,753616,NB,-2.616148,-1.8127574920654297
1017,910941,NB,3.074205,1.6349153518676758
1927,949172,NB,3.567727,4.036406993865967
1996,949171,NB,3.580357,2.910576581954956
1003,753620,NB,-4.39292,-4.658267498016357
2044,949177,NB,2.032248,1.8456642627716064
1918,1240181,NB,1.944486,2.6356351375579834
1199,949177,NB,1.970714,2.0861830711364746
1560,907170,NB,3.938206,3.4100606441497803
1083,907314,NB,4.142539,3.391205310821533
1073,753616,NB,5.715968,5.597461700439453
1786,906872,NB,1.159849,2.920645236968994
1191,910780,NB,-4.695654,-4.580392837524414
1017,688086,NB,2.728427,2.6234986782073975
1085,908447,NB,1.773809,2.7908823490142822
1598,906875,NB,4.08831,3.8225035667419434
2046,907314,NB,0.143249,1.3639352321624756
2107,688086,NB,4.500412,4.35294246673584
1373,907314,NB,5.365911,5.33290433883667
1237,949174,NB,5.186817,4.972443580627441
1615,907170,NB,4.127151,4.017153739929199
1511,1240181,NB,-0.679636,-0.9203335642814636
1511,908447,NB,-1.803706,-1.210819959640503
1854,906875,NB,5.639069,5.135557651519775
1051,906875,NB,1.86987,1.0831420421600342
1557,753620,NB,5.376386,5.193473815917969
1004,753618,NB,-5.291149,-6.159049034118652
1080,907170,NB,-6.074243,-4.558441638946533
1557,949171,NB,4.768282,4.654943466186523
1512,753620,NB,5.52696,4.5347900390625
1080,910780,NB,-1.006963,-2.8838253021240234
1259,1240181,NB,2.154681,3.166275978088379
1928,724828,NB,4.991466,4.758386611938477
1549,908440,NB,0.886865,0.8738219141960144
1913,753616,NB,5.510769,5.118747234344482
1375,949179,NB,6.964009,6.716002464294434
1004,949172,NB,-2.930335,-4.13361120223999
1373,949179,NB,5.745918,5.524318695068359
1561,906872,NB,3.457759,2.9485762119293213
1941,906872,NB,-2.004257,-3.3681528568267822
1560,907314,NB,3.651125,3.6826064586639404
1036,717431,NB,4.898435,4.928534507751465
1199,753620,NB,3.233198,3.533970355987549
2048,753616,NB,-4.135349,-3.0185699462890625
1259,906875,NB,2.023719,0.3111869990825653
1168,688086,NB,1.1366,2.3771281242370605
1250,753616,NB,3.680589,1.5420472621917725
2109,949174,NB,1.788172,2.828434944152832
1373,949178,NB,4.101829,3.4854485988616943
1058,907170,NB,1.71747,1.213391900062561
1068,949178,NB,0.995684,0.01950526237487793
1919,949177,NB,0.994042,1.535522699356079
1051,906820,NB,-2.771058,-1.5844078063964844
1615,724828,NB,5.736791,5.477437496185303
2043,724828,NB,5.898595,5.148013591766357
1925,688086,NB,5.346441,4.171586990356445
1085,724828,NB,3.155376,3.244018077850342
1620,753620,NB,5.452489,5.097813129425049
1849,949171,NB,-1.015496,-2.1075103282928467
1931,908447,NB,5.928062,5.352768898010254
2047,908447,NB,2.786286,2.1517140865325928
1922,717431,NB,1.512691,1.7776358127593994
1511,949171,NB,-2.122851,-2.594940185546875
1927,949171,NB,3.145868,4.644030570983887
1054,907314,NB,3.87925,3.6639950275421143
1932,906820,NB,1.751305,0.9888041615486145
1621,949174,NB,4.325095,4.074206352233887
2043,907170,NB,3.315506,3.0701236724853516
1854,949177,NB,3.777402,4.150938987731934
1925,910941,NB,5.273785,5.2144646644592285
1036,753620,NB,5.518654,5.491767406463623
1168,949172,NB,2.862591,2.972045421600342
1997,724828,NB,5.361315,4.276668071746826
1007,949177,NB,-6.636652,-5.701945781707764
1873,910780,NB,0.426408,0.7693700790405273
1084,753620,NB,-2.10658,-2.7574048042297363
1191,907170,NB,-5.628931,-6.178565979003906
1013,907170,NB,1.619142,2.9440205097198486
1930,753620,NB,-1.580832,-1.164886713027954
1190,906820,NB,-4.24084,-4.094851493835449
1011,949179,NB,2.681603,1.8945684432983398
1852,949174,NB,5.237569,5.010322093963623
1941,910941,NB,-4.992494,-4.553804874420166
1630,753618,NB,4.088433,3.1497719287872314
1613,688086,NB,0.487512,1.9651987552642822
1073,949174,NB,5.864964,5.637656211853027
1922,949177,NB,1.270175,1.606440544128418
1997,907170,NB,2.412223,1.5068905353546143
2048,906875,NB,-3.299236,-3.333348274230957
1626,949171,NB,1.70151,2.0119776725769043
1852,908447,NB,5.376257,5.2525553703308105
1924,949172,NB,1.344389,0.2910950183868408
1051,753620,NB,-0.002485,-0.7347554564476013
1941,949172,NB,-4.325679,-3.5413827896118164
1614,949171,NB,3.674892,3.498028516769409
1786,753620,NB,1.649799,1.8924400806427002
2110,949174,NB,4.127016,4.488698482513428
1939,949178,NB,1.618494,1.5093774795532227
1855,724828,NB,5.399229,4.05151891708374
1629,949174,NB,4.191173,3.8937127590179443
1622,908440,NB,4.045883,4.056681156158447
1917,949171,NB,1.879861,1.1134289503097534
2047,949178,NB,1.872123,1.1910557746887207
1237,753616,NB,5.074789,5.140538215637207
1268,753616,NB,4.712235,4.799101829528809
1558,910941,NB,1.795035,2.7138195037841797
1996,907314,NB,3.328884,3.684217691421509
1931,688087,NB,5.164486,5.30625057220459
1005,949177,NB,1.571654,0.8044460415840149
1032,753620,NB,2.084608,1.2282097339630127
1578,753618,NB,4.268104,4.020772457122803
1594,753616,NB,4.47719,5.928727149963379
1940,908440,NB,3.812957,2.8682525157928467
1634,907170,NB,3.290212,3.16249680519104
2096,1240181,NB,-1.817847,0.07320058345794678
1559,753620,NB,-2.12302,-3.89085054397583
1034,949172,NB,-2.573748,-2.4878287315368652
1911,949171,NB,-5.624506,-5.730561256408691
2040,949172,NB,-0.516515,1.0230329036712646
1512,949174,NB,5.474597,4.843677520751953
1624,949174,NB,3.679678,3.7938880920410156
2044,906875,NB,4.141947,3.402143955230713
1007,910941,NB,-5.840575,-5.571863174438477
1931,688086,NB,5.465103,4.806286334991455
1561,688086,NB,2.790707,2.300804376602173
1909,910941,NB,2.792123,-0.13770103454589844
2096,949178,NB,2.020024,2.3811097145080566
1925,688087,NB,5.183775,4.973584175109863
1179,717431,NB,1.049786,0.7539733648300171
1622,907170,NB,4.110147,3.0362918376922607
1915,753618,NB,2.236051,2.10548734664917
1091,907170,NB,4.065869,2.138861894607544
1908,910941,NB,3.067973,3.069308280944824
1613,906875,NB,2.523798,3.13683819770813
2047,908440,NB,-1.008085,-1.9674601554870605
1620,724828,NB,5.854205,5.385340213775635
1010,907314,NB,3.994282,3.6571643352508545
1036,688086,NB,4.024363,3.812988519668579
1073,753618,NB,2.04863,2.9014267921447754
1036,753616,NB,4.850555,4.780341625213623
1924,949171,NB,4.7847,4.359579086303711
1631,906820,NB,2.072299,2.123566150665283
1618,907170,NB,3.498581,3.12046480178833
1926,949177,NB,0.591615,0.027671247720718384
1932,908440,NB,0.650774,0.2583300471305847
1375,906872,NB,6.416801,6.603221416473389
1049,688087,NB,3.627918,4.366044044494629
1089,753618,NB,2.057293,2.188020944595337
1079,908440,NB,-1.941702,-1.8547720909118652
1908,753620,NB,1.22528,0.7812680006027222
1560,906872,NB,4.154939,5.10961389541626
1624,753616,NB,3.492806,3.4773948192596436
1627,908447,NB,3.478767,3.44250750541687
1913,906872,NB,6.04609,5.4734110832214355
2048,949174,NB,-1.527691,-2.093367576599121
1199,910780,NB,3.01536,2.9092814922332764
1996,949179,NB,3.296843,3.811049222946167
1625,753616,NB,4.942296,5.27614688873291
1613,753620,NB,2.383297,2.2925448417663574
1563,949172,NB,5.494993,5.460893630981445
1931,907170,NB,4.371756,3.562105417251587
1919,724828,NB,3.556772,1.2393419742584229
1862,949172,NB,-1.68981,-1.424494981765747
1022,949178,NB,-1.743865,-1.670346975326538
1997,949171,NB,4.552774,4.107608318328857
1051,949171,NB,-3.150936,-0.5082245469093323
1912,717431,NB,1.830821,2.1959586143493652
1259,753618,NB,0.382384,0.8490655422210693
1560,910941,NB,4.125893,3.835980176925659
1915,753620,NB,3.117342,2.357913017272949
1088,907314,NB,0.947591,0.505063533782959
1560,724828,NB,4.223805,4.899211883544922
1786,949179,NB,3.696968,3.9698424339294434
1036,949179,NB,5.903157,5.3172430992126465
1249,949174,NB,4.104719,4.036355972290039
1913,949172,NB,4.307768,3.849264144897461
1058,753616,NB,1.273739,1.830115556716919
1912,949172,NB,-0.108382,-0.12556618452072144
1926,949171,NB,-0.515459,0.021554172039031982
1180,949177,NB,-3.7161,-3.6642088890075684
1613,753618,NB,1.64134,0.6566976308822632
1618,906872,NB,3.243931,4.603205680847168
1913,753620,NB,2.801164,4.299196720123291
1088,688087,NB,2.540334,3.023172616958618
1560,949177,NB,2.866519,2.265345335006714
1191,906820,NB,-5.222557,-5.108956813812256
1849,1240181,NB,-2.395047,-2.0627081394195557
1034,949174,NB,-2.104366,-2.21209716796875
1022,717431,NB,0.403614,0.45208513736724854
1003,949172,NB,-2.445108,-1.716686487197876
1996,908440,NB,3.224102,3.010336399078369
2109,1240181,NB,1.056595,2.1886842250823975
1855,910941,NB,3.796789,3.4847285747528076
1250,907170,NB,-0.061385,0.06911951303482056
1940,910941,NB,4.213444,3.4644434452056885
1073,949179,NB,6.949209,6.122504711151123
1093,753618,NB,3.060528,3.3988420963287354
1049,949171,NB,2.337899,3.821592330932617
1088,753620,NB,0.656073,0.6206269264221191
1510,724828,NB,3.390735,4.771932125091553
1017,908447,NB,5.021936,3.553048610687256
1013,753618,NB,3.011984,2.4825048446655273
1622,1240181,NB,4.051114,3.9487531185150146
1933,906875,NB,4.944037,5.15382194519043
1854,949174,NB,5.112919,4.251528739929199
1939,949174,NB,2.406605,2.999163866043091
1593,906872,NB,2.749055,2.7985000610351562
1084,688086,NB,-1.362579,-2.2916314601898193
1179,908440,NB,-0.368541,-0.3281262516975403
1563,906872,NB,6.601436,6.3647141456604
1909,910780,NB,-0.697175,-1.0248503684997559
1620,908447,NB,5.739002,5.647094249725342
1915,907314,NB,3.011578,2.8086745738983154
1564,1240181,NB,-1.546998,-2.2981584072113037
1626,906872,NB,4.446632,3.512476921081543
1618,908440,NB,3.357154,3.3750648498535156
1032,907314,NB,2.273345,1.2494735717773438
1618,949178,NB,2.810133,2.6404073238372803
1057,907170,NB,-1.578739,-2.6182100772857666
1079,949172,NB,3.294426,2.897711992263794
1529,949172,NB,-0.473203,2.2416393756866455
1924,906820,NB,3.651868,4.159254550933838
1199,949172,NB,2.489557,2.2026329040527344
1613,908447,NB,1.614117,3.713355302810669
1177,949178,NB,2.820442,2.110980272293091
1629,949171,NB,3.92746,4.352747440338135
1091,753618,NB,1.792144,1.5192809104919434
1373,910941,NB,5.359488,4.137117862701416
1911,949177,NB,-5.640451,-5.2980732917785645
1046,907170,NB,0.493574,0.3289834260940552
1928,949171,NB,2.288844,4.275749683380127
1624,908440,NB,-0.477628,0.25371044874191284
1563,717431,NB,6.152766,5.669959545135498
1239,907170,NB,0.395934,0.2380038946866989
1131,906820,NB,3.995211,3.8376998901367188
1617,753616,NB,2.658466,3.7495269775390625
1006,908440,NB,-0.353886,-1.806159496307373
1011,910780,NB,-3.360827,-3.161026954650879
1060,949179,NB,2.694737,2.1414148807525635
1598,949171,NB,3.558806,3.8568687438964844
1916,688086,NB,3.170843,3.359041213989258
1013,949177,NB,1.302317,2.3967010974884033
1131,949178,NB,1.932437,3.008298635482788
1853,753616,NB,4.446447,5.040292263031006
1617,949178,NB,0.929617,1.9486348628997803
1005,906872,NB,3.854502,3.8365676403045654
1932,688086,NB,1.42852,0.6176960468292236
1626,907170,NB,2.507375,2.2949440479278564
1557,949177,NB,4.774689,4.234208106994629
2107,906875,NB,5.433076,5.156867027282715
2044,908447,NB,4.877779,4.070621967315674
1012,753620,NB,0.586449,0.17162662744522095
1563,907314,NB,5.489825,5.576994895935059
2106,753620,NB,3.259222,4.20039176940918
1627,1240181,NB,1.315472,2.2550954818725586
1375,949177,NB,4.392798,5.113651275634766
2106,908440,NB,1.738391,1.4931495189666748
1854,753620,NB,5.23304,5.091519832611084
1922,910941,NB,1.216552,1.6293880939483643
1912,907170,NB,3.30868,2.2064054012298584
2107,717431,NB,5.225672,4.908274173736572
1799,907170,NB,4.370152,4.497337341308594
1634,908440,NB,3.723645,4.05312442779541
2044,906872,NB,2.433082,3.5257534980773926
1012,717431,NB,2.108598,0.876187264919281
2045,949174,NB,5.378763,5.230256080627441
1630,910941,NB,4.292491,4.003543376922607
1510,717431,NB,2.852674,1.7485096454620361
1862,906875,NB,-1.319993,-1.898852825164795
2109,688087,NB,2.509597,2.833690643310547
1006,753620,NB,-0.502726,-1.3411831855773926
1373,908440,NB,4.063612,3.4034676551818848
1177,907314,NB,2.679737,1.9352421760559082
1079,949179,NB,4.802787,2.8255627155303955
1563,949174,NB,5.834561,5.696340084075928
1997,949179,NB,3.407145,3.103248119354248
1627,907314,NB,2.939646,2.76072359085083
1559,717431,NB,-3.29108,-2.169224739074707
1624,1240181,NB,1.027749,1.2855678796768188
1080,908440,NB,-3.985526,-3.704679489135742
1634,910780,NB,2.87191,3.5949621200561523
1873,906872,NB,1.316168,2.2552478313446045
1191,753616,NB,-5.626117,-4.565410137176514
1068,910780,NB,0.669239,0.5679657459259033
1022,724828,NB,-0.765276,0.06574857234954834
1549,949179,NB,3.709564,4.639649391174316
1613,949178,NB,0.891216,1.1155526638031006
1634,949171,NB,3.490803,3.796370029449463
1561,753618,NB,2.92446,3.305333375930786
1873,910941,NB,0.489083,1.002152442932129
1068,753616,NB,0.907458,0.8676196932792664
1250,688086,NB,1.158825,1.1655040979385376
1511,906872,NB,-2.109103,-0.1903969645500183
1932,1240181,NB,-1.066477,0.3988959789276123
1908,753618,NB,1.520045,-0.22548890113830566
1624,910941,NB,2.760354,3.1686110496520996
1013,949179,NB,3.517742,3.9067130088806152
1177,688086,NB,2.447662,3.245978355407715
1373,753620,NB,5.356098,4.408819675445557
1003,908447,NB,-4.2433,-3.3431923389434814
1507,910941,NB,5.057036,4.7036895751953125
2047,906820,NB,-0.899124,-0.6408109068870544
1618,910941,NB,3.237482,3.5381970405578613
1576,906875,NB,1.527788,2.6857450008392334
1594,906872,NB,5.771463,5.58924674987793
1849,908440,NB,0.235044,-1.1422393321990967
1918,949177,NB,3.187263,2.8267862796783447
1054,906820,NB,1.441462,0.9374277591705322
1855,753618,NB,2.519306,2.9134817123413086
1563,949178,NB,4.981423,4.538336277008057
1909,949179,NB,1.248494,1.8984291553497314
1239,949178,NB,1.210997,0.06552955508232117
2110,906872,NB,5.796602,4.960214614868164
1058,910780,NB,1.259844,1.4708216190338135
1852,907314,NB,4.612125,5.142958164215088
1560,688087,NB,1.976687,3.0895631313323975
1080,688086,NB,-1.978212,-2.981563091278076
2040,908440,NB,-0.661206,-0.6876625418663025
2106,724828,NB,5.572559,4.17319393157959
1013,908447,NB,4.806776,4.730167865753174
1629,906872,NB,6.175651,5.728472709655762
1617,910780,NB,4.98784,3.209585666656494
1926,907170,NB,0.103942,-0.21006429195404053
2110,724828,NB,4.469011,5.285089015960693
1799,949178,NB,3.382858,3.7394657135009766
1939,906872,NB,3.593859,3.5872268676757812
1910,949179,NB,2.546334,1.6352128982543945
1180,753620,NB,-1.406586,-1.52595853805542
1006,949174,NB,2.030894,2.0673208236694336
1089,949171,NB,2.504586,2.379401206970215
1996,949174,NB,3.104508,3.3823366165161133
1620,753616,NB,5.90406,5.334261894226074
1862,910780,NB,-1.210929,-1.2935118675231934
1250,907314,NB,2.109361,2.593205690383911
1918,906872,NB,4.364498,4.017070770263672
1005,688087,NB,3.159986,3.713771104812622
1080,688087,NB,-0.419277,-0.5674976706504822
1576,910941,NB,1.263125,2.4441630840301514
1005,908440,NB,1.715171,1.5624542236328125
2040,949177,NB,0.549835,0.4874659776687622
2040,910941,NB,0.24412,1.1591548919677734
1006,724828,NB,1.00063,1.8224542140960693
2111,1240181,NB,4.028543,3.141529083251953
1936,753618,NB,1.631926,1.5410592555999756
2044,907314,NB,2.426708,3.3483054637908936
1010,906872,NB,3.733546,4.542930603027344
1924,910780,NB,3.405176,3.2108166217803955
1553,724828,NB,2.626647,4.17319393157959
2107,949179,NB,5.764521,5.229799747467041
1046,910941,NB,1.002573,0.8699538707733154
2044,1240181,NB,2.554615,3.221418619155884
1927,908440,NB,5.008328,4.678850173950195
1996,906872,NB,3.125045,5.145364284515381
1199,907170,NB,3.392551,2.736877918243408
1012,949179,NB,0.990466,1.1674168109893799
1936,949174,NB,3.208629,2.8027143478393555
2109,949171,NB,1.42236,2.3694283962249756
1941,906875,NB,-3.290467,-3.115804433822632
1010,753618,NB,2.450599,2.2849302291870117
1928,906875,NB,4.4323,4.740475177764893
1940,906820,NB,3.292939,3.4512219429016113
1088,688086,NB,1.156403,1.5832493305206299
1239,949174,NB,3.431711,2.0948281288146973
1849,949178,NB,-1.959309,-2.2136857509613037
1168,753620,NB,3.925224,1.8471438884735107
1621,906820,NB,4.138745,3.6568291187286377
1560,908447,NB,3.215509,3.8849105834960938
1012,908440,NB,-0.131895,-0.3489605784416199
1911,906872,NB,-5.175985,-4.1350884437561035
1928,717431,NB,5.79258,4.22477912902832
1916,717431,NB,3.211963,2.6715946197509766
1932,907170,NB,1.821571,1.5259697437286377
1053,906820,NB,3.701349,3.2478268146514893
1511,910941,NB,-4.662409,-2.512622833251953
2044,753616,NB,2.430784,4.85623025894165
1854,688086,NB,5.391923,4.833224296569824
1549,949178,NB,4.337614,3.6092443466186523
1924,906872,NB,5.896958,4.711982250213623
1168,908440,NB,1.249963,0.39261406660079956
1553,949177,NB,3.18513,1.7706964015960693
1036,906875,NB,4.607694,4.67595100402832
1563,724828,NB,4.808343,5.840798377990723
1080,949172,NB,-0.753943,-4.056550979614258
2044,949172,NB,2.527385,3.0414607524871826
1926,724828,NB,1.158042,0.2136296033859253
1997,908440,NB,1.464745,1.9650394916534424
1615,908440,NB,3.926719,4.274540901184082
2106,949179,NB,0.422143,0.8445264101028442
1559,724828,NB,-2.584996,-1.8025357723236084
1852,949177,NB,3.601893,4.46024227142334
1512,949171,NB,4.585607,4.623367786407471
1918,949179,NB,2.470782,1.8423199653625488
1529,910780,NB,-0.486718,1.4269278049468994
1083,753616,NB,3.704234,2.681391477584839
2047,949177,NB,-0.33322,2.612551689147949
1512,724828,NB,5.745185,5.410457134246826
1627,908440,NB,2.782125,2.158613920211792
1578,907314,NB,4.697436,4.762864112854004
1624,906820,NB,1.572601,2.6540236473083496
1512,910941,NB,5.25185,4.901325702667236
1249,907314,NB,2.867702,3.5690577030181885
1631,724828,NB,3.985085,4.08688497543335
1068,753620,NB,1.236133,0.6864408254623413
1933,906872,NB,5.440537,4.951317310333252
1012,1240181,NB,0.722419,-0.012171357870101929
1054,688087,NB,2.756651,4.275698661804199
1083,906820,NB,1.74876,1.5797462463378906
1593,753618,NB,0.919644,0.3094536066055298
1012,949174,NB,1.675035,2.208242893218994
1918,724828,NB,5.624593,4.350840091705322
1046,688087,NB,-0.258529,1.7270820140838623
1375,949171,NB,5.528884,5.3433990478515625
1004,949174,NB,-2.11552,-3.2115285396575928
1080,949177,NB,-5.082166,-4.244302272796631
1058,949178,NB,1.010272,1.6826121807098389
1635,753620,NB,5.425151,5.077519416809082
1034,907314,NB,-1.46387,-3.324665069580078
1593,910780,NB,0.898122,0.7361670136451721
1007,907170,NB,-7.050233,-6.363863945007324
1017,949177,NB,3.054555,2.362874746322632
1529,753620,NB,-0.051419,-1.382256269454956
1007,949171,NB,-5.460986,-5.181575775146484
1088,906820,NB,1.128789,1.0956627130508423
1873,949174,NB,1.707241,0.9265020489692688
1003,907170,NB,-4.393695,-5.742283821105957
1003,724828,NB,-2.487864,-1.4006755352020264
1560,688086,NB,4.196115,3.45432448387146
1053,949178,NB,2.114381,2.5562801361083984
1068,908447,NB,1.155831,1.8326470851898193
1168,907314,NB,2.974093,3.4147579669952393
1564,688086,NB,3.770294,4.543805122375488
2111,753618,NB,1.478774,1.861384391784668
2040,949171,NB,-0.203661,0.620651125907898
1560,908440,NB,0.621705,1.914341688156128
1625,949171,NB,3.377778,4.413811683654785
1634,949177,NB,2.124422,2.670393705368042
1614,949174,NB,4.436663,3.827831745147705
1613,949174,NB,4.437855,4.560580253601074
1786,1240181,NB,1.015389,1.7858195304870605
1627,724828,NB,3.140535,3.4315366744995117
1091,753616,NB,1.395233,0.7083438038825989
2043,949179,NB,4.499347,4.757946014404297
1940,907314,NB,3.311493,3.706165313720703
1594,908447,NB,5.677614,5.978663921356201
1560,949174,NB,5.334667,3.8681342601776123
1034,688087,NB,-2.461565,-2.7326948642730713
1088,724828,NB,2.550617,3.189465284347534
1922,688086,NB,1.768183,1.4160447120666504
1558,907314,NB,2.612901,3.777243137359619
2045,910941,NB,4.16016,3.670837879180908
1559,753616,NB,-2.21119,-2.4657986164093018
1558,753616,NB,2.161422,4.101217269897461
1191,949172,NB,-4.198434,-4.44001579284668
1624,907314,NB,5.848185,5.629520893096924
1259,908447,NB,1.450107,0.57073974609375
1200,949179,NB,3.860707,3.040786027908325
1910,1240181,NB,-1.171606,-2.1791210174560547
1373,906872,NB,4.673609,4.841602802276611
1248,908440,NB,-5.049684,-4.774714946746826
1529,907314,NB,0.07282,-1.637453556060791
1910,949171,NB,4.072219,3.829054832458496
1091,949172,NB,-1.429595,-0.07146313786506653
1017,949171,NB,2.62891,2.5672714710235596
1852,724828,NB,5.81832,5.285306930541992
1922,910780,NB,1.902854,1.7984559535980225
1924,1240181,NB,2.667194,3.0612103939056396
1557,753618,NB,4.047563,4.464079856872559
1089,907170,NB,1.487197,0.45709219574928284
1511,906820,NB,-2.202203,-1.7908222675323486
1010,1240181,NB,1.945586,2.215620756149292
1936,753620,NB,3.044335,1.266388177871704
1557,907314,NB,5.140003,4.735528945922852
1576,908447,NB,3.120396,3.5380733013153076
1558,949179,NB,4.893324,2.957935333251953
1634,688086,NB,4.730209,4.040842533111572
1853,907170,NB,4.149696,3.2448699474334717
1557,949174,NB,4.753395,5.02951717376709
1630,949178,NB,4.532731,3.4493680000305176
1560,906820,NB,1.657257,3.0462920665740967
1614,910780,NB,2.140364,2.960639476776123
1564,907170,NB,2.62072,3.27860689163208
1634,906872,NB,5.151269,5.39489221572876
1924,907170,NB,3.614913,3.292630672454834
1375,688087,NB,6.43538,6.2165446281433105
1054,906872,NB,3.130052,3.542839288711548
1630,724828,NB,4.566179,4.69318151473999
1007,717431,NB,-4.044488,-3.084901809692383
1559,949177,NB,-4.06902,-2.9845430850982666
1375,753616,NB,6.77325,5.991040229797363
1032,949178,NB,1.487718,0.8974161148071289
1004,906875,NB,-3.89432,-4.221116542816162
1013,949172,NB,2.603895,4.065515518188477
1576,906872,NB,4.028578,3.8441431522369385
1022,688086,NB,-0.914936,-1.2059991359710693
1080,1240181,NB,-2.11348,-1.9833338260650635
1854,907314,NB,3.428251,4.810305118560791
1036,753618,NB,3.854314,4.01369047164917
1578,949171,NB,5.468114,4.036495208740234
1549,753620,NB,4.053558,4.581439018249512
1996,688086,NB,5.422179,2.763352632522583
1239,908440,NB,0.933176,1.1047801971435547
1557,949178,NB,4.597159,4.510584831237793
1250,949171,NB,-0.873283,0.2896884083747864
1799,949171,NB,5.170754,4.981919765472412
1799,753618,NB,3.807226,4.030061721801758
1940,688086,NB,4.202639,2.83431339263916
1058,724828,NB,2.03013,1.6617670059204102
1553,907170,NB,3.140652,2.820546865463257
1622,753616,NB,3.301704,4.59981107711792
1932,949177,NB,1.314959,1.3308000564575195
1939,908447,NB,2.438396,2.869213581085205
1199,1240181,NB,3.239289,2.8800394535064697
1799,906820,NB,5.394652,3.4755663871765137
1034,908447,NB,-3.987929,-2.873119354248047
1248,949178,NB,-8.60856,-7.374870300292969
1373,906869,STAD,5.862924,4.809913158416748
1013,909697,STAD,3.847656,3.3658363819122314
1915,1298358,STAD,3.748546,3.6745386123657227
1004,1503364,STAD,-5.167048,-5.22944974899292
1932,908444,STAD,1.577437,3.1934738159179688
1088,906790,STAD,1.860937,2.0061099529266357
2111,1290806,STAD,5.033607,4.332892894744873
1618,1298357,STAD,4.5367,5.062488555908203
1917,1240151,STAD,1.208809,2.185068368911743
1593,908139,STAD,4.10086,2.827711820602417
1629,908444,STAD,4.045842,3.80067777633667
1931,908445,STAD,5.512252,5.0552778244018555
1852,908444,STAD,4.446662,4.556798934936523
1786,1290806,STAD,3.549651,1.4651775360107422
2044,1240151,STAD,2.860625,3.5734825134277344
1073,1298357,STAD,7.633137,6.549930572509766
2045,925340,STAD,5.92844,4.986776351928711
1925,907276,STAD,4.662916,5.205887317657471
1049,906790,STAD,2.617469,3.195946455001831
1036,908446,STAD,2.274499,3.4394474029541016
1912,908446,STAD,1.855907,1.7946879863739014
1911,908445,STAD,-5.062548,-4.741443634033203
1925,908445,STAD,5.510859,4.808999538421631
2043,1322224,STAD,4.233212,3.8637075424194336
2043,1240209,STAD,4.102076,5.229470252990723
1924,910924,STAD,1.70515,0.7430768013000488
1239,1240151,STAD,3.371266,2.440429449081421
1564,907276,STAD,1.164186,1.8218879699707031
1057,1298357,STAD,2.180964,1.2527577877044678
1852,1298357,STAD,4.309003,7.009925365447998
1852,925340,STAD,5.85871,5.998201370239258
1634,1503364,STAD,4.663536,3.8926146030426025
1084,907055,STAD,-4.64528,-4.453694820404053
1561,906790,STAD,-1.418949,-0.11339643597602844
1617,906869,STAD,3.955416,2.5646023750305176
1168,908444,STAD,0.425792,2.577848434448242
1179,1298357,STAD,2.674717,3.7151315212249756
1873,908139,STAD,1.469171,2.3411734104156494
1003,908139,STAD,1.186429,-0.7048583626747131
1058,1298358,STAD,2.754067,1.630035161972046
1512,906790,STAD,5.0375,4.907767295837402
1036,906790,STAD,4.735498,3.722437858581543
1939,924250,STAD,5.466386,2.5147292613983154
1996,907055,STAD,2.724273,2.2023050785064697
1036,1240209,STAD,5.697785,5.0424346923828125
1047,908455,STAD,6.517385,5.210186004638672
2044,908139,STAD,5.466462,4.692287921905518
1910,1298358,STAD,0.404502,0.7143592834472656
1250,908461,STAD,3.617148,4.128736972808838
1997,1290806,STAD,4.112285,3.9952778816223145
1913,1290806,STAD,4.535302,4.679149627685547
1191,908461,STAD,-3.784388,-4.130201816558838
1553,1240151,STAD,2.409527,2.503722667694092
1933,1298357,STAD,7.1276,6.32582950592041
1005,908139,STAD,5.021876,5.660604476928711
1940,1290806,STAD,3.879852,4.1727213859558105
1913,925340,STAD,5.220153,5.1870880126953125
1088,909697,STAD,0.778958,1.4655444622039795
1925,909697,STAD,4.521303,4.859506607055664
1091,908444,STAD,2.337621,2.426382541656494
1922,906790,STAD,1.816378,1.5916738510131836
2106,908445,STAD,2.829481,3.11472225189209
1168,907276,STAD,3.757041,3.9003210067749023
1549,1322224,STAD,2.213023,2.4361486434936523
1621,907055,STAD,4.452636,4.975254535675049
1933,1240209,STAD,4.297594,5.551176071166992
1615,1503364,STAD,4.513908,4.669273853302002
1613,1298357,STAD,4.475416,3.4412803649902344
1168,910924,STAD,1.902667,1.8313589096069336
1862,908139,STAD,-1.453497,-1.489806890487671
1629,906869,STAD,4.376427,4.880199909210205
1004,908444,STAD,-1.455457,-2.4898760318756104
1237,1322224,STAD,3.475266,3.9883644580841064
1578,1503364,STAD,5.235122,4.716721057891846
1250,909770,STAD,1.580501,1.8394708633422852
1057,909697,STAD,-2.095649,-0.8552598357200623
1512,1240155,STAD,4.92031,4.445879936218262
1007,1290806,STAD,-2.979709,-4.349362373352051
1004,1240209,STAD,-1.979944,-3.481060028076172
1199,924250,STAD,4.839411,3.397752285003662
1626,1240155,STAD,1.292957,1.22499680519104
1011,1322224,STAD,0.805265,1.6134979724884033
1510,1298357,STAD,8.122645,5.855236053466797
1939,906869,STAD,3.916332,2.236957311630249
2045,908446,STAD,4.372558,3.2919418811798096
1372,1322224,STAD,-1.193913,0.19611889123916626
1996,907276,STAD,4.755585,4.586773872375488
1250,910924,STAD,1.526864,1.3451999425888062
1560,908461,STAD,0.366502,0.4557139575481415
1511,908455,STAD,-2.422398,-1.854909896850586
1913,908455,STAD,5.561612,4.745509624481201
1598,908461,STAD,4.888342,4.7969279289245605
1036,908445,STAD,5.306151,4.659450054168701
1913,909770,STAD,4.148472,4.622020244598389
1786,908455,STAD,4.297608,4.370597839355469
1007,908445,STAD,-4.313357,-4.376607418060303
1180,1298358,STAD,-2.399671,-0.6063050627708435
1909,909770,STAD,2.499144,2.0136897563934326
1919,1240209,STAD,2.473604,1.4925339221954346
1940,1240209,STAD,3.680713,2.5800766944885254
2109,1298357,STAD,2.687831,3.600764513015747
1849,908445,STAD,-0.524987,-0.8759167790412903
1549,925340,STAD,6.096691,5.197187423706055
1915,1240209,STAD,3.403082,2.181379795074463
1557,910924,STAD,5.481636,3.975623369216919
1853,907276,STAD,2.739382,4.084725856781006
2111,1298357,STAD,5.815852,6.267679691314697
1927,910924,STAD,5.164485,4.430148601531982
1054,910924,STAD,3.223218,2.5633814334869385
1912,909697,STAD,2.805503,3.04571270942688
1091,908139,STAD,1.728397,2.481208086013794
2106,1298357,STAD,5.970498,5.7518439292907715
1168,1298357,STAD,2.396938,1.7400603294372559
1930,925340,STAD,0.009551,-0.12931662797927856
1088,910924,STAD,1.977462,3.0501441955566406
1068,908139,STAD,2.450176,1.735933542251587
1928,909697,STAD,4.672864,4.452721118927002
2044,906790,STAD,3.173584,2.410027503967285
1563,1298358,STAD,5.971735,6.614625930786133
1058,909770,STAD,1.901502,1.626446008682251
1932,1240209,STAD,0.075822,1.0192420482635498
1561,1322224,STAD,-1.49837,-0.04860109090805054
2044,1322224,STAD,1.55972,-0.05978277325630188
1131,908444,STAD,6.279935,4.550771713256836
1237,908446,STAD,2.700174,3.8019485473632812
1022,1298358,STAD,-0.201504,0.015590786933898926
1908,924250,STAD,4.639873,2.6773555278778076
1626,908455,STAD,2.701305,1.6358222961425781
1853,1240209,STAD,5.57519,3.7384867668151855
2046,1503364,STAD,1.625514,3.448479652404785
1919,908455,STAD,0.443469,0.12460607290267944
1626,906790,STAD,1.043906,0.5910815596580505
1578,906869,STAD,5.814571,5.479689598083496
1093,924250,STAD,6.526533,4.772974491119385
1997,910924,STAD,3.996362,5.047350883483887
1051,908455,STAD,1.820972,1.6610925197601318
2110,907276,STAD,5.953933,5.048797130584717
1036,907055,STAD,3.62156,4.312514781951904
1936,1240155,STAD,0.409988,1.7545838356018066
1635,925340,STAD,5.618538,5.575186252593994
1615,909697,STAD,4.297077,4.284550189971924
1073,1240209,STAD,6.968131,6.371828079223633
1053,908446,STAD,2.439986,1.8387737274169922
1375,908444,STAD,4.810679,5.24363899230957
1578,1240155,STAD,4.46856,4.588149547576904
1598,908446,STAD,2.812969,2.8629517555236816
1034,908455,STAD,-4.152621,-3.5704994201660156
1093,1290806,STAD,3.7522,4.189831256866455
1928,908139,STAD,4.164748,5.347023963928223
1862,924250,STAD,-1.635963,-1.4290547370910645
1248,909770,STAD,-4.858495,-4.346959590911865
1873,1503364,STAD,0.506074,0.7329946160316467
1564,1290806,STAD,3.196233,3.535233736038208
1017,1240151,STAD,3.83252,4.6688947677612305
1625,1240209,STAD,5.452076,4.791179180145264
1005,1298358,STAD,4.96197,2.0557453632354736
1617,907055,STAD,1.525539,0.8684290051460266
1168,1240209,STAD,1.894262,1.6958317756652832
1249,907055,STAD,2.557309,2.856818675994873
1079,1240209,STAD,-4.380121,0.7605533003807068
1924,1298358,STAD,3.945976,3.688713550567627
1912,910924,STAD,0.874302,-0.0728902518749237
1512,908455,STAD,5.715334,5.412133693695068
1553,1240209,STAD,2.700509,2.403679132461548
2043,910924,STAD,3.461911,5.363646507263184
1627,925340,STAD,3.29154,2.750598430633545
1854,909697,STAD,5.104109,4.516366004943848
1926,907276,STAD,2.844635,1.7993745803833008
1926,925340,STAD,-0.218709,-0.8533509373664856
1930,1298357,STAD,3.073921,3.3435134887695312
2096,1298358,STAD,-1.125098,-0.7493274807929993
1908,908446,STAD,2.10542,1.5531949996948242
1168,908445,STAD,3.018309,3.185408115386963
1557,1240155,STAD,4.396725,4.351609706878662
1613,1298358,STAD,1.662935,2.5031614303588867
1618,908461,STAD,3.409464,4.389496803283691
1622,908444,STAD,3.352069,3.6457252502441406
1177,908139,STAD,5.237689,5.351433753967285
1010,909770,STAD,2.647403,3.1459577083587646
1629,908461,STAD,4.683398,4.99315071105957
1068,907055,STAD,1.337622,1.1938132047653198
1375,908139,STAD,6.722993,6.136798858642578
2096,925340,STAD,1.704139,0.2780502736568451
1916,1290806,STAD,1.582732,1.3654048442840576
1917,1503364,STAD,1.208412,1.8547148704528809
1916,906790,STAD,1.804557,1.380361557006836
1578,925340,STAD,4.772434,5.639627933502197
1553,909697,STAD,1.619526,3.187438726425171
1131,908445,STAD,3.350196,4.094051837921143
1915,924250,STAD,1.816987,2.459134817123413
1375,908455,STAD,6.225778,5.825514316558838
1631,1503364,STAD,2.292905,2.9912266731262207
1058,924250,STAD,3.535836,2.623342275619507
2106,925340,STAD,1.009107,1.0826412439346313
1051,908139,STAD,1.751997,3.7983415126800537
2044,1298358,STAD,5.242006,2.455197334289551
1799,907276,STAD,1.726263,5.7002272605896
1617,1240209,STAD,1.346539,2.294926643371582
1089,908444,STAD,2.548249,2.7141928672790527
2107,908461,STAD,4.533839,6.192678451538086
1918,909697,STAD,3.091522,3.1361238956451416
1200,909697,STAD,2.606044,2.5709142684936523
1549,907055,STAD,4.187121,3.2037441730499268
1558,910924,STAD,2.776144,1.9935667514801025
1941,908455,STAD,-4.654339,-4.882788181304932
1564,908444,STAD,3.060531,2.3124663829803467
1559,1322224,STAD,-4.859521,-2.19962215423584
1511,906869,STAD,0.271593,-1.1245758533477783
1627,1240151,STAD,3.599723,2.7765555381774902
1089,908455,STAD,2.69381,4.010219097137451
1559,907055,STAD,-3.130027,-3.976229190826416
1507,908455,STAD,5.20523,5.240760803222656
1625,908444,STAD,5.150481,4.989876747131348
1911,908444,STAD,-5.599187,-4.751900672912598
1634,1240209,STAD,4.657827,3.6669485569000244
1631,908455,STAD,2.645599,2.6665494441986084
1079,910924,STAD,1.200988,1.7815451622009277
1022,907055,STAD,-0.438459,-1.0710170269012451
1553,907055,STAD,-0.650172,-0.8176277279853821
1578,909770,STAD,4.392946,4.61479377746582
1259,1240209,STAD,3.56136,3.887361526489258
1007,1240151,STAD,-4.235915,-3.1026570796966553
2043,1240155,STAD,4.0122,3.9248502254486084
1003,908445,STAD,-4.842051,-3.570777416229248
1017,1503364,STAD,3.700526,4.261853218078613
1928,1298358,STAD,5.291748,5.545544147491455
1003,1240209,STAD,-1.673625,-1.1892752647399902
1511,1240151,STAD,-0.633448,-0.6286439299583435
1557,1298358,STAD,5.203352,4.957662105560303
1913,1298357,STAD,6.10025,6.566282749176025
1249,925340,STAD,2.568033,3.018061637878418
1613,907055,STAD,1.192824,3.2238988876342773
1259,1298357,STAD,5.307496,6.058821201324463
1925,908446,STAD,4.4084,3.6430201530456543
1635,1298357,STAD,6.540988,6.950607776641846
1177,906790,STAD,3.614659,3.2715840339660645
1561,1503364,STAD,0.365848,-0.18244367837905884
1512,908446,STAD,4.396581,3.8459742069244385
1549,1240151,STAD,6.134985,5.131233215332031
1250,908445,STAD,4.322498,3.790411949157715
1034,1240209,STAD,-5.033445,-3.143960952758789
1529,1290806,STAD,-0.071364,2.2383182048797607
1073,1503364,STAD,5.067084,4.102293014526367
1032,908139,STAD,2.032468,2.3101727962493896
1996,908446,STAD,3.730695,2.822023868560791
2047,909770,STAD,1.056123,2.5785417556762695
1930,924250,STAD,2.521693,1.7050888538360596
1852,908455,STAD,5.947359,5.157463073730469
1007,1298357,STAD,-1.553419,-0.47965747117996216
1083,907055,STAD,3.254785,2.386033773422241
1549,1503364,STAD,-1.237756,-1.9053459167480469
2040,1298358,STAD,0.88995,0.6610305309295654
1199,908139,STAD,3.506188,3.445706367492676
1613,908445,STAD,1.731046,1.931786298751831
1373,1322224,STAD,2.298838,2.8633785247802734
1017,924250,STAD,3.571559,6.064803600311279
1013,908444,STAD,1.741074,2.7117674350738525
1631,1240155,STAD,2.151734,3.5701487064361572
1933,907055,STAD,2.891022,3.130276918411255
1912,1240155,STAD,0.833139,1.2436060905456543
1997,1503364,STAD,0.733899,1.4807288646697998
1179,907055,STAD,-0.205342,-0.8168920874595642
1862,925340,STAD,-1.439444,-1.5793330669403076
1036,1322224,STAD,2.131439,2.9503917694091797
2045,1298357,STAD,6.483525,6.236496925354004
1925,908444,STAD,5.177261,4.396424293518066
1624,1298357,STAD,2.492911,2.0853915214538574
1911,1503364,STAD,-5.849646,-5.545907020568848
1191,908445,STAD,-4.879777,-4.47444486618042
1032,909697,STAD,2.013882,2.734220027923584
1853,1240151,STAD,4.675914,4.788469314575195
1849,1298357,STAD,0.509244,0.974898636341095
1873,909770,STAD,1.067257,0.9293909072875977
1168,906790,STAD,1.868014,2.2697484493255615
1034,1290806,STAD,-2.134433,-2.1283044815063477
1626,908445,STAD,3.026951,3.047069787979126
1915,909770,STAD,1.691624,2.41709303855896
1916,908461,STAD,2.324838,2.4219417572021484
1915,910924,STAD,3.206312,2.4800071716308594
1036,908139,STAD,5.525818,4.0860915184021
1620,1240155,STAD,4.391875,5.19054651260376
1622,1240151,STAD,5.173103,4.839465141296387
1625,910924,STAD,4.321911,4.47152853012085
1200,1298358,STAD,4.03625,3.376218795776367
1624,1503364,STAD,3.435603,3.3586087226867676
1936,906869,STAD,3.314939,2.702714204788208
1006,910924,STAD,0.10929,1.8351249694824219
1011,1240151,STAD,2.909806,2.170659303665161
1058,908139,STAD,2.790735,3.372620105743408
1996,1240209,STAD,2.518932,3.1946470737457275
1624,907055,STAD,3.997068,4.3351216316223145
1928,1503364,STAD,4.124718,4.667402267456055
1239,924250,STAD,5.122409,5.566880226135254
1862,1290806,STAD,-0.762611,-1.0752897262573242
2109,910924,STAD,2.029025,2.189558267593384
1005,908455,STAD,-0.638333,1.741462230682373
1930,908446,STAD,0.723462,0.13704317808151245
1615,907055,STAD,4.854254,4.76599645614624
1927,907276,STAD,5.182427,4.790773391723633
1250,1298358,STAD,3.27839,3.4355340003967285
1046,909697,STAD,0.857776,1.5150573253631592
1012,908445,STAD,1.638222,1.3550734519958496
1910,1240151,STAD,1.746305,2.7890546321868896
1849,908139,STAD,-0.074976,0.5213047862052917
1199,906869,STAD,4.381942,3.4816207885742188
1049,906869,STAD,4.925053,4.958289623260498
2110,909697,STAD,4.830866,4.170005798339844
1511,908444,STAD,-2.622907,-1.843484878540039
1563,925340,STAD,5.400886,6.286389350891113
1051,1240155,STAD,0.757094,2.0132815837860107
1080,1503364,STAD,-4.960678,-4.807164192199707
1179,908461,STAD,1.14138,2.502048969268799
1631,1298357,STAD,3.22611,4.630167007446289
1507,906869,STAD,4.871368,5.817471504211426
1012,907055,STAD,1.060173,1.0611915588378906
2045,1240151,STAD,4.552376,4.770449161529541
1190,908461,STAD,1.038387,1.7893733978271484
1510,906869,STAD,3.406077,3.6971428394317627
1908,1240151,STAD,2.241793,1.6441600322723389
1054,908446,STAD,1.557385,1.4350321292877197
1006,908445,STAD,0.087346,-0.6523506045341492
2045,908444,STAD,5.093708,4.3723225593566895
1049,1240155,STAD,4.477624,3.8571996688842773
1375,1290806,STAD,5.913816,6.294277667999268
1561,1298357,STAD,3.490193,3.8741307258605957
1047,907276,STAD,7.054244,5.191308498382568
1239,1322224,STAD,0.29397,-0.5792911052703857
1558,1298357,STAD,2.165575,3.8191325664520264
1068,910924,STAD,0.619715,1.4189131259918213
1559,909697,STAD,-3.615818,-3.4234468936920166
1630,908455,STAD,3.298257,2.9078385829925537
1853,908444,STAD,2.908417,2.980358362197876
1996,910924,STAD,4.476811,4.3574299812316895
1022,907276,STAD,1.317336,1.095592975616455
1529,1503364,STAD,2.373593,0.4461432099342346
1635,1240155,STAD,5.277118,4.810917377471924
1916,908444,STAD,2.579118,3.2698261737823486
1853,1298357,STAD,6.323045,6.047279357910156
1083,909697,STAD,3.127405,2.726653575897217
1058,1240151,STAD,0.859474,1.0618550777435303
1073,908139,STAD,3.395521,4.645458698272705
1510,910924,STAD,3.719157,4.045499324798584
1190,924250,STAD,4.193422,5.393385410308838
1930,1240155,STAD,0.363754,1.3263481855392456
1507,910924,STAD,5.415417,4.363559722900391
1013,1322224,STAD,1.088956,1.4772803783416748
1916,1240151,STAD,2.546415,2.454606533050537
1088,908446,STAD,0.642654,0.9534211158752441
1003,924250,STAD,0.256741,1.547577142715454
1873,925340,STAD,1.012252,1.5488767623901367
1927,1322224,STAD,3.135519,3.41805362701416
2107,908455,STAD,5.039816,4.562742710113525
1200,907055,STAD,1.675701,2.3962104320526123
1913,908461,STAD,6.6028,4.875764846801758
1908,906790,STAD,-0.406421,-0.8914235234260559
2109,909770,STAD,2.732032,3.4063258171081543
1927,908446,STAD,3.862622,3.2174181938171387
1910,908444,STAD,1.711753,1.7614822387695312
1068,1298358,STAD,2.368155,0.4407854676246643
2110,908461,STAD,5.152924,4.899436950683594
1854,908445,STAD,5.137143,4.342491149902344
1559,906790,STAD,-4.168021,-4.416656017303467
1919,907055,STAD,1.084791,0.6574132442474365
1941,908446,STAD,-2.684097,-1.2022321224212646
1249,908445,STAD,2.82414,2.870635986328125
1013,924250,STAD,4.595584,4.626864433288574
1939,1290806,STAD,1.638237,2.4395480155944824
1634,908461,STAD,4.641167,4.321956634521484
1051,908444,STAD,4.027963,2.9617507457733154
1080,925340,STAD,-3.646337,-3.244598865509033
1933,910924,STAD,5.04413,5.399384498596191
1922,910924,STAD,1.683494,1.1977211236953735
1006,1290806,STAD,2.367886,2.73185133934021
1997,907276,STAD,4.941431,4.641593933105469
1862,908444,STAD,-0.75994,-1.7852590084075928
2111,909770,STAD,1.298343,3.052887201309204
1626,907276,STAD,3.209144,3.3054895401000977
1005,906869,STAD,2.60008,3.764814615249634
2045,909770,STAD,4.971137,4.532783508300781
2044,1290806,STAD,3.76517,2.5951197147369385
1005,910924,STAD,3.985785,3.66107177734375
2040,909770,STAD,1.364165,0.8911555409431458
1084,906790,STAD,-4.638671,-3.4096741676330566
1006,907276,STAD,2.973598,4.369452476501465
1250,907276,STAD,1.464737,1.2771573066711426
1933,1322224,STAD,1.089526,3.99951434135437
1786,908461,STAD,4.701762,3.400273084640503
1239,908139,STAD,2.525283,3.169612169265747
1558,908445,STAD,5.514073,3.985868453979492
1549,906869,STAD,1.851182,1.1258550882339478
1510,908461,STAD,4.650502,3.9391303062438965
1046,1240151,STAD,2.795213,2.082693576812744
1563,906790,STAD,5.584424,5.003700256347656
1199,1240209,STAD,3.189976,2.7550907135009766
1873,907055,STAD,-0.65507,-0.13342994451522827
1088,906869,STAD,3.69137,4.208752632141113
1012,1322224,STAD,0.396451,0.23196060955524445
1561,1240155,STAD,0.908631,1.3526827096939087
1932,909770,STAD,3.63564,3.8387932777404785
1080,909697,STAD,-4.313648,-3.3374977111816406
1010,908444,STAD,3.267915,3.505026340484619
1625,907055,STAD,4.818998,4.951608180999756
1924,908139,STAD,5.682158,4.534507751464844
1931,1290806,STAD,5.063905,4.837134838104248
1088,908455,STAD,0.473349,0.5928796529769897
1559,908139,STAD,-1.614162,-1.3045432567596436
1620,908445,STAD,4.720573,4.943346977233887
1578,910924,STAD,4.809329,5.0988945960998535
1012,910924,STAD,0.866942,1.446723461151123
1373,925340,STAD,3.717879,3.494940996170044
1927,1298357,STAD,4.566686,7.081094264984131
1512,907276,STAD,5.990147,5.652004241943359
1199,1322224,STAD,1.833914,1.7233397960662842
1088,908139,STAD,5.604544,4.9485182762146
1089,1240155,STAD,2.731934,4.126765251159668
1911,925340,STAD,-5.607107,-4.811279296875
1996,908139,STAD,3.194305,4.137825965881348
1036,908461,STAD,5.381118,4.944532871246338
1560,1503364,STAD,2.447958,2.747783899307251
1249,1240155,STAD,1.796551,2.930941581726074
1073,908444,STAD,4.465062,3.3604345321655273
1799,1298358,STAD,6.939161,6.007046222686768
1614,908455,STAD,4.567027,2.681061029434204
1915,907276,STAD,3.434219,3.8489127159118652
1617,908455,STAD,2.485628,1.6251134872436523
1560,908139,STAD,3.854157,3.222898244857788
1511,1290806,STAD,-0.888351,-0.5440096259117126
1593,1298357,STAD,1.190294,1.8423271179199219
1849,906790,STAD,-0.682664,-1.3431003093719482
1085,924250,STAD,5.930289,4.2181525230407715
1629,906790,STAD,3.221774,3.6496410369873047
1918,907276,STAD,5.224723,4.287110328674316
1089,907276,STAD,4.404094,3.656120777130127
1511,1240209,STAD,-1.428285,-0.670556366443634
1922,908461,STAD,3.427837,2.2620437145233154
1511,1322224,STAD,-2.517285,-3.0108399391174316
1873,924250,STAD,2.433273,1.5589416027069092
1910,1322224,STAD,0.907111,1.4640023708343506
1512,1240151,STAD,4.907519,5.312399387359619
1054,906869,STAD,4.715948,3.117988348007202
1080,906869,STAD,-0.568788,-1.7491230964660645
1578,907055,STAD,4.635325,4.402421474456787
1012,1290806,STAD,1.229745,1.5810389518737793
1620,907276,STAD,5.312183,6.162551403045654
1046,906869,STAD,4.087615,2.869786024093628
1373,1290806,STAD,3.977936,4.04559850692749
1862,1503364,STAD,-1.812797,-2.017531156539917
1625,1240151,STAD,5.494672,5.052134990692139
2047,908455,STAD,2.332036,3.0056777000427246
1634,910924,STAD,5.168499,4.151291370391846
1034,909770,STAD,-3.097766,-2.426023006439209
1941,908445,STAD,-3.954266,-2.7665109634399414
1007,909697,STAD,-5.236715,-4.505586624145508
1017,1298357,STAD,7.24747,6.716457366943359
1613,908461,STAD,2.280621,3.318220615386963
1007,1240155,STAD,-3.252303,-4.826254844665527
1922,1298358,STAD,5.009025,2.4268383979797363
1873,1298358,STAD,2.092485,1.450671672821045
1003,909697,STAD,-4.302873,-2.7876009941101074
1003,907276,STAD,1.644029,1.2165162563323975
1558,1503364,STAD,-2.045392,-2.0000970363616943
1053,1298358,STAD,2.952701,3.2451882362365723
1564,908446,STAD,2.374741,1.9320299625396729
1080,910924,STAD,-3.6618,-4.276198863983154
1558,908444,STAD,3.015951,3.705298900604248
2106,907276,STAD,2.853319,2.4190425872802734
1089,909697,STAD,3.045706,2.1984732151031494
1635,1240209,STAD,4.73776,5.2601823806762695
1510,907055,STAD,3.67105,2.7806191444396973
1248,906869,STAD,-5.045584,-2.5798470973968506
1259,1503364,STAD,2.377454,3.917357921600342
1237,906869,STAD,5.897064,5.574319839477539
1613,925340,STAD,0.521528,1.4899256229400635
1598,1240151,STAD,5.160993,4.602440357208252
1529,907276,STAD,3.394792,2.5704665184020996
1617,908445,STAD,1.335464,2.6654717922210693
1593,908461,STAD,3.246023,2.4221086502075195
1529,906790,STAD,0.792469,0.5856533050537109
1268,1240151,STAD,4.838841,5.2187113761901855
2048,908139,STAD,-3.215183,-4.156376838684082
1131,908455,STAD,5.484926,4.3444132804870605
1940,907276,STAD,3.19007,4.059241771697998
1012,1503364,STAD,1.091736,1.2972973585128784
1922,1240155,STAD,2.396659,2.66833758354187
1560,906869,STAD,3.700227,2.5940957069396973
1060,1322224,STAD,-0.179085,0.14161193370819092
1034,906869,STAD,-2.065336,-2.0993082523345947
1558,906790,STAD,2.988917,2.4360404014587402
1559,925340,STAD,-1.986549,-0.6306125521659851
1919,906869,STAD,1.205583,0.7622053027153015
1912,908139,STAD,3.11956,3.8278493881225586
1561,909697,STAD,2.024547,3.0280814170837402
1560,1240151,STAD,5.345708,5.254901885986328
1068,925340,STAD,0.607816,-0.5632036328315735
1017,906790,STAD,3.45723,4.144721984863281
1511,1240155,STAD,-1.433211,-0.2103373408317566
1909,906869,STAD,2.366336,2.5022168159484863
1177,908444,STAD,5.159955,4.087814807891846
2046,1290806,STAD,3.988269,2.8467397689819336
1079,1322224,STAD,0.524375,0.01297760009765625
1250,908444,STAD,4.997371,2.893225908279419
1622,908455,STAD,4.88413,4.309038162231445
1908,925340,STAD,1.149431,1.2689303159713745
1925,1322224,STAD,3.975875,3.784724712371826
1199,908461,STAD,5.052672,3.1665401458740234
1080,906790,STAD,-3.849761,-3.532815456390381
1926,909770,STAD,0.719667,1.708791732788086
1093,908444,STAD,3.921787,3.9296154975891113
1613,909697,STAD,3.299393,2.4241347312927246
1512,924250,STAD,6.161083,5.837364673614502
1634,909697,STAD,3.136175,3.2629833221435547
1614,925340,STAD,3.471441,3.476231336593628
1912,908455,STAD,2.777486,3.2999515533447266
1854,1240151,STAD,5.941551,5.373367786407471
1017,1240155,STAD,4.869358,3.7818148136138916
1913,908445,STAD,4.776299,4.131016731262207
1179,910924,STAD,-0.14513,1.0756168365478516
1080,1298357,STAD,1.377004,0.8944575190544128
1512,909697,STAD,5.099873,4.727985382080078
1088,908444,STAD,1.797108,1.515937089920044
1559,1298357,STAD,1.760232,-0.10020852088928223
1010,1503364,STAD,-0.562318,-1.3524374961853027
1933,1503364,STAD,2.90138,4.406123161315918
1553,908444,STAD,2.878714,2.340684413909912
1564,908455,STAD,2.473173,2.2107553482055664
1615,907276,STAD,6.236661,6.399868011474609
1200,906869,STAD,3.657538,3.246084690093994
1372,908461,STAD,0.1374,0.17291541397571564
1862,1298358,STAD,-1.088591,-0.6312033534049988
1862,906790,STAD,-2.165499,-1.7595131397247314
1559,908445,STAD,-3.105582,-2.5456292629241943
1191,1298357,STAD,-3.625223,-3.435482978820801
1620,1298358,STAD,5.932347,5.97521448135376
2048,906790,STAD,-4.985409,-4.83900260925293
2096,908444,STAD,3.21561,2.934208869934082
1563,1298357,STAD,7.394064,7.224893569946289
1054,908455,STAD,3.824758,3.8587687015533447
2040,908446,STAD,-2.181395,-1.9460766315460205
1007,907055,STAD,-6.607761,-6.6529035568237305
2107,907055,STAD,3.736081,4.555454730987549
1862,908446,STAD,-2.150268,-1.8528499603271484
1032,1503364,STAD,-5.257743,-3.634941339492798
1004,908461,STAD,-0.084727,-1.25482177734375
1013,1240209,STAD,4.580479,4.029507637023926
2110,1298357,STAD,6.078437,6.345098495483398
1022,906790,STAD,0.024323,-1.1076560020446777
1917,908446,STAD,0.026851,1.1001155376434326
1598,908444,STAD,3.492907,3.09741473197937
1036,908444,STAD,4.994049,4.146559715270996
1576,908461,STAD,3.844546,3.1674208641052246
1630,908445,STAD,3.803189,3.5276081562042236
1941,925340,STAD,-3.343785,-3.4526567459106445
1200,1503364,STAD,3.156818,2.8929011821746826
1259,925340,STAD,3.692914,2.5117580890655518
1940,908139,STAD,4.695964,4.0092291831970215
1199,1298358,STAD,5.451479,5.073873996734619
2107,906790,STAD,3.152314,4.178385257720947
1928,907276,STAD,4.498307,4.802978515625
1058,907276,STAD,3.608598,3.7552566528320312
2106,1322224,STAD,3.769778,0.6583009362220764
1621,908139,STAD,4.459291,4.284101963043213
1932,910924,STAD,2.381129,2.482198715209961
1268,907276,STAD,3.785065,4.726984024047852
1191,910924,STAD,-5.354256,-4.939239978790283
2040,908445,STAD,-2.930509,-0.831633985042572
1034,924250,STAD,-1.851773,-1.602703332901001
1997,908455,STAD,2.82861,3.534360647201538
1060,906869,STAD,0.221413,0.726531982421875
1010,908139,STAD,3.474231,3.388934373855591
1047,1322224,STAD,3.341204,2.9453279972076416
1926,1298358,STAD,2.320363,0.5927410125732422
1073,1240155,STAD,3.928921,4.648562908172607
1248,1298358,STAD,-4.768154,-3.0571224689483643
1073,1298358,STAD,3.640007,2.8398704528808594
1635,909697,STAD,4.23515,4.516839981079102
1200,908455,STAD,3.170829,3.3640263080596924
1180,908444,STAD,-3.726116,-2.5038528442382812
1918,909770,STAD,4.713148,4.714556694030762
1080,1240209,STAD,-3.382859,-2.537288188934326
2040,908455,STAD,2.060704,1.854511022567749
1922,907055,STAD,1.536515,0.6918721795082092
1594,909697,STAD,4.41047,5.224190711975098
1593,1240151,STAD,1.68203,0.611675500869751
1558,1322224,STAD,1.205235,1.169792652130127
1079,908455,STAD,0.484896,0.22930389642715454
1620,1331037,DLBC,3.807751,3.385218381881714
1046,910930,DLBC,0.356986,-0.362720251083374
1089,1331038,DLBC,3.139347,1.457932949066162
1853,1331033,DLBC,3.385344,3.3386783599853516
1630,1331033,DLBC,2.574516,1.8570549488067627
1941,906832,DLBC,-4.812613,-5.631524085998535
2040,1331036,DLBC,-0.201823,-0.200644850730896
2096,1331048,DLBC,2.721842,2.188756227493286
1560,1327773,DLBC,2.028098,2.8583412170410156
1511,910919,DLBC,-2.772673,-3.406648874282837
1799,1303897,DLBC,5.849379,6.378570556640625
1557,1331048,DLBC,3.833543,4.505943298339844
1190,909773,DLBC,-2.545608,-3.7179765701293945
1168,907274,DLBC,2.578312,3.007697820663452
1624,910919,DLBC,-0.85222,-0.482819139957428
1873,907274,DLBC,0.860308,0.6680777072906494
1553,910934,DLBC,-0.029301,-0.36245661973953247
1004,1303897,DLBC,-3.931744,-5.047873020172119
1510,910930,DLBC,3.124821,3.435899257659912
1259,907274,DLBC,3.946579,3.2221217155456543
1559,910934,DLBC,-4.083337,-4.867949962615967
1177,907274,DLBC,2.602032,3.672456979751587
1629,910930,DLBC,3.163535,3.641850709915161
1915,1331036,DLBC,0.912347,0.7818624973297119
1849,907274,DLBC,-2.149183,-2.3715097904205322
2106,1331036,DLBC,-0.401059,-1.276313304901123
1911,910930,DLBC,-6.438966,-6.29293155670166
1615,1297449,DLBC,4.707124,3.735854148864746
1911,906832,DLBC,-7.442591,-6.3090596199035645
1925,910935,DLBC,3.736304,3.4608888626098633
1613,1327769,DLBC,1.103488,1.3309961557388306
1553,1331032,DLBC,2.907434,2.531371831893921
1926,1331038,DLBC,2.997942,1.9930799007415771
1032,1331032,DLBC,0.979612,1.99361252784729
1003,910934,DLBC,-4.339042,-4.902499198913574
1022,910919,DLBC,-0.741473,-2.340280294418335
1799,1331036,DLBC,1.323347,1.4487855434417725
1919,910934,DLBC,1.235156,1.090762972831726
1084,909773,DLBC,-2.13333,-3.2085530757904053
1557,910930,DLBC,2.993835,4.074808120727539
1922,910919,DLBC,1.417635,1.4865965843200684
1250,1331045,DLBC,0.886814,1.7787880897521973
1083,909773,DLBC,0.988794,2.068966865539551
1625,1330995,DLBC,5.367423,4.4474053382873535
1931,1331050,DLBC,4.363951,3.3412067890167236
1047,1303897,DLBC,2.193475,2.763253927230835
2044,910935,DLBC,1.71599,1.1079766750335693
1177,1303897,DLBC,3.759883,4.2470879554748535
1622,1331037,DLBC,2.137979,2.260004997253418
1250,1331036,DLBC,-0.817795,-1.1911890506744385
1047,909773,DLBC,3.839663,3.475419044494629
1932,1303897,DLBC,4.379765,4.530122756958008
1625,1297449,DLBC,4.711853,3.7296183109283447
1088,1331045,DLBC,1.534762,1.0923926830291748
2045,1331048,DLBC,3.179573,3.114083766937256
1003,1331038,DLBC,-4.801422,-4.214159965515137
1625,1327773,DLBC,3.660145,3.475430488586426
1005,906832,DLBC,1.634974,1.9748659133911133
1093,1330995,DLBC,3.856518,4.385103225708008
1003,910919,DLBC,-4.090036,-4.539308071136475
1553,910935,DLBC,3.281048,1.660003900527954
2043,1331033,DLBC,2.629074,3.587570905685425
1084,910919,DLBC,-5.920623,-5.2935380935668945
1047,1327773,DLBC,0.738341,1.995455026626587
1005,1331037,DLBC,2.083892,2.435072898864746
1060,1331045,DLBC,0.56693,1.2180863618850708
1625,909773,DLBC,3.716711,3.2950658798217773
1626,1303897,DLBC,5.805301,3.9759714603424072
1088,1331037,DLBC,0.232597,1.2738057374954224
1620,910919,DLBC,3.847237,3.667834997177124
1627,1297449,DLBC,2.407369,1.69883394241333
1620,1331036,DLBC,3.632018,3.7111289501190186
1079,1331038,DLBC,2.108834,2.2904484272003174
1924,1331045,DLBC,3.534487,3.924832344055176
1576,910919,DLBC,1.85359,1.4127838611602783
1060,910919,DLBC,-0.666274,-1.0312001705169678
1179,1331037,DLBC,-0.320993,-0.9289789795875549
1594,1331045,DLBC,4.133848,4.363083839416504
2111,1331038,DLBC,1.643073,1.518852949142456
1908,1331038,DLBC,2.590185,2.1254618167877197
1786,1331045,DLBC,2.041713,2.0540812015533447
1799,907274,DLBC,1.420369,2.8368637561798096
1912,906832,DLBC,1.527165,1.9839515686035156
1614,1327773,DLBC,2.404779,3.0066864490509033
1046,1331037,DLBC,0.383847,0.8775315284729004
1578,1327773,DLBC,3.625769,3.7818968296051025
1073,1330995,DLBC,3.212511,3.3909668922424316
2043,1331032,DLBC,4.711704,4.470204830169678
2110,910930,DLBC,2.731394,3.398568868637085
1060,1331033,DLBC,-0.421944,-0.2660767436027527
1918,1331037,DLBC,-2.125851,-0.7302308678627014
1084,1331038,DLBC,-2.503241,-2.165067195892334
1239,907274,DLBC,2.760168,2.495635747909546
1997,1303897,DLBC,3.092353,1.9427025318145752
1549,1297449,DLBC,2.257433,1.4638595581054688
1046,1331032,DLBC,0.42205,0.5417207479476929
1032,1331050,DLBC,0.845182,0.4423394203186035
1630,907274,DLBC,3.222366,2.2430946826934814
1918,907274,DLBC,0.240116,2.467667579650879
2040,906832,DLBC,1.267218,1.1011180877685547
1191,1331032,DLBC,-5.242804,-5.537156105041504
1057,1331032,DLBC,-1.489473,-2.1749937534332275
1248,1331050,DLBC,-6.22793,-6.153510093688965
1034,1331045,DLBC,-1.253624,-2.023641586303711
1375,1303897,DLBC,6.281827,5.098397731781006
1862,1331033,DLBC,-2.028418,-2.152095079421997
1909,1327773,DLBC,1.167485,0.7322558164596558
2048,910934,DLBC,-6.12796,-6.174956321716309
1085,1330995,DLBC,1.41665,2.3224902153015137
1931,1331036,DLBC,1.323445,3.090324640274048
2045,1303897,DLBC,4.236537,4.911993503570557
1621,1331048,DLBC,2.341641,2.701815605163574
1564,1297449,DLBC,2.694928,3.557716131210327
1629,1331048,DLBC,3.638612,2.9601316452026367
1093,1327769,DLBC,3.627455,4.604430198669434
1631,1330995,DLBC,4.583288,3.5367140769958496
1849,909773,DLBC,0.19482,-0.7274181246757507
2110,910934,DLBC,3.755253,2.7847743034362793
1855,1331037,DLBC,1.617189,2.1472973823547363
1852,910934,DLBC,3.810016,4.231021404266357
1079,910930,DLBC,1.740971,0.8897430300712585
1549,1327773,DLBC,2.300863,3.7510173320770264
1615,910930,DLBC,3.621576,4.080953598022461
2046,1330995,DLBC,1.859895,2.131528615951538
1060,1331036,DLBC,-0.594385,-0.1721031665802002
1940,1327769,DLBC,2.780905,3.075535297393799
1855,1331048,DLBC,2.479823,2.599637031555176
1057,1330995,DLBC,-3.013205,-3.02652907371521
1855,1331038,DLBC,3.509598,2.9229094982147217
1598,910935,DLBC,3.307551,2.538019895553589
1621,910935,DLBC,2.862029,2.2678918838500977
1007,910919,DLBC,-6.052977,-5.902892589569092
1177,910919,DLBC,1.996348,2.67736554145813
1180,910934,DLBC,-4.600777,-4.293289661407471
1578,907274,DLBC,4.14159,4.556223392486572
1051,1331045,DLBC,-0.552745,-0.19262880086898804
1507,1330995,DLBC,5.386205,4.911129951477051
2044,1331037,DLBC,2.419138,1.2681676149368286
1553,906842,DLBC,-2.3336,0.44954341650009155
1630,910934,DLBC,3.09749,1.6418039798736572
1939,910934,DLBC,2.614688,2.421520709991455
1375,906832,DLBC,5.293028,5.604804992675781
1083,1327773,DLBC,3.069271,2.6467347145080566
1578,1330995,DLBC,2.458092,4.525473594665527
1873,1303897,DLBC,1.571126,1.7897231578826904
2044,1331045,DLBC,3.445566,2.822932720184326
1624,1303897,DLBC,4.960781,4.741085529327393
2106,1327769,DLBC,1.894745,3.1660971641540527
1179,1330995,DLBC,-0.26779,0.039499878883361816
1908,1331050,DLBC,3.092577,2.3371024131774902
1047,1331037,DLBC,2.568091,2.39290714263916
1910,1327773,DLBC,0.801045,0.805720865726471
1054,1331038,DLBC,3.473251,4.068756103515625
1373,906832,DLBC,2.088477,2.513486385345459
2048,910919,DLBC,-5.079389,-5.849687576293945
1922,1330995,DLBC,2.231932,2.768695116043091
1560,1331050,DLBC,2.776785,1.9968805313110352
1179,1303897,DLBC,-0.881812,-0.3346223831176758
1621,1297449,DLBC,2.375658,2.4586198329925537
1237,909773,DLBC,4.195808,3.714632749557495
1910,909773,DLBC,2.040038,3.352679967880249
1915,906832,DLBC,2.382234,1.5567750930786133
1088,910934,DLBC,0.314982,0.3070763945579529
1047,907274,DLBC,4.397056,3.237982988357544
1852,906832,DLBC,4.980311,5.006713390350342
1510,1331032,DLBC,4.330975,3.709498643875122
2107,910930,DLBC,3.009749,3.9643452167510986
1933,910935,DLBC,1.481485,2.6509881019592285
1199,1327773,DLBC,2.811625,2.790667772293091
1631,1297449,DLBC,1.250652,0.5940024852752686
1060,1297449,DLBC,-0.713107,0.5860605239868164
1022,906832,DLBC,0.26577,-1.2312426567077637
1913,1331050,DLBC,3.21679,3.3791258335113525
1916,1331032,DLBC,2.005306,3.529846668243408
1910,1331036,DLBC,2.266965,2.5464160442352295
1249,1331037,DLBC,1.764487,1.5235824584960938
1085,906832,DLBC,1.079669,1.432178020477295
1088,910935,DLBC,-0.544759,-0.5576180815696716
2043,1331038,DLBC,2.351103,3.4463706016540527
1005,1330995,DLBC,3.893267,1.5303699970245361
1372,1331037,DLBC,0.885733,0.38355153799057007
2106,1331050,DLBC,-3.816944,-2.527369499206543
1913,910935,DLBC,3.53594,3.313394784927368
1179,909773,DLBC,-0.832631,-0.06333929300308228
1032,1303897,DLBC,3.742664,3.291071653366089
1873,1331045,DLBC,1.41404,1.0484037399291992
1622,906832,DLBC,2.230646,3.3350157737731934
1249,1327769,DLBC,1.660846,2.5069315433502197
1622,910934,DLBC,3.778981,2.907475709915161
1084,1331045,DLBC,-1.571471,-1.8587865829467773
1613,1297449,DLBC,2.702362,1.5909771919250488
1635,907274,DLBC,5.030543,4.437305450439453
1559,1331048,DLBC,-3.162196,-3.5580086708068848
1855,1331036,DLBC,1.247325,2.057962656021118
1558,1331048,DLBC,2.293493,1.8185794353485107
1614,907274,DLBC,3.196517,2.9225986003875732
1057,1331048,DLBC,-2.678551,-2.4596848487854004
1939,910930,DLBC,3.288667,2.257744312286377
1529,1330995,DLBC,0.652162,0.2670940160751343
1629,1331036,DLBC,3.518328,3.281938314437866
1558,1327773,DLBC,1.90205,2.288208484649658
1930,1330995,DLBC,0.745491,-0.22521698474884033
1941,1331038,DLBC,-5.211402,-4.081942558288574
1017,910930,DLBC,2.224524,2.349184036254883
1854,909773,DLBC,4.161033,4.071835041046143
1006,910935,DLBC,-1.720201,-1.6588857173919678
1010,1330995,DLBC,3.361325,3.575223445892334
1849,1327773,DLBC,-0.768881,-2.148155689239502
1051,907274,DLBC,1.125875,1.4075229167938232
1054,906832,DLBC,1.498249,2.476907730102539
1635,910919,DLBC,3.992403,3.7297253608703613
1549,1331032,DLBC,4.447927,4.607990264892578
1913,1327773,DLBC,3.505982,4.0034942626953125
1010,910934,DLBC,2.745651,2.510282039642334
1085,1331045,DLBC,2.295724,2.454465389251709
1010,1331032,DLBC,3.099885,3.2885444164276123
1626,907274,DLBC,-0.585116,1.169203519821167
1997,1331033,DLBC,2.624299,3.0900135040283203
1634,907274,DLBC,4.490467,3.678203821182251
1613,1331032,DLBC,2.768371,1.7731282711029053
1913,1331032,DLBC,4.563312,4.2630133628845215
1084,1331032,DLBC,-3.835448,-3.8761062622070312
1529,1331036,DLBC,-2.462114,-2.774845838546753
1559,1297449,DLBC,-3.800218,-3.5082104206085205
1529,1331045,DLBC,1.811443,-0.6569448113441467
1996,1327773,DLBC,3.022857,2.576357126235962
1091,1327769,DLBC,1.262888,1.4957489967346191
1625,1303897,DLBC,5.830285,5.883500576019287
1911,1331032,DLBC,-5.937751,-6.504572868347168
1862,910934,DLBC,-2.050746,-2.3709757328033447
1631,910935,DLBC,1.344813,1.0863454341888428
1373,1327773,DLBC,2.347654,2.8414974212646484
1621,1327773,DLBC,2.858629,2.7762973308563232
1259,1331048,DLBC,-0.439687,-0.16490066051483154
1191,1330995,DLBC,-5.228323,-4.771327018737793
1933,910930,DLBC,2.112427,3.0747530460357666
1131,1327773,DLBC,2.979095,2.584310531616211
1932,1331050,DLBC,1.778388,2.171163320541382
1083,1331037,DLBC,0.879324,1.2466732263565063
1852,1303897,DLBC,5.835423,5.091089725494385
1853,1303897,DLBC,5.221138,4.109786033630371
1613,1330995,DLBC,0.419342,1.2400397062301636
1032,1331037,DLBC,0.110208,-0.5953694581985474
1786,910934,DLBC,0.872269,0.9326168298721313
1080,1331045,DLBC,-2.85719,-2.4672110080718994
1022,1331032,DLBC,-1.064983,0.05514019727706909
1624,909773,DLBC,2.620937,3.178384304046631
1941,910935,DLBC,-4.307296,-5.142060279846191
2106,1331032,DLBC,2.265493,2.531371831893921
1563,1327769,DLBC,4.255534,3.8894662857055664
1237,1331045,DLBC,4.890899,4.409200668334961
1598,1331032,DLBC,3.465835,2.390963554382324
1022,1331036,DLBC,-3.376432,-2.655052661895752
1375,1331037,DLBC,4.881613,3.970228910446167
1631,1331036,DLBC,-0.738762,0.11067751049995422
1620,1331038,DLBC,3.668022,3.8647100925445557
1079,1327773,DLBC,-2.904447,0.0424673855304718
1248,1327773,DLBC,-5.848304,-5.1188249588012695
1931,906832,DLBC,4.57888,4.25961971282959
1930,1331037,DLBC,-1.895474,-0.22948652505874634
1177,910930,DLBC,2.601446,1.4669952392578125
1131,1331037,DLBC,2.83654,1.4255626201629639
1622,1331033,DLBC,3.085753,2.7598257064819336
1239,1331050,DLBC,-0.155512,0.8391969799995422
1089,1327769,DLBC,1.858028,0.6769371032714844
1190,1331032,DLBC,-3.896539,-3.05088210105896
2110,1331038,DLBC,3.711367,3.755770444869995
1940,1331048,DLBC,3.271398,2.847839832305908
1011,910930,DLBC,2.733964,2.871443510055542
1249,1330995,DLBC,2.058965,2.586670160293579
1625,910919,DLBC,2.457386,2.475553512573242
1564,1331048,DLBC,2.814343,2.4418416023254395
1927,1303897,DLBC,5.848604,5.630275726318359
2043,906832,DLBC,4.990392,4.774176120758057
1049,910934,DLBC,2.01778,2.5186476707458496
1613,1303897,DLBC,2.53851,2.6997194290161133
1507,906832,DLBC,3.945619,4.378655910491943
1634,906842,DLBC,2.286879,2.216068744659424
1553,910919,DLBC,1.328155,0.9710878729820251
1854,1331038,DLBC,3.711314,3.4637396335601807
1561,1331036,DLBC,-1.70087,-1.3210349082946777
1598,1331050,DLBC,3.19869,3.425076723098755
1013,1331048,DLBC,0.917773,1.8646228313446045
1911,910935,DLBC,-7.991619,-6.946833610534668
1563,1303897,DLBC,6.227236,5.521507740020752
1627,910919,DLBC,1.982659,1.266646385192871
1079,907274,DLBC,0.843006,0.443742036819458
1799,906842,DLBC,0.483307,1.7553555965423584
2040,907274,DLBC,1.506743,1.3567092418670654
2040,909773,DLBC,1.80721,0.40694528818130493
1073,1331036,DLBC,2.235866,1.6829276084899902
1932,906832,DLBC,1.782761,2.096087694168091
1917,1331033,DLBC,0.960033,1.3603670597076416
1022,1303897,DLBC,-0.637305,-0.22386640310287476
1927,910935,DLBC,4.430491,3.4313719272613525
1032,1331038,DLBC,1.803509,0.8948457837104797
1051,910935,DLBC,-0.485,-0.2786349654197693
1561,910934,DLBC,-1.659894,-1.5755445957183838
1131,1327769,DLBC,2.690525,2.289400815963745
1621,1331033,DLBC,1.925671,2.4379453659057617
1626,1331045,DLBC,2.620204,2.9640257358551025
1093,1331038,DLBC,3.184099,3.2880659103393555
1613,1331037,DLBC,2.070943,1.9908275604248047
1549,1331050,DLBC,1.944206,3.112238645553589
1199,1331050,DLBC,1.55263,2.4784128665924072
1058,1330995,DLBC,1.988021,1.022769808769226
1624,907274,DLBC,0.761105,1.1238620281219482
1941,1331037,DLBC,-5.323809,-5.1414289474487305
2096,1331036,DLBC,2.011934,1.6355721950531006
1553,1331038,DLBC,3.527414,3.6677093505859375
1073,1331037,DLBC,3.378583,3.7548482418060303
2045,909773,DLBC,3.869682,3.407233715057373
2110,1327769,DLBC,4.57686,3.8416028022766113
1089,1331050,DLBC,2.085613,1.7728703022003174
1557,1331045,DLBC,4.642925,4.164552688598633
1199,1331037,DLBC,1.73204,2.378202438354492
1046,1331045,DLBC,0.600995,-0.010026723146438599
1916,1331050,DLBC,-2.181041,-2.773049831390381
1627,910930,DLBC,2.046158,1.7633354663848877
1627,907274,DLBC,2.081098,2.0015878677368164
1932,1327769,DLBC,1.279541,2.041696071624756
1177,906832,DLBC,4.012862,2.8187637329101562
2047,1303897,DLBC,3.035692,4.076722621917725
1853,909773,DLBC,3.300965,2.6676464080810547
1131,1331048,DLBC,2.768899,2.6198649406433105
1512,1331050,DLBC,4.206155,3.7889904975891113
1854,906842,DLBC,2.822493,3.300719738006592
1047,1331033,DLBC,3.167788,2.912966728210449
1068,1331048,DLBC,0.076142,0.1596013605594635
1913,1330995,DLBC,5.445677,4.475331783294678
1558,906832,DLBC,1.499051,0.8077459335327148
1918,1330995,DLBC,4.692575,4.040650844573975
1180,1331037,DLBC,-3.977897,-5.439998626708984
1239,1331033,DLBC,0.917521,0.8260408043861389
1627,906842,DLBC,0.781793,1.315449833869934
1853,1331038,DLBC,2.714528,3.058140993118286
1940,1331032,DLBC,3.242894,3.543687582015991
1849,1331048,DLBC,-1.763257,-2.4124228954315186
1922,1331048,DLBC,1.546011,1.6100702285766602
1862,1303897,DLBC,-1.665794,-1.7837514877319336
1615,1331032,DLBC,3.639452,3.86922550201416
1131,906832,DLBC,3.547684,1.8515114784240723
1939,909773,DLBC,4.165169,2.4682493209838867
2043,910935,DLBC,4.162859,3.6310458183288574
1190,910919,DLBC,-4.113275,-4.165948867797852
2044,1327769,DLBC,2.05281,2.436035394668579
1017,1331038,DLBC,1.845731,2.255734443664551
1559,910935,DLBC,-4.365861,-4.518221855163574
1177,1327769,DLBC,2.791936,2.537046432495117
1560,1331033,DLBC,2.865571,1.9193286895751953
1249,1303897,DLBC,5.383763,4.512160778045654
1561,910935,DLBC,2.986711,2.368489980697632
1941,1331045,DLBC,-2.916448,-4.757970333099365
1915,1331037,DLBC,0.8792,1.3722715377807617
1373,910919,DLBC,3.092042,0.8568713665008545
2044,909773,DLBC,3.956309,2.10196590423584
1922,1331033,DLBC,1.192273,0.549887478351593
1093,910935,DLBC,2.347547,2.972992181777954
1631,1331033,DLBC,1.544878,0.8408641815185547
1625,1331038,DLBC,3.711362,3.788586139678955
1085,910935,DLBC,0.907563,0.6968017816543579
1083,906842,DLBC,0.546764,1.199465274810791
1925,1331037,DLBC,3.176321,3.2164740562438965
1372,1330995,DLBC,3.218519,2.7455973625183105
1799,1331032,DLBC,4.711535,4.442482948303223
1091,1331037,DLBC,0.822556,1.346804141998291
2111,1327769,DLBC,2.312811,3.0989677906036377
1089,1303897,DLBC,1.661198,2.725780963897705
1011,910919,DLBC,2.38438,2.971473455429077
2048,1327773,DLBC,-4.632192,-4.458049774169922
1046,1327773,DLBC,0.251345,0.802863597869873
1622,1331032,DLBC,3.107427,2.974708318710327
1190,906832,DLBC,-5.096793,-2.8387417793273926
1617,1331033,DLBC,0.452978,0.1225116103887558
1005,1331050,DLBC,1.479952,2.051318645477295
1932,907274,DLBC,1.849483,2.2756056785583496
1909,1327769,DLBC,0.887335,1.1076161861419678
1559,909773,DLBC,-2.800524,-3.6022143363952637
1006,1331045,DLBC,-2.230144,-1.7871944904327393
1053,1331050,DLBC,-1.214456,-2.000347852706909
1563,1331036,DLBC,3.228773,3.9529943466186523
1088,910919,DLBC,0.763202,1.0017223358154297
1250,1330995,DLBC,2.667289,2.3488283157348633
1926,909773,DLBC,0.408836,0.3337971568107605
1168,1331050,DLBC,1.403612,2.531873941421509
1630,1331032,DLBC,2.141358,2.662325143814087
1549,910930,DLBC,3.562267,3.816574811935425
2048,1331033,DLBC,-5.804995,-5.808542728424072
1005,1331045,DLBC,2.464717,1.649094581604004
1511,1331045,DLBC,-0.767438,-1.7580523490905762
1930,910919,DLBC,-0.78937,-0.6910942196846008
2045,906832,DLBC,4.990392,3.7907490730285645
1925,910919,DLBC,3.386306,3.9708380699157715
1854,910935,DLBC,3.448211,3.740878105163574
1922,1327773,DLBC,1.549935,1.4236900806427002
1079,1331036,DLBC,-3.451681,-1.4333503246307373
2110,910919,DLBC,3.881674,1.9211583137512207
1034,1327773,DLBC,-4.90777,-3.9075636863708496
1180,1331048,DLBC,-4.081186,-3.8514938354492188
1060,910930,DLBC,0.10066,-0.27930760383605957
1512,1331037,DLBC,3.807933,3.3795504570007324
1373,1331036,DLBC,2.515213,2.2762107849121094
1936,1331045,DLBC,1.795943,2.133084535598755
1908,1327769,DLBC,0.192852,-0.24766474962234497
1627,1331038,DLBC,1.382451,1.6824193000793457
2096,1303897,DLBC,4.397128,4.789763450622559
2111,1330995,DLBC,4.636631,2.7202091217041016
1614,910935,DLBC,1.407117,1.4460186958312988
1237,1331038,DLBC,3.641385,3.6284327507019043
1919,1303897,DLBC,2.998992,2.864655017852783
1047,1331045,DLBC,4.734348,3.928741455078125
1635,1331033,DLBC,4.050281,3.528498411178589
1507,910935,DLBC,0.963635,3.2091574668884277
1560,1297449,DLBC,2.859996,1.038419246673584
1849,1331045,DLBC,-0.957789,-1.6960268020629883
2045,1330995,DLBC,4.157163,4.010161876678467
1049,1331033,DLBC,2.706913,2.4723713397979736
1084,906832,DLBC,-3.696087,-5.6425018310546875
1916,1327769,DLBC,1.840627,1.994638442993164
1625,1331048,DLBC,3.688855,3.7851057052612305
1939,1331048,DLBC,1.801521,1.7293217182159424
1372,1303897,DLBC,3.369174,3.300529956817627
1007,910930,DLBC,-6.097264,-5.843393802642822
2045,1327769,DLBC,3.50912,2.44328236579895
1928,1327769,DLBC,2.025405,2.0736746788024902
1873,909773,DLBC,0.380798,0.5553086996078491
1005,1303897,DLBC,1.141946,0.4530051052570343
2043,1331050,DLBC,4.236011,3.746624231338501
1598,1331037,DLBC,2.553864,2.361959934234619
2047,910930,DLBC,0.962896,1.5353734493255615
1924,906832,DLBC,3.474602,3.549370288848877
1598,1330995,DLBC,4.318555,4.354190826416016
1630,906842,DLBC,2.486377,0.8127527236938477
1060,906842,DLBC,-0.736204,-0.8041284680366516
1083,1303897,DLBC,3.979048,4.345522403717041
1940,1331050,DLBC,3.27029,3.639392614364624
1997,1327769,DLBC,3.375431,2.976320505142212
1010,1331037,DLBC,2.080103,1.8407912254333496
1563,1297449,DLBC,4.580305,4.642825603485107
1032,1297449,DLBC,0.914907,0.4229605793952942
1909,1331045,DLBC,-2.752131,-1.0183813571929932
1917,909773,DLBC,1.044184,1.1601938009262085
1593,1331048,DLBC,2.62417,0.9788011312484741
1372,910919,DLBC,0.778102,0.39158356189727783
1199,910919,DLBC,1.930284,1.988647699356079
1032,910930,DLBC,1.491349,1.0676243305206299
1561,906842,DLBC,0.067726,-0.8679757714271545
1930,1331036,DLBC,-2.254259,-1.7681622505187988
1849,1297449,DLBC,-0.518823,-2.904963731765747
1190,1331033,DLBC,-3.902512,-3.2556958198547363
1557,1330995,DLBC,5.430778,5.262943744659424
1373,1330995,DLBC,4.912757,3.0277304649353027
1089,907274,DLBC,2.090785,2.189951181411743
1908,910930,DLBC,1.758934,1.5353734493255615
1912,1327769,DLBC,2.961989,2.1270205974578857
2045,907274,DLBC,2.321763,3.380872964859009
1916,910934,DLBC,0.943886,0.8634095191955566
1179,907274,DLBC,0.10742,-0.17493289709091187
1939,1331033,DLBC,2.704384,1.5728271007537842
1621,1330995,DLBC,4.478803,3.7399768829345703
1034,907274,DLBC,-5.896206,-3.3606743812561035
1624,1331032,DLBC,1.886536,1.8812639713287354
1916,907274,DLBC,1.184643,0.8717696666717529
1912,1331037,DLBC,-1.639683,-2.089914321899414
1011,1330995,DLBC,-0.555959,-0.6849873661994934
1560,1331038,DLBC,3.27133,3.5288822650909424
1190,910935,DLBC,-5.191813,-4.589045524597168
1917,1331032,DLBC,2.2235,1.6820306777954102
1916,1303897,DLBC,4.156406,4.616786003112793
1933,1331037,DLBC,3.773072,2.093644618988037
1022,909773,DLBC,-1.26093,-1.7596778869628906
1997,906832,DLBC,2.102223,1.3658447265625
1013,1331032,DLBC,3.017075,1.3757970333099365
1593,1331033,DLBC,-0.0125,-0.03431779146194458
1854,906832,DLBC,4.990392,4.516367435455322
1088,1331050,DLBC,-0.002381,1.0034778118133545
1036,910919,DLBC,2.729631,2.2832062244415283
1618,1331033,DLBC,3.070178,2.5996198654174805
1617,1331045,DLBC,1.625762,1.4912164211273193
1613,910935,DLBC,1.090268,0.09783565998077393
1199,1331048,DLBC,2.378747,2.4363975524902344
1578,1327769,DLBC,4.665639,3.3372035026550293
1084,1331036,DLBC,-3.868743,-5.595975399017334
1557,909773,DLBC,3.93644,3.569260358810425
1131,1331036,DLBC,0.692829,0.4415402412414551
1022,1331045,DLBC,-0.845624,-1.477609395980835
1620,1297449,DLBC,3.512196,4.3956427574157715
1786,910935,DLBC,1.338598,1.8806045055389404
1614,1331033,DLBC,1.466474,1.3466821908950806
1799,910919,DLBC,3.014888,2.941193103790283
1909,1330995,DLBC,1.814132,1.0670125484466553
1936,910930,DLBC,1.780426,1.144239902496338
1854,910934,DLBC,2.565971,3.8513965606689453
1249,1331032,DLBC,2.146226,2.1183600425720215
1549,1327769,DLBC,4.317099,3.6007590293884277
1200,1331050,DLBC,1.929118,2.2490460872650146
1249,1331033,DLBC,1.834109,1.4774980545043945
1614,1303897,DLBC,5.849985,5.609903335571289
1615,910935,DLBC,3.507511,3.7414610385894775
1996,1331036,DLBC,0.419044,1.576772928237915
1873,1331032,DLBC,-0.011637,0.8412076234817505
1627,1331048,DLBC,2.035932,1.771312952041626
1635,909773,DLBC,4.153574,3.7965383529663086
1068,910935,DLBC,0.465331,-1.309572458267212
1549,910919,DLBC,3.155088,3.7399253845214844
1022,910930,DLBC,-1.668539,-1.7161319255828857
1922,910935,DLBC,1.756057,0.7394429445266724
1593,910934,DLBC,0.820551,0.4077751040458679
1919,1331038,DLBC,0.730377,0.6191426515579224
2043,1330995,DLBC,4.552223,4.824281692504883
1084,1331037,DLBC,-4.025483,-5.02216911315918
1560,1303897,DLBC,5.721869,5.205941677093506
1512,1303897,DLBC,5.850355,5.418549060821533
1079,906832,DLBC,1.628295,1.5689680576324463
1936,1330995,DLBC,1.952466,2.524360418319702
1239,906832,DLBC,-0.118789,1.674760103225708
1199,1327769,DLBC,2.251912,2.852581262588501
1908,1330995,DLBC,3.633966,2.3583693504333496
1558,1331038,DLBC,3.626743,2.0793731212615967
1179,1331036,DLBC,-1.149588,-1.8418893814086914
1512,906832,DLBC,4.990296,4.705620765686035
1068,1297449,DLBC,2.00941,0.8007450699806213
1997,910935,DLBC,2.663378,2.6720261573791504
1512,1327773,DLBC,3.057376,4.524918556213379
1011,1327769,DLBC,2.85655,1.3404793739318848
1928,907274,DLBC,1.799928,2.856564998626709
1259,1330995,DLBC,2.035111,2.4183290004730225
1630,910930,DLBC,3.881714,3.05410099029541
1627,910935,DLBC,0.792889,1.697056531906128
1913,1331037,DLBC,3.211771,2.8579461574554443
2045,910919,DLBC,2.120323,2.5403976440429688
1631,907274,DLBC,1.487702,1.0399726629257202
1631,908141,LAML,1.117294,0.7193942070007324
2046,909253,LAML,0.667075,0.7322831749916077
1627,910688,LAML,1.8691,1.8894267082214355
2096,1330947,LAML,0.124666,0.3685496747493744
1916,905938,LAML,1.906705,3.5471341609954834
1190,906870,LAML,-0.429726,-3.2970945835113525
1011,907280,LAML,-0.582064,0.06190764904022217
2096,906870,LAML,2.457932,2.326878309249878
1933,908448,LAML,4.900481,2.9928197860717773
1011,1290455,LAML,1.933974,2.114539384841919
1051,910947,LAML,0.012406,-1.5091791152954102
1011,753548,LAML,1.933587,0.9189251661300659
1057,909253,LAML,-1.393024,-1.4353382587432861
1912,1330947,LAML,1.042059,0.06493282318115234
1911,1330942,LAML,-3.16304,-4.17882776260376
1060,907280,LAML,-4.067535,-4.276867866516113
1093,907280,LAML,3.397159,3.869203805923462
1003,1330947,LAML,-5.1164,-5.483747482299805
1852,907278,LAML,4.824398,4.5025634765625
2040,1330942,LAML,2.67352,1.0767271518707275
1626,907280,LAML,2.094798,1.837285041809082
1179,908141,LAML,-1.073977,-1.0625121593475342
1916,906870,LAML,1.696381,1.922205924987793
1259,908451,LAML,0.780352,1.4473896026611328
1564,753548,LAML,2.570071,1.8242518901824951
1248,909253,LAML,-6.315499,-6.283547401428223
1080,1330947,LAML,-5.874419,-5.468007564544678
1927,908148,LAML,3.782837,3.282092332839966
1916,909253,LAML,1.640791,0.8758740425109863
1622,907300,LAML,3.754763,2.8495354652404785
1615,753548,LAML,2.978103,3.223623037338257
1918,908148,LAML,0.29916,1.5696887969970703
1854,906870,LAML,5.265308,3.669074296951294
1560,905938,LAML,2.169817,2.0498950481414795
1079,907300,LAML,2.678183,1.242234230041504
1250,907280,LAML,2.407535,2.513873815536499
1179,1330983,LAML,-0.527145,-0.2054951786994934
1635,1330983,LAML,4.293963,4.024045467376709
1576,907278,LAML,2.452344,1.9457545280456543
1925,908148,LAML,4.453427,3.485624313354492
1629,1290455,LAML,2.361777,3.193732738494873
1068,907275,LAML,-0.226621,0.44417306780815125
1918,905938,LAML,1.802981,2.6603031158447266
1928,753548,LAML,2.040786,2.5254316329956055
1248,908148,LAML,-6.386941,-5.09086799621582
1627,1290455,LAML,0.606441,1.5959303379058838
1089,907278,LAML,2.86499,3.2138748168945312
1200,1330947,LAML,2.015621,1.9446253776550293
1862,907300,LAML,-1.700771,-1.9570245742797852
1085,908451,LAML,2.185666,2.6688144207000732
1560,907275,LAML,1.535461,0.901197612285614
2045,1290455,LAML,1.669759,3.3756637573242188
1613,753548,LAML,1.566153,0.8778413534164429
1576,907275,LAML,2.332896,1.6131165027618408
1179,910688,LAML,-1.224752,-1.2077858448028564
1259,908141,LAML,-1.133622,-0.1606276035308838
1924,1330947,LAML,1.678211,1.627570390701294
2096,907300,LAML,0.963512,0.6022511124610901
1199,907300,LAML,2.674512,2.2002615928649902
1561,907300,LAML,-0.804848,0.2861528992652893
1598,1330983,LAML,2.985562,3.4859707355499268
1620,910688,LAML,4.164377,4.245524883270264
2044,1290455,LAML,2.385577,2.9637672901153564
1005,907278,LAML,2.477947,2.2911341190338135
1927,910947,LAML,3.35973,3.305319309234619
1372,1330947,LAML,-3.738527,-2.208066463470459
1933,909253,LAML,4.986165,4.4266157150268555
1049,908141,LAML,3.018508,2.7166614532470703
1131,906870,LAML,2.197418,2.4477791786193848
1512,908141,LAML,4.290671,3.764425277709961
2048,1330983,LAML,-4.993247,-4.26492977142334
2044,910688,LAML,4.909304,1.4533936977386475
1922,909253,LAML,1.980773,2.140275001525879
1180,906870,LAML,-4.04054,-3.699498176574707
1613,905938,LAML,2.957781,2.755380630493164
1924,905938,LAML,2.393139,4.195054054260254
1249,908451,LAML,3.099347,1.950620174407959
2107,910947,LAML,1.852962,3.495082378387451
1032,906870,LAML,0.618951,0.45095086097717285
1564,907280,LAML,-1.021989,-1.9356441497802734
1862,1330942,LAML,-1.572837,-1.603132963180542
1005,1290455,LAML,1.386818,0.81806880235672
1927,1330985,LAML,4.989999,3.434903144836426
1614,906870,LAML,2.198098,2.313671350479126
1625,907280,LAML,4.836828,4.277318000793457
1006,909253,LAML,1.158058,-0.35267847776412964
1915,909253,LAML,1.310885,2.658411979675293
1853,910688,LAML,4.518049,4.1629638671875
1083,1290455,LAML,1.698191,0.9416428208351135
1941,910688,LAML,-5.504918,-4.858227729797363
2040,1330983,LAML,-2.435759,-0.8179343342781067
1558,1330947,LAML,1.808272,0.8246653079986572
1005,909253,LAML,2.811906,2.5411858558654785
2045,910688,LAML,2.510406,2.8042421340942383
1006,905938,LAML,0.232367,-0.08131641149520874
1237,907278,LAML,4.931111,4.801328182220459
1003,907280,LAML,-2.633582,-2.506099224090576
1932,910947,LAML,3.375464,1.5033016204833984
1908,908451,LAML,0.898997,0.5342332720756531
1237,905938,LAML,4.601222,3.68790340423584
1199,908141,LAML,2.484966,1.9363715648651123
1932,907278,LAML,2.947259,2.64011287689209
1931,753548,LAML,2.290716,3.4455466270446777
2111,753548,LAML,2.857422,1.2674007415771484
1910,908451,LAML,1.918376,0.5031124353408813
2043,910947,LAML,4.019705,3.4814605712890625
1576,907280,LAML,2.39356,2.1145989894866943
1199,910947,LAML,2.751233,1.6733872890472412
1928,910688,LAML,3.375499,3.3213307857513428
1168,907278,LAML,2.161125,2.3531334400177
1873,910688,LAML,0.220355,0.006678879261016846
1047,1330983,LAML,0.368638,0.3059251308441162
1017,910947,LAML,2.063892,2.601470470428467
1249,905938,LAML,4.046455,2.5292224884033203
1593,1330985,LAML,0.413621,0.13651402294635773
1629,907053,LAML,4.087424,4.131097793579102
1011,905938,LAML,-0.887512,-1.911287784576416
1239,1330985,LAML,0.334374,-0.07518476247787476
1563,910947,LAML,4.145421,3.881525754928589
1091,909253,LAML,3.760168,2.299478530883789
2110,908448,LAML,2.971603,3.8789873123168945
1917,1330947,LAML,-0.59136,-0.4246547818183899
1239,907280,LAML,1.863526,2.11539626121521
1032,1330983,LAML,1.419179,1.2434401512145996
1931,908451,LAML,4.427783,4.084606170654297
1852,907053,LAML,3.685224,4.02449369430542
1060,907278,LAML,-0.143129,-0.23662430047988892
1924,908148,LAML,0.393157,0.9191180467605591
1051,905938,LAML,-0.70196,-1.7902958393096924
1012,905938,LAML,0.201965,0.03995832800865173
2110,908148,LAML,3.763997,2.095033884048462
1089,908141,LAML,0.061487,0.7869197726249695
1560,908451,LAML,1.993917,2.73516583442688
1624,907300,LAML,0.778761,-0.036941200494766235
1032,905938,LAML,1.82684,1.2143454551696777
1852,1330942,LAML,4.811975,4.644078254699707
1925,910688,LAML,4.790995,4.472763538360596
1177,908141,LAML,0.266541,1.7889115810394287
1915,1330947,LAML,1.591174,1.130396842956543
1549,753548,LAML,0.327238,2.092161178588867
1578,910688,LAML,4.057786,3.527857542037964
1054,909253,LAML,2.573918,2.939906358718872
1563,908451,LAML,5.093063,4.4219584465026855
1091,905938,LAML,-0.166596,0.46209877729415894
2040,908448,LAML,-4.650721,-2.720266819000244
1593,907278,LAML,1.155552,1.0573756694793701
1093,753548,LAML,3.497811,2.7830159664154053
1941,909253,LAML,-2.221096,-2.3158490657806396
1561,1330985,LAML,2.961824,3.036172866821289
1080,1330942,LAML,-2.245975,-0.20516061782836914
1615,910688,LAML,3.872626,4.026023864746094
1578,753548,LAML,3.762434,3.5779237747192383
1933,1330947,LAML,0.65555,2.704240083694458
1507,1330947,LAML,1.890372,2.5949900150299072
1372,908148,LAML,-1.247448,-0.5311719179153442
2107,910688,LAML,3.492298,3.6037540435791016
1576,1330983,LAML,1.379481,1.858830451965332
1997,1330947,LAML,2.619696,2.908010959625244
1634,1330983,LAML,2.936326,3.2752912044525146
1625,907278,LAML,3.279422,4.124223709106445
1618,908141,LAML,2.436736,1.2342324256896973
1939,1290455,LAML,2.338991,2.1999309062957764
1919,753548,LAML,0.440185,0.7539865970611572
1073,1290455,LAML,1.237588,0.3940107226371765
1933,905938,LAML,1.49656,1.996985912322998
2043,907278,LAML,4.730082,4.487975597381592
1549,1330985,LAML,3.706929,2.879072666168213
2045,905938,LAML,3.706029,4.075284004211426
1855,908141,LAML,2.685498,1.7383735179901123
1047,1330942,LAML,4.457563,4.274853706359863
2109,908448,LAML,1.872806,1.8848788738250732
1512,909253,LAML,4.529003,4.418534278869629
1909,908448,LAML,-2.697847,-4.392208576202393
1053,905938,LAML,4.129984,2.9738729000091553
1909,907278,LAML,-1.527004,-1.2880709171295166
1073,909253,LAML,4.429238,3.704469919204712
2046,907300,LAML,0.751372,0.5337004065513611
1083,907275,LAML,2.714352,0.3205985724925995
1080,906870,LAML,-3.585832,-3.872386932373047
2110,908451,LAML,4.10795,3.9965085983276367
1917,1330985,LAML,-0.325307,0.3351534605026245
1911,905938,LAML,-5.027766,-5.712447643280029
1936,907278,LAML,2.339752,1.322951078414917
1862,906870,LAML,-2.238564,-1.6463210582733154
2107,1330985,LAML,4.265053,4.002414703369141
1799,907278,LAML,2.783827,4.3139753341674805
2046,905938,LAML,3.364902,2.4222054481506348
1614,907300,LAML,1.798495,2.260150194168091
2110,905938,LAML,4.23334,4.451408863067627
2107,1330947,LAML,2.303048,3.32412052154541
1911,1290455,LAML,-5.773166,-5.928802967071533
1786,909253,LAML,1.586291,1.421884298324585
1862,909253,LAML,-1.281905,-1.4168496131896973
1373,906870,LAML,2.047888,3.029473066329956
1057,910688,LAML,-3.337577,-2.9747135639190674
1614,1290455,LAML,2.641975,1.9881055355072021
1912,907280,LAML,1.823612,2.4825353622436523
1912,753548,LAML,2.218605,2.2492175102233887
1131,1330983,LAML,5.384396,4.1372175216674805
1622,908451,LAML,3.910776,3.5319161415100098
1249,907278,LAML,2.746853,2.5930559635162354
1924,1290455,LAML,2.388712,2.6628403663635254
1912,908141,LAML,0.91805,1.4452452659606934
1268,1330983,LAML,3.142098,3.7459516525268555
1091,910947,LAML,0.524004,0.44243937730789185
1053,1330947,LAML,0.965403,0.3228403627872467
1620,907300,LAML,3.504226,3.658033847808838
1912,1330942,LAML,3.791288,3.515063524246216
1617,1330983,LAML,2.987387,0.7721270322799683
1613,1330985,LAML,-0.628393,1.196780800819397
1512,1330942,LAML,4.373482,4.661655902862549
1372,1330985,LAML,-3.741933,-1.7634100914001465
1626,906870,LAML,-0.59566,-0.360252320766449
1997,1330942,LAML,4.114234,2.7170779705047607
1939,907300,LAML,1.393682,1.8943262100219727
1559,910947,LAML,-4.680953,-4.276030540466309
1084,1330942,LAML,-1.482464,-1.1621618270874023
1557,1330942,LAML,4.92116,4.4235520362854
1047,908148,LAML,4.130092,1.6894652843475342
1855,1330985,LAML,1.910774,2.2751882076263428
1053,908451,LAML,2.943304,3.0212466716766357
1630,905938,LAML,4.348793,3.8842685222625732
1635,907275,LAML,4.372537,3.992919921875
1510,1330985,LAML,2.995861,2.268749475479126
1862,907280,LAML,-2.204688,-1.6678080558776855
1093,1290455,LAML,3.584341,3.8905277252197266
2107,908451,LAML,4.56743,4.299825668334961
1200,1330983,LAML,1.991378,1.5817947387695312
1200,905938,LAML,2.338496,1.751410961151123
1560,907280,LAML,3.900346,3.6810011863708496
1852,1290455,LAML,4.887165,4.291558742523193
1626,1330942,LAML,2.424039,3.108736753463745
2047,1290455,LAML,-0.815585,-0.4697434902191162
1624,907275,LAML,-0.881524,-1.063039779663086
1939,907280,LAML,1.342328,1.3521537780761719
1618,1330983,LAML,2.204922,2.8569068908691406
1131,905938,LAML,5.772691,2.852184772491455
1005,1330985,LAML,0.751936,1.0270650386810303
2044,907280,LAML,4.222719,4.208466053009033
1373,909253,LAML,3.044351,3.229938507080078
2107,908148,LAML,3.27908,2.403336524963379
1131,908141,LAML,2.347508,2.0661377906799316
1618,1330985,LAML,3.062933,3.079556941986084
1561,1330942,LAML,5.052917,4.163570880889893
1916,910688,LAML,0.435288,0.8957001566886902
1022,1330985,LAML,-1.534381,-1.4222614765167236
2047,908448,LAML,2.444255,0.6950472593307495
1237,909253,LAML,4.986165,4.2091779708862305
1011,910947,LAML,-2.100639,-1.804255723953247
1922,910688,LAML,2.092305,1.8361177444458008
1578,905938,LAML,4.818404,4.154898166656494
1057,910947,LAML,-1.633125,-2.2340941429138184
1593,1290455,LAML,-0.351623,0.4327965974807739
1168,908148,LAML,1.712236,1.7457420825958252
1561,1330983,LAML,-0.625298,1.4605979919433594
1799,1330942,LAML,4.926315,4.628091812133789
1913,753548,LAML,3.951998,3.361468553543091
1916,907280,LAML,2.757753,3.197694778442383
1007,907278,LAML,-4.321055,-3.652365207672119
1926,907300,LAML,-0.088976,-0.21991276741027832
1940,1290455,LAML,3.247656,3.5763063430786133
1924,906870,LAML,2.341355,1.6505005359649658
1909,1330985,LAML,1.075749,0.435753732919693
1010,907278,LAML,3.219752,3.442197322845459
1068,910688,LAML,-0.126077,0.15403151512145996
1512,908448,LAML,4.338462,4.546504020690918
1933,1290455,LAML,1.992158,3.155001163482666
1549,1330947,LAML,2.46162,1.1755114793777466
1529,908141,LAML,-2.08519,-1.309701919555664
1051,907053,LAML,1.919829,-0.41993725299835205
1630,1330947,LAML,-0.414885,1.1622352600097656
1852,910947,LAML,4.019706,3.851322650909424
1084,908448,LAML,-3.172514,-3.1966283321380615
1849,1330985,LAML,-0.978316,-1.5490937232971191
1911,908148,LAML,-5.564219,-6.083041667938232
1622,1330985,LAML,2.897661,3.187490701675415
1091,907280,LAML,1.24799,1.1717439889907837
1168,1330985,LAML,1.166676,1.5834369659423828
1922,1330947,LAML,1.345984,-0.7042557597160339
1085,908148,LAML,-4.554658,0.3656770884990692
1631,1290455,LAML,0.683775,1.197282314300537
1177,1330947,LAML,0.657075,0.7959725856781006
1930,907278,LAML,0.815538,0.9605448842048645
2043,910688,LAML,3.19485,3.805217742919922
1036,753548,LAML,3.702897,2.997541904449463
1627,753548,LAML,1.67096,0.9216248393058777
1191,1330985,LAML,-7.04285,-6.087336540222168
1635,908451,LAML,4.674772,4.210766792297363
1576,1330942,LAML,2.473759,2.680586814880371
1941,908141,LAML,-4.008188,-4.35186767578125
1910,906870,LAML,-2.967285,-3.5200161933898926
1529,1330942,LAML,1.562719,0.10896393656730652
1922,1290455,LAML,1.52207,1.8292474746704102
1873,1290455,LAML,0.135024,0.3843180537223816
1598,908141,LAML,2.989434,2.8317549228668213
1073,910947,LAML,0.556843,1.6506853103637695
1091,908148,LAML,-1.059873,0.6441566348075867
1563,908141,LAML,4.138213,3.727022647857666
1179,905938,LAML,0.377485,-1.1478214263916016
2111,1330983,LAML,3.038042,2.858649492263794
1179,1330947,LAML,-1.974214,-1.5319440364837646
1624,1290455,LAML,-0.924301,-0.6369255781173706
1190,907300,LAML,-3.330191,-4.408673286437988
1093,1330942,LAML,4.544996,4.675213813781738
1036,907278,LAML,4.326934,4.419392108917236
1060,909253,LAML,-1.045981,-1.2275888919830322
1936,905938,LAML,1.359002,2.0700910091400146
1057,1330942,LAML,-0.886596,0.2592204809188843
1259,905938,LAML,0.962461,1.6277401447296143
1237,908141,LAML,3.672807,3.582839012145996
1939,909253,LAML,4.982074,2.8857192993164062
1799,908141,LAML,4.316386,2.7853806018829346
2048,910688,LAML,-4.729299,-5.645646095275879
1559,1330942,LAML,1.061355,-1.7062790393829346
1249,906870,LAML,1.45288,2.4808199405670166
1511,1290455,LAML,-2.631466,-2.0330326557159424
1239,907300,LAML,-0.473125,0.21382376551628113
1620,906870,LAML,4.241971,4.244682788848877
1529,908451,LAML,-1.655327,-1.2468912601470947
1036,908451,LAML,5.150832,4.934982776641846
1088,753548,LAML,-0.104911,0.15470550954341888
1625,905938,LAML,3.271004,3.176011562347412
1034,907278,LAML,-3.763438,-2.5041561126708984
1564,907300,LAML,-0.119952,-0.5785837173461914
1615,906870,LAML,2.510169,4.0914835929870605
1563,907280,LAML,4.922584,4.660508632659912
1250,753548,LAML,-0.93725,-0.43035244941711426
1933,908141,LAML,3.648068,2.4597628116607666
1578,907300,LAML,3.706976,3.889132022857666
1046,908148,LAML,-0.556633,0.25006040930747986
1012,908451,LAML,1.313851,1.3324692249298096
1190,909253,LAML,-2.493901,-3.0851118564605713
2044,910947,LAML,2.815349,2.1570873260498047
1626,908141,LAML,-0.85276,-0.8178514838218689
1036,908448,LAML,4.900481,3.2328004837036133
1916,1330985,LAML,2.075918,2.7017292976379395
1629,907300,LAML,3.997593,3.262948513031006
1618,907278,LAML,2.042007,2.2711431980133057
1017,909253,LAML,4.705919,4.775927543640137
1621,910947,LAML,2.976572,3.183253526687622
1529,907278,LAML,0.243435,-0.6061527729034424
2040,907280,LAML,1.006583,1.3761756420135498
1909,905938,LAML,-4.545733,-3.6939258575439453
1997,1290455,LAML,4.875785,3.5344274044036865
1093,908448,LAML,1.888167,3.8829503059387207
1621,907278,LAML,4.636077,3.996985912322998
1564,907278,LAML,2.883507,2.2759671211242676
1200,753548,LAML,1.850893,1.1885322332382202
1011,1330983,LAML,-1.928617,-1.5755739212036133
1073,907275,LAML,4.321523,3.3273799419403076
1549,907280,LAML,3.511126,4.473966121673584
1511,908448,LAML,-2.570871,-3.029040575027466
1634,910947,LAML,2.622427,2.7273190021514893
2046,907278,LAML,2.125507,0.8802430033683777
1561,1290455,LAML,-0.212986,1.1742396354675293
1561,910688,LAML,0.977403,0.4526251256465912
1563,907278,LAML,4.778632,4.7710795402526855
1511,905938,LAML,-2.761438,-1.418121099472046
1032,908141,LAML,1.160294,0.8835331201553345
1931,908148,LAML,4.224861,3.322953939437866
1022,909253,LAML,-2.202501,-1.1165754795074463
1561,908141,LAML,-0.426157,0.7518719434738159
1940,753548,LAML,3.547618,3.046830177307129
1032,1290455,LAML,0.954069,1.0507183074951172
1022,905938,LAML,0.288082,-0.7250089049339294
1085,907278,LAML,1.066111,1.6780245304107666
1068,1330947,LAML,-0.619456,-0.3660011291503906
1578,906870,LAML,4.025662,3.973391056060791
1621,907300,LAML,3.834414,3.1879642009735107
1918,907300,LAML,1.751015,2.8781371116638184
1613,908141,LAML,1.100262,0.6572028398513794
1908,908141,LAML,0.06184,0.13109615445137024
1079,1330985,LAML,1.439922,-2.430704116821289
1931,910688,LAML,4.999926,3.618795871734619
1017,908141,LAML,2.291361,2.9470341205596924
1003,1330942,LAML,-2.246174,-2.3398025035858154
1091,910688,LAML,1.329732,1.960545539855957
1180,1330985,LAML,-3.07157,-3.8306446075439453
1507,907275,LAML,3.665473,3.2126758098602295
1259,1330942,LAML,2.900601,4.053526878356934
2107,906870,LAML,5.02201,4.141176700592041
1996,908451,LAML,3.538457,3.557126760482788
2046,908148,LAML,-0.156075,0.4605174660682678
1927,1330947,LAML,3.890748,3.3902812004089355
1372,905938,LAML,-3.417094,-3.3428492546081543
1088,908448,LAML,0.249805,0.021541684865951538
1627,907300,LAML,1.927492,0.9579971432685852
1073,908451,LAML,1.561235,2.6840903759002686
1248,910947,LAML,-6.816552,-6.385421276092529
1089,907275,LAML,3.224686,2.5725061893463135
1010,910947,LAML,2.387289,1.918778419494629
1073,1330942,LAML,6.101544,6.141981601715088
1614,1330947,LAML,0.453925,0.8340519666671753
1786,1330947,LAML,-1.232935,-0.8947567343711853
1507,906870,LAML,1.752261,1.9591879844665527
1177,907275,LAML,3.074986,3.9548299312591553
2040,908451,LAML,0.450737,0.3665730953216553
1941,1330942,LAML,-1.37255,-4.080799579620361
1560,1330947,LAML,2.151003,1.7238893508911133
1578,908451,LAML,4.820373,4.191958427429199
1624,905938,LAML,0.754864,0.9995145797729492
1510,907278,LAML,4.15405,3.8114359378814697
2106,908451,LAML,3.306927,3.759157657623291
1615,907300,LAML,3.474122,3.2891297340393066
1007,907280,LAML,-4.121865,-4.702180862426758
1022,1330942,LAML,0.274543,-0.13780122995376587
1560,907053,LAML,3.891209,4.012391567230225
1032,1330942,LAML,1.232252,1.4121818542480469
1032,910688,LAML,1.198387,0.8953031897544861
2045,906870,LAML,3.576734,3.3375182151794434
1928,907280,LAML,3.451492,3.312743663787842
1512,908148,LAML,4.546627,3.7012462615966797
1003,905938,LAML,-4.551981,-3.6258513927459717
1053,910688,LAML,1.316163,0.6789717674255371
1910,908148,LAML,-0.419851,0.7600994110107422
1614,910947,LAML,2.433921,2.117952823638916
1854,1290455,LAML,4.921821,3.4528250694274902
1854,907278,LAML,4.59764,4.44670295715332
1058,906870,LAML,-1.772624,-1.399885654449463
1909,907300,LAML,-5.314452,-3.5615782737731934
1631,1330983,LAML,2.37989,1.9610118865966797
1629,1330942,LAML,5.521508,4.717830181121826
1941,910947,LAML,-3.109216,-4.282432556152344
1786,907300,LAML,1.15719,1.91691255569458
1853,907053,LAML,4.22588,3.5807125568389893
1922,753548,LAML,-0.0476,0.468552827835083
1237,906870,LAML,3.487545,4.20882511138916
1083,1330985,LAML,1.548857,0.12832698225975037
1080,910688,LAML,-5.725145,-5.121784687042236
1012,907300,LAML,-0.284314,-0.16462868452072144
1630,908451,LAML,3.259411,3.3740134239196777
1918,910947,LAML,3.117745,2.478494167327881
1007,1330947,LAML,-6.550864,-6.910811901092529
1559,908448,LAML,-3.917183,-4.648122787475586
1089,907280,LAML,2.308486,3.4739537239074707
1613,907280,LAML,4.152935,2.1809122562408447
1598,910947,LAML,2.431238,2.944385290145874
1054,1330947,LAML,-1.491216,-0.14198994636535645
2109,1330942,LAML,2.256638,2.6424336433410645
1598,908451,LAML,2.924202,3.9664621353149414
1180,907275,LAML,-4.292838,-3.657149314880371
1032,907300,LAML,0.399982,0.9786602258682251
1928,910947,LAML,2.291717,2.0257506370544434
1635,908141,LAML,3.297969,3.664069414138794
1634,905938,LAML,2.985509,3.3686604499816895
1941,906870,LAML,-1.856604,-2.979487895965576
1557,1330985,LAML,4.448252,3.328183174133301
1849,907300,LAML,-0.920673,-0.6415926814079285
1910,1290455,LAML,1.800943,0.9446457624435425
1578,910947,LAML,4.204681,3.76225209236145
1510,907280,LAML,2.609223,2.7619175910949707
1919,910947,LAML,1.279499,0.6796011924743652
1199,1330942,LAML,3.228456,3.8220808506011963
1563,909253,LAML,4.986165,4.5293965339660645
1088,1290455,LAML,1.226506,0.6101576089859009
1634,907278,LAML,4.301195,3.720921516418457
1634,907053,LAML,3.130063,3.4949679374694824
1511,1330942,LAML,0.338695,0.038829922676086426
1051,753548,LAML,-2.980202,-2.906970500946045
1917,907278,LAML,1.514864,0.8206528425216675
1511,1330947,LAML,-4.593457,-4.206020355224609
1200,910947,LAML,1.016769,1.016073226928711
1034,1290455,LAML,-3.730917,-3.8386292457580566
1918,909253,LAML,4.859358,3.308561086654663
1622,905938,LAML,3.19745,3.0906569957733154
1373,907278,LAML,2.62036,4.032899379730225
1372,1330983,LAML,-4.309682,-2.661328077316284
1088,907278,LAML,1.571238,1.5237886905670166
1624,1330985,LAML,1.003601,1.3791828155517578
2044,1330983,LAML,1.532946,2.9173386096954346
1593,753548,LAML,0.618802,0.18998469412326813
1083,906870,LAML,0.647751,0.6745407581329346
1190,910947,LAML,-5.012886,-5.0304951667785645
1909,1290455,LAML,0.048359,0.18611517548561096
1919,907278,LAML,2.497943,1.6617717742919922
1083,907053,LAML,2.938301,0.25371578335762024
1022,907300,LAML,-0.964671,-1.732436180114746
1060,1290455,LAML,-4.760291,-4.275722980499268
1578,1290455,LAML,3.773171,3.9385128021240234
1634,909704,BLCA,3.760896,3.7480156421661377
2046,906798,BLCA,4.198355,3.5551986694335938
1629,909704,BLCA,3.878987,4.508341312408447
2096,909749,BLCA,3.899083,2.62313175201416
1917,687457,BLCA,3.928245,3.752554178237915
1190,753566,BLCA,-0.051835,4.689021587371826
1011,724838,BLCA,3.067607,4.018551349639893
2096,687455,BLCA,1.631028,2.6838138103485107
1933,909749,BLCA,5.403886,4.408551216125488
1011,909704,BLCA,2.816532,5.271543502807617
1051,907065,BLCA,4.184968,3.4438750743865967
1011,687452,BLCA,2.984122,2.546785593032837
1057,906797,BLCA,-1.083195,-1.875213384628296
1915,687452,BLCA,1.093429,1.0938701629638672
1913,687452,BLCA,4.544496,4.965463161468506
1060,687459,BLCA,1.5441,2.3640103340148926
1093,906797,BLCA,4.461642,4.910912036895752
1003,1290730,BLCA,-3.805755,-2.867448329925537
1853,909704,BLCA,4.553046,4.542985439300537
2040,909704,BLCA,-0.331916,0.4144958257675171
1627,753584,BLCA,2.05985,2.683502435684204
1179,906798,BLCA,0.756636,0.9067395329475403
1917,687459,BLCA,1.933247,3.0705862045288086
1259,907065,BLCA,4.146432,4.0291948318481445
1564,753584,BLCA,3.129659,3.075167179107666
1248,909749,BLCA,-4.239031,-4.384674072265625
1080,910926,BLCA,-4.992529,-4.459348201751709
1928,687452,BLCA,5.751531,5.384442329406738
1917,907066,BLCA,2.120291,3.8033673763275146
1624,753552,BLCA,2.949497,1.9554059505462646
1615,909704,BLCA,5.075294,5.111060619354248
1919,753566,BLCA,2.714493,3.3641600608825684
1855,907312,BLCA,2.192163,3.5928759574890137
1560,687457,BLCA,5.413422,5.5105743408203125
1079,753566,BLCA,4.251724,2.9885706901550293
1250,906797,BLCA,3.609793,3.972179889678955
1180,687455,BLCA,-3.152436,-3.0893845558166504
1799,687457,BLCA,5.635863,5.722977161407471
1576,909780,BLCA,2.823822,2.754788398742676
1926,687457,BLCA,0.907046,0.49758169054985046
1630,909780,BLCA,4.093845,4.691155433654785
1068,687459,BLCA,2.007429,1.8029778003692627
1919,687452,BLCA,0.522533,0.09391820430755615
1928,907065,BLCA,5.820176,5.288542747497559
1248,753584,BLCA,-3.48673,-3.0974106788635254
1629,909780,BLCA,4.491585,4.245137691497803
1089,753566,BLCA,5.801208,5.285353183746338
1200,909780,BLCA,2.881701,2.865901470184326
1873,909704,BLCA,0.966154,0.6325966119766235
1085,906798,BLCA,2.088023,2.1903932094573975
1560,753552,BLCA,3.377824,1.4586284160614014
2045,907312,BLCA,4.691286,4.503787994384766
1613,907065,BLCA,5.375024,5.252040386199951
1576,909749,BLCA,2.93415,2.832353353500366
1179,909749,BLCA,1.042368,0.8884159326553345
1259,753584,BLCA,3.364206,2.8969602584838867
1925,907066,BLCA,4.580035,5.042539119720459
2096,724838,BLCA,3.674275,3.7444887161254883
1199,753566,BLCA,5.350948,5.731853485107422
1561,907066,BLCA,5.931318,5.616196155548096
1613,906798,BLCA,4.043897,4.199374198913574
1621,753566,BLCA,6.047795,6.562691688537598
2044,907312,BLCA,2.801064,2.4962542057037354
1005,753552,BLCA,2.608362,3.887418508529663
1928,753552,BLCA,2.979884,3.2126033306121826
1372,909749,BLCA,0.707134,0.3401282727718353
1933,910926,BLCA,2.450188,3.0676920413970947
1049,753552,BLCA,3.777795,3.450561761856079
1131,753584,BLCA,2.915146,3.5570178031921387
1512,753566,BLCA,5.281423,6.179372787475586
2048,909780,BLCA,-3.202279,-4.101748943328857
2044,907065,BLCA,4.642941,3.5344762802124023
1924,753584,BLCA,3.158454,3.444540500640869
1180,753566,BLCA,2.000658,-2.2073757648468018
1613,907312,BLCA,0.75039,1.2465908527374268
1924,909780,BLCA,4.236718,4.396430492401123
1249,907066,BLCA,4.822236,4.015115261077881
2107,907066,BLCA,5.559022,5.1006293296813965
1022,910926,BLCA,-0.238328,0.0995059609413147
1564,909704,BLCA,1.039768,1.5927009582519531
1908,724838,BLCA,4.663883,3.699272632598877
1005,909780,BLCA,1.724439,1.3501273393630981
1928,906798,BLCA,3.430204,4.500511169433594
1614,909749,BLCA,2.87612,3.228632688522339
1626,753566,BLCA,4.120513,4.666721343994141
1006,907312,BLCA,-1.470559,0.502144455909729
1916,907066,BLCA,5.083013,4.873016834259033
1855,687455,BLCA,3.572412,4.987180233001709
1083,909704,BLCA,3.6596,2.54707670211792
1941,909704,BLCA,-4.177495,-4.455893516540527
2040,909780,BLCA,1.207777,0.9014394283294678
1558,909780,BLCA,3.790075,4.23370885848999
1005,907312,BLCA,2.528605,2.214576005935669
2045,907065,BLCA,6.353081,5.498482704162598
1006,687459,BLCA,3.301017,3.622922897338867
1237,753552,BLCA,5.098118,4.816275596618652
1003,753566,BLCA,-2.47785,1.4825913906097412
1933,687455,BLCA,4.433889,4.929250717163086
1909,910926,BLCA,1.634428,1.724489688873291
1237,687455,BLCA,4.361364,5.152487277984619
1199,753584,BLCA,4.261369,4.157656669616699
1932,907065,BLCA,2.560406,3.314451217651367
1931,906797,BLCA,5.56781,5.703396797180176
2111,687452,BLCA,3.941719,4.274432182312012
1911,909749,BLCA,-4.598144,-4.286426544189453
2043,907066,BLCA,4.31837,5.442474365234375
1576,910926,BLCA,1.615464,2.297724723815918
1199,909704,BLCA,3.713388,2.8399136066436768
1930,687459,BLCA,1.787756,0.7847224473953247
1168,753584,BLCA,3.32077,3.210871934890747
1909,687455,BLCA,2.920977,1.5181915760040283
1047,910926,BLCA,4.838823,4.533548831939697
1017,907065,BLCA,4.729194,4.344685077667236
1249,687457,BLCA,3.273459,4.310030460357666
1598,753552,BLCA,2.276937,2.7914042472839355
1630,753552,BLCA,3.177319,2.6181437969207764
1011,687455,BLCA,1.405467,3.1483232975006104
1248,724838,BLCA,-4.76425,-3.786548614501953
1564,687455,BLCA,1.253466,1.9717495441436768
1091,909704,BLCA,1.031175,0.9181683659553528
2110,753584,BLCA,4.343482,4.642603397369385
1918,909780,BLCA,4.43418,3.1851842403411865
1239,753566,BLCA,6.322563,5.380460262298584
1032,909704,BLCA,2.310117,1.195623517036438
1931,1290730,BLCA,5.619998,5.7420878410339355
1853,907065,BLCA,5.337787,3.9154446125030518
1060,687457,BLCA,0.127149,0.6318934559822083
1925,687459,BLCA,5.650341,6.04324197769165
1049,1290730,BLCA,3.678185,4.683618068695068
1012,687455,BLCA,2.852949,1.897648811340332
2110,753566,BLCA,6.331458,6.253338813781738
1089,906798,BLCA,2.266859,3.383202314376831
1560,907312,BLCA,4.617477,3.422316789627075
1625,753566,BLCA,4.826411,6.383245944976807
1022,909780,BLCA,-0.806071,-0.4698907732963562
1854,687459,BLCA,4.411513,5.629735946655273
1926,753566,BLCA,4.837493,3.1436479091644287
1177,907312,BLCA,3.035323,3.8755621910095215
1916,910926,BLCA,3.297426,2.745651960372925
1529,910926,BLCA,-0.948515,-0.4099288582801819
1593,687457,BLCA,2.637568,3.6033265590667725
1054,906797,BLCA,5.21825,5.213354110717773
1563,910926,BLCA,4.994971,4.936776638031006
1091,724838,BLCA,2.677743,2.9159440994262695
2040,753584,BLCA,1.059016,0.9381107687950134
1593,910926,BLCA,2.630937,2.3346478939056396
1093,687457,BLCA,4.932557,4.709995269775391
1941,907312,BLCA,-3.782499,-3.726565361022949
1563,687455,BLCA,5.640931,5.553973197937012
1080,909780,BLCA,-4.052958,-3.935901165008545
1617,753566,BLCA,2.879685,3.1076526641845703
1578,907065,BLCA,5.972599,5.488386631011963
1936,687459,BLCA,2.718113,3.1398775577545166
1507,909749,BLCA,5.052521,4.91052770614624
1372,753566,BLCA,2.521118,2.549839496612549
2107,907065,BLCA,3.759528,5.338583946228027
1578,906797,BLCA,5.675438,5.207206726074219
1997,909780,BLCA,3.936067,4.2485432624816895
1786,687459,BLCA,3.745099,2.553859233856201
1626,753552,BLCA,1.72426,1.5228943824768066
1620,687457,BLCA,5.343099,5.610124588012695
1939,1290730,BLCA,3.743102,3.3231141567230225
1919,910926,BLCA,1.794479,1.809197187423706
1073,909749,BLCA,5.602832,5.497808933258057
1933,753584,BLCA,5.241165,4.657939910888672
2043,687457,BLCA,4.547645,5.352453231811523
1549,909780,BLCA,5.027341,4.738746166229248
2045,687452,BLCA,4.969635,5.003615379333496
1862,1290730,BLCA,-1.876645,-1.8737831115722656
1047,909704,BLCA,5.376595,5.574323654174805
2109,753584,BLCA,2.196309,2.8198354244232178
1512,907065,BLCA,5.592635,5.558690071105957
1910,909749,BLCA,2.524414,2.8280954360961914
1051,1290730,BLCA,3.375058,3.0449981689453125
1910,906798,BLCA,4.331129,2.325860023498535
1073,907066,BLCA,8.353894,6.227855682373047
2046,724838,BLCA,4.201207,3.697350025177002
1083,753552,BLCA,3.404121,3.765194892883301
1080,687459,BLCA,-1.528039,-1.1991767883300781
2110,906797,BLCA,4.972023,5.089625358581543
1918,910926,BLCA,2.860587,2.969198226928711
1912,753552,BLCA,1.734914,1.3406903743743896
1936,906797,BLCA,1.267352,2.2883105278015137
1873,907065,BLCA,0.488712,1.1116139888763428
2107,910926,BLCA,3.626753,3.8696887493133545
1849,907312,BLCA,-1.133198,-0.724901020526886
2046,687452,BLCA,3.791167,4.097215175628662
1615,687455,BLCA,4.899337,5.335134029388428
2110,687452,BLCA,3.027449,4.897826671600342
2107,909749,BLCA,5.699657,5.159417629241943
1912,1290730,BLCA,1.850243,1.5795276165008545
1799,910926,BLCA,4.76404,3.908186912536621
1908,687452,BLCA,2.493627,3.2877328395843506
1373,687455,BLCA,4.777687,4.632997512817383
1057,906798,BLCA,-0.753863,-1.644625186920166
1615,753584,BLCA,4.647076,4.66380500793457
1913,753584,BLCA,4.651104,4.63047456741333
1913,687459,BLCA,4.685212,5.582372665405273
1168,687457,BLCA,3.971579,3.062098503112793
1624,753584,BLCA,3.14209,2.787731885910034
1249,753584,BLCA,3.965469,3.5399327278137207
1925,906798,BLCA,4.882372,4.543688774108887
1913,906798,BLCA,3.874526,4.157614707946777
1268,910926,BLCA,3.41843,4.122687339782715
1091,909780,BLCA,3.45592,2.0281825065612793
1053,909704,BLCA,2.705395,2.827592372894287
1621,687457,BLCA,4.988162,4.968480587005615
1913,1290730,BLCA,4.730883,4.921644687652588
1618,906798,BLCA,2.580122,3.458749771118164
1614,907065,BLCA,3.559796,3.9970529079437256
1512,909749,BLCA,4.737999,5.280680179595947
1372,910926,BLCA,-3.352248,-3.1460683345794678
1627,687457,BLCA,3.228113,3.3682849407196045
1997,909749,BLCA,3.532909,3.057671308517456
1939,906798,BLCA,4.595751,1.8309736251831055
1559,907066,BLCA,-0.994564,1.1681054830551147
1084,909749,BLCA,-0.571618,-1.860175609588623
1557,909749,BLCA,5.298556,4.7285542488098145
1047,753566,BLCA,6.551058,6.7735748291015625
1873,753584,BLCA,1.585573,1.4194698333740234
1053,753584,BLCA,3.957486,3.336949348449707
1631,687459,BLCA,4.528935,5.140915870666504
1786,906798,BLCA,1.537208,1.812976598739624
1510,910926,BLCA,3.318298,2.643625020980835
1873,907312,BLCA,0.655404,0.9868063926696777
1093,1290730,BLCA,5.446645,4.7384867668151855
2107,906797,BLCA,5.447607,4.951708793640137
1200,910926,BLCA,2.382221,2.2794930934906006
1200,687455,BLCA,2.919201,2.489182710647583
1560,753584,BLCA,2.954598,3.5250675678253174
1854,687457,BLCA,5.162718,5.430116176605225
1627,909780,BLCA,2.864359,2.688493251800537
2047,907312,BLCA,-0.9742,-1.2744874954223633
1625,687457,BLCA,5.256268,5.2990403175354
1939,906797,BLCA,1.734072,1.5333330631256104
1620,907065,BLCA,6.02648,6.245277404785156
1131,753566,BLCA,7.543942,6.843094348907471
1006,687455,BLCA,2.149964,1.2628769874572754
2044,687459,BLCA,4.364234,5.018311977386475
1373,906798,BLCA,5.23227,4.89857816696167
2107,753566,BLCA,5.934818,6.522720813751221
1131,909704,BLCA,6.010589,5.1171393394470215
1620,907312,BLCA,4.543421,4.593723297119141
1561,1290730,BLCA,-1.850697,0.27863609790802
1917,907312,BLCA,0.710195,1.2569808959960938
1022,909704,BLCA,-0.048283,0.19119027256965637
2047,753584,BLCA,1.35258,4.1376118659973145
1237,907312,BLCA,4.964539,4.570413589477539
1011,907312,BLCA,4.815409,1.3187930583953857
1924,906797,BLCA,4.797631,4.639538764953613
1578,907066,BLCA,4.311655,5.1839213371276855
1057,907065,BLCA,-1.878239,-1.375504970550537
1598,687455,BLCA,2.672348,3.3935933113098145
1168,907066,BLCA,1.747734,2.2575576305389404
1563,687452,BLCA,6.22498,5.76777458190918
1852,687457,BLCA,4.680971,5.53641939163208
1915,687457,BLCA,3.592018,3.5841190814971924
1917,753552,BLCA,2.959999,2.2792892456054688
1007,724838,BLCA,-4.252185,-4.404918670654297
1926,1290730,BLCA,-0.778449,-0.524379312992096
1940,910926,BLCA,2.889882,3.742359161376953
1924,910926,BLCA,3.138716,2.9887752532958984
1911,724838,BLCA,-4.820454,-4.780902862548828
1010,724838,BLCA,3.629408,3.678985357284546
1068,907065,BLCA,1.610328,1.8937156200408936
1512,906797,BLCA,5.532657,5.442345142364502
1936,687455,BLCA,3.09352,2.678091287612915
1549,909704,BLCA,4.165935,2.640700578689575
1529,753552,BLCA,1.977861,1.1243562698364258
1051,687455,BLCA,1.752885,2.297752618789673
1634,687452,BLCA,4.682486,4.8854522705078125
1854,687455,BLCA,3.193156,4.789604663848877
1084,906797,BLCA,-1.485814,-2.5095009803771973
1853,753566,BLCA,4.390081,4.83914041519165
1912,907066,BLCA,4.098911,4.46860408782959
1624,909780,BLCA,2.806588,2.2047080993652344
1091,753584,BLCA,2.022434,1.7618253231048584
1177,687457,BLCA,5.232234,4.848052501678467
1924,907312,BLCA,3.100984,3.2099769115448
1085,753584,BLCA,3.177817,3.1770360469818115
1634,1290730,BLCA,5.458326,4.77032995223999
1179,687452,BLCA,-0.520786,0.16379886865615845
1930,907312,BLCA,-0.650886,-0.526005744934082
2043,907065,BLCA,4.232567,4.936189651489258
1034,910926,BLCA,-3.727878,-3.851130962371826
1629,687455,BLCA,3.947928,3.884442090988159
1199,687452,BLCA,4.094658,3.792111396789551
1786,909749,BLCA,2.807135,3.653287172317505
1578,753566,BLCA,4.229155,6.052764892578125
1941,906797,BLCA,-5.826633,-4.804447174072266
1911,753584,BLCA,-4.263687,-4.650225639343262
1529,909704,BLCA,0.416485,1.3499915599822998
1924,907065,BLCA,2.01798,2.7940597534179688
1909,687459,BLCA,2.758973,2.085158348083496
1598,909704,BLCA,4.270407,3.8214521408081055
1073,909704,BLCA,3.202566,4.874508857727051
1091,907065,BLCA,1.972854,2.619760751724243
1563,909704,BLCA,5.596889,5.7567524909973145
1179,724838,BLCA,1.812317,1.520097255706787
2111,910926,BLCA,3.697515,2.5422234535217285
1180,687452,BLCA,-1.866181,-3.092923879623413
1625,907312,BLCA,3.640022,3.711195945739746
1190,906798,BLCA,-4.587367,-3.791259288787842
1131,687452,BLCA,4.020158,5.870913028717041
1036,687459,BLCA,5.453636,5.625196933746338
1060,906798,BLCA,0.588384,1.0021634101867676
1936,753566,BLCA,3.055202,3.34812593460083
1057,907312,BLCA,-2.052484,-1.354447603225708
1259,687457,BLCA,4.560016,3.795989513397217
1237,906797,BLCA,5.248711,5.444167137145996
1939,909749,BLCA,3.367069,3.6577179431915283
1849,909780,BLCA,-0.542249,-1.5484838485717773
2048,907065,BLCA,0.128134,-1.1355476379394531
1559,909704,BLCA,-3.201297,-1.3156242370605469
1249,687459,BLCA,5.255587,4.164703369140625
1511,909749,BLCA,-0.42396,0.1358223259449005
1239,753584,BLCA,3.698407,2.972013473510742
1620,909780,BLCA,5.371492,5.167956829071045
1529,906797,BLCA,-1.638487,-0.583243191242218
1036,906798,BLCA,5.566856,4.430103302001953
1085,1290730,BLCA,3.321223,3.1209566593170166
1626,687452,BLCA,2.864739,2.653660297393799
1034,687455,BLCA,-1.555254,-1.664834976196289
1564,909749,BLCA,2.606179,3.1599373817443848
1615,909780,BLCA,5.22494,4.831557273864746
1563,907066,BLCA,6.790533,6.101433277130127
1250,687455,BLCA,2.324625,2.767857789993286
1933,907312,BLCA,2.863149,4.229520797729492
1578,1290730,BLCA,4.947944,5.4072113037109375
1046,753584,BLCA,2.493537,2.4443259239196777
1012,906798,BLCA,2.687246,2.2879254817962646
1190,909704,BLCA,0.697752,-0.8646023869514465
2044,907066,BLCA,4.538251,3.687382936477661
1627,906798,BLCA,1.434211,2.3179094791412354
1036,906797,BLCA,5.530757,5.265253067016602
1917,1290730,BLCA,0.987773,1.5469422340393066
1630,906798,BLCA,3.804618,3.2116594314575195
1618,1290730,BLCA,3.823175,4.431750774383545
1017,906797,BLCA,1.848022,3.7704195976257324
1622,906797,BLCA,5.549692,4.810810565948486
1529,687457,BLCA,1.351254,1.7460839748382568
2040,687459,BLCA,1.219364,0.9166858792304993
1910,753584,BLCA,2.220234,2.0275864601135254
1997,909704,BLCA,4.260958,4.977686405181885
1093,907312,BLCA,4.122168,3.645260810852051
1622,687455,BLCA,4.176129,3.8135619163513184
1564,907312,BLCA,-1.759169,-2.9016711711883545
1200,687452,BLCA,3.255256,3.125882863998413
1011,910926,BLCA,3.950722,1.6043083667755127
1073,687459,BLCA,6.228839,5.286881923675537
1549,753552,BLCA,0.196343,-0.6131464838981628
1511,906798,BLCA,-2.410908,-2.749124050140381
1635,1290730,BLCA,5.353068,5.265698432922363
2046,687457,BLCA,4.815944,3.9974217414855957
1561,910926,BLCA,0.872669,1.2398827075958252
1561,909749,BLCA,2.987288,2.400238037109375
1563,907065,BLCA,5.769769,6.447632312774658
1511,687457,BLCA,-1.016978,-0.18136471509933472
1032,753552,BLCA,-2.534574,-2.0771422386169434
1931,909780,BLCA,5.331021,5.103642463684082
1022,753584,BLCA,1.312506,0.030937165021896362
1561,907312,BLCA,4.669996,2.506004810333252
1940,687459,BLCA,3.426102,4.273810863494873
1032,906798,BLCA,1.728613,2.2624619007110596
1017,910926,BLCA,3.748165,3.7752432823181152
1085,687459,BLCA,3.850643,3.5184288024902344
1068,909749,BLCA,1.747569,0.537104070186615
1578,907312,BLCA,4.214727,4.778054714202881
1622,687459,BLCA,4.598529,5.376044750213623
1919,724838,BLCA,2.53742,2.8132896423339844
1614,687455,BLCA,5.378546,4.3608317375183105
1909,909704,BLCA,1.46091,2.634528398513794
1079,1290730,BLCA,-0.91383,-0.13201230764389038
1932,687455,BLCA,4.13795,3.131265878677368
1017,724838,BLCA,4.879328,4.1186628341674805
1003,910926,BLCA,-4.359769,-4.16740083694458
1091,909749,BLCA,2.731068,2.636462926864624
1190,687459,BLCA,2.676476,0.688499927520752
1507,687459,BLCA,4.60325,5.347626209259033
1259,909780,BLCA,-0.048185,0.8416180610656738
2107,687455,BLCA,5.772561,5.364531517028809
1996,907065,BLCA,4.404144,3.6542344093322754
2046,753566,BLCA,4.141527,4.060408115386963
1928,906797,BLCA,4.851107,5.509699821472168
1372,687455,BLCA,-0.822574,0.20345939695835114
1088,724838,BLCA,1.436764,1.3923306465148926
1629,906798,BLCA,4.203089,4.025876045227051
1073,907065,BLCA,5.850866,5.841997146606445
1248,909780,BLCA,-6.068411,-5.195937156677246
1089,753552,BLCA,4.022081,3.432234764099121
1010,909704,BLCA,3.07386,2.851918935775757
1073,909780,BLCA,3.559024,4.264345645904541
1615,906798,BLCA,5.043671,4.759633541107178
1849,687459,BLCA,1.783261,0.40598025918006897
1507,687455,BLCA,5.154328,3.9868087768554688
1177,906797,BLCA,2.296111,5.0845723152160645
2040,906797,BLCA,1.578809,1.1426379680633545
1941,910926,BLCA,-5.427344,-3.99306583404541
1561,687452,BLCA,1.822476,1.7573037147521973
1593,687455,BLCA,4.486472,2.254258155822754
1624,1290730,BLCA,3.04108,4.137973785400391
1510,753552,BLCA,2.056839,2.5409669876098633
2106,906797,BLCA,3.984046,4.891456604003906
1617,687457,BLCA,2.822569,3.1434895992279053
1007,753552,BLCA,-2.931242,-4.121793746948242
1022,907066,BLCA,0.24875,1.5105106830596924
1560,724838,BLCA,4.89002,3.649567127227783
1032,907065,BLCA,3.197631,2.438394784927368
1032,753584,BLCA,2.293782,2.383563280105591
2045,687455,BLCA,5.11803,4.970261096954346
1928,909749,BLCA,4.15481,4.319232940673828
1512,753584,BLCA,5.295016,5.2882771492004395
1003,687455,BLCA,-2.798417,-3.149854898452759
1053,906798,BLCA,3.82613,3.5831594467163086
1911,907312,BLCA,-6.499496,-6.2193522453308105
1615,753566,BLCA,6.182744,6.202831268310547
1862,724838,BLCA,-1.018096,-1.2387068271636963
1855,909780,BLCA,2.965879,4.137696743011475
1057,1290730,BLCA,-2.585763,-2.14418363571167
1910,907066,BLCA,3.912417,2.9379353523254395
1635,687457,BLCA,4.524518,5.5453996658325195
1630,910926,BLCA,2.922043,2.7386388778686523
1941,909749,BLCA,-5.710992,-4.322332382202148
1799,907065,BLCA,6.224862,6.197049140930176
1854,907312,BLCA,4.881393,4.41563081741333
1922,909780,BLCA,2.558844,2.3741588592529297
1237,687457,BLCA,6.157245,5.687912464141846
1083,1290730,BLCA,1.847687,4.198107719421387
1080,907312,BLCA,-4.157205,-3.8168797492980957
1012,753552,BLCA,1.120464,0.8467375040054321
1631,909704,BLCA,2.50767,2.3745219707489014
1919,907066,BLCA,1.71255,2.9131715297698975
1007,910926,BLCA,-6.541059,-6.139749526977539
1559,724838,BLCA,-3.750444,-2.0347177982330322
1089,753584,BLCA,3.847755,4.513396263122559
1613,1290730,BLCA,2.575303,3.0154101848602295
1613,687455,BLCA,3.340864,4.586260795593262
1054,909704,BLCA,3.17698,3.245809555053711
2109,909704,BLCA,2.405726,2.5394647121429443
1598,910926,BLCA,3.451862,3.966132640838623
1180,906797,BLCA,-2.339976,-2.761356830596924
1032,687459,BLCA,3.607205,3.5709197521209717
1930,724838,BLCA,-0.01012,0.04510423541069031
1786,909704,BLCA,-0.997321,0.1953319013118744
1635,753566,BLCA,5.508578,5.987273693084717
1941,724838,BLCA,-4.131614,-5.827348232269287
1557,1290730,BLCA,5.564611,5.078135967254639
1852,909749,BLCA,5.641145,5.429188251495361
1912,687452,BLCA,4.2441,3.9824893474578857
1593,687459,BLCA,2.106689,2.320434093475342
1510,753566,BLCA,5.282401,5.294468402862549
1922,907065,BLCA,3.909165,2.5786447525024414
1199,909780,BLCA,3.57523,3.4635608196258545
1563,1290730,BLCA,5.80165,5.9598469734191895
1088,907312,BLCA,1.00845,1.2399413585662842
1635,907065,BLCA,5.889416,5.97886323928833
1635,906797,BLCA,5.620722,5.411993026733398
1511,909780,BLCA,-1.206553,-2.4410698413848877
1049,910926,BLCA,3.75485,3.248854160308838
1918,687459,BLCA,4.21405,3.8339860439300537
1511,910926,BLCA,-2.27039,-2.0069892406463623
1200,907312,BLCA,2.246523,2.6574866771698
1034,907066,BLCA,-0.622241,-0.8718931078910828
1919,906798,BLCA,1.947058,1.7893342971801758
1622,910926,BLCA,4.784163,3.1552889347076416
1373,687457,BLCA,6.080876,5.257152557373047
1372,909780,BLCA,-0.133763,0.49368613958358765
1088,753552,BLCA,2.090404,4.068671703338623
1625,910926,BLCA,3.286773,3.9266114234924316
2044,909780,BLCA,3.175458,2.7367641925811768
1593,907065,BLCA,2.745641,2.3397417068481445
1083,687457,BLCA,4.30884,4.085916996002197
1190,909749,BLCA,3.117508,0.6339014172554016
1911,687455,BLCA,-4.365188,-4.499763011932373
1922,687455,BLCA,1.707396,1.645052194595337
1083,687459,BLCA,4.232183,4.40956974029541
1022,687457,BLCA,1.356934,1.8153159618377686
1060,907312,BLCA,-2.714298,-3.0789029598236084
1593,753552,BLCA,2.609674,0.8428808450698853
1926,1240134,MESO,0.072087,0.6336040496826172
1853,908150,MESO,3.811835,3.6404099464416504
1003,1290812,MESO,-0.087886,0.87868732213974
1012,1290808,MESO,2.406216,2.4193179607391357
1073,1290809,MESO,6.729679,5.717800140380859
1190,1290809,MESO,-1.107316,-0.45738208293914795
1862,1290809,MESO,-2.03176,-1.2236990928649902
1093,1290808,MESO,5.222298,5.143029689788818
1180,1290813,MESO,-3.563368,-3.179079294204712
1375,1290812,MESO,8.081715,7.898978233337402
1053,908152,MESO,4.756716,3.868866205215454
1576,1240138,MESO,4.487007,4.05316162109375
1629,1290809,MESO,6.35308,6.184343338012695
1080,907173,MESO,0.136274,-0.15559113025665283
1005,908462,MESO,5.888126,3.3467540740966797
1507,907173,MESO,3.688224,4.272870063781738
1598,688058,MESO,4.1489,4.60406494140625
1931,1240132,MESO,6.778867,6.396218776702881
1011,1290809,MESO,4.472405,3.4854915142059326
1625,1240136,MESO,5.973405,5.462391376495361
1553,1240135,MESO,5.204339,4.335096836090088
1849,1240135,MESO,0.711721,0.5010457038879395
1930,1290808,MESO,2.19008,2.0771360397338867
1561,908462,MESO,3.370175,1.4773318767547607
1011,1240134,MESO,2.331362,1.583432912826538
1624,908470,MESO,2.879427,2.6303915977478027
1578,1240137,MESO,6.206718,5.013025283813477
1862,907173,MESO,-1.185389,-1.236717939376831
1614,908150,MESO,3.528512,3.0063297748565674
1625,1240137,MESO,4.321416,5.006091117858887
1615,1240141,MESO,6.712044,6.919183254241943
1916,908462,MESO,2.435371,2.625354051589966
1557,1290808,MESO,6.421494,5.59315299987793
1613,907173,MESO,5.318356,4.015676498413086
1912,1290814,MESO,3.129431,3.638071298599243
1928,908152,MESO,3.18538,4.3223772048950195
1593,1290810,MESO,3.616601,2.4106802940368652
1250,1240131,MESO,3.462098,4.985125541687012
1629,1240134,MESO,6.041224,4.562429428100586
1250,1240136,MESO,1.873627,3.30081844329834
1854,1240141,MESO,6.618884,5.976471900939941
1621,1240136,MESO,5.73375,5.285646438598633
1561,1240132,MESO,4.244605,4.679088115692139
1621,1290814,MESO,6.080192,5.242007732391357
1635,688058,MESO,5.678346,5.968921184539795
2044,908462,MESO,2.892503,2.359349489212036
1237,908470,MESO,7.231815,7.030405521392822
1557,1240132,MESO,6.04453,5.052195072174072
1620,1240131,MESO,7.193314,6.910613059997559
1799,1240137,MESO,4.369084,5.074436664581299
1941,907173,MESO,-2.942852,-3.313927173614502
1507,1240141,MESO,6.275493,6.410791397094727
1933,1240134,MESO,5.804169,4.844488620758057
1068,1240136,MESO,0.830102,1.9365217685699463
1855,1290812,MESO,7.025846,9.534029960632324
2047,908470,MESO,4.96865,3.8962934017181396
1853,908470,MESO,7.11659,5.295794486999512
1627,688058,MESO,3.868304,3.942595958709717
1191,1290808,MESO,-4.70144,-4.269176006317139
1005,1290813,MESO,3.545103,1.7278051376342773
1922,907173,MESO,1.253133,2.7857511043548584
2107,1240141,MESO,6.899276,6.303250789642334
1996,1290814,MESO,4.076582,5.1904730796813965
1268,1290812,MESO,5.634067,6.173409461975098
1512,1290814,MESO,6.056301,5.935394287109375
1006,1290812,MESO,5.626943,5.939013957977295
1191,1240132,MESO,-0.988806,-3.9549927711486816
1054,908150,MESO,4.448793,4.191810607910156
1248,907173,MESO,-2.453406,-3.06522798538208
1005,1290809,MESO,5.080952,3.57305645942688
1060,907173,MESO,1.255056,0.30703502893447876
1006,908462,MESO,2.140837,2.7106223106384277
1003,1240131,MESO,0.384146,0.8347320556640625
1559,1240138,MESO,-2.964252,-0.8894912600517273
1908,1290808,MESO,3.444485,3.9721810817718506
1559,1290810,MESO,-0.990487,0.4308183193206787
1012,908462,MESO,1.563829,1.977086067199707
2046,1290813,MESO,2.290708,2.0573275089263916
2110,908470,MESO,6.04736,5.955297946929932
1268,1240138,MESO,4.051158,4.4018168449401855
2096,908470,MESO,5.491192,3.4343552589416504
1177,1290812,MESO,6.72108,6.577279090881348
1179,688058,MESO,1.763721,1.5128121376037598
1559,1290809,MESO,-2.68724,-1.5177183151245117
1248,1240132,MESO,-0.878213,-1.9376716613769531
1561,1290812,MESO,7.296065,5.47629451751709
1032,1290809,MESO,2.508585,2.6329822540283203
1507,1290812,MESO,6.143295,6.3991570472717285
1631,908470,MESO,3.534024,3.2935476303100586
1191,908152,MESO,-3.826335,-4.209176063537598
1996,1290812,MESO,4.354149,3.6290791034698486
1941,688058,MESO,-4.289802,-3.8359475135803223
1927,1240134,MESO,4.274543,4.496592044830322
1561,1240138,MESO,3.407329,3.801650285720825
1629,1240141,MESO,5.909412,5.533401966094971
1549,908150,MESO,4.030534,3.7870774269104004
1854,1240138,MESO,5.729958,4.920139312744141
1560,1240134,MESO,3.196723,3.556457996368408
1634,1240137,MESO,5.409908,4.896651268005371
1168,1290808,MESO,2.714886,3.1925761699676514
2109,908150,MESO,3.829797,2.8385276794433594
1200,1240134,MESO,3.072704,2.663691282272339
1373,1240132,MESO,6.740022,6.188101291656494
1239,1290808,MESO,3.807729,4.392005443572998
1561,1290813,MESO,1.775482,1.1756806373596191
1068,1290812,MESO,2.954186,2.549036741256714
1925,908152,MESO,5.666117,4.600333213806152
2111,1290810,MESO,4.769135,4.20554780960083
1621,1240135,MESO,4.27991,5.201186656951904
1088,1290814,MESO,4.536453,4.138108730316162
1085,1240131,MESO,4.463638,5.507744789123535
1614,1290813,MESO,2.079025,1.7886407375335693
1909,908150,MESO,1.878004,1.8791956901550293
1931,1240134,MESO,5.129015,5.586610794067383
1930,1240132,MESO,3.877426,4.476629257202148
1598,1240131,MESO,5.359812,4.966814041137695
1564,1240141,MESO,3.555354,3.1108949184417725
1915,908462,MESO,3.50821,3.5488901138305664
1131,1240134,MESO,6.254287,6.443170070648193
1088,1240141,MESO,3.419808,3.3745527267456055
1849,908152,MESO,-1.369064,-0.903633177280426
1168,1240141,MESO,1.36472,2.2299556732177734
1936,908470,MESO,4.608035,4.632570266723633
1249,1290814,MESO,5.951735,4.899497985839844
1926,1290814,MESO,1.10653,0.28758883476257324
1933,1290810,MESO,6.479121,6.374359130859375
1909,907173,MESO,2.69681,3.144026756286621
1011,1240132,MESO,4.018198,5.304098606109619
1593,908470,MESO,4.699951,3.094132661819458
1915,1240141,MESO,2.671639,2.4148402214050293
1022,1240132,MESO,2.592819,2.570875644683838
1091,1290813,MESO,0.798478,0.47177109122276306
1849,908150,MESO,1.081988,0.02378883957862854
1060,688058,MESO,2.878184,1.9570934772491455
1200,1290814,MESO,3.023094,3.8237013816833496
1564,1290812,MESO,4.318898,6.422752380371094
1930,1290814,MESO,2.708223,2.156677007675171
1131,688058,MESO,7.049409,5.493077278137207
1996,908150,MESO,3.660988,3.947927474975586
1915,1290814,MESO,3.387212,3.491518497467041
1191,1290812,MESO,-4.047764,-4.337787628173828
1091,1290809,MESO,1.681554,1.3608579635620117
1911,1240131,MESO,-2.155827,-2.241081953048706
1578,1290812,MESO,7.375013,6.703775405883789
1873,908152,MESO,2.385561,1.333920955657959
1635,1240135,MESO,5.927432,5.549481391906738
1635,907173,MESO,5.982914,5.28073263168335
2040,1240141,MESO,3.367777,2.6572442054748535
1053,907173,MESO,4.231853,3.7104430198669434
1936,1290814,MESO,4.126896,2.986510753631592
1613,1290810,MESO,4.012926,3.5182271003723145
1168,1240134,MESO,3.551376,3.1669609546661377
1168,908462,MESO,3.284524,4.016786098480225
1799,1240132,MESO,6.748046,6.464945316314697
1559,1240131,MESO,-0.120058,1.4827730655670166
1930,1290809,MESO,0.869515,0.3638211488723755
2045,907173,MESO,5.646229,4.516402244567871
1618,1240138,MESO,4.862511,4.907738208770752
1997,1240132,MESO,5.646649,6.1008124351501465
1375,1290809,MESO,6.111045,7.042349338531494
1913,907173,MESO,4.081584,4.460501670837402
1131,1290808,MESO,7.337505,7.455883979797363
1925,1240131,MESO,5.904155,6.11666202545166
1191,1290810,MESO,-3.446455,-1.5865871906280518
1510,1240141,MESO,5.229128,5.164522171020508
1529,1290809,MESO,-0.777122,0.2304297685623169
1250,907173,MESO,0.019959,1.2615182399749756
1624,688058,MESO,3.941413,5.974009037017822
1598,1290813,MESO,4.011098,3.72683048248291
1089,1240131,MESO,7.039412,7.897971153259277
2040,688058,MESO,1.421401,0.9890701770782471
1931,907173,MESO,6.129724,5.412739276885986
1799,1290813,MESO,3.343589,2.4886507987976074
1373,1290810,MESO,5.564158,4.516961097717285
1131,908150,MESO,4.814593,5.702091693878174
1049,1240132,MESO,5.816946,5.807704448699951
1614,1240134,MESO,2.132065,3.0029706954956055
2110,1290813,MESO,5.213583,4.063121318817139
1919,1290813,MESO,0.791408,1.2277740240097046
1634,907173,MESO,3.839272,4.020493507385254
1622,1240132,MESO,6.087037,6.106720447540283
1627,1240134,MESO,3.458677,2.676270008087158
1635,1240134,MESO,5.644579,5.334170341491699
1084,688058,MESO,-2.598919,-0.9609543681144714
2040,908470,MESO,1.460655,2.7726972103118896
1032,1290810,MESO,2.817821,3.6060383319854736
1631,907173,MESO,3.078088,3.7918407917022705
1549,908462,MESO,3.631027,4.644913196563721
1615,1290812,MESO,7.931266,7.7350945472717285
1529,908152,MESO,0.741087,-0.2603665590286255
1598,1240141,MESO,5.439623,5.072457790374756
1786,908462,MESO,4.091418,3.402440309524536
1620,908470,MESO,6.323111,6.896489143371582
2110,908462,MESO,4.775592,4.259441375732422
1576,1240137,MESO,3.040904,3.159512758255005
1191,908150,MESO,-4.136641,-4.35761022567749
1131,907173,MESO,2.453999,5.863888263702393
1939,1290813,MESO,2.085911,3.7647955417633057
1561,1240141,MESO,4.106067,3.9525344371795654
1620,907173,MESO,5.473178,5.457808494567871
1177,688058,MESO,6.176843,5.452563285827637
1510,908152,MESO,3.587608,3.1432409286499023
1997,1290812,MESO,2.765251,4.074549198150635
1626,908152,MESO,5.062029,3.219055414199829
2043,688058,MESO,5.613829,5.384408473968506
1375,908150,MESO,6.337874,5.914037704467773
1237,1290813,MESO,5.170598,5.068649768829346
1091,1240131,MESO,3.81034,4.252781391143799
1559,1240134,MESO,-1.740427,-2.617241859436035
1032,1240141,MESO,1.132289,1.8054897785186768
2110,908152,MESO,4.917706,4.65151834487915
1564,1240131,MESO,5.706056,4.249152660369873
1012,908152,MESO,1.162482,0.4204642176628113
1053,1290809,MESO,1.2947,1.8660483360290527
2048,1290810,MESO,0.124901,-1.3236916065216064
1940,907173,MESO,3.230537,3.7360074520111084
1057,688058,MESO,-1.507806,-1.2734959125518799
1909,908470,MESO,3.071857,3.9376626014709473
1940,1240132,MESO,3.786322,3.809591054916382
1007,1240132,MESO,-1.432481,-1.8713138103485107
1625,907173,MESO,4.26001,4.194477558135986
1625,1290814,MESO,6.337594,6.220677852630615
1560,1290814,MESO,4.719667,5.250890254974365
1630,1290810,MESO,3.943985,3.6956300735473633
1617,688058,MESO,6.343806,3.9782724380493164
1578,1240138,MESO,5.92994,5.812553882598877
1930,1290813,MESO,0.66955,-0.10612064599990845
1615,908150,MESO,4.890877,4.664578914642334
1553,688058,MESO,4.013533,3.930131673812866
1631,908150,MESO,2.668944,3.2119598388671875
1010,1240141,MESO,2.827955,2.7215137481689453
1786,908152,MESO,0.946359,1.0748157501220703
1620,1240137,MESO,5.323457,5.3327555656433105
1931,908152,MESO,4.067444,5.54922342300415
1615,1290809,MESO,6.333372,6.400713920593262
1049,1290813,MESO,-0.639965,2.3328449726104736
1259,908152,MESO,3.783002,2.5972096920013428
1268,1240135,MESO,4.359131,4.607119083404541
1598,907173,MESO,3.428888,4.13616418838501
1083,1240137,MESO,3.516542,3.1147351264953613
1996,908470,MESO,4.675122,6.43544864654541
1375,908462,MESO,6.486832,6.6133131980896
1561,1240136,MESO,4.142373,3.044955253601074
1529,1240132,MESO,3.329947,4.078242778778076
1618,1240131,MESO,5.125949,5.394522666931152
1080,688058,MESO,-1.178289,-0.3934651017189026
1928,1290814,MESO,5.154661,5.61919641494751
1916,1290813,MESO,2.802268,2.828974485397339
1613,1290808,MESO,5.482858,4.927679061889648
1997,908150,MESO,2.621381,4.047539234161377
1917,908470,MESO,2.844211,3.862173080444336
1507,1290809,MESO,6.128736,5.341320991516113
1563,1240141,MESO,6.815353,7.060012340545654
1191,1290809,MESO,-5.03093,-4.438427925109863
1372,907173,MESO,1.931575,-0.3699284791946411
1926,907173,MESO,1.204858,1.1577339172363281
1593,1240131,MESO,4.944371,6.839219093322754
1036,1290809,MESO,5.303105,5.720634937286377
1625,688058,MESO,4.946598,6.237627983093262
2106,1290814,MESO,5.233723,5.333802223205566
1051,1240135,MESO,2.529427,3.8121471405029297
1919,688058,MESO,2.89525,2.403632640838623
1627,1240131,MESO,3.426638,5.197268962860107
1926,908152,MESO,1.823187,0.7522593140602112
1932,908462,MESO,2.27987,1.8335833549499512
2044,1290809,MESO,4.463929,3.505887985229492
1854,908150,MESO,3.856937,3.730339765548706
1073,1290814,MESO,5.698061,6.596249580383301
1079,1290812,MESO,4.979145,2.628333806991577
1091,1240134,MESO,0.796691,1.4378676414489746
1563,1240138,MESO,6.619285,6.504146099090576
1917,908462,MESO,0.334502,1.2853801250457764
2111,1290813,MESO,4.725313,3.8462166786193848
1615,1240132,MESO,5.433217,5.947442054748535
1622,907173,MESO,4.756939,4.371682167053223
1510,908462,MESO,4.410304,3.7367312908172607
1563,908470,MESO,7.502433,7.218395709991455
1046,688058,MESO,3.102928,3.77341628074646
1060,908152,MESO,-0.300505,0.8128339052200317
1051,907173,MESO,2.382722,3.0959792137145996
1627,1240138,MESO,3.423922,3.8673486709594727
1940,908462,MESO,3.73666,4.196164608001709
1927,1290812,MESO,6.811064,6.802720546722412
1620,1290812,MESO,8.09472,7.791906833648682
2043,908152,MESO,4.096068,5.118714332580566
1093,1290812,MESO,7.034602,6.603569507598877
2048,1290808,MESO,-0.872142,0.41858020424842834
2106,1240134,MESO,1.825673,2.38995361328125
1931,1290813,MESO,5.151849,5.139280796051025
1084,1240134,MESO,-2.937728,-2.0144004821777344
1617,1290814,MESO,4.873676,4.633142948150635
1512,908470,MESO,6.483559,7.206091403961182
1046,1240131,MESO,6.15524,6.183138370513916
1849,1290808,MESO,0.646466,0.31869596242904663
1622,1240134,MESO,4.445558,4.611196994781494
1036,688058,MESO,5.631179,5.5262885093688965
1594,1290809,MESO,5.050731,4.299465656280518
2040,1240134,MESO,0.241447,0.606952965259552
1912,688058,MESO,3.482812,2.6610310077667236
1093,1240132,MESO,6.16119,5.4352288246154785
1932,908152,MESO,3.909821,2.2433125972747803
1047,1240131,MESO,5.668415,7.402479648590088
1013,908150,MESO,3.273397,3.648185968399048
1933,1290814,MESO,6.356746,5.2164740562438965
1058,1290814,MESO,2.010271,1.7934744358062744
1913,1240132,MESO,5.561422,5.420517921447754
1046,908470,MESO,3.345661,4.686020374298096
1936,1240134,MESO,3.498789,2.78184175491333
1927,908462,MESO,5.10227,4.825042247772217
1085,908150,MESO,3.011942,2.4702911376953125
1022,908470,MESO,0.850485,1.6360313892364502
1199,1240131,MESO,5.038772,4.812389850616455
1940,908150,MESO,3.63191,3.435011148452759
1799,688058,MESO,5.876337,6.600353240966797
1563,1240131,MESO,8.057648,7.240402698516846
1179,908470,MESO,1.146228,2.0453271865844727
1088,907173,MESO,3.099358,3.898134231567383
1618,1290812,MESO,5.89731,6.952133655548096
1012,1240132,MESO,3.781726,4.1543049812316895
1068,1240137,MESO,2.488973,1.8534140586853027
2107,1290810,MESO,6.421765,5.92619514465332
1910,908150,MESO,2.122212,2.937950849533081
1249,1240134,MESO,4.365161,3.6828908920288086
2045,908152,MESO,3.504545,5.2918596267700195
1054,1290808,MESO,5.124751,5.607860565185547
1560,1240132,MESO,6.456423,5.660796642303467
1559,1290812,MESO,-0.106214,1.7164723873138428
1034,907173,MESO,-3.337414,-2.19935941696167
1927,1240131,MESO,7.333239,6.704010009765625
1032,1240132,MESO,3.684608,3.9951281547546387
1091,908462,MESO,1.914901,1.0099259614944458
1057,1290812,MESO,-0.277584,0.48871278762817383
1034,908470,MESO,-1.662053,-0.6863356232643127
1022,1290812,MESO,2.716391,2.544408082962036
1507,1290808,MESO,5.58142,4.906437873840332
1507,1240135,MESO,5.140237,5.654244422912598
1578,908152,MESO,5.498657,5.166462421417236
1618,908152,MESO,4.492864,3.8839707374572754
1913,1290812,MESO,5.19464,6.0323805809021
1079,1240131,MESO,4.723045,2.829643964767456
1853,907173,MESO,3.373738,4.206599235534668
2044,1240141,MESO,5.016998,4.976826190948486
2043,908470,MESO,7.051941,6.63205623626709
1022,907173,MESO,0.888439,1.6499600410461426
1003,1290810,MESO,-2.307479,-2.01041316986084
1091,1290810,MESO,2.489348,2.389021158218384
1593,1290809,MESO,1.700402,3.1434743404388428
1180,1290809,MESO,-1.215442,-0.8178474307060242
1239,1240141,MESO,5.615106,5.604086875915527
1915,908152,MESO,2.879904,3.3612191677093506
1576,1240141,MESO,4.244344,4.000094413757324
1177,1290814,MESO,5.686428,5.424739360809326
1624,1290810,MESO,3.284165,3.0640344619750977
1933,1240132,MESO,6.727959,6.001358509063721
1613,1290813,MESO,4.435418,3.409792423248291
2109,1240141,MESO,5.011923,3.8703579902648926
1268,907173,MESO,2.836378,4.0916361808776855
1940,688058,MESO,4.142163,4.515778064727783
1372,688058,MESO,2.643827,1.3651278018951416
1011,908150,MESO,0.88497,3.546046733856201
1549,908470,MESO,3.175898,4.742597579956055
2044,1240134,MESO,2.685017,2.776163339614868
1634,1240138,MESO,6.022278,5.9878435134887695
1997,688058,MESO,4.717237,4.458931922912598
1080,908150,MESO,-1.038135,-1.4242384433746338
1933,688058,MESO,4.720929,5.01127290725708
1239,1290813,MESO,2.659458,1.6225497722625732
1924,1240134,MESO,3.06858,2.9340474605560303
1259,1240131,MESO,5.126513,5.602240562438965
1940,908470,MESO,3.377249,4.810476779937744
1593,1240138,MESO,5.530037,3.575230836868286
1007,1240134,MESO,-3.917192,-4.257708549499512
1032,1240137,MESO,2.924992,2.2041897773742676
1614,908152,MESO,5.721407,2.707218885421753
1034,1240131,MESO,0.552728,-0.31855201721191406
1034,908152,MESO,-1.698662,-2.7175214290618896
1625,1240135,MESO,5.522052,5.540029525756836
1996,907173,MESO,3.992502,4.255516052246094
1578,1240136,MESO,6.18559,5.7485551834106445
1003,907173,MESO,-2.420773,-1.3040502071380615
1054,1290810,MESO,4.348228,3.3107669353485107
1239,908150,MESO,4.152408,2.490266799926758
1073,1240135,MESO,4.680522,5.335986614227295
1786,1240131,MESO,2.234947,4.4513373374938965
1060,1240134,MESO,1.535899,1.229276418685913
1191,1290814,MESO,-5.310111,-4.8482208251953125
1093,1240137,MESO,5.65859,4.544267654418945
1168,908152,MESO,2.485436,3.4367260932922363
1617,1290809,MESO,4.823746,3.826338291168213
1557,1290809,MESO,6.210562,5.889902114868164
2111,1290812,MESO,7.646498,8.116133689880371
1849,1240136,MESO,-0.656429,0.13013973832130432
1910,1290814,MESO,4.45133,4.3349833488464355
1626,1290810,MESO,2.705543,2.0828895568847656
1012,1290813,MESO,1.637813,1.574254035949707
1557,908152,MESO,5.199248,5.028816223144531
1630,688058,MESO,4.486138,4.295782566070557
1010,908152,MESO,1.526706,3.021975517272949
1624,908150,MESO,2.151057,2.5329976081848145
1916,1290814,MESO,3.388927,3.8133339881896973
1629,688058,MESO,4.768392,5.282287120819092
1630,1240138,MESO,4.294251,3.8160648345947266
1058,908150,MESO,1.850721,1.9719512462615967
1911,1240134,MESO,-4.780004,-4.325848579406738
1598,908152,MESO,3.683526,4.7990570068359375
1034,688058,MESO,-2.417626,-2.7257065773010254
1922,1290808,MESO,3.365404,2.7399742603302
1079,1290813,MESO,-0.536223,-0.6733731627464294
1615,1240134,MESO,4.143769,5.24618673324585
2046,1290812,MESO,6.86848,5.722122669219971
1179,1290814,MESO,2.870969,2.560452938079834
1613,1240131,MESO,5.332549,7.082773685455322
1578,1240141,MESO,5.474815,5.956510066986084
1088,1290812,MESO,5.099102,4.8971662521362305
1598,908462,MESO,6.624121,5.314998626708984
1626,1240132,MESO,4.138483,3.4627737998962402
1913,688058,MESO,4.852426,5.212739944458008
1131,1290813,MESO,3.237227,3.329599380493164
1089,1240137,MESO,4.847246,4.525449752807617
1563,908150,MESO,5.985377,5.171586513519287
1053,688058,MESO,4.470712,3.64351749420166
1912,1290809,MESO,1.4618,0.9116986393928528
1629,1290808,MESO,5.786821,5.253424644470215
1200,908150,MESO,2.727049,2.582073450088501
1036,1240136,MESO,4.796613,5.060512542724609
2040,1290808,MESO,1.730287,1.4589250087738037
1620,1240141,MESO,6.708745,6.789867401123047
1912,1290813,MESO,3.231963,2.5112192630767822
1268,1290808,MESO,5.646585,4.577696800231934
1853,1240138,MESO,5.934164,5.9436750411987305
1918,1290808,MESO,4.245198,3.673926591873169
1084,908462,MESO,-2.451809,-2.992042064666748
1622,1290814,MESO,5.498269,5.663398742675781
1630,1240136,MESO,4.418075,3.5836241245269775
1190,688058,MESO,0.52658,0.47162532806396484
1084,908152,MESO,-0.661048,-1.3056845664978027
1919,1290809,MESO,2.800715,2.3272647857666016
1088,1240131,MESO,4.297215,5.658197402954102
1032,907173,MESO,4.521009,3.539072275161743
1073,688058,MESO,5.485376,4.5878987312316895
1922,1240134,MESO,0.989469,1.5367743968963623
1073,1240134,MESO,5.270654,5.013052463531494
1051,1290808,MESO,4.283105,3.4972856044769287
1003,908152,MESO,-3.018823,-2.311244487762451
1049,1290810,MESO,5.328005,5.00858736038208
1799,908150,MESO,3.902178,3.8336124420166016
1180,1240136,MESO,-2.471906,-2.15496563911438
1598,1240137,MESO,5.244459,5.117800712585449
1922,908150,MESO,1.527577,2.3678534030914307
1049,908150,MESO,3.161236,2.8200864791870117
1614,1290808,MESO,5.706561,5.26470947265625
1249,1240136,MESO,5.284073,4.80666971206665
1916,1240134,MESO,2.692925,2.433708906173706
2106,1290812,MESO,6.746812,6.226888656616211
1054,1240131,MESO,5.544054,6.547093391418457
1079,908150,MESO,-0.849981,-0.42578577995300293
1613,908150,MESO,4.607543,3.588264226913452
1853,1290808,MESO,5.7513,4.172333240509033
1853,1240135,MESO,4.297404,4.990755558013916
1091,1290808,MESO,2.6975,3.041987180709839
1941,908152,MESO,-2.596859,-3.986128330230713
1627,908152,MESO,3.715991,3.005077838897705
1922,1290813,MESO,-0.193964,1.229844093322754
1268,1240134,MESO,4.25775,4.614559173583984
1089,1290809,MESO,5.123549,4.552810192108154
1549,1240137,MESO,4.047192,4.819963455200195
2046,908150,MESO,3.063872,3.010862112045288
1553,1290812,MESO,5.718782,6.226888656616211
1854,1290814,MESO,3.956361,5.604388236999512
2046,1290814,MESO,4.344921,5.150898456573486
1939,1240141,MESO,4.663713,3.1516265869140625
1057,1240131,MESO,-0.247896,0.031567275524139404
1049,688058,MESO,5.366021,4.3982253074646
1624,1290814,MESO,5.42156,4.8423171043396
1006,908150,MESO,2.3037,1.5632405281066895
1047,910698,KIRC,4.385081,4.716033935546875
1909,910922,KIRC,3.274677,2.2668070793151855
1006,905980,KIRC,5.183172,4.818723678588867
1598,905947,KIRC,4.741839,4.545261383056641
1032,910922,KIRC,0.839724,0.12127690017223358
1089,905978,KIRC,5.371128,5.290524005889893
1862,753585,KIRC,-2.136041,-1.6743700504302979
1089,753585,KIRC,3.020312,2.91383695602417
1058,905947,KIRC,0.994853,0.3760607838630676
1079,905948,KIRC,0.877174,-0.21667641401290894
1093,753558,KIRC,5.605925,5.352699279785156
1854,909974,KIRC,4.930275,6.05059814453125
1557,905979,KIRC,6.072343,5.718338966369629
1564,910920,KIRC,3.428396,3.1455626487731934
1375,910922,KIRC,6.482648,5.730916976928711
1613,1524416,KIRC,3.220746,4.752013683319092
1239,1298168,KIRC,3.134341,2.827178716659546
1912,1524416,KIRC,2.669513,2.7160258293151855
1576,905979,KIRC,3.995102,3.8868610858917236
1003,905979,KIRC,-1.377338,-0.6309566497802734
1005,910952,KIRC,3.073239,2.010373592376709
1614,909781,KIRC,6.625338,6.594073295593262
1576,909250,KIRC,2.343592,3.4791903495788574
1053,905980,KIRC,4.413227,4.347147464752197
1268,905979,KIRC,5.948168,5.369441032409668
1549,910922,KIRC,1.82298,0.891205906867981
1012,905980,KIRC,2.859705,3.0359158515930176
1005,905980,KIRC,6.816508,6.682713031768799
1248,905979,KIRC,-5.573532,-2.319486618041992
2111,1298169,KIRC,4.068187,3.627143383026123
1011,909974,KIRC,1.993397,2.4343769550323486
1598,905950,KIRC,4.436734,4.103526592254639
1250,905948,KIRC,2.310394,2.226497173309326
1578,910922,KIRC,5.383954,4.927567005157471
1940,909250,KIRC,3.463524,4.062840461730957
1913,905950,KIRC,4.498959,4.919736862182617
1558,905950,KIRC,2.18632,0.8184113502502441
1012,910922,KIRC,1.16184,2.1876556873321533
1576,905948,KIRC,2.58872,2.95536208152771
1622,1298169,KIRC,4.93113,4.363431453704834
1939,905950,KIRC,4.788767,4.096139430999756
1372,905950,KIRC,0.00653,0.18365085124969482
1908,910698,KIRC,2.522645,1.5144379138946533
1553,1524416,KIRC,2.934522,2.3901047706604004
1578,910920,KIRC,3.675792,4.581284523010254
1011,910698,KIRC,1.21102,1.4769752025604248
1626,905950,KIRC,2.043889,2.0678250789642334
1079,1298168,KIRC,-0.577213,-0.7321327328681946
2044,905948,KIRC,5.099996,3.8768136501312256
1621,753585,KIRC,5.297408,5.358644962310791
1799,905950,KIRC,2.45805,3.2164411544799805
1054,909250,KIRC,4.97775,4.529365539550781
1627,909974,KIRC,3.905491,4.127769947052002
1917,910698,KIRC,0.210262,0.9714025855064392
1924,1298169,KIRC,5.092365,3.8284833431243896
1932,910920,KIRC,1.842772,2.052950859069824
1003,1509073,KIRC,-0.269928,-0.5559415221214294
1561,905948,KIRC,2.925075,2.0942277908325195
1558,905948,KIRC,2.136994,2.626211643218994
1916,1298168,KIRC,1.598049,1.677701473236084
1849,909250,KIRC,1.369625,0.16614629328250885
1373,909974,KIRC,6.942833,5.127092361450195
1849,910920,KIRC,0.826779,0.05781778693199158
1615,1509073,KIRC,4.445823,5.046601295471191
1849,905947,KIRC,-0.584787,-0.6399220824241638
2048,905980,KIRC,0.755637,-0.24561822414398193
1629,905948,KIRC,6.148869,5.4568986892700195
2043,905950,KIRC,4.127895,5.113285064697266
1561,909250,KIRC,3.032202,3.1508867740631104
1073,905979,KIRC,6.600829,5.990983009338379
1180,909250,KIRC,-1.203451,-1.8699641227722168
1079,909250,KIRC,1.3277,0.15636852383613586
1177,905950,KIRC,5.511658,3.9353461265563965
1613,909250,KIRC,3.234978,3.6123149394989014
1849,905978,KIRC,1.013222,0.9732584953308105
1563,1509073,KIRC,5.200067,5.916071891784668
1372,910952,KIRC,-0.851573,0.07242673635482788
1553,905950,KIRC,3.669354,3.032867908477783
1507,910922,KIRC,4.715589,4.741213798522949
1618,905979,KIRC,4.158861,5.394705772399902
1005,1524416,KIRC,2.642111,4.042852401733398
1936,1298168,KIRC,4.009108,3.7743301391601562
1849,753558,KIRC,0.245695,0.5217854976654053
1131,910920,KIRC,2.943267,4.040207386016846
1259,910698,KIRC,1.726202,1.9287185668945312
1613,905980,KIRC,3.055697,3.8062570095062256
1558,910920,KIRC,2.99506,2.509342908859253
1179,1298168,KIRC,2.752899,1.2882840633392334
1917,905979,KIRC,4.66691,3.314812660217285
1631,910952,KIRC,1.622688,0.9039182066917419
1635,910922,KIRC,5.329602,5.27393102645874
1046,909974,KIRC,4.254186,4.843847274780273
1852,905978,KIRC,5.884203,5.299912929534912
1939,909974,KIRC,6.279893,5.0665669441223145
1930,753585,KIRC,1.686656,0.5559693574905396
1051,753585,KIRC,1.911147,0.8507781028747559
1627,905950,KIRC,3.618329,3.0488290786743164
1553,905980,KIRC,3.463793,3.3951375484466553
1624,910922,KIRC,2.178712,3.8758704662323
1622,905980,KIRC,5.276242,6.07628059387207
1786,909250,KIRC,3.264857,3.796565532684326
1927,905947,KIRC,4.76016,5.04494571685791
1259,1298168,KIRC,4.380551,3.358513832092285
1557,905978,KIRC,5.146949,4.31718111038208
1373,905980,KIRC,6.52643,6.422083377838135
1011,910952,KIRC,1.754994,0.7245507836341858
1615,1298169,KIRC,4.403511,5.060492992401123
1618,910698,KIRC,3.046428,4.085031986236572
1199,905980,KIRC,6.771172,5.55265998840332
1622,753558,KIRC,5.231038,5.513649940490723
1928,909250,KIRC,6.261285,5.140904903411865
1553,905978,KIRC,1.372024,3.191580057144165
1199,909974,KIRC,4.002102,4.652867794036865
1621,1298169,KIRC,4.767638,4.451323509216309
1911,905947,KIRC,-6.086669,-5.364531517028809
1915,1298168,KIRC,2.91253,2.6278328895568848
1598,1298169,KIRC,4.431287,4.248483180999756
1177,910920,KIRC,3.543092,3.035808563232422
1617,905947,KIRC,2.383379,2.0166542530059814
1191,905950,KIRC,-5.135368,-4.8905534744262695
1622,910922,KIRC,4.075539,4.192136764526367
2110,909974,KIRC,5.966315,5.843465805053711
1561,1509073,KIRC,4.159016,3.06978702545166
1046,905950,KIRC,-0.433805,0.710677981376648
1936,909250,KIRC,2.959024,2.6523983478546143
1006,1298169,KIRC,1.232075,-0.011370837688446045
1576,909974,KIRC,5.108689,4.218208312988281
1925,910698,KIRC,5.030873,4.322547435760498
1855,905948,KIRC,5.960326,5.984896659851074
1626,1524416,KIRC,3.847845,3.5943098068237305
1250,1524416,KIRC,1.709521,1.7480599880218506
1927,905948,KIRC,5.926883,5.3451080322265625
1088,909781,KIRC,7.083995,6.83375883102417
1634,910698,KIRC,5.394559,4.228781700134277
1510,905948,KIRC,3.695082,4.107746124267578
1060,905950,KIRC,0.639093,0.09685105085372925
1558,1298168,KIRC,2.168326,3.3795785903930664
1915,905979,KIRC,2.610253,3.235172986984253
2106,909974,KIRC,6.025407,4.362417697906494
1563,905980,KIRC,7.690146,7.43311882019043
1563,1524416,KIRC,5.734942,5.447226524353027
1862,909250,KIRC,-1.053817,-1.3206963539123535
1564,753585,KIRC,4.406629,3.143202304840088
1873,905947,KIRC,0.958504,0.8266736268997192
1007,909974,KIRC,-2.663436,-2.4244961738586426
2045,905948,KIRC,4.193223,4.844316005706787
1618,910922,KIRC,3.618048,3.469758987426758
1941,905979,KIRC,-4.128101,-3.3869404792785645
1613,1298169,KIRC,2.765968,2.854194402694702
1168,1524416,KIRC,3.063358,2.7896618843078613
1635,909781,KIRC,6.331429,7.111490249633789
1626,753585,KIRC,3.160702,2.750128984451294
1940,905948,KIRC,3.474643,2.8859963417053223
1199,910922,KIRC,4.062316,3.983213424682617
1927,909781,KIRC,7.539495,7.190089702606201
1032,1509073,KIRC,2.280268,2.3644912242889404
1268,909781,KIRC,6.418858,6.177884101867676
1032,1298169,KIRC,1.758886,2.1968276500701904
1507,909974,KIRC,6.372496,6.070268154144287
1911,910920,KIRC,-3.481806,-4.626040935516357
1084,909974,KIRC,-0.526947,-1.2631540298461914
1046,910698,KIRC,0.82339,1.6408894062042236
2047,753585,KIRC,4.267294,3.511037826538086
1051,905950,KIRC,2.08266,3.819002389907837
1862,1298169,KIRC,-1.710629,-1.3987181186676025
1931,905947,KIRC,5.180265,5.208663463592529
1594,1509073,KIRC,4.379752,4.804993629455566
1248,1524416,KIRC,-5.098938,-4.127288818359375
1259,910920,KIRC,2.437001,2.7324583530426025
1510,1524416,KIRC,5.080989,4.254774570465088
1564,909250,KIRC,3.467346,4.3735809326171875
1131,909250,KIRC,5.554605,3.745093822479248
1177,905979,KIRC,5.116165,5.938294410705566
1996,905980,KIRC,5.702012,6.1395769119262695
1997,905980,KIRC,3.467873,5.534306049346924
1912,910920,KIRC,3.512397,2.5474703311920166
1093,1509073,KIRC,3.333895,4.4411540031433105
1249,910920,KIRC,2.484841,2.798140287399292
1933,910698,KIRC,3.640595,4.326119422912598
1627,1509073,KIRC,3.044624,2.8288381099700928
1940,910922,KIRC,4.485732,3.9160335063934326
1635,905950,KIRC,5.895295,5.524152755737305
1624,905979,KIRC,6.145065,4.589165210723877
1180,905947,KIRC,-2.43853,-2.504072904586792
1855,910920,KIRC,4.787487,4.716890335083008
1131,905947,KIRC,2.97436,3.6534712314605713
1080,905979,KIRC,-0.282515,0.34793102741241455
1598,910922,KIRC,4.061114,3.8232245445251465
1084,1524416,KIRC,-4.008132,-2.3680851459503174
1131,1298169,KIRC,3.182675,4.818174362182617
1852,910920,KIRC,4.730863,4.853636264801025
1940,905979,KIRC,3.404721,3.8955984115600586
1799,905980,KIRC,1.814229,3.580216646194458
1625,905950,KIRC,5.249173,4.892776966094971
1268,753585,KIRC,3.179523,4.486796855926514
1180,910698,KIRC,-2.09288,-2.899359703063965
1620,905950,KIRC,5.934496,5.402002334594727
1996,909250,KIRC,3.497476,5.134354591369629
1083,905947,KIRC,4.0207,3.190239191055298
1613,910920,KIRC,2.261731,1.5174815654754639
1511,905950,KIRC,-2.60754,-2.8001015186309814
1250,753558,KIRC,2.571652,2.351219415664673
1614,910952,KIRC,1.825173,1.5340676307678223
2107,910952,KIRC,3.50078,4.975254535675049
2107,910698,KIRC,4.256013,5.053713321685791
1131,910922,KIRC,3.991571,4.911844730377197
2106,905979,KIRC,6.240852,4.226189136505127
1613,905947,KIRC,3.127473,1.6688237190246582
1625,905980,KIRC,6.363588,5.898369312286377
1598,753558,KIRC,5.743514,5.319409370422363
1919,905948,KIRC,1.673804,1.9756619930267334
1928,905980,KIRC,5.650179,5.356478691101074
1529,1524416,KIRC,0.942509,0.11798666417598724
1635,753585,KIRC,5.716708,5.6359148025512695
1054,1298169,KIRC,4.347149,3.937537670135498
1853,905980,KIRC,5.937588,5.721384048461914
1036,1509073,KIRC,4.893205,4.149415016174316
1614,910920,KIRC,2.417074,3.02042293548584
1852,910922,KIRC,4.626177,5.236451148986816
1249,753585,KIRC,3.968233,4.530514717102051
1131,909781,KIRC,7.574778,7.27919864654541
1013,905950,KIRC,4.189689,2.2788848876953125
2046,905947,KIRC,1.489267,2.018914222717285
1918,910920,KIRC,1.471083,1.7950544357299805
1853,753558,KIRC,4.663862,5.343725681304932
1873,910952,KIRC,-0.00141,0.10191059112548828
1910,905947,KIRC,3.281154,2.120342493057251
1915,905980,KIRC,2.644853,1.791546106338501
1996,909974,KIRC,6.674624,5.517829895019531
1529,753585,KIRC,-0.653312,0.0364132821559906
1022,909250,KIRC,1.290193,1.7351179122924805
1625,1524416,KIRC,5.029042,4.509515762329102
1613,910922,KIRC,1.918859,1.412315845489502
1873,1298168,KIRC,1.652457,0.9752776026725769
1089,1298168,KIRC,5.082302,4.929215431213379
1626,910922,KIRC,0.580274,2.672905921936035
1634,905978,KIRC,4.899674,4.50008487701416
1190,910922,KIRC,-2.5623,-1.842705488204956
1996,910698,KIRC,3.099978,2.8533918857574463
1553,1509073,KIRC,3.96703,3.8153889179229736
1053,1524416,KIRC,2.162031,2.5362935066223145
1051,910698,KIRC,2.331587,1.363637924194336
1561,910920,KIRC,1.921413,1.7662713527679443
2043,1298169,KIRC,5.654776,5.064979553222656
1510,1298168,KIRC,5.766774,4.801794052124023
1624,753585,KIRC,3.539789,4.388678550720215
1085,910920,KIRC,1.815215,2.5268354415893555
1179,905947,KIRC,-0.374583,-0.10381326079368591
1093,909250,KIRC,5.025746,5.731090545654297
1012,909974,KIRC,3.793958,2.0429391860961914
1941,905980,KIRC,-4.657712,-2.5748608112335205
1630,1509073,KIRC,2.880632,3.321946382522583
1563,909250,KIRC,6.494925,6.119385242462158
2045,753585,KIRC,4.776209,5.1004509925842285
1060,905978,KIRC,0.889385,0.520505428314209
1250,905978,KIRC,0.44884,2.59448504447937
2045,909250,KIRC,4.527573,5.115447521209717
1933,909781,KIRC,7.719036,7.451171398162842
1034,905950,KIRC,-1.207328,-4.09419584274292
1925,905947,KIRC,4.469821,4.8207688331604
2111,1524416,KIRC,4.04405,4.852745532989502
1627,1298169,KIRC,3.157207,3.049111843109131
1560,910952,KIRC,3.350097,1.856452465057373
1034,909781,KIRC,-0.238432,-0.01842409372329712
1239,905948,KIRC,4.434403,2.7834291458129883
1199,910920,KIRC,3.767812,3.7206649780273438
1928,905947,KIRC,3.728126,4.403653144836426
1553,905979,KIRC,5.175723,4.226189136505127
1912,753585,KIRC,1.607684,0.8497041463851929
1911,909781,KIRC,-0.675982,-0.43347322940826416
1913,1298168,KIRC,4.708584,4.810941696166992
1053,909781,KIRC,4.817765,6.074655055999756
1940,905980,KIRC,5.904931,4.372707366943359
1022,905948,KIRC,0.683043,0.6068117618560791
1529,905948,KIRC,1.184292,2.074930429458618
1510,910922,KIRC,4.779037,4.504852771759033
1057,753585,KIRC,-2.569849,-4.140924453735352
1248,910952,KIRC,-2.158404,-4.066088676452637
1373,909250,KIRC,6.149205,5.715349197387695
1593,909974,KIRC,5.099721,5.1418843269348145
1563,910920,KIRC,4.945945,4.8831400871276855
1997,910920,KIRC,1.948172,1.6821222305297852
1598,1524416,KIRC,5.492939,5.126514434814453
1190,910952,KIRC,-3.531749,-3.5128157138824463
1622,905978,KIRC,5.04657,4.497658729553223
1191,909781,KIRC,-4.47134,-3.0525543689727783
1560,909781,KIRC,7.325546,7.42244815826416
1011,905950,KIRC,2.703017,2.5829896926879883
1093,905950,KIRC,4.498339,4.663393974304199
1598,753585,KIRC,5.356992,4.789373874664307
1560,905979,KIRC,5.861637,4.934728622436523
1930,1298168,KIRC,-0.339801,2.003171920776367
2110,905979,KIRC,5.891234,5.2544026374816895
1083,1524416,KIRC,3.733547,4.43331241607666
1088,905980,KIRC,7.010024,7.394696235656738
2107,905947,KIRC,5.620147,5.193428993225098
1940,910698,KIRC,1.912774,3.272451400756836
1511,1298168,KIRC,-0.277846,0.33798742294311523
1007,910698,KIRC,-5.722991,-6.0425028800964355
1032,910698,KIRC,1.143341,1.8352179527282715
1034,909974,KIRC,-3.137231,-3.2897284030914307
1932,1298168,KIRC,4.658277,3.541516065597534
1873,910698,KIRC,-0.336348,0.27754199504852295
1629,905979,KIRC,4.881263,5.825275897979736
1931,910922,KIRC,4.862853,5.123077392578125
1926,1298168,KIRC,0.481692,0.4986156225204468
1936,905950,KIRC,3.670094,3.271951913833618
1177,1298169,KIRC,5.350834,4.1665496826171875
1091,1298169,KIRC,1.646914,1.960749626159668
1073,910952,KIRC,2.80974,2.5259270668029785
1557,910952,KIRC,5.978126,5.035104274749756
1057,905979,KIRC,-0.755034,-0.6594061255455017
1200,753585,KIRC,3.63966,3.3326289653778076
2107,909974,KIRC,7.06062,6.1052117347717285
1529,909250,KIRC,0.356715,2.6052639484405518
1919,905979,KIRC,2.448266,2.13927960395813
1010,905979,KIRC,4.267876,3.514549970626831
1083,910922,KIRC,4.082145,2.870469331741333
1177,905978,KIRC,4.565118,4.752255916595459
1131,905978,KIRC,3.226415,5.39385986328125
1625,910698,KIRC,3.958504,5.1787004470825195
1034,905948,KIRC,-3.258085,-3.3938848972320557
1073,905948,KIRC,5.481413,5.994471073150635
1922,905979,KIRC,2.436075,3.0767624378204346
1924,910920,KIRC,3.855471,3.574814558029175
1593,909250,KIRC,2.432162,3.946338653564453
2107,909781,KIRC,7.285827,7.500026226043701
1578,909974,KIRC,5.58686,6.062280654907227
1936,905947,KIRC,2.135208,2.627765417098999
2045,1298168,KIRC,5.182609,4.873822212219238
1911,753585,KIRC,-5.546518,-5.613619327545166
1373,905947,KIRC,4.842018,4.655049800872803
1053,905979,KIRC,4.520961,4.493165493011475
1578,910952,KIRC,4.985488,5.265323162078857
1940,753585,KIRC,1.674347,3.4256479740142822
1036,910920,KIRC,3.589803,3.6231391429901123
1911,910952,KIRC,-5.614742,-5.986438751220703
2106,910920,KIRC,2.861668,2.724118232727051
1576,905950,KIRC,3.613559,2.8605098724365234
1085,753585,KIRC,2.413304,2.9032793045043945
1997,753585,KIRC,0.612001,1.3953189849853516
1073,1298168,KIRC,6.829715,6.40908145904541
1191,905948,KIRC,-6.238889,-4.279191493988037
1549,909974,KIRC,2.613769,1.8559792041778564
1032,905947,KIRC,1.344344,1.1506717205047607
1051,1509073,KIRC,2.189887,1.9856979846954346
1621,905950,KIRC,4.792934,3.4950249195098877
1049,1524416,KIRC,4.115944,4.6728129386901855
1060,910920,KIRC,0.803306,1.1554181575775146
1624,910920,KIRC,2.905635,2.8223321437835693
1512,910920,KIRC,5.165849,5.016775608062744
1049,905980,KIRC,6.096042,5.835925102233887
1925,910920,KIRC,5.396894,5.325109481811523
1558,909974,KIRC,1.216291,3.4792628288269043
1054,910920,KIRC,2.764856,3.0674264430999756
1593,905978,KIRC,3.848836,3.873840093612671
1068,905980,KIRC,1.722766,2.535015106201172
1799,909781,KIRC,7.673868,7.46793270111084
1190,910698,KIRC,-3.045156,-1.7204811573028564
1852,905979,KIRC,6.02014,5.766335487365723
1549,905948,KIRC,5.28877,3.9508912563323975
1918,909250,KIRC,1.236244,1.9763054847717285
1060,905980,KIRC,1.584433,-0.15047788619995117
1080,905980,KIRC,1.286429,0.3055762052536011
1507,909250,KIRC,5.806141,5.269518852233887
1614,1298169,KIRC,3.862548,3.7637243270874023
1593,753558,KIRC,3.443488,3.688117027282715
1507,1524416,KIRC,4.60763,5.231586933135986
1786,905947,KIRC,1.701502,2.527792453765869
1057,910920,KIRC,-0.900823,-1.1215970516204834
1049,905950,KIRC,2.647461,4.55600118637085
1621,910952,KIRC,5.176847,3.235074996948242
1006,905950,KIRC,-1.328801,-1.0637648105621338
1634,905950,KIRC,4.295395,4.423456192016602
1617,1509073,KIRC,4.757802,1.2033846378326416
1916,910698,KIRC,1.102843,1.1998906135559082
1854,753558,KIRC,5.745251,5.717602252960205
2040,910698,KIRC,0.864471,0.7394510507583618
1248,910922,KIRC,-3.29427,-4.521009922027588
1013,910698,KIRC,1.102494,2.935809850692749
1931,910952,KIRC,5.152089,5.048444747924805
1017,1298169,KIRC,4.288004,4.303374290466309
1239,1524416,KIRC,2.921141,3.8505520820617676
1909,753585,KIRC,2.097259,1.6376280784606934
2040,909974,KIRC,1.860407,2.875537395477295
2096,1524416,KIRC,3.631552,3.5168991088867188
1614,753585,KIRC,4.053162,3.8711960315704346
1237,910922,KIRC,5.543499,5.242498874664307
1080,909974,KIRC,1.532328,0.9776272177696228
1615,753558,KIRC,5.036022,5.896462440490723
1179,910920,KIRC,1.088902,0.3496786057949066
1629,1524416,KIRC,4.43959,5.2615580558776855
1089,905980,KIRC,5.231767,5.402275562286377
1613,905979,KIRC,5.609628,5.419990539550781
1168,909250,KIRC,3.372522,3.0887749195098877
1373,1298168,KIRC,4.996523,5.357320308685303
2046,905980,KIRC,5.209317,5.270040988922119
1618,910920,KIRC,3.678626,2.5993332862854004
1626,905980,KIRC,1.356663,1.9588305950164795
1004,905980,KIRC,-0.580454,-0.8201305270195007
1200,905979,KIRC,2.844246,3.8122379779815674
1561,905947,KIRC,2.797083,1.8739972114562988
1560,753558,KIRC,3.701334,5.080211162567139
1630,909974,KIRC,6.805992,3.9406728744506836
1917,910920,KIRC,1.522226,1.8696954250335693
1930,909250,KIRC,2.307223,1.8983240127563477
1507,910952,KIRC,4.396319,4.968423366546631
2047,905979,KIRC,3.00239,3.3807365894317627
1373,905979,KIRC,4.816644,6.421217918395996
1854,1509073,KIRC,4.068961,4.828303337097168
1080,909781,KIRC,2.01006,2.006941795349121
1079,910698,KIRC,0.339006,-0.5823943018913269
2110,905980,KIRC,6.435302,6.020693778991699
1626,905979,KIRC,4.756209,4.0669965744018555
1084,910922,KIRC,-1.706253,-3.2640938758850098
1910,910922,KIRC,1.668397,2.2105040550231934
1022,1298169,KIRC,-0.180057,-0.4219473600387573
1073,753558,KIRC,5.270133,5.736259460449219
1190,753585,KIRC,-2.239464,-3.597506284713745
1529,905979,KIRC,3.835336,1.9904720783233643
1003,905948,KIRC,-0.524668,0.8072922229766846
1549,1298169,KIRC,4.046442,4.555071830749512
1080,910952,KIRC,-0.875751,-2.3404006958007812
1936,905980,KIRC,4.916337,4.997385025024414
1912,905979,KIRC,3.960119,3.559788942337036
1617,909781,KIRC,7.368199,5.5477705001831055
1576,909781,KIRC,4.494928,4.320618152618408
2043,910952,KIRC,5.204966,5.268951892852783
1941,909781,KIRC,-5.163263,-2.2737996578216553
1617,905979,KIRC,6.389427,4.45526647567749
1799,905947,KIRC,4.638113,4.97007942199707
1249,753558,KIRC,5.026832,4.557384490966797
1941,910952,KIRC,-2.846663,-4.295318126678467
1617,910920,KIRC,5.045484,1.6948750019073486
1618,905950,KIRC,2.599434,2.9552900791168213
2048,909781,KIRC,2.030999,1.947798728942871
1624,909974,KIRC,5.265282,4.986140251159668
1049,910920,KIRC,0.889895,2.158066749572754
1622,1509073,KIRC,5.269661,4.163538455963135
1613,905978,KIRC,3.203327,3.8624653816223145
1564,910922,KIRC,2.909346,2.3536319732666016
1093,905947,KIRC,5.440438,3.7548580169677734
1003,909250,KIRC,-0.447455,0.8012616038322449
2110,1298169,KIRC,5.658218,4.568792343139648
1131,910698,KIRC,3.369921,5.7903265953063965
1005,1298168,KIRC,4.9532,3.9095306396484375
1180,910920,KIRC,-3.166467,-2.1791703701019287
1625,910920,KIRC,4.292983,3.715987205505371
1199,905947,KIRC,3.379487,2.782841920852661
1922,910920,KIRC,0.386508,1.3740627765655518
1909,905979,KIRC,3.415708,3.570901393890381
1032,905980,KIRC,0.548056,1.1313235759735107
2107,1524416,KIRC,5.574518,4.931419849395752
1618,905978,KIRC,4.605905,3.5893197059631348
2107,905979,KIRC,6.005945,5.557656764984131
1996,910952,KIRC,4.489564,3.865046977996826
1237,905947,KIRC,5.217222,5.449145317077637
1786,1298169,KIRC,1.913299,2.6395821571350098
1053,905948,KIRC,0.893201,1.5222926139831543
1615,910698,KIRC,4.934148,5.13111686706543
1507,753558,KIRC,5.575079,5.616128444671631
1239,909250,KIRC,5.271043,3.4526617527008057
1931,909781,KIRC,7.51435,7.874661445617676
1873,1295741,MM,-0.752797,-0.4789354205131531
1635,1327766,MM,3.677255,4.2733869552612305
1593,1330950,MM,-0.015939,0.09069237112998962
1091,1659818,MM,-1.34018,0.9831055402755737
1862,924239,MM,-1.897835,-1.8389027118682861
1060,1327775,MM,-1.85145,-0.615327000617981
1613,1327766,MM,2.774734,1.8853070735931396
1034,753563,MM,-4.794278,-3.8995347023010254
1618,924239,MM,3.418693,2.38601016998291
1012,909249,MM,0.478921,0.6591092348098755
1922,1327766,MM,1.850741,1.9065778255462646
1085,1295741,MM,1.637435,1.0547850131988525
1088,909249,MM,1.864127,1.9269821643829346
1034,724825,MM,-4.887193,-5.107208728790283
1012,1330950,MM,0.348173,0.6037340760231018
1908,907281,MM,1.916951,2.4857869148254395
1558,906765,MM,1.759035,1.9256365299224854
1621,724825,MM,3.90854,3.818223237991333
1912,907281,MM,1.139323,1.8253271579742432
1250,924239,MM,0.135563,0.21811482310295105
1621,909249,MM,3.45297,3.517301082611084
2047,905964,MM,2.077932,2.1109371185302734
1511,753615,MM,-0.707515,-0.9782864451408386
1997,753612,MM,5.072999,-1.4892916679382324
1191,724825,MM,-5.787452,-5.804249286651611
1007,683665,MM,-5.327559,-4.823613166809082
1873,753612,MM,2.122331,1.5478053092956543
1613,753612,MM,0.444405,3.952134609222412
1931,1327766,MM,2.985108,4.320043087005615
1564,905964,MM,2.186628,2.6680908203125
1618,1327766,MM,3.215976,2.9380483627319336
1909,683665,MM,0.29715,-0.6810621619224548
2045,683665,MM,4.465872,3.8041584491729736
1080,1297447,MM,-4.096463,-3.215813398361206
1560,905964,MM,3.459587,2.5274696350097656
1631,907791,MM,5.195246,5.221766948699951
1911,753615,MM,-3.298348,-4.0431318283081055
1375,1297447,MM,5.413704,5.276402950286865
1622,906765,MM,3.121637,3.1905970573425293
1093,1295741,MM,2.869423,2.8728768825531006
2106,1327775,MM,-0.313933,0.27186691761016846
1618,683665,MM,1.939583,2.831164836883545
1910,909249,MM,1.317609,0.3827192187309265
1239,924239,MM,0.780599,1.029626488685608
1177,1297447,MM,5.119918,4.575247764587402
1626,1659818,MM,1.026091,0.06613340973854065
1557,1327775,MM,4.282937,4.603579521179199
1022,924239,MM,-2.174448,-0.3124130964279175
1799,1330950,MM,4.526687,4.409839153289795
1931,1297447,MM,4.656838,4.915894508361816
1047,683665,MM,4.148882,3.657790184020996
1168,1327766,MM,1.266057,1.5440340042114258
1553,753612,MM,3.312528,1.895021677017212
1634,1295741,MM,1.723443,1.6818382740020752
1131,1659818,MM,2.182704,3.0871829986572266
1168,906765,MM,2.715908,2.019803762435913
1617,907281,MM,1.595114,1.1348788738250732
1996,753612,MM,4.545681,3.9076783657073975
1512,906765,MM,4.611778,4.338553428649902
1786,1327766,MM,0.85083,1.6796438694000244
1620,905964,MM,3.842836,4.168074131011963
2040,1330950,MM,-0.356284,0.4359053373336792
1553,1327775,MM,0.04049,0.27186691761016846
1913,753612,MM,4.847409,4.799057960510254
1549,753615,MM,3.809303,3.7696151733398438
1922,907281,MM,1.691743,1.6200604438781738
1200,1327775,MM,2.593174,2.1120121479034424
1049,683665,MM,3.190342,2.6784019470214844
1510,1659818,MM,-0.950488,1.6945092678070068
1932,905964,MM,1.616197,1.7928862571716309
1922,1297447,MM,2.644094,2.5110902786254883
1375,1327766,MM,3.955935,4.952759265899658
1941,724825,MM,-5.702927,-5.385777950286865
1084,1330950,MM,-6.886141,-4.59838342666626
1933,909249,MM,3.926664,3.513547420501709
1855,753563,MM,2.566373,2.140538215637207
1053,907281,MM,0.740946,1.3025665283203125
1507,1327775,MM,4.047479,3.7168021202087402
1011,1659818,MM,-0.827383,-1.251192331314087
1191,909249,MM,-5.63685,-5.191527366638184
1635,724825,MM,3.988799,4.297544002532959
2110,724825,MM,4.256415,3.7576441764831543
1199,1297447,MM,5.125229,3.611090898513794
1179,1295741,MM,-0.699539,-0.9084596037864685
1919,909249,MM,0.892043,1.4810471534729004
1578,1297447,MM,5.567707,4.757441997528076
1053,1330950,MM,0.147301,0.4544221758842468
1006,907281,MM,0.916026,1.1375049352645874
1613,907791,MM,5.386212,2.7356455326080322
1199,753615,MM,3.716756,3.1312105655670166
1617,1659818,MM,0.825633,1.2178963422775269
1180,753615,MM,-3.471794,-2.679192304611206
1852,753612,MM,5.070773,5.0944905281066895
1079,924239,MM,1.659156,1.992100477218628
1634,683665,MM,2.401207,2.6976118087768555
1168,924239,MM,2.477908,2.060180425643921
1909,906765,MM,-0.075757,0.6484673619270325
1799,1297447,MM,5.123236,4.662599563598633
2110,906765,MM,2.770197,3.014981508255005
1248,724825,MM,-4.96883,-3.729376792907715
1593,907791,MM,1.511313,2.2402403354644775
1613,753615,MM,2.54255,2.5880730152130127
1624,753612,MM,2.748617,2.3442482948303223
1249,907791,MM,2.135773,3.941718816757202
1564,1327775,MM,1.924677,0.7647510766983032
1926,924239,MM,-0.376041,0.024165958166122437
1933,906765,MM,2.238193,2.170569896697998
2107,1297447,MM,4.941479,4.327705383300781
1011,1327766,MM,0.020412,0.05675274133682251
1034,909249,MM,-4.576807,-4.980529308319092
1853,683665,MM,1.573407,1.6821753978729248
1626,724825,MM,-1.671239,-1.4534015655517578
1917,753615,MM,4.164671,2.439469814300537
2107,724825,MM,3.55088,4.094322204589844
2107,905964,MM,4.369588,3.933537006378174
1917,724825,MM,2.369753,2.1599419116973877
1558,1330950,MM,2.369962,2.8104751110076904
1199,724825,MM,2.873925,2.820662021636963
1557,1330950,MM,3.438297,3.622555732727051
1629,1330950,MM,4.501129,3.9911417961120605
1057,1327775,MM,-2.435956,-2.510308027267456
1630,753612,MM,4.40627,4.370060920715332
1908,753615,MM,2.940952,1.2444355487823486
1919,683665,MM,2.134478,1.619307279586792
1003,906765,MM,-4.68342,-5.033125877380371
1053,753563,MM,2.904613,2.1791889667510986
1191,1295741,MM,-7.125837,-6.326647758483887
1561,724825,MM,-3.763798,-3.1929233074188232
1034,1327766,MM,-3.597092,-3.7523245811462402
1631,1327775,MM,1.379838,2.0865254402160645
1852,924239,MM,4.543336,4.069836616516113
1924,1659818,MM,-0.929363,-1.4151568412780762
1557,1659818,MM,4.209275,4.27071475982666
1560,1330950,MM,0.797809,0.8193341493606567
1916,906765,MM,1.092224,0.6309669017791748
1168,753563,MM,1.681562,1.5127434730529785
1013,906765,MM,1.380322,1.213928461074829
1080,753615,MM,-4.251929,-3.9579014778137207
2043,1295741,MM,4.591119,4.011870861053467
1199,1327766,MM,2.489371,2.668919801712036
1073,907791,MM,7.643349,6.99994421005249
1578,753612,MM,3.2652,4.212156295776367
2044,753612,MM,4.529011,3.581735372543335
1085,907281,MM,0.877169,1.052846908569336
1631,753563,MM,1.831266,1.4569127559661865
1249,1659818,MM,1.78445,2.205644369125366
1854,924239,MM,4.543488,3.669713258743286
1853,906765,MM,4.598302,4.006223678588867
1079,1295741,MM,0.538151,1.2284660339355469
1941,1295741,MM,-6.102852,-6.0595598220825195
1529,1659818,MM,-0.290593,-0.3709993362426758
1617,905964,MM,-2.893396,1.9254484176635742
1997,1327775,MM,2.701941,0.4621387720108032
1249,753615,MM,2.507488,2.7954461574554443
1630,1659818,MM,4.330163,3.297922134399414
1932,1659818,MM,-0.801423,1.2405304908752441
2045,753563,MM,4.044096,2.5952789783477783
1180,907791,MM,-3.840436,-2.7329320907592773
1593,905964,MM,0.03756,0.4081520438194275
2107,924239,MM,4.543488,3.915817975997925
1372,753615,MM,-2.890294,-2.8724281787872314
1058,1295741,MM,0.164427,0.04741749167442322
1091,907281,MM,0.460104,0.5089475512504578
1190,1330950,MM,-4.091412,-1.7206134796142578
1852,906765,MM,4.593316,4.413459777832031
1060,1327766,MM,-0.523715,-1.3184349536895752
2045,1297447,MM,4.479216,4.231013298034668
2106,753563,MM,1.335529,2.907268524169922
1180,1330950,MM,-4.192585,-4.424886226654053
1004,683665,MM,-5.87502,-5.231466770172119
1559,724825,MM,-4.312027,-4.376894950866699
1375,924239,MM,5.539682,4.802539348602295
1079,724825,MM,0.473005,0.5609725713729858
1939,753612,MM,4.579607,1.9834699630737305
1248,753615,MM,-1.159586,-3.8954830169677734
2110,1330950,MM,4.265178,4.13823127746582
1259,1659818,MM,1.314259,1.7642261981964111
1237,1297447,MM,5.138818,4.963949203491211
1996,905964,MM,3.050147,2.6671619415283203
1915,724825,MM,2.375614,2.4382739067077637
1561,1330950,MM,-1.748918,-0.7495400309562683
1627,1330950,MM,2.357522,2.1260533332824707
1786,753612,MM,2.197279,2.6457881927490234
1011,906765,MM,-1.094815,0.2724032998085022
1250,909249,MM,-0.037941,-0.6649360060691833
1237,683665,MM,4.303313,4.103658199310303
1259,753615,MM,4.11946,4.24778413772583
1939,753615,MM,2.680711,2.0939149856567383
1022,905964,MM,-1.280537,-0.536160945892334
1510,907281,MM,0.704209,2.568333387374878
1557,1297447,MM,5.125229,4.66356897354126
1593,683665,MM,0.598766,0.5481728315353394
1046,1659818,MM,1.70372,0.65017169713974
1922,924239,MM,2.063388,1.7050933837890625
1089,907281,MM,-0.292035,2.23392653465271
1853,1295741,MM,2.50557,2.3858468532562256
1085,1659818,MM,1.875373,1.2885167598724365
1933,753612,MM,4.19345,3.7792553901672363
1909,753615,MM,2.02386,1.853431224822998
1853,907281,MM,2.440735,2.8736069202423096
1625,907791,MM,5.589826,5.280808925628662
1083,1659818,MM,2.299741,1.5902791023254395
1576,905964,MM,1.211163,1.6449604034423828
2045,724825,MM,3.093011,3.3417394161224365
1011,1297447,MM,0.781279,0.7532699704170227
1928,753563,MM,2.296919,2.690300464630127
1932,909249,MM,0.985304,0.5780224800109863
1060,1659818,MM,-0.233657,-0.2574049234390259
1046,1295741,MM,1.109798,0.2299109697341919
1239,907281,MM,-0.154967,0.24720466136932373
1007,1295741,MM,-6.896044,-7.008358001708984
1553,1659818,MM,-1.594667,-2.3143913745880127
1598,907791,MM,1.826879,3.0218024253845215
1180,683665,MM,-4.319519,-3.3411059379577637
2043,724825,MM,4.583223,4.287264347076416
1576,1327766,MM,1.912057,1.4837872982025146
1093,1327766,MM,3.672801,4.220457077026367
1618,1330950,MM,4.078223,3.9617953300476074
1799,1659818,MM,3.924501,4.027230262756348
1051,906765,MM,0.179619,-1.1157279014587402
1053,1327775,MM,0.799585,0.513404130935669
1511,905964,MM,-2.853563,-2.307770252227783
1168,753612,MM,3.450082,3.1017448902130127
1250,753563,MM,-1.339892,-0.767787516117096
1635,1297447,MM,4.772318,4.944680213928223
1131,905964,MM,2.946555,2.9866180419921875
1786,1297447,MM,2.648717,3.028555154800415
1010,906765,MM,2.680278,3.0668013095855713
1007,1297447,MM,-5.047297,-4.517389297485352
1613,1327775,MM,3.660796,2.199672222137451
1005,907281,MM,1.480072,2.4864673614501953
1931,1330950,MM,4.394738,4.506226062774658
1511,1297447,MM,-0.40535,-1.3446135520935059
1855,724825,MM,2.156853,3.905686140060425
1928,909249,MM,1.999473,2.3468639850616455
1576,683665,MM,2.180849,1.819507122039795
1073,1330950,MM,2.747055,2.7625322341918945
1034,907281,MM,-4.727648,-3.6018567085266113
1373,1295741,MM,0.481797,2.0631513595581055
1268,753563,MM,4.049815,4.454254150390625
1911,1327775,MM,-4.507128,-4.19287633895874
2107,683665,MM,4.592807,3.8257572650909424
1939,683665,MM,1.699278,2.0860817432403564
1928,924239,MM,2.697533,2.346127986907959
1622,1659818,MM,2.460307,2.9517457485198975
1054,683665,MM,3.628834,2.6245720386505127
1199,906765,MM,2.14196,3.03910231590271
1576,724825,MM,2.272316,2.144944667816162
1855,924239,MM,4.077886,2.7276644706726074
1614,753612,MM,4.377011,4.669846534729004
1085,1330950,MM,1.875037,2.1575491428375244
1073,724825,MM,2.729493,2.4494569301605225
1250,753612,MM,0.009821,1.4889259338378906
1084,1295741,MM,-5.582291,-5.447016716003418
1005,1330950,MM,1.233063,1.6085412502288818
1200,924239,MM,0.774613,1.4685723781585693
1529,906765,MM,-1.681184,-1.5620858669281006
1620,907791,MM,6.043895,6.105297565460205
1634,753615,MM,5.21482,3.9844789505004883
1909,924239,MM,0.749569,1.1923348903656006
1910,1330950,MM,2.607954,2.823417901992798
1200,724825,MM,2.562934,2.2524046897888184
1630,909249,MM,2.849543,2.129258871078491
1563,753615,MM,5.40139,5.222923755645752
1854,753615,MM,3.982365,4.679840087890625
1131,683665,MM,2.693092,2.7643051147460938
1058,753612,MM,2.386195,2.1602859497070312
1032,905964,MM,1.389594,1.5051093101501465
1873,683665,MM,0.614892,0.538203775882721
1786,724825,MM,1.419251,2.096652030944824
1626,1295741,MM,-1.322285,-0.7606109976768494
1625,753612,MM,4.135167,3.8010811805725098
1049,1327766,MM,2.202354,3.166328191757202
1557,906765,MM,4.746921,3.9456496238708496
1576,1659818,MM,1.350259,2.012740135192871
1909,1297447,MM,2.822644,1.269062876701355
1621,683665,MM,3.815534,3.1471431255340576
1618,909249,MM,4.198369,2.353424310684204
1088,683665,MM,2.461645,2.6254401206970215
1051,1295741,MM,-3.440204,-1.6614751815795898
1268,683665,MM,2.68918,3.639580011367798
1578,909249,MM,4.560084,4.138766288757324
1925,906765,MM,4.510217,4.368998050689697
1268,924239,MM,4.061571,3.20939302444458
1079,1327775,MM,2.091525,2.0156445503234863
1049,1295741,MM,3.295465,2.137381076812744
1916,909249,MM,0.827144,0.8628787994384766
1559,1327766,MM,-3.033696,-3.4582479000091553
1910,1327766,MM,-0.030894,0.6779472231864929
1529,753612,MM,-0.349678,2.9574289321899414
1852,907281,MM,4.360841,3.8997275829315186
1916,1297447,MM,3.049121,2.995967149734497
1013,1327766,MM,1.523315,1.9336748123168945
2045,905964,MM,4.145898,3.3460497856140137
1022,724825,MM,-0.444203,-0.9518671631813049
1786,753563,MM,1.284055,2.4097774028778076
1635,907791,MM,5.946782,5.602096080780029
1375,905964,MM,4.142165,4.561689376831055
1627,753612,MM,2.585226,1.9500267505645752
1057,907281,MM,-2.586923,-2.645442247390747
1373,753615,MM,1.322452,5.497531414031982
1925,907281,MM,3.267611,3.8001747131347656
1627,683665,MM,2.144101,2.004777193069458
1852,1659818,MM,3.101968,4.033760070800781
1529,1295741,MM,-1.427651,-1.2215700149536133
1561,906765,MM,-1.500457,-0.6537200808525085
1512,1659818,MM,4.275173,3.9767792224884033
1179,1297447,MM,-1.087411,0.40649840235710144
1634,905964,MM,2.930153,3.1883881092071533
1617,906765,MM,1.72196,0.08014574646949768
1849,1327775,MM,-1.354116,-0.5137355327606201
1004,907281,MM,-6.191222,-5.494256496429443
1933,1327775,MM,3.255137,3.9726500511169434
1237,907791,MM,5.825605,6.352236747741699
1624,1659818,MM,1.573321,0.3471817672252655
2045,906765,MM,1.043917,2.8088033199310303
1549,1295741,MM,3.959046,3.1376960277557373
1131,753563,MM,2.760035,1.7310752868652344
1919,906765,MM,2.049267,1.39967679977417
1911,905964,MM,-7.14327,-5.615128517150879
1559,905964,MM,-2.944403,-3.437838554382324
1622,1330950,MM,4.09431,3.770543336868286
1032,724825,MM,1.436951,1.8563580513000488
1996,1330950,MM,4.704183,3.284358263015747
1941,753615,MM,-5.437392,-4.0858330726623535
1003,753612,MM,-3.770258,-0.8924544453620911
1786,1295741,MM,1.507109,2.321507453918457
1931,753612,MM,5.062368,5.0965728759765625
1941,683665,MM,-4.57666,-3.9007716178894043
1936,753615,MM,2.912235,3.4204659461975098
1080,907281,MM,-5.481445,-4.336497783660889
1927,1330950,MM,4.196755,4.40974760055542
1939,724825,MM,2.7331,1.7788021564483643
1627,909249,MM,1.888679,1.8318960666656494
2045,753612,MM,4.527966,4.604909420013428
2048,1297447,MM,-4.609269,-3.236924171447754
1179,753615,MM,0.455329,0.6758840084075928
1051,724825,MM,1.674953,0.25683972239494324
1621,924239,MM,3.875515,2.993680953979492
1598,683665,MM,2.057174,1.8089699745178223
1563,905964,MM,3.289764,4.198244571685791
1630,905964,MM,2.171673,2.662450075149536
1003,907791,MM,2.124949,-1.077026128768921
1510,907791,MM,3.266331,4.627821445465088
1089,924239,MM,3.681641,2.542438268661499
1005,1659818,MM,1.912311,2.25315260887146
1190,683665,MM,-2.626585,-2.509838819503784
1089,905964,MM,0.833194,2.5647428035736084
1626,753563,MM,0.888066,0.5262181758880615
1873,753615,MM,2.222495,1.6107206344604492
1032,924239,MM,1.676721,1.6801302433013916
1620,1330950,MM,4.703466,4.893195629119873
1199,1295741,MM,1.684303,1.5793843269348145
1617,1330950,MM,1.91394,0.6224233508110046
1053,1297447,MM,2.239929,2.6538474559783936
1926,683665,MM,0.856473,0.9677311182022095
1259,1327775,MM,4.601192,4.043225288391113
1557,1327766,MM,4.230036,4.1159892082214355
1012,907281,MM,-0.183234,-0.18000751733779907
1058,1659818,MM,-1.126361,-1.756417989730835
1932,1297447,MM,1.663539,2.5192770957946777
1558,905964,MM,2.471565,2.305619716644287
1631,907281,MM,1.697407,2.0425798892974854
1911,753612,MM,-3.550231,-3.121068000793457
1239,909249,MM,1.214103,0.8685165047645569
1625,1327766,MM,3.493192,3.3645670413970947
1626,906765,MM,1.067225,0.5228473544120789
1259,753612,MM,5.11086,2.2098398208618164
1799,683665,MM,4.157599,3.9199533462524414
1060,909249,MM,-0.427331,-0.36726903915405273
1512,1297447,MM,5.121378,5.070291042327881
1594,1327766,MM,3.997928,3.7544424533843994
2043,753612,MM,3.956301,4.682541370391846
1617,1295741,MM,0.169155,0.9850379824638367
1922,1327775,MM,1.718441,1.4650909900665283
1511,906765,MM,-4.111095,-3.0918588638305664
1036,1327775,MM,5.067892,5.119765281677246
1083,907281,MM,1.310537,1.355584740638733
1177,753612,MM,2.641414,2.8427014350891113
1046,753612,MM,3.777665,4.197378158569336
1629,1297447,MM,3.633478,4.034091949462891
1372,1327766,MM,1.1412,0.4138941168785095
1199,753612,MM,2.503982,3.792631149291992
1563,924239,MM,3.931077,4.166322708129883
1634,1297447,MM,4.360499,3.9171745777130127
1191,924239,MM,-4.899606,-5.673655033111572
1507,724825,MM,4.364754,3.729234457015991
1925,1295741,MM,2.979728,3.502756357192993
1873,909249,MM,0.565469,0.43463075160980225
1179,924239,MM,-0.929799,0.10901999473571777
1560,1659818,MM,0.22835,0.5610891580581665
2110,753615,MM,4.99572,4.123985767364502
1598,1297447,MM,3.362041,3.570235252380371
1622,1295741,MM,1.271319,2.049088716506958
1613,1659818,MM,2.065329,1.5296258926391602
1529,753615,MM,0.929685,2.1712896823883057
1854,1330950,MM,4.151175,4.160147190093994
1168,1659818,MM,2.331847,1.6264898777008057
1622,724825,MM,3.103017,3.3225536346435547
2048,753615,MM,-3.336067,-2.768531560897827
1997,683665,MM,-2.560291,0.40012598037719727
1083,905964,MM,1.819399,2.0029633045196533
1034,1327775,MM,-3.625054,-4.117741107940674
1931,909249,MM,3.629257,3.8414013385772705
1625,683665,MM,2.815945,3.6593172550201416
1080,683665,MM,-4.654914,-3.6758251190185547
1913,724825,MM,3.826092,4.092881202697754
1512,909249,MM,4.198738,4.153934001922607
1927,683665,MM,4.458436,3.981020927429199
2043,909249,MM,4.185262,4.032317161560059
1928,683665,MM,3.887386,3.4175124168395996
2111,1330950,MM,2.408405,2.2456228733062744
1940,1327775,MM,4.608652,3.468620777130127
1911,1297447,MM,-4.760146,-5.112661361694336
1908,1327775,MM,2.971714,-0.14802807569503784
1237,724825,MM,4.488375,4.339964866638184
1083,753563,MM,1.153352,0.08432555198669434
1615,753615,MM,4.586126,4.949067115783691
1083,924239,MM,1.23112,1.6677982807159424
1910,724825,MM,2.916015,1.4486782550811768
2046,1295741,MM,0.409545,1.4599132537841797
1375,1330950,MM,3.813092,5.19501256942749
1046,905964,MM,0.922736,1.0727554559707642
1911,724825,MM,-5.50117,-5.795078277587891
1177,906765,MM,1.810007,1.6705913543701172
1908,906765,MM,1.871456,1.6133642196655273
1013,924239,MM,1.581516,2.0437510013580322
1933,724825,MM,3.459404,3.754671335220337
1849,753615,MM,0.127078,-0.6341577172279358
1057,753612,MM,-0.699425,0.2099461853504181
1911,1327766,MM,-5.382597,-5.814553737640381
1058,1327775,MM,0.453768,0.17525134980678558
1940,753612,MM,5.104293,3.8127355575561523
1854,907281,MM,3.604287,3.3408615589141846
1997,753615,MM,4.726355,3.5943384170532227
1563,1327766,MM,3.816277,4.374650955200195
1911,1330950,MM,-5.022498,-5.336244106292725
1576,1327775,MM,2.14951,1.7435436248779297
1032,1659818,MM,1.590824,0.9828302264213562
2111,1297447,MM,1.292538,2.31239914894104
1927,1659818,MM,4.330212,3.7447783946990967
2045,753615,MM,4.41349,4.563786506652832
1931,753615,MM,3.156046,4.824219703674316
1936,1297447,MM,1.707929,1.610246181488037
1996,1659818,MM,2.698687,2.392378330230713
1922,909249,MM,-0.076018,0.7983270287513733
2046,1330950,MM,0.469322,0.959893524646759
1239,1327775,MM,1.3697,2.8190677165985107
1627,1298151,LIHC,3.016847,3.1579339504241943
1849,1298146,LIHC,1.602325,1.2530174255371094
1073,909719,LIHC,4.87374,5.166772365570068
1179,909738,LIHC,3.299649,1.823512077331543
1625,907071,LIHC,5.780415,5.986368179321289
1190,1298151,LIHC,3.983693,3.1590280532836914
1372,1298151,LIHC,-0.662001,0.4324745535850525
1563,1240147,LIHC,4.729737,4.584901332855225
1563,909719,LIHC,5.114303,5.152812480926514
1510,909736,LIHC,1.943315,3.6702380180358887
1006,1240160,LIHC,4.26339,4.086979866027832
2040,909737,LIHC,0.727464,1.0880706310272217
2048,909719,LIHC,-2.845994,-3.5719635486602783
1933,1240160,LIHC,5.636623,7.091394901275635
1249,910850,LIHC,2.70325,4.83646297454834
1614,1240147,LIHC,1.614863,1.881084680557251
1179,1240216,LIHC,1.285882,1.552703619003296
1919,1240160,LIHC,3.157705,3.0050182342529297
1010,907057,LIHC,3.537109,3.380750894546509
2046,910850,LIHC,4.29287,5.983171463012695
1047,1298146,LIHC,6.35214,6.530249118804932
1625,1240216,LIHC,6.260803,6.1564226150512695
1249,909737,LIHC,4.324164,4.290736675262451
1933,1240217,LIHC,5.005255,3.851109743118286
1629,1240216,LIHC,7.053732,5.476921081542969
1940,909719,LIHC,2.786888,3.54245662689209
1191,1298151,LIHC,-5.583929,-4.9079179763793945
1933,909719,LIHC,3.285619,4.453073978424072
1073,907057,LIHC,4.897533,5.169764995574951
1560,1240157,LIHC,4.326108,3.398749589920044
1372,1240158,LIHC,0.322951,1.1171419620513916
1237,1298151,LIHC,5.374575,5.590273857116699
1917,1298151,LIHC,1.996921,2.3653879165649414
1925,907071,LIHC,6.199132,5.346477508544922
1080,909736,LIHC,-1.217759,-2.7689733505249023
1614,1240157,LIHC,4.059856,3.1792595386505127
1036,909736,LIHC,5.837779,4.737409591674805
1168,907057,LIHC,2.408179,2.5404744148254395
1051,1240216,LIHC,1.7187,4.094659805297852
1624,910850,LIHC,5.059403,5.041536808013916
1510,1240216,LIHC,4.869187,4.8678879737854
1093,909738,LIHC,3.599804,4.5429301261901855
1799,909736,LIHC,6.17663,5.0415167808532715
1909,1298146,LIHC,2.893317,2.4149177074432373
1237,1240217,LIHC,4.906248,5.2691426277160645
1849,1240147,LIHC,-0.445841,-1.4439067840576172
1924,910850,LIHC,6.341524,5.605682373046875
1073,907071,LIHC,7.761291,7.279721260070801
2107,907071,LIHC,5.795729,6.167593479156494
1931,1298151,LIHC,5.825627,5.781474590301514
1941,909737,LIHC,-5.273956,-4.079651832580566
1613,1240160,LIHC,5.512546,5.293936729431152
1564,909736,LIHC,1.60237,1.891031265258789
1010,1240216,LIHC,3.720278,4.434417247772217
1925,1240217,LIHC,5.680001,4.214375019073486
1618,907071,LIHC,3.408784,3.197305917739868
1918,1240160,LIHC,5.487765,5.610448360443115
1908,1298151,LIHC,2.748815,2.6072161197662354
1625,1240147,LIHC,3.790124,3.853438138961792
1853,1298146,LIHC,4.573164,3.3826868534088135
1631,1240216,LIHC,5.587316,4.49735164642334
1373,909737,LIHC,5.747714,5.125970363616943
1930,1240216,LIHC,2.862098,1.5820889472961426
1925,909738,LIHC,5.236767,5.206655502319336
1012,909738,LIHC,2.082172,2.950087070465088
1576,909736,LIHC,2.744371,3.3454082012176514
1199,909719,LIHC,4.623374,3.351454734802246
1634,1298151,LIHC,3.910721,4.209810256958008
1930,1240217,LIHC,0.029888,-0.7760388255119324
1625,909737,LIHC,3.966944,4.305165767669678
1997,909719,LIHC,4.011679,4.204026222229004
1237,909719,LIHC,4.125855,4.6103386878967285
1131,1298151,LIHC,6.759519,6.238592147827148
1908,907057,LIHC,2.667561,0.2717319130897522
2043,1240216,LIHC,4.055243,5.2747883796691895
1615,1240147,LIHC,3.986061,3.8960280418395996
1997,909737,LIHC,2.284114,2.3501739501953125
1786,909736,LIHC,4.191764,4.2787370681762695
1853,1240216,LIHC,5.810993,4.2457380294799805
1634,909736,LIHC,4.65763,4.944965362548828
1558,909738,LIHC,2.445706,2.4834840297698975
1561,1240217,LIHC,5.178231,4.392089366912842
1058,1240160,LIHC,3.259975,3.434309244155884
1191,910850,LIHC,-3.298195,-3.4730775356292725
1618,1298151,LIHC,4.126672,4.088994979858398
1199,1298151,LIHC,3.639016,3.566941976547241
2107,1240217,LIHC,5.114863,5.008794784545898
1060,1240217,LIHC,0.929148,0.5515559911727905
1006,907071,LIHC,3.252361,4.687928199768066
1180,910850,LIHC,-0.014361,-0.6844874024391174
1576,1240147,LIHC,2.121273,1.9666318893432617
1032,909736,LIHC,2.247265,2.192925214767456
1997,907057,LIHC,3.755392,3.435317039489746
1933,909738,LIHC,6.507033,5.117186546325684
1621,907071,LIHC,4.722088,5.295168876647949
1239,1240158,LIHC,1.427667,3.612379789352417
1598,1298146,LIHC,4.432929,3.610572099685669
1032,1298151,LIHC,2.302956,0.9017041325569153
1180,1240217,LIHC,-4.481103,-3.3056869506835938
1578,1240159,LIHC,5.440515,5.291021347045898
1849,1240157,LIHC,1.374971,0.5462630987167358
2045,910850,LIHC,6.476788,5.699282169342041
1926,1240160,LIHC,2.977703,2.0658226013183594
1918,909737,LIHC,2.720442,2.78834867477417
1239,909737,LIHC,2.810583,3.02870774269104
1854,907057,LIHC,5.262368,4.734118461608887
1011,1240216,LIHC,2.303555,1.6979484558105469
2107,1240158,LIHC,6.128215,5.367825984954834
1853,1240158,LIHC,2.907381,3.7521767616271973
1250,1240217,LIHC,0.216378,1.7712056636810303
1997,1240217,LIHC,3.008073,3.436311721801758
1007,1298151,LIHC,-2.981174,-3.290435552597046
1618,909736,LIHC,4.898733,4.065992832183838
1249,1240157,LIHC,4.035978,4.8907599449157715
1177,1240160,LIHC,3.961459,5.308831214904785
1578,909719,LIHC,5.238683,4.648763656616211
1012,1298151,LIHC,0.300291,0.7282349467277527
1088,910850,LIHC,4.058846,3.924919366836548
1372,1240216,LIHC,1.189687,1.8020427227020264
1620,1240147,LIHC,2.702876,4.368282794952393
1922,910850,LIHC,4.461983,2.960036039352417
1563,907071,LIHC,6.173204,6.312682151794434
1799,1298151,LIHC,5.267947,4.453351974487305
1083,909736,LIHC,4.437218,4.052675247192383
2110,1240217,LIHC,5.05362,3.802943706512451
1557,1240160,LIHC,4.602485,6.256940841674805
1932,909719,LIHC,4.330408,4.305269718170166
2047,1240158,LIHC,3.427156,3.384550094604492
1510,909719,LIHC,4.690507,4.380316257476807
1068,907071,LIHC,1.687313,1.2610852718353271
1507,1240157,LIHC,5.740295,5.232237815856934
1614,907071,LIHC,5.08039,4.514776229858398
1375,1298151,LIHC,6.044951,6.436851501464844
1512,1240159,LIHC,6.518298,6.284020900726318
1073,910850,LIHC,6.296804,4.380918979644775
2045,1240157,LIHC,3.370396,4.664693832397461
1180,1240158,LIHC,-1.390683,-2.1166179180145264
1058,1240217,LIHC,3.164076,3.025770664215088
1873,910850,LIHC,2.246681,2.0179977416992188
1083,1240158,LIHC,4.323082,3.7250587940216064
1080,1240159,LIHC,-2.554382,-0.5061392784118652
1032,1240160,LIHC,4.182458,3.7508270740509033
1931,910850,LIHC,4.711654,6.249252796173096
1917,909738,LIHC,5.064329,3.4402589797973633
1855,907057,LIHC,3.917095,4.235424518585205
2046,907057,LIHC,4.18597,3.383859395980835
1939,1298151,LIHC,2.035495,3.267468214035034
1624,1240157,LIHC,4.344697,3.5715506076812744
1022,1240160,LIHC,2.919608,2.444913864135742
1079,1298151,LIHC,1.658373,1.0917210578918457
1080,910850,LIHC,0.627561,0.20278868079185486
1912,910850,LIHC,4.75211,4.376266956329346
1598,909736,LIHC,5.668696,5.476554870605469
1916,907071,LIHC,4.594011,3.690770387649536
1068,909736,LIHC,2.279633,1.2572243213653564
1177,1240157,LIHC,4.772925,5.411891937255859
1084,909737,LIHC,-1.785562,-1.7887623310089111
1237,907071,LIHC,6.009105,5.676048755645752
1930,909719,LIHC,0.257902,0.40105175971984863
1012,909719,LIHC,1.479274,1.4966824054718018
1924,909736,LIHC,2.742376,3.2328474521636963
1593,1240160,LIHC,4.938158,3.9074149131774902
1922,909736,LIHC,1.794358,2.140852212905884
1631,1240158,LIHC,2.675556,3.509117364883423
1375,907057,LIHC,5.412622,5.441537857055664
1080,907071,LIHC,0.374272,0.32874447107315063
1054,1240217,LIHC,3.504866,3.3639414310455322
1931,1240157,LIHC,5.899505,5.6832756996154785
2111,909738,LIHC,5.244197,4.587460041046143
1578,909737,LIHC,5.975981,5.7405290603637695
1372,909736,LIHC,0.05434,-0.4983072280883789
1913,909737,LIHC,5.358814,4.671186923980713
1512,1240157,LIHC,5.431829,5.464458465576172
1630,907071,LIHC,3.44087,4.721660137176514
1179,1240159,LIHC,1.953463,1.0199642181396484
1563,1240160,LIHC,6.330808,6.533864974975586
1926,1240216,LIHC,2.145841,1.7489774227142334
1625,909719,LIHC,5.042799,4.686898708343506
1559,1240147,LIHC,-4.174909,-2.533269166946411
1005,1240159,LIHC,5.152123,5.664535999298096
1925,909719,LIHC,4.844503,4.473232746124268
1057,907057,LIHC,-0.777268,-1.3588805198669434
1855,909736,LIHC,4.327197,4.656166076660156
2040,907071,LIHC,0.929853,1.1768364906311035
1911,1240157,LIHC,-4.019971,-3.0257792472839355
1559,1240157,LIHC,1.076954,-2.5084214210510254
1051,907057,LIHC,0.729271,1.9252026081085205
1564,1240157,LIHC,2.056284,1.5085675716400146
1249,909736,LIHC,3.963906,3.6881420612335205
1003,1240157,LIHC,-1.261201,-0.8313111662864685
1560,1298151,LIHC,4.061928,4.668936729431152
1997,1240157,LIHC,3.946906,3.078507900238037
1006,909719,LIHC,2.020286,1.7306907176971436
1053,1240216,LIHC,4.348011,4.457487106323242
1926,910850,LIHC,1.910632,2.089768648147583
1093,1240157,LIHC,5.00763,4.928271293640137
1624,1240217,LIHC,2.16379,3.6539416313171387
1084,1240157,LIHC,-4.185804,-2.2795655727386475
1034,909737,LIHC,-4.010027,-4.147436141967773
1626,909738,LIHC,5.092953,4.493156433105469
1013,1298146,LIHC,4.572556,4.0955071449279785
1855,909719,LIHC,4.548834,4.741526126861572
1179,1298151,LIHC,0.230278,-0.2046453356742859
1013,909738,LIHC,3.833302,4.233855724334717
1918,1240159,LIHC,4.031702,4.566519737243652
1915,1240159,LIHC,4.383538,3.8118715286254883
1930,1240159,LIHC,2.083464,1.6693649291992188
1036,909737,LIHC,4.54159,4.261205196380615
1922,907057,LIHC,1.370633,1.8984923362731934
1012,1298146,LIHC,2.086457,1.1776604652404785
1560,1240160,LIHC,4.578374,4.866558074951172
1512,909738,LIHC,5.309868,5.413500785827637
1084,1298151,LIHC,-0.494577,-1.1005148887634277
1084,1240216,LIHC,0.064699,-0.8871796727180481
1918,1240157,LIHC,0.041526,1.5594630241394043
2106,907071,LIHC,3.253003,3.8494701385498047
1089,1240216,LIHC,6.021769,6.5305376052856445
1615,1298146,LIHC,5.255391,5.771546840667725
1564,1240160,LIHC,3.18399,3.3015174865722656
1931,909737,LIHC,5.374116,5.657384872436523
1930,909738,LIHC,0.121159,1.9491257667541504
1047,1240158,LIHC,5.634166,4.296462535858154
1911,909736,LIHC,-3.281122,-2.66569447517395
1862,909738,LIHC,-1.347651,-1.145052433013916
1561,909738,LIHC,3.32228,3.0283358097076416
2110,909736,LIHC,5.1577,4.637970447540283
1849,907071,LIHC,-0.675338,0.37104782462120056
2096,1298151,LIHC,3.745652,3.28664493560791
1511,909719,LIHC,-1.108812,-1.1937549114227295
2048,1240216,LIHC,-0.031901,-0.7961437106132507
1549,1240216,LIHC,4.718071,4.745036602020264
2043,907071,LIHC,5.657447,5.146770000457764
1046,1240160,LIHC,4.792475,5.669829368591309
1618,1240158,LIHC,2.542833,3.3171744346618652
1083,910850,LIHC,5.369881,3.0294744968414307
1939,910850,LIHC,5.258781,5.800114631652832
1561,910850,LIHC,5.158711,3.9017271995544434
1622,1240160,LIHC,2.796727,3.3405497074127197
1564,907057,LIHC,3.049521,2.1483280658721924
1620,909737,LIHC,4.398875,5.2519707679748535
1615,907057,LIHC,5.422965,4.867743492126465
1915,1240216,LIHC,2.754038,3.4109232425689697
1512,909719,LIHC,4.812179,4.630169868469238
1626,1240159,LIHC,2.064943,1.7023353576660156
1168,1240160,LIHC,3.885547,4.267227649688721
2046,1298151,LIHC,2.965193,3.476813316345215
1089,910850,LIHC,4.896828,3.0871710777282715
1034,1240217,LIHC,-3.055458,-2.4672012329101562
1627,1298146,LIHC,3.936859,3.65155291557312
1561,909719,LIHC,5.030686,3.6019649505615234
2107,909719,LIHC,4.470937,4.598622798919678
2046,1240217,LIHC,2.74742,3.2468276023864746
1915,1298151,LIHC,2.028077,1.7914683818817139
1786,1240159,LIHC,4.202842,4.653786659240723
1372,907071,LIHC,-0.099292,1.9055626392364502
1593,909719,LIHC,3.822806,2.4355406761169434
1057,909738,LIHC,-1.124317,-0.8542158007621765
1622,910850,LIHC,4.748716,5.030754089355469
1083,909719,LIHC,3.313131,3.259969711303711
1862,1298146,LIHC,1.544478,2.318233013153076
2046,909719,LIHC,4.573751,3.4113378524780273
1054,1298151,LIHC,5.437571,5.961539268493652
1936,907071,LIHC,3.221741,1.7484402656555176
1593,909736,LIHC,2.3887,3.3369035720825195
1053,907071,LIHC,5.476126,4.333980083465576
1598,909738,LIHC,5.207302,4.0605010986328125
1940,1240157,LIHC,3.389965,3.76513409614563
1054,909736,LIHC,3.900189,3.9849915504455566
1617,1240147,LIHC,2.736413,0.9586793780326843
1177,907071,LIHC,5.818377,5.515018939971924
1911,1298151,LIHC,-4.795138,-4.904685974121094
1617,1240158,LIHC,4.751541,3.8648767471313477
1933,907071,LIHC,3.489675,5.127653121948242
1997,909738,LIHC,3.606083,4.284879684448242
1249,909738,LIHC,3.281853,4.055990219116211
1908,1298146,LIHC,3.653623,4.383538246154785
1047,909736,LIHC,5.635201,5.338154315948486
1085,909737,LIHC,3.798698,3.0156502723693848
1017,907071,LIHC,4.550943,4.797089576721191
1924,1240217,LIHC,3.665195,3.9596848487854004
1079,907057,LIHC,0.308299,0.4291502833366394
1563,909737,LIHC,5.940163,5.793118476867676
1786,907057,LIHC,2.185825,3.133397340774536
2110,909738,LIHC,3.902756,4.852501392364502
2109,909719,LIHC,2.044641,2.693007230758667
1563,1298151,LIHC,5.890404,6.077865123748779
1034,1240160,LIHC,-0.248655,-0.2964094281196594
1922,1298146,LIHC,3.591775,2.936546564102173
1073,909737,LIHC,4.136605,5.38311243057251
2107,1240216,LIHC,5.737151,6.107758045196533
1919,1298151,LIHC,1.515489,0.8605000376701355
1614,1240159,LIHC,3.699419,2.5412979125976562
1786,910850,LIHC,3.216693,4.254753589630127
1372,910850,LIHC,-0.326515,-0.01672247052192688
1854,1298151,LIHC,4.81709,4.828435897827148
1854,1240217,LIHC,3.106242,5.037996768951416
1180,909737,LIHC,-3.200784,-2.9411935806274414
1372,1240217,LIHC,0.259343,1.4268798828125
1559,1240216,LIHC,-0.211285,-0.924961268901825
1007,910850,LIHC,-1.346442,-1.503366470336914
1200,910850,LIHC,3.769084,4.241220951080322
1248,909736,LIHC,-2.581112,-4.03295373916626
1918,1298151,LIHC,2.971085,3.8514151573181152
1511,1240160,LIHC,1.819648,0.9812974333763123
1615,909737,LIHC,3.506639,4.6694416999816895
1034,1240158,LIHC,-5.817289,-2.401676893234253
2046,1240157,LIHC,3.474687,3.06502366065979
1936,1240159,LIHC,3.839206,2.888347864151001
1873,907071,LIHC,2.188732,1.2477822303771973
1853,909738,LIHC,5.430955,4.009636402130127
1862,907071,LIHC,0.702326,0.008626341819763184
1058,909719,LIHC,2.111471,2.31194806098938
1058,910850,LIHC,4.4622,3.364192485809326
1088,1240159,LIHC,4.621374,4.90665340423584
1013,909737,LIHC,4.608606,3.9929912090301514
1941,1240216,LIHC,-4.98997,-4.331850051879883
1084,907057,LIHC,-3.403025,-2.643806219100952
1046,1240157,LIHC,2.396794,2.900085687637329
1852,907071,LIHC,6.098082,6.019865989685059
1913,907057,LIHC,4.484859,4.354555130004883
1250,1240160,LIHC,3.972057,3.240065336227417
1200,1240159,LIHC,4.194042,3.9326910972595215
1529,1240160,LIHC,3.446184,4.543787956237793
1926,907071,LIHC,3.974546,0.7588493227958679
1849,1240159,LIHC,-0.156553,1.119355320930481
2110,907057,LIHC,4.11821,4.519552230834961
1005,910850,LIHC,4.514594,3.4495582580566406
1053,1240158,LIHC,4.389979,4.02257776260376
1131,910850,LIHC,7.024468,5.192619800567627
1553,1298151,LIHC,5.088548,5.9716339111328125
1268,909737,LIHC,3.163121,4.593908309936523
1626,1240217,LIHC,2.491769,2.9867987632751465
1549,909736,LIHC,5.854539,4.712913990020752
2096,1240157,LIHC,2.545658,2.6613705158233643
2046,1298146,LIHC,5.188553,4.042731285095215
2044,1298151,LIHC,4.551347,4.89235258102417
1940,907057,LIHC,3.587118,3.562140941619873
1060,1298146,LIHC,1.832889,2.055410385131836
1168,1240217,LIHC,2.089692,2.8676750659942627
1507,1240147,LIHC,3.452131,4.30309534072876
1625,1240158,LIHC,4.052611,4.819301605224609
1598,1240216,LIHC,5.584378,4.455569267272949
1622,907071,LIHC,3.256363,3.983203887939453
1917,1240159,LIHC,5.781203,4.827491760253906
1918,907057,LIHC,4.420268,4.267039775848389
1511,1298151,LIHC,0.333348,-0.643487274646759
1036,909738,LIHC,3.496906,4.4738006591796875
2109,907057,LIHC,3.262587,2.7347686290740967
1191,1240159,LIHC,-1.355914,-3.8689045906066895
1006,1298151,LIHC,3.359477,2.6093649864196777
1910,1240216,LIHC,1.542692,1.4995331764221191
1936,1240158,LIHC,2.090184,1.998218297958374
1239,909738,LIHC,3.690546,3.972546339035034
1073,1240158,LIHC,7.543911,6.131220817565918
1855,1240160,LIHC,5.279245,5.70067024230957
1622,909738,LIHC,3.749598,4.02699089050293
1177,909736,LIHC,3.775586,4.159518241882324
1918,1240217,LIHC,4.324368,4.3311591148376465
1375,909736,LIHC,6.242012,6.712274551391602
1911,1298146,LIHC,-0.58459,-2.198044776916504
1624,1240160,LIHC,4.367556,5.593989372253418
2111,910850,LIHC,4.409999,5.9469122886657715
1613,909738,LIHC,4.738112,3.787074089050293
1549,909738,LIHC,3.189554,3.120455265045166
1054,1240158,LIHC,4.163604,4.473845958709717
1011,1240157,LIHC,2.570552,1.1937272548675537
1930,1240158,LIHC,1.555898,0.6926937103271484
1932,1298146,LIHC,2.813946,3.1548540592193604
1051,909719,LIHC,3.310244,1.8329472541809082
1613,907071,LIHC,5.463026,5.890241622924805
1022,1240157,LIHC,0.72298,0.4280918836593628
1928,909738,LIHC,6.159591,5.251221656799316
1268,1240217,LIHC,5.552065,4.152083396911621
1917,1298146,LIHC,2.771778,3.1649680137634277
1079,1240157,LIHC,-0.630902,0.7375771999359131
1930,1298146,LIHC,3.372625,2.3822505474090576
1930,1240157,LIHC,1.513335,1.3567726612091064
1177,910850,LIHC,6.094216,3.709354877471924
1529,1298146,LIHC,2.647592,2.4069974422454834
1912,1240217,LIHC,2.385436,3.3708531856536865
1613,1240217,LIHC,1.453686,3.2732250690460205
1563,909736,LIHC,5.987225,6.400755882263184
1089,1240159,LIHC,4.955545,5.358819961547852
1010,910850,LIHC,4.308889,4.820763111114502
1852,1298151,LIHC,5.510595,5.431979179382324
1913,910850,LIHC,5.699839,6.126850128173828
2106,1240160,LIHC,4.541544,3.287525177001953
1927,910850,LIHC,5.025236,6.566435813903809
1011,1298146,LIHC,4.933623,3.0561575889587402
1200,1240160,LIHC,3.515497,3.6083052158355713
1248,909737,LIHC,-4.468395,-3.1471829414367676
1854,909737,LIHC,5.262141,4.606868267059326
1627,909738,LIHC,3.667009,3.35113525390625
1926,1240157,LIHC,-0.733211,-0.7624042630195618
1564,909719,LIHC,3.194675,2.5637905597686768
1908,909719,LIHC,3.840381,1.5703842639923096
1085,1240160,LIHC,2.801649,2.9294261932373047
2046,909738,LIHC,5.444287,3.819875955581665
1593,1298146,LIHC,2.713039,1.6561903953552246
1634,1240157,LIHC,4.841685,4.201761245727539
1997,1240159,LIHC,3.533456,5.62717342376709
1058,1240216,LIHC,2.836154,3.1977663040161133
1625,1240217,LIHC,4.652259,5.275851726531982
1915,1240158,LIHC,3.355015,2.9934308528900146
1630,1240147,LIHC,2.044384,2.7957723140716553
1507,909736,LIHC,5.902449,4.801938056945801
1013,1240217,LIHC,2.932526,2.923473596572876
1910,1298146,LIHC,2.895452,3.505904197692871
1046,1298151,LIHC,2.258163,2.212665319442749
1922,1298151,LIHC,1.836691,2.7472829818725586
1613,1240159,LIHC,3.169947,3.9525279998779297
1011,907057,LIHC,1.048804,2.749697685241699
1179,909737,LIHC,0.870605,1.5425121784210205
1629,1298146,LIHC,5.361823,4.265481472015381
2045,907071,LIHC,5.481382,5.825453281402588
1916,1240157,LIHC,1.806766,1.504695177078247
1618,907057,LIHC,2.95679,3.063209295272827
1068,1240217,LIHC,0.338429,1.4045515060424805
1003,1240160,LIHC,0.950818,0.3888256549835205
1093,909736,LIHC,5.299656,4.910099983215332
1199,1240157,LIHC,3.520079,4.040983200073242
1576,1240143,LUSC,3.819107,3.261943817138672
1799,687815,LUSC,-0.50588,0.03872489929199219
1200,1298223,LUSC,3.553425,3.575216770172119
1011,1298226,LUSC,0.773489,1.8278748989105225
1199,753569,LUSC,3.451332,3.7886805534362793
1085,908443,LUSC,3.256731,2.751646041870117
1250,908443,LUSC,3.884926,2.1705985069274902
1916,1298226,LUSC,2.95489,3.654022216796875
2110,687787,LUSC,5.003569,4.191591739654541
1239,724879,LUSC,3.843385,3.339747428894043
1034,724879,LUSC,-2.996928,-3.2672319412231445
1058,1240183,LUSC,2.603949,1.2454285621643066
1918,753554,LUSC,2.007882,2.80371356010437
1997,753554,LUSC,-0.725485,1.0708556175231934
1259,724879,LUSC,5.027731,3.648134231567383
1549,1240183,LUSC,2.456632,0.9855388402938843
1598,687815,LUSC,4.524691,4.632231712341309
1200,753569,LUSC,3.071013,2.854616641998291
1557,908443,LUSC,5.607359,5.39786434173584
1177,909728,LUSC,5.674139,4.807696342468262
1006,1298223,LUSC,1.541001,0.8211406469345093
1507,753556,LUSC,4.602501,4.887457370758057
1627,753556,LUSC,2.10665,2.745715856552124
1057,753556,LUSC,-2.766098,-2.371872901916504
1010,687815,LUSC,0.816161,0.9478488564491272
1375,909728,LUSC,6.976436,6.156070709228516
1626,1240143,LUSC,3.860796,3.113807439804077
1199,1240183,LUSC,4.233985,4.211853981018066
1930,1298226,LUSC,-0.041969,0.6906272768974304
1032,1298226,LUSC,0.438824,0.9365679621696472
1618,753569,LUSC,3.934739,3.6103720664978027
1910,687815,LUSC,0.775924,0.21446746587753296
1931,1240143,LUSC,6.121692,6.390185832977295
1190,753569,LUSC,0.621898,0.02363067865371704
1512,724879,LUSC,6.495814,6.65162467956543
1083,1240183,LUSC,4.59528,4.040282249450684
1996,1240183,LUSC,4.585729,4.807540416717529
1627,1240142,LUSC,2.490868,2.2760262489318848
1618,1240142,LUSC,3.668686,2.4191393852233887
1268,753554,LUSC,4.493905,4.834181785583496
2048,1298226,LUSC,-4.689274,-4.398961067199707
1997,1298226,LUSC,2.200469,3.4403247833251953
1006,753554,LUSC,2.275994,1.7154250144958496
1926,753556,LUSC,-0.678169,-0.3064401149749756
1932,1240143,LUSC,2.213185,3.582338809967041
2045,1298223,LUSC,4.356832,5.0195817947387695
2107,687787,LUSC,5.830332,5.5057148933410645
1931,1298538,LUSC,5.680258,6.136113166809082
1853,753569,LUSC,3.220439,3.586097478866577
1084,724879,LUSC,-1.215865,-1.5687148571014404
1922,908443,LUSC,1.088895,2.371786594390869
1012,908443,LUSC,1.692423,1.3302263021469116
1080,687787,LUSC,-3.706398,-4.684231281280518
1249,724879,LUSC,4.184592,4.1617112159729
1631,1240143,LUSC,3.464339,3.888516426086426
1013,687815,LUSC,3.661617,3.717963457107544
1557,687787,LUSC,5.510391,5.110192775726318
2107,753556,LUSC,5.669005,5.251107692718506
1622,753554,LUSC,4.985312,4.455517768859863
1180,909728,LUSC,-0.496373,-2.0118775367736816
1618,753556,LUSC,3.848892,3.128655195236206
1085,687815,LUSC,3.05822,3.1933915615081787
1073,1298226,LUSC,4.049246,4.23738431930542
2047,687815,LUSC,3.827609,3.828904151916504
1933,1240183,LUSC,4.513839,4.880159378051758
1054,687815,LUSC,3.049442,4.2066473960876465
1852,724879,LUSC,6.541765,6.413125514984131
1032,753569,LUSC,2.244026,2.510288715362549
2048,724879,LUSC,-2.845344,-1.7628238201141357
1908,753556,LUSC,2.561706,2.352520704269409
1621,909728,LUSC,4.114115,4.890209674835205
2048,753569,LUSC,-2.41284,-3.2241501808166504
1237,1240142,LUSC,4.987989,4.8257341384887695
1563,687787,LUSC,5.624272,5.719851493835449
1512,1298538,LUSC,5.925223,5.639084815979004
1168,1298226,LUSC,0.397277,1.3814241886138916
1922,753556,LUSC,2.245341,1.726696491241455
2040,1298223,LUSC,2.252085,1.7302594184875488
1910,687787,LUSC,1.423285,1.4348149299621582
1553,753569,LUSC,0.11762,0.02016812562942505
1873,905941,LUSC,3.56686,2.8615376949310303
1564,687815,LUSC,4.365276,4.234239101409912
1510,905941,LUSC,4.091104,5.237198829650879
1625,1298538,LUSC,5.719279,5.175509929656982
1372,753556,LUSC,-0.816806,0.3887266516685486
1613,687787,LUSC,4.727105,5.03138542175293
1010,1298226,LUSC,1.382672,1.7532143592834473
1908,909728,LUSC,2.71375,2.1541590690612793
1598,1240142,LUSC,4.916371,4.006770133972168
1617,1298223,LUSC,5.639504,3.4513659477233887
1057,1240143,LUSC,-1.286124,-0.7618400454521179
1250,1240142,LUSC,1.170401,0.3366624414920807
1613,1240183,LUSC,4.878825,4.676591873168945
1925,1240183,LUSC,5.809015,5.47142219543457
1926,905941,LUSC,3.838706,2.4122538566589355
1191,1298226,LUSC,-5.946909,-4.870490074157715
1912,1240143,LUSC,3.488774,3.7872657775878906
1563,1240183,LUSC,6.611637,6.340559005737305
1622,1298538,LUSC,4.938029,4.750576496124268
1177,724879,LUSC,5.99038,5.364568710327148
1615,909728,LUSC,4.8937,5.127514839172363
1089,687787,LUSC,4.826407,4.455397129058838
1598,1298538,LUSC,5.173466,5.165278911590576
1928,687787,LUSC,4.592048,5.3640947341918945
1054,909728,LUSC,4.518823,3.9985451698303223
1613,687815,LUSC,0.695826,3.3324923515319824
1034,908443,LUSC,-1.568698,-2.2338948249816895
1911,753556,LUSC,-5.366544,-3.6491732597351074
1237,905941,LUSC,6.73709,7.182436466217041
1931,687815,LUSC,5.585582,5.447113037109375
1614,905941,LUSC,4.732422,5.52467679977417
1057,724879,LUSC,-0.370024,-1.5940942764282227
2107,1298223,LUSC,5.33852,5.147141933441162
1053,687815,LUSC,2.953468,1.7686326503753662
1620,753556,LUSC,4.972069,5.332199573516846
1068,753554,LUSC,1.975288,-0.5100752115249634
1012,753556,LUSC,2.028571,1.036381721496582
1912,1240183,LUSC,3.429409,3.656992197036743
1854,1298538,LUSC,4.987715,5.224582672119141
1268,1240183,LUSC,4.87556,5.138422966003418
1613,1298223,LUSC,2.700153,1.3035633563995361
1626,1240142,LUSC,0.810448,1.2669779062271118
1927,1298538,LUSC,5.913157,5.2946672439575195
1940,753556,LUSC,3.737549,3.4150164127349854
1913,1240142,LUSC,4.40699,4.695863723754883
2107,753569,LUSC,4.624289,4.972907066345215
1073,909728,LUSC,7.038605,4.4942474365234375
1931,753554,LUSC,6.103131,5.740152835845947
1180,753556,LUSC,-4.049077,-3.283816337585449
1561,1240143,LUSC,4.578998,4.057183265686035
1373,1240143,LUSC,4.803327,6.206003189086914
1248,687787,LUSC,-4.97062,-4.443343639373779
1047,908443,LUSC,5.938707,3.659069061279297
1852,1240143,LUSC,6.063144,5.767756462097168
1558,1240143,LUSC,5.149482,4.070195198059082
1924,753569,LUSC,1.351855,1.5209424495697021
1631,687815,LUSC,2.547215,2.8447511196136475
1549,687787,LUSC,5.539881,5.753113269805908
1005,1240183,LUSC,4.837835,5.022088527679443
1237,687787,LUSC,5.009323,5.102267742156982
1073,908443,LUSC,4.239161,4.066319465637207
1060,687787,LUSC,1.530413,1.457237720489502
1909,1240142,LUSC,2.690273,2.0351781845092773
1618,1240143,LUSC,4.649273,4.168928146362305
1372,1240142,LUSC,-0.413143,0.13985639810562134
1909,1298223,LUSC,3.423367,2.9836480617523193
2046,753569,LUSC,3.592657,3.76894211769104
1003,909728,LUSC,-2.863123,-2.4332175254821777
1617,753569,LUSC,3.444314,2.823960065841675
1006,753556,LUSC,1.783373,1.7614638805389404
2046,1298223,LUSC,0.790818,1.3972184658050537
1085,909728,LUSC,2.71399,3.327360153198242
1922,724879,LUSC,2.397977,3.838742256164551
1912,1240142,LUSC,0.918522,0.8982553482055664
1939,687787,LUSC,3.862421,3.5075621604919434
1017,687787,LUSC,4.568956,3.8305106163024902
1564,1240183,LUSC,3.308355,3.2557525634765625
1013,908443,LUSC,3.46533,4.7953572273254395
1940,687815,LUSC,4.718025,3.386317729949951
1084,1298226,LUSC,-2.085023,-2.6815199851989746
1013,687787,LUSC,4.614632,4.093049049377441
1626,905941,LUSC,3.961668,3.1973628997802734
1931,908443,LUSC,5.998435,5.591306686401367
1909,687787,LUSC,1.906857,2.3337132930755615
1849,753554,LUSC,0.204947,-1.2582380771636963
1511,753556,LUSC,-1.113308,-0.08970007300376892
1912,909728,LUSC,5.567001,3.798849105834961
1629,753556,LUSC,4.351836,4.630990028381348
1909,905941,LUSC,5.094521,3.701273202896118
1080,908443,LUSC,-2.578532,-3.3064565658569336
1617,1240183,LUSC,2.25151,2.3861260414123535
1073,1240183,LUSC,6.155104,6.089848041534424
1373,1298226,LUSC,3.947132,5.1251301765441895
1630,724879,LUSC,2.64027,3.707166910171509
1930,753556,LUSC,1.036308,-0.3522908091545105
1053,1298226,LUSC,4.328272,3.152662515640259
1852,905941,LUSC,7.851653,7.331539630889893
1996,687787,LUSC,3.330685,4.641094207763672
1084,1240142,LUSC,-2.779397,-3.621774196624756
1576,687787,LUSC,2.13267,3.328920841217041
1926,724879,LUSC,1.263081,0.7948920726776123
1036,687787,LUSC,5.041767,4.838500022888184
1179,1240142,LUSC,-1.142927,-0.28868305683135986
1621,1298226,LUSC,4.790444,5.097646713256836
1625,753554,LUSC,4.642301,4.4117326736450195
1915,753556,LUSC,3.456601,1.8177976608276367
1083,724879,LUSC,3.578707,4.578484058380127
1079,1298223,LUSC,4.317392,1.58119797706604
1873,1240183,LUSC,2.32908,1.1376128196716309
1919,687815,LUSC,-2.270835,-1.699354887008667
1621,1240143,LUSC,4.970977,5.388793468475342
1635,724879,LUSC,6.130051,6.142727851867676
2109,687787,LUSC,2.266798,2.750847816467285
1911,1240183,LUSC,-3.249759,-4.044659614562988
2110,905941,LUSC,6.841613,7.323643684387207
1624,753569,LUSC,3.699168,4.413359642028809
1079,687815,LUSC,0.899218,2.954082489013672
1940,1298226,LUSC,3.858844,3.321371078491211
1564,1298223,LUSC,4.417496,3.8841042518615723
1910,753556,LUSC,2.631279,2.973252296447754
1932,1298223,LUSC,2.486749,3.555628776550293
1239,687815,LUSC,0.528854,1.4074444770812988
1799,908443,LUSC,4.589148,6.348752975463867
1625,724879,LUSC,4.463797,5.748289108276367
1932,724879,LUSC,5.467322,4.144415378570557
1199,1240142,LUSC,2.348503,2.5914878845214844
1620,1240183,LUSC,6.185748,6.041683197021484
1928,1240142,LUSC,3.596745,3.532019853591919
1852,909728,LUSC,5.744795,5.36655330657959
1049,724879,LUSC,5.802877,5.583346843719482
1510,687815,LUSC,3.311807,3.0344419479370117
1168,1240143,LUSC,2.284502,3.110762596130371
1168,687815,LUSC,0.556184,1.8753478527069092
1529,905941,LUSC,6.955032,4.736006736755371
1634,1298223,LUSC,5.379783,4.439095973968506
1046,1298538,LUSC,2.244661,1.7143135070800781
1259,908443,LUSC,2.592273,2.836209535598755
1997,1240142,LUSC,4.188682,4.1716108322143555
1047,1298223,LUSC,5.953522,5.607912540435791
1559,753554,LUSC,-2.518694,-2.815056085586548
1017,753554,LUSC,3.653653,3.8870396614074707
1919,908443,LUSC,2.55871,2.0082833766937256
1022,1298223,LUSC,-1.47353,-0.503932535648346
1068,753556,LUSC,1.123218,0.9575511813163757
1250,905941,LUSC,1.604038,2.8993797302246094
1507,908443,LUSC,5.623097,5.232129096984863
1629,905941,LUSC,6.822426,7.348133563995361
1873,753554,LUSC,0.953332,0.7370225787162781
2043,753569,LUSC,5.81563,5.105843544006348
1168,1298223,LUSC,0.85423,0.8683692812919617
2046,1298226,LUSC,3.047671,3.5450079441070557
1936,905941,LUSC,5.290397,4.22444486618042
1034,1298226,LUSC,-4.059781,-3.5938212871551514
1916,1240183,LUSC,3.55798,4.027335166931152
1559,753569,LUSC,-3.017301,-1.7384581565856934
1563,724879,LUSC,6.106913,7.048874855041504
1200,908443,LUSC,3.47468,2.9263994693756104
1917,1240143,LUSC,4.462134,2.9545371532440186
1373,1240183,LUSC,5.216843,5.18325138092041
1559,1240143,LUSC,0.502839,-1.0806341171264648
1925,753556,LUSC,4.337808,4.746197700500488
1930,687787,LUSC,0.816508,1.08445405960083
1190,1298538,LUSC,-0.481662,-0.9100591540336609
1855,1240183,LUSC,4.431074,4.993171215057373
1615,687815,LUSC,4.066866,4.911337852478027
1168,753554,LUSC,2.9975,3.32861065864563
1529,1298226,LUSC,0.014881,0.7998610734939575
1624,687815,LUSC,4.011589,4.165856838226318
1250,1298223,LUSC,5.780349,3.2203493118286133
1549,1240142,LUSC,2.033329,1.7373285293579102
1786,1240142,LUSC,1.241409,1.5692098140716553
1051,753556,LUSC,0.9141,0.4800841808319092
1620,1298226,LUSC,5.790816,5.538414478302002
2096,753569,LUSC,1.541118,1.6417768001556396
1007,909728,LUSC,-4.254713,-3.6588563919067383
1179,724879,LUSC,1.812595,1.8622355461120605
2047,905941,LUSC,4.490713,5.5830183029174805
1268,753556,LUSC,5.535347,4.047614097595215
1996,753569,LUSC,4.569423,3.9827380180358887
1034,1240183,LUSC,-2.270056,-2.6996190547943115
1180,1240143,LUSC,0.694184,-2.595827341079712
1080,1298538,LUSC,-3.207478,-3.607147693634033
1941,1298538,LUSC,-1.596731,-2.2653026580810547
1053,905941,LUSC,7.015961,5.734638214111328
1917,753556,LUSC,0.06457,0.8977702260017395
1013,905941,LUSC,6.555572,6.857880592346191
1268,1240143,LUSC,4.803199,4.547607898712158
1073,1240142,LUSC,3.189174,3.3782646656036377
1576,909728,LUSC,3.625705,3.4525768756866455
1057,753569,LUSC,-0.716036,-0.5864160656929016
1924,1298538,LUSC,1.215436,1.9504587650299072
1239,753569,LUSC,2.972147,2.3618314266204834
1908,753569,LUSC,1.873292,1.921391487121582
1576,687815,LUSC,3.282996,2.956162214279175
1060,724879,LUSC,0.491395,-0.15717732906341553
1855,1298538,LUSC,4.704005,5.223103046417236
1005,909728,LUSC,3.633211,3.2892138957977295
1849,1298226,LUSC,-0.412376,0.15219855308532715
1512,753554,LUSC,5.130109,4.952334880828857
1925,905941,LUSC,7.522875,7.578109264373779
1564,1240142,LUSC,1.512877,1.8409144878387451
1375,753554,LUSC,7.168577,5.914891242980957
1237,1240183,LUSC,5.987287,5.917914390563965
1191,909728,LUSC,-2.621076,-4.754547119140625
1997,1240183,LUSC,4.183191,2.815732002258301
1549,1298226,LUSC,2.080477,1.5270106792449951
2043,687787,LUSC,5.593527,4.822495460510254
1080,1240183,LUSC,-1.086413,-0.27733349800109863
1933,687815,LUSC,5.317476,3.4944396018981934
1593,905941,LUSC,4.697715,6.480214595794678
1922,909728,LUSC,2.006985,1.6844232082366943
2107,1298538,LUSC,5.979366,5.660126209259033
1915,1298538,LUSC,0.719048,0.5559399127960205
1799,724879,LUSC,5.849799,5.96858549118042
1036,909728,LUSC,4.169204,3.489614486694336
1561,687787,LUSC,3.76702,2.941603422164917
1068,908443,LUSC,2.647705,1.7464823722839355
1007,687815,LUSC,-5.582397,-5.460972785949707
1854,753554,LUSC,5.091123,4.870399475097656
1576,1298223,LUSC,3.350489,2.9229140281677246
1925,1298226,LUSC,6.095298,5.264865398406982
1058,908443,LUSC,-0.057053,1.025957703590393
1854,753569,LUSC,4.73519,4.646101474761963
1927,1298223,LUSC,5.824582,5.517393112182617
1912,753554,LUSC,2.291804,2.042722702026367
1578,905941,LUSC,5.81868,6.712403774261475
1373,909728,LUSC,2.744262,4.036196231842041
1529,1240183,LUSC,3.376469,1.6762628555297852
1627,1240143,LUSC,3.663291,3.59474515914917
1927,724879,LUSC,6.238162,6.704366683959961
2110,1298538,LUSC,4.032611,4.706827163696289
1054,1298226,LUSC,4.828328,3.537665605545044
1011,1240142,LUSC,2.571218,2.558424711227417
1930,753569,LUSC,0.755553,1.147992491722107
1051,905941,LUSC,5.879654,3.4257373809814453
1593,1298223,LUSC,2.528699,1.3855068683624268
1022,1240142,LUSC,-2.73365,-0.5603441596031189
1237,1240143,LUSC,5.772668,5.911952972412109
1190,687815,LUSC,-4.550513,-3.2160937786102295
2048,909728,LUSC,-3.979474,-1.2810940742492676
1250,753556,LUSC,1.099228,0.9601305723190308
1936,1240143,LUSC,2.912312,1.6301746368408203
2111,1240183,LUSC,6.284676,5.181674957275391
1131,687815,LUSC,5.754874,4.625272750854492
2045,909728,LUSC,3.634805,4.819775104522705
1615,753569,LUSC,5.269722,5.053019046783447
1919,753569,LUSC,2.107331,2.4023633003234863
1268,687787,LUSC,4.266935,4.443315029144287
1010,909728,LUSC,2.042296,1.7218892574310303
1849,909728,LUSC,0.614539,1.8009579181671143
2040,724879,LUSC,1.330398,2.733625888824463
1560,1298538,LUSC,1.603956,2.1575684547424316
1012,687787,LUSC,1.584227,1.7446961402893066
1190,1298223,LUSC,4.136703,0.2794238328933716
1620,1298223,LUSC,5.408205,5.150397777557373
1852,1298223,LUSC,5.290973,5.448850154876709
2040,1298538,LUSC,1.720614,0.9875336289405823
1996,908443,LUSC,5.23392,4.323294639587402
2040,1240143,LUSC,0.273834,0.32746049761772156
1862,1240143,LUSC,-1.230706,0.0705447793006897
2110,1240142,LUSC,3.571017,3.6315345764160156
1915,1298223,LUSC,1.441514,0.9422876834869385
1852,753569,LUSC,5.22876,5.214707851409912
1177,1240143,LUSC,5.860964,4.873834133148193
1549,753569,LUSC,4.251275,4.72476053237915
1200,1298538,LUSC,2.893891,3.3683688640594482
2047,753569,LUSC,1.040792,1.921391487121582
1786,1240183,LUSC,3.724324,4.114004611968994
1629,724879,LUSC,5.339916,5.75330114364624
1560,687787,LUSC,5.146367,4.708699703216553
1013,1298538,LUSC,4.595196,4.247793197631836
1047,753554,LUSC,5.407304,5.656555652618408
1915,1298226,LUSC,0.710264,1.7975056171417236
1557,1298226,LUSC,5.03816,4.495232582092285
1011,724879,LUSC,3.873555,2.591331958770752
1915,908443,LUSC,3.79709,3.411477565765381
1853,1298223,LUSC,3.931084,3.7176060676574707
1085,1298226,LUSC,2.158407,3.3448078632354736
1630,909728,LUSC,4.545286,3.085258722305298
1003,1240183,LUSC,0.107593,0.4470498561859131
1561,909728,LUSC,2.433284,2.6532371044158936
1634,687815,LUSC,4.072125,4.748243808746338
1006,1240142,LUSC,-0.545255,0.8855775594711304
1051,1298226,LUSC,1.443327,1.7051172256469727
1931,905941,LUSC,7.793053,7.823742866516113
1799,905941,LUSC,7.421035,7.299528121948242
2111,753554,LUSC,5.813494,5.108578205108643
1853,1298226,LUSC,5.06801,5.625771522521973
1091,908443,LUSC,4.316178,2.0647966861724854
1079,909728,LUSC,-0.217961,-0.39720624685287476
1012,753554,LUSC,1.112368,0.4338643252849579
1557,753554,LUSC,4.822001,4.172884464263916
1007,905941,LUSC,-1.758982,-1.4133579730987549
1941,753556,LUSC,-3.100009,-4.094428062438965
1799,753556,LUSC,3.136186,2.0960357189178467
2043,1298226,LUSC,5.765191,5.350405216217041
1911,1298226,LUSC,-5.480592,-5.051547527313232
1032,753554,LUSC,2.833648,1.5312016010284424
1131,753554,LUSC,6.029004,5.316084861755371
2048,1298538,LUSC,-3.126826,-2.7944087982177734
1177,908443,LUSC,4.165107,4.844787120819092
1083,1240143,LUSC,2.915449,3.8270890712738037
1250,687815,LUSC,2.068078,0.8435519337654114
1051,1240143,LUSC,-0.856847,0.7657544612884521
1918,724879,LUSC,3.681644,2.727163076400757
1618,905941,LUSC,6.676879,4.874755859375
1248,1240183,LUSC,-2.44008,-2.25067138671875
1799,1240142,LUSC,2.241454,3.1437501907348633
2111,905941,LUSC,7.773992,7.529841423034668
1179,753556,LUSC,-1.145194,-0.22495555877685547
1051,1298538,LUSC,1.402217,2.379465103149414
1512,1240142,LUSC,4.77636,4.822543144226074
1003,753554,LUSC,-4.083769,-2.828108549118042
2109,753554,LUSC,2.91597,2.343804359436035
1911,724879,LUSC,-4.423208,-4.445149898529053
1910,909728,LUSC,2.558756,3.382779359817505
1057,908443,LUSC,-3.055423,-3.0102286338806152
1373,908443,LUSC,5.47142,4.8553290367126465
1941,1298223,LUSC,-2.265937,-3.2671282291412354
1910,1240143,LUSC,-0.981701,-0.8989734053611755
1179,687815,LUSC,-0.466532,0.10780510306358337
1004,724879,LUSC,-2.384242,-2.7561745643615723
1049,1240142,LUSC,2.30307,2.187741994857788
1922,1240143,LUSC,4.405794,2.9680166244506836
1564,724879,LUSC,1.776844,1.8211874961853027
1626,687815,LUSC,3.599265,3.9708828926086426
2111,908443,LUSC,3.988632,4.1778883934021
1053,1298223,LUSC,3.350008,3.610090732574463
1179,905941,LUSC,3.098137,4.454128265380859
1614,753569,LUSC,3.450636,3.7964673042297363
1507,1290722,THCA,5.376015,4.763625621795654
2040,924151,THCA,0.706621,0.9617642760276794
1558,1290722,THCA,3.595168,3.420046806335449
1854,930083,THCA,7.814915,7.700765132904053
1911,906864,THCA,-5.110129,-5.612368583679199
1925,906828,THCA,3.887376,4.669878005981445
1931,906696,THCA,5.368308,5.354263782501221
1373,1240154,THCA,1.869471,2.634129047393799
1908,1240154,THCA,1.79994,-0.13261258602142334
2048,1290722,THCA,-1.803869,-4.030865669250488
1932,906696,THCA,1.670597,2.14809250831604
1613,930083,THCA,7.131133,6.910095691680908
1855,906864,THCA,6.038779,4.790940761566162
1926,930299,THCA,2.93301,2.6252658367156982
1058,924151,THCA,2.053976,3.29325008392334
1629,906696,THCA,4.13593,4.334540367126465
1913,906795,THCA,5.550123,5.119348049163818
1057,924102,THCA,0.644327,0.22551582753658295
1068,1290722,THCA,1.884682,0.640418291091919
1011,910568,THCA,3.392459,4.084230422973633
1054,924102,THCA,5.790202,4.879656791687012
1621,1240154,THCA,5.118282,3.416280746459961
1248,924238,THCA,-2.437639,-4.194174766540527
1088,924151,THCA,4.154305,3.9084253311157227
2047,924102,THCA,1.94494,2.4847044944763184
1919,1240154,THCA,1.412698,1.861661672592163
1237,906795,THCA,5.754343,5.4214653968811035
1931,1240223,THCA,7.515446,7.303318500518799
1084,924102,THCA,-0.038395,-1.2701773643493652
1873,924102,THCA,1.504341,2.500105857849121
1918,930299,THCA,3.987995,5.639734745025635
1249,1240154,THCA,2.11836,2.8487441539764404
1083,906828,THCA,4.134173,3.1674017906188965
1375,910568,THCA,6.147604,5.807007312774658
1927,930299,THCA,4.370925,6.2396674156188965
1852,924151,THCA,5.848361,5.264252185821533
1918,924151,THCA,4.707846,4.4707350730896
1941,906864,THCA,-5.596517,-4.693716526031494
1372,930299,THCA,1.501873,2.4226605892181396
1084,906795,THCA,-0.815744,-1.7982549667358398
1091,1290722,THCA,1.658093,1.9674766063690186
2106,1240154,THCA,1.780377,3.1848034858703613
1620,924151,THCA,5.788212,5.538174152374268
1549,924151,THCA,5.086343,4.067774295806885
1006,924104,THCA,3.267792,1.9795291423797607
1549,924238,THCA,4.117462,3.817462921142578
1006,924102,THCA,4.737497,1.877772569656372
1564,1290722,THCA,1.577266,2.2247941493988037
1615,906696,THCA,3.985832,4.6939215660095215
1239,1240223,THCA,4.710905,5.632593631744385
1598,924104,THCA,6.003321,5.534531116485596
1199,1240154,THCA,3.01456,3.3327252864837646
1373,1290722,THCA,4.984508,5.075468063354492
1635,1240223,THCA,7.012543,6.914108753204346
1625,906828,THCA,5.264767,4.997943878173828
1560,924102,THCA,6.218958,5.985284805297852
1909,1240223,THCA,3.835801,3.245069742202759
1012,924102,THCA,1.996235,1.147406816482544
2110,930083,THCA,7.160611,7.021089553833008
1013,930083,THCA,7.153752,6.941574573516846
1629,1240223,THCA,6.490698,6.598127365112305
2043,906864,THCA,5.878966,5.03304386138916
1911,1240154,THCA,-5.974832,-6.184322357177734
2040,906864,THCA,1.606839,1.3730888366699219
1131,1240223,THCA,7.826309,7.16121244430542
1924,924102,THCA,5.047558,5.518442153930664
1635,924104,THCA,5.59262,5.814751625061035
1922,924102,THCA,2.876803,2.6646838188171387
1259,906696,THCA,3.043732,2.647937774658203
1564,930083,THCA,6.266649,5.3599066734313965
1200,906795,THCA,4.090476,3.384153366088867
1036,1290722,THCA,5.495053,4.921032428741455
1250,1240154,THCA,1.199987,2.1518847942352295
1930,906828,THCA,-0.716905,-0.2650594711303711
1930,910568,THCA,0.49675,0.38558346033096313
1629,906795,THCA,4.927908,5.455526828765869
1613,906828,THCA,4.830183,4.142401695251465
1558,906828,THCA,2.01523,3.7084920406341553
1268,906696,THCA,3.979725,3.618307590484619
1057,924238,THCA,-3.32245,-1.9788918495178223
1852,930083,THCA,8.048052,7.477574825286865
1939,924238,THCA,4.016706,3.009295701980591
1012,1240154,THCA,0.772943,0.8882246017456055
1930,906864,THCA,0.356143,0.2560417354106903
1091,924151,THCA,1.304664,1.7380530834197998
1909,930083,THCA,4.675113,4.864863872528076
1191,930299,THCA,-4.980588,-1.422562599182129
1199,906864,THCA,3.491273,3.6951918601989746
1529,924238,THCA,1.565137,1.4489617347717285
1180,930083,THCA,1.07364,0.3444996178150177
1911,1240223,THCA,-2.167975,-1.9660956859588623
1560,930083,THCA,6.967678,7.221401214599609
1013,906696,THCA,3.88367,2.3103816509246826
1200,924102,THCA,3.600358,3.2773523330688477
1237,1240154,THCA,4.387442,4.642293930053711
1017,1240223,THCA,5.66007,3.9668071269989014
1010,924102,THCA,4.630968,4.268666744232178
1873,924104,THCA,0.682934,0.923259437084198
1928,906828,THCA,2.714904,4.399425983428955
1615,1290722,THCA,5.181118,5.141119003295898
1557,1240223,THCA,6.887116,6.303918838500977
1913,906696,THCA,4.609918,4.61282205581665
1626,906696,THCA,0.29616,0.46165335178375244
1557,924102,THCA,6.147449,4.5163493156433105
1615,930083,THCA,6.599867,7.323819637298584
1053,930083,THCA,5.986318,5.6957807540893555
1855,924104,THCA,6.536393,5.382295608520508
1073,906696,THCA,5.921771,4.0646772384643555
1924,910568,THCA,5.306488,4.783069610595703
1916,930299,THCA,3.949009,5.096368312835693
1036,924102,THCA,4.651426,3.727097988128662
1054,1240223,THCA,6.283129,6.2596564292907715
1854,906864,THCA,5.316399,5.173670768737793
1049,924238,THCA,3.146775,3.606358051300049
1191,924151,THCA,-6.107806,-5.4123921394348145
1553,1290722,THCA,3.792931,3.2122626304626465
2106,1240223,THCA,6.353916,6.766712665557861
1068,924151,THCA,1.163771,0.19512687623500824
1910,910568,THCA,4.475643,3.2000081539154053
1799,924151,THCA,4.931112,4.327433109283447
1373,924104,THCA,2.092677,3.3007147312164307
1080,906828,THCA,-3.949777,-3.821363925933838
1578,906864,THCA,5.471399,5.471720218658447
1080,930083,THCA,2.500973,0.4089393615722656
1250,906795,THCA,3.326978,1.9677746295928955
1005,930083,THCA,7.927176,7.484795570373535
2045,910568,THCA,5.261896,4.868976593017578
1615,1240154,THCA,5.127096,4.842129707336426
1928,930083,THCA,6.659801,7.224554538726807
1051,924102,THCA,4.962369,3.687608480453491
1083,1240154,THCA,3.539663,2.821082353591919
1558,1240223,THCA,5.998475,6.681845664978027
2106,910568,THCA,4.534513,4.425942420959473
1913,924238,THCA,4.820874,4.228613376617432
1079,924104,THCA,-0.482862,-0.3155415654182434
1635,924238,THCA,5.338612,4.8496294021606445
1168,906696,THCA,2.524823,2.6946446895599365
1615,924238,THCA,5.306697,4.309082508087158
1560,906864,THCA,5.880075,5.058901309967041
1916,1240223,THCA,5.969443,5.787911891937256
1854,906696,THCA,2.917444,4.315176963806152
1073,924102,THCA,6.114016,5.733639240264893
1373,930299,THCA,6.026919,6.351675033569336
2044,924151,THCA,3.896023,3.3224449157714844
1085,924238,THCA,2.644561,2.910602569580078
1032,930083,THCA,5.65024,5.626570701599121
1007,910568,THCA,-3.730746,-1.8057913780212402
1259,924238,THCA,1.99974,3.1724660396575928
1916,1240154,THCA,3.674435,3.275806188583374
1091,924104,THCA,1.228911,1.896101713180542
1046,924151,THCA,1.125189,1.4647209644317627
1630,906696,THCA,2.470767,3.3071017265319824
1913,910568,THCA,4.358201,4.6361284255981445
2048,906828,THCA,-3.862965,-3.3987467288970947
1179,924104,THCA,0.335417,0.39096951484680176
1925,930299,THCA,5.832033,6.349208831787109
1560,930299,THCA,6.333877,4.057984828948975
1017,906795,THCA,4.562601,5.019161701202393
1996,924104,THCA,2.728986,4.137119770050049
1068,906828,THCA,0.94493,0.9068399667739868
2096,1290722,THCA,2.212287,3.071168899536133
1012,906795,THCA,1.865473,1.6697781085968018
1529,906828,THCA,-1.394685,-1.59792160987854
2107,930299,THCA,6.980078,6.932008743286133
1925,906696,THCA,4.253873,4.719055652618408
1179,906795,THCA,1.772757,1.1623023748397827
1032,924104,THCA,2.009187,2.0083541870117188
2109,906828,THCA,2.704105,3.297135829925537
2046,924104,THCA,4.962018,3.8498992919921875
1624,906828,THCA,1.711665,1.914616346359253
2040,906696,THCA,0.377829,0.4723747670650482
1618,924238,THCA,3.33045,3.5245065689086914
1088,906864,THCA,1.850804,1.1412012577056885
1931,906828,THCA,5.014486,5.364349365234375
1615,924151,THCA,5.295652,5.166145324707031
1259,906864,THCA,2.24674,1.166481852531433
1620,1240223,THCA,7.491571,7.176848888397217
1036,906696,THCA,2.160128,2.405822515487671
1034,930299,THCA,2.762751,-0.15896344184875488
1598,1240154,THCA,3.691629,3.7681214809417725
1853,1240223,THCA,7.168722,5.420259952545166
1010,1240223,THCA,5.545988,5.621085166931152
1926,910568,THCA,1.759635,1.0862982273101807
1375,930299,THCA,7.634417,7.764304161071777
1630,1290722,THCA,3.204705,3.7658233642578125
1036,930083,THCA,6.489166,6.826926231384277
1058,1240223,THCA,4.988446,5.6400346755981445
1054,906795,THCA,2.707872,3.9930849075317383
1191,906795,THCA,-5.461582,-4.868485927581787
1507,906864,THCA,5.519081,5.663241386413574
1854,906828,THCA,5.276236,4.836706161499023
1507,1240154,THCA,3.862568,3.710404634475708
1908,906795,THCA,3.607428,3.099796772003174
1553,924238,THCA,1.914124,1.3345580101013184
1549,930083,THCA,6.910508,6.775515079498291
1179,910568,THCA,4.608222,1.9229655265808105
2045,924238,THCA,5.136258,4.052811622619629
1621,924151,THCA,4.106281,4.665785312652588
1916,906864,THCA,1.27169,1.1893370151519775
1849,1290722,THCA,-1.168857,-0.06370475888252258
1615,906795,THCA,6.149476,5.023406028747559
1017,924238,THCA,3.590247,4.025437831878662
1855,1290722,THCA,2.928462,5.0299482345581055
1928,924104,THCA,4.97378,4.740922451019287
1093,924238,THCA,4.239886,4.288976192474365
1011,924238,THCA,2.326565,2.999408483505249
1058,1240154,THCA,1.066396,2.2741754055023193
1634,924151,THCA,3.404123,3.0865976810455322
1239,924104,THCA,1.25035,1.828214168548584
1594,924102,THCA,6.151998,5.104702949523926
1057,910568,THCA,-0.28024,-0.6852495074272156
2040,924102,THCA,1.347429,1.820859432220459
2107,1240223,THCA,6.158249,7.29655647277832
1631,924238,THCA,2.817814,2.331873655319214
1558,924151,THCA,5.234018,3.789764642715454
1058,906795,THCA,0.510228,0.5485909581184387
1006,1240154,THCA,-0.863919,-1.4896290302276611
1925,924102,THCA,6.233651,5.147027969360352
1615,1240223,THCA,7.398911,7.216592311859131
1564,906864,THCA,5.430545,4.538128852844238
1080,924151,THCA,-3.339642,-2.8432507514953613
1849,924104,THCA,0.241885,0.2660568952560425
1085,924102,THCA,3.507672,3.638803482055664
1563,1240154,THCA,5.367761,5.132839679718018
1060,910568,THCA,2.040133,1.9260454177856445
1931,930299,THCA,7.126814,6.354127883911133
1909,906696,THCA,1.88383,1.997575283050537
1012,930299,THCA,1.753067,3.852902889251709
1614,1290722,THCA,5.365137,4.176730155944824
1049,910568,THCA,4.103531,4.328308582305908
1049,906696,THCA,3.937656,4.143617153167725
1007,930083,THCA,-1.915159,-0.32190269231796265
1941,906828,THCA,-5.625023,-4.819587230682373
2106,930083,THCA,7.856557,4.808173179626465
1085,906828,THCA,2.335612,2.4689502716064453
1007,906696,THCA,-4.895821,-3.9070000648498535
1034,906696,THCA,-4.919712,-4.163391590118408
1375,924104,THCA,5.9895,6.381089687347412
1564,906828,THCA,2.023161,1.1783998012542725
1054,910568,THCA,3.408926,5.140324592590332
1091,906828,THCA,2.029488,2.2399747371673584
2107,906828,THCA,5.59222,4.988658428192139
2111,906795,THCA,3.41633,4.14684534072876
1003,924238,THCA,-2.508788,-1.7183654308319092
1191,930083,THCA,-1.929136,-1.6161198616027832
1613,1240154,THCA,2.435953,3.475829839706421
2043,910568,THCA,4.334162,4.810471057891846
1913,1240154,THCA,4.035963,4.14375114440918
1909,924104,THCA,2.110096,2.498472213745117
1849,924238,THCA,-0.389277,0.167499840259552
1614,924102,THCA,4.037202,3.293311357498169
1919,930299,THCA,3.542587,3.714930295944214
1939,906795,THCA,2.730106,3.463801860809326
1918,1240223,THCA,5.638038,6.515967845916748
1003,906864,THCA,-3.359043,-3.566005229949951
1873,910568,THCA,2.265454,1.7967419624328613
1932,924151,THCA,2.604948,2.2869222164154053
1924,906828,THCA,3.548729,3.5914440155029297
1576,1290722,THCA,3.022563,2.4534828662872314
1268,1290722,THCA,5.335513,4.849397659301758
1051,1290722,THCA,2.70411,2.5420708656311035
1079,906864,THCA,2.442699,1.7591707706451416
1924,924238,THCA,2.462012,2.1587743759155273
1925,1240154,THCA,4.134112,4.378962516784668
1084,906696,THCA,-0.851778,-1.8411967754364014
2040,930299,THCA,-0.400934,2.41168212890625
1939,930083,THCA,2.907875,5.648887634277344
1578,930083,THCA,5.746278,6.832353591918945
1626,924238,THCA,-0.124124,0.22246481478214264
1073,930299,THCA,6.640606,7.752054691314697
1618,1240154,THCA,4.597671,2.477423667907715
2110,906828,THCA,3.925865,4.49907922744751
1088,1240154,THCA,0.839599,1.0916955471038818
1625,924104,THCA,5.034307,4.932478427886963
1627,1240223,THCA,4.119174,5.186345100402832
1022,906795,THCA,0.142888,0.7512892484664917
1561,924104,THCA,4.422106,2.3514082431793213
1634,906795,THCA,5.815471,4.912858009338379
2043,924151,THCA,5.082979,5.156293869018555
1168,924104,THCA,2.644263,3.032280445098877
1089,906828,THCA,4.181001,3.679551124572754
1941,930083,THCA,-4.16562,-1.3668625354766846
2109,1290722,THCA,2.259682,3.144239902496338
2048,924151,THCA,-4.263301,-4.607146739959717
1249,924104,THCA,2.498038,4.025009632110596
1512,930083,THCA,7.861662,7.492888450622559
1248,1240154,THCA,-5.194932,-5.130029201507568
1085,930299,THCA,4.532635,4.434783458709717
1862,930083,THCA,-1.278707,-0.3531060814857483
2111,924151,THCA,3.52887,3.108808755874634
1003,906696,THCA,-3.296968,-3.2989463806152344
1593,1290722,THCA,2.093521,2.594984769821167
1268,1240223,THCA,6.069418,5.813382148742676
2040,1290722,THCA,1.089776,1.1160378456115723
1372,906828,THCA,-0.565621,-1.3517687320709229
1013,910568,THCA,3.389336,4.712014675140381
1560,906828,THCA,3.619399,3.9698853492736816
1046,924104,THCA,2.095969,1.9721484184265137
1058,906864,THCA,2.833603,1.7919952869415283
1005,906828,THCA,3.054602,1.6497559547424316
1917,924151,THCA,0.93401,2.7169368267059326
1080,1290722,THCA,-0.88104,-2.237949848175049
1624,906864,THCA,3.7499,4.4900360107421875
1200,906864,THCA,3.944297,2.773085594177246
1511,924151,THCA,-0.475206,-0.857057511806488
1618,924102,THCA,3.564071,4.398698806762695
1058,906828,THCA,1.008244,1.3557090759277344
1060,906696,THCA,-3.092101,-2.5596847534179688
1912,930083,THCA,5.244322,4.808063983917236
1022,924151,THCA,-0.300611,0.3168947696685791
2043,906795,THCA,5.520643,5.372563362121582
1089,924104,THCA,4.960029,4.830137729644775
1239,1240154,THCA,2.112288,2.1791601181030273
1852,924102,THCA,6.374424,5.510678768157959
1924,1240154,THCA,2.786068,3.7645766735076904
2106,924238,THCA,2.565018,1.3345580101013184
1786,930083,THCA,6.663539,6.352338790893555
1940,924151,THCA,4.312379,4.094604969024658
1005,1240154,THCA,1.25755,1.708937168121338
1852,906864,THCA,5.947287,5.893815517425537
1924,1290722,THCA,3.535885,3.590510845184326
1855,924238,THCA,3.658639,3.8402984142303467
1010,930299,THCA,5.346261,4.690515518188477
1627,924104,THCA,3.496095,2.8502249717712402
1012,910568,THCA,1.836909,2.860323905944824
1191,906696,THCA,-5.417678,-5.174299240112305
1624,906795,THCA,2.938476,3.1713156700134277
1912,924102,THCA,3.632768,4.686379909515381
1093,930299,THCA,4.66137,5.853863716125488
1564,1240154,THCA,0.153123,-0.40184032917022705
1626,906795,THCA,1.076365,2.6249778270721436
2096,910568,THCA,3.10645,3.367245674133301
1915,930083,THCA,4.656128,5.496004581451416
1249,1290722,THCA,3.800817,3.372062921524048
1630,924238,THCA,2.500577,2.4645581245422363
1873,1240223,THCA,2.540195,3.3988051414489746
1932,906828,THCA,3.389493,3.598489284515381
1917,906696,THCA,2.125677,2.7233753204345703
2047,906696,THCA,0.242982,0.5726110935211182
1997,906696,THCA,3.375014,2.2534968852996826
2047,1290722,THCA,1.738758,2.258422613143921
1073,910568,THCA,5.012347,4.872937202453613
1862,906828,THCA,-1.168015,-2.0211243629455566
1621,1290722,THCA,5.171239,5.020458698272705
1089,930083,THCA,7.420492,6.960971832275391
1557,906864,THCA,6.041128,5.1384077072143555
1918,924102,THCA,5.529166,4.9162468910217285
1057,924104,THCA,-1.687381,-1.797931432723999
1058,1290722,THCA,1.197784,1.4020941257476807
1180,924104,THCA,-1.88672,-2.8087573051452637
1630,930083,THCA,4.467575,5.908412456512451
1512,1240223,THCA,7.441289,6.972990036010742
1005,1240223,THCA,6.749114,5.0793538093566895
1559,1290722,THCA,-3.676168,-3.968320846557617
1007,906828,THCA,-5.984434,-5.600223064422607
1622,906696,THCA,3.34983,3.824493646621704
1511,910568,THCA,-0.032722,-0.9988406300544739
1053,924104,THCA,3.341231,3.1693432331085205
1259,1290722,THCA,3.300045,3.2333343029022217
1854,906795,THCA,4.509665,5.392635345458984
1088,910568,THCA,2.164369,3.113905906677246
1626,924151,THCA,0.595061,1.3241395950317383
1199,1290722,THCA,4.005661,3.7888476848602295
1248,930083,THCA,-3.090497,-0.9411943554878235
1190,924102,THCA,-2.180484,-1.7567837238311768
2045,906864,THCA,5.88662,5.076430797576904
1248,924107,CESC,-0.636558,-4.660489082336426
1372,907068,CESC,0.876365,0.7841784358024597
1068,724839,CESC,2.793327,3.424687623977661
1013,906824,CESC,4.465061,4.809675216674805
1598,906843,CESC,4.078139,3.6716887950897217
1006,930298,CESC,3.411809,2.6338484287261963
1559,906843,CESC,-2.416367,-3.4818859100341797
1054,687506,CESC,4.828953,4.02983283996582
1918,907068,CESC,3.491609,4.201999664306641
1613,906843,CESC,2.801123,3.3876402378082275
1627,907068,CESC,3.316869,2.966271162033081
1168,930298,CESC,3.625654,1.4282748699188232
1913,924107,CESC,4.699458,4.765237331390381
1930,687506,CESC,0.675907,0.3008236885070801
1013,924107,CESC,3.289867,2.5133726596832275
1089,724839,CESC,5.803489,5.836209774017334
1927,724839,CESC,6.850906,6.842202663421631
1046,1298134,CESC,1.78139,1.9823887348175049
1924,724839,CESC,6.548129,5.8006911277771
1191,924107,CESC,-4.88275,-5.048220634460449
1512,1298134,CESC,4.778728,4.745357990264893
1375,907068,CESC,6.136144,6.128725051879883
1621,924107,CESC,4.909804,3.4105865955352783
1239,924107,CESC,0.254523,0.29923951625823975
1373,724839,CESC,7.049092,5.721551418304443
1620,906843,CESC,5.406135,4.7744317054748535
2110,724839,CESC,5.353846,6.4845170974731445
2111,687514,CESC,5.704332,5.163998126983643
1372,687506,CESC,-0.298087,0.8567904233932495
1936,930298,CESC,3.853891,3.369361400604248
1054,1240212,CESC,5.402921,5.172575950622559
1549,1240179,CESC,4.005955,4.310443878173828
1375,906843,CESC,6.102626,5.924904823303223
1036,930297,CESC,4.73658,5.377274990081787
1629,1240179,CESC,4.273779,3.9469571113586426
2106,687505,CESC,0.74943,-0.062125563621520996
1512,724839,CESC,7.105657,6.644346237182617
1910,906843,CESC,1.07627,1.6764285564422607
1916,906843,CESC,3.383523,2.713695526123047
1625,907068,CESC,5.330168,5.084793567657471
1088,1240179,CESC,1.975845,2.43354868888855
1924,687506,CESC,4.113509,4.424890518188477
2047,687506,CESC,1.708562,2.0100698471069336
1012,1240212,CESC,2.643589,2.1412198543548584
1919,724839,CESC,3.711716,3.298914909362793
1615,930297,CESC,5.244057,5.271886825561523
1634,930297,CESC,5.241752,4.412501335144043
1068,907068,CESC,2.721922,2.011801242828369
1051,1240179,CESC,1.665291,2.138070821762085
1560,930297,CESC,5.551667,4.873096942901611
1006,930297,CESC,3.666932,4.39524507522583
1512,906843,CESC,4.544097,4.679563522338867
1918,687505,CESC,4.389513,3.4807305335998535
1922,930297,CESC,3.752695,2.8337810039520264
1913,1240179,CESC,3.817812,3.7142772674560547
2107,1298134,CESC,4.125896,4.789885997772217
1578,930297,CESC,5.704965,5.217519283294678
1911,930298,CESC,-3.178496,-3.6420679092407227
1849,1240179,CESC,0.529739,0.23351015150547028
1559,930297,CESC,0.285763,-0.5943574905395508
1510,1298134,CESC,3.279264,3.4626400470733643
1926,930297,CESC,1.037034,0.755325436592102
1091,930297,CESC,3.136021,2.0699901580810547
1375,930298,CESC,7.190944,6.3824286460876465
1917,907068,CESC,2.229306,3.627242088317871
1249,930297,CESC,3.458559,4.199789047241211
1926,1240212,CESC,0.846798,1.0095374584197998
1060,907068,CESC,-0.095529,0.8562362194061279
1908,906824,CESC,3.769799,3.1701152324676514
1131,687505,CESC,2.898803,3.3723464012145996
1085,906843,CESC,3.524363,2.898906707763672
1910,1298134,CESC,4.111179,2.9384984970092773
1926,906824,CESC,-0.197006,0.21079905331134796
2111,687506,CESC,3.020682,3.462707042694092
1053,924107,CESC,1.599805,1.0856549739837646
1559,724839,CESC,2.027037,3.528022050857544
1933,687505,CESC,3.065494,3.9459099769592285
2046,907068,CESC,4.494758,4.052837371826172
1034,687514,CESC,-1.807643,-2.7323977947235107
1996,924107,CESC,4.466698,3.5530529022216797
1912,907068,CESC,3.663656,4.227671146392822
1084,930297,CESC,-2.248069,-1.9386992454528809
1068,906843,CESC,0.362427,1.4615373611450195
1919,1240179,CESC,0.359652,1.4852864742279053
1177,1240179,CESC,5.030631,4.624068737030029
1849,724839,CESC,0.614894,1.5221638679504395
1622,687505,CESC,3.264736,2.906107187271118
1250,1240179,CESC,2.282922,1.9515838623046875
1855,724839,CESC,7.63558,6.7754130363464355
1927,687514,CESC,5.744542,4.91192102432251
1250,906824,CESC,1.966836,1.887254238128662
1932,930298,CESC,3.571617,2.9762356281280518
1931,907068,CESC,6.043593,6.028103351593018
1849,906843,CESC,-0.325369,-0.2107868790626526
1199,906824,CESC,2.682617,3.4983489513397217
1529,930297,CESC,1.834665,2.595703125
1017,724839,CESC,5.391693,5.105644226074219
1051,687514,CESC,2.167292,2.165034770965576
1199,687514,CESC,3.349,3.883662223815918
2048,906824,CESC,-3.783068,-3.4800772666931152
1511,1298134,CESC,0.179123,0.6063505411148071
1068,1240179,CESC,2.586533,1.406778335571289
1598,906824,CESC,4.882006,4.641634464263916
2047,907068,CESC,2.791679,3.3316140174865723
1918,906843,CESC,4.24811,4.087528228759766
1918,1298134,CESC,4.682022,4.5591535568237305
1799,1298134,CESC,4.881669,4.521350860595703
1919,906843,CESC,0.854779,0.9905508160591125
1046,906824,CESC,2.33161,2.296344757080078
1058,687514,CESC,0.754487,0.13858304917812347
1191,930298,CESC,-3.756391,-3.539360761642456
1849,930297,CESC,0.928191,0.499578058719635
1010,1240179,CESC,3.010872,3.0701804161071777
1179,687505,CESC,-0.978005,0.2588840126991272
1553,1298134,CESC,3.085447,4.612371444702148
1928,930297,CESC,5.585851,5.1945719718933105
1927,1240212,CESC,5.789515,5.323966026306152
1799,906824,CESC,2.964932,2.833873987197876
1091,906843,CESC,3.392986,2.6139235496520996
1928,924107,CESC,2.871612,3.9900217056274414
1007,930297,CESC,-3.426156,-2.9594602584838867
1058,1298134,CESC,2.581005,3.045497179031372
1919,687505,CESC,0.236148,0.6942564845085144
1629,724839,CESC,5.466858,5.229278087615967
1373,906843,CESC,5.43004,5.489344120025635
1917,906843,CESC,2.534321,2.956212043762207
1852,930297,CESC,5.841121,5.504463195800781
1091,687514,CESC,2.791256,2.5204861164093018
1080,724839,CESC,1.604452,2.6500420570373535
1908,1240179,CESC,2.876381,3.033898115158081
1615,906824,CESC,5.332832,5.019096374511719
2107,687506,CESC,4.275674,4.712873458862305
1997,1298134,CESC,2.401789,4.699285507202148
1017,930298,CESC,5.570611,5.892064094543457
1916,924107,CESC,1.388879,1.2421993017196655
1557,906843,CESC,3.676697,4.025418758392334
1510,907068,CESC,4.721049,5.169955253601074
1012,924107,CESC,0.702246,0.8923031687736511
1249,906843,CESC,2.883079,3.1332340240478516
1593,1240179,CESC,4.229021,1.3360230922698975
2110,930297,CESC,5.063292,5.1680192947387695
1131,1240212,CESC,6.794391,5.9101643562316895
1083,1240179,CESC,3.836357,3.5403850078582764
1939,907068,CESC,4.405233,2.8050076961517334
1613,906824,CESC,3.163,4.549346446990967
1926,1298134,CESC,4.24438,1.0398573875427246
1084,906824,CESC,-3.314597,-2.705092668533325
1625,924107,CESC,3.338884,3.886341094970703
1057,924107,CESC,-3.472889,-3.3576183319091797
1931,724839,CESC,7.332452,7.4649271965026855
1852,724839,CESC,7.095109,6.475006580352783
1563,687506,CESC,5.179067,5.28340482711792
1058,930298,CESC,1.252604,1.2424933910369873
1011,906824,CESC,1.851847,2.229233980178833
1940,687506,CESC,3.484946,3.224095344543457
1239,687506,CESC,2.352617,2.0799388885498047
1511,1240212,CESC,-2.655388,-1.7885544300079346
1927,930298,CESC,5.587862,4.787939548492432
1068,687514,CESC,1.120514,1.4359042644500732
1510,724839,CESC,5.185874,5.057332515716553
1093,724839,CESC,4.435727,6.181882381439209
1549,1298134,CESC,4.310228,4.0114264488220215
1919,930298,CESC,1.004825,0.9806269407272339
1786,906824,CESC,3.683187,3.2112975120544434
2043,724839,CESC,6.238576,5.836411476135254
1375,1240179,CESC,6.293337,5.574289798736572
1933,724839,CESC,7.264402,5.716192245483398
1089,687505,CESC,3.081602,2.550934076309204
1022,724839,CESC,4.024834,3.052046775817871
1854,687514,CESC,5.410079,4.7682785987854
1629,687506,CESC,4.136673,4.398166656494141
1079,907068,CESC,2.592581,2.4028851985931396
1012,687505,CESC,0.405851,1.4946129322052002
1908,930297,CESC,3.512171,3.159735918045044
2045,924107,CESC,4.927271,4.166322231292725
1057,906824,CESC,-1.308344,-1.8148741722106934
1200,687506,CESC,2.678487,2.4658987522125244
1046,930297,CESC,4.807678,4.1786417961120605
1036,1298134,CESC,4.01331,4.185983180999756
1915,724839,CESC,4.779184,4.0880842208862305
1007,687506,CESC,-5.52583,-4.516118049621582
2045,687506,CESC,3.216181,4.588548183441162
1563,687514,CESC,5.544821,5.696622371673584
1852,906824,CESC,5.557434,4.988088607788086
1799,687514,CESC,3.067767,1.5197911262512207
1613,687505,CESC,3.193924,3.3510048389434814
1561,930298,CESC,1.771526,0.9945153594017029
1912,724839,CESC,4.874611,4.485239028930664
1047,924107,CESC,3.952677,3.3382012844085693
1620,687505,CESC,5.29805,5.300251007080078
1013,724839,CESC,5.61243,6.135209083557129
1553,930297,CESC,5.557337,3.7652056217193604
1010,687505,CESC,2.191288,1.993490219116211
1373,906824,CESC,5.65936,5.447384834289551
1928,687514,CESC,4.55958,4.706734657287598
1199,724839,CESC,5.410575,5.453379154205322
2046,724839,CESC,5.91622,5.726713180541992
1034,1240212,CESC,-2.443832,-2.3370091915130615
1060,1240212,CESC,2.743274,1.4510979652404785
1564,907068,CESC,2.871553,3.216458559036255
2110,687505,CESC,4.20113,4.2498650550842285
2107,906824,CESC,5.303782,5.0590410232543945
1854,1298134,CESC,4.460958,4.187270164489746
1003,930297,CESC,0.618098,0.11356271803379059
1560,687506,CESC,4.759929,4.040666580200195
1873,906843,CESC,1.978723,2.311223268508911
1996,687514,CESC,3.785394,3.798987865447998
1927,906843,CESC,4.086189,4.298537731170654
1617,687514,CESC,4.134381,3.142916440963745
1248,906824,CESC,-3.479111,-4.86842679977417
1250,930298,CESC,1.90069,1.5724802017211914
1200,687505,CESC,2.591488,2.298703908920288
1057,930297,CESC,-2.040949,-0.9621358513832092
1855,930297,CESC,5.833159,5.890742301940918
1564,724839,CESC,3.752579,4.002190589904785
1564,930297,CESC,4.540393,3.390491247177124
1268,687506,CESC,4.764847,4.152332305908203
1268,906824,CESC,4.103032,4.635031700134277
1634,724839,CESC,5.367379,5.429242134094238
2043,930298,CESC,5.900821,5.427867889404297
1941,906843,CESC,-5.07381,-4.632730007171631
1079,1240212,CESC,4.461793,1.472414255142212
1918,1240212,CESC,4.836035,4.084385871887207
1849,1240212,CESC,-0.819557,-1.1539156436920166
2096,724839,CESC,5.16094,4.964598655700684
1932,924107,CESC,2.090925,1.0206447839736938
2109,1240179,CESC,2.083223,2.7312471866607666
1630,687505,CESC,2.029812,3.4424996376037598
2048,930297,CESC,-0.097381,1.1222624778747559
1617,907068,CESC,2.660382,2.649641752243042
1058,930297,CESC,2.281838,2.646810531616211
1918,924107,CESC,0.409437,0.7590190768241882
1939,906824,CESC,2.592286,2.7858407497406006
1559,687514,CESC,-2.411171,-2.4802651405334473
1910,930297,CESC,3.254843,3.4398064613342285
1927,1298134,CESC,4.62121,4.504441261291504
1911,1298134,CESC,-4.495872,-4.570946216583252
2044,930297,CESC,2.977169,3.357004404067993
1909,1240212,CESC,2.884614,2.1555092334747314
2046,1298134,CESC,3.513533,3.2232398986816406
1250,930297,CESC,3.583548,3.9309535026550293
1932,906824,CESC,2.785068,2.871840476989746
2110,1240212,CESC,5.7653,4.96810245513916
1997,687514,CESC,3.971547,4.074175834655762
1512,930297,CESC,5.565349,5.356237411499023
1003,724839,CESC,-1.963715,0.8664692044258118
1629,930298,CESC,4.058399,4.353309154510498
1629,906843,CESC,3.844732,4.381673812866211
1372,924107,CESC,-3.966093,-3.8722777366638184
1631,687506,CESC,5.149075,3.8871192932128906
1191,1240212,CESC,-5.077738,-4.077147483825684
1005,1240212,CESC,1.382322,2.8426856994628906
1022,1240179,CESC,1.427317,1.0889941453933716
1034,906843,CESC,-2.347565,-3.606032371520996
1372,1240212,CESC,2.84196,1.9348852634429932
1080,1240179,CESC,-4.107847,-4.476127624511719
1560,906824,CESC,2.725446,3.26729154586792
1576,930297,CESC,3.589248,2.7904605865478516
1190,687505,CESC,-3.695821,-2.3773467540740967
1927,907068,CESC,5.153693,5.442490577697754
1618,1298134,CESC,3.000307,3.3867616653442383
1079,906843,CESC,0.62278,1.186272382736206
2106,930297,CESC,4.209035,3.7652056217193604
2109,906843,CESC,2.347928,3.085109233856201
1617,1298134,CESC,3.355163,2.5176191329956055
1511,724839,CESC,0.568453,0.7254884243011475
1190,906843,CESC,-1.022707,2.1330225467681885
1559,687505,CESC,-3.668419,-2.9640932083129883
2046,1240212,CESC,5.169374,3.942580461502075
2040,1240212,CESC,1.395478,1.8700177669525146
1003,687505,CESC,-3.640911,-2.644176721572876
1372,1298134,CESC,1.422064,1.6859290599822998
1268,687514,CESC,4.532811,4.3760809898376465
1268,907068,CESC,3.785995,4.390228748321533
1013,1240212,CESC,4.902077,4.416390419006348
1631,906843,CESC,2.516017,2.5848238468170166
1047,907068,CESC,6.255467,5.297121524810791
1005,906824,CESC,3.30473,2.9547009468078613
1924,1298134,CESC,4.85882,5.004596710205078
1936,906824,CESC,3.409108,3.0052690505981445
1621,906843,CESC,4.183717,4.018451690673828
1927,906824,CESC,3.765295,4.544364929199219
1911,724839,CESC,-2.845421,-3.60013484954834
1940,724839,CESC,4.169055,4.518887519836426
2043,687514,CESC,5.389312,5.210006237030029
1085,1298134,CESC,2.17912,2.105628490447998
1627,906824,CESC,3.167218,2.8417487144470215
1578,1240179,CESC,5.216413,4.615513324737549
1621,1298134,CESC,3.850502,4.567936420440674
1510,1240179,CESC,4.082966,3.8199849128723145
1635,907068,CESC,4.13915,5.075230121612549
1259,1240212,CESC,2.991055,2.7485148906707764
1006,687505,CESC,0.503132,1.0967090129852295
1853,930298,CESC,3.873546,4.524540901184082
1924,687505,CESC,1.191654,1.1628453731536865
1372,687505,CESC,0.119257,1.5883488655090332
1011,687514,CESC,1.769879,1.960045337677002
1237,687514,CESC,5.437943,5.293923377990723
1012,1240179,CESC,1.494633,1.225503921508789
1930,724839,CESC,1.158964,2.1704764366149902
1915,924107,CESC,-0.493667,-0.5510790944099426
1910,1240212,CESC,3.192043,3.723768711090088
1511,1240179,CESC,-1.184615,0.18891465663909912
1564,930298,CESC,2.106638,2.3293685913085938
1199,687506,CESC,3.661809,3.3098819255828857
1249,924107,CESC,2.368979,2.7471439838409424
2044,687505,CESC,2.761673,2.9548654556274414
1558,924107,CESC,-1.148798,-1.0873546600341797
1915,1240212,CESC,3.528889,3.3674652576446533
2111,906843,CESC,4.135131,4.653782367706299
1553,906824,CESC,2.573112,1.0552780628204346
2040,1298134,CESC,0.398207,0.7673170566558838
2044,906843,CESC,4.819281,3.3920278549194336
1084,687514,CESC,-1.828772,-2.0736050605773926
1259,906843,CESC,3.561318,3.596067190170288
1168,924107,CESC,-1.085986,-0.6177876591682434
1259,687514,CESC,4.634873,2.324603319168091
1058,1240179,CESC,2.465334,2.745940685272217
1068,906824,CESC,1.724547,1.260410189628601
1237,1298134,CESC,5.013015,4.712344169616699
1375,687514,CESC,5.517715,6.206867694854736
1006,687506,CESC,2.746651,1.8230185508728027
1922,1240212,CESC,2.064293,2.9515540599823
1007,907068,CESC,-3.049775,-0.7500137686729431
1510,930297,CESC,4.652742,4.474908351898193
1054,930297,CESC,5.386633,4.749223232269287
1093,906843,CESC,3.480872,3.465270519256592
2107,1240179,CESC,4.195829,4.8005146980285645
1088,907068,CESC,1.296984,1.0390398502349854
1873,1240212,CESC,1.044858,1.3728711605072021
1613,1240179,CESC,4.351574,3.481534957885742
1576,1240179,CESC,2.077894,2.3787717819213867
1085,930297,CESC,2.857415,3.9310100078582764
1084,1240212,CESC,-0.693359,-1.756589412689209
1017,687514,CESC,3.704728,4.543781757354736
1200,1240179,CESC,2.911035,2.324704170227051
1927,687505,CESC,4.353302,4.330745220184326
1786,906843,CESC,2.832585,2.93228816986084
1563,930297,CESC,6.479281,5.813311576843262
1854,687506,CESC,5.419652,4.636343479156494
1083,687505,CESC,2.934829,3.052198886871338
1036,687505,CESC,3.745454,4.145878314971924
2107,724839,CESC,7.148249,6.061428070068359
1620,906824,CESC,4.934604,5.315439224243164
1786,687506,CESC,2.376584,3.0534398555755615
1624,1298134,CESC,3.491571,3.3585052490234375
1057,1240179,CESC,-1.177416,-0.42562323808670044
1926,930298,CESC,-0.4411,-0.2775919437408447
1564,687505,CESC,2.010585,3.5977792739868164
2111,1240179,CESC,5.143762,4.950267791748047
1631,907068,CESC,4.444294,4.4350199699401855
1239,687505,CESC,2.281693,1.7051341533660889
1614,907068,CESC,5.622033,5.233031272888184
1625,1240179,CESC,3.810233,4.398094177246094
2109,687505,CESC,2.547272,2.3724777698516846
1927,1240179,CESC,4.268411,4.157668590545654
1036,907783,LCML,2.284763,2.2325968742370605
1060,907783,LCML,-2.290523,-2.3658933639526367
1375,910544,LCML,3.554889,3.5152876377105713
1237,910951,LCML,3.324069,3.529078483581543
1084,907311,LCML,-3.663565,-3.0654685497283936
1053,910544,LCML,2.370452,1.031823754310608
1915,905940,LCML,2.435261,2.819579839706421
1615,905940,LCML,5.247873,5.346110820770264
1939,910951,LCML,2.164021,1.492577314376831
1924,906855,LCML,3.709816,4.206636905670166
1060,910544,LCML,-0.317755,-0.45590507984161377
1012,906855,LCML,0.602489,0.9672314524650574
1084,906855,LCML,-2.89394,-1.55796217918396
2106,907311,LCML,1.930617,2.3774354457855225
1799,910951,LCML,1.397977,1.0121138095855713
1047,910544,LCML,1.009091,0.9654322862625122
1249,910544,LCML,1.785034,1.4763445854187012
1625,907311,LCML,3.306266,3.393517255783081
1034,907311,LCML,-3.223556,-3.7554712295532227
1034,906855,LCML,-3.763504,-3.5373902320861816
1060,907311,LCML,-3.831959,-3.014371871948242
1593,905940,LCML,2.672583,1.5450849533081055
1372,905940,LCML,0.091994,0.7694836854934692
1085,1330931,LCML,1.878712,1.5183827877044678
1088,910544,LCML,0.801983,0.12920014560222626
1933,908126,LCML,4.816501,4.3817315101623535
1013,907783,LCML,-5.761322,-5.515905857086182
1909,906855,LCML,1.552205,-1.8839340209960938
1799,907311,LCML,1.169772,0.5445825457572937
1559,910710,LCML,-4.223159,-4.259636878967285
1593,906855,LCML,0.307018,1.1628355979919434
1928,910710,LCML,2.772278,2.594726085662842
1191,907311,LCML,-5.428226,-5.225598335266113
1179,910710,LCML,-1.600716,-1.4121179580688477
1630,1327771,LCML,2.567748,1.528059482574463
1179,905940,LCML,-0.175075,-0.19963550567626953
1910,907783,LCML,0.759054,-0.25321871042251587
1529,908126,LCML,0.749972,-1.5725715160369873
1080,905940,LCML,-3.538621,-3.7285547256469727
1913,907783,LCML,3.462666,3.675598382949829
1936,910951,LCML,1.962974,0.7285424470901489
1200,910951,LCML,1.39274,1.8612074851989746
1908,905940,LCML,3.167701,2.21829891204834
1618,907783,LCML,1.703435,0.49063360691070557
1058,910544,LCML,0.002409,-0.32356715202331543
1926,906855,LCML,3.143865,1.1505374908447266
1932,908126,LCML,2.821353,2.5594425201416016
1598,907311,LCML,2.499482,2.963824510574341
1068,910951,LCML,0.254908,0.5725666284561157
1091,907783,LCML,1.60993,1.0734692811965942
1996,910710,LCML,2.417444,1.6843178272247314
1259,1330931,LCML,2.187436,2.2963051795959473
1936,906855,LCML,0.62155,1.4307870864868164
1512,910710,LCML,4.473712,3.83152437210083
1926,910951,LCML,-0.486355,2.0873517990112305
1913,908126,LCML,3.454568,4.191606044769287
1862,905940,LCML,-1.287675,-0.7710167765617371
1941,905940,LCML,-5.617573,-2.323054552078247
1933,907783,LCML,4.304645,2.5238466262817383
1199,910710,LCML,2.60944,2.4067928791046143
1057,905940,LCML,-0.910633,-0.8848690390586853
1852,910951,LCML,4.265559,3.6850786209106445
1549,910544,LCML,2.893736,2.650456666946411
1093,910710,LCML,2.314758,2.902461528778076
1088,1327771,LCML,0.789189,0.22801436483860016
2045,907783,LCML,3.146124,3.57596492767334
1916,905940,LCML,4.041442,4.218051910400391
1594,907311,LCML,4.033001,4.022552013397217
1576,905940,LCML,1.903175,2.625074625015259
2045,910951,LCML,2.781198,2.7488045692443848
1373,910710,LCML,1.969972,1.6754488945007324
1909,907783,LCML,1.738035,-0.12067154049873352
1010,907783,LCML,2.695207,2.635709762573242
1563,907783,LCML,4.435757,3.8969364166259766
1017,906855,LCML,3.220579,3.1898298263549805
1913,907311,LCML,3.885921,3.8262276649475098
1922,906855,LCML,1.835664,1.5924274921417236
1593,910544,LCML,0.218339,-0.16739922761917114
1916,907311,LCML,3.179094,2.78658390045166
1058,910710,LCML,1.917221,1.9067482948303223
1919,907311,LCML,0.858304,1.0776398181915283
1578,907311,LCML,3.803294,3.33154034614563
2106,907783,LCML,2.539696,3.0376524925231934
1924,910710,LCML,2.817628,3.535008668899536
1915,910710,LCML,2.34252,1.847153663635254
1911,907783,LCML,-6.235371,-6.159027099609375
1630,905940,LCML,4.35469,3.7965798377990723
1057,910710,LCML,-3.217394,-2.429215908050537
1549,910710,LCML,4.068984,3.4275851249694824
1908,910710,LCML,1.483875,1.1468467712402344
1561,905940,LCML,4.774411,3.93965744972229
1046,910710,LCML,0.304979,-0.14874595403671265
1854,906855,LCML,4.345021,4.164051532745361
1004,907311,LCML,-6.146033,-5.8561530113220215
1079,907311,LCML,-8.327915,-7.334917068481445
1621,910544,LCML,3.848753,2.3986833095550537
1917,908126,LCML,-0.131609,0.7069674730300903
1620,907311,LCML,4.573295,3.972210645675659
1853,1327771,LCML,3.685222,4.498600006103516
1614,906855,LCML,3.925177,3.4637436866760254
1168,907311,LCML,0.743135,1.451146125793457
1928,1330931,LCML,3.504227,3.1697490215301514
1564,908126,LCML,0.562488,0.11145120859146118
1635,1330931,LCML,3.361712,4.405261039733887
1250,907783,LCML,-0.121356,-0.33087724447250366
1046,1330931,LCML,1.488681,0.7915167808532715
1928,905940,LCML,4.322351,4.0626702308654785
1131,1327771,LCML,2.848172,3.6089999675750732
2096,908126,LCML,1.470977,0.24263352155685425
1927,1330931,LCML,4.748615,4.545780658721924
1249,905940,LCML,3.885699,2.674692153930664
1940,910710,LCML,2.117799,2.9130725860595703
1372,910951,LCML,-0.581211,0.08063837885856628
1199,908126,LCML,2.892596,2.764394521713257
1557,1330931,LCML,4.648352,3.4774539470672607
1053,910951,LCML,0.665841,2.589345693588257
1931,910710,LCML,4.473712,3.334209442138672
1011,908126,LCML,0.102375,0.685019850730896
1634,910951,LCML,2.682484,2.8773109912872314
1022,905940,LCML,-0.677035,-0.4293903708457947
1615,910951,LCML,3.182989,3.402883291244507
1190,907783,LCML,-4.444301,-4.163002967834473
1191,910710,LCML,-5.95335,-6.427587509155273
1553,910544,LCML,2.485535,2.021636962890625
1997,905940,LCML,3.720704,2.88102126121521
1624,908126,LCML,0.754094,2.065868377685547
1079,1330931,LCML,-6.903306,-2.7536556720733643
1559,1327771,LCML,-5.112315,-4.1896586418151855
1047,906855,LCML,4.169407,3.4490649700164795
1005,1330931,LCML,1.407366,2.0731418132781982
1058,906855,LCML,2.168844,2.1860458850860596
1613,905940,LCML,4.705348,1.6038470268249512
1852,905940,LCML,5.407617,5.1474504470825195
1046,905940,LCML,1.057981,0.9456506371498108
2043,906855,LCML,4.590713,4.278096675872803
1248,905940,LCML,-4.970026,-5.143856048583984
1051,910951,LCML,-2.141723,-3.1464874744415283
1563,905940,LCML,5.758703,5.712646961212158
1549,905940,LCML,4.913997,3.9250566959381104
1507,1327771,LCML,2.48163,3.117696762084961
1630,910544,LCML,1.443399,2.168492555618286
1578,1330931,LCML,3.492696,3.8584303855895996
1022,907311,LCML,-1.901344,-2.0247533321380615
1635,1327771,LCML,4.408683,3.9842066764831543
1634,1330931,LCML,2.238094,3.199589729309082
1913,906855,LCML,4.800963,4.32681131362915
1085,906855,LCML,0.901136,1.1552112102508545
1017,905940,LCML,4.314296,5.088884353637695
1614,907311,LCML,2.500552,2.1813511848449707
1618,910544,LCML,2.713014,2.4278111457824707
1578,905940,LCML,4.765081,4.2253642082214355
1622,910544,LCML,2.82997,2.708836793899536
1006,1330931,LCML,-2.041074,-1.7224819660186768
1559,907783,LCML,-4.044943,-3.828202247619629
1912,908126,LCML,2.41337,3.5578556060791016
1083,906855,LCML,-0.710842,0.31302306056022644
1239,907783,LCML,0.559927,0.5933263301849365
1003,910710,LCML,-5.123835,-5.041082859039307
1852,907311,LCML,2.990389,3.6825804710388184
1622,907311,LCML,2.664286,2.7319154739379883
1010,906855,LCML,3.174842,3.6615793704986572
1940,906855,LCML,3.414716,3.4422357082366943
1930,1330931,LCML,-0.223036,0.4880101680755615
1168,905940,LCML,3.466816,2.377666711807251
1624,907311,LCML,0.713628,1.0576096773147583
1022,910951,LCML,-2.116791,-1.5946149826049805
1557,907311,LCML,2.764631,3.770390033721924
1529,907311,LCML,-0.541243,-1.0398001670837402
1561,910544,LCML,-0.017011,0.9878556132316589
1854,907783,LCML,3.769308,3.3894906044006348
2111,910951,LCML,1.823582,0.601334273815155
1179,1330931,LCML,-0.590763,-0.7530420422554016
1049,908126,LCML,3.53401,2.320965051651001
1613,907311,LCML,0.696213,0.9739548563957214
1003,1327771,LCML,-4.540906,-4.521689414978027
1916,906855,LCML,2.747055,3.622079849243164
1085,907783,LCML,1.202717,0.6969608068466187
1036,908126,LCML,2.87936,3.255502223968506
1089,907783,LCML,2.023395,1.8615367412567139
1855,906855,LCML,3.03067,3.0607047080993652
1927,907311,LCML,3.694337,3.815582513809204
1910,1330931,LCML,0.58166,1.6166760921478271
1005,906855,LCML,2.656673,1.0088586807250977
1017,1330931,LCML,3.240841,3.7204034328460693
2110,907783,LCML,2.583305,3.4785799980163574
1996,907311,LCML,2.080379,3.186387300491333
1578,910951,LCML,2.666693,3.498894214630127
1011,1327771,LCML,-0.398895,0.14993742108345032
1910,910951,LCML,-0.396842,-0.4896157383918762
1375,910951,LCML,5.015915,3.5540356636047363
1939,908126,LCML,2.975699,2.9716882705688477
2047,908126,LCML,2.997805,1.0413519144058228
1598,908126,LCML,2.87192,3.4662327766418457
1032,910544,LCML,1.2848,0.7129355669021606
1561,1327771,LCML,2.97794,2.892997980117798
1529,1330931,LCML,-1.213767,-0.7924272418022156
1372,907311,LCML,-5.563108,-5.006335735321045
1873,910710,LCML,-0.027445,0.437473863363266
1373,908126,LCML,1.004565,1.8595669269561768
1912,907311,LCML,1.719414,2.0723767280578613
1083,1327771,LCML,-1.404049,-0.7058870196342468
1560,907783,LCML,3.464769,3.456794500350952
1615,1327771,LCML,4.357519,4.287683963775635
1057,1330931,LCML,-3.212924,-1.5522236824035645
1058,905940,LCML,3.080006,2.869230031967163
1058,1330931,LCML,1.513421,2.0284016132354736
1624,907783,LCML,0.417865,1.114042043685913
1622,906855,LCML,3.984757,3.606032133102417
1615,906855,LCML,4.959978,4.128271102905273
1576,1330931,LCML,1.364822,1.8537366390228271
2107,910951,LCML,4.262971,3.4364585876464844
1918,906855,LCML,3.473473,4.340083599090576
1922,1330931,LCML,1.842161,1.71280837059021
1849,907311,LCML,-2.048418,-1.1138033866882324
1007,910544,LCML,-5.892121,-5.73971700668335
1930,910710,LCML,-0.164328,0.13024351000785828
1627,907783,LCML,1.141471,1.40297269821167
1598,910544,LCML,3.170674,2.908034563064575
1032,907783,LCML,1.00939,1.0857419967651367
1375,906855,LCML,5.328388,4.023441791534424
2109,908126,LCML,1.948272,2.1273703575134277
1051,907311,LCML,-1.421375,-1.6047487258911133
1996,1330931,LCML,2.897028,2.776674747467041
1855,905940,LCML,4.400117,4.0040082931518555
1034,910544,LCML,-3.318212,-3.313974618911743
1060,1330931,LCML,-1.284239,-0.7850217223167419
1918,907783,LCML,4.304645,3.8233954906463623
1561,908126,LCML,3.606473,3.635938882827759
1085,905940,LCML,1.467908,1.3275220394134521
1013,908126,LCML,-5.885319,-5.166757583618164
1073,1330931,LCML,3.322036,3.2407495975494385
1084,910544,LCML,-4.014307,-4.805902481079102
1925,910710,LCML,4.178737,3.8776662349700928
1179,1327771,LCML,-1.869892,-1.304497480392456
1634,906855,LCML,3.71293,3.5264387130737305
1010,910710,LCML,2.407312,2.708031415939331
1620,908126,LCML,4.7414,4.3987202644348145
1553,910710,LCML,2.241441,1.9540271759033203
1936,910710,LCML,1.530506,0.9560089111328125
1598,1327771,LCML,3.167801,3.957352876663208
1922,905940,LCML,1.77183,1.9481639862060547
1621,1330931,LCML,2.963204,3.5663020610809326
1053,906855,LCML,2.295896,2.76185941696167
1093,1327771,LCML,4.263305,3.3435490131378174
1918,907311,LCML,4.463271,3.801971912384033
1013,910951,LCML,-5.19322,-1.5347900390625
1089,906855,LCML,2.503558,2.1960768699645996
1093,905940,LCML,3.439401,3.504377841949463
1852,1327771,LCML,3.08888,3.5323803424835205
1046,907051,UCEC,3.343143,3.827601909637451
1034,907051,UCEC,-1.511681,-1.9798638820648193
1618,908130,UCEC,4.736736,4.119778156280518
1199,924187,UCEC,3.994686,4.221105098724365
1249,910781,UCEC,1.981341,3.193324089050293
1598,909735,UCEC,3.661723,3.16833233833313
1012,908130,UCEC,3.219436,2.32377028465271
1933,907051,UCEC,5.129174,4.855930805206299
2111,924187,UCEC,6.394025,4.890860080718994
1916,1240174,UCEC,2.283499,2.5191009044647217
1853,924187,UCEC,5.278113,5.275032043457031
1913,1240127,UCEC,5.89458,4.414644718170166
1928,924187,UCEC,5.332585,5.097524642944336
1915,908130,UCEC,3.218827,3.2043652534484863
1873,909735,UCEC,1.469335,0.6362333297729492
1088,907051,UCEC,5.418825,4.764980316162109
1250,908129,UCEC,1.287088,3.0135903358459473
1093,1240127,UCEC,4.320775,3.9611258506774902
1084,924187,UCEC,-1.756381,-0.7916956543922424
1085,908129,UCEC,3.480972,3.979142189025879
1915,910781,UCEC,3.08639,3.0247879028320312
1852,908129,UCEC,5.906505,5.8153181076049805
1058,910781,UCEC,-0.705247,0.24963831901550293
1786,908129,UCEC,1.539066,2.700291395187378
2046,924187,UCEC,5.091301,4.99011754989624
1910,1240174,UCEC,1.075106,1.186108946800232
1180,1240127,UCEC,-3.308412,-2.047605276107788
1053,910781,UCEC,1.256252,1.2605371475219727
1058,908129,UCEC,0.753878,1.0044456720352173
2107,910691,UCEC,5.593915,4.993449687957764
1179,909735,UCEC,0.275344,-0.2985014319419861
1088,910691,UCEC,3.235349,3.6814517974853516
1079,924187,UCEC,-0.845031,0.6281059980392456
1873,924187,UCEC,1.212688,1.1673762798309326
1626,924187,UCEC,1.338992,3.6567795276641846
1624,924187,UCEC,2.787814,4.0481767654418945
1799,910691,UCEC,4.707301,4.373931884765625
1559,1240127,UCEC,0.356079,-1.6094787120819092
1560,924187,UCEC,5.595082,4.372076988220215
1017,907051,UCEC,4.870571,4.383243560791016
1032,1240174,UCEC,1.93197,1.5244567394256592
2048,924187,UCEC,0.712408,0.6569743156433105
1916,1240127,UCEC,0.836926,1.1316463947296143
1933,924187,UCEC,2.74696,5.61699914932251
2111,909735,UCEC,2.118333,3.292794942855835
2110,1240174,UCEC,4.393446,4.63258171081543
1372,1240127,UCEC,2.800359,2.3385186195373535
1013,909735,UCEC,3.415792,2.704007625579834
1924,1240174,UCEC,2.417569,3.2397866249084473
1057,924187,UCEC,-1.24085,-0.12154069542884827
2110,908129,UCEC,4.577605,5.253274917602539
1047,907051,UCEC,5.657084,6.141958713531494
1563,910691,UCEC,6.166274,5.489593029022217
1928,908130,UCEC,6.161719,5.058103084564209
1057,908129,UCEC,-0.911973,-0.09551006555557251
1060,924187,UCEC,2.573361,2.6929681301116943
1940,908130,UCEC,3.850665,3.2199289798736572
1073,907051,UCEC,6.478283,5.890200614929199
1926,908130,UCEC,3.017121,2.4401679039001465
1046,1240127,UCEC,1.989863,2.1610825061798096
1180,909735,UCEC,-3.664596,-3.1670680046081543
1010,910691,UCEC,4.192365,3.289764404296875
1259,910781,UCEC,4.930075,4.450124740600586
1932,908130,UCEC,4.979173,4.956859111785889
1908,908129,UCEC,5.436239,4.471089839935303
1557,907051,UCEC,5.629419,5.92202091217041
1927,908129,UCEC,5.447124,5.233596324920654
1931,910781,UCEC,4.184185,5.007580280303955
1060,909735,UCEC,1.156356,0.9802387356758118
1557,908129,UCEC,5.533247,5.0115885734558105
1051,924187,UCEC,3.575507,4.6318359375
2096,1240127,UCEC,4.863589,2.012960910797119
1614,907051,UCEC,5.533269,5.134673595428467
1168,1240174,UCEC,1.730096,2.4836232662200928
1559,924187,UCEC,0.205471,0.5399726629257202
1854,1240174,UCEC,4.583781,4.286576747894287
1849,909735,UCEC,-1.312808,0.21995007991790771
1180,924187,UCEC,-0.882011,-1.4023025035858154
1036,908130,UCEC,6.001216,5.072595119476318
1507,908129,UCEC,4.663471,4.304801940917969
1004,909735,UCEC,-5.671799,-5.79586935043335
1576,924187,UCEC,4.178833,3.8140172958374023
1911,1240174,UCEC,-4.423666,-5.3394317626953125
1594,910781,UCEC,4.393773,4.224555969238281
1593,907051,UCEC,3.113959,3.6228713989257812
1259,909735,UCEC,3.128204,2.2604691982269287
1615,1240127,UCEC,5.562056,5.61944580078125
1913,924187,UCEC,6.368169,5.0590081214904785
1939,908130,UCEC,4.959165,2.861846685409546
1624,908129,UCEC,4.179878,4.399813175201416
1131,910691,UCEC,2.930488,3.123685836791992
1909,1240127,UCEC,3.05341,3.0987863540649414
1089,908129,UCEC,5.659536,4.8913893699646
1936,908129,UCEC,3.732141,2.9543871879577637
1557,908130,UCEC,4.642792,4.976694583892822
1053,1240127,UCEC,2.262497,2.311769723892212
1912,907051,UCEC,3.976352,3.068023681640625
1553,910781,UCEC,0.567051,0.8792047500610352
1046,910781,UCEC,1.519083,3.1124565601348877
1011,910691,UCEC,2.659239,3.2253239154815674
1939,1240174,UCEC,1.46954,1.9889991283416748
1017,1240127,UCEC,5.712188,4.720945835113525
1862,1240127,UCEC,-1.576429,-1.0171360969543457
1625,1240127,UCEC,4.660336,5.260398864746094
1853,1240127,UCEC,3.202569,3.7834808826446533
1873,1240127,UCEC,1.131963,1.4897563457489014
1239,910781,UCEC,3.252136,1.7906455993652344
1560,910781,UCEC,1.878377,2.6331968307495117
1058,924187,UCEC,1.22916,1.058451533317566
1006,907051,UCEC,4.41422,3.371150493621826
1060,907051,UCEC,2.184358,2.3422515392303467
1925,909735,UCEC,3.76242,4.509554386138916
1799,908129,UCEC,4.400523,3.158850908279419
1553,908130,UCEC,1.513241,1.4830870628356934
1060,910691,UCEC,2.119365,2.089266538619995
1613,909735,UCEC,2.153829,2.591395854949951
1558,908130,UCEC,6.109418,5.268637180328369
1909,1240174,UCEC,2.059601,1.9149439334869385
1617,1240174,UCEC,3.403754,1.8534173965454102
1593,910691,UCEC,4.149802,2.2656702995300293
1908,1240127,UCEC,3.946524,-0.2875620722770691
1564,907051,UCEC,5.09652,4.325884819030762
1179,908130,UCEC,2.057407,2.0446109771728516
2044,909735,UCEC,4.164251,3.6358165740966797
1093,908129,UCEC,4.571529,4.187557697296143
1047,1240127,UCEC,5.657095,5.739672660827637
1190,910691,UCEC,2.651798,3.6851227283477783
1613,924187,UCEC,4.729377,4.571246147155762
1854,924187,UCEC,5.187393,5.43233060836792
1022,907051,UCEC,1.305925,1.3207530975341797
1199,908129,UCEC,3.925289,4.579772472381592
2107,1240127,UCEC,5.907699,5.511108875274658
1578,907051,UCEC,5.592817,5.302538871765137
1927,909735,UCEC,4.125396,4.368532180786133
1013,1240174,UCEC,4.19961,3.2460522651672363
1549,1240174,UCEC,3.563329,3.4404680728912354
1926,909735,UCEC,1.115492,0.8163864612579346
1079,909735,UCEC,-0.525478,-0.29589080810546875
2044,1240127,UCEC,3.837742,3.94466233253479
1006,1240174,UCEC,2.126826,2.0279810428619385
1939,1240127,UCEC,5.694068,3.196704149246216
1080,910781,UCEC,-4.108963,-2.980663299560547
1909,909735,UCEC,1.535589,1.9783132076263428
1919,1240174,UCEC,1.474875,0.9067991971969604
1003,924187,UCEC,1.086801,0.9792753458023071
1563,908130,UCEC,5.686909,5.675212383270264
1615,924187,UCEC,5.871949,5.847890853881836
1010,908130,UCEC,4.417021,3.655606746673584
1939,910691,UCEC,1.968295,2.3523635864257812
1930,1240127,UCEC,1.217852,0.8572407960891724
1852,908130,UCEC,4.666734,5.3914713859558105
1631,910691,UCEC,1.492147,2.7345027923583984
1022,910691,UCEC,-0.533105,0.39676979184150696
1564,1240127,UCEC,3.549817,2.4514026641845703
1924,908129,UCEC,2.601205,2.4735231399536133
1852,1240127,UCEC,5.533928,5.432176113128662
2048,907051,UCEC,0.204714,0.41619452834129333
1511,908129,UCEC,0.215896,0.4716644883155823
1924,909735,UCEC,3.223135,3.4793789386749268
1049,910691,UCEC,4.742782,4.2008538246154785
2040,1240127,UCEC,1.496742,1.9167792797088623
1003,1240174,UCEC,-1.465849,0.7997188568115234
1634,924187,UCEC,4.777181,5.210434913635254
1916,910781,UCEC,1.161159,1.1055076122283936
1036,909735,UCEC,2.800304,2.9544177055358887
1576,910691,UCEC,1.930711,2.504258155822754
1559,908129,UCEC,-1.220868,0.12135924398899078
1849,908130,UCEC,0.423109,0.2445569634437561
1620,910691,UCEC,5.595653,5.028000831604004
1005,908129,UCEC,6.240241,5.300372123718262
1017,924187,UCEC,4.001215,5.737019062042236
1917,924187,UCEC,3.270654,2.8903586864471436
1248,1240127,UCEC,-5.978563,-4.056774139404297
1084,1240127,UCEC,-1.798865,-1.3016579151153564
1559,907051,UCEC,1.522375,-0.20219773054122925
1563,1240127,UCEC,6.524157,5.996427536010742
1561,1240174,UCEC,2.484089,1.374878168106079
2107,909735,UCEC,3.607275,4.632034778594971
1239,1240127,UCEC,2.886154,2.488760471343994
1032,908130,UCEC,3.927774,3.37972092628479
1852,907051,UCEC,6.137313,5.782297134399414
1853,907051,UCEC,3.502009,3.4930503368377686
1917,907051,UCEC,2.810241,3.4290482997894287
1131,1240174,UCEC,5.505607,5.194743633270264
1997,1240127,UCEC,4.250884,3.747810125350952
2107,907051,UCEC,5.444006,5.608890056610107
1561,908129,UCEC,-0.203438,0.47228410840034485
1618,910691,UCEC,3.793494,3.0458052158355713
1924,907051,UCEC,5.264053,4.599421977996826
1058,907051,UCEC,2.833273,3.1287381649017334
1168,924187,UCEC,2.885735,2.5038468837738037
1849,1240127,UCEC,0.593452,0.44214704632759094
1913,910781,UCEC,5.415285,4.5297417640686035
2040,924187,UCEC,2.083511,2.3502116203308105
1089,910691,UCEC,3.805405,3.628376007080078
1918,908130,UCEC,5.073619,4.211845874786377
2106,908129,UCEC,1.421965,0.9747840762138367
1093,910691,UCEC,3.042532,4.030258655548096
1007,910781,UCEC,-4.545084,-3.911409378051758
1091,907051,UCEC,3.656865,3.6495862007141113
1614,924187,UCEC,4.630944,4.9585371017456055
2048,910781,UCEC,-3.108055,-2.034935474395752
2107,908130,UCEC,6.182916,5.656569004058838
1996,1240174,UCEC,3.53427,3.5100953578948975
1561,908130,UCEC,3.567524,3.667144536972046
1051,908129,UCEC,2.99128,3.5009281635284424
1918,1240174,UCEC,3.497727,3.733598470687866
1089,1240127,UCEC,5.187659,4.801273822784424
1034,909735,UCEC,-4.210259,-3.139601230621338
1529,908129,UCEC,2.653462,3.2919204235076904
1918,910691,UCEC,2.506156,3.1747941970825195
1615,907051,UCEC,6.177322,5.807790279388428
1237,1240174,UCEC,4.048058,4.952773571014404
1084,909735,UCEC,-1.419319,-1.961552381515503
1083,910781,UCEC,3.03411,3.3097434043884277
2044,924187,UCEC,4.26555,4.751996040344238
2107,908129,UCEC,5.22095,6.143555164337158
1635,910691,UCEC,5.652991,4.961768627166748
1010,924187,UCEC,3.538019,3.586637496948242
1913,910691,UCEC,5.266833,4.846472263336182
1557,909735,UCEC,4.20378,3.908796787261963
1627,909735,UCEC,2.438487,2.5655767917633057
1614,910781,UCEC,4.870521,3.7273952960968018
1085,1240127,UCEC,3.208991,2.5174596309661865
1191,909735,UCEC,-5.133799,-5.68112325668335
1053,908129,UCEC,1.648225,2.1399776935577393
1179,1240174,UCEC,-0.515693,-0.039894700050354004
1927,910781,UCEC,3.740951,4.7345099449157715
1013,924187,UCEC,5.583705,5.152170181274414
1621,909735,UCEC,4.172841,2.9126925468444824
1911,910691,UCEC,-3.989444,-3.7776479721069336
1080,908130,UCEC,0.351584,0.015384882688522339
1011,924187,UCEC,1.539051,2.0200066566467285
2096,909735,UCEC,2.230983,2.921117067337036
1259,1240174,UCEC,3.231684,3.642043113708496
1622,910691,UCEC,2.935945,3.5639069080352783
2043,924187,UCEC,5.067622,6.187098026275635
1553,910691,UCEC,0.735299,0.7647013068199158
1060,908130,UCEC,2.072498,2.6725385189056396
1912,1240174,UCEC,1.906144,1.3011189699172974
1057,1240174,UCEC,-2.457066,-1.5591068267822266
1927,1240174,UCEC,4.246176,4.57002067565918
2096,924187,UCEC,3.850167,3.884636402130127
1930,924187,UCEC,1.882688,1.1695196628570557
1578,910781,UCEC,4.25509,4.787405014038086
1131,910781,UCEC,3.837726,4.6578474044799805
1168,906868,LGG,3.688959,2.695950508117676
2107,905984,LGG,4.554533,4.217353820800781
1046,905984,LGG,-0.007504,0.12318390607833862
1941,908144,LGG,-3.034266,-3.4493000507354736
1080,909750,LGG,-2.776975,-4.046378135681152
1618,905984,LGG,3.206066,2.498188018798828
1855,906871,LGG,2.840992,4.42881965637207
1922,908144,LGG,1.020338,1.1160985231399536
2110,906871,LGG,4.988788,4.323400974273682
1046,908145,LGG,-0.135727,0.8350962400436401
1560,906868,LGG,3.344101,3.09687876701355
1084,906868,LGG,-3.363847,-2.7727901935577393
1032,906871,LGG,1.847115,1.6889536380767822
1786,908144,LGG,3.751278,3.3689990043640137
1926,908145,LGG,-0.739909,-0.8339913487434387
1936,907271,LGG,3.786733,4.455023765563965
2109,907042,LGG,0.587868,1.4445197582244873
1034,905984,LGG,-3.736396,-4.70219612121582
1918,906871,LGG,2.811514,2.810790777206421
2110,907042,LGG,3.174816,4.057359218597412
1057,907271,LGG,-2.6476,-2.214156150817871
1239,907279,LGG,4.185314,4.164761543273926
1626,906868,LGG,3.249333,2.9005215167999268
1928,906868,LGG,4.826045,4.36225700378418
1873,908144,LGG,0.556791,0.923302412033081
1510,907042,LGG,4.414096,4.205181121826172
1373,907271,LGG,6.07255,4.973976135253906
1529,905984,LGG,0.230846,-0.03307002782821655
1627,907042,LGG,2.340164,2.202335834503174
1622,907279,LGG,5.272639,5.431927680969238
1372,908145,LGG,-0.158609,0.5323068499565125
1022,905984,LGG,-1.933252,-1.0027520656585693
1375,908145,LGG,4.677228,5.466878414154053
1010,907271,LGG,4.18949,4.611932277679443
1931,907279,LGG,6.632323,6.3988776206970215
1085,907042,LGG,2.731579,2.3218915462493896
1615,905984,LGG,4.028657,3.8048834800720215
1179,907042,LGG,-0.809665,-0.3458699584007263
1022,907271,LGG,-0.78857,-0.5051018595695496
1051,907042,LGG,-1.983769,-1.1510603427886963
1013,909750,LGG,2.972303,2.988877773284912
1373,908144,LGG,6.125056,5.624691963195801
1925,906868,LGG,4.523321,4.807126522064209
1373,907042,LGG,3.50018,3.526942491531372
1560,906871,LGG,3.369912,3.3435771465301514
1049,907271,LGG,4.057974,4.647893905639648
2047,907271,LGG,2.893184,2.5396578311920166
1007,907279,LGG,-2.570337,-1.4721076488494873
1012,906871,LGG,1.328755,0.9951217174530029
1032,905984,LGG,1.501708,1.225763201713562
1924,909750,LGG,2.280602,2.341409921646118
1576,906871,LGG,2.405205,2.265829563140869
1017,905984,LGG,3.197454,2.432502269744873
1593,906871,LGG,2.172127,1.5554630756378174
1047,905984,LGG,4.46719,2.2052972316741943
2047,907279,LGG,3.041037,3.462559223175049
1003,908144,LGG,-0.646514,-0.9142646193504333
1191,907042,LGG,-5.011419,-5.48972225189209
1634,907042,LGG,4.116166,3.6858019828796387
1010,906871,LGG,1.758882,3.3417348861694336
1507,907271,LGG,6.082244,5.062097549438477
1058,907279,LGG,2.161615,1.9038112163543701
1013,908144,LGG,3.342968,4.527280330657959
1908,909750,LGG,5.2716,3.129596710205078
1200,909750,LGG,2.290515,2.480459690093994
1190,906871,LGG,-2.486067,-1.5116944313049316
1799,907279,LGG,7.053331,5.845388412475586
1922,905984,LGG,0.92291,1.6828069686889648
1635,905984,LGG,3.979962,4.263382434844971
1088,906868,LGG,2.80315,2.4392151832580566
1034,907042,LGG,-4.99543,-4.635982990264893
1083,907279,LGG,1.516931,2.646799325942993
1529,908144,LGG,4.701878,3.2146239280700684
1036,906871,LGG,4.165263,4.3199462890625
2110,907279,LGG,6.475333,5.240365028381348
1997,908144,LGG,3.032229,2.3928170204162598
1930,908144,LGG,0.666577,0.6189460754394531
1375,907271,LGG,7.153415,5.893017768859863
1940,906868,LGG,4.147142,3.716503143310547
2047,909750,LGG,3.51411,3.129596710205078
1006,905984,LGG,1.632991,-0.32532989978790283
1558,906868,LGG,3.263714,2.3557839393615723
1011,908144,LGG,4.056182,1.9534087181091309
1911,906871,LGG,-5.685433,-5.603604316711426
1936,905984,LGG,1.511704,1.5452628135681152
1036,907042,LGG,2.301492,2.7937347888946533
1922,906868,LGG,1.990311,1.8188745975494385
1084,907279,LGG,-1.904082,-0.1737033724784851
1910,907042,LGG,2.329974,2.3109309673309326
1373,906868,LGG,5.284761,5.140911102294922
1248,908144,LGG,-2.330413,-2.735102891921997
1564,907279,LGG,3.345524,3.2252373695373535
2096,906868,LGG,4.00621,3.568438768386841
1191,908145,LGG,-5.430399,-5.438429355621338
1909,906868,LGG,2.048988,2.58746075630188
1058,909750,LGG,0.641643,-0.2232726812362671
2043,907279,LGG,5.557117,6.260146617889404
1079,908145,LGG,1.147649,-0.4504712224006653
1073,908144,LGG,7.558483,5.820548057556152
1925,908145,LGG,4.564078,4.651465892791748
1051,906868,LGG,1.225725,1.5677757263183594
1250,906868,LGG,1.228626,1.529660940170288
1180,906871,LGG,-3.039823,-3.056004285812378
1908,907271,LGG,3.357628,2.5396578311920166
1625,907271,LGG,4.443947,4.5594258308410645
1631,906871,LGG,3.054978,3.457376718521118
1917,908144,LGG,3.018337,3.295724868774414
1060,908144,LGG,2.776883,3.0466785430908203
1006,908145,LGG,-0.544098,0.24568572640419006
1917,906868,LGG,2.513782,1.5436232089996338
1909,907271,LGG,3.26935,3.536311149597168
1578,907279,LGG,5.868116,6.141679763793945
2048,907271,LGG,-2.558776,-2.682513952255249
1006,909750,LGG,1.410693,1.2904589176177979
2040,909750,LGG,0.777957,0.30633866786956787
1085,908145,LGG,2.589607,2.2729203701019287
1563,908144,LGG,6.604964,5.769979476928711
1598,906868,LGG,3.895333,4.519351482391357
1941,907279,LGG,-4.708425,-3.4824395179748535
1058,905984,LGG,0.7202,0.705941915512085
1068,906868,LGG,1.525282,1.5891566276550293
1799,906871,LGG,3.727641,4.167394161224365
2044,908145,LGG,2.408753,2.6451544761657715
1017,907271,LGG,4.975197,5.4948039054870605
1047,908145,LGG,5.665451,3.6519041061401367
2040,908144,LGG,0.662164,0.36589670181274414
1560,908144,LGG,3.524815,3.723891258239746
1177,906871,LGG,4.832151,3.271714210510254
1925,907042,LGG,4.854411,4.73769474029541
1088,908144,LGG,2.470252,3.8225598335266113
1558,907279,LGG,5.512889,5.314519882202148
1131,906868,LGG,2.892116,4.766762733459473
1003,909750,LGG,-3.945857,-3.6268224716186523
1237,907279,LGG,5.232,5.920858383178711
1925,906871,LGG,4.015206,4.689994812011719
1511,909750,LGG,-1.201919,-1.41050124168396
1927,907271,LGG,4.956214,5.915596961975098
2107,907042,LGG,4.262295,4.535411357879639
1373,909750,LGG,3.373941,5.282118797302246
1924,907042,LGG,2.979652,2.831970453262329
1997,908145,LGG,4.527123,3.76981258392334
1862,909750,LGG,-1.574385,-1.517277479171753
1191,908144,LGG,-5.79611,-5.282294273376465
1997,907271,LGG,5.286963,6.337791442871094
1917,909750,LGG,0.39894,0.9911864399909973
1507,907279,LGG,4.603339,5.839407444000244
1912,906871,LGG,1.894089,1.9578492641448975
1268,907279,LGG,3.696807,4.998655319213867
1941,906868,LGG,-6.228852,-4.922305107116699
1057,907042,LGG,-3.289368,-4.15184211730957
1131,907271,LGG,3.405089,3.277498483657837
2107,906871,LGG,4.987244,4.9028778076171875
1017,908145,LGG,3.67526,2.896437644958496
1032,907279,LGG,3.39062,3.6036465167999268
1053,905984,LGG,2.059679,1.5985398292541504
1529,906868,LGG,-1.557717,0.16314488649368286
1922,906871,LGG,1.807655,1.848599910736084
1080,905984,LGG,-5.066547,-4.955203056335449
1624,906868,LGG,4.515309,3.5081961154937744
1862,906871,LGG,-1.808558,-1.6132779121398926
1849,906871,LGG,-1.379473,-0.48933160305023193
1068,905984,LGG,0.998813,0.29361242055892944
1549,907279,LGG,5.318147,5.935230255126953
1168,908145,LGG,3.41153,2.38604474067688
1047,907271,LGG,5.498934,4.962125301361084
2110,909750,LGG,3.449847,4.090832710266113
1622,906871,LGG,4.976336,4.502581596374512
1053,908144,LGG,2.248085,3.4062387943267822
1630,906868,LGG,3.223698,3.53128981590271
1916,908144,LGG,2.275195,2.086254835128784
1862,908145,LGG,-1.923,-2.008674144744873
1510,907279,LGG,4.856347,4.812437057495117
1168,909750,LGG,3.356508,2.5876786708831787
1058,907042,LGG,-0.14777,0.4995418190956116
1598,907279,LGG,5.000733,5.867236614227295
1085,908144,LGG,4.566886,3.456085205078125
1996,906868,LGG,3.73953,3.9639346599578857
1563,907042,LGG,5.065058,4.942849159240723
1930,907279,LGG,2.366158,2.6190645694732666
1933,906868,LGG,5.145173,4.865991592407227
1060,907279,LGG,-0.060451,2.0256917476654053
1909,905984,LGG,1.745326,1.9252312183380127
1927,908144,LGG,5.482589,5.472441673278809
1058,907271,LGG,1.539842,1.6922523975372314
1922,907271,LGG,1.988658,2.9958090782165527
1529,906871,LGG,0.706421,-0.30577850341796875
2048,908145,LGG,-5.413101,-5.370410442352295
1932,908144,LGG,3.656261,3.634929895401001
1917,906871,LGG,1.181301,0.9017950892448425
1939,905984,LGG,1.704001,3.1420814990997314
1004,909750,LGG,-3.196367,-3.4671151638031006
1005,906868,LGG,3.834026,3.7309775352478027
1529,907042,LGG,-1.046993,-0.9842473864555359
2046,907271,LGG,1.366362,2.9479820728302
1512,906868,LGG,4.316297,4.933590888977051
1913,906871,LGG,4.427896,4.6933274269104
2043,906868,LGG,4.78906,4.838057994842529
1553,907042,LGG,2.73995,1.729480504989624
1054,909750,LGG,4.770991,4.10519552230835
1913,907279,LGG,5.599081,5.638490200042725
1786,907042,LGG,2.239665,1.8222463130950928
1928,908144,LGG,4.385553,5.190171241760254
1512,906871,LGG,4.621885,4.838352680206299
1913,906868,LGG,5.201244,4.707020282745361
1168,908144,LGG,4.168191,3.567915439605713
1091,907271,LGG,3.634242,3.021909236907959
2096,907042,LGG,0.929942,2.739497184753418
1615,907042,LGG,4.206035,4.172370433807373
1799,906868,LGG,4.295533,4.063310623168945
1615,906868,LGG,4.531841,4.643880844116211
1068,907042,LGG,2.171549,0.4174412488937378
1854,907042,LGG,4.04777,4.041945457458496
1259,905984,LGG,1.120655,1.264901876449585
1013,907271,LGG,2.941423,4.680800437927246
1913,908144,LGG,5.081263,4.871097564697266
1915,906871,LGG,2.959786,2.5606939792633057
2047,906868,LGG,0.310533,4.2077412605285645
1561,907042,LGG,1.683666,1.185038447380066
2107,908145,LGG,4.833269,4.5184736251831055
1578,905984,LGG,4.577165,4.627352237701416
1630,906871,LGG,2.671145,3.7444067001342773
1011,907279,LGG,2.284163,2.09285306930542
1036,924100,PRAD,5.153903,5.381707191467285
1930,1299075,PRAD,0.524849,1.2089194059371948
1004,907788,PRAD,-3.856416,-4.966799259185791
1191,905935,PRAD,-3.609399,-4.379782199859619
1239,905935,PRAD,3.362541,3.7445130348205566
1079,1299075,PRAD,2.839053,3.0374228954315186
1049,1330993,PRAD,3.480746,3.2310657501220703
1005,1330993,PRAD,2.259418,2.2774908542633057
1180,1330993,PRAD,-1.455426,-3.7816667556762695
2107,907788,PRAD,4.92703,4.684362888336182
1626,1330993,PRAD,1.576853,1.8532211780548096
1849,924100,PRAD,-1.05824,-1.2057828903198242
2047,924100,PRAD,2.618947,3.0988523960113525
2109,1330993,PRAD,1.901465,2.888960361480713
1634,1330993,PRAD,4.416057,4.192926406860352
1022,905934,PRAD,3.123222,1.7147037982940674
1873,1299075,PRAD,1.8671,1.0674188137054443
1918,907788,PRAD,-2.323483,2.0794544219970703
1051,1330993,PRAD,1.167537,1.4683418273925781
2040,924100,PRAD,2.318599,1.2346017360687256
1557,905935,PRAD,5.636833,6.201963901519775
1529,905934,PRAD,0.864976,1.494230031967163
1593,924100,PRAD,1.850475,2.0895893573760986
1613,1299075,PRAD,5.190225,3.5999600887298584
1190,1330993,PRAD,-2.686326,-2.7087833881378174
1620,1299075,PRAD,5.804065,5.299385070800781
2107,1330993,PRAD,4.942894,4.625441551208496
1941,1299075,PRAD,-3.875305,-4.016895771026611
1012,1330993,PRAD,1.500195,1.2548086643218994
2109,907788,PRAD,1.251123,1.9377870559692383
1927,905935,PRAD,5.596624,5.411928176879883
1862,1299075,PRAD,-0.158532,-0.8426468968391418
1930,905935,PRAD,0.420476,1.4882323741912842
1940,905935,PRAD,4.653367,3.8465588092803955
1853,907788,PRAD,4.832861,2.8409841060638428
1529,905935,PRAD,1.828903,0.6077257394790649
1576,1330993,PRAD,2.894742,2.078171491622925
1034,905935,PRAD,-1.158497,-2.2696731090545654
1511,907788,PRAD,-2.802592,-2.946157217025757
1919,1299075,PRAD,2.763847,3.0705337524414062
1179,905935,PRAD,2.284438,1.7676944732666016
1006,905935,PRAD,3.728189,2.3967931270599365
1614,1330993,PRAD,4.28672,3.844266414642334
1911,1299075,PRAD,-4.875472,-3.461170196533203
1053,924100,PRAD,2.070103,2.0253021717071533
1088,1330993,PRAD,1.518924,1.5255680084228516
1558,1330993,PRAD,4.389901,2.566596508026123
1022,1330993,PRAD,-1.055105,-0.7275990843772888
1939,905935,PRAD,4.78194,2.876408576965332
2106,1330993,PRAD,3.055987,3.2901103496551514
1615,1299075,PRAD,5.765819,4.908932685852051
1631,1330993,PRAD,2.54754,4.020025730133057
1854,1330993,PRAD,3.658009,4.289383411407471
1928,924100,PRAD,5.264878,3.8765010833740234
1372,905935,PRAD,2.658158,2.3859100341796875
2045,907788,PRAD,1.470504,4.429337978363037
1629,905935,PRAD,4.133244,5.217175006866455
1558,905935,PRAD,5.904133,4.934328556060791
1912,907788,PRAD,-3.114579,-3.0221445560455322
1179,907788,PRAD,0.837137,0.6659057140350342
1615,905935,PRAD,5.520234,5.794275283813477
1925,924100,PRAD,6.062725,5.796289443969727
1932,905935,PRAD,4.684746,5.25795316696167
1626,905935,PRAD,4.013667,5.501138210296631
1088,905935,PRAD,2.31772,2.356182336807251
1928,1299075,PRAD,3.175566,4.196401596069336
1046,905935,PRAD,4.639972,3.1258764266967773
1919,1330993,PRAD,1.494359,1.6538794040679932
1916,924100,PRAD,2.501597,2.4290003776550293
1855,907788,PRAD,2.138358,2.63999605178833
1621,905934,PRAD,6.274112,6.1225996017456055
1199,907788,PRAD,2.492018,2.5466299057006836
1557,1299075,PRAD,4.708606,5.031732559204102
1933,924100,PRAD,6.083273,4.765735149383545
1849,905934,PRAD,0.639852,-0.05470898747444153
1237,1299075,PRAD,4.396174,5.088588714599609
1093,924100,PRAD,4.167249,4.745795726776123
1614,924100,PRAD,4.000959,3.021563768386841
1853,1299075,PRAD,3.851953,3.5851354598999023
1615,907788,PRAD,5.426822,5.050398826599121
1559,924100,PRAD,-2.131591,-2.800091505050659
1239,1299075,PRAD,3.277084,2.584315299987793
1054,924100,PRAD,2.828738,2.923759698867798
1013,905935,PRAD,5.056191,5.153068542480469
1631,1299075,PRAD,1.823223,1.9826157093048096
1631,907788,PRAD,3.420053,3.4511361122131348
1017,1330993,PRAD,3.3911,3.9737892150878906
1561,1299075,PRAD,1.422888,1.742917537689209
1003,924100,PRAD,-3.142631,-2.8983421325683594
1631,905934,PRAD,3.366062,5.133889675140381
1005,1299075,PRAD,3.474737,3.60497784614563
1936,907788,PRAD,3.157589,1.471451759338379
1046,905934,PRAD,4.625874,3.8067426681518555
1578,924100,PRAD,5.52081,6.263360500335693
1926,907788,PRAD,-1.268082,-1.6490886211395264
1629,905934,PRAD,5.276813,5.649557590484619
1089,905935,PRAD,6.101455,5.494709491729736
1909,905934,PRAD,2.094977,2.8584039211273193
1017,907788,PRAD,3.209992,2.81062650680542
1559,905935,PRAD,-1.305637,-1.303062915802002
2048,907788,PRAD,-3.759454,-4.559335708618164
1630,924100,PRAD,5.022928,3.03715181350708
1373,907788,PRAD,4.313501,4.374099254608154
1563,905935,PRAD,6.245884,6.149090766906738
1006,1330993,PRAD,1.603271,1.9740753173828125
2043,905934,PRAD,4.995648,5.838768482208252
1032,924100,PRAD,2.433064,2.7913451194763184
1093,1299075,PRAD,4.426556,4.432400703430176
1853,905935,PRAD,2.790359,4.58306884765625
1553,1299075,PRAD,0.815226,1.9588494300842285
1085,905935,PRAD,4.184055,3.5950706005096436
1249,905935,PRAD,4.084725,4.337037086486816
1799,905934,PRAD,6.630921,6.431624412536621
1910,924100,PRAD,3.748055,3.5932064056396484
1908,924100,PRAD,2.988197,3.0988523960113525
1073,1299075,PRAD,6.098524,5.351251602172852
1375,905934,PRAD,6.432623,7.173061370849609
1372,1299075,PRAD,3.359636,3.08976411819458
1199,905935,PRAD,4.891858,4.2494797706604
1047,905934,PRAD,6.837866,6.802884578704834
1916,1330993,PRAD,3.163871,3.35491943359375
1621,1299075,PRAD,3.972457,4.40914249420166
1549,905935,PRAD,5.423471,4.746608734130859
1930,924100,PRAD,0.45985,-0.45432740449905396
1200,924100,PRAD,3.981583,3.1356406211853027
1013,907788,PRAD,1.631688,2.3585095405578613
1507,1330993,PRAD,4.660816,3.835214138031006
2040,1330993,PRAD,-0.404695,0.49880045652389526
1057,905934,PRAD,-1.267715,-0.2520558834075928
1908,1330993,PRAD,4.390874,2.844752073287964
1928,905934,PRAD,6.099738,6.188663959503174
1091,907788,PRAD,2.575059,3.1634774208068848
1635,907788,PRAD,5.516838,4.736425876617432
1177,905934,PRAD,5.848718,5.938905239105225
1924,907788,PRAD,-2.29364,-2.551490306854248
1910,907788,PRAD,1.265806,2.351179361343384
1177,907788,PRAD,3.656591,3.720771312713623
1873,1330993,PRAD,0.723229,1.0967655181884766
1022,905935,PRAD,0.936229,0.8837250471115112
1936,905935,PRAD,3.640692,3.4905037879943848
1375,907788,PRAD,3.944857,5.82680606842041
1559,907788,PRAD,-2.557347,-2.7689502239227295
1786,924100,PRAD,3.233135,3.1306841373443604
1925,905935,PRAD,5.445506,5.190155506134033
1060,924100,PRAD,0.641888,1.960228681564331
2045,905935,PRAD,5.967969,5.5059895515441895
1629,924100,PRAD,4.562896,4.879138469696045
1060,907788,PRAD,1.886727,1.8119087219238281
1511,1299075,PRAD,-0.636303,0.2272186279296875
1051,907788,PRAD,4.365219,1.8481335639953613
1614,1299075,PRAD,3.227317,3.556788682937622
1017,924100,PRAD,5.238895,4.986944198608398
1627,907788,PRAD,2.33774,2.1535210609436035
1873,905935,PRAD,2.343264,1.7803852558135986
1191,907788,PRAD,-4.894041,-5.8535380363464355
1939,1299075,PRAD,1.895036,3.5871939659118652
1614,905935,PRAD,5.782479,5.220665454864502
1507,924100,PRAD,6.06293,5.5140509605407715
1911,1330993,PRAD,-5.287403,-5.63842248916626
1927,1299075,PRAD,4.892494,4.915648460388184
1268,924100,PRAD,4.825634,5.234540939331055
1010,1330993,PRAD,2.889697,2.956967830657959
1919,905935,PRAD,2.206008,2.538766384124756
1558,905934,PRAD,4.944551,5.817355155944824
1375,906834,MB,5.144706,4.261683464050293
1060,909248,MB,-1.898243,-3.0046539306640625
1561,906834,MB,1.920515,1.1594573259353638
1928,909248,MB,4.998168,4.572027206420898
1941,906834,MB,-3.70121,-6.561388969421387
1939,906833,MB,3.671198,2.1443302631378174
1576,909248,MB,3.160104,3.0875840187072754
1032,909248,MB,2.244037,2.6114635467529297
1563,909248,MB,5.968278,5.792149066925049
1913,909248,MB,5.114757,4.880908966064453
1918,909248,MB,5.444023,4.558730125427246
1852,683667,MB,5.082062,4.22717809677124
1237,906833,MB,4.549427,4.855474472045898
2110,906833,MB,3.281048,4.45757532119751
1930,909248,MB,-0.057723,0.4249415695667267
1003,683667,MB,-2.006249,-1.1366970539093018
1084,683667,MB,-2.65381,-2.0660014152526855
1177,909248,MB,4.430099,4.263059139251709
1873,683667,MB,0.296065,0.423103392124176
1917,906834,MB,-1.040965,-0.7817841172218323
1786,906833,MB,1.649919,2.2801082134246826
1627,909248,MB,2.280931,3.25365948677063
1939,906834,MB,2.320702,2.0444884300231934
1085,906834,MB,1.70212,1.9532201290130615
2046,683667,MB,2.274957,2.9962921142578125
1559,683667,MB,-3.36606,-2.784242868423462
1618,906834,MB,4.621516,2.275329828262329
1083,683667,MB,1.103857,1.8562209606170654
1005,906833,MB,0.267666,1.1691491603851318
1911,906833,MB,-6.508994,-5.800289630889893
1022,906833,MB,-0.369969,-0.826302707195282
1093,906834,MB,3.176145,4.04710054397583
1613,906834,MB,1.191851,0.7742868065834045
1922,683667,MB,1.611562,1.4506659507751465
1932,906833,MB,3.182448,3.501213550567627
1932,906834,MB,1.274582,1.4213294982910156
1578,909248,MB,5.168653,5.102751731872559
1093,906833,MB,4.084831,4.005648136138916
1250,683667,MB,1.891691,1.9254429340362549
1529,683667,MB,0.524999,0.1644490361213684
1049,909248,MB,4.507124,4.037200927734375
1237,906834,MB,3.399454,3.9280362129211426
1940,909248,MB,4.751718,4.360739707946777
1563,683667,MB,4.128256,4.599302768707275
1013,906834,MB,2.601204,1.8668997287750244
1931,906834,MB,3.962433,3.7823989391326904
1997,909248,MB,3.690713,4.1476874351501465
1510,906833,MB,3.73384,4.470826148986816
1259,683667,MB,3.741974,3.056933879852295
1259,909248,MB,3.383347,2.566758632659912
1941,683667,MB,-4.278141,-5.699929237365723
1564,683667,MB,3.904334,3.761749267578125
1928,906833,MB,4.861249,4.279923439025879
2096,683667,MB,2.734057,2.7838871479034424
1614,909248,MB,3.638168,3.4902665615081787
1912,906833,MB,2.963842,2.9356276988983154
1049,906833,MB,3.919753,3.937127113342285
1047,906834,MB,1.599711,1.5041096210479736
1621,683667,MB,3.778697,3.5377793312072754
1560,683667,MB,2.342297,2.0895133018493652
1915,906834,MB,1.859219,2.53035306930542
1635,906833,MB,4.883884,4.964849948883057
1012,909248,MB,2.084765,2.0700252056121826
1617,683667,MB,0.874163,2.0215985774993896
1250,906834,MB,-0.027083,0.13152649998664856
1631,909248,MB,2.999185,2.8930184841156006
1199,906834,MB,2.600819,2.966010332107544
1939,909248,MB,2.753622,2.4820950031280518
1854,906834,MB,3.672424,3.949634552001953
1910,683667,MB,0.032912,0.9073103070259094
1854,909248,MB,5.702934,5.2623724937438965
1926,906833,MB,-0.134884,-0.45979732275009155
1908,683667,MB,2.849667,2.6623339653015137
1613,906833,MB,2.099851,3.500213623046875
2110,906834,MB,3.303086,3.5893893241882324
1051,683667,MB,1.319071,0.8658483624458313
1089,906833,MB,2.042374,3.010434627532959
1191,683667,MB,-6.118548,-5.410070419311523
1004,683667,MB,-5.003389,-4.725399017333984
1553,909248,MB,3.205999,2.145785331726074
1922,906834,MB,0.750738,1.7557413578033447
1855,906834,MB,2.376361,2.707365036010742
1849,906834,MB,-0.56739,-2.224893808364868
1007,909248,MB,-5.139681,-4.962754249572754
1131,683667,MB,3.074239,2.7584381103515625
1512,683667,MB,4.590234,4.1463470458984375
1248,906834,MB,-7.58246,-6.7702717781066895
1862,906833,MB,-2.08203,-1.3300068378448486
2047,909248,MB,0.526603,0.6190435290336609
1054,909248,MB,3.271582,2.119144916534424
1918,683667,MB,3.210067,2.144711494445801
1919,909248,MB,2.485856,2.570711612701416
2110,909248,MB,4.073513,3.873108386993408
1852,909248,MB,5.714519,5.301185607910156
1022,906834,MB,-2.372847,-1.1933815479278564
1549,909248,MB,5.696503,4.417736053466797
1909,906834,MB,1.449609,0.010999977588653564
1004,906833,MB,-5.437173,-5.4298834800720215
1925,683667,MB,4.744363,3.9766788482666016
1179,683667,MB,-0.174074,0.3474718928337097
1927,909248,MB,5.019437,4.996133327484131
1634,909248,MB,5.099714,4.268540859222412
1007,906833,MB,-6.343596,-6.140172958374023
1557,683667,MB,4.668314,3.3488030433654785
1088,683667,MB,2.411908,2.5698864459991455
1926,683667,MB,-0.00329,0.3404478430747986
1068,906833,MB,0.885311,0.6068856120109558
1049,906834,MB,1.339379,2.4463512897491455
1931,906833,MB,5.063823,5.033377170562744
1625,683667,MB,4.288239,3.898583173751831
1922,907269,CLL,1.387054,0.8802708387374878
1190,907270,CLL,-5.871898,-6.14517068862915
1932,907270,CLL,2.171991,1.5964419841766357
1511,907270,CLL,-4.085985,-3.7880091667175293
1010,907270,CLL,1.82504,2.1461331844329834
1017,907269,CLL,2.146794,1.847569465637207
1372,907269,CLL,1.066968,0.038748085498809814
1622,907269,CLL,2.73293,3.241478443145752
1917,907269,CLL,0.947212,0.37867236137390137
1631,907270,CLL,-0.45875,0.3728557825088501
2107,907270,CLL,3.347694,2.8574275970458984
1054,907270,CLL,0.30184,0.7436807155609131
1940,907270,CLL,3.174109,2.9731855392456055
1510,907269,CLL,3.151493,3.253530502319336
1011,907269,CLL,-0.109843,-1.4232773780822754
1054,907269,CLL,0.384328,1.6707510948181152
1005,907269,CLL,0.578571,0.17479445040225983
1620,907269,CLL,3.86857,4.288261413574219
1507,907270,CLL,3.09569,2.784566879272461
1559,907269,CLL,-4.927282,-4.561367511749268
1250,907269,CLL,-0.610503,0.10360145568847656
1089,907269,CLL,1.182621,0.9710233807563782
1079,907270,CLL,0.173208,-0.41957175731658936
1013,907270,CLL,0.750555,1.6459403038024902
2040,907269,CLL,0.28035,0.08136683702468872
1855,907269,CLL,1.836097,2.5579123497009277
2111,907270,CLL,1.581978,1.4851844310760498
1853,907270,CLL,4.779506,3.4218287467956543
1507,907269,CLL,2.3889,3.3201680183410645
1005,907270,CLL,-0.129025,-0.11730262637138367
2110,907270,CLL,2.311289,2.0547196865081787
1168,907269,CLL,1.467156,2.3175649642944336
1635,907269,CLL,4.614121,4.503531455993652
1853,907269,CLL,5.038967,4.579516410827637
1085,907269,CLL,1.991481,1.3098995685577393
1051,907269,CLL,-1.954958,-0.9777033925056458
1373,907270,CLL,-0.307123,2.019817352294922
2048,907269,CLL,-6.783857,-5.622999668121338
1634,907270,CLL,2.080294,2.4973502159118652
2109,907270,CLL,1.257252,1.322289228439331
1248,907270,CLL,-5.606705,-6.325221061706543
1919,907270,CLL,1.228179,0.6021298766136169
1036,907270,CLL,1.181178,2.0829150676727295
1627,907270,CLL,0.821971,1.0383493900299072
1177,907270,CLL,1.359929,1.3910784721374512
1259,907269,CLL,-0.827464,-0.2852823734283447
1928,907270,CLL,1.080651,2.0846519470214844
1058,907269,CLL,-0.830199,-0.5073986053466797
1909,907269,CLL,-0.635827,-0.23025858402252197
1017,907270,CLL,2.050278,1.8832142353057861
1060,907269,CLL,-0.413308,-1.3443942070007324
1239,907269,CLL,0.148429,-0.038271188735961914
1918,907270,CLL,2.121727,1.4988012313842773
1561,907269,CLL,-0.948783,-0.4449961185455322
2047,907270,CLL,1.584474,0.5033925771713257
1625,909744,ACC,4.471651,3.5881149768829346
1010,909744,ACC,0.931514,-0.0509161651134491
1190,909744,ACC,-3.865964,-2.8009564876556396
1177,909744,ACC,4.332759,3.672502040863037
1168,909744,ACC,0.735354,-0.6579609513282776
1549,909744,ACC,-0.61612,-0.9056265950202942
1239,909744,ACC,0.993385,2.0933876037597656
1621,909744,ACC,3.562308,3.581784963607788
1940,909744,ACC,3.610817,3.213961124420166
1939,909744,ACC,1.433243,1.7886979579925537
1054,909744,ACC,2.761664,2.6113741397857666
1853,909744,ACC,3.702294,3.555063486099243
1941,909744,ACC,-6.173269,-5.297043800354004
1051,909744,ACC,1.13922,1.2569875717163086
1089,909744,ACC,2.620158,3.5438828468322754
1849,909744,ACC,-1.361503,-1.4711952209472656
1259,909744,ACC,3.251249,1.823404312133789
1507,909744,ACC,4.378807,3.608802318572998
1563,909744,ACC,5.078275,4.734333515167236
1629,909744,ACC,3.645653,3.617255687713623
2045,909744,ACC,4.398989,4.085422039031982
1049,909744,ACC,3.775263,3.009483575820923
1615,909744,ACC,3.611313,4.305387496948242
1908,909744,ACC,1.204635,-1.2873821258544922
1511,909744,ACC,-1.872598,-2.213188409805298
1093,909744,ACC,3.434971,2.7994260787963867
1007,909744,ACC,-5.853104,-6.359917163848877
2106,909744,ACC,2.622521,3.9057765007019043
