DRUG_ID,COSMIC_ID,TCGA_DESC,Label,Pred
1909,910705,UNCLASSIFIED,-5.2233,-2.9516844749450684
1510,909248,MB,4.51125,5.513097286224365
1853,1240179,CESC,3.535887,2.823641061782837
1941,910079,ESCA,-3.023716,-2.8895034790039062
1049,688001,SCLC,2.689196,2.139634609222412
2106,1298223,LUSC,1.420333,2.829711437225342
1922,907044,UNCLASSIFIED,1.743652,1.625413179397583
1046,906792,SKCM,1.089994,1.288806438446045
1911,925347,PAAD,-2.791349,-1.7451872825622559
1913,905944,LUAD,5.272052,5.08635139465332
1373,909769,UNCLASSIFIED,4.99029,5.0991315841674805
1922,1331032,DLBC,2.553528,3.225264072418213
1557,753584,BLCA,4.435668,3.951528787612915
1013,907061,HNSC,2.710192,2.8022122383117676
1007,906821,PAAD,-3.978476,-3.821967363357544
1557,753551,SCLC,4.538651,4.019928932189941
1237,910401,UNCLASSIFIED,3.79718,3.4080402851104736
1036,1240226,SKCM,1.026498,3.208937644958496
1007,753552,BLCA,-2.931242,-3.69726300239563
1926,971773,UNCLASSIFIED,-0.656644,-0.7198485732078552
2110,1240124,COREAD,4.200222,4.387923240661621
1079,906827,UNCLASSIFIED,0.621251,1.0485405921936035
2048,684072,UNCLASSIFIED,-5.395842,-4.803224086761475
1630,909755,COREAD,5.573853,4.9206461906433105
1010,753548,LAML,1.939165,2.029479503631592
1557,907792,COREAD,6.491513,5.95497465133667
1025,749712,BRCA,5.697029,5.335248947143555
2040,949157,UNCLASSIFIED,1.031547,1.181609869003296
1598,906821,PAAD,4.157468,5.001284122467041
1012,1240186,SCLC,2.058347,2.844334602355957
1248,998189,COREAD,-4.628969,-4.655778884887695
1510,1290795,UNCLASSIFIED,4.94158,4.164492130279541
1854,925347,PAAD,6.129321,5.864806652069092
1083,906830,SKCM,3.826365,3.982886791229248
1004,910554,COREAD,-2.979072,-2.1041386127471924
2106,1330985,LAML,3.258693,3.5029003620147705
1529,724863,UNCLASSIFIED,0.176143,0.8478146195411682
1926,906693,PAAD,0.588681,0.7245386838912964
1131,906862,BRCA,2.735763,3.3928768634796143
1088,910930,DLBC,-0.142121,-1.0268189907073975
1510,906831,UNCLASSIFIED,3.350167,3.1570584774017334
1004,1290798,BRCA,1.128721,0.14889448881149292
1786,688025,SCLC,3.099759,2.560176134109497
1373,753538,HNSC,4.470627,5.052181720733643
1083,753555,ESCA,2.499656,2.3602094650268555
1512,909702,ALL,4.389701,3.8170740604400635
1862,1240122,HNSC,-1.58227,-1.4767627716064453
1088,1503367,ESCA,3.890757,2.8870933055877686
1578,909252,ALL,4.404104,3.9489758014678955
2106,910704,BRCA,-0.231396,1.9061641693115234
1005,905971,COREAD,3.233054,3.4021737575531006
2110,946382,BRCA,5.06498,4.048634052276611
1054,906790,STAD,1.994129,2.574124336242676
1913,908156,UNCLASSIFIED,3.144967,2.9538326263427734
1010,1299080,SKCM,2.996267,3.440490245819092
2040,909904,PAAD,1.31311,2.0863430500030518
2106,1503367,ESCA,3.107517,5.368401050567627
1930,1297447,MM,0.506631,0.7518683671951294
1248,925348,PAAD,-3.783265,-1.691331148147583
1578,683667,MB,3.938308,4.384639263153076
1190,687821,LUAD,2.025576,2.5984556674957275
1512,687983,SCLC,4.992224,4.7569899559021
1996,906804,UNCLASSIFIED,2.956344,2.543901205062866
1941,924107,CESC,-3.128659,-3.4590322971343994
1561,906746,GBM,1.576285,2.576205253601074
1910,1240168,GBM,1.326539,2.8709232807159424
1912,687812,LUAD,4.415969,3.5003867149353027
2106,906696,THCA,3.505107,3.1495649814605713
2047,753565,SCLC,2.81042,2.6605043411254883
1855,753532,HNSC,6.204215,4.4757585525512695
1910,925343,UNCLASSIFIED,2.900941,3.043271541595459
1617,907788,PRAD,2.030139,-0.257432222366333
1049,687819,LUAD,5.128548,4.83317232131958
1559,910947,LAML,-4.680953,-4.469351768493652
1626,1240168,GBM,3.326845,3.827078104019165
1928,1327769,DLBC,2.025405,2.8141934871673584
1012,909709,HNSC,2.945155,2.3935389518737793
1249,1240174,UCEC,3.715724,3.6602256298065186
1625,1480362,OV,5.528444,5.671122074127197
1507,949177,NB,4.149879,3.8752784729003906
2047,930298,CESC,2.667274,2.6318795680999756
2048,906872,NB,-1.05032,-1.2972412109375
1131,908122,BRCA,2.08785,2.541626214981079
1375,906843,CESC,6.102626,5.889684677124023
1630,905970,LUAD,4.158944,3.7503678798675537
1091,946357,UNCLASSIFIED,0.411971,0.6551692485809326
1259,1298526,PAAD,4.007579,3.580894708633423
1085,925346,PAAD,5.476156,3.4551429748535156
1862,907286,PAAD,-2.040349,-1.450166940689087
1085,908447,NB,1.773809,2.68143630027771
1011,1327766,MM,0.020412,-0.13323384523391724
1559,753612,MM,-2.19486,0.28408724069595337
1926,909713,SKCM,0.338261,1.3069661855697632
1050,946359,BRCA,4.181466,4.09825325012207
1561,910852,BRCA,0.900091,2.305954694747925
1930,924250,STAD,2.521693,2.1714794635772705
1168,1327773,DLBC,2.556823,2.469569444656372
1564,998189,COREAD,1.064187,0.9242770075798035
1511,687457,BLCA,-1.016978,-0.5472885966300964
1085,924102,THCA,3.507672,3.245961904525757
1624,906693,PAAD,3.182596,3.236835479736328
1088,906818,SKCM,2.831332,2.0070645809173584
1919,905951,BRCA,2.222149,3.0291316509246826
1564,1290730,BLCA,2.026507,2.3479647636413574
2043,909750,LGG,5.143439,4.453649997711182
1918,1330947,LAML,1.697649,1.8708064556121826
1131,753546,SKCM,5.781579,6.168622970581055
1083,910900,LUAD,3.573346,3.205287456512451
1079,1290813,MESO,-0.536223,-1.3460543155670166
1941,687780,UNCLASSIFIED,-5.632621,-5.988162517547607
1057,1298219,UNCLASSIFIED,0.927527,0.8741991519927979
1614,924244,LUAD,3.536534,3.3210644721984863
2110,1240129,OV,5.227464,5.951200485229492
1630,910930,DLBC,3.881714,2.563396692276001
1017,910942,UNCLASSIFIED,3.47303,3.0877950191497803
1852,1298531,HNSC,3.230592,4.649363040924072
1022,907000,UNCLASSIFIED,-1.877905,-1.8676173686981201
1046,924250,STAD,3.240168,3.76688814163208
1786,907043,UNCLASSIFIED,2.055231,2.262697219848633
2111,909905,GBM,5.049294,4.213674068450928
1564,910691,UCEC,4.339778,4.317014217376709
1854,908123,BRCA,2.952409,3.958500623703003
1507,909770,STAD,4.241416,4.51931095123291
1085,905957,BRCA,2.141935,3.0664429664611816
1936,908142,UNCLASSIFIED,1.253304,1.8290343284606934
1080,924107,CESC,-5.455731,-5.457667827606201
1862,749713,BRCA,-0.889507,-1.6922414302825928
1046,910910,BRCA,1.79898,2.6904549598693848
2045,908128,SKCM,6.167198,5.720532417297363
1913,753569,LUSC,4.87985,4.552032947540283
1549,688023,SCLC,4.918564,3.9982361793518066
1621,687995,SCLC,5.245172,4.057170391082764
1635,910951,LCML,3.594372,3.679111957550049
1080,910850,LIHC,0.627561,0.4149166941642761
1180,907062,HNSC,-3.304347,-2.347449541091919
1507,907279,LGG,4.603339,5.3175787925720215
1093,1240217,LIHC,2.356021,3.047880172729492
1034,724831,UNCLASSIFIED,-3.413528,-2.6641757488250732
1372,909784,SKCM,-1.641155,-1.98665452003479
1910,908446,STAD,1.33753,1.155829668045044
1512,749717,BRCA,5.942063,5.683133125305176
1083,684052,UNCLASSIFIED,2.460314,2.6181113719940186
1054,1503365,ESCA,5.759774,4.867842674255371
1036,753610,SCLC,4.082857,3.6002867221832275
1168,930083,THCA,5.460609,5.3832550048828125
1013,906847,UNCLASSIFIED,1.595699,2.5608577728271484
1168,687590,GBM,2.359189,2.981243133544922
1259,687448,SKCM,2.87204,4.004419326782227
1852,1659823,COREAD,4.959787,5.583242893218994
1629,753548,LAML,2.849197,3.080338716506958
1179,909769,UNCLASSIFIED,2.398139,2.0569467544555664
1910,1240149,UNCLASSIFIED,2.30377,2.567596435546875
1011,907792,COREAD,0.415413,1.9415431022644043
1200,909773,DLBC,1.900849,1.929863691329956
1627,905959,OV,4.400828,3.7870559692382812
1924,907291,COREAD,1.853787,1.872046947479248
1017,910688,LAML,1.576889,1.6196329593658447
1930,724828,NB,-0.479074,0.34120625257492065
1613,907794,COREAD,3.141166,1.009164571762085
1561,909735,UCEC,1.647121,2.3064770698547363
1578,910687,ALL,4.13243,3.47951078414917
1936,1330947,LAML,0.612614,0.4537031650543213
1862,1298349,SCLC,-0.422723,-0.31431204080581665
1131,907064,UNCLASSIFIED,6.822997,5.5885138511657715
1510,908156,UNCLASSIFIED,2.554842,0.8139199614524841
1918,908123,BRCA,2.054665,2.3878471851348877
1168,683665,MM,2.761263,1.998938798904419
1578,910549,ESCA,5.262259,5.475361347198486
1613,753574,ESCA,3.810714,4.4536848068237305
1925,907280,LAML,4.275705,3.8087399005889893
1621,908443,LUSC,5.780121,5.317178726196289
1180,930297,CESC,-2.556153,0.014041155576705933
1080,909747,COREAD,1.537191,0.9283364415168762
2044,910900,LUAD,2.352416,2.9178855419158936
1093,946353,ESCA,3.595929,3.7862191200256348
1910,1298475,PAAD,3.782393,3.0238242149353027
1630,909249,MM,2.849543,3.027505397796631
1017,909784,SKCM,5.078408,4.8253302574157715
1091,724872,SCLC,2.435118,2.049513578414917
1512,906820,NB,5.447731,4.851240634918213
2047,908483,SCLC,2.146937,2.3169143199920654
1930,1240123,COREAD,0.713536,0.4199378788471222
1042,1290905,BRCA,5.014417,5.5734429359436035
1924,907295,SCLC,5.775793,4.89170503616333
1631,909255,UNCLASSIFIED,0.730773,0.8934202194213867
2044,907317,ESCA,3.538945,2.8125100135803223
1620,908147,ALL,3.78793,3.66406512260437
2048,906835,GBM,-1.533485,0.24639035761356354
1004,1503366,ESCA,-3.225653,-2.3346474170684814
1268,910924,STAD,4.182666,4.962758541107178
1613,1290798,BRCA,3.515286,4.68206262588501
1799,909729,GBM,5.808195,5.1994099617004395
1553,909743,ALL,1.84008,0.9759331345558167
1912,906826,BRCA,2.758705,3.3133668899536133
1620,909976,UNCLASSIFIED,4.295688,4.690909385681152
1564,905965,UNCLASSIFIED,1.500343,2.099823236465454
1507,688031,SCLC,2.548873,3.410278797149658
1918,753573,ESCA,3.564723,2.3663198947906494
1925,907278,LAML,4.777008,4.678094387054443
1068,688001,SCLC,0.185051,0.3816547989845276
1630,906836,UNCLASSIFIED,2.219345,1.680434226989746
1622,909264,UNCLASSIFIED,4.83518,4.542126178741455
2106,1240170,GBM,2.197932,2.2236738204956055
1930,908156,UNCLASSIFIED,-1.932658,-0.9199931025505066
1996,909774,UNCLASSIFIED,4.516405,3.486619472503662
1259,998184,ALL,-0.395039,0.4683952331542969
1624,1240167,ESCA,2.4189,2.434264898300171
1557,910784,UNCLASSIFIED,6.258462,5.475636005401611
1511,753561,HNSC,-0.426907,-2.7076289653778076
2107,910689,COREAD,6.606527,7.38014030456543
1918,909904,PAAD,4.222257,3.315582275390625
1927,1660035,COREAD,6.305416,5.939396858215332
1085,909719,LIHC,2.201518,2.467986583709717
1931,906836,UNCLASSIFIED,1.033842,2.5830163955688477
1620,687586,GBM,5.021207,4.832555294036865
1630,687459,BLCA,4.265066,4.724961757659912
1617,1240216,LIHC,1.971337,2.424607276916504
2047,1327774,UNCLASSIFIED,1.648356,2.3827860355377197
1549,1298169,KIRC,4.046442,4.584861755371094
1613,1298350,LUAD,4.521912,3.8362815380096436
1613,908451,LAML,2.007234,1.270777940750122
1594,908123,BRCA,1.089201,1.7813422679901123
1576,1240136,MESO,3.78073,3.3617241382598877
1168,917486,COREAD,2.883763,2.569814682006836
1873,753615,MM,2.222495,1.9603605270385742
2048,687588,GBM,-2.129866,-2.188385486602783
2109,1240218,PAAD,4.302594,4.90112829208374
1933,753608,LUAD,6.785043,6.085246562957764
1614,924102,THCA,4.037202,4.049407958984375
1073,753573,ESCA,3.345576,4.106940746307373
1177,909256,BRCA,4.757454,3.761937379837036
1553,906848,UNCLASSIFIED,3.247045,3.6645872592926025
1630,910942,UNCLASSIFIED,2.106174,2.7006123065948486
1622,1298222,ESCA,3.675412,4.390100955963135
1057,909732,UNCLASSIFIED,-1.218796,-0.6289116740226746
1615,1240196,HNSC,6.047126,5.439094066619873
1561,906831,UNCLASSIFIED,1.922963,1.7996315956115723
2111,907047,UNCLASSIFIED,0.81764,1.490208387374878
1068,1298358,STAD,2.368155,1.2526416778564453
1093,910904,HNSC,4.751631,4.62564754486084
1922,909703,ALL,2.316753,1.5602314472198486
1926,906846,UNCLASSIFIED,0.472582,-0.26761311292648315
2096,907057,LIHC,3.098061,2.7813148498535156
1005,946382,BRCA,3.718517,4.246211528778076
1617,905957,BRCA,1.94858,-0.1417509913444519
1873,906805,LUAD,0.583871,0.5886059403419495
2040,1290724,HNSC,0.357101,0.8723968267440796
2045,905959,OV,6.637748,6.027624607086182
1627,1240219,PAAD,4.202106,4.218442916870117
1032,905980,KIRC,0.548056,0.7741362452507019
1373,909750,LGG,3.373941,5.07789421081543
1908,1298350,LUAD,2.943846,3.380927801132202
1625,949156,UNCLASSIFIED,5.062897,5.884005069732666
1131,687590,GBM,5.394756,5.704543590545654
1068,906812,BRCA,2.351196,1.6440634727478027
1630,905955,SKCM,4.848427,5.042748928070068
1926,909696,UNCLASSIFIED,1.296011,0.6018015146255493
1010,910401,UNCLASSIFIED,1.544548,2.446589708328247
1918,909780,BLCA,4.43418,3.8675358295440674
1594,909264,UNCLASSIFIED,5.658219,5.279065132141113
1932,753573,ESCA,2.09486,1.624856948852539
1613,688010,SCLC,4.087659,2.946134567260742
1091,909717,UNCLASSIFIED,1.101031,2.4394941329956055
1939,910688,LAML,2.493838,2.1629185676574707
1005,1330942,LAML,3.60411,4.16805362701416
1250,946370,GBM,1.710592,1.3554198741912842
1936,909785,UNCLASSIFIED,1.615404,1.4205135107040405
1179,908159,UNCLASSIFIED,-1.233522,-1.114135503768921
2047,907311,LCML,-1.435858,-0.08629053831100464
1634,907319,ESCA,3.544172,3.8294339179992676
1927,905989,COREAD,5.439028,5.035833358764648
1918,1659928,COREAD,3.008588,3.0673584938049316
1239,753539,UNCLASSIFIED,0.939788,0.9641332626342773
1930,906832,DLBC,0.66229,-0.2952580451965332
1553,1298169,KIRC,3.810609,3.9627766609191895
1932,1331045,DLBC,3.395577,4.446714878082275
1911,910704,BRCA,-3.465757,-4.812671184539795
1932,1299059,HNSC,2.774379,2.865199565887451
1051,687800,LUAD,2.296969,5.635468006134033
1930,907055,STAD,-0.685963,-0.7075026631355286
2096,908443,LUSC,3.7748,3.2900607585906982
1250,909250,KIRC,3.132583,3.317713499069214
1079,907065,BLCA,1.633467,1.6830670833587646
1268,907289,COREAD,5.24152,4.617647171020508
1017,906795,THCA,4.562601,5.269964218139648
1849,924108,COREAD,1.022087,-0.04793909192085266
1563,910705,UNCLASSIFIED,4.330947,4.527607440948486
2047,907058,SKCM,-0.316983,0.19895711541175842
1239,907300,LAML,-0.473125,-0.398229718208313
1088,910688,LAML,-0.117609,-1.2452430725097656
1088,946357,UNCLASSIFIED,-0.438016,0.6554174423217773
1578,906827,UNCLASSIFIED,4.071177,5.144298553466797
1916,1479987,OV,3.316772,2.826395273208618
1996,946361,UNCLASSIFIED,4.801169,3.764369010925293
1375,905934,PRAD,6.432623,6.9536027908325195
1932,1674021,COREAD,2.742321,2.673274278640747
1563,753600,LUAD,6.208105,5.919727325439453
1855,905989,COREAD,2.233585,3.583051919937134
1249,1503371,ESCA,2.715704,2.9801483154296875
1179,1327773,DLBC,-0.029175,-0.1967281699180603
1559,1240187,LUAD,-2.9512,-3.119950532913208
1614,946360,OV,6.072499,5.9107489585876465
1855,906852,UNCLASSIFIED,3.23208,4.710327625274658
1511,1330935,UNCLASSIFIED,-0.900609,-2.14217209815979
1549,1330995,DLBC,4.09652,4.6321587562561035
1909,1240143,LUSC,0.872555,1.1840403079986572
1621,1240184,UNCLASSIFIED,2.307676,4.565463542938232
2047,925348,PAAD,1.02478,2.622739315032959
1511,905958,ALL,-3.897801,-3.3382041454315186
1180,930082,UNCLASSIFIED,-3.174628,-3.879450559616089
1918,1297447,MM,3.708748,3.6346874237060547
1190,909754,UNCLASSIFIED,3.859779,4.020949840545654
1011,910710,LCML,-3.278958,-2.435378313064575
1012,907169,SKCM,0.709902,1.070157527923584
1622,909904,PAAD,6.071557,5.292671203613281
1268,925341,UNCLASSIFIED,4.830695,4.357856273651123
1598,1659928,COREAD,3.817176,3.6014633178710938
1930,907071,LIHC,1.694449,1.9492299556732178
1179,907318,ESCA,-0.317338,0.39744943380355835
1268,907788,PRAD,3.994065,4.4646382331848145
1873,908462,MESO,0.818763,0.6445077657699585
1239,1240179,CESC,1.125602,1.9592010974884033
1931,910919,DLBC,2.606419,2.9337260723114014
1089,1240212,CESC,3.360122,3.651813507080078
1927,724863,UNCLASSIFIED,5.842386,5.049119472503662
1248,906846,UNCLASSIFIED,-6.239794,-5.994012355804443
1054,1298226,LUSC,4.828328,3.7860875129699707
1617,1240127,UCEC,2.096736,3.07016921043396
1593,1290730,BLCA,1.833915,2.5365779399871826
1034,910704,BRCA,-2.727706,-2.338646173477173
1631,905980,KIRC,3.77677,3.5329487323760986
1177,1240179,CESC,5.030631,4.475657939910889
1268,906999,UNCLASSIFIED,4.09695,4.578546047210693
1624,1660036,COREAD,4.794021,3.828228712081909
1068,924239,MM,0.999767,0.46188145875930786
1849,909975,UNCLASSIFIED,1.281331,1.3789424896240234
1786,946382,BRCA,3.235554,2.7277376651763916
1559,909703,ALL,-1.62842,-3.213597059249878
1088,906830,SKCM,2.031857,1.8369734287261963
2096,907794,COREAD,0.25175,-0.5544113516807556
1559,905989,COREAD,-1.163707,-3.2441115379333496
1922,1331036,DLBC,0.455952,-0.15030062198638916
1004,909761,COREAD,-3.689954,-2.3561694622039795
1250,909744,ACC,1.505163,1.1834973096847534
1917,908147,ALL,-0.830163,-0.4633803367614746
1022,908139,STAD,1.317107,0.9543500542640686
1598,907056,UNCLASSIFIED,3.540255,4.411102771759033
1249,908159,UNCLASSIFIED,1.944425,1.6178040504455566
1911,910705,UNCLASSIFIED,-6.012231,-6.482551574707031
1032,1659928,COREAD,0.696727,0.267158567905426
1852,909250,KIRC,4.496603,5.954004764556885
1854,687829,UNCLASSIFIED,5.59997,5.532177925109863
1091,909707,UNCLASSIFIED,1.988878,1.021134376525879
1268,687459,BLCA,5.191227,4.494899272918701
1375,907313,GBM,6.541817,5.810656547546387
1624,1509073,KIRC,3.82221,4.097586631774902
2045,906817,ESCA,6.864836,6.103553771972656
1054,908139,STAD,3.913013,3.7719171047210693
1046,906861,UNCLASSIFIED,1.980151,1.6581735610961914
1559,905968,OV,-3.599954,-3.180356502532959
1190,908470,MESO,0.245619,2.085350751876831
1563,908151,BRCA,4.733394,4.780007362365723
1939,909256,BRCA,0.613585,2.0563557147979736
1618,1298365,OV,3.435053,4.223581314086914
1006,1331033,DLBC,-0.329527,-0.8089043498039246
1248,907273,UNCLASSIFIED,-3.447921,-4.889851093292236
1635,753608,LUAD,6.286178,6.16001033782959
1047,909785,UNCLASSIFIED,2.827232,1.227745532989502
2048,1247871,ALL,-4.583483,-4.435959339141846
1939,1240140,UNCLASSIFIED,2.499625,3.044996500015259
1168,906851,BRCA,3.767951,4.079989433288574
1915,907286,PAAD,3.136141,2.391267776489258
1007,905974,SKCM,-5.074296,-5.55026912689209
1058,906814,SKCM,0.797091,1.0808873176574707
1510,1322212,SCLC,0.354313,1.5281364917755127
1079,753552,BLCA,2.540547,0.6884938478469849
1180,909977,UNCLASSIFIED,-2.639887,-2.3831212520599365
1622,1290798,BRCA,5.345537,4.242606163024902
1915,908152,MESO,2.879904,3.1735782623291016
1576,910698,KIRC,3.084395,2.2912354469299316
1922,1240159,LIHC,4.623782,2.683906078338623
1057,949179,NB,-1.10711,-2.1593267917633057
1799,1298365,OV,3.589349,3.2539494037628174
1013,910941,NB,2.898262,2.9237184524536133
1620,906837,HNSC,4.533571,4.516750812530518
1021,749711,BRCA,3.707724,3.103243350982666
1005,907068,CESC,2.758755,2.118544340133667
1911,907072,UNCLASSIFIED,-6.063452,-4.496607780456543
1058,753610,SCLC,1.054962,1.1598087549209595
1932,925338,BRCA,2.580493,4.180675983428955
1918,910852,BRCA,3.760899,3.1262102127075195
1939,909774,UNCLASSIFIED,2.939257,2.89451265335083
1915,910951,LCML,1.794826,1.5582966804504395
1012,907299,UNCLASSIFIED,0.964208,0.35337620973587036
2107,1503365,ESCA,7.520045,6.963958263397217
1786,909755,COREAD,3.686558,4.795756816864014
1003,1299062,SCLC,-2.393159,-1.6839592456817627
1910,753615,MM,1.531064,2.853621244430542
1190,753615,MM,3.316711,0.4368142783641815
1177,1240144,UNCLASSIFIED,4.982909,4.234647274017334
1930,905957,BRCA,-0.505539,-0.5515963435173035
1614,907065,BLCA,3.559796,4.232449531555176
1003,909770,STAD,-2.441686,-2.6476728916168213
1010,753620,NB,3.472367,3.3420462608337402
1928,1240149,UNCLASSIFIED,3.826482,3.4071848392486572
1180,910851,UNCLASSIFIED,-3.126298,-2.871103048324585
1911,724831,UNCLASSIFIED,-4.659869,-4.383244514465332
1047,908476,LUAD,5.55453,3.8578476905822754
1578,687457,BLCA,5.381306,5.05666971206665
1512,1299080,SKCM,4.941236,5.214371681213379
1862,907061,HNSC,-1.448082,-1.7597522735595703
1873,907298,UNCLASSIFIED,0.748249,0.4468604624271393
1259,905964,MM,3.1587,2.170905828475952
1058,908454,UNCLASSIFIED,1.250664,1.1479315757751465
1060,1659818,MM,-0.233657,-0.257224977016449
1862,909704,BLCA,-2.200105,-1.419895887374878
1940,908446,STAD,2.799786,3.761564016342163
1873,753586,UNCLASSIFIED,1.172127,1.5041189193725586
1940,1240221,UNCLASSIFIED,3.757831,3.497502565383911
1578,949174,NB,4.005588,4.71953010559082
1006,753561,HNSC,2.048609,1.7379755973815918
1925,908472,LUAD,4.765841,5.0504631996154785
1011,1330935,UNCLASSIFIED,-2.785433,-1.305307149887085
1005,1240127,UCEC,5.332828,5.6269755363464355
1179,909780,BLCA,1.464527,0.03200453519821167
1915,1303897,DLBC,3.582009,3.685368776321411
1549,925346,PAAD,3.178326,2.9044082164764404
1560,909774,UNCLASSIFIED,5.289276,5.121034145355225
1911,930298,CESC,-3.178496,-4.0196332931518555
1036,909729,GBM,5.928804,4.057871341705322
1917,1330947,LAML,-0.59136,-1.2016966342926025
1083,906824,CESC,4.015434,3.7793891429901123
1093,1327773,DLBC,4.195367,3.679509162902832
1852,687798,LUAD,6.295511,5.637827396392822
1017,908138,UNCLASSIFIED,5.715413,5.1525654792785645
1003,1503366,ESCA,-2.882568,-2.9536898136138916
1930,946382,BRCA,-0.162037,0.8468710780143738
1512,905952,ALL,4.09512,4.032291889190674
1004,909735,UCEC,-5.671799,-5.748783588409424
1006,722066,LUAD,3.588083,2.030627965927124
1613,907295,SCLC,5.007405,5.614924430847168
1913,908444,STAD,4.692966,3.9530467987060547
1593,910926,BLCA,2.630937,1.6419944763183594
2106,688023,SCLC,0.500029,1.0251034498214722
1011,753589,SCLC,1.864022,1.2124086618423462
1036,910704,BRCA,4.784235,3.808854103088379
1617,753573,ESCA,-3.022276,2.0757718086242676
1268,749717,BRCA,4.071266,4.862127780914307
1060,924244,LUAD,-0.302787,0.5797227025032043
1932,908159,UNCLASSIFIED,1.964272,2.2239415645599365
1034,906838,UNCLASSIFIED,-3.307909,-2.9955992698669434
1091,905958,ALL,2.920121,2.8392446041107178
1593,1298222,ESCA,4.823844,2.3306679725646973
1634,1327774,UNCLASSIFIED,2.638824,2.9176337718963623
1375,906798,BLCA,5.175687,5.362735748291016
1624,1240187,LUAD,3.698366,3.3375775814056396
1912,909718,COREAD,3.241846,2.590190887451172
1073,908146,ALL,4.843377,4.610126972198486
1250,1303900,BRCA,2.41104,4.085442543029785
1613,713878,SCLC,3.017987,3.627103805541992
1249,908473,LUAD,5.586601,5.0887651443481445
1912,908463,LUAD,6.232048,4.675942420959473
1786,1660034,COREAD,4.118921,3.213334321975708
1931,906832,DLBC,4.57888,4.151669025421143
1507,1503363,ESCA,5.671697,4.940400123596191
1849,908476,LUAD,-0.274079,-0.45842379331588745
1854,687590,GBM,5.891984,4.5322794914245605
2044,909905,GBM,2.406439,2.7792367935180664
1578,1240140,UNCLASSIFIED,6.3956,5.332437992095947
1614,925338,BRCA,4.249605,5.867424964904785
1927,910849,UNCLASSIFIED,4.567147,4.500380039215088
1925,908443,LUSC,5.811838,5.298532009124756
1131,908470,MESO,6.098329,4.712033748626709
1032,1240197,OV,3.388581,3.9757704734802246
1598,906814,SKCM,3.030623,4.273394584655762
1996,753574,ESCA,4.81076,4.798717498779297
1006,917486,COREAD,2.953769,2.649153232574463
1004,924240,BRCA,-3.904393,-2.7654097080230713
1594,1240192,SCLC,5.89803,4.282235622406006
1012,906765,MM,-0.249856,0.20724263787269592
1932,910687,ALL,0.37492,0.5909663438796997
1564,907792,COREAD,2.034198,1.8883163928985596
1624,925340,STAD,3.137458,2.453064441680908
1553,907048,BRCA,0.690534,-0.29360926151275635
1007,1247871,ALL,-4.638143,-5.329034328460693
1025,910704,BRCA,4.386445,4.734175682067871
2047,909252,ALL,2.687634,2.6227974891662598
1003,753572,PAAD,-3.28912,-2.9598562717437744
1200,1298349,SCLC,3.217788,2.6743786334991455
1927,907068,CESC,5.153693,5.126355171203613
1079,1240154,THCA,-0.242678,0.9573437571525574
1180,910554,COREAD,-2.195324,-2.6856188774108887
1908,688031,SCLC,3.225451,1.656510353088379
1058,1659818,MM,-1.126361,-1.4228737354278564
1849,906818,SKCM,-1.373969,-0.24548691511154175
1047,924244,LUAD,5.394615,5.430651664733887
1635,1240173,COREAD,5.26695,5.213589191436768
1615,1295740,ALL,4.600798,4.481161594390869
1080,909263,COREAD,0.330145,0.5047512054443359
1191,753562,HNSC,-5.188577,-5.212493896484375
1179,1240168,GBM,0.846915,0.1648341715335846
1005,925345,UNCLASSIFIED,4.841605,4.458598613739014
1007,906814,SKCM,-4.804835,-4.151878833770752
1131,753574,ESCA,7.37026,7.514975070953369
1088,687505,CESC,1.453753,1.9208004474639893
2111,946360,OV,5.25914,5.386189937591553
1199,1240159,LIHC,5.147441,4.147095680236816
1268,688121,UNCLASSIFIED,4.619886,5.226008892059326
1853,949156,UNCLASSIFIED,5.798077,5.047774314880371
1248,688025,SCLC,-5.910085,-5.243043422698975
1049,749709,BRCA,4.412764,4.345072269439697
1908,909777,UNCLASSIFIED,2.301121,0.11292174458503723
1093,906844,BRCA,1.744462,3.0310561656951904
1079,906837,HNSC,-2.373801,-0.4613020420074463
1168,1298358,STAD,4.694881,3.758246660232544
1928,688026,SCLC,4.465906,4.042171955108643
1512,1240160,LIHC,6.342519,6.086026668548584
2045,687452,BLCA,4.969635,5.206416130065918
1849,1240173,COREAD,-0.350681,-2.048015594482422
1088,909746,COREAD,5.921203,5.40578031539917
1925,1660035,COREAD,6.258089,5.5887451171875
1911,909720,UNCLASSIFIED,-4.767786,-4.694138050079346
2044,753573,ESCA,2.23188,2.390857696533203
1250,1240157,LIHC,4.910367,3.2674660682678223
1375,930299,THCA,7.634417,7.454345226287842
1626,907788,PRAD,-0.375549,0.18382546305656433
1057,687506,CESC,-0.204408,-1.188943862915039
1926,687563,GBM,-0.595913,-0.9355403780937195
1996,753539,UNCLASSIFIED,1.763746,2.5807220935821533
1627,687821,LUAD,5.469275,6.0824971199035645
1060,753583,HNSC,2.220335,2.3719229698181152
1549,906851,BRCA,3.647034,4.603899955749512
1089,909747,COREAD,6.52631,7.395188808441162
1997,906833,MB,3.827797,3.6626768112182617
1168,908144,LGG,4.168191,4.034934997558594
1940,687459,BLCA,3.426102,3.5665740966796875
1022,907299,UNCLASSIFIED,0.409731,-0.7400931715965271
1179,1240216,LIHC,1.285882,1.6575229167938232
1049,908141,LAML,3.018508,2.5686147212982178
1093,905979,KIRC,6.31763,5.142238616943359
1049,1290798,BRCA,4.726249,5.0128889083862305
1629,1240218,PAAD,6.253188,6.336925506591797
1928,925343,UNCLASSIFIED,4.863573,5.146858215332031
1563,1327771,LCML,4.252222,3.970170259475708
1996,906872,NB,3.125045,3.7506918907165527
1627,1480362,OV,3.831308,3.5475401878356934
1091,908131,UNCLASSIFIED,1.90377,2.288663387298584
1268,909698,COREAD,4.431995,4.460596084594727
1259,1298475,PAAD,4.514723,4.338934898376465
1913,1240174,UCEC,4.387746,3.991673707962036
1614,909731,UNCLASSIFIED,4.398567,1.8898489475250244
1631,1240186,SCLC,5.511121,4.873936176300049
1003,908129,UCEC,-0.20899,1.1591684818267822
1190,1240128,UNCLASSIFIED,-3.818555,-1.7169098854064941
1598,908443,LUSC,5.090996,4.440789222717285
1925,1240196,HNSC,4.409644,5.572940826416016
1084,1240123,COREAD,-0.94223,-1.7005865573883057
1250,1503362,ESCA,2.396163,1.3964447975158691
1912,907071,LIHC,3.584006,3.4748449325561523
1940,905986,GBM,5.140535,4.608169078826904
1549,1303897,DLBC,5.991933,5.472899436950684
1239,905933,OV,1.59255,2.889622926712036
1598,1330931,LCML,3.070974,2.9386472702026367
1007,907300,LAML,-5.991235,-5.662248611450195
1909,906863,HNSC,2.356034,2.3209187984466553
1996,907323,UNCLASSIFIED,3.110666,2.5173377990722656
1620,909749,BLCA,5.205186,5.371083736419678
2107,910935,DLBC,3.357657,3.4994492530822754
1786,949177,NB,0.712972,1.444382667541504
1060,907295,SCLC,1.409151,-0.37490910291671753
1250,687777,LUAD,3.09607,4.089616775512695
1511,909707,UNCLASSIFIED,-0.248093,0.14055556058883667
1909,909743,ALL,1.662147,3.6542742252349854
1630,688011,SCLC,3.956366,3.79754376411438
1005,1299052,HNSC,5.845879,4.545592308044434
1004,905944,LUAD,-4.383876,-5.129570007324219
1933,1240129,OV,6.137005,5.290281295776367
1911,724859,LUAD,-4.722508,-4.43463659286499
1083,907043,UNCLASSIFIED,2.216795,0.8488051891326904
1576,907268,UNCLASSIFIED,1.439964,1.9167420864105225
2111,1298219,UNCLASSIFIED,5.379661,5.95499849319458
1032,1240189,SCLC,1.223723,0.2503885328769684
1631,909260,ALL,2.02032,1.8867628574371338
1926,1330995,DLBC,-0.402361,0.30797454714775085
1507,905942,LUAD,5.092802,4.566874027252197
1997,906792,SKCM,3.538176,3.137138843536377
1913,1299059,HNSC,4.668839,4.862557888031006
2110,713899,SCLC,4.848085,4.335881233215332
1012,910850,LIHC,1.563868,3.3521158695220947
1007,1299050,HNSC,-2.456593,-3.1394312381744385
1620,910691,UCEC,5.595653,5.398934841156006
1918,906808,SCLC,5.752838,5.135647773742676
2106,910903,SKCM,1.526155,2.386310577392578
1557,684057,UNCLASSIFIED,4.670069,4.602573871612549
1034,907043,UNCLASSIFIED,-3.961603,-4.469225883483887
2107,1298358,STAD,6.44919,5.365611553192139
1799,908138,UNCLASSIFIED,4.512889,2.9940052032470703
1997,909248,MB,3.690713,4.301003932952881
1200,753552,BLCA,1.70239,2.0528311729431152
1912,753563,MM,1.904581,1.8322169780731201
1559,906792,SKCM,-4.202117,-2.6981310844421387
1179,908475,LUAD,-0.643228,0.1135101318359375
1598,907064,UNCLASSIFIED,3.171372,3.588153839111328
1017,909260,ALL,4.729391,3.914653778076172
1038,906862,BRCA,0.711821,1.3286058902740479
1927,1659928,COREAD,4.598396,4.6069560050964355
1593,930298,CESC,1.488545,2.280379295349121
1919,724879,LUSC,2.211188,2.6650054454803467
1511,1240190,LUAD,-1.425682,-0.4582427740097046
1940,1240219,PAAD,3.764132,4.721619606018066
1190,906843,CESC,-1.022707,-0.6764641404151917
1549,1299081,SKCM,4.650266,4.5824480056762695
2110,906877,ALL,2.733491,3.934438467025757
1915,1330993,PRAD,2.8861,2.5213069915771484
1375,910924,STAD,5.194991,5.692264080047607
1925,925346,PAAD,6.335221,5.895780563354492
1250,688031,SCLC,-0.300076,0.7570575475692749
1627,1240141,MESO,4.552655,4.101786136627197
1022,909703,ALL,-0.977173,-1.6132228374481201
1912,1240226,SKCM,3.264406,4.035048484802246
1068,1298534,UNCLASSIFIED,2.468848,2.3132731914520264
1634,687455,BLCA,3.779508,3.7047410011291504
1933,910948,BRCA,7.255015,4.800230026245117
1908,753623,ESCA,2.890175,2.7199783325195312
1058,753575,ESCA,0.827476,0.8373885154724121
1932,687799,LUAD,0.742874,1.191338300704956
2044,906805,LUAD,4.493765,4.230933666229248
2106,1298350,LUAD,0.123839,0.9662880301475525
1630,1290765,UNCLASSIFIED,3.025632,2.8486263751983643
1940,687780,UNCLASSIFIED,3.400786,3.479069232940674
1091,910915,PAAD,1.108264,1.0835797786712646
1854,907783,LCML,3.769308,3.571319818496704
1510,1240144,UNCLASSIFIED,3.026782,3.36564302444458
1915,924105,UNCLASSIFIED,0.458403,-0.07954221963882446
1576,907173,MESO,2.779772,3.087799310684204
2047,909721,LUAD,2.600856,4.018942356109619
1191,910921,SKCM,-6.875025,-6.577781677246094
1932,724879,LUSC,5.467322,4.142721652984619
1627,905968,OV,1.94311,2.5052859783172607
1941,724878,LUAD,-4.334613,-2.0764992237091064
1618,687995,SCLC,3.397096,3.922515869140625
1941,684072,UNCLASSIFIED,-5.939171,-4.588907718658447
1576,907318,ESCA,1.596853,2.4636154174804688
1191,908455,STAD,-4.49635,-4.909204006195068
1617,687457,BLCA,2.822569,2.4552223682403564
1177,906821,PAAD,3.832683,4.58958101272583
1853,910951,LCML,3.794615,3.463751792907715
1510,1503367,ESCA,4.197202,5.423786640167236
2040,906820,NB,-0.94998,-0.2779342532157898
1259,905990,OV,5.253028,4.624684810638428
1629,910951,LCML,3.160084,3.0049920082092285
1594,906836,UNCLASSIFIED,2.968625,3.518678903579712
2045,910915,PAAD,6.49726,6.036899089813232
2047,909744,ACC,-1.041456,1.167100429534912
2044,724838,BLCA,3.464851,2.795700788497925
2043,1240186,SCLC,6.404613,5.659543991088867
1919,909759,UNCLASSIFIED,2.805559,1.8207852840423584
2048,910916,HNSC,-5.070456,-5.827920913696289
1561,907045,BRCA,3.465068,1.7496423721313477
1622,724834,LUAD,5.999838,5.313914775848389
1630,753538,HNSC,3.62156,4.207160472869873
2043,1503370,LUAD,4.665803,4.854091167449951
1003,1240172,BRCA,-1.635276,-1.5247297286987305
1558,1330972,SCLC,2.19828,3.779754161834717
1051,906839,GBM,1.153814,2.0398647785186768
1084,687816,LUAD,-1.126619,-1.6419808864593506
1510,909770,STAD,3.568912,4.821989059448242
1036,687514,CESC,3.592358,4.811680793762207
1557,753618,NB,4.047563,4.639130592346191
2096,1298529,HNSC,4.259394,4.2364115715026855
1006,1240159,LIHC,2.854986,3.070490837097168
1561,905991,OV,2.919014,2.4966979026794434
1375,1240187,LUAD,6.330963,5.9997639656066895
1375,909740,COREAD,7.843728,8.155901908874512
1927,687563,GBM,4.636263,4.528823375701904
1080,946355,ESCA,-1.595713,-4.088170528411865
1512,908455,STAD,5.715334,5.422688961029053
1079,905949,LUAD,-0.463314,1.104126214981079
1088,906861,UNCLASSIFIED,3.372493,2.889763593673706
2106,687807,LUAD,2.551402,4.686893939971924
1593,906833,MB,1.06871,1.199202537536621
1180,1298216,PAAD,-0.928939,-1.7444188594818115
1627,906869,STAD,3.654729,3.136392831802368
1922,908463,LUAD,3.852532,4.097254276275635
2096,910947,LAML,-0.818079,-0.574863851070404
1558,1240142,LUSC,1.278967,0.9900651574134827
2045,924105,UNCLASSIFIED,5.71854,5.0713701248168945
2107,905948,KIRC,5.454399,5.195430755615234
1625,907045,BRCA,4.730039,4.722081661224365
2045,907173,MESO,5.646229,4.524463653564453
1054,1299080,SKCM,4.80877,2.9480080604553223
1631,907783,LCML,1.476914,1.0470050573349
1088,925341,UNCLASSIFIED,2.62914,2.6793503761291504
1621,905975,SKCM,5.595034,4.835268974304199
2110,1299080,SKCM,4.404933,4.431030750274658
2047,907072,UNCLASSIFIED,3.33383,3.2423455715179443
1854,683665,MM,3.109212,3.556333303451538
1614,724870,PAAD,2.778014,3.6262459754943848
2106,908462,MESO,4.023916,3.3336668014526367
1576,753600,LUAD,3.651974,2.93961763381958
1598,905971,COREAD,4.620595,4.0565900802612305
1248,910951,LCML,-6.357684,-7.328193664550781
1910,910947,LAML,-3.052566,-4.133724212646484
1007,907048,BRCA,-4.984563,-4.924060344696045
1622,753573,ESCA,3.146287,3.4240574836730957
1557,1327766,MM,4.230036,4.134427070617676
1054,906827,UNCLASSIFIED,2.686378,2.901261568069458
1510,1330987,UNCLASSIFIED,3.257827,2.663968324661255
1560,1240146,LUAD,4.220316,4.7220048904418945
2107,724838,BLCA,4.326738,4.884549140930176
1635,1479988,OV,6.488546,5.507544994354248
1908,909702,ALL,1.217488,0.10803079605102539
1560,910919,DLBC,2.20379,2.627371072769165
1593,1240145,LUAD,2.228054,2.205420732498169
1054,1290455,LAML,1.119642,1.6174981594085693
1191,906746,GBM,-3.582454,-4.4388508796691895
2106,687995,SCLC,1.7178,2.011983633041382
1190,1330942,LAML,-0.68007,0.3465665280818939
1032,924102,THCA,2.184346,3.421921968460083
1560,1290795,UNCLASSIFIED,3.39622,4.601552486419678
1012,910904,HNSC,1.822075,2.2688844203948975
1629,688031,SCLC,3.556129,2.8881354331970215
1511,949160,UNCLASSIFIED,-1.871001,-3.1844825744628906
1631,1290798,BRCA,5.719274,5.580618381500244
1012,908143,UNCLASSIFIED,0.955987,1.5824460983276367
1924,687514,CESC,1.321476,0.9510206580162048
1510,1298223,LUSC,4.503498,4.052429676055908
1560,907323,UNCLASSIFIED,3.112795,3.184753656387329
1908,1290724,HNSC,3.290089,3.642988920211792
2111,907322,UNCLASSIFIED,3.477608,2.8632454872131348
1940,905945,BRCA,2.636242,3.2667508125305176
1918,687816,LUAD,3.10431,3.0266847610473633
1557,907279,LGG,5.497755,5.434922695159912
1006,687812,LUAD,4.09538,2.8079307079315186
1549,909729,GBM,5.550385,4.308457851409912
1630,907173,MESO,3.466676,3.4842700958251953
2043,906794,UNCLASSIFIED,4.394975,4.706009387969971
1614,905951,BRCA,5.058054,4.655683517456055
2109,909976,UNCLASSIFIED,3.246522,2.9134786128997803
1614,905967,LUAD,2.273746,3.227933406829834
1873,1290813,MESO,0.27843,0.25707125663757324
1512,688014,SCLC,5.969072,5.486419677734375
1631,905968,OV,2.278376,1.5215682983398438
1259,910905,COREAD,5.431524,5.060280799865723
1915,905980,KIRC,2.644853,2.467263698577881
1557,688031,SCLC,4.164559,3.458009958267212
1624,908132,UNCLASSIFIED,0.34603,0.7668647170066833
1177,1240226,SKCM,5.983151,5.539856433868408
1051,1503364,STAD,0.999285,0.2300972193479538
1626,1298157,BRCA,5.513152,3.823587417602539
1629,907276,STAD,4.239839,4.359588146209717
1932,908149,UNCLASSIFIED,3.615363,3.1428427696228027
2096,753538,HNSC,1.353813,2.039000988006592
1372,753574,ESCA,0.288037,-0.04312771558761597
1036,949156,UNCLASSIFIED,5.000599,5.823091983795166
1025,1240124,COREAD,6.7298,5.203958511352539
1627,1503363,ESCA,2.763322,3.634847402572632
1563,905942,LUAD,5.393072,5.4511003494262695
1925,687455,BLCA,5.396792,4.742468357086182
1620,910952,KIRC,5.523214,5.239023685455322
1079,907281,MM,0.960645,2.0374691486358643
1908,1240208,PAAD,2.072736,1.4885663986206055
1058,1240216,LIHC,2.836154,3.25062894821167
1922,749711,BRCA,3.858808,3.9530975818634033
1034,925345,UNCLASSIFIED,-5.15543,-3.849499464035034
1073,910922,KIRC,3.317243,2.6563706398010254
1200,908142,UNCLASSIFIED,1.879076,1.9634897708892822
1629,910911,HNSC,4.910771,5.415070533752441
1909,909701,UNCLASSIFIED,0.313656,-0.04696956276893616
1631,1297449,DLBC,1.250652,1.8855106830596924
1563,1247871,ALL,4.811901,4.5748724937438965
1927,905949,LUAD,4.49188,5.259269714355469
1073,906801,BRCA,5.199278,4.628331661224365
1250,908444,STAD,4.997371,3.349357843399048
1925,908158,UNCLASSIFIED,4.149413,3.7803096771240234
2172,905951,BRCA,3.098801,2.3755404949188232
1557,907057,LIHC,5.294761,4.721189498901367
1080,1240179,CESC,-4.107847,-3.133002519607544
1177,1479988,OV,5.863329,5.060505390167236
1924,905984,LGG,1.942539,1.8615829944610596
1004,1240202,LUAD,-2.492646,-1.7447502613067627
2044,906812,BRCA,3.365118,3.362128257751465
1916,907050,UNCLASSIFIED,4.159233,4.661772727966309
1615,905947,KIRC,5.404132,5.052544116973877
1073,1303900,BRCA,5.449026,5.071653842926025
1936,908458,COREAD,0.959264,0.7934693694114685
1561,1297449,DLBC,-0.897536,-1.562952995300293
1932,1240219,PAAD,4.739251,6.0600690841674805
1022,1240155,STAD,1.344915,1.5998902320861816
1054,724870,PAAD,3.355878,3.617267608642578
2111,946361,UNCLASSIFIED,3.23771,4.551284313201904
1088,749711,BRCA,5.216269,4.838676452636719
1799,907791,MM,6.07006,5.886224269866943
1925,905936,COREAD,4.681101,4.064977645874023
1799,724831,UNCLASSIFIED,5.75903,5.312944412231445
1131,949163,UNCLASSIFIED,5.017626,3.9527485370635986
1940,688086,NB,4.202639,3.1020848751068115
1936,1240142,LUSC,2.712197,2.2497150897979736
1051,924104,THCA,2.145375,2.5907325744628906
2045,910689,COREAD,7.980148,7.885371208190918
1926,688014,SCLC,2.952307,2.1765763759613037
1598,908127,UNCLASSIFIED,3.437832,3.074939012527466
1614,1240197,OV,4.239765,4.471924304962158
1058,908123,BRCA,1.364869,1.307578682899475
1578,908458,COREAD,6.059644,5.592353343963623
1629,908146,ALL,3.256791,3.0226564407348633
1004,907312,BLCA,-4.427156,-5.399526596069336
1786,910780,NB,2.642472,1.8262009620666504
1373,687459,BLCA,6.011552,6.075244903564453
1510,946370,GBM,3.83292,4.454629898071289
1908,906830,SKCM,0.915725,1.3197708129882812
1049,909699,UNCLASSIFIED,6.169718,5.376125812530518
1180,906797,BLCA,-2.339976,-1.941117525100708
1034,906831,UNCLASSIFIED,-3.776431,-3.169463634490967
1613,906831,UNCLASSIFIED,-0.375629,1.5555250644683838
1268,1299081,SKCM,3.872769,4.570068359375
1631,905935,PRAD,5.56477,5.088355541229248
1093,924108,COREAD,3.863202,4.515957355499268
1631,753594,SCLC,2.030722,1.495628833770752
1089,906855,LCML,2.503558,2.3024797439575195
2096,753532,HNSC,2.585245,1.9638521671295166
1006,907268,UNCLASSIFIED,0.206026,-1.3310370445251465
2045,1299081,SKCM,5.366063,4.221274375915527
2047,910933,GBM,0.883127,1.209000587463379
1250,909704,BLCA,0.505655,0.5154297351837158
1561,906812,BRCA,1.782734,1.2897319793701172
1049,907295,SCLC,3.872617,4.541022300720215
1036,1240154,THCA,2.352194,2.317549705505371
2040,1240189,SCLC,0.360839,-0.1617615818977356
1036,907270,CLL,1.181178,0.9049808979034424
1873,907323,UNCLASSIFIED,0.969036,1.3803205490112305
1936,907068,CESC,1.576767,2.6224656105041504
1621,909976,UNCLASSIFIED,3.657798,3.7412948608398438
1924,908136,UNCLASSIFIED,3.244584,2.473708152770996
1931,907783,LCML,4.304645,3.7912886142730713
1941,905941,LUSC,-2.95693,-2.053687572479248
1017,909731,UNCLASSIFIED,3.54402,2.1451711654663086
1627,753576,ESCA,4.022517,3.45194935798645
1852,909697,STAD,4.464305,4.6411519050598145
1088,684057,UNCLASSIFIED,0.568952,0.9160247445106506
1025,909263,COREAD,4.271817,6.566424369812012
1006,909780,BLCA,0.142558,-0.5759207606315613
1091,949164,UNCLASSIFIED,1.457725,0.925907552242279
1930,907299,UNCLASSIFIED,-0.251984,-0.7731191515922546
1578,909748,COREAD,5.573944,5.660788536071777
1561,1240181,NB,-0.07239,0.8380746841430664
1922,753576,ESCA,2.916179,2.6001741886138916
1003,1290807,UNCLASSIFIED,0.831452,0.6481342315673828
1036,905975,SKCM,-0.333971,0.18641969561576843
1248,1240200,OV,-3.21492,-3.950929880142212
1131,1240222,OV,1.824667,2.485055685043335
1372,1240223,THCA,-1.215063,-0.797816812992096
1631,907790,COREAD,4.060495,2.342790126800537
1862,1299078,SKCM,-1.173465,-1.2060866355895996
1512,1240215,UNCLASSIFIED,5.447801,5.429605484008789
1926,687455,BLCA,2.193307,0.5677111148834229
1598,908472,LUAD,3.727752,3.074751615524292
2096,905955,SKCM,1.036799,1.7672500610351562
1089,1298350,LUAD,2.578827,3.3674204349517822
1910,753621,ESCA,1.808467,2.4329099655151367
1034,946358,ALL,-3.387135,-3.452418088912964
2045,910910,BRCA,6.076166,5.226789474487305
1624,949171,NB,2.820816,2.806497573852539
1053,909263,COREAD,4.655978,3.795224905014038
1529,722046,LUAD,0.100562,0.5158410668373108
1080,906812,BRCA,-3.370763,-3.037595748901367
1073,1330995,DLBC,3.212511,3.4023241996765137
1168,909740,COREAD,3.679569,3.27955961227417
1559,907071,LIHC,-0.539457,-0.5921592116355896
1849,724839,CESC,0.614894,1.1930103302001953
1919,909975,UNCLASSIFIED,3.404265,2.8698806762695312
1073,924241,SCLC,8.428598,7.839629650115967
1629,1503365,ESCA,6.170208,6.256651878356934
1917,911905,OV,4.980585,3.6143062114715576
2040,1240198,OV,1.551033,1.6608822345733643
1634,909976,UNCLASSIFIED,3.652016,3.4083685874938965
1375,909713,SKCM,5.814523,5.746946334838867
1191,905986,GBM,-4.716316,-4.439180850982666
1068,907169,SKCM,0.761311,0.5646594762802124
1918,906871,LGG,2.811514,2.9231889247894287
1919,1330995,DLBC,1.680848,1.8874411582946777
1013,925346,PAAD,5.132406,4.4672112464904785
1786,683667,MB,3.520981,1.3509305715560913
1927,753608,LUAD,6.196735,6.348872661590576
1511,910688,LAML,-4.642182,-3.4776241779327393
1179,908451,LAML,-1.314096,-0.40173810720443726
1626,1290809,MESO,3.960489,2.946729898452759
1089,908473,LUAD,4.031674,5.7368903160095215
1512,909713,SKCM,5.622468,5.357327938079834
1080,1298223,LUSC,-3.542158,-1.6061122417449951
1549,1322218,UNCLASSIFIED,5.000121,3.070645332336426
1912,908457,COREAD,1.322873,1.0662261247634888
1615,909977,UNCLASSIFIED,5.337052,5.036403179168701
1089,688021,SCLC,6.237912,5.431249141693115
1997,1322224,STAD,2.836564,2.156888246536255
1249,907047,UNCLASSIFIED,2.580685,3.4565114974975586
2043,910921,SKCM,4.495692,4.944514751434326
2044,1524416,KIRC,2.581839,3.2836267948150635
1049,1503363,ESCA,3.227339,3.495941400527954
1068,910849,UNCLASSIFIED,0.951535,1.7985501289367676
1012,910706,UNCLASSIFIED,0.610372,0.24980852007865906
1557,907291,COREAD,2.857745,4.508640289306641
1507,1503364,STAD,4.466524,4.802313804626465
1593,1480364,OV,2.20164,2.5919039249420166
1007,908472,LUAD,-3.771619,-3.11934757232666
1084,724878,LUAD,0.19739,-0.09927910566329956
1996,905950,KIRC,4.416431,4.0565080642700195
1549,1240183,LUSC,2.456632,1.9815287590026855
1049,910401,UNCLASSIFIED,2.553029,1.9933242797851562
1051,1330947,LAML,-3.94576,-3.786682367324829
1004,905989,COREAD,-5.671325,-6.056245803833008
1529,1240215,UNCLASSIFIED,2.072951,1.9540796279907227
1084,910910,BRCA,-1.182719,-1.6777393817901611
1507,907795,COREAD,5.100138,5.146649360656738
1053,1240151,STAD,1.89879,2.823211193084717
1017,907045,BRCA,4.743871,4.398624420166016
1916,909708,HNSC,2.528175,2.7135751247406006
1058,908483,SCLC,1.494545,1.192833662033081
1576,908444,STAD,2.822577,2.685765266418457
1629,683667,MB,3.935936,4.135993957519531
1909,949165,UNCLASSIFIED,2.353089,1.5726840496063232
1932,1299070,OV,3.289901,3.49554443359375
1013,905958,ALL,2.924796,3.362539768218994
1180,930298,CESC,-2.708513,-2.920124053955078
1557,910700,COREAD,6.16432,6.2483954429626465
1083,908131,UNCLASSIFIED,3.017638,3.6551012992858887
1624,906856,UNCLASSIFIED,0.849304,-0.10277634859085083
1004,753572,PAAD,-5.134259,-4.979491710662842
1249,908149,UNCLASSIFIED,5.258344,4.29555606842041
1180,910906,UNCLASSIFIED,-4.350395,-4.124016761779785
2109,722046,LUAD,1.930977,1.6434848308563232
1091,906856,UNCLASSIFIED,0.028398,-1.2502820491790771
2106,908457,COREAD,1.171487,1.3031632900238037
1200,908147,ALL,1.643749,1.4309935569763184
1630,909748,COREAD,4.628607,5.1780266761779785
1930,1290455,LAML,-0.445531,-0.02145087718963623
1004,906838,UNCLASSIFIED,-4.593845,-5.958882808685303
1625,906853,UNCLASSIFIED,6.634627,6.922557830810547
1941,687983,SCLC,-5.400933,-6.116164207458496
1089,909743,ALL,3.026301,2.5126566886901855
1913,908443,LUSC,5.806234,5.2800774574279785
1131,1509073,KIRC,5.787567,2.929410219192505
1853,907291,COREAD,3.93609,3.2395825386047363
1933,909719,LIHC,3.285619,5.01585578918457
1507,909757,COREAD,5.108021,5.290431976318359
1022,909252,ALL,-0.986794,-1.2599256038665771
1510,930082,UNCLASSIFIED,4.326932,4.4845709800720215
1908,908121,BRCA,4.094168,2.6779091358184814
1849,909781,KIRC,2.213396,0.9033303260803223
1013,1290808,MESO,5.182349,4.797484874725342
1911,908475,LUAD,-3.299568,-4.473808288574219
1631,906801,BRCA,4.990124,3.780977725982666
1927,907277,ALL,3.819876,3.3308122158050537
2107,1240157,LIHC,5.533286,5.169025421142578
1910,909703,ALL,-3.577945,-3.887892961502075
1918,909905,GBM,0.424749,1.2768808603286743
1034,1240217,LIHC,-3.055458,-2.646609306335449
1862,753618,NB,-3.21523,-2.5138347148895264
1006,1240143,LUSC,2.868542,1.7340071201324463
1634,753558,KIRC,4.815229,5.153820514678955
1093,924186,UNCLASSIFIED,5.27879,4.501847743988037
1615,905957,BRCA,3.850642,4.06266975402832
1012,907788,PRAD,0.446071,0.20604193210601807
1912,1298157,BRCA,3.63871,3.0300140380859375
1564,924102,THCA,1.487869,1.778491497039795
1032,908458,COREAD,2.863357,3.5129733085632324
1179,1240212,CESC,0.729705,1.0463660955429077
1248,1240160,LIHC,-4.671802,-3.6631548404693604
1190,971773,UNCLASSIFIED,-5.274235,-4.760869026184082
1910,749710,BRCA,1.417744,1.1056344509124756
1006,907313,GBM,3.968301,2.1891727447509766
1096,910927,BRCA,1.574492,1.1775903701782227
1933,749715,BRCA,2.538492,3.732952117919922
1629,1330942,LAML,5.521508,4.400012969970703
1915,910853,SKCM,2.046345,1.6312603950500488
1036,907046,BRCA,3.456863,4.086501598358154
1563,687505,CESC,5.572063,5.399776935577393
1909,753584,BLCA,1.844356,1.8970298767089844
1932,908138,UNCLASSIFIED,4.313807,2.7976577281951904
1913,1240222,OV,3.89437,4.960390090942383
1268,1298157,BRCA,5.303997,5.24077033996582
1629,909704,BLCA,3.878987,4.420637130737305
1049,909779,UNCLASSIFIED,4.683512,4.384420394897461
2106,908472,LUAD,6.158279,5.851295471191406
1862,924104,THCA,-2.646305,-2.3152480125427246
1004,907172,SKCM,-2.824116,-1.8026506900787354
1191,687568,GBM,-5.037246,-4.297666549682617
1239,1240189,SCLC,1.405559,0.45247188210487366
1012,1240172,BRCA,2.980787,2.0654947757720947
2043,905942,LUAD,4.716088,4.7238054275512695
1631,998189,COREAD,5.136954,3.8027260303497314
1939,1298526,PAAD,2.389277,2.523908853530884
1012,908123,BRCA,1.479903,1.1390068531036377
1557,1240155,STAD,4.396725,4.49443244934082
1925,907064,UNCLASSIFIED,5.138503,4.9547882080078125
2109,910688,LAML,2.165862,1.7988643646240234
1635,908138,UNCLASSIFIED,5.619083,5.757622241973877
1006,753612,MM,2.356795,2.894965648651123
1916,905969,OV,4.431297,3.8858540058135986
1559,1303896,UNCLASSIFIED,-4.243109,-4.445805549621582
1507,1290771,COREAD,5.21949,5.798426151275635
1268,687997,SCLC,5.444117,5.107348918914795
2045,907000,UNCLASSIFIED,3.970076,3.6440210342407227
1057,910916,HNSC,-0.097296,-1.4277124404907227
1179,1240210,UNCLASSIFIED,-0.867431,-0.044346392154693604
1622,909718,COREAD,4.096691,4.706315994262695
1058,1240218,PAAD,4.542437,3.4031176567077637
1549,688086,NB,4.420435,4.345343112945557
1058,946358,ALL,1.015914,0.08127570152282715
1557,908125,SKCM,5.738676,5.104259014129639
2096,1298526,PAAD,4.201635,3.941572666168213
2040,688121,UNCLASSIFIED,1.413517,1.3358511924743652
1560,909904,PAAD,3.073484,4.114994049072266
2110,753575,ESCA,3.869932,5.957081317901611
1911,909785,UNCLASSIFIED,-6.698095,-6.766085147857666
1168,684062,UNCLASSIFIED,3.198964,2.8741602897644043
1622,724872,SCLC,2.742476,2.8887243270874023
1079,1297439,SCLC,3.632877,3.5128817558288574
1634,1240135,MESO,4.659269,4.878997325897217
1936,906794,UNCLASSIFIED,2.227879,2.7509403228759766
1034,687588,GBM,-1.984016,-3.554182291030884
1940,1298539,UNCLASSIFIED,4.409119,4.60640287399292
1930,1240216,LIHC,2.862098,1.1342395544052124
1085,1330972,SCLC,2.011883,2.3478634357452393
1598,910936,HNSC,4.015723,3.9412038326263428
1549,753546,SKCM,5.128375,5.2313456535339355
1191,910905,COREAD,-3.7542,-3.7127206325531006
1634,909785,UNCLASSIFIED,3.61272,2.592698812484741
1559,907172,SKCM,-3.609266,-2.4851021766662598
1912,907066,BLCA,4.098911,4.840556621551514
1629,1503366,ESCA,4.473044,4.3887763023376465
1068,909262,UNCLASSIFIED,0.209432,0.625664234161377
1849,753552,BLCA,-0.932764,-1.635662317276001
1237,907071,LIHC,6.009105,5.810007095336914
1022,1240200,OV,-0.14978,0.38092824816703796
1512,910548,OV,4.933964,5.456649303436279
1089,905939,COREAD,2.446761,3.8672311305999756
1919,909780,BLCA,2.345236,2.510063886642456
1915,909776,UNCLASSIFIED,4.059564,3.3543148040771484
1058,1503366,ESCA,2.644882,2.2998640537261963
1179,949158,UNCLASSIFIED,-1.281734,-1.244002103805542
1617,907169,SKCM,4.88504,1.1648671627044678
1558,910916,HNSC,2.050894,0.7019205093383789
1049,1330987,UNCLASSIFIED,2.652296,2.0368497371673584
1512,753539,UNCLASSIFIED,4.682281,4.372118949890137
1012,909725,SKCM,3.409756,2.572960138320923
1180,906862,BRCA,-4.076208,-3.374060869216919
1635,910853,SKCM,4.612458,4.9430460929870605
1079,906820,NB,-1.230694,1.889589786529541
1854,907289,COREAD,5.148139,4.389052867889404
1563,909753,OV,6.851569,6.430795192718506
1622,1503370,LUAD,4.876226,4.129251956939697
1073,688087,NB,6.757237,5.9747748374938965
2109,1297439,SCLC,2.644525,2.2412924766540527
1093,688121,UNCLASSIFIED,6.380433,5.368776321411133
2109,1240202,LUAD,3.927122,2.3784847259521484
1093,949164,UNCLASSIFIED,4.147247,3.403787851333618
1594,1659823,COREAD,5.029114,5.040876865386963
1006,1330942,LAML,0.352071,2.712190628051758
1239,688010,SCLC,2.048267,1.0054525136947632
2109,1240208,PAAD,4.520953,3.671860933303833
1180,753620,NB,-1.406586,-1.4026482105255127
1085,749711,BRCA,2.289262,2.4924912452697754
1372,687800,LUAD,4.647288,2.5491437911987305
1510,753562,HNSC,3.627369,3.5202980041503906
1006,909257,OV,-0.274387,-0.2952287793159485
1855,907787,ALL,3.070393,2.6743879318237305
1068,1330985,LAML,0.768572,1.2003734111785889
1909,906843,CESC,1.783214,1.7329363822937012
1010,753586,UNCLASSIFIED,4.000034,3.9941158294677734
1051,906861,UNCLASSIFIED,1.863967,2.1046695709228516
1918,924186,UNCLASSIFIED,1.787142,2.9687767028808594
2044,910921,SKCM,3.515414,2.812776565551758
1918,907057,LIHC,4.420268,3.990382432937622
1941,909743,ALL,-5.568292,-3.885362386703491
1925,1330931,LCML,4.746766,4.282177925109863
1373,906832,DLBC,2.088477,3.1604225635528564
1615,1240217,LIHC,5.020925,5.253305912017822
1034,910942,UNCLASSIFIED,-2.110658,-4.215024471282959
2048,946359,BRCA,-1.084444,-1.5329506397247314
1910,906834,MB,-0.333677,-0.1720157265663147
1239,905969,OV,4.056408,3.0409858226776123
2044,687506,CESC,2.642484,3.444223403930664
1631,906843,CESC,2.516017,1.798520803451538
1088,1290724,HNSC,3.710219,3.450507879257202
1917,1330985,LAML,-0.325307,-0.06193891167640686
1529,908159,UNCLASSIFIED,-2.025673,-2.023456573486328
1873,906820,NB,-0.481442,0.5545047521591187
1853,907050,UNCLASSIFIED,6.084119,6.07357120513916
1054,688010,SCLC,4.928592,4.640357971191406
1057,907790,COREAD,-3.123143,-2.3891067504882812
1049,1298538,LUSC,3.988731,4.147336959838867
1922,908457,COREAD,1.632432,1.3724385499954224
1032,906827,UNCLASSIFIED,1.388827,1.8694100379943848
1927,907290,UNCLASSIFIED,5.163628,5.748113632202148
1922,687815,LUSC,1.296959,1.822969913482666
1007,905944,LUAD,-4.563211,-4.463157653808594
1910,905989,COREAD,1.438287,1.9165480136871338
1179,1290765,UNCLASSIFIED,0.063649,1.2637593746185303
1927,1503367,ESCA,6.062089,5.7465081214904785
1250,905951,BRCA,2.300048,1.6533558368682861
1073,688031,SCLC,3.389342,2.8765015602111816
1931,1297446,ALL,4.257408,3.665192127227783
2096,907269,CLL,1.751865,2.3200106620788574
1557,1247871,ALL,4.59639,4.254921913146973
1930,1240212,CESC,1.206641,2.3575875759124756
2109,909720,UNCLASSIFIED,2.642472,2.9777846336364746
1930,925345,UNCLASSIFIED,1.554281,0.8058479428291321
1927,683665,MM,4.458436,3.9247210025787354
1012,930297,CESC,3.259006,2.9550626277923584
2106,724868,LUAD,4.408463,2.857428789138794
1049,909773,DLBC,2.856853,2.992753028869629
1911,909746,COREAD,-1.527545,-2.26568603515625
1003,906873,GBM,-4.526351,-3.7759945392608643
1032,910927,BRCA,2.97682,1.6410431861877441
1060,722066,LUAD,-0.062025,1.1052370071411133
2043,906797,BLCA,4.546537,4.919259071350098
1559,1327774,UNCLASSIFIED,1.001856,-1.1975822448730469
1561,1240136,MESO,4.142373,2.8768086433410645
1034,909779,UNCLASSIFIED,-3.39535,-1.9964041709899902
1561,910549,ESCA,1.459031,0.7394848465919495
1054,906855,LCML,2.939193,2.5035018920898438
1088,749715,BRCA,3.241979,3.829746723175049
1598,753586,UNCLASSIFIED,3.861732,3.6372036933898926
1909,907298,UNCLASSIFIED,2.733411,2.1335561275482178
1557,908476,LUAD,4.383959,4.78682804107666
1924,906877,ALL,1.634421,1.9281229972839355
1617,907273,UNCLASSIFIED,-4.316521,1.3684910535812378
1862,1240155,STAD,-0.938497,-1.5379762649536133
2109,1327775,MM,1.783405,1.8431899547576904
1927,910687,ALL,4.29627,3.87672758102417
1598,753607,UNCLASSIFIED,3.705668,3.6498119831085205
1912,1322224,STAD,0.667961,0.5664740204811096
1559,949160,UNCLASSIFIED,-4.075113,-3.561835289001465
1615,1298226,LUSC,5.628114,5.13217306137085
2040,1290808,MESO,1.730287,1.2292760610580444
1849,1298539,UNCLASSIFIED,0.494253,1.8136842250823975
1047,924100,PRAD,2.562728,3.473505735397339
1032,1303912,UNCLASSIFIED,1.886753,2.4424185752868652
1918,905955,SKCM,4.397056,4.128574371337891
1630,949171,NB,3.202231,4.244909763336182
1268,910932,SKCM,4.651376,4.415102005004883
1916,907291,COREAD,1.811845,1.792546272277832
1576,687561,GBM,2.464026,2.664228916168213
1617,910915,PAAD,3.879947,3.972008466720581
1849,905941,LUSC,0.870187,2.9876325130462646
1060,907062,HNSC,0.475143,1.397059440612793
2096,907072,UNCLASSIFIED,2.07233,3.739074468612671
1250,1330995,DLBC,2.667289,2.7331056594848633
1046,1503361,ESCA,1.545047,1.3433165550231934
1511,909716,UNCLASSIFIED,-1.464285,-1.3030858039855957
1060,683667,MB,1.459241,1.7204744815826416
1918,1290798,BRCA,2.54581,1.5752487182617188
1079,910853,SKCM,2.190656,2.321924924850464
2045,1240186,SCLC,6.230846,5.110189437866211
1932,905937,COREAD,2.069233,2.4225308895111084
1025,1330941,BRCA,6.252207,6.135776996612549
1634,909743,ALL,4.136438,3.5418713092803955
1928,1303912,UNCLASSIFIED,4.021184,4.788549900054932
1053,1331038,DLBC,3.83161,3.4580671787261963
1239,909256,BRCA,2.480577,2.1237800121307373
1915,907287,COREAD,1.257895,1.549079179763794
1627,1298347,LUAD,2.447083,2.836055040359497
1131,906873,GBM,3.238834,3.0770435333251953
1068,1298169,KIRC,1.346822,1.1452670097351074
1919,906814,SKCM,2.541307,1.9194116592407227
1510,908454,UNCLASSIFIED,3.134565,1.7534348964691162
1191,910705,UNCLASSIFIED,-5.568641,-5.874327182769775
1931,905937,COREAD,5.634614,5.0710673332214355
1631,908138,UNCLASSIFIED,2.898699,2.3270273208618164
1200,1290908,LUAD,2.274354,3.003720760345459
1006,906824,CESC,2.982856,1.9310872554779053
1622,909263,COREAD,5.631437,5.240365982055664
1854,1327769,DLBC,1.984053,4.2667717933654785
1630,910569,COREAD,4.547873,4.364823818206787
1915,906843,CESC,1.891625,1.0372765064239502
1013,1298151,LIHC,4.200016,4.2239203453063965
1925,906808,SCLC,4.563265,4.7691521644592285
1199,1322212,SCLC,4.200604,1.9517247676849365
1190,910852,BRCA,1.550511,0.7851883172988892
1012,905960,BRCA,0.891842,1.2122249603271484
1083,909785,UNCLASSIFIED,2.554687,1.3929189443588257
1553,687590,GBM,2.339855,3.395479440689087
1007,906833,MB,-6.343596,-6.581948757171631
1053,908441,,2.352143,1.8772914409637451
1799,749717,BRCA,4.35272,5.183439254760742
1089,906693,PAAD,4.998747,4.071048259735107
1564,906827,UNCLASSIFIED,3.027186,2.3873753547668457
1083,905941,LUSC,4.981862,5.115244388580322
2096,908128,SKCM,3.021294,2.87434983253479
2106,909907,BRCA,2.975906,3.4433090686798096
1855,688014,SCLC,5.002123,5.306854248046875
1930,908127,UNCLASSIFIED,0.551589,-0.5756704211235046
1239,949163,UNCLASSIFIED,0.151794,0.534113883972168
2109,906863,HNSC,3.11588,3.374873161315918
1047,909260,ALL,3.668733,3.802027940750122
1017,753607,UNCLASSIFIED,4.124378,3.2845299243927
1510,909749,BLCA,4.105501,4.671361446380615
1237,1290905,BRCA,6.900355,6.638332366943359
1617,906826,BRCA,5.335711,5.233616828918457
1941,910568,THCA,-4.855145,-3.8864948749542236
1559,906851,BRCA,-0.969482,-1.9767177104949951
1576,753614,ESCA,3.04094,2.787099838256836
1630,1240142,LUSC,2.979738,2.624624490737915
1621,1240208,PAAD,5.912126,5.026564121246338
1054,930298,CESC,5.380742,4.192283630371094
1559,687798,LUAD,2.74313,-0.30954116582870483
1006,1480362,OV,4.669351,3.6003305912017822
1079,910944,ALL,1.586182,0.8489065170288086
1083,909251,ALL,0.930994,0.49609270691871643
1010,1298157,BRCA,3.927934,3.252793312072754
1617,910548,OV,4.367486,4.0555100440979
1908,905951,BRCA,5.9383,4.211660861968994
1168,753575,ESCA,-0.124972,0.46627354621887207
1918,687561,GBM,1.912013,1.1850199699401855
1237,1298352,UNCLASSIFIED,8.741712,8.159075736999512
1614,907069,UNCLASSIFIED,3.454444,3.85990309715271
1013,907071,LIHC,5.047156,4.228342056274414
2047,907300,LAML,-0.038787,0.7283106446266174
1855,1327766,MM,3.184571,2.948639154434204
2040,930299,THCA,-0.400934,2.9257426261901855
1053,905937,COREAD,2.431818,2.16852068901062
1017,908143,UNCLASSIFIED,4.278909,4.180326461791992
2110,907273,UNCLASSIFIED,1.791724,2.7216672897338867
1613,753556,LUSC,-0.125914,0.8350541591644287
1564,1240196,HNSC,3.704615,3.2000715732574463
1922,1240121,HNSC,2.030624,2.8287384510040283
2110,924110,UNCLASSIFIED,5.190727,4.161620616912842
1931,1240174,UCEC,5.521399,5.233351230621338
1248,909737,LIHC,-4.468395,-3.948347806930542
1909,910951,LCML,1.050805,-0.07923632860183716
1918,907169,SKCM,3.735471,3.520164728164673
1068,1247871,ALL,-0.688701,1.0216946601867676
1051,1240172,BRCA,4.305346,5.260054111480713
1010,1479988,OV,3.358374,3.8611960411071777
1631,905976,SKCM,3.44973,3.073035478591919
1200,910546,PAAD,3.020863,3.282118082046509
1632,909778,BRCA,4.231745,4.089145660400391
1911,909723,SKCM,-3.036591,-0.7304869294166565
1084,907311,LCML,-3.663565,-2.7258780002593994
1626,907285,PAAD,2.691828,3.2693934440612793
1010,905944,LUAD,2.480429,3.288463830947876
1908,909262,UNCLASSIFIED,2.272885,2.566812753677368
1924,687980,SCLC,2.595191,2.2843220233917236
1618,906853,UNCLASSIFIED,5.303032,5.522818565368652
1909,1298533,PAAD,1.985365,2.1496217250823975
1849,906834,MB,-0.56739,-2.6940290927886963
2110,907299,UNCLASSIFIED,5.968045,4.84174919128418
1373,749713,BRCA,7.102539,5.572707176208496
1925,907173,MESO,4.123865,5.2330756187438965
1057,910401,UNCLASSIFIED,-2.730656,-1.7937159538269043
1085,753623,ESCA,3.368884,2.5101826190948486
1621,1503366,ESCA,5.156729,6.136612415313721
1268,753616,NB,4.712235,4.78779411315918
1997,688031,SCLC,3.166394,3.0264482498168945
1068,907047,UNCLASSIFIED,0.858224,-0.06392040848731995
1060,908150,MESO,1.801254,1.262758731842041
2045,907794,COREAD,4.924342,5.705366611480713
1564,905972,LUAD,2.010537,1.797731876373291
1549,1674021,COREAD,5.502051,4.631042957305908
1268,905984,LGG,4.33307,3.7666008472442627
1549,1240158,LIHC,4.272373,3.9085135459899902
1237,906830,SKCM,5.657232,6.429036617279053
1200,1240179,CESC,2.911035,2.398395538330078
1190,908458,COREAD,3.695926,1.752596378326416
1237,905986,GBM,6.205938,5.312828540802002
1615,910905,COREAD,5.833279,5.612922668457031
1089,910694,GBM,6.631439,6.449283123016357
1909,924102,THCA,2.122853,2.4104983806610107
1088,688010,SCLC,2.671955,1.6098318099975586
1911,905948,KIRC,-4.149329,-4.445573329925537
1047,909713,SKCM,3.298585,2.3045690059661865
1180,909729,GBM,-3.103902,-1.9584765434265137
1012,1327766,MM,0.247144,0.5356740355491638
1549,906824,CESC,1.695628,1.455397367477417
1620,1290908,LUAD,4.907383,5.257102012634277
2110,687800,LUAD,7.50736,6.471581935882568
1873,924104,THCA,0.682934,0.6973793506622314
1557,1240184,UNCLASSIFIED,5.631952,4.79127311706543
1259,753584,BLCA,3.364206,2.9678173065185547
1786,909732,UNCLASSIFIED,3.932044,2.9411239624023438
1635,909744,ACC,4.568727,4.403177261352539
1011,722066,LUAD,4.055722,2.350454568862915
1915,909749,BLCA,2.830021,2.9470484256744385
1598,1327775,MM,3.341484,3.2105929851531982
1927,930082,UNCLASSIFIED,5.281048,4.512030601501465
1003,1298358,STAD,-2.799064,-1.4025590419769287
1629,1330985,LAML,3.427866,2.9101598262786865
1799,687997,SCLC,6.020464,5.187321662902832
1068,907299,UNCLASSIFIED,1.71376,0.4985724985599518
1004,1322212,SCLC,-3.305044,-3.413090705871582
1916,909784,SKCM,1.940649,1.9118773937225342
1057,907317,ESCA,-3.354272,-1.8017809391021729
2046,1240190,LUAD,3.906015,4.306267738342285
1939,905933,OV,2.080824,2.2143654823303223
1047,1327774,UNCLASSIFIED,3.659039,4.528179168701172
1237,907298,UNCLASSIFIED,5.298451,4.729218482971191
1917,909704,BLCA,1.026096,1.3983761072158813
1553,909774,UNCLASSIFIED,3.463687,3.7410471439361572
1004,909780,BLCA,-4.315227,-4.447569370269775
1925,949171,NB,4.734533,4.19514799118042
1093,1298141,PAAD,4.662237,4.9551682472229
1268,753574,ESCA,5.217671,5.131491184234619
1919,909248,MB,2.485856,3.186490535736084
1621,924105,UNCLASSIFIED,5.400369,4.055319309234619
1190,687799,LUAD,2.892263,-2.240920066833496
1598,749714,BRCA,3.751528,3.9076955318450928
1558,905971,COREAD,2.031318,3.2549197673797607
1032,753546,SKCM,4.206978,3.2015888690948486
1046,1331038,DLBC,-0.451166,0.3549461364746094
1054,910546,PAAD,3.118859,4.037234783172607
1013,1240153,SKCM,2.827403,2.4009366035461426
1558,907299,UNCLASSIFIED,1.751111,2.652439594268799
1190,1503362,ESCA,-1.206036,-0.04095661640167236
1180,906842,DLBC,-3.964157,-4.818120956420898
1917,909703,ALL,0.873782,0.4829464256763458
1239,906814,SKCM,1.836467,3.5999624729156494
1011,908470,MESO,2.875798,3.591371774673462
1853,1240173,COREAD,3.924982,3.8979129791259766
1613,713899,SCLC,3.678563,2.7919816970825195
1239,910698,KIRC,1.793641,1.3708999156951904
1268,907299,UNCLASSIFIED,4.332832,4.2371416091918945
1614,749714,BRCA,4.255038,5.079862117767334
1626,909773,DLBC,2.952328,1.5176854133605957
2040,908440,NB,-0.661206,-0.5169926881790161
1618,907791,MM,3.564919,4.734282970428467
1621,909701,UNCLASSIFIED,2.227762,2.4817452430725098
1908,909746,COREAD,2.262593,3.2834455966949463
1912,907271,LGG,2.196066,1.7768702507019043
1563,1330985,LAML,3.975883,3.986569881439209
1918,907173,MESO,4.225371,3.582070827484131
1089,1290807,UNCLASSIFIED,6.356093,6.483036041259766
1249,724859,LUAD,4.046053,3.3020546436309814
1179,906999,UNCLASSIFIED,0.435155,2.0415611267089844
1034,1240167,ESCA,-2.899162,-3.69655442237854
1940,949179,NB,2.530328,2.7671737670898438
1625,1479988,OV,6.42578,5.611721992492676
1512,1480372,OV,6.254562,6.1930341720581055
1060,1503366,ESCA,2.109732,0.4853515625
1930,1240122,HNSC,1.215573,1.2392432689666748
1932,687588,GBM,2.700116,3.868455648422241
1512,1298538,LUSC,5.925223,5.594627857208252
1010,910692,SCLC,3.313278,3.613593578338623
1058,909255,UNCLASSIFIED,0.053788,0.13355609774589539
1862,906800,UNCLASSIFIED,-2.29721,-2.1523635387420654
1237,687798,LUAD,5.434017,5.610193252563477
1936,907287,COREAD,3.002445,2.9172255992889404
1614,687457,BLCA,5.938678,4.328799247741699
1997,909757,COREAD,5.88614,3.7062435150146484
1073,910910,BRCA,3.027332,4.180668830871582
1200,724825,MM,2.562934,2.1430747509002686
1786,1240212,CESC,2.695354,2.8889358043670654
1910,909697,STAD,2.844405,0.6838299036026001
1006,910906,UNCLASSIFIED,-1.148412,-1.2067372798919678
1928,910933,GBM,3.256364,3.6331393718719482
1622,907794,COREAD,4.970353,4.323720455169678
1034,909749,BLCA,-5.481228,-4.642462730407715
1915,907323,UNCLASSIFIED,2.525895,2.8210160732269287
1083,688121,UNCLASSIFIED,3.291346,4.1370649337768555
1563,910922,KIRC,4.407548,5.497672080993652
1917,910779,UNCLASSIFIED,5.493353,5.052271842956543
1250,910700,COREAD,2.568523,5.029153823852539
1996,906868,LGG,3.73953,4.067108631134033
1088,753576,ESCA,5.704544,5.4318437576293945
2106,907056,UNCLASSIFIED,1.923938,1.6748740673065186
1593,906853,UNCLASSIFIED,5.789864,5.230103969573975
1249,1240168,GBM,2.996715,3.4705607891082764
1003,949094,GBM,-3.64519,-3.7697746753692627
1853,910691,UCEC,4.522844,3.949103593826294
1268,713899,SCLC,5.282148,4.906662464141846
1578,749709,BRCA,4.9784,4.667377471923828
1010,924104,THCA,4.305596,3.617354393005371
1511,687455,BLCA,-0.672178,-1.3462302684783936
1011,1524416,KIRC,0.867439,1.7187068462371826
1003,910943,GBM,0.014211,0.5321813225746155
1927,1240174,UCEC,4.246176,4.208169460296631
1917,907312,BLCA,0.710195,1.1330034732818604
1375,753607,UNCLASSIFIED,5.53947,5.19019889831543
1618,687452,BLCA,3.178047,4.40083646774292
2109,998184,ALL,1.725634,1.92169189453125
1615,687815,LUSC,4.066866,4.799989700317383
1084,1299062,SCLC,-1.967205,-0.6612482666969299
1873,909784,SKCM,1.501191,1.5854532718658447
1626,905989,COREAD,1.566542,0.8520026206970215
1168,1240131,MESO,4.337311,3.9265592098236084
1849,908143,UNCLASSIFIED,-0.005361,-0.6638405919075012
1918,1290724,HNSC,2.666771,1.5834619998931885
1248,910948,BRCA,-5.738891,-4.6457953453063965
2111,753621,ESCA,5.705833,5.846933841705322
1919,909723,SKCM,4.098518,3.853044033050537
2040,1303896,UNCLASSIFIED,-0.065072,-0.06749281287193298
1511,1240173,COREAD,-2.897392,-2.156050682067871
1594,687561,GBM,5.2836,4.803291320800781
1006,1240132,MESO,3.458734,6.057061672210693
1036,910906,UNCLASSIFIED,3.387537,3.309030055999756
1177,753594,SCLC,2.359279,2.8718769550323486
1932,1240131,MESO,6.095513,5.194630146026611
1624,907053,LAML,1.631416,1.616863489151001
1168,1503364,STAD,-0.735051,-0.02148991823196411
1190,753561,HNSC,1.044808,0.932694673538208
1080,907271,LGG,-3.514684,-1.9072654247283936
1617,908127,UNCLASSIFIED,1.433522,1.0108873844146729
1941,909755,COREAD,-3.571441,-4.41805362701416
1626,749709,BRCA,5.244217,4.3655877113342285
1621,909251,ALL,1.43114,2.1101021766662598
1629,906847,UNCLASSIFIED,3.464561,3.8075523376464844
2111,910926,BLCA,3.697515,2.5732665061950684
1618,906863,HNSC,2.453666,2.7182657718658447
1615,910900,LUAD,4.832032,4.770097732543945
1564,910904,HNSC,2.596145,1.971672534942627
1168,924100,PRAD,3.704638,3.7794878482818604
1080,910784,UNCLASSIFIED,-0.824556,-0.33785682916641235
1564,909708,HNSC,-0.540997,-0.3921307921409607
1190,1240209,STAD,0.648551,2.557607650756836
1940,749712,BRCA,3.300461,3.8326256275177
1051,907291,COREAD,0.922675,-0.4254724383354187
1036,905974,SKCM,2.286051,1.9403162002563477
1620,907286,PAAD,5.791203,5.748393535614014
1915,908465,LUAD,2.185846,2.711742877960205
1199,909721,LUAD,6.269188,5.7693657875061035
1054,908448,LAML,1.514499,0.9474790692329407
1529,910692,SCLC,0.915195,0.1451922059059143
1620,906696,THCA,4.927036,4.744284152984619
1630,1290809,MESO,3.320892,4.941384315490723
1084,909249,MM,-4.836085,-4.984457492828369
1622,909776,UNCLASSIFIED,4.102897,4.806035041809082
1194,924108,COREAD,2.935672,2.0388855934143066
1549,1240160,LIHC,6.240249,5.511526107788086
1919,753575,ESCA,-0.66198,0.18315914273262024
1911,910689,COREAD,-1.459995,-0.40801674127578735
2045,688001,SCLC,4.533769,4.001967430114746
1928,1503366,ESCA,5.457832,5.4698286056518555
1936,907319,ESCA,2.809517,3.0924582481384277
1084,1331045,DLBC,-1.571471,-2.401793956756592
1909,753562,HNSC,2.415484,2.2212209701538086
2043,1298157,BRCA,4.230709,4.692768096923828
1912,906868,LGG,1.99653,1.9442224502563477
1010,1240145,LUAD,3.693607,3.453831195831299
1853,1298136,PAAD,3.025595,3.3315446376800537
1627,753616,NB,3.157871,2.722519874572754
1625,1298348,LUAD,5.705502,6.531179904937744
1852,909740,COREAD,8.333391,6.956533908843994
1010,946382,BRCA,3.326865,3.219061851501465
1578,906844,BRCA,4.379069,3.583477020263672
1625,908463,LUAD,5.380847,6.309840202331543
1615,1290812,MESO,7.931266,7.418383598327637
1626,908458,COREAD,3.128175,3.176553964614868
1068,724869,PAAD,2.660595,1.338527798652649
1916,905983,GBM,3.313971,3.181258201599121
1268,907048,BRCA,4.8811,3.86257004737854
1931,907067,SKCM,5.217413,5.403048515319824
1190,753612,MM,2.913571,-0.09364008903503418
1997,724831,UNCLASSIFIED,5.441288,4.587612628936768
1613,909250,KIRC,3.234978,2.9521939754486084
1177,908129,UCEC,4.370182,5.233215808868408
1916,908126,LCML,4.731664,3.6433157920837402
1854,683667,MB,5.075134,4.213615417480469
1007,1327773,DLBC,-4.804033,-5.137858867645264
1916,753556,LUSC,1.870115,0.9110453724861145
1079,909753,OV,1.264202,1.7928712368011475
1036,909975,UNCLASSIFIED,6.30308,5.838436603546143
1032,905948,KIRC,1.959552,1.8650503158569336
1046,1298218,PAAD,2.903211,3.925333023071289
1561,1290807,UNCLASSIFIED,0.439904,0.7279316186904907
1089,910907,PAAD,5.256848,5.693248748779297
1624,971773,UNCLASSIFIED,3.704269,4.904242038726807
1375,687800,LUAD,6.876134,8.086042404174805
1180,906846,UNCLASSIFIED,-3.537052,-2.609095335006714
1594,906865,SKCM,4.03978,4.158346176147461
1012,683665,MM,0.653621,0.16065186262130737
1004,687800,LUAD,2.404839,0.38449910283088684
1060,906849,UNCLASSIFIED,1.632117,1.5076324939727783
1179,909975,UNCLASSIFIED,1.183856,2.3799569606781006
1854,713899,SCLC,4.0981,5.107871055603027
1237,687995,SCLC,5.012448,4.403956890106201
2040,907066,BLCA,2.841387,2.9801137447357178
1032,906871,LGG,1.847115,1.9068303108215332
1917,908125,SKCM,4.416934,3.7928690910339355
1626,910784,UNCLASSIFIED,5.99017,2.8078131675720215
1047,909974,KIRC,3.975319,3.861447334289551
1553,907067,SKCM,1.067459,0.5840574502944946
1012,688121,UNCLASSIFIED,2.798743,2.4264979362487793
2110,909779,UNCLASSIFIED,4.908983,5.172431945800781
1625,1240127,UCEC,4.660336,5.291013240814209
1375,1240132,MESO,6.133172,7.053103923797607
1799,1298533,PAAD,5.85601,5.739938259124756
1084,908451,LAML,-2.161124,-2.5012478828430176
1510,908446,STAD,1.86975,2.7043402194976807
1631,924239,MM,1.559417,1.6193263530731201
1917,1303897,DLBC,0.33132,0.18730899691581726
1931,1240123,COREAD,4.745331,4.839596271514893
1060,905959,OV,3.080011,2.713801383972168
1248,908123,BRCA,-4.423273,-4.3691816329956055
1593,906827,UNCLASSIFIED,3.967935,2.3143391609191895
1239,1299059,HNSC,3.35174,2.5965523719787598
1058,905937,COREAD,0.372938,0.7395077347755432
1919,1299052,HNSC,0.946688,0.36419877409935
1613,724859,LUAD,1.927016,2.0745697021484375
1630,908463,LUAD,2.797026,5.438323974609375
2045,906828,THCA,4.39118,4.690981388092041
1855,688021,SCLC,7.589231,5.784293174743652
1916,1247871,ALL,2.513817,3.0000860691070557
1614,909264,UNCLASSIFIED,3.565783,3.1155903339385986
1190,905949,LUAD,-3.559694,-2.8441267013549805
1007,924107,CESC,-6.597014,-6.597801685333252
1621,908463,LUAD,6.855867,6.305722236633301
1908,687799,LUAD,0.968838,0.3965546786785126
1091,1240200,OV,2.568566,2.496140718460083
2106,753569,LUSC,-0.011623,0.45945051312446594
1089,909697,STAD,3.045706,1.5608148574829102
1249,907314,NB,2.867702,2.8484268188476562
1629,1299078,SKCM,5.374255,5.066091537475586
1852,1331032,DLBC,4.164905,4.231276035308838
1925,906833,MB,4.612251,4.386703968048096
1047,907280,LAML,4.788047,3.8204123973846436
1005,910900,LUAD,1.603736,1.4304556846618652
1926,687800,LUAD,2.067195,2.231445789337158
1080,907299,UNCLASSIFIED,-4.234909,-2.910130262374878
1003,684072,UNCLASSIFIED,-5.109751,-5.11102294921875
1088,906843,CESC,2.530765,2.921888589859009
1046,910942,UNCLASSIFIED,0.575826,0.3923335671424866
1910,905933,OV,2.875623,2.1537506580352783
1006,949158,UNCLASSIFIED,-0.42653,-1.1285622119903564
1922,909717,UNCLASSIFIED,1.584531,1.6321158409118652
1375,1240200,OV,6.991193,7.177643775939941
1057,908152,MESO,-0.360637,0.1644045114517212
1629,907275,LAML,3.669063,3.1157078742980957
1017,949177,NB,3.054555,2.457601547241211
2040,909770,STAD,1.364165,0.41457393765449524
1268,909708,HNSC,3.933111,3.649418354034424
2045,687807,LUAD,6.987173,6.17128324508667
1010,1240209,STAD,2.417635,3.252964496612549
1622,908149,UNCLASSIFIED,4.397116,3.7480382919311523
1237,1298223,LUSC,5.244535,5.096269607543945
2043,688027,SCLC,4.775923,4.318201541900635
1912,909759,UNCLASSIFIED,2.983716,2.5610413551330566
1083,910569,COREAD,1.82303,2.6599314212799072
1088,1240196,HNSC,2.655701,2.484692335128784
1854,949094,GBM,5.09391,4.842068195343018
2044,1298222,ESCA,3.883746,4.338652610778809
1635,1240215,UNCLASSIFIED,4.036441,5.398921489715576
1909,1240159,LIHC,3.161844,2.3391261100769043
1913,753624,PAAD,5.57083,5.359333038330078
1558,924108,COREAD,1.541101,2.7656712532043457
2044,971773,UNCLASSIFIED,1.660399,2.46057391166687
1627,684052,UNCLASSIFIED,2.335958,2.1388447284698486
1559,909737,LIHC,-3.674211,-2.192960500717163
1996,917486,COREAD,3.872365,4.324416160583496
1634,1298475,PAAD,5.109914,4.352027893066406
1617,753563,MM,1.717018,0.5352230072021484
1918,949157,UNCLASSIFIED,3.218228,2.5984208583831787
1057,684072,UNCLASSIFIED,-2.851514,-3.09492564201355
1625,687787,LUSC,5.805913,4.959237575531006
2111,1503367,ESCA,1.517818,0.6710378527641296
1563,907270,CLL,5.092914,3.8101844787597656
1060,910710,LCML,-1.048056,-1.1431326866149902
1046,909774,UNCLASSIFIED,0.99705,1.7070097923278809
1913,1659928,COREAD,4.129554,4.132493019104004
2107,907276,STAD,6.52898,5.904911041259766
2107,906820,NB,2.710329,4.713134288787842
1927,1240189,SCLC,3.897569,3.878628969192505
1553,910544,LCML,2.485535,1.819685459136963
1629,949153,ALL,3.175171,3.1983866691589355
1873,905955,SKCM,1.460202,1.7856948375701904
1006,908455,STAD,-0.169055,0.028649359941482544
1625,753539,UNCLASSIFIED,3.544816,4.068074703216553
1910,1331032,DLBC,-1.098183,-0.5717242360115051
1250,909735,UCEC,1.58469,0.9910439848899841
1915,687985,SCLC,2.883927,2.380934715270996
1853,753548,LAML,3.480739,3.287616014480591
2109,1290806,STAD,2.140526,2.1236188411712646
1259,949158,UNCLASSIFIED,-2.0061,-1.3975348472595215
1199,910689,COREAD,6.231859,6.8640923500061035
1053,1240218,PAAD,7.959225,6.486101150512695
1049,909725,SKCM,5.026663,4.43349552154541
1629,1331045,DLBC,3.179097,3.35996150970459
1180,753621,ESCA,-1.731551,-2.1054177284240723
2043,906856,UNCLASSIFIED,-3.347146,3.483271360397339
1927,909696,UNCLASSIFIED,3.850457,3.784782886505127
1073,908139,STAD,3.395521,6.046873569488525
1576,1298539,UNCLASSIFIED,3.870348,3.7658512592315674
1916,753623,ESCA,1.592531,2.3437564373016357
1936,924239,MM,1.484546,1.7818949222564697
2109,908150,MESO,3.829797,2.590075969696045
1996,1240127,UCEC,3.817761,4.890315055847168
1564,909748,COREAD,1.192637,-0.5832989811897278
1909,905944,LUAD,2.831526,2.830599546432495
1849,906835,GBM,0.820784,0.9428886771202087
1068,905978,KIRC,1.580995,1.8344802856445312
1179,687505,CESC,-0.978005,0.05264776945114136
1849,688014,SCLC,0.115078,-0.8920913338661194
1372,724825,MM,-2.633966,-1.2522916793823242
1564,1298533,PAAD,0.861721,1.1653351783752441
2107,724855,UNCLASSIFIED,6.1327,5.210628032684326
2048,1331039,UNCLASSIFIED,-4.385805,-4.847041606903076
2040,909728,LUSC,1.532213,1.2953598499298096
1631,687455,BLCA,4.173807,3.8163888454437256
1080,688058,MESO,-1.178289,-1.7870538234710693
1916,908443,LUSC,2.09732,1.5105986595153809
1190,906797,BLCA,-3.617076,-3.257493734359741
1634,1303897,DLBC,5.061241,5.398757457733154
1131,1240121,HNSC,3.843551,4.527194499969482
1093,1290809,MESO,4.460037,5.240365505218506
1199,924240,BRCA,3.574896,3.067803144454956
1598,949163,UNCLASSIFIED,2.529928,3.702202558517456
1576,907792,COREAD,4.633825,3.878871440887451
1620,687514,CESC,5.132627,5.337352275848389
1007,688058,MESO,-3.366736,-4.5248637199401855
1624,905933,OV,4.066851,4.260026454925537
1053,910695,UNCLASSIFIED,1.614116,1.5668354034423828
1054,907058,SKCM,2.222803,2.468090295791626
1553,906846,UNCLASSIFIED,1.064475,1.2949302196502686
1003,688031,SCLC,-2.897812,-3.4858014583587646
2043,1299075,PRAD,5.270212,4.543471336364746
1549,1298475,PAAD,2.428568,2.909365177154541
1913,908455,STAD,5.561612,4.874823093414307
1922,906826,BRCA,2.740501,3.939265489578247
1179,906847,UNCLASSIFIED,-0.125317,0.017381876707077026
1786,1240173,COREAD,3.373852,2.0732576847076416
1373,1327773,DLBC,2.347654,2.955773115158081
1080,724872,SCLC,-2.874918,-3.38889217376709
1917,908465,LUAD,3.342407,3.132615566253662
1786,907060,UNCLASSIFIED,2.803194,1.8620176315307617
2044,930082,UNCLASSIFIED,2.291344,3.8687849044799805
1559,753585,KIRC,-3.853544,-3.5325069427490234
1022,1298222,ESCA,0.567806,-0.5872101187705994
1853,910943,GBM,5.00404,5.370314121246338
1250,906817,ESCA,3.523566,3.208435535430908
1017,1299081,SKCM,3.751637,3.1072192192077637
1560,909704,BLCA,2.467715,3.327183246612549
1936,908146,ALL,2.195312,2.4754576683044434
1862,907072,UNCLASSIFIED,-1.694107,-1.3427197933197021
1617,688006,SCLC,2.017444,2.002511739730835
1512,687777,LUAD,5.669545,5.697418212890625
1910,905935,PRAD,4.136149,3.1866614818573
1908,909751,COREAD,0.743156,0.6445484757423401
2096,724855,UNCLASSIFIED,1.280843,0.7236396670341492
2043,1331032,DLBC,4.711704,4.295182704925537
2109,909707,UNCLASSIFIED,2.917167,3.798969268798828
1091,907056,UNCLASSIFIED,1.961433,3.9183008670806885
2048,1240129,OV,0.593853,1.2872499227523804
1915,910934,DLBC,2.255296,1.6775989532470703
1598,687505,CESC,2.020229,2.956033945083618
1928,905950,KIRC,3.678552,3.8963639736175537
1922,1298529,HNSC,2.326863,2.518749713897705
1635,905976,SKCM,5.431052,5.334867477416992
1549,946370,GBM,4.716829,4.66511869430542
1940,905949,LUAD,2.96092,3.7457492351531982
1634,946368,GBM,3.325685,4.1766276359558105
1926,910698,KIRC,-0.989998,-1.3662290573120117
1047,946370,GBM,2.238433,2.499829053878784
1933,906765,MM,2.238193,2.9349544048309326
1091,925341,UNCLASSIFIED,2.617869,3.517752170562744
1624,753554,LUSC,2.74541,2.7970244884490967
1053,925341,UNCLASSIFIED,5.089565,4.324738025665283
1559,753620,NB,-2.12302,-2.9163999557495117
1578,906696,THCA,5.468605,4.4977593421936035
1049,906792,SKCM,3.484013,2.986619710922241
1940,1331033,DLBC,2.648032,3.081477165222168
1054,906828,THCA,5.192258,3.9032745361328125
1559,906843,CESC,-2.416367,-1.597881555557251
1060,908472,LUAD,1.998049,0.24786126613616943
1057,753563,MM,-3.121924,-3.3479883670806885
1598,688025,SCLC,2.017905,1.9624476432800293
1034,910926,BLCA,-3.727878,-4.101484298706055
1561,688006,SCLC,4.77501,4.009639739990234
1084,1330993,PRAD,-2.911704,-1.304366111755371
1927,1290455,LAML,3.163916,4.013768196105957
1248,909736,LIHC,-2.581112,-4.853153228759766
1996,753607,UNCLASSIFIED,3.7398,3.488584041595459
1924,907790,COREAD,1.99425,0.6848453879356384
1911,1330995,DLBC,-5.892761,-5.157004356384277
1511,909704,BLCA,-0.707764,0.32946717739105225
1624,906696,THCA,1.455443,1.318244457244873
1630,909703,ALL,2.786377,3.128628730773926
2043,907048,BRCA,4.447375,4.426661014556885
1013,910927,BRCA,1.558438,2.4910528659820557
1025,908122,BRCA,6.049812,5.338254451751709
1549,906865,SKCM,5.293625,4.7168073654174805
1373,908127,UNCLASSIFIED,5.177462,4.491032600402832
1249,908158,UNCLASSIFIED,1.947368,1.7859477996826172
1624,906853,UNCLASSIFIED,6.868703,6.746750354766846
1168,908451,LAML,2.397317,2.390071392059326
1614,753558,KIRC,2.547885,4.075306415557861
1058,930298,CESC,1.252604,0.8677783608436584
1083,1298347,LUAD,4.085807,3.65824031829834
1060,924250,STAD,2.156263,1.8554925918579102
2110,924239,MM,4.523134,3.5191080570220947
1553,687800,LUAD,4.158051,6.625490665435791
1941,908463,LUAD,-5.580378,-1.1489498615264893
1088,908132,UNCLASSIFIED,-0.02281,0.2779880166053772
1997,1298475,PAAD,3.442137,3.3601810932159424
1933,907318,ESCA,2.569643,3.940789222717285
1131,687586,GBM,6.12434,5.493648529052734
1617,924100,PRAD,2.246719,2.5534327030181885
1022,908470,MESO,0.850485,0.3830682039260864
1941,1240181,NB,0.457356,-1.142768144607544
1922,910781,UCEC,0.841954,1.2814438343048096
1618,1240216,LIHC,3.932652,5.118448734283447
1927,753563,MM,3.990522,3.8272390365600586
1560,908443,LUSC,4.238495,3.165945529937744
1939,753586,UNCLASSIFIED,2.619628,2.8172085285186768
2110,946361,UNCLASSIFIED,5.357422,4.89412260055542
1191,749710,BRCA,-4.167982,-4.9847025871276855
1049,909718,COREAD,4.166101,3.615917205810547
1068,906853,UNCLASSIFIED,2.132182,1.9736320972442627
1855,1298146,LIHC,1.590261,4.982516288757324
1091,724863,UNCLASSIFIED,0.434592,1.7686412334442139
1034,1240121,HNSC,-3.501195,-3.4967846870422363
1549,906828,THCA,4.186173,4.603488922119141
2048,908128,SKCM,-2.758583,-1.5005598068237305
2044,1327771,LCML,1.482288,2.5909929275512695
1786,908141,LAML,2.54175,1.4299163818359375
1512,1290908,LUAD,5.392574,5.445179462432861
2106,1290813,MESO,4.464634,2.64272403717041
1512,1240131,MESO,6.021496,6.869253635406494
1635,907048,BRCA,4.900568,4.539107799530029
1250,908475,LUAD,1.392118,0.35747721791267395
2044,687505,CESC,2.761673,2.601060152053833
1073,753607,UNCLASSIFIED,4.953409,4.893872261047363
1051,907790,COREAD,4.170789,2.307548999786377
1046,910927,BRCA,0.703064,1.1940786838531494
1259,971773,UNCLASSIFIED,-0.22102,-2.200824499130249
1068,924100,PRAD,1.487555,1.4307506084442139
1849,753574,ESCA,2.738345,1.260819673538208
2046,1331039,UNCLASSIFIED,1.18733,1.5841896533966064
1578,910941,NB,4.300305,4.698874473571777
2109,906798,BLCA,2.594762,2.7916510105133057
1060,1298222,ESCA,1.128659,0.6115577220916748
1529,1290730,BLCA,-0.378003,1.215744137763977
2106,906837,HNSC,0.653624,1.6515281200408936
1786,1322218,UNCLASSIFIED,1.164969,1.847937822341919
1084,687802,LUAD,-1.119667,-0.6195828318595886
1624,925341,UNCLASSIFIED,3.132964,2.887679100036621
1131,910705,UNCLASSIFIED,2.5736,2.3470094203948975
1049,1299059,HNSC,4.240359,4.554566860198975
1022,1660036,COREAD,1.582879,1.8200273513793945
1926,930083,THCA,2.249582,2.3552145957946777
1085,949156,UNCLASSIFIED,4.600575,3.1301205158233643
1053,724859,LUAD,3.506655,5.55366849899292
1564,909723,SKCM,0.753115,-0.8781338334083557
1079,910687,ALL,1.437647,2.5788941383361816
1618,1503368,ESCA,4.293135,3.8154256343841553
1083,1240146,LUAD,2.908262,2.6449484825134277
1089,1660034,COREAD,3.032577,2.4533767700195312
1249,909974,KIRC,4.743563,5.868481636047363
2043,909728,LUSC,4.668328,5.690738677978516
1560,753607,UNCLASSIFIED,2.702385,2.203171730041504
1630,753546,SKCM,4.316634,6.019095420837402
1931,1240218,PAAD,7.684036,7.569553375244141
1854,909738,LIHC,4.032304,4.812170028686523
1012,907042,LGG,1.161874,2.155470132827759
1922,1240183,LUSC,2.146845,2.375615119934082
1919,907287,COREAD,0.418196,0.6273723244667053
1091,1503370,LUAD,1.083103,1.2614065408706665
1017,1299075,PRAD,3.963687,4.92386531829834
1635,724869,PAAD,4.557972,5.975478649139404
1507,688023,SCLC,4.846884,4.4330830574035645
1915,905940,LCML,2.435261,2.7902143001556396
1996,907291,COREAD,3.825034,4.185547351837158
1598,910942,UNCLASSIFIED,4.247868,3.56351637840271
1179,946357,UNCLASSIFIED,-0.731297,-0.7265117764472961
1010,908461,STAD,1.984711,2.2815446853637695
1561,1298219,UNCLASSIFIED,4.673854,4.108757495880127
1910,910942,UNCLASSIFIED,2.988271,2.0812370777130127
1510,907278,LAML,4.15405,3.8770761489868164
1017,907064,UNCLASSIFIED,3.706178,4.650396823883057
1911,687457,BLCA,-4.635226,-3.9095752239227295
2048,907787,ALL,-4.498836,-4.79128885269165
1558,908145,LGG,2.706394,2.6845316886901855
1057,909729,GBM,-2.021035,-1.947930097579956
1613,753565,SCLC,2.32354,2.2646803855895996
1060,1240154,THCA,-2.054275,-1.4890599250793457
1131,910688,LAML,3.051528,3.0914549827575684
1563,1298146,LIHC,6.155398,6.015836715698242
1618,1290807,UNCLASSIFIED,3.989793,4.052914619445801
1057,1298358,STAD,-0.493669,0.09580662846565247
1626,924238,THCA,-0.124124,1.4875726699829102
1626,910944,ALL,1.02367,-0.07840538024902344
1855,906818,SKCM,4.858645,4.717606544494629
1512,687799,LUAD,5.375875,5.4740753173828125
1926,1503365,ESCA,-0.026883,-0.34825998544692993
1940,907269,CLL,3.907625,3.7010817527770996
1060,949163,UNCLASSIFIED,0.654876,0.6187882423400879
1559,687985,SCLC,-1.811247,-1.8432037830352783
1939,1480364,OV,5.240163,5.639988422393799
1852,924107,CESC,3.939643,4.307024955749512
1096,1240172,BRCA,4.115571,4.857815265655518
1553,1299070,OV,3.9956,4.957355976104736
1004,910936,HNSC,-5.075289,-5.393742561340332
1852,1240219,PAAD,7.4969,6.607209205627441
1852,1290807,UNCLASSIFIED,5.830394,5.442048072814941
1916,1240189,SCLC,2.949068,2.4113404750823975
2107,906794,UNCLASSIFIED,5.131153,4.673651695251465
1079,687563,GBM,0.666873,0.0976603627204895
1036,1240173,COREAD,2.183885,2.7618892192840576
1911,908151,BRCA,-6.089627,-5.573573112487793
1036,906793,SKCM,0.068029,-0.3278510570526123
1512,1290810,MESO,6.592705,5.9808878898620605
1786,1240121,HNSC,3.405016,2.3418092727661133
1259,753566,BLCA,6.098269,3.6407179832458496
1089,906872,NB,3.86731,3.8875532150268555
2043,908127,UNCLASSIFIED,4.802075,4.01166296005249
1598,906871,LGG,3.93789,3.9597325325012207
1006,749714,BRCA,4.789023,3.921748638153076
2047,724868,LUAD,1.239037,1.1797809600830078
1912,713899,SCLC,4.307642,2.817092180252075
1853,949178,NB,2.838051,3.0835378170013428
1046,1659928,COREAD,2.568146,1.3258023262023926
1083,1479988,OV,5.100356,3.678173780441284
1630,910927,BRCA,3.945207,4.643678665161133
1578,924111,HNSC,4.953465,4.398386478424072
1179,1240122,HNSC,1.916899,1.5414104461669922
1618,1480372,OV,5.054721,4.927643775939941
1912,907285,PAAD,3.297455,3.909677267074585
1179,910934,DLBC,-2.07325,-1.9239554405212402
1855,907791,MM,3.665689,5.8258256912231445
1249,1240221,UNCLASSIFIED,2.320974,2.4544403553009033
1091,906863,HNSC,1.67518,1.7253460884094238
2106,905947,KIRC,0.322364,1.4896419048309326
1131,906865,SKCM,5.106169,3.9200775623321533
2048,1290797,PAAD,-2.570488,-3.1135640144348145
1558,907072,UNCLASSIFIED,2.543011,1.8191568851470947
1916,907783,LCML,3.248105,2.914155960083008
1578,910779,UNCLASSIFIED,6.707922,5.36651086807251
1013,930299,THCA,6.015891,5.006840705871582
1091,908158,UNCLASSIFIED,1.151041,0.1896713376045227
1559,1659818,MM,-3.718823,-3.2503762245178223
1916,905946,BRCA,3.735658,2.7245709896087646
1006,1290807,UNCLASSIFIED,4.485802,4.81308650970459
1051,907072,UNCLASSIFIED,1.927419,0.5538015961647034
1613,753576,ESCA,4.79252,5.337271213531494
1614,688014,SCLC,4.331026,4.934232234954834
1912,1240160,LIHC,4.709262,3.7537338733673096
1922,910691,UCEC,2.196957,3.0586156845092773
1931,687586,GBM,5.053095,5.099194526672363
1932,724868,LUAD,1.723243,2.0481066703796387
1003,1240157,LIHC,-1.261201,-0.2581649422645569
1939,909703,ALL,1.725856,1.653491497039795
1512,1299052,HNSC,6.233847,5.758151531219482
1060,1331032,DLBC,-1.022234,-0.35022294521331787
1618,905990,OV,4.712285,4.608323574066162
1925,1240219,PAAD,5.787633,6.403595447540283
1190,907064,UNCLASSIFIED,-0.08467,2.461210012435913
1559,906832,DLBC,-2.252379,-3.1838948726654053
1190,909721,LUAD,1.662294,-0.16773587465286255
1941,946357,UNCLASSIFIED,-5.777276,-3.197835683822632
1620,1659823,COREAD,5.782555,5.809614181518555
2048,949179,NB,-2.989709,-1.765554428100586
1630,906693,PAAD,3.35134,3.243412733078003
1007,1331032,DLBC,-5.091625,-5.325356483459473
1936,753615,MM,2.912235,3.8108174800872803
1058,909753,OV,2.535814,3.6033270359039307
1511,906805,LUAD,0.006476,0.17449571192264557
1910,905962,COREAD,3.510925,2.895479679107666
1615,1479988,OV,6.126155,5.958890438079834
1179,1240166,UNCLASSIFIED,-1.11556,-0.40240782499313354
1054,949155,UNCLASSIFIED,1.944379,1.9589462280273438
1068,907274,DLBC,1.249609,2.0245330333709717
1626,1480364,OV,1.108961,1.5516419410705566
1168,1298348,LUAD,0.174693,0.36238667368888855
1088,907172,SKCM,1.221941,1.2745065689086914
1557,1240123,COREAD,5.230116,4.580031871795654
1561,910850,LIHC,5.158711,4.809305191040039
1598,687459,BLCA,4.914443,4.457746982574463
2043,1298358,STAD,5.873974,5.7040486335754395
2109,1240145,LUAD,2.369598,1.7631115913391113
2096,946361,UNCLASSIFIED,2.249018,1.4161514043807983
1849,924100,PRAD,-1.05824,-1.0462532043457031
1626,1290455,LAML,-2.176859,-1.5102124214172363
1940,907295,SCLC,3.512654,3.8043453693389893
2043,1330964,SCLC,5.581813,4.9262213706970215
1618,906790,STAD,3.059828,2.9185690879821777
1179,749714,BRCA,2.130885,1.2842708826065063
1168,1240149,UNCLASSIFIED,2.686148,2.5214951038360596
2111,1503368,ESCA,4.857835,4.396570205688477
2096,909262,UNCLASSIFIED,2.933129,2.669133424758911
1631,906847,UNCLASSIFIED,1.526185,2.446444034576416
1593,905940,LCML,2.672583,0.9365499019622803
2106,1240218,PAAD,7.55233,7.150814533233643
1630,1503370,LUAD,2.086718,2.655468463897705
1239,909750,LGG,2.064477,1.4672129154205322
1168,749711,BRCA,2.462572,2.5951309204101562
1578,687829,UNCLASSIFIED,6.041106,5.341204643249512
1046,753583,HNSC,3.405005,3.5384795665740967
2045,753585,KIRC,4.776209,4.959277629852295
1873,908461,STAD,1.045927,0.9974997639656067
1004,1298226,LUSC,-4.963075,-4.972497463226318
1372,1240216,LIHC,1.189687,1.6629066467285156
1239,910916,HNSC,-0.373558,0.13285380601882935
1915,907280,LAML,2.339365,2.4176158905029297
1913,910935,DLBC,3.53594,3.4223129749298096
2046,905937,COREAD,3.517223,1.8615918159484863
1924,998184,ALL,-1.462298,-1.814030647277832
1549,925340,STAD,6.096691,6.343706130981445
1627,908460,LUAD,5.016605,5.396467208862305
1613,971773,UNCLASSIFIED,2.242238,1.3157925605773926
1057,684052,UNCLASSIFIED,-2.824857,-3.0553853511810303
1922,905955,SKCM,1.672001,3.398935556411743
1089,906833,MB,2.042374,2.9189937114715576
1199,1330995,DLBC,2.601927,3.3151636123657227
1179,1322218,UNCLASSIFIED,-1.291719,-0.5324826836585999
2045,907313,GBM,5.575737,4.53738260269165
2043,905958,ALL,4.683169,3.9993889331817627
2109,907066,BLCA,4.475528,3.51092529296875
1913,905967,LUAD,5.316388,4.903993129730225
1613,753589,SCLC,4.312193,5.396170616149902
1598,909755,COREAD,4.749568,4.167383193969727
1004,905975,SKCM,-4.375594,-5.1153740882873535
1006,905944,LUAD,1.753285,2.999415636062622
1372,753573,ESCA,0.397515,0.7401400804519653
1931,998189,COREAD,5.309216,6.001443386077881
1051,1299052,HNSC,1.10563,3.6075708866119385
1010,1503367,ESCA,4.183112,4.145224571228027
1924,1240142,LUSC,2.598774,1.8409109115600586
1372,1295740,ALL,1.652327,1.4399802684783936
1073,688026,SCLC,7.274448,6.850234508514404
2109,908158,UNCLASSIFIED,1.621672,1.6502976417541504
1036,1290455,LAML,5.250147,3.949582815170288
1054,1290795,UNCLASSIFIED,3.737451,3.8079118728637695
1052,924106,BRCA,0.905326,2.0981528759002686
1088,908149,UNCLASSIFIED,2.371989,1.477759599685669
2045,907322,UNCLASSIFIED,4.049523,3.7927751541137695
1932,905974,SKCM,1.631096,1.5695533752441406
1618,909747,COREAD,4.650409,5.679731845855713
1855,909263,COREAD,6.471656,5.816740036010742
1578,909707,UNCLASSIFIED,5.792375,5.717534065246582
1922,910904,HNSC,4.317716,2.755974531173706
1997,1330993,PRAD,4.032086,3.7705085277557373
1560,1298169,KIRC,4.657058,4.213369846343994
1007,1240127,UCEC,-3.79073,-3.2823917865753174
1852,906832,DLBC,4.980311,4.572600364685059
1013,925341,UNCLASSIFIED,4.117553,3.205718994140625
1049,909257,OV,3.934979,3.4512009620666504
1911,906808,SCLC,-1.825398,-1.6892082691192627
1916,910930,DLBC,2.757777,2.5021605491638184
1613,1503361,ESCA,3.626358,2.2780516147613525
1933,909785,UNCLASSIFIED,2.148421,2.1704258918762207
1940,905935,PRAD,4.653367,3.855760335922241
1013,908462,MESO,3.412362,3.9877912998199463
1622,907323,UNCLASSIFIED,2.879668,2.4241573810577393
2043,906864,THCA,5.878966,5.140052795410156
1629,909716,UNCLASSIFIED,5.03376,3.920156478881836
1853,909761,COREAD,4.768429,3.3757805824279785
1910,905960,BRCA,1.555757,2.496272563934326
1617,1331033,DLBC,0.452978,0.6524356007575989
1926,908454,UNCLASSIFIED,-0.189269,-0.17186331748962402
1553,917486,COREAD,5.486291,3.4604082107543945
1941,1240226,SKCM,-3.214877,-4.411399841308594
1022,906818,SKCM,-1.023507,1.2493476867675781
1080,1303912,UNCLASSIFIED,-1.862562,-1.0438215732574463
1635,1503365,ESCA,6.576496,6.541383266448975
1010,687505,CESC,2.191288,2.0118985176086426
1237,1240189,SCLC,4.790785,4.472507953643799
1199,910922,KIRC,4.062316,3.969156265258789
2047,907060,UNCLASSIFIED,-0.158404,2.7459917068481445
1529,905950,KIRC,-0.084693,-1.2393200397491455
1054,909756,UNCLASSIFIED,6.064244,5.205880641937256
1058,910548,OV,1.035307,0.9419891238212585
1910,930083,THCA,4.963304,4.934443473815918
1012,687807,LUAD,2.698101,3.7556068897247314
1617,910904,HNSC,2.329893,1.0517276525497437
1510,1327771,LCML,2.435506,3.158456802368164
1022,906836,UNCLASSIFIED,-2.862395,-2.5003130435943604
1011,1298359,ESCA,2.957781,3.53128981590271
1007,1290769,COREAD,-2.658199,-1.975466012954712
1011,1331037,DLBC,-1.160515,-0.2238987684249878
1060,688087,NB,-0.207142,-0.07910746335983276
1855,1660034,COREAD,4.628123,4.119037628173828
1625,909755,COREAD,5.79222,5.6704230308532715
1511,1247871,ALL,-3.192326,-3.0960769653320312
1786,1298357,STAD,5.794826,5.476353168487549
1032,909904,PAAD,2.535585,3.666017532348633
1996,1290724,HNSC,4.553965,3.5866618156433105
1046,687995,SCLC,2.356597,2.44602108001709
2111,907792,COREAD,6.674771,6.2678632736206055
1180,907053,LAML,-3.347971,-3.257495403289795
1250,905949,LUAD,1.071841,1.045518159866333
1924,906839,GBM,3.090216,3.9094483852386475
1051,753552,BLCA,3.363984,3.3974721431732178
2048,1240187,LUAD,-2.803886,-3.3334319591522217
1624,907057,LIHC,3.139703,3.451904058456421
1093,753621,ESCA,5.747863,4.440968990325928
1799,910688,LAML,3.900247,3.0650813579559326
1375,1240197,OV,7.27593,6.696699142456055
1853,907792,COREAD,5.616871,5.860657215118408
1073,909780,BLCA,3.559024,3.7797930240631104
1626,907042,LGG,1.321837,0.9883776903152466
1911,908446,STAD,-5.615075,-5.831778049468994
1084,1503365,ESCA,-2.201337,-3.330008029937744
1237,1240181,NB,5.213139,4.425305366516113
1926,1327766,MM,3.769315,0.5075216293334961
1852,1327774,UNCLASSIFIED,3.526767,3.6503889560699463
1510,906821,PAAD,4.380818,4.282166957855225
1190,906875,NB,-1.975223,-1.8132593631744385
1630,907313,GBM,2.470989,2.893254041671753
1083,1298537,LUAD,3.730537,3.5463058948516846
1022,906831,UNCLASSIFIED,-0.726685,-0.7408375144004822
1199,906820,NB,3.466249,3.6706368923187256
1131,713880,SCLC,3.018142,4.735005855560303
1168,905979,KIRC,2.592811,3.1071739196777344
1003,907317,ESCA,-2.836104,-1.9679605960845947
1131,909731,UNCLASSIFIED,2.710352,4.106503009796143
1168,1295741,MM,2.471589,2.2789463996887207
1060,905935,PRAD,2.442201,2.549514055252075
1239,905940,LCML,0.508242,2.128549814224243
1060,1299064,ESCA,-0.277051,-0.4171541929244995
1180,1240197,OV,-0.188617,-2.0053887367248535
1068,910942,UNCLASSIFIED,0.37478,1.0365444421768188
1915,1479987,OV,2.17579,2.603041648864746
1004,910943,GBM,-1.481524,-1.2166790962219238
1007,905980,KIRC,-2.71316,-1.7816119194030762
1239,1240202,LUAD,3.89138,4.040579795837402
2040,946358,ALL,1.487225,0.5730326771736145
1617,1297446,ALL,-0.837454,0.04059094190597534
2107,1290795,UNCLASSIFIED,5.870276,5.145103454589844
1003,909716,UNCLASSIFIED,-1.662694,-3.380115032196045
1036,753618,NB,3.854314,4.107633590698242
2109,1298146,LIHC,3.051197,3.5632107257843018
1618,907276,STAD,1.386997,1.6304497718811035
1011,909975,UNCLASSIFIED,3.44281,3.009399652481079
2044,946361,UNCLASSIFIED,5.332353,3.8457894325256348
1915,753618,NB,2.236051,1.8808465003967285
2048,906869,STAD,-2.074505,-0.05984726548194885
1625,905967,LUAD,5.46824,4.995083808898926
1849,909262,UNCLASSIFIED,-2.299668,-2.430673360824585
1511,1298529,HNSC,-0.137036,-0.907023012638092
1091,908150,MESO,1.477637,1.774707317352295
1259,1240167,ESCA,2.789452,0.9337581992149353
1199,909728,LUSC,4.557782,4.399538040161133
1237,1330931,LCML,4.37667,4.158572673797607
1578,910951,LCML,2.666693,3.5609700679779053
1922,909704,BLCA,0.342531,0.10686793923377991
1022,1290905,BRCA,3.069879,2.7826120853424072
1250,910706,UNCLASSIFIED,-0.50651,-0.26418358087539673
1799,906800,UNCLASSIFIED,3.209795,2.8895175457000732
1936,908447,NB,2.741686,2.137742042541504
1073,924250,STAD,8.184129,6.006310939788818
1564,1290795,UNCLASSIFIED,2.452504,3.028130054473877
2045,753565,SCLC,4.756282,4.185895919799805
1239,687816,LUAD,3.47797,3.425679922103882
1873,910691,UCEC,1.05983,0.5223385095596313
1034,908159,UNCLASSIFIED,-2.419133,-4.55417013168335
1068,753538,HNSC,0.05081,0.9606178998947144
1917,909728,LUSC,2.919898,3.13293194770813
1627,906693,PAAD,3.23299,2.498899459838867
1932,687568,GBM,2.060358,2.6472768783569336
1564,753612,MM,4.185504,4.5930986404418945
1248,909732,UNCLASSIFIED,-5.904853,-5.526350498199463
1372,687819,LUAD,2.72128,3.38690185546875
1627,1298533,PAAD,2.247373,2.884329319000244
1249,909740,COREAD,4.035142,4.497125625610352
1853,1297447,MM,3.261079,3.903172254562378
1032,1299064,ESCA,0.377401,0.18430176377296448
1005,1298537,LUAD,4.505269,5.139122009277344
1912,1298529,HNSC,3.046752,3.308248519897461
1578,1298538,LUSC,5.912495,5.365535736083984
1613,687787,LUSC,4.727105,4.780283451080322
1622,753583,HNSC,4.414644,4.191530227661133
1941,907042,LGG,-4.173794,-4.425995826721191
1621,753576,ESCA,6.153125,5.319651126861572
1919,906846,UNCLASSIFIED,1.938833,1.3558001518249512
1372,749714,BRCA,1.249477,1.9816489219665527
1085,924104,THCA,2.53145,3.5112740993499756
2111,908148,LAML,1.955865,0.9633602499961853
1932,924244,LUAD,2.584122,2.470902681350708
1083,906828,THCA,4.134173,3.7076773643493652
1177,906798,BLCA,4.690389,2.764209032058716
1786,924102,THCA,2.775515,3.4615962505340576
1912,906808,SCLC,4.002603,4.056951999664307
1180,946382,BRCA,-1.840057,-2.691596508026123
1855,907047,UNCLASSIFIED,3.290689,3.840481758117676
1129,749715,BRCA,3.687587,4.111256122589111
1004,906790,STAD,-5.344445,-6.114657878875732
1011,908148,LAML,1.747426,-0.34336382150650024
1922,1240127,UCEC,2.632682,4.362667083740234
1909,909757,COREAD,2.669374,2.2427785396575928
2106,1298529,HNSC,4.686793,3.8159897327423096
1559,907322,UNCLASSIFIED,-2.770867,-2.4813148975372314
1053,909262,UNCLASSIFIED,2.192586,2.4194982051849365
1177,905984,LGG,2.341442,2.629270315170288
1932,908447,NB,0.744929,1.3338861465454102
1373,924110,UNCLASSIFIED,1.882988,3.4277703762054443
1909,1240198,OV,2.586347,2.2521958351135254
1916,687983,SCLC,2.96394,2.6038448810577393
1259,905948,KIRC,3.253317,3.6916654109954834
1052,1298157,BRCA,3.041711,3.20524001121521
1131,909754,UNCLASSIFIED,5.432402,5.737377166748047
1908,907057,LIHC,2.667561,1.1643822193145752
1922,1290730,BLCA,1.570703,2.0319020748138428
1068,688006,SCLC,2.758401,0.9535915851593018
1561,1298531,HNSC,1.451441,-0.6053884625434875
1025,906851,BRCA,6.353378,5.830421447753906
1997,910549,ESCA,3.68606,2.6763880252838135
1933,1290908,LUAD,5.247689,5.535416126251221
1068,687562,GBM,-0.30942,0.33067595958709717
1561,1240192,SCLC,3.007943,3.4867794513702393
1996,909725,SKCM,4.641496,4.947238445281982
1625,910952,KIRC,4.306936,4.295241355895996
1997,909738,LIHC,3.606083,4.251088619232178
1786,908460,LUAD,6.446576,7.108710289001465
1561,905948,KIRC,2.925075,1.7562482357025146
1924,909732,UNCLASSIFIED,3.253859,3.9097847938537598
1593,753600,LUAD,3.947056,3.432826519012451
1936,684062,UNCLASSIFIED,2.549711,3.2566123008728027
1576,907000,UNCLASSIFIED,2.039354,1.8914568424224854
1598,905944,LUAD,3.357022,3.730790376663208
1093,753608,LUAD,5.058119,5.3548970222473145
1621,1240132,MESO,5.90149,5.742712497711182
2169,905960,BRCA,3.366355,4.832629680633545
1940,753586,UNCLASSIFIED,4.569304,3.614283800125122
1180,909722,UNCLASSIFIED,-4.118263,-3.4871368408203125
1047,908152,MESO,5.217513,4.2566070556640625
1913,908136,UNCLASSIFIED,3.560081,3.4909017086029053
1553,906847,UNCLASSIFIED,2.049296,2.382157802581787
1919,905967,LUAD,-1.37718,-2.3947267532348633
1621,1327766,MM,4.229225,3.5760691165924072
1613,1298218,PAAD,5.150011,4.813844680786133
1053,1298223,LUSC,3.350008,3.4977564811706543
1051,687980,SCLC,0.840304,-0.5235543847084045
1855,905961,COREAD,6.249946,4.001018047332764
1996,753600,LUAD,2.127463,5.146152973175049
1622,1298537,LUAD,4.536323,4.496471881866455
1849,906831,UNCLASSIFIED,-2.06398,-1.8695101737976074
1928,1290807,UNCLASSIFIED,4.243192,4.900515079498291
1862,687985,SCLC,-2.027896,-1.4685845375061035
1049,910911,HNSC,4.927546,5.252616882324219
1621,930082,UNCLASSIFIED,4.033076,4.1901535987854
1034,1240200,OV,-2.923658,-2.671658754348755
1004,907276,STAD,-0.70795,-0.5087798833847046
1091,949168,UNCLASSIFIED,2.326731,1.4551494121551514
2109,1299052,HNSC,2.489612,3.076871395111084
2096,1290455,LAML,-0.306519,-1.0772120952606201
1941,907062,HNSC,-4.006693,-4.049314498901367
1168,906765,MM,2.715908,2.022493600845337
1529,1240187,LUAD,-0.382768,-0.45399850606918335
1012,924108,COREAD,0.819261,1.2877365350723267
1622,908121,BRCA,3.806801,3.781073570251465
1849,1330947,LAML,-2.533106,-3.057203769683838
1852,753565,SCLC,5.1706,4.537538528442383
1915,687448,SKCM,4.052425,3.9579684734344482
1073,906805,LUAD,5.295702,6.313379764556885
1005,907313,GBM,4.736629,4.63027811050415
1179,1240199,OV,3.468912,4.311849117279053
2045,687980,SCLC,4.442684,3.7974133491516113
1054,687459,BLCA,5.88615,6.074038505554199
1059,906862,BRCA,-1.091506,-1.195608139038086
1615,909255,UNCLASSIFIED,3.468138,3.8810672760009766
1614,909707,UNCLASSIFIED,2.377227,2.0388689041137695
1047,753608,LUAD,6.142221,6.476318359375
1862,687588,GBM,-1.907426,-1.533292531967163
1085,906833,MB,2.271059,2.419199228286743
1529,1240169,GBM,-0.130813,2.3886098861694336
1022,910849,UNCLASSIFIED,-0.629131,-0.5166491270065308
1629,905952,ALL,3.227065,3.1328678131103516
1060,1290808,MESO,3.147688,2.612234115600586
1088,1240210,UNCLASSIFIED,2.631747,2.9323902130126953
1005,909779,UNCLASSIFIED,3.497861,5.008036136627197
2044,906870,LAML,5.300319,1.306013822555542
1996,908441,,2.888072,2.949950695037842
1564,1240135,MESO,2.500362,2.896732807159424
1060,905939,COREAD,-2.690403,-2.3090438842773438
1624,909785,UNCLASSIFIED,0.089318,-0.19030380249023438
1375,907269,CLL,2.305037,3.871309280395508
1054,909777,UNCLASSIFIED,2.004444,1.063474416732788
1924,909761,COREAD,2.163959,3.285104274749756
1854,749717,BRCA,5.480025,5.405291557312012
2043,1298216,PAAD,4.781768,5.544643878936768
1054,924100,PRAD,2.828738,2.7840778827667236
1786,910937,SCLC,3.650248,2.6294429302215576
1259,1297446,ALL,0.878779,1.6496553421020508
1564,753547,SCLC,3.439971,3.1758763790130615
1799,905965,UNCLASSIFIED,3.356277,2.766197443008423
1910,949164,UNCLASSIFIED,-0.343972,-0.7708155512809753
1168,1331032,DLBC,3.082854,2.500009536743164
1049,909744,ACC,3.775263,2.7538974285125732
1005,909718,COREAD,-0.589043,0.8642560243606567
1007,906853,UNCLASSIFIED,0.344276,-1.8879241943359375
1786,753600,LUAD,2.48787,2.994947910308838
1006,1298539,UNCLASSIFIED,4.700943,4.577176094055176
1618,908159,UNCLASSIFIED,2.092321,2.056556224822998
1618,909974,KIRC,5.755682,6.039957046508789
1060,722046,LUAD,-2.280791,-2.379668951034546
1629,910704,BRCA,5.036591,4.0717644691467285
1635,724839,CESC,6.850151,6.649448394775391
1068,946361,UNCLASSIFIED,1.954551,2.502821445465088
1936,907790,COREAD,3.409797,1.9144325256347656
1598,1240168,GBM,4.756288,3.9427919387817383
1925,1240168,GBM,3.894813,4.505127429962158
2044,909746,COREAD,6.150419,5.227449417114258
1079,1290724,HNSC,-1.256271,-1.630028247833252
1034,724855,UNCLASSIFIED,-3.037838,-0.8590942025184631
1852,687787,LUSC,5.698462,4.8682661056518555
1629,908458,COREAD,4.753249,5.170819282531738
1930,1240172,BRCA,0.242428,0.5006152987480164
1620,906872,NB,6.23957,6.14609432220459
1854,1660034,COREAD,3.808268,4.484941005706787
1168,688013,SCLC,1.227836,2.408658027648926
1083,906863,HNSC,3.862745,2.8528645038604736
1179,949168,UNCLASSIFIED,3.065123,1.4239789247512817
1005,909755,COREAD,5.677289,4.1043572425842285
2044,908444,STAD,1.57096,3.438373327255249
1631,905973,UNCLASSIFIED,4.485689,3.668834924697876
1614,713899,SCLC,3.502172,3.4337644577026367
1928,909250,KIRC,6.261285,5.494787693023682
1511,1240124,COREAD,-1.919644,-1.8115465641021729
2109,909769,UNCLASSIFIED,4.959383,2.4377753734588623
1080,908473,LUAD,0.02236,-0.25085097551345825
1003,1240219,PAAD,-2.251948,-1.075908899307251
1084,906820,NB,-3.878084,-2.0496811866760254
1854,905934,PRAD,5.459137,6.197173118591309
1854,753623,ESCA,4.789311,4.720691204071045
1925,908483,SCLC,4.467532,4.10764741897583
1598,1299052,HNSC,4.614719,3.3368563652038574
1613,905972,LUAD,4.896045,4.04402494430542
1558,909779,UNCLASSIFIED,2.522821,5.0243635177612305
1022,909720,UNCLASSIFIED,1.202352,0.9005466103553772
1005,909249,MM,1.737571,2.180845260620117
1916,753572,PAAD,3.106979,3.563932180404663
1578,687562,GBM,4.4687,4.397560119628906
1940,906834,MB,3.701821,2.928723096847534
1996,724868,LUAD,3.661441,3.7716851234436035
1093,753600,LUAD,5.430958,4.690497398376465
1854,910915,PAAD,5.773101,6.0879058837890625
1249,909703,ALL,1.99583,1.8885550498962402
1617,909701,UNCLASSIFIED,0.676788,0.9346926808357239
1630,905952,ALL,2.652784,3.659630537033081
2045,1290922,BRCA,5.925675,5.057811260223389
1049,1240210,UNCLASSIFIED,3.625924,2.195648431777954
1239,1299064,ESCA,1.410351,1.9141292572021484
1091,908473,LUAD,0.656392,1.7955036163330078
1259,910932,SKCM,5.123236,4.0056586265563965
1631,946360,OV,5.348585,5.4369730949401855
1083,908455,STAD,3.693707,2.502769947052002
1620,910942,UNCLASSIFIED,3.852187,3.9368603229522705
1622,910947,LAML,2.716482,2.834378719329834
1053,1298146,LIHC,5.393794,3.9159176349639893
1011,1299081,SKCM,3.710994,2.3734676837921143
1634,906814,SKCM,4.77962,4.292155742645264
2047,909253,LAML,0.015999,1.4988198280334473
1853,684072,UNCLASSIFIED,4.930743,4.3110032081604
1073,907290,UNCLASSIFIED,6.962384,6.157675743103027
1549,905955,SKCM,4.300596,4.838247776031494
1191,924187,UCEC,-4.71047,-4.121768474578857
1073,1298357,STAD,7.633137,6.116752624511719
1941,1290814,MESO,-0.521354,-3.8465545177459717
2045,906869,STAD,5.454429,5.117767810821533
2043,1240146,LUAD,5.121608,5.625094890594482
2040,753576,ESCA,3.126223,2.6441195011138916
1630,910943,GBM,4.977656,4.149048805236816
1613,908159,UNCLASSIFIED,0.897952,0.7880772948265076
1085,909713,SKCM,2.268983,2.1389880180358887
1034,1298365,OV,-2.988999,-3.929361581802368
1080,724869,PAAD,-1.31863,-0.629243791103363
1180,910695,UNCLASSIFIED,-1.336352,-0.2342684268951416
1053,1303897,DLBC,4.932775,5.354991912841797
1614,1295740,ALL,4.590244,3.5994651317596436
2111,909249,MM,1.473621,2.7822914123535156
1873,1295741,MM,-0.752797,0.048449158668518066
1564,684057,UNCLASSIFIED,3.326388,3.536888599395752
1626,688021,SCLC,5.602884,4.874849796295166
2045,909731,UNCLASSIFIED,3.752911,3.6834678649902344
1512,905942,LUAD,5.28184,5.061351776123047
1917,753615,MM,4.164671,3.33202862739563
1630,1331048,DLBC,2.043782,2.1282236576080322
1936,724855,UNCLASSIFIED,4.037096,3.558499574661255
1563,910079,ESCA,5.605502,5.718327045440674
2045,909255,UNCLASSIFIED,4.582085,3.8029043674468994
1373,1240153,SKCM,-3.36223,-1.963559627532959
1917,1240201,PAAD,3.979601,2.437305212020874
1559,1331040,UNCLASSIFIED,-3.563962,-3.985666036605835
1941,905968,OV,-4.00822,-5.3923468589782715
1199,905957,BRCA,3.493294,3.160689353942871
1631,684072,UNCLASSIFIED,1.940205,2.8146893978118896
1996,907269,CLL,2.549355,2.730083703994751
2109,735784,ESCA,3.66456,3.724865436553955
1912,907787,ALL,1.071346,2.745877981185913
1512,907788,PRAD,4.99758,4.021308898925781
1927,909704,BLCA,4.895263,4.635735511779785
1598,909904,PAAD,4.557773,5.007408618927002
1909,909781,KIRC,3.335281,3.2378835678100586
1549,1298226,LUSC,2.080477,1.4243667125701904
1131,946382,BRCA,2.790454,3.8929731845855713
1561,905965,UNCLASSIFIED,1.423764,1.5700063705444336
1873,1240202,LUAD,1.501617,0.991722047328949
1079,1303897,DLBC,3.122226,4.136813640594482
1618,1240140,UNCLASSIFIED,3.427072,3.0261967182159424
1259,905957,BRCA,4.335429,2.98168683052063
1549,908445,STAD,5.656258,4.750669479370117
1941,906696,THCA,-4.265017,-5.2723822593688965
2043,1331048,DLBC,4.231292,3.3387954235076904
1047,906865,SKCM,4.262024,3.058096170425415
1073,1298169,KIRC,4.947437,4.9226274490356445
1190,713880,SCLC,-5.071554,-3.153510093688965
1013,909753,OV,3.303188,3.8013367652893066
1375,949090,OV,6.35355,6.486994743347168
1053,1299081,SKCM,2.824543,3.0768046379089355
1918,906870,LAML,-0.222278,1.149625301361084
1054,905957,BRCA,4.010133,3.83736252784729
2047,905942,LUAD,3.025822,2.6051597595214844
1786,946357,UNCLASSIFIED,0.656996,1.6309781074523926
1051,1240121,HNSC,-2.47713,-0.2939909100532532
1853,906873,GBM,4.377757,4.651210784912109
1924,1322218,UNCLASSIFIED,2.701606,1.978118896484375
1996,687983,SCLC,2.758394,3.05612850189209
1259,909754,UNCLASSIFIED,5.968485,5.860267162322998
1928,909975,UNCLASSIFIED,5.772672,5.574878215789795
1627,906863,HNSC,2.887433,2.8235366344451904
1268,1298475,PAAD,4.203602,4.330653667449951
1510,908460,LUAD,5.89444,6.8657708168029785
1563,907286,PAAD,5.618245,5.907551288604736
1089,910548,OV,3.526783,4.913846492767334
1559,907311,LCML,-4.084425,-3.485642194747925
1239,1298134,CESC,0.933722,1.7943835258483887
1624,1240223,THCA,3.418198,3.925119161605835
1190,753532,HNSC,-3.569069,0.2535090446472168
1614,909755,COREAD,6.042034,5.889918327331543
1594,1290808,MESO,5.974016,5.142350196838379
1010,910781,UCEC,3.59076,3.142241954803467
1093,907061,HNSC,4.407518,3.7963855266571045
1615,688010,SCLC,4.738415,4.715550899505615
1093,1503368,ESCA,4.970907,4.640599727630615
1553,1247873,LUAD,3.622624,2.6983284950256348
1079,906826,BRCA,0.874833,3.258382797241211
1933,1240172,BRCA,5.839141,5.277844429016113
1926,930298,CESC,-0.4411,0.42476096749305725
1996,910704,BRCA,2.671209,4.118675708770752
1931,1247871,ALL,4.598297,3.9762988090515137
1853,907285,PAAD,5.312314,4.903934955596924
1057,905974,SKCM,-2.978016,-3.1936426162719727
1085,906795,THCA,3.50996,3.618140935897827
1873,906862,BRCA,-0.007215,0.5391514301300049
1022,1240153,SKCM,-0.788835,-0.2638136148452759
1598,688014,SCLC,4.40514,4.193780899047852
1853,753584,BLCA,4.654393,4.536012172698975
1614,906830,SKCM,3.021999,3.968794584274292
1047,909769,UNCLASSIFIED,6.254209,5.739794731140137
1911,1298526,PAAD,-5.108707,-3.732322931289673
1046,1240166,UNCLASSIFIED,-0.474998,0.14130187034606934
1096,749714,BRCA,4.818961,3.8765783309936523
1372,907062,HNSC,0.829217,0.9371146559715271
1919,687452,BLCA,0.522533,0.3715640902519226
1054,949172,NB,4.3379,3.6561434268951416
1593,1240208,PAAD,3.701569,3.241999626159668
1594,906696,THCA,4.305037,4.22299337387085
1199,1240131,MESO,5.038772,4.786969184875488
1079,753612,MM,2.777448,3.1594674587249756
1010,753532,HNSC,2.387989,3.1467103958129883
1631,1331049,UNCLASSIFIED,2.885272,2.05635929107666
2111,925347,PAAD,6.723353,6.819692134857178
2110,909702,ALL,2.71277,2.8812055587768555
1511,908459,UNCLASSIFIED,1.915989,1.0799437761306763
1034,905989,COREAD,-4.910237,-3.74739146232605
1617,905970,LUAD,4.263909,3.252674102783203
1179,753539,UNCLASSIFIED,0.892645,-0.09614598751068115
1373,907064,UNCLASSIFIED,4.227137,3.908158540725708
2044,1298350,LUAD,3.830779,3.3391432762145996
1093,688006,SCLC,3.900927,4.017696380615234
1199,925338,BRCA,4.84283,3.970102548599243
1624,905965,UNCLASSIFIED,0.337585,1.13582181930542
1799,735784,ESCA,5.046471,4.396803379058838
1933,905979,KIRC,6.403328,6.0307207107543945
1926,687506,CESC,0.905094,0.014891654253005981
1931,1240121,HNSC,4.892492,5.128565311431885
2046,1297446,ALL,0.118746,0.5403341054916382
1919,1240154,THCA,1.412698,1.9872615337371826
1084,925340,STAD,-0.297303,-2.675272226333618
1191,1240223,THCA,-2.266775,-2.8325185775756836
1925,905991,OV,4.912478,4.234007358551025
1933,905939,COREAD,5.133473,5.732780933380127
1047,1298526,PAAD,7.140043,6.677805423736572
2111,687819,LUAD,5.232358,5.425291538238525
1911,1298146,LIHC,-0.58459,-2.9012949466705322
2111,1240226,SKCM,5.422755,4.538109302520752
1036,910691,UCEC,4.81274,4.459669589996338
1852,1240167,ESCA,4.5061,4.525622367858887
1933,908460,LUAD,8.635665,9.110939979553223
1004,910926,BLCA,-6.33378,-5.502181053161621
1908,906872,NB,3.927987,1.9396593570709229
1853,907169,SKCM,3.225734,3.348299264907837
1012,1290810,MESO,2.241364,2.599435329437256
1512,1240193,SCLC,4.613488,3.910158395767212
1510,688006,SCLC,3.819937,3.356498956680298
2107,1298475,PAAD,6.018714,5.9805006980896
1237,909707,UNCLASSIFIED,5.298467,5.629487991333008
1054,1298223,LUSC,4.389385,4.083637714385986
1190,688027,SCLC,0.013884,1.1262733936309814
1199,687562,GBM,2.683838,2.8289847373962402
1051,907055,STAD,-1.324722,1.0073199272155762
1199,1240202,LUAD,4.509618,4.348515510559082
1073,907172,SKCM,5.584529,5.371983051300049
1068,687787,LUSC,2.290524,1.355987548828125
1930,908460,LUAD,5.21579,5.521392822265625
1259,906865,SKCM,3.02965,3.3746519088745117
1558,1240134,MESO,1.930795,2.5330379009246826
1930,949153,ALL,-0.573557,-0.2794921398162842
1190,1290808,MESO,2.700372,1.8153693675994873
1578,724855,UNCLASSIFIED,5.295521,5.371634483337402
1005,1331039,UNCLASSIFIED,1.123838,1.4538605213165283
1621,687455,BLCA,3.994179,4.473757266998291
1239,688006,SCLC,2.501927,1.937776803970337
1622,906793,SKCM,3.924799,4.48158073425293
1624,909731,UNCLASSIFIED,2.288723,2.7914092540740967
1618,906835,GBM,6.224038,6.198033809661865
1088,906855,LCML,0.481316,1.3330180644989014
1627,910569,COREAD,2.196513,1.9282238483428955
1250,1330987,UNCLASSIFIED,-0.678513,-0.8876929879188538
1909,909779,UNCLASSIFIED,2.147597,1.1859513521194458
1088,908130,UCEC,3.083931,4.939136981964111
1510,910781,UCEC,3.880449,4.30113410949707
1620,1674021,COREAD,6.188396,5.393952369689941
1910,1240219,PAAD,4.1579,4.132667064666748
1093,909720,UNCLASSIFIED,4.354229,4.875174522399902
1933,910924,STAD,5.04413,4.974649906158447
1200,688010,SCLC,2.717187,2.493769407272339
1873,905969,OV,1.281834,0.9695011973381042
1180,907058,SKCM,-2.662739,-2.659247636795044
1852,688011,SCLC,3.909314,5.030465602874756
1049,1240153,SKCM,3.861629,3.973642587661743
1068,1240222,OV,0.456205,1.1174259185791016
1085,1240190,LUAD,3.203446,2.554124116897583
1625,910919,DLBC,2.457386,2.420898675918579
1180,907320,ESCA,-3.677925,-2.1966392993927
1941,688027,SCLC,-6.566238,-3.1776840686798096
1912,905965,UNCLASSIFIED,0.578992,1.8244991302490234
1200,735784,ESCA,4.002619,3.264113187789917
2048,1240166,UNCLASSIFIED,-5.007486,-5.044246673583984
2043,724868,LUAD,3.695152,4.511614799499512
1249,1290722,THCA,3.800817,3.278903007507324
1013,722046,LUAD,2.327551,2.4456465244293213
1618,1290905,BRCA,5.811837,5.531947135925293
1617,753615,MM,1.300669,2.2948203086853027
1131,906805,LUAD,5.461535,3.389888286590576
1917,924110,UNCLASSIFIED,2.306835,1.689652681350708
1560,908142,UNCLASSIFIED,1.625714,1.4517040252685547
1933,688027,SCLC,3.677477,3.7725579738616943
1560,1297449,DLBC,2.859996,1.7792112827301025
1593,949094,GBM,3.198862,2.2965304851531982
1561,908447,NB,1.751004,2.616645097732544
1248,753572,PAAD,-4.260299,-4.510676383972168
1060,924100,PRAD,0.641888,1.0098645687103271
2044,722066,LUAD,3.362113,3.559791088104248
1093,905960,BRCA,4.281477,4.34180212020874
1046,687777,LUAD,5.450709,4.6037702560424805
1549,1509073,KIRC,3.556844,4.0905938148498535
1511,909718,COREAD,-1.364591,-2.101759433746338
1060,910924,STAD,0.04408,-0.09305709600448608
1786,907064,UNCLASSIFIED,2.228483,3.3477184772491455
1049,1327775,MM,3.692189,3.174480438232422
1194,910569,COREAD,2.383712,-0.4843343496322632
1131,1330993,PRAD,3.126553,4.798707962036133
1549,1330973,SCLC,5.755244,5.020999908447266
2043,907295,SCLC,4.69537,4.887295722961426
2044,907058,SKCM,2.385382,2.554494857788086
1046,907169,SKCM,1.536918,1.696570634841919
1249,908467,UNCLASSIFIED,2.801605,3.665613889694214
2040,1290795,UNCLASSIFIED,-0.106651,1.6358895301818848
1003,1330931,LCML,-2.731621,-4.07649564743042
1191,907047,UNCLASSIFIED,-4.840627,-5.11716890335083
1012,907051,UCEC,1.790803,2.7533984184265137
1512,910941,NB,5.25185,4.788393974304199
1373,907320,ESCA,5.6423,5.225954532623291
1922,906869,STAD,2.046294,2.162745475769043
1563,909720,UNCLASSIFIED,5.233715,5.462848663330078
1034,724825,MM,-4.887193,-4.567522048950195
2111,908443,LUSC,3.988632,4.504735469818115
1918,1298219,UNCLASSIFIED,4.839402,3.8952231407165527
1268,907269,CLL,3.416228,3.834472894668579
1910,687452,BLCA,2.631881,2.4922664165496826
1375,946359,BRCA,8.260509,7.531593322753906
1005,908144,LGG,5.148468,5.1925129890441895
1853,724859,LUAD,4.041734,4.902683734893799
1625,905958,ALL,4.909996,5.117559909820557
1631,924240,BRCA,2.726918,4.418791770935059
1372,909976,UNCLASSIFIED,2.08247,1.2694556713104248
1925,1299070,OV,3.96889,4.668734073638916
1259,1290814,MESO,5.388859,4.129454135894775
1510,907061,HNSC,4.168567,3.5431466102600098
1200,908444,STAD,2.403364,2.835606813430786
1862,753555,ESCA,-1.794178,-1.3205742835998535
1996,1240167,ESCA,3.692572,3.795731782913208
1576,753584,BLCA,2.894229,2.5924232006073
1564,908476,LUAD,0.686338,0.6398814916610718
1089,910689,COREAD,7.732721,7.820435047149658
1057,1240217,LIHC,-1.748752,-1.9619507789611816
1615,1330941,BRCA,5.681832,4.9982147216796875
2111,1298151,LIHC,4.214578,5.08895206451416
1511,910852,BRCA,0.529591,-1.086303949356079
2110,1240159,LIHC,5.214093,5.308563709259033
1131,910944,ALL,2.594414,2.365107774734497
1510,749714,BRCA,5.428731,4.465639591217041
1180,924244,LUAD,-2.232197,-2.718210220336914
1036,1298352,UNCLASSIFIED,8.345098,8.165107727050781
1560,1240201,PAAD,5.326873,3.804131031036377
1622,688021,SCLC,4.435847,5.630458354949951
1634,1330950,MM,4.328039,3.9838831424713135
1012,905933,OV,2.419501,1.906766414642334
1372,753566,BLCA,2.521118,2.6280744075775146
1088,1240162,HNSC,2.562024,3.050992250442505
1910,908471,UNCLASSIFIED,2.177371,3.050708293914795
1007,1240141,MESO,-2.392773,-2.1092469692230225
2044,687995,SCLC,2.262763,3.2191452980041504
1025,1660034,COREAD,5.248294,4.092652320861816
1626,949177,NB,1.768817,2.296046257019043
1057,909779,UNCLASSIFIED,-2.048445,-1.984739065170288
1248,946382,BRCA,-3.425445,-4.273277759552002
1576,1509073,KIRC,3.085438,2.737687349319458
1624,1240226,SKCM,3.325085,3.758543014526367
1129,907045,BRCA,4.619796,3.248601198196411
1088,1290922,BRCA,3.993548,4.0681376457214355
1068,1503371,ESCA,2.816122,2.0463271141052246
1088,905935,PRAD,2.31772,2.5419888496398926
1057,908446,STAD,-2.331882,-2.9529194831848145
1012,906863,HNSC,2.141744,2.3105628490448
1010,909250,KIRC,4.390378,3.6671814918518066
1507,924105,UNCLASSIFIED,3.288161,4.348439693450928
1010,753547,SCLC,3.361229,2.7182204723358154
1068,949171,NB,1.952629,0.3450014889240265
1621,1290908,LUAD,3.449717,3.695949077606201
1054,909737,LIHC,3.903458,3.750455856323242
1799,753600,LUAD,5.66726,5.121692657470703
1549,908141,LAML,3.6454,3.7246310710906982
1613,908131,UNCLASSIFIED,5.113956,4.548910140991211
1375,1299050,HNSC,5.748866,6.059844970703125
1908,687780,UNCLASSIFIED,2.792907,3.0122971534729004
1915,724825,MM,2.375614,2.3039000034332275
1918,1503365,ESCA,3.559616,1.684779167175293
1853,924105,UNCLASSIFIED,5.488069,4.098430156707764
1939,908149,UNCLASSIFIED,3.6087,2.537165880203247
1930,687506,CESC,0.675907,0.7729664444923401
1179,1322212,SCLC,0.65852,0.38406699895858765
1939,1240132,MESO,6.226418,4.7981462478637695
1911,1330973,SCLC,-0.690802,-1.941723346710205
1915,1240197,OV,3.77286,4.312812805175781
1635,909745,GBM,5.84005,5.457769870758057
1010,909753,OV,4.794241,4.96494197845459
1510,909977,UNCLASSIFIED,4.903703,4.429316520690918
2045,724834,LUAD,5.206336,5.778091907501221
1051,907173,MESO,2.382722,3.5723164081573486
2106,1330993,PRAD,3.055987,3.021432876586914
1598,713880,SCLC,2.606826,2.911064386367798
1200,925343,UNCLASSIFIED,3.178372,3.434152126312256
1558,1330942,LAML,3.80309,3.206045627593994
1529,1298533,PAAD,0.227556,0.5904586911201477
1634,909721,LUAD,6.31785,5.73043966293335
1996,1298476,PAAD,5.578359,6.233251571655273
1259,753563,MM,0.339555,-1.031787395477295
1004,1298218,PAAD,-1.592809,-2.0228209495544434
1511,1240186,SCLC,2.41244,1.4989070892333984
1873,910903,SKCM,0.488585,0.7475208044052124
1239,905989,COREAD,0.878513,2.3629021644592285
1916,909781,KIRC,4.631022,4.870410442352295
1085,910546,PAAD,3.195842,2.6997408866882324
1629,688058,MESO,4.768392,5.337154388427734
1557,908440,NB,4.347732,4.429203033447266
1911,1330947,LAML,-8.452436,-7.273604869842529
1057,905960,BRCA,-2.076579,-2.714855194091797
1614,907314,NB,5.193039,3.866560220718384
1924,753583,HNSC,3.810545,3.9357426166534424
1089,753556,LUSC,3.441458,3.851184368133545
1915,907320,ESCA,0.197031,-0.8111138939857483
1862,910932,SKCM,-1.882101,-1.6407225131988525
2043,906790,STAD,4.925836,4.486073017120361
1924,688025,SCLC,3.908167,4.14565372467041
1034,909778,BRCA,-2.277563,-1.5253300666809082
1634,906696,THCA,3.643972,3.5825583934783936
1060,906763,ALL,-0.506167,0.0027465522289276123
1911,908455,STAD,-4.887315,-5.247086524963379
1928,724879,LUSC,5.818182,5.768951892852783
1553,907065,BLCA,1.265114,2.23844313621521
1915,949155,UNCLASSIFIED,2.48567,2.2534983158111572
1930,930297,CESC,1.299154,1.2049689292907715
1909,1480362,OV,4.189076,3.0142464637756348
1510,907285,PAAD,2.967335,3.3344931602478027
1073,1240129,OV,7.104364,7.349948406219482
1931,1240221,UNCLASSIFIED,4.679835,4.228910446166992
1060,1240155,STAD,0.195433,1.154949426651001
1910,1240196,HNSC,4.938831,3.327024221420288
1091,906877,ALL,0.261921,1.5164780616760254
1168,910936,HNSC,-1.430074,-0.6048988699913025
1926,753589,SCLC,3.450944,2.9009170532226562
1511,753612,MM,1.135699,-0.02532222867012024
1054,684052,UNCLASSIFIED,2.233636,2.4092211723327637
1079,907795,COREAD,2.088014,3.373669147491455
1852,1299075,PRAD,5.719275,5.031310558319092
1614,1290922,BRCA,3.88785,3.769777536392212
1022,1322218,UNCLASSIFIED,-1.318866,-1.4052577018737793
1917,1331032,DLBC,2.2235,2.4686119556427
1089,687798,LUAD,4.837487,3.8416714668273926
1624,1240181,NB,1.027749,0.635440468788147
1239,1240127,UCEC,2.886154,3.2947943210601807
1614,1299050,HNSC,3.951825,3.592163324356079
1933,1240186,SCLC,4.457807,6.099603176116943
1054,1240149,UNCLASSIFIED,2.21736,2.0486185550689697
1079,687812,LUAD,-1.687975,-0.5149378776550293
1511,687995,SCLC,-2.416449,-1.4966449737548828
2045,1298476,PAAD,8.309232,7.51733922958374
1631,908142,UNCLASSIFIED,0.672395,0.7254621982574463
2043,753592,LUAD,4.319144,4.362748146057129
1250,724831,UNCLASSIFIED,1.365237,1.357325792312622
1168,910548,OV,3.054765,3.239269733428955
1079,910937,SCLC,2.954719,2.392554759979248
1373,1240167,ESCA,5.172231,3.879640579223633
1853,753575,ESCA,5.674943,5.892459392547607
2111,1503371,ESCA,5.093219,3.1565322875976562
1626,1290722,THCA,2.047324,2.1919944286346436
1036,908143,UNCLASSIFIED,5.112014,4.2461934089660645
1563,908142,UNCLASSIFIED,4.47868,4.200958728790283
1511,910935,DLBC,-4.121113,-4.353329658508301
1630,910926,BLCA,2.922043,2.477915048599243
1561,1298529,HNSC,3.042003,2.896005630493164
1922,909759,UNCLASSIFIED,2.189923,1.753220796585083
1930,909717,UNCLASSIFIED,0.095011,0.35279160737991333
1634,1299070,OV,3.537961,3.270367383956909
1557,910934,DLBC,4.356996,3.642986297607422
1549,1298350,LUAD,1.337327,0.43504461646080017
1249,906873,GBM,2.995997,2.9006552696228027
1089,905937,COREAD,2.161643,1.8146343231201172
1005,908474,UNCLASSIFIED,5.329051,2.70703387260437
1933,1240216,LIHC,4.763054,5.4355244636535645
1620,1240130,SKCM,4.159219,4.07897424697876
2040,907287,COREAD,0.678663,0.8934348821640015
1910,687514,CESC,2.103416,1.7474195957183838
1855,1290807,UNCLASSIFIED,6.826302,6.452147006988525
1922,925346,PAAD,3.362534,2.1991117000579834
1200,1479987,OV,2.053366,2.5767595767974854
1259,909255,UNCLASSIFIED,2.058919,1.7122128009796143
1996,909721,LUAD,6.779268,5.408226013183594
2044,753575,ESCA,4.197467,5.550367832183838
1529,1290769,COREAD,2.519393,1.4989585876464844
1549,753538,HNSC,0.006154,0.3300858736038208
1561,753608,LUAD,2.207055,1.5014939308166504
1634,905975,SKCM,5.221212,4.55048131942749
1614,910546,PAAD,3.417492,4.442208290100098
1631,1330995,DLBC,4.583288,3.0845911502838135
1268,907320,ESCA,5.003528,4.768993854522705
1012,1240218,PAAD,6.033335,4.236788749694824
1563,1240168,GBM,5.096962,5.6465067863464355
1005,1240210,UNCLASSIFIED,3.708452,3.471238613128662
1177,924238,THCA,3.026193,3.4947986602783203
1598,687561,GBM,3.566074,4.185338497161865
1559,713899,SCLC,-0.305991,-2.1956217288970947
1200,909702,ALL,0.499842,1.973907470703125
1913,1290810,MESO,6.239029,6.0081305503845215
1507,1240122,HNSC,5.177374,5.5994486808776855
1511,908443,LUSC,0.89857,-1.25785493850708
1558,909746,COREAD,3.150247,3.3333404064178467
1635,1240217,LIHC,4.228312,4.980929374694824
1931,1330950,MM,4.394738,3.756925106048584
1553,906838,UNCLASSIFIED,3.1726,2.1848931312561035
1051,688086,NB,-2.54506,-0.5331823229789734
1080,908460,LUAD,1.679558,2.605849027633667
1191,1240226,SKCM,-5.204245,-4.848154067993164
1248,909780,BLCA,-6.068411,-4.2576422691345215
1924,909755,COREAD,4.605532,4.768712043762207
1931,753561,HNSC,5.289889,4.369464874267578
1507,909774,UNCLASSIFIED,6.414807,5.527220726013184
1239,949178,NB,1.210997,0.04837337136268616
1549,909264,UNCLASSIFIED,5.293195,4.290506839752197
1372,909721,LUAD,0.302654,-0.3796766996383667
1080,1303900,BRCA,-0.562589,-1.739260196685791
1622,753592,LUAD,4.232342,3.775766134262085
1917,1303900,BRCA,3.816773,4.100099563598633
1931,907314,NB,5.86088,4.787646293640137
1622,949160,UNCLASSIFIED,4.053781,3.6884515285491943
1179,909746,COREAD,1.981347,1.822432041168213
1618,724859,LUAD,3.457336,4.374094486236572
2043,1503365,ESCA,6.81856,7.018988609313965
1918,910952,KIRC,-0.633664,1.0700312852859497
1239,907064,UNCLASSIFIED,1.509989,2.5279290676116943
1012,908129,UCEC,3.161835,3.0372588634490967
1924,906871,LGG,3.339833,2.988309621810913
1564,1240187,LUAD,2.204234,2.0489392280578613
1997,906865,SKCM,3.400509,3.3032000064849854
1620,1290813,MESO,4.56323,5.158627033233643
1190,906863,HNSC,-3.729282,-2.648955821990967
1032,1298216,PAAD,2.149027,2.6624021530151367
1013,910691,UCEC,2.419823,2.8427960872650146
1916,1298216,PAAD,4.595392,3.9252231121063232
1080,907291,COREAD,-4.80818,-4.487452983856201
1630,908151,BRCA,4.488501,4.036791801452637
1559,753618,NB,-1.544012,-2.6135928630828857
1190,909719,LIHC,1.21178,-0.011076509952545166
1622,688011,SCLC,5.326862,3.7192647457122803
1561,924105,UNCLASSIFIED,-1.202055,-0.6306295990943909
1852,1240158,LIHC,5.823762,5.360531806945801
1199,905968,OV,2.709696,2.954474687576294
1051,946382,BRCA,3.675519,3.190269947052002
1237,1240157,LIHC,6.232116,5.384343147277832
2043,753623,ESCA,4.27068,4.735040664672852
1177,910851,UNCLASSIFIED,4.638282,4.923660755157471
1091,909723,SKCM,5.526929,4.878205299377441
1131,1503364,STAD,6.310301,4.7780938148498535
2043,687780,UNCLASSIFIED,6.10999,4.722036838531494
1068,908127,UNCLASSIFIED,1.644491,1.0782265663146973
2109,908148,LAML,1.067172,1.3214287757873535
1854,907072,UNCLASSIFIED,4.672066,4.5169997215271
1049,906821,PAAD,4.75796,4.4397478103637695
1910,910937,SCLC,0.068197,-0.9210180640220642
1618,908123,BRCA,2.418085,2.9285085201263428
1088,909749,BLCA,4.665315,5.192568302154541
1625,949178,NB,4.592598,3.806462526321411
1005,687777,LUAD,5.775381,5.026710510253906
1512,924105,UNCLASSIFIED,4.571679,5.221371173858643
1032,753610,SCLC,1.701302,2.0131592750549316
1250,908139,STAD,2.921294,1.9090251922607422
1911,910546,PAAD,-5.016534,-5.739655017852783
1627,908476,LUAD,2.924429,2.7168471813201904
1853,1240136,MESO,4.306657,4.7352800369262695
1630,1298352,UNCLASSIFIED,8.272922,7.78576135635376
1912,910900,LUAD,4.20722,4.118882179260254
1852,949177,NB,3.601893,4.160120010375977
1561,1247871,ALL,3.475764,3.868425130844116
2040,687780,UNCLASSIFIED,0.624888,1.5236256122589111
1012,1240122,HNSC,0.412218,2.1480703353881836
1057,909745,GBM,-3.2772,-3.816027879714966
1615,909709,HNSC,4.169251,4.950155258178711
1036,908131,UNCLASSIFIED,4.991165,5.015905380249023
1012,910695,UNCLASSIFIED,1.28811,0.8083126544952393
1085,1240189,SCLC,1.522183,1.4086740016937256
2106,905973,UNCLASSIFIED,3.673986,2.6798622608184814
1932,753532,HNSC,-0.19102,0.6167560815811157
1561,753620,NB,1.853809,3.0287036895751953
1593,905971,COREAD,1.546337,2.141268491744995
1060,688023,SCLC,1.224331,0.563827633857727
1131,687600,UNCLASSIFIED,4.371679,4.630877494812012
1083,753552,BLCA,3.404121,3.0419833660125732
1557,910933,GBM,4.64654,3.877124547958374
1011,753583,HNSC,2.229912,1.3845754861831665
1561,909781,KIRC,6.496064,6.040626525878906
1084,907271,LGG,-2.920276,-2.321446657180786
1927,909699,UNCLASSIFIED,6.871444,5.98623514175415
1022,906798,BLCA,0.524482,-0.008728832006454468
1549,687807,LUAD,4.139211,5.337457180023193
2040,1240183,LUSC,1.892511,1.7279343605041504
1924,909703,ALL,2.523953,2.9662179946899414
1250,753584,BLCA,1.483388,1.8208701610565186
2046,907065,BLCA,5.154049,4.624123573303223
1058,908145,LGG,0.554387,0.5524623394012451
1576,1290807,UNCLASSIFIED,3.681316,3.4573395252227783
1622,906851,BRCA,3.433447,3.838575601577759
1010,908472,LUAD,3.305469,3.2948901653289795
1003,905937,COREAD,-2.869888,-3.0468387603759766
1635,907269,CLL,4.614121,4.148890018463135
1862,946382,BRCA,-1.379262,-1.6343026161193848
1085,906805,LUAD,1.411202,2.868349313735962
1060,1327766,MM,-0.523715,-0.26936155557632446
1873,909770,STAD,1.067257,0.5557289719581604
1578,1331048,DLBC,2.577869,3.6063344478607178
1561,1327769,DLBC,2.722385,3.0903337001800537
1913,907287,COREAD,4.804639,5.2224440574646
1930,909781,KIRC,5.021386,3.698613405227661
1011,909744,ACC,2.047286,2.7151665687561035
1931,910703,UNCLASSIFIED,2.233245,4.815052509307861
1578,906821,PAAD,5.13886,5.3134942054748535
1190,907000,UNCLASSIFIED,-3.681984,-4.530965805053711
1237,909738,LIHC,5.561257,5.258673667907715
1553,910706,UNCLASSIFIED,2.141822,1.2606074810028076
1926,1240166,UNCLASSIFIED,-0.385445,-0.768305242061615
1058,906862,BRCA,-0.541485,0.01349031925201416
1940,1240212,CESC,3.344406,3.4488983154296875
1046,753565,SCLC,0.595407,1.1860547065734863
1939,924240,BRCA,1.789827,1.6921465396881104
1046,1327769,DLBC,0.125408,0.07176673412322998
2106,906824,CESC,1.156308,2.273257255554199
1941,1290722,THCA,-4.845887,-5.057075023651123
2044,753563,MM,2.611661,1.6885292530059814
1022,1327773,DLBC,-2.441498,-1.5535695552825928
1036,688086,NB,4.024363,4.179005146026611
1054,949161,UNCLASSIFIED,2.439653,2.2763595581054688
1047,687588,GBM,5.702531,4.707147121429443
1622,910952,KIRC,5.283968,4.519775390625
1629,909736,LIHC,6.126002,5.521704196929932
1862,910911,HNSC,-1.906668,-1.5381064414978027
1073,910952,KIRC,2.80974,3.538213014602661
1239,724863,UNCLASSIFIED,1.769343,1.673509120941162
1576,924187,UCEC,4.178833,3.8425633907318115
1557,910911,HNSC,5.127062,5.266613960266113
1073,687985,SCLC,5.683339,4.16676139831543
1003,753551,SCLC,-4.347583,-3.268925189971924
1563,1290809,MESO,6.721648,6.611344814300537
1510,717431,NB,2.852674,1.4298007488250732
1559,749714,BRCA,-2.241673,0.32372888922691345
1873,687985,SCLC,0.240648,0.12402471899986267
1239,907274,DLBC,2.760168,1.7200863361358643
1179,909785,UNCLASSIFIED,-0.910671,-1.451869249343872
2043,1240197,OV,5.489844,5.56035041809082
1621,907058,SKCM,3.425944,4.352175712585449
1088,909262,UNCLASSIFIED,0.236012,-0.007178604602813721
1557,907069,UNCLASSIFIED,4.375568,4.943277359008789
2111,910779,UNCLASSIFIED,5.910738,5.095436096191406
1613,907790,COREAD,2.868724,2.12770414352417
2047,905969,OV,1.953933,1.9077141284942627
1512,905969,OV,6.889457,6.389209747314453
1190,1298226,LUSC,-0.028696,-1.8841733932495117
1630,1240158,LIHC,2.378058,2.8828868865966797
1618,1298359,ESCA,3.880771,4.112022399902344
1564,907056,UNCLASSIFIED,5.03399,4.264476299285889
1032,909785,UNCLASSIFIED,-0.199724,-1.22049880027771
1941,1298226,LUSC,-4.249766,-5.300377368927002
1996,907320,ESCA,4.477107,3.979374408721924
1091,949172,NB,-1.429595,-0.2393019199371338
1593,910915,PAAD,4.922554,5.857255935668945
1051,749709,BRCA,4.500316,4.163799285888672
1996,998184,ALL,1.426106,2.017916440963745
1927,907281,MM,4.362101,3.4122374057769775
1997,924100,PRAD,4.335838,4.59643030166626
1928,1240181,NB,3.395019,3.328146457672119
1916,910920,KIRC,3.433548,3.438897132873535
2110,1674021,COREAD,4.607687,3.9375953674316406
1375,907057,LIHC,5.412622,5.578044891357422
2107,909704,BLCA,5.277657,5.250476837158203
1926,906864,THCA,1.375446,0.45865926146507263
1005,1298151,LIHC,5.279375,4.928629398345947
1559,1240184,UNCLASSIFIED,-4.055323,-2.3539817333221436
1916,908475,LUAD,2.198513,2.075479507446289
1634,907268,UNCLASSIFIED,3.137384,3.152719259262085
1786,905989,COREAD,-1.618393,2.768747329711914
1925,924105,UNCLASSIFIED,5.065236,5.126944065093994
1932,907170,NB,1.821571,2.0371665954589844
2047,925345,UNCLASSIFIED,2.928314,2.3725826740264893
1560,905964,MM,3.459587,3.2325994968414307
1630,907300,LAML,3.164862,2.790560007095337
1375,1290765,UNCLASSIFIED,6.571652,5.62456750869751
1635,1240185,LUAD,6.062196,5.36712646484375
1634,909754,UNCLASSIFIED,5.868073,5.72298526763916
1634,1298358,STAD,4.434719,4.547030448913574
2046,907061,HNSC,2.557717,2.8431336879730225
1563,1503371,ESCA,5.213111,5.122958183288574
1190,909728,LUSC,-0.904876,0.43300214409828186
1908,687798,LUAD,2.752074,3.133173704147339
1047,1298146,LIHC,6.35214,5.280388832092285
1908,909703,ALL,2.608686,2.2903032302856445
1011,687820,LUAD,2.876982,2.3438539505004883
1003,1298529,HNSC,-1.922629,-1.975252628326416
1622,910922,KIRC,4.075539,4.159409046173096
1051,907169,SKCM,3.871069,3.148428440093994
1237,906861,UNCLASSIFIED,5.516382,4.962612628936768
1912,687829,UNCLASSIFIED,4.199272,4.101681709289551
1191,909256,BRCA,-5.729105,-5.8231353759765625
1853,1298352,UNCLASSIFIED,6.101802,8.02982234954834
1908,907796,UNCLASSIFIED,2.517127,1.9507317543029785
1939,688013,SCLC,1.151555,0.32592907547950745
1177,906853,UNCLASSIFIED,6.694209,5.827165603637695
1925,1331048,DLBC,4.0889,3.843432903289795
1564,910694,GBM,4.794404,5.091155052185059
1012,930299,THCA,1.753067,3.192721128463745
1073,905978,KIRC,5.805034,5.473631381988525
1168,1240145,LUAD,3.64882,2.8869099617004395
1933,713899,SCLC,2.885803,3.8730485439300537
2110,749714,BRCA,5.630582,4.869300365447998
1627,909904,PAAD,3.590406,4.072136402130127
1931,909770,STAD,5.360366,5.4565935134887695
1005,911905,OV,7.971887,5.779220104217529
1047,753541,HNSC,4.636753,5.207122802734375
1373,1240185,LUAD,5.255263,4.977477550506592
1924,687506,CESC,4.113509,4.053364276885986
1036,909776,UNCLASSIFIED,6.035013,5.452563762664795
1034,1303897,DLBC,-2.325524,-1.8581199645996094
1576,909720,UNCLASSIFIED,2.265153,2.6885221004486084
1046,1240181,NB,-0.16154,0.8407313823699951
2045,905971,COREAD,4.725866,4.58236837387085
1930,910934,DLBC,-1.039109,-0.7866013646125793
1091,1290813,MESO,0.798478,1.0146942138671875
1908,949167,UNCLASSIFIED,3.470815,2.947207450866699
1936,907271,LGG,3.786733,4.337538242340088
1622,909745,GBM,5.009306,5.096438407897949
1625,924238,THCA,4.0426,4.110876560211182
1852,908141,LAML,4.315558,3.8324012756347656
1561,909722,UNCLASSIFIED,1.295768,1.117283821105957
2046,1290813,MESO,2.290708,3.1130285263061523
1046,907787,ALL,1.210923,0.7087889909744263
1576,924239,MM,0.597755,1.2712020874023438
1168,906793,SKCM,3.067472,3.3752522468566895
1630,908143,UNCLASSIFIED,5.141392,4.1920857429504395
1911,908143,UNCLASSIFIED,-7.047198,-5.987112998962402
1624,909745,GBM,3.909667,3.4312424659729004
1625,1240146,LUAD,6.266363,5.498530864715576
1057,1331048,DLBC,-2.678551,-2.32133150100708
1626,906863,HNSC,1.280799,1.1643040180206299
1622,1303900,BRCA,3.562821,3.979853630065918
1510,909745,GBM,5.118182,4.604711055755615
1003,908127,UNCLASSIFIED,-2.734509,-2.835594654083252
1560,909770,STAD,2.926212,4.251453399658203
1931,906870,LAML,4.414426,3.7855584621429443
1010,924244,LUAD,2.598842,2.2828049659729004
1614,924240,BRCA,3.040043,4.5120062828063965
1003,905968,OV,-2.717918,-2.6751482486724854
1049,1290724,HNSC,3.667131,3.599447011947632
1199,1240218,PAAD,5.270377,5.618222236633301
1089,910932,SKCM,2.523914,3.323800563812256
1036,908476,LUAD,4.767891,4.691927909851074
1060,1240216,LIHC,1.027939,2.3941919803619385
1786,1503367,ESCA,3.633155,2.327958106994629
1511,907062,HNSC,-1.07134,-0.8793103098869324
1091,917486,COREAD,2.027461,2.8635475635528564
1634,1290807,UNCLASSIFIED,3.823327,4.844783306121826
1032,908462,MESO,1.156268,2.439284324645996
1928,905986,GBM,5.815822,4.862766265869141
1054,753555,ESCA,4.993982,2.836679220199585
1560,1240141,MESO,6.015909,5.087027072906494
1560,905956,SKCM,4.626709,5.0441179275512695
1553,946357,UNCLASSIFIED,3.261156,2.853548049926758
1190,907277,ALL,-4.80849,-3.5901076793670654
1627,724879,LUSC,3.627929,3.7048351764678955
1006,905937,COREAD,0.805468,0.3903982639312744
1091,907055,STAD,1.449391,0.9696052670478821
1549,688014,SCLC,5.531643,5.202939033508301
1853,1298359,ESCA,4.32959,3.866922616958618
1576,1290722,THCA,3.022563,2.9649569988250732
1003,907042,LGG,-4.847862,-5.221673488616943
1529,753594,SCLC,-0.497442,0.27033036947250366
1036,907273,UNCLASSIFIED,2.622289,3.1749532222747803
1593,907057,LIHC,2.866203,3.368460178375244
2110,908148,LAML,3.763997,2.797682285308838
1006,930299,THCA,4.143025,4.042826175689697
2109,1240166,UNCLASSIFIED,1.178899,2.020920753479004
1915,998184,ALL,2.058917,2.2865185737609863
1615,909708,HNSC,3.769361,4.127935409545898
1854,907300,LAML,3.320654,3.1340558528900146
1032,910948,BRCA,3.117772,2.7722723484039307
1036,753624,PAAD,5.44011,5.200886249542236
1630,908130,UCEC,5.178315,4.6534295082092285
1558,907050,UNCLASSIFIED,6.029487,6.645330905914307
1598,909759,UNCLASSIFIED,5.762399,5.11462926864624
1854,1298537,LUAD,5.851922,4.6934638023376465
1079,713899,SCLC,3.630144,3.3491322994232178
1911,908474,UNCLASSIFIED,-4.282444,-5.288948059082031
1910,909750,LGG,1.587005,1.6432995796203613
2043,1240160,LIHC,6.346963,5.541103839874268
1046,688001,SCLC,-0.131096,-0.06940290331840515
1576,906763,ALL,1.12294,1.787095308303833
1036,753547,SCLC,4.1654,3.9014012813568115
1617,949160,UNCLASSIFIED,1.385723,1.8595759868621826
1853,713869,LUAD,3.247134,3.8957884311676025
1928,1290798,BRCA,5.333708,5.252429008483887
1627,1240147,LIHC,2.069696,2.296445846557617
1634,713880,SCLC,2.559493,3.3910205364227295
1054,907792,COREAD,5.273687,6.027612209320068
1060,906765,MM,-0.346271,-0.38090085983276367
1006,753552,BLCA,1.027337,0.8481873869895935
1089,1503362,ESCA,3.936043,3.87636137008667
2040,1240141,MESO,3.367777,2.7346928119659424
1614,1240216,LIHC,4.035582,5.264325141906738
2044,907069,UNCLASSIFIED,4.491581,3.3972487449645996
1622,1290905,BRCA,5.568048,5.358945369720459
1375,907060,UNCLASSIFIED,5.314145,5.170959949493408
1614,1240124,COREAD,4.338486,3.461717128753662
1634,688014,SCLC,4.247082,4.762536525726318
1853,1674021,COREAD,5.815554,4.783162593841553
1549,907279,LGG,5.318147,5.822473049163818
1089,909721,LUAD,5.801557,5.7040486335754395
1561,684052,UNCLASSIFIED,1.594148,1.8822450637817383
1049,1331032,DLBC,3.507887,3.9233248233795166
1191,910702,PAAD,1.261405,-0.34743136167526245
1054,909785,UNCLASSIFIED,0.10964,0.05885273218154907
1918,1298223,LUSC,4.005826,4.474370956420898
1011,908473,LUAD,4.517556,4.783982753753662
1936,910935,DLBC,0.936094,0.8313502073287964
1922,1240141,MESO,3.351052,3.0980942249298096
1873,1240219,PAAD,2.275883,2.198519468307495
1093,946370,GBM,4.748853,4.602912425994873
1564,905976,SKCM,-1.445398,-2.584843158721924
1032,688006,SCLC,2.03659,3.0648446083068848
1924,909976,UNCLASSIFIED,3.189694,3.1674866676330566
1615,753563,MM,3.936489,3.5490589141845703
1627,908147,ALL,1.072798,1.296295404434204
1046,1299050,HNSC,3.989317,4.043116569519043
1928,924102,THCA,4.403261,4.261812686920166
1635,1298357,STAD,6.540988,6.286906719207764
2043,753585,KIRC,5.048752,5.402446269989014
1631,907300,LAML,1.026719,1.2266931533813477
1627,753555,ESCA,2.156612,2.4815192222595215
1054,909709,HNSC,5.014528,4.027167797088623
1053,910915,PAAD,5.137392,4.905616283416748
1250,910780,NB,-0.263172,-0.03870195150375366
1854,906847,UNCLASSIFIED,4.844839,4.394965171813965
1549,753616,NB,5.173338,4.583280563354492
1259,1240158,LIHC,3.323585,3.4307243824005127
1786,909257,OV,3.217594,3.1280198097229004
1928,1299078,SKCM,4.119413,4.789019584655762
1912,910903,SKCM,1.698661,1.8942043781280518
1012,688026,SCLC,0.329591,-0.15939128398895264
1036,1240210,UNCLASSIFIED,3.83901,4.0365471839904785
1250,910943,GBM,1.082641,1.364027500152588
1799,1299080,SKCM,-0.607208,5.6982102394104
1928,724870,PAAD,3.205031,3.8956363201141357
1924,717431,NB,3.741774,2.989187717437744
1873,946359,BRCA,2.180279,1.2756357192993164
2045,909779,UNCLASSIFIED,5.363645,5.649720668792725
1594,909722,UNCLASSIFIED,4.342643,3.7726566791534424
1912,924244,LUAD,1.04883,0.6266103982925415
1625,908122,BRCA,3.560125,4.291830062866211
2107,907062,HNSC,4.880045,5.206258296966553
1799,1290922,BRCA,2.38137,1.7616610527038574
1629,907792,COREAD,6.370413,6.159333229064941
1034,949160,UNCLASSIFIED,-1.601801,-3.0655579566955566
1131,998184,ALL,3.00123,1.664125919342041
1561,688021,SCLC,3.433142,3.1503329277038574
1996,1290814,MESO,4.076582,5.393892288208008
1093,1480372,OV,4.681699,5.305094242095947
1631,909738,LIHC,3.128615,2.418699026107788
1622,906693,PAAD,3.331571,3.4454145431518555
1917,1659928,COREAD,2.49023,1.2242907285690308
1635,1240143,LUSC,5.900987,5.591024875640869
1912,753556,LUSC,1.074837,0.5524599552154541
2107,1240223,THCA,6.158249,7.065150260925293
1073,907169,SKCM,5.850272,5.940088272094727
1179,906877,ALL,-0.317966,-0.1932489275932312
2045,907298,UNCLASSIFIED,4.51809,3.833470582962036
1057,905955,SKCM,0.317126,-1.3323431015014648
1083,908138,UNCLASSIFIED,3.440045,4.070689678192139
1634,1327766,MM,3.476932,3.158332586288452
2107,1240216,LIHC,5.737151,5.847480297088623
1613,1240209,STAD,3.092119,4.713009834289551
1058,1330942,LAML,3.519757,3.312347650527954
1913,908467,UNCLASSIFIED,3.762572,3.7262606620788574
1036,1303912,UNCLASSIFIED,2.843243,3.781698703765869
2110,1240190,LUAD,4.142227,5.326786994934082
1936,1240122,HNSC,3.290938,3.9144704341888428
1617,1327771,LCML,-3.419208,0.5044038891792297
1054,906872,NB,3.130052,2.7197365760803223
1179,906833,MB,-0.746583,-0.4984027147293091
1853,930298,CESC,3.873546,4.442008018493652
1013,905934,PRAD,5.685459,5.07689905166626
1593,1303912,UNCLASSIFIED,1.64444,2.2001798152923584
1199,905976,SKCM,3.906533,3.7034213542938232
1911,905934,PRAD,-2.990555,-2.775012493133545
1053,753554,LUSC,1.866394,2.9915263652801514
1939,907062,HNSC,1.662512,3.488649606704712
1910,909732,UNCLASSIFIED,3.141608,2.3215746879577637
2111,687787,LUSC,4.912821,5.001078128814697
1054,1240158,LIHC,4.163604,5.014457702636719
1911,909250,KIRC,-3.335457,-3.140824317932129
1080,946357,UNCLASSIFIED,-5.647269,-4.515710830688477
1908,910903,SKCM,2.295696,2.0532875061035156
1912,907042,LGG,1.889832,1.630732774734497
1512,906800,UNCLASSIFIED,3.438652,3.7752845287323
1050,906851,BRCA,3.712114,2.8703441619873047
1003,909748,COREAD,-2.143157,-0.5137488842010498
1084,1240127,UCEC,-1.798865,-1.1940529346466064
1006,906862,BRCA,1.381874,2.215024948120117
1852,1298526,PAAD,6.104249,6.258439540863037
1617,907058,SKCM,1.815003,1.9370043277740479
1553,1290810,MESO,3.416058,3.109539031982422
1925,910781,UCEC,5.218648,4.4984517097473145
2096,687820,LUAD,4.706627,5.61771821975708
1375,724855,UNCLASSIFIED,7.454389,6.863572120666504
1190,930298,CESC,2.699373,1.2058992385864258
1529,907055,STAD,-1.551226,-0.22689753770828247
1915,924108,COREAD,2.41923,2.280088186264038
1190,906801,BRCA,2.930021,2.121877908706665
1559,1240222,OV,-3.700367,-2.7772021293640137
1928,910942,UNCLASSIFIED,4.086004,3.0297553539276123
1622,1330950,MM,4.09431,3.8852384090423584
1068,753589,SCLC,3.722382,2.9617674350738525
1626,910935,DLBC,-2.047671,-1.3812260627746582
1091,1295741,MM,-0.373401,0.2440425455570221
1933,909252,ALL,2.562963,2.8496735095977783
1054,924151,THCA,3.01804,3.0419881343841553
1925,909696,UNCLASSIFIED,4.134424,3.983741283416748
1799,907050,UNCLASSIFIED,6.098896,7.244775772094727
2045,909708,HNSC,4.181893,4.280953884124756
1849,908151,BRCA,-1.376374,-2.209683418273926
1931,909756,UNCLASSIFIED,6.065276,6.128799915313721
1926,688006,SCLC,2.889562,1.4356317520141602
1054,910900,LUAD,5.01662,3.8518309593200684
1913,753563,MM,4.050631,3.6132469177246094
1250,1240167,ESCA,0.203947,1.06499445438385
1057,907173,MESO,-0.744059,-1.2951087951660156
1564,687506,CESC,2.423555,1.9223051071166992
1593,910850,LIHC,2.339548,5.0766801834106445
1630,905984,LGG,1.902443,1.7979888916015625
1922,1290813,MESO,-0.193964,0.44089242815971375
1375,910784,UNCLASSIFIED,7.166744,6.518565654754639
1917,949157,UNCLASSIFIED,2.514833,2.4390909671783447
1013,906851,BRCA,3.060762,2.9275853633880615
1012,1298218,PAAD,2.434043,3.055328130722046
1849,946368,GBM,0.170654,-0.4863453507423401
1180,1297447,MM,-2.875488,-3.1532137393951416
1177,1299050,HNSC,4.599917,4.719180583953857
1624,1299075,PRAD,1.730754,1.7443525791168213
1004,1331032,DLBC,-5.964125,-5.292206764221191
1563,907069,UNCLASSIFIED,5.830875,5.867885589599609
1927,1298539,UNCLASSIFIED,6.426222,6.039680004119873
1624,687777,LUAD,4.060343,2.5606937408447266
1003,1240144,UNCLASSIFIED,-3.501132,-2.8750364780426025
1022,910710,LCML,-1.574602,-2.208120822906494
1268,909974,KIRC,6.103981,5.886612415313721
1375,1298136,PAAD,7.883995,7.814751625061035
1873,949168,UNCLASSIFIED,0.758777,1.179487705230713
1853,907048,BRCA,3.239501,3.1951003074645996
1557,687816,LUAD,3.771158,5.457150936126709
1036,1297449,DLBC,4.544985,3.30153751373291
1131,925347,PAAD,4.323753,6.788453102111816
2043,1330985,LAML,3.387051,3.6321380138397217
1939,687588,GBM,4.160299,2.426419734954834
1025,909748,COREAD,5.189849,5.097362041473389
2043,909780,BLCA,4.406431,4.562289714813232
1549,1240149,UNCLASSIFIED,3.468342,3.977121353149414
1627,1240143,LUSC,3.663291,3.261962413787842
2109,684062,UNCLASSIFIED,2.439292,1.856445550918579
1083,1240198,OV,4.681849,4.1755242347717285
1005,907050,UNCLASSIFIED,6.157807,7.278550624847412
1931,910944,ALL,3.707264,3.0430967807769775
1909,1331037,DLBC,-0.738538,-0.9969070553779602
1036,910944,ALL,2.382856,3.509681463241577
1191,906831,UNCLASSIFIED,-5.229645,-5.308414459228516
1909,753547,SCLC,2.29154,1.7633728981018066
1849,1290769,COREAD,0.578291,0.6207135915756226
1557,1297447,MM,5.125229,4.367097854614258
1239,1240141,MESO,5.615106,5.720576763153076
1617,909704,BLCA,1.749628,2.214218854904175
1625,910569,COREAD,4.64659,4.694542407989502
1190,907320,ESCA,2.919191,-0.1311277151107788
1051,906801,BRCA,2.450158,4.00892972946167
1613,908455,STAD,3.623412,3.530733346939087
1855,924104,THCA,6.536393,4.76782751083374
1941,905952,ALL,-3.526706,-3.8417999744415283
1373,906765,MM,3.9736,3.228792190551758
1259,910919,DLBC,2.990545,1.150438904762268
1559,924187,UCEC,0.205471,-0.5654756426811218
1933,906824,CESC,5.669382,5.5788774490356445
1239,924110,UNCLASSIFIED,0.847736,1.6545507907867432
2111,1298157,BRCA,4.056456,4.718936920166016
1511,910948,BRCA,2.274333,2.074532985687256
1091,906804,UNCLASSIFIED,1.358592,0.14701151847839355
2045,1240127,UCEC,5.16682,5.450738430023193
1618,910705,UNCLASSIFIED,2.421511,2.6259260177612305
1191,1240142,LUSC,-5.419484,-5.2449493408203125
1615,909779,UNCLASSIFIED,5.685921,5.386041641235352
1621,1330983,LAML,4.031467,3.78283429145813
1620,1240132,MESO,5.957503,6.071714401245117
1917,906856,UNCLASSIFIED,0.158226,0.2899925112724304
1549,905978,KIRC,4.060704,4.553384780883789
1558,907271,LGG,3.975353,4.04509973526001
1576,909754,UNCLASSIFIED,4.427279,4.093606472015381
1626,909774,UNCLASSIFIED,3.353,2.85408878326416
1617,724878,LUAD,6.996204,5.123738765716553
1022,930298,CESC,0.915333,0.356297105550766
1021,905945,BRCA,3.163802,3.3992350101470947
1054,1240162,HNSC,5.097723,4.472477912902832
2096,905973,UNCLASSIFIED,2.819828,3.4469311237335205
1593,1240168,GBM,3.085608,2.6818149089813232
1617,1298359,ESCA,1.871343,3.110013246536255
1932,905945,BRCA,2.675071,3.020367383956909
2111,1298365,OV,5.056509,3.3373501300811768
1614,907321,ESCA,1.944157,3.0567398071289062
1051,905975,SKCM,2.500609,1.5165271759033203
1627,924104,THCA,3.496095,2.8470544815063477
1873,924105,UNCLASSIFIED,0.197045,0.3598175346851349
1917,1240219,PAAD,2.821303,2.666533946990967
1047,909257,OV,4.927397,3.4057445526123047
2046,906794,UNCLASSIFIED,4.022794,3.031489610671997
1089,724831,UNCLASSIFIED,3.091657,4.063178062438965
1010,907172,SKCM,4.419901,4.109767913818359
1200,687562,GBM,1.694775,2.0099260807037354
1200,1240121,HNSC,2.370449,2.719123125076294
1003,910934,DLBC,-4.339042,-4.575145244598389
1047,687780,UNCLASSIFIED,5.095357,6.077948570251465
1089,687802,LUAD,5.93116,5.800395965576172
1012,909262,UNCLASSIFIED,-0.121517,1.1167480945587158
2096,749712,BRCA,2.980928,2.546797513961792
1854,924151,THCA,3.932939,5.088101863861084
1511,909751,COREAD,-1.635898,-1.2464323043823242
1088,724869,PAAD,4.905698,4.503347396850586
1940,907066,BLCA,5.809672,3.9586760997772217
1177,907287,COREAD,5.605965,4.14693546295166
1625,1298538,LUSC,5.719279,4.968326568603516
1239,1290808,MESO,3.807729,4.454226016998291
1375,1299078,SKCM,6.023536,5.766908168792725
1180,687448,SKCM,-1.13017,-0.05486530065536499
1926,909698,COREAD,2.64653,-0.5826858878135681
1912,1240173,COREAD,1.197378,1.2255812883377075
1927,1240132,MESO,6.409051,5.966747283935547
1598,905934,PRAD,3.972154,5.307480335235596
1179,1290808,MESO,3.224569,1.9186170101165771
1627,688006,SCLC,3.20809,2.1818268299102783
1073,905962,COREAD,4.908481,3.496281147003174
1022,907323,UNCLASSIFIED,-1.096348,-1.6746556758880615
1553,1298157,BRCA,4.51881,3.9063448905944824
2047,1331037,DLBC,1.387426,2.1447434425354004
1268,946355,ESCA,3.914517,4.18214225769043
1022,753556,LUSC,-1.978115,-2.275395631790161
1911,687568,GBM,-4.497197,-4.300352096557617
1084,1240190,LUAD,-1.838189,-1.3222904205322266
1372,1298141,PAAD,-0.906878,-0.6455022692680359
1553,909746,COREAD,5.754491,5.332515239715576
1941,1290922,BRCA,-3.473357,-4.1584062576293945
1060,924111,HNSC,-1.267309,-1.999868392944336
1022,1240160,LIHC,2.919608,2.223531484603882
1239,908136,UNCLASSIFIED,1.253113,1.3598358631134033
1614,749710,BRCA,5.415324,4.878475666046143
1624,909756,UNCLASSIFIED,3.951462,3.9886810779571533
1013,907043,UNCLASSIFIED,1.284456,1.4788494110107422
1620,753586,UNCLASSIFIED,4.834218,5.131094455718994
1625,905990,OV,5.312607,5.717097759246826
1917,1299062,SCLC,3.542347,3.866273880004883
1593,1503366,ESCA,1.78168,2.70517635345459
1928,1327775,MM,2.691971,2.8930773735046387
1922,909769,UNCLASSIFIED,2.613563,2.5508363246917725
1034,907319,ESCA,-4.105021,-2.8116257190704346
1057,907064,UNCLASSIFIED,-0.289175,-1.3104712963104248
1928,1240153,SKCM,4.751377,3.9360804557800293
1622,1503362,ESCA,5.053334,4.532186985015869
1862,905946,BRCA,-1.626807,-0.7535433173179626
1617,946382,BRCA,0.788116,0.8122966885566711
1909,908459,UNCLASSIFIED,3.154974,2.003204584121704
1073,1290810,MESO,5.449488,4.642034530639648
1025,908121,BRCA,5.489015,4.792966365814209
1624,1330942,LAML,2.78911,2.8134775161743164
1578,688001,SCLC,3.174923,3.853053092956543
1507,908156,UNCLASSIFIED,1.582169,2.089456081390381
1012,910779,UNCLASSIFIED,2.955347,2.1180801391601562
2110,905969,OV,5.761819,5.345829963684082
1089,906849,UNCLASSIFIED,3.057096,3.1540634632110596
1091,905975,SKCM,1.387049,1.634871244430542
1553,1240217,LIHC,3.844947,4.607180118560791
2109,713869,LUAD,3.665348,3.339252233505249
2110,1322218,UNCLASSIFIED,5.265067,3.520656108856201
1576,906794,UNCLASSIFIED,2.525191,2.4549078941345215
1941,1330942,LAML,-1.37255,-3.224255323410034
1786,1330950,MM,2.992383,2.417386293411255
1249,907065,BLCA,5.597354,4.706335067749023
1007,1240173,COREAD,-5.73514,-6.445744037628174
1038,906844,BRCA,2.247878,1.5417275428771973
1510,909253,LAML,3.709006,4.252739906311035
1617,910948,BRCA,3.677751,3.2760584354400635
1549,910710,LCML,4.068984,2.95837140083313
2048,907789,ALL,-5.065234,-4.707944393157959
1578,906831,UNCLASSIFIED,3.528874,3.7710471153259277
1091,925347,PAAD,1.995911,2.3528904914855957
1598,1327766,MM,2.565511,2.6451926231384277
1091,905955,SKCM,4.931224,4.374349117279053
1576,713869,LUAD,3.072035,3.2701878547668457
1911,1660034,COREAD,-5.291157,-5.279349327087402
2045,1240181,NB,3.809079,3.822514772415161
1191,722066,LUAD,-3.799336,-3.699552297592163
1614,909251,ALL,2.478624,2.321760892868042
2107,687820,LUAD,7.635722,6.802463054656982
2106,753600,LUAD,3.22652,2.523284435272217
1512,1331032,DLBC,4.711704,4.530433654785156
1003,908465,LUAD,-0.826978,-1.2993457317352295
1614,905938,LAML,3.580023,3.9995615482330322
1034,910941,NB,0.579543,-1.0543849468231201
1512,1240219,PAAD,6.488917,6.648215293884277
1032,909774,UNCLASSIFIED,2.616018,3.0108585357666016
1177,687821,LUAD,7.506722,7.91939115524292
1091,909699,UNCLASSIFIED,2.902896,2.8613359928131104
1373,907279,LGG,5.608058,4.8927226066589355
1928,908159,UNCLASSIFIED,2.181845,1.9960029125213623
1053,907064,UNCLASSIFIED,4.756002,4.726370334625244
1060,908444,STAD,0.791711,0.5250168442726135
2043,687777,LUAD,6.426434,5.1709465980529785
1931,1330931,LCML,4.748615,4.101696491241455
1049,905959,OV,6.211789,5.704974174499512
1046,905984,LGG,-0.007504,0.7976738214492798
2040,909723,SKCM,1.975526,2.3784019947052
1051,905935,PRAD,4.965412,4.346637725830078
1191,905937,COREAD,-4.988229,-4.54196834564209
1594,910569,COREAD,4.267922,4.2997589111328125
1089,924107,CESC,3.180023,2.3077518939971924
1507,753586,UNCLASSIFIED,4.868399,4.1827521324157715
1191,906693,PAAD,-4.406433,-4.767151355743408
1913,910903,SKCM,3.960305,4.0970377922058105
1913,917486,COREAD,4.474714,5.095489025115967
1073,908454,UNCLASSIFIED,2.800577,3.678147315979004
1634,749709,BRCA,4.425586,3.1039299964904785
1051,724859,LUAD,1.98048,2.8302371501922607
1635,1330972,SCLC,5.224549,4.941872596740723
1928,688006,SCLC,5.154309,4.886173725128174
1621,687561,GBM,4.859961,4.430037975311279
1916,909745,GBM,1.223778,1.5451037883758545
1909,905972,LUAD,2.757177,2.8436508178710938
1022,910937,SCLC,-0.014254,1.2891333103179932
1011,1298350,LUAD,2.74027,2.7963449954986572
1913,909697,STAD,4.3056,4.431069374084473
1564,906844,BRCA,-4.019831,-3.997854471206665
1168,1240186,SCLC,3.189304,3.3593358993530273
2043,753569,LUSC,5.81563,4.863919734954834
1054,1290807,UNCLASSIFIED,5.216428,4.514475345611572
1939,949161,UNCLASSIFIED,1.677408,0.4612525701522827
1057,908126,LCML,-1.723886,-1.230574607849121
1799,753572,PAAD,5.253273,6.0510172843933105
1079,909769,UNCLASSIFIED,-0.151669,0.9330581426620483
1012,908440,NB,-0.131895,-0.3940681219100952
1925,907286,PAAD,5.818873,5.1414923667907715
1630,906853,UNCLASSIFIED,6.419056,6.234317779541016
1925,753620,NB,5.53254,4.238890647888184
1250,753546,SKCM,5.794819,5.176895618438721
1629,907068,CESC,4.180938,3.897257089614868
1084,907169,SKCM,-1.674717,-2.6964612007141113
2040,1330950,MM,-0.356284,-0.0625232458114624
1060,688014,SCLC,2.979504,2.0722391605377197
1088,1240149,UNCLASSIFIED,-0.026028,1.4962282180786133
1854,1240155,STAD,3.672067,4.200533390045166
1873,906814,SKCM,0.57768,0.782243013381958
1046,906794,UNCLASSIFIED,2.705036,2.86383056640625
1852,908143,UNCLASSIFIED,5.615965,5.278244495391846
1091,908444,STAD,2.337621,1.4477965831756592
1177,906793,SKCM,2.996524,3.2474801540374756
1060,908448,LAML,-1.34576,-1.3977649211883545
1375,688086,NB,5.782714,5.043766975402832
1931,909703,ALL,3.63995,3.6637723445892334
1910,1331049,UNCLASSIFIED,2.964052,1.6862740516662598
1083,905975,SKCM,3.907931,2.526686668395996
1512,908471,UNCLASSIFIED,3.92445,4.734744548797607
1913,908473,LUAD,5.6952,6.105215072631836
1512,910936,HNSC,5.1515,4.917626857757568
1799,1331045,DLBC,4.633276,4.347305774688721
1088,909761,COREAD,3.293682,3.125005006790161
1931,906820,NB,5.326166,5.052255630493164
1549,1480364,OV,-1.411982,-0.5872527956962585
1626,907271,LGG,1.886231,2.5830078125
1925,687588,GBM,5.591166,4.8594465255737305
1073,687586,GBM,4.802335,4.4940104484558105
1926,749709,BRCA,0.098798,0.617050290107727
1005,906862,BRCA,3.893768,4.258795738220215
1925,905983,GBM,5.844621,5.374031066894531
1032,1240155,STAD,2.134321,1.635524034500122
1560,753554,LUSC,4.849971,3.3393404483795166
2096,1299070,OV,2.616435,2.851388454437256
1925,907061,HNSC,4.016548,4.428959846496582
1529,909262,UNCLASSIFIED,-1.713168,-1.9945440292358398
1084,753585,KIRC,-3.430402,-2.865279197692871
1916,1290795,UNCLASSIFIED,2.779504,2.994629144668579
1853,1327773,DLBC,4.035319,4.202859878540039
1918,753575,ESCA,2.909392,2.9245636463165283
1560,907048,BRCA,3.089032,3.4190266132354736
1627,905948,KIRC,2.175516,3.388951301574707
1849,910924,STAD,-0.713452,-1.0468294620513916
1852,713878,SCLC,5.288299,4.883565902709961
1179,724872,SCLC,0.040247,0.7262911200523376
1919,905957,BRCA,2.99445,2.108044147491455
1017,907289,COREAD,4.944437,4.651857852935791
1635,909721,LUAD,6.170847,6.441991806030273
1909,687816,LUAD,3.417203,2.9852371215820312
1553,910936,HNSC,0.692492,0.6618954539299011
1930,724838,BLCA,-0.01012,-0.6955409646034241
1058,907286,PAAD,2.373015,2.489553928375244
1854,1290771,COREAD,4.16176,5.629156589508057
1627,909751,COREAD,3.489689,2.680058240890503
1051,908131,UNCLASSIFIED,0.003794,1.4998397827148438
1926,910706,UNCLASSIFIED,0.234704,0.6978132128715515
1922,753586,UNCLASSIFIED,2.218316,2.2587814331054688
1088,908144,LGG,2.470252,4.09987211227417
2043,949163,UNCLASSIFIED,2.255406,3.60497784614563
1924,908152,MESO,4.054381,4.15872049331665
1079,905945,BRCA,1.983121,1.8888664245605469
1177,907789,ALL,3.056828,2.8660476207733154
1022,1327769,DLBC,-2.116242,-1.4638864994049072
1631,688010,SCLC,4.817516,3.7749245166778564
1080,907789,ALL,-4.604601,-4.829650402069092
1084,910688,LAML,-3.911114,-5.257956504821777
1925,1327773,DLBC,4.057096,4.193365573883057
2040,1240201,PAAD,1.776497,1.5845773220062256
1058,907064,UNCLASSIFIED,3.884317,3.3709769248962402
1131,998189,COREAD,4.950425,5.740468502044678
1006,907295,SCLC,1.795724,2.2934045791625977
1057,909263,COREAD,1.352361,0.9923931360244751
1635,909976,UNCLASSIFIED,4.962567,4.620973110198975
1622,905980,KIRC,5.276242,6.368163108825684
1911,907268,UNCLASSIFIED,-6.610407,-6.604236125946045
1073,1299075,PRAD,6.098524,5.090211868286133
1922,724878,LUAD,4.372209,4.958770751953125
1088,1290809,MESO,2.156324,3.1258223056793213
1003,905948,KIRC,-0.524668,0.12054607272148132
1268,1298219,UNCLASSIFIED,5.281387,5.357852458953857
1034,907047,UNCLASSIFIED,-4.426457,-3.3374481201171875
1200,909749,BLCA,2.434705,3.0230817794799805
1199,908447,NB,5.053093,4.522345066070557
1012,688027,SCLC,0.740384,0.4661817252635956
1908,753618,NB,1.520045,-0.2500322461128235
1786,1240159,LIHC,4.202842,3.4774234294891357
1529,910947,LAML,-2.15348,-2.02323842048645
1853,687780,UNCLASSIFIED,5.769385,4.330604553222656
1191,687799,LUAD,-4.297133,-4.778831481933594
2106,1240140,UNCLASSIFIED,2.959869,3.4167916774749756
1910,753556,LUSC,2.631279,2.8478448390960693
1032,909253,LAML,0.77883,2.0180931091308594
1011,905935,PRAD,2.562345,3.61653995513916
1017,910920,KIRC,3.146729,3.6623528003692627
1237,687505,CESC,4.863741,4.97711181640625
1799,906836,UNCLASSIFIED,2.653845,3.0458261966705322
2111,1330993,PRAD,3.645898,4.1408371925354
1054,909728,LUSC,4.518823,3.8874244689941406
1908,1331038,DLBC,2.590185,2.3267111778259277
1996,909698,COREAD,3.775238,3.550405740737915
1617,1298531,HNSC,1.687291,1.05939519405365
1629,910932,SKCM,3.295859,3.8217411041259766
1931,724872,SCLC,4.489991,4.186974048614502
1529,910703,UNCLASSIFIED,1.217141,0.2227807641029358
1375,1327769,DLBC,1.492391,4.254257678985596
1012,909720,UNCLASSIFIED,2.158467,1.991178035736084
1593,949163,UNCLASSIFIED,1.330327,1.4773550033569336
2096,909709,HNSC,2.045729,2.1035289764404297
1925,905959,OV,6.616034,6.562544345855713
1631,905952,ALL,1.890807,2.197420120239258
1558,753592,LUAD,2.004425,2.497389078140259
1560,910569,COREAD,2.2824,3.634003162384033
1919,906837,HNSC,0.484024,0.5182390213012695
1915,908139,STAD,3.545497,2.7658705711364746
1250,910942,UNCLASSIFIED,0.961243,1.7463722229003906
1036,1659818,MM,4.205503,3.830454111099243
1012,907000,UNCLASSIFIED,1.643311,1.2267732620239258
1131,1240159,LIHC,6.93836,5.212328910827637
1168,753584,BLCA,3.32077,3.350893974304199
1620,1240221,UNCLASSIFIED,3.759924,4.314382076263428
1268,910549,ESCA,3.192984,4.660048961639404
1259,1290809,MESO,2.878453,1.8542757034301758
1926,1298539,UNCLASSIFIED,2.739338,1.8696155548095703
2109,946361,UNCLASSIFIED,3.490872,2.7434237003326416
1060,1330933,UNCLASSIFIED,-1.482773,-1.1991255283355713
1862,724834,LUAD,-0.79098,-0.7185285687446594
1085,910911,HNSC,2.932719,3.345148801803589
1549,908148,LAML,3.394316,3.4263603687286377
1799,924107,CESC,-1.281644,-0.76430743932724
1593,924107,CESC,1.527831,1.5535109043121338
1922,753594,SCLC,1.769602,1.8929953575134277
1559,925340,STAD,-1.986549,-1.9301140308380127
1631,1298538,LUSC,4.636405,3.5554981231689453
1855,907276,STAD,6.409582,4.852321624755859
1058,930082,UNCLASSIFIED,2.19348,2.6048905849456787
1034,688087,NB,-2.461565,-1.4633111953735352
1853,687829,UNCLASSIFIED,4.173101,4.468276023864746
1625,907277,ALL,3.363403,3.448395013809204
1507,687561,GBM,3.999542,4.626124858856201
1919,909708,HNSC,0.266178,0.6950089931488037
1239,909732,UNCLASSIFIED,2.350955,2.233771324157715
1088,907300,LAML,0.461612,0.10431480407714844
1924,906833,MB,4.284131,3.6794159412384033
1553,906820,NB,2.97762,1.4192864894866943
1930,753608,LUAD,1.357065,0.39288291335105896
1635,1240222,OV,5.577707,5.175683498382568
1576,1240183,LUSC,3.88848,3.4554877281188965
1177,905948,KIRC,4.213006,4.771933078765869
1941,907311,LCML,-3.564003,-2.9762825965881348
1073,906763,ALL,5.106344,3.5305206775665283
1239,1298136,PAAD,3.257599,3.605767250061035
1919,906863,HNSC,-0.495608,-0.7277320027351379
1529,910850,LIHC,6.327264,3.2337050437927246
1617,906870,LAML,-0.557524,-1.6340675354003906
1089,724838,BLCA,3.93742,4.707272052764893
1622,687590,GBM,3.931356,4.15437650680542
1799,946353,ESCA,3.159153,4.2736639976501465
1912,910916,HNSC,3.718253,2.8111186027526855
1855,907057,LIHC,3.917095,4.101481914520264
1036,1240135,MESO,5.442153,4.872608184814453
2045,1298141,PAAD,5.68439,5.911596298217773
1563,753620,NB,5.029395,4.902322769165039
1852,909748,COREAD,5.644711,5.32128381729126
1932,910936,HNSC,0.90204,0.6462537050247192
2109,910942,UNCLASSIFIED,1.675547,1.465630292892456
2048,906828,THCA,-3.862965,-3.047910213470459
1046,1298539,UNCLASSIFIED,3.686097,3.606459617614746
1576,907072,UNCLASSIFIED,2.229168,2.48502779006958
1918,906765,MM,0.593729,1.1024976968765259
1249,907789,ALL,1.539361,1.814983606338501
1093,907313,GBM,5.599831,4.32524299621582
1626,753576,ESCA,4.370677,5.2954816818237305
1918,910687,ALL,2.066438,1.9740116596221924
1786,907069,UNCLASSIFIED,3.269067,3.521925926208496
1511,906790,STAD,-2.761091,-2.395491361618042
1564,949161,UNCLASSIFIED,3.915575,4.335533618927002
1007,1331036,DLBC,-6.841681,-7.0114054679870605
1927,753575,ESCA,7.193305,6.161011695861816
1614,1240169,GBM,5.914666,5.072596549987793
1036,930298,CESC,3.821692,4.483480930328369
1911,909716,UNCLASSIFIED,-5.496043,-4.654419898986816
1250,946356,ESCA,2.193243,2.5396158695220947
1919,906797,BLCA,2.169254,1.4401583671569824
1511,909743,ALL,-1.869381,-2.510866641998291
1507,909751,COREAD,3.636485,5.555922031402588
1084,687562,GBM,-2.905466,-2.8251631259918213
1594,910688,LAML,3.104476,4.348211765289307
1635,905965,UNCLASSIFIED,3.575971,3.591839075088501
1032,907066,BLCA,3.854296,2.44427227973938
1237,724873,LUAD,5.147903,5.053341865539551
2110,924107,CESC,3.169819,3.5487987995147705
1799,687457,BLCA,5.635863,4.878565788269043
1091,906818,SKCM,3.723435,2.309861421585083
1927,909253,LAML,4.986165,4.219472885131836
1022,1290814,MESO,2.41811,1.3950183391571045
1047,998189,COREAD,1.55833,2.622699022293091
1932,1479988,OV,3.46338,3.1213626861572266
2044,724878,LUAD,3.399173,5.993326663970947
1598,908475,LUAD,4.710657,5.267879962921143
2110,1240181,NB,3.564292,4.025771141052246
1561,906863,HNSC,1.183979,1.8852622509002686
1005,905967,LUAD,4.914132,4.463156700134277
1916,1240199,OV,6.06779,6.087234973907471
1932,924102,THCA,2.513113,4.697640419006348
1614,907044,UNCLASSIFIED,3.491178,3.3369150161743164
1054,906805,LUAD,3.501565,3.466667890548706
1529,905984,LGG,0.230846,-0.7899660468101501
1053,907271,LGG,2.861826,2.704711675643921
1926,906838,UNCLASSIFIED,1.012845,0.24745012819766998
1614,905946,BRCA,5.803128,6.034815311431885
1006,906846,UNCLASSIFIED,0.511087,-0.8366790413856506
1625,753573,ESCA,3.945756,4.331505298614502
1852,906844,BRCA,2.96482,3.848544120788574
1564,908150,MESO,2.6071,2.436183214187622
1191,1331037,DLBC,-6.091432,-5.739570617675781
1022,909781,KIRC,2.903196,3.4258697032928467
1909,753585,KIRC,2.097259,1.5372190475463867
1068,908151,BRCA,0.758822,1.1410510540008545
1941,1298141,PAAD,-2.764018,-2.4496541023254395
1191,1299052,HNSC,-4.078412,-4.207195281982422
1057,1331050,DLBC,-4.068686,-4.0572428703308105
1004,925343,UNCLASSIFIED,-0.34942,-0.2730253338813782
1057,905951,BRCA,-2.266315,-2.569394111633301
2045,1290814,MESO,4.62648,5.242269992828369
1873,684072,UNCLASSIFIED,0.424004,0.2072942703962326
1615,1298359,ESCA,5.230113,5.258134365081787
1926,910695,UNCLASSIFIED,-1.640536,-1.7445459365844727
1006,905991,OV,-1.413968,0.6393693089485168
1918,1299059,HNSC,4.204757,4.154421329498291
1614,905989,COREAD,2.63284,2.466526746749878
1511,907067,SKCM,-0.986535,-1.5973405838012695
1032,910936,HNSC,-1.707964,-2.345165729522705
1034,753608,LUAD,-4.189009,-3.152541160583496
2040,906818,SKCM,1.310671,1.315179467201233
1013,905933,OV,4.756794,4.434090614318848
1911,906812,BRCA,-4.510778,-4.643661975860596
1250,753556,LUSC,1.099228,0.9143338203430176
1916,905952,ALL,1.841295,0.7767341136932373
1006,687505,CESC,0.503132,-1.3061282634735107
1032,949156,UNCLASSIFIED,1.738487,1.9387893676757812
1060,688006,SCLC,0.778222,0.9548129439353943
1560,910706,UNCLASSIFIED,2.409205,2.877368450164795
1996,1240151,STAD,4.110024,3.7960119247436523
1089,905967,LUAD,3.341687,2.808675527572632
1931,687452,BLCA,5.95337,5.45583963394165
1855,1240169,GBM,5.860554,5.501693248748779
1083,907319,ESCA,3.565721,3.251030445098877
2048,687812,LUAD,-0.155926,-1.1143102645874023
1199,1240187,LUAD,4.675927,4.0877227783203125
1053,909740,COREAD,4.518929,5.060812950134277
1936,683665,MM,1.112411,1.1023672819137573
1373,1240215,UNCLASSIFIED,5.57612,5.245176792144775
1004,687983,SCLC,-4.292974,-4.591044902801514
1862,1480372,OV,-1.528884,-0.8204761147499084
2096,910919,DLBC,1.089402,1.476372241973877
1926,909773,DLBC,0.408836,0.062375664710998535
1625,1240136,MESO,5.973405,5.3543901443481445
1799,687455,BLCA,4.336029,4.090815544128418
1051,909746,COREAD,1.723372,4.165046691894531
1004,687459,BLCA,-1.360877,-1.0993707180023193
1179,1240128,UNCLASSIFIED,-0.093109,0.7157546877861023
1560,1240172,BRCA,4.650508,4.3881635665893555
1058,908457,COREAD,1.011146,0.16887110471725464
1849,1299078,SKCM,-0.748754,0.1606249213218689
1507,907061,HNSC,4.464891,4.808960437774658
1620,687816,LUAD,6.843706,6.140021800994873
1560,1503362,ESCA,0.96049,1.225970983505249
1578,688086,NB,4.939402,4.560446739196777
1919,907273,UNCLASSIFIED,0.522,1.5162544250488281
1578,905935,PRAD,5.304128,5.2390055656433105
1625,1331045,DLBC,4.612724,3.8197731971740723
1091,753555,ESCA,3.127235,1.7039716243743896
1930,909720,UNCLASSIFIED,1.11617,-0.105074942111969
1613,724879,LUSC,5.294521,4.304834365844727
1007,1290814,MESO,-3.686175,-4.0570831298828125
1558,1331050,DLBC,1.895084,1.0953962802886963
2107,910947,LAML,1.852962,3.4763705730438232
1924,910930,DLBC,3.401626,3.247812509536743
1199,724859,LUAD,5.297516,4.3229289054870605
1918,1327773,DLBC,1.096987,1.0000981092453003
1936,910941,NB,1.840317,2.616774797439575
1085,910554,COREAD,2.079229,1.9829845428466797
1911,907790,COREAD,-6.012059,-5.538512706756592
1557,724866,LUAD,5.46408,4.523273944854736
1915,924240,BRCA,2.418289,2.006200075149536
1259,908144,LGG,3.568137,3.4914543628692627
1373,909773,DLBC,3.704261,3.4155404567718506
2109,1298134,CESC,2.249621,2.3177967071533203
1799,909745,GBM,5.345367,5.108035564422607
1598,905970,LUAD,3.475834,3.3989098072052
1046,687812,LUAD,1.403202,3.1286799907684326
1615,910941,NB,4.585968,4.532278537750244
1012,908121,BRCA,1.129052,0.8038671016693115
1631,906839,GBM,5.055778,4.322408199310303
1564,908471,UNCLASSIFIED,1.667213,0.838250458240509
1593,753563,MM,0.401357,0.25799548625946045
1626,907291,COREAD,2.80595,2.3207273483276367
1529,1303900,BRCA,2.167302,1.9223637580871582
1511,687600,UNCLASSIFIED,0.757245,0.2123028039932251
1250,907000,UNCLASSIFIED,-0.13463,0.9995022416114807
2048,998184,ALL,-5.750528,-5.374484539031982
1083,1290455,LAML,1.698191,1.1974400281906128
1624,909740,COREAD,3.132192,3.099461793899536
1237,909751,COREAD,4.872798,5.103616237640381
1852,1240146,LUAD,5.279427,5.809941291809082
2043,1290809,MESO,6.239039,5.4735260009765625
1919,1240149,UNCLASSIFIED,1.368809,1.8527727127075195
1372,906855,LCML,-1.547771,-2.7757134437561035
2047,753541,HNSC,2.429156,2.9605088233947754
2048,924186,UNCLASSIFIED,-4.122245,-3.733405351638794
1614,906827,UNCLASSIFIED,1.74026,2.7674570083618164
1047,906861,UNCLASSIFIED,5.61835,5.300346374511719
1083,905983,GBM,4.710322,3.8637306690216064
1578,906824,CESC,4.917688,5.195150852203369
2046,1331037,DLBC,2.389616,1.2657092809677124
1068,688121,UNCLASSIFIED,1.13239,1.4070334434509277
1010,910937,SCLC,3.946236,3.16636323928833
2107,753616,NB,3.728412,5.018768787384033
1620,907285,PAAD,5.280598,6.174986839294434
1862,1240174,UCEC,-2.210259,-1.8016107082366943
1852,1298169,KIRC,5.499523,5.337099552154541
1194,1660034,COREAD,1.153149,2.785855531692505
2096,907268,UNCLASSIFIED,3.950229,2.2034008502960205
1912,909748,COREAD,4.223834,3.65555739402771
1199,906844,BRCA,2.002943,2.5993382930755615
1259,1240199,OV,7.672174,6.442880153656006
1005,905957,BRCA,4.200458,3.2043371200561523
1617,905990,OV,0.306227,4.052558898925781
1511,925343,UNCLASSIFIED,-0.836807,-1.5589814186096191
1932,753612,MM,2.141973,3.1295371055603027
1131,905940,LCML,5.52987,4.694450855255127
2045,906861,UNCLASSIFIED,5.551706,4.9093756675720215
2043,930297,CESC,4.519889,5.202747344970703
1372,1240208,PAAD,-2.075857,-1.7503457069396973
1786,905959,OV,4.831966,5.094873905181885
1635,1298219,UNCLASSIFIED,5.99588,6.093867778778076
1004,905965,UNCLASSIFIED,-6.299991,-6.51992654800415
1011,909784,SKCM,2.694316,3.029195547103882
1096,749715,BRCA,4.455014,4.2498369216918945
1915,905990,OV,3.986322,2.9529895782470703
2096,949153,ALL,1.981067,1.6729729175567627
1511,909719,LIHC,-1.108812,-1.360093355178833
1053,1240226,SKCM,3.899192,4.476755142211914
1180,1298146,LIHC,-2.102942,-1.8109006881713867
1849,906836,UNCLASSIFIED,-3.903607,-3.0735068321228027
2044,909777,UNCLASSIFIED,1.855009,1.4940977096557617
1553,1240192,SCLC,4.937744,4.98357629776001
1630,908476,LUAD,3.088034,4.203922748565674
1549,1290769,COREAD,7.64047,6.611088752746582
2110,910689,COREAD,6.74634,7.343315601348877
1940,1240123,COREAD,3.294111,3.8829281330108643
1854,753573,ESCA,3.134908,3.987532615661621
2106,688026,SCLC,1.600406,2.7481300830841064
1259,946355,ESCA,6.051116,4.511947154998779
1058,1298151,LIHC,2.133293,2.2255518436431885
1093,687562,GBM,4.155645,3.559781789779663
1918,713899,SCLC,4.304073,3.719348907470703
1854,753532,HNSC,3.890646,4.474400997161865
1941,1298219,UNCLASSIFIED,-1.288496,-4.345493316650391
1012,1303896,UNCLASSIFIED,-0.048037,0.028916656970977783
1853,909753,OV,4.115308,4.36372184753418
1598,1240151,STAD,5.160993,4.687300205230713
2106,688087,NB,3.13792,3.146088123321533
1926,1298359,ESCA,0.207127,0.12537020444869995
1855,910700,COREAD,6.241325,4.644031524658203
1853,909904,PAAD,3.874421,5.443470478057861
1511,753589,SCLC,0.868417,1.4975228309631348
2048,687985,SCLC,-4.395508,-4.2329182624816895
1168,908447,NB,2.404085,2.62373685836792
1933,906848,UNCLASSIFIED,3.927349,3.412254571914673
1855,925338,BRCA,4.811686,4.202055931091309
1529,946353,ESCA,2.266982,1.866884469985962
1940,1330993,PRAD,4.806328,3.5722711086273193
1191,905973,UNCLASSIFIED,-4.533248,-4.3519978523254395
2109,907320,ESCA,4.186971,2.6885671615600586
1933,907311,LCML,4.574976,2.953857898712158
1913,910943,GBM,4.825336,5.2870988845825195
1050,749709,BRCA,2.835887,1.9282398223876953
1507,1290797,PAAD,4.53404,4.492166519165039
1007,1290908,LUAD,-4.15192,-3.956008195877075
1003,907000,UNCLASSIFIED,-4.997052,-5.079340934753418
1091,906869,STAD,1.352886,2.4340569972991943
1939,687985,SCLC,2.326611,2.194995880126953
1799,724878,LUAD,7.168776,7.484599590301514
1629,906800,UNCLASSIFIED,3.21749,3.5533580780029297
1036,910948,BRCA,5.344435,5.705490589141846
1936,753561,HNSC,2.692707,2.478938579559326
1931,909740,COREAD,8.163155,7.481470108032227
1046,1240179,CESC,1.949203,2.5725321769714355
1084,1240187,LUAD,-4.219238,-2.882235050201416
1624,949165,UNCLASSIFIED,2.892357,3.809799909591675
1598,1290795,UNCLASSIFIED,6.214052,4.84064245223999
1622,687800,LUAD,7.416511,7.224081516265869
1576,906875,NB,1.527788,2.3292884826660156
1051,753612,MM,-2.518519,1.2853435277938843
2106,905974,SKCM,1.731649,1.7585651874542236
1624,753608,LUAD,4.712721,3.8553709983825684
1054,910544,LCML,1.04444,0.8010953664779663
1563,906839,GBM,6.571112,6.1412200927734375
1561,1298168,KIRC,2.504364,2.319303512573242
1614,1290455,LAML,2.641975,2.24015474319458
2043,909754,UNCLASSIFIED,5.932692,6.205429553985596
1622,910689,COREAD,7.314439,7.394585609436035
1375,905989,COREAD,5.611992,5.965676784515381
1915,687561,GBM,2.934145,3.0920779705047607
1912,905979,KIRC,3.960119,3.709519147872925
2040,910544,LCML,0.580268,-0.15022164583206177
1853,906790,STAD,3.012948,3.559837579727173
1053,910920,KIRC,1.839752,2.484376907348633
1932,909779,UNCLASSIFIED,1.955715,2.772322177886963
1059,907794,COREAD,-1.334362,-1.496361255645752
2048,687800,LUAD,3.137689,1.5728683471679688
1630,909262,UNCLASSIFIED,3.078376,2.8170814514160156
1621,906872,NB,5.429788,5.0881500244140625
1007,687983,SCLC,-4.403053,-4.753280162811279
1854,1298134,CESC,4.460958,3.9723212718963623
1917,908159,UNCLASSIFIED,0.173163,0.3779876232147217
2096,688014,SCLC,5.975601,4.718340873718262
1034,910779,UNCLASSIFIED,-0.96588,-0.3364596962928772
1933,687568,GBM,5.028393,4.609664440155029
2040,1330933,UNCLASSIFIED,-0.474717,-0.544410765171051
1614,687506,CESC,3.911256,4.138795375823975
1080,910569,COREAD,-4.289964,-3.1182971000671387
1073,906869,STAD,4.821212,4.919090270996094
1916,688086,NB,3.170843,3.341413974761963
1036,1240179,CESC,5.078584,4.417868137359619
1941,1295740,ALL,-0.0966,-2.2602157592773438
1939,909780,BLCA,1.428261,1.4043214321136475
1051,1674021,COREAD,2.008104,1.671032428741455
1093,907290,UNCLASSIFIED,5.631611,5.102890491485596
1549,753615,MM,3.809303,4.281113147735596
1939,905967,LUAD,5.656783,2.5220158100128174
2096,909774,UNCLASSIFIED,2.909547,2.9972052574157715
1084,909253,LAML,-2.358832,-2.8770666122436523
1563,1330987,UNCLASSIFIED,4.124833,4.0120697021484375
1200,908441,,2.292016,2.2701597213745117
1613,1240141,MESO,5.728909,4.681026458740234
1873,1240196,HNSC,1.623591,2.2289438247680664
1626,1240146,LUAD,6.286586,3.694984197616577
1372,749711,BRCA,2.741165,3.459202527999878
1862,908454,UNCLASSIFIED,-2.380196,-2.245108127593994
1060,1303897,DLBC,1.867189,1.810187578201294
1529,906804,UNCLASSIFIED,0.790645,-0.733482301235199
1249,908459,UNCLASSIFIED,3.729095,4.558503150939941
2046,908463,LUAD,5.016123,5.458441734313965
1635,1290808,MESO,6.031735,5.617533206939697
1004,946360,OV,-1.325196,-1.3523428440093994
1022,1240154,THCA,0.009469,-0.5478824377059937
1085,687812,LUAD,3.935112,3.397022247314453
1549,905961,COREAD,5.155819,5.9743170738220215
1862,946361,UNCLASSIFIED,-1.416419,-1.3616533279418945
1073,949164,UNCLASSIFIED,4.551458,4.693475723266602
1053,906853,UNCLASSIFIED,6.558765,5.698744773864746
1915,753575,ESCA,0.729568,1.444432258605957
1926,905938,LAML,-0.304103,-0.0009252727031707764
1080,907323,UNCLASSIFIED,-3.833029,-2.5051639080047607
1852,1298538,LUSC,5.880194,5.483312606811523
1093,1290813,MESO,3.760564,3.7300007343292236
1622,949168,UNCLASSIFIED,5.503089,4.61978006362915
1199,1240155,STAD,3.987876,3.3085544109344482
1250,1240184,UNCLASSIFIED,1.719415,2.6796369552612305
1852,930298,CESC,6.169489,5.157629489898682
1047,949171,NB,1.438737,2.4251301288604736
1073,946358,ALL,0.759572,2.3907763957977295
1617,906862,BRCA,-5.674883,-1.4222662448883057
1022,1330985,LAML,-1.534381,-1.052527666091919
1089,1330985,LAML,2.047824,1.4443418979644775
1924,910922,KIRC,4.748339,4.723301887512207
1013,910952,KIRC,1.937878,4.181946277618408
1941,909757,COREAD,-0.67683,-1.9441783428192139
1849,907048,BRCA,0.256738,-0.5240867733955383
1561,1240134,MESO,2.113698,1.4452826976776123
2111,1240155,STAD,5.104981,4.848601341247559
1057,910900,LUAD,-1.074258,-1.6895980834960938
1564,1298157,BRCA,5.015643,3.4579668045043945
1180,909975,UNCLASSIFIED,-0.49059,-1.9620440006256104
1625,910916,HNSC,5.069669,4.572368144989014
1079,908472,LUAD,3.312106,4.13839864730835
1557,908459,UNCLASSIFIED,5.01869,4.489126205444336
1624,724859,LUAD,5.376603,5.042728424072266
1017,910941,NB,3.074205,2.136763095855713
1080,910687,ALL,-5.432212,-4.644646167755127
1622,753612,MM,2.390905,2.7545390129089355
1997,909716,UNCLASSIFIED,3.834787,2.9450271129608154
1032,687798,LUAD,-0.935354,-0.3094252347946167
2107,687798,LUAD,5.134376,5.806742191314697
1191,909977,UNCLASSIFIED,-3.566044,-4.793272972106934
1564,1503364,STAD,2.187281,1.4817519187927246
1058,1240179,CESC,2.465334,2.045827865600586
1249,753532,HNSC,4.333848,2.902256488800049
1593,1240147,LIHC,3.269035,2.37398624420166
1013,1240159,LIHC,2.903587,4.01046895980835
1852,1247871,ALL,3.816711,4.336947917938232
1918,909750,LGG,1.545388,1.772507667541504
1930,1299070,OV,0.423109,-0.3731066584587097
1922,908455,STAD,2.707971,1.5641412734985352
1997,924250,STAD,0.722808,2.3762786388397217
1915,907300,LAML,1.843788,2.1203815937042236
1618,908467,UNCLASSIFIED,3.51093,4.21665620803833
1996,905952,ALL,2.551142,2.039940595626831
1034,906999,UNCLASSIFIED,-4.924938,-2.9401021003723145
1032,905990,OV,2.76842,3.2695987224578857
1578,749711,BRCA,4.452589,4.4311113357543945
1615,906812,BRCA,5.387876,4.9697957038879395
2109,1298151,LIHC,3.884183,2.5960612297058105
1621,910569,COREAD,3.763456,4.5740180015563965
1631,688018,SCLC,2.308838,3.7076632976531982
1854,905955,SKCM,4.488958,4.373964309692383
1849,930298,CESC,-1.171499,0.9298720359802246
1053,907299,UNCLASSIFIED,0.890741,-0.1546204686164856
1006,910915,PAAD,5.32454,5.510164260864258
2111,1240174,UCEC,2.943949,3.6022746562957764
1927,1303900,BRCA,5.351501,4.539161205291748
1786,905964,MM,2.043947,2.1363332271575928
1079,688058,MESO,0.639259,2.0928478240966797
1939,909754,UNCLASSIFIED,1.923655,4.284912586212158
1034,949174,NB,-2.104366,-2.521045684814453
1237,909749,BLCA,5.419018,5.339292526245117
1626,1327774,UNCLASSIFIED,2.502189,2.4348533153533936
1854,1299050,HNSC,3.62524,4.816894054412842
1060,1298531,HNSC,-0.857846,-0.5515743494033813
1625,753585,KIRC,4.563856,5.66247034072876
1259,1240209,STAD,3.56136,4.239101886749268
1924,907058,SKCM,4.796601,3.9549739360809326
1852,753615,MM,4.251702,4.682439804077148
1559,1331033,DLBC,-3.91398,-4.554322242736816
1873,909260,ALL,0.662282,0.8206709027290344
1034,1247871,ALL,-3.676418,-4.311955451965332
1180,1240127,UCEC,-3.308412,-2.1816318035125732
2045,687514,CESC,5.732518,5.123834133148193
1614,688058,MESO,6.134133,4.581778526306152
2044,906795,THCA,3.323126,3.7456886768341064
1375,1331038,DLBC,3.185067,3.8654370307922363
1004,1659928,COREAD,-6.072786,-6.0363616943359375
1928,753594,SCLC,3.343308,3.314396858215332
1079,753575,ESCA,-0.921525,-0.9168745875358582
1373,1327774,UNCLASSIFIED,3.729201,3.8825929164886475
1046,949158,UNCLASSIFIED,-1.257269,0.2592327892780304
2106,1240222,OV,-0.273799,-0.4261382818222046
1558,1298226,LUSC,2.581982,1.4620139598846436
1073,1298533,PAAD,5.292896,4.180304527282715
1996,905980,KIRC,5.702012,6.669987201690674
1259,1298222,ESCA,5.311656,4.705480098724365
1930,924187,UCEC,1.882688,2.070000410079956
1177,909761,COREAD,5.638636,5.599754810333252
1239,687457,BLCA,3.601277,4.372640132904053
1930,753562,HNSC,-0.640386,0.06770864129066467
1635,687787,LUSC,5.157425,4.700379848480225
1529,1240212,CESC,-1.263395,-0.29207926988601685
1618,1240155,STAD,3.013932,3.4391579627990723
1558,907055,STAD,1.554754,2.5601625442504883
1593,1290455,LAML,-0.351623,0.9552910923957825
1912,1330942,LAML,3.791288,3.377078056335449
1089,1240162,HNSC,5.662737,4.205727577209473
2048,924187,UCEC,0.712408,0.5682453513145447
2096,906792,SKCM,2.544676,1.295518398284912
1997,906797,BLCA,3.299804,3.3875062465667725
1615,1290769,COREAD,5.280243,6.364893436431885
1083,683667,MB,1.103857,1.9247291088104248
1179,906693,PAAD,0.594115,0.7500156164169312
1054,1298357,STAD,5.816947,5.4021196365356445
1917,1298350,LUAD,4.209766,2.4516420364379883
1073,1240142,LUSC,3.189174,2.7402029037475586
1563,735784,ESCA,5.93868,5.8167243003845215
1925,924238,THCA,3.780402,4.895026206970215
1068,906824,CESC,1.724547,1.4094010591506958
1051,1240143,LUSC,-0.856847,0.779441237449646
1022,753538,HNSC,-0.361401,-0.1958877444267273
1915,909703,ALL,2.22036,1.7992651462554932
1373,905947,KIRC,4.842018,4.872869968414307
1613,907061,HNSC,4.28496,2.430612087249756
1036,946356,ESCA,5.063199,6.691211700439453
1553,1240212,CESC,5.244159,4.307941436767578
1560,1240127,UCEC,3.048444,3.721204996109009
1862,753532,HNSC,-2.562276,-1.4398813247680664
1631,910922,KIRC,3.62932,2.6391704082489014
1941,909725,SKCM,-2.916299,-2.4162633419036865
1620,908129,UCEC,5.75708,5.593116760253906
1940,749711,BRCA,3.288346,2.7976133823394775
2110,687802,LUAD,6.434002,6.380912780761719
1594,753616,NB,4.47719,5.313802242279053
1549,688021,SCLC,4.252262,5.736250400543213
1190,906833,MB,-3.319749,-3.2148067951202393
1635,749711,BRCA,5.315986,4.6285400390625
1046,908156,UNCLASSIFIED,-0.004533,-0.2034345269203186
1372,724838,BLCA,2.227388,1.8085346221923828
1003,1240192,SCLC,-0.828403,0.2863997519016266
1919,908126,LCML,1.060509,1.7367091178894043
1627,949161,UNCLASSIFIED,3.072229,2.5881083011627197
1911,1298219,UNCLASSIFIED,-2.299334,-3.1800296306610107
1915,917486,COREAD,2.51588,2.2229607105255127
1614,1659928,COREAD,3.681967,2.55378794670105
1855,949160,UNCLASSIFIED,2.752086,3.364647150039673
1060,910941,NB,1.32574,1.1313130855560303
1093,949166,UNCLASSIFIED,5.039716,5.080947399139404
1006,909977,UNCLASSIFIED,4.637327,4.246852874755859
1909,998189,COREAD,1.259894,3.6538121700286865
1053,687787,LUSC,4.51165,5.549187660217285
1046,1240157,LIHC,2.396794,2.717205286026001
1091,1330973,SCLC,2.133732,1.5556774139404297
1862,949167,UNCLASSIFIED,-1.814557,-2.009068012237549
1912,908148,LAML,-1.016008,-0.19052690267562866
1593,1298151,LIHC,0.241705,2.2486584186553955
1853,949164,UNCLASSIFIED,3.84834,3.899149179458618
1007,1240158,LIHC,-3.386283,-3.79953932762146
1564,753548,LAML,2.570071,2.0911664962768555
1005,908141,LAML,0.181578,0.3611434996128082
1060,910915,PAAD,-1.841831,0.1367872953414917
1852,905989,COREAD,2.746217,4.8264923095703125
1032,909769,UNCLASSIFIED,1.810997,1.4032502174377441
1931,1290813,MESO,5.151849,5.083134174346924
1013,688014,SCLC,4.914232,4.9786787033081055
1058,1298526,PAAD,1.266237,0.8331649303436279
1925,1240189,SCLC,4.559643,4.2458062171936035
1908,909731,UNCLASSIFIED,3.945416,2.9928791522979736
1855,905960,BRCA,3.956818,3.9709246158599854
2046,753538,HNSC,3.498407,3.2663557529449463
1873,910780,NB,0.426408,0.4892679452896118
1190,687819,LUAD,3.168234,3.2353591918945312
1512,909907,BRCA,6.124966,6.309488296508789
2107,905936,COREAD,4.637564,3.9691717624664307
1068,1240160,LIHC,3.779994,1.4952037334442139
1259,688025,SCLC,1.607014,-1.2319440841674805
1177,905970,LUAD,5.727071,5.427637577056885
1004,908147,ALL,-6.278404,-6.907910346984863
1560,907287,COREAD,2.117469,1.4004409313201904
1259,910935,DLBC,-0.260653,-0.4364939332008362
1930,905964,MM,0.187133,0.08599340915679932
2106,1297446,ALL,2.500715,2.7925479412078857
1598,1240141,MESO,5.439623,4.825613975524902
1626,1330947,LAML,-1.472931,-1.2673537731170654
1057,908159,UNCLASSIFIED,-3.04383,-2.9993982315063477
1190,910687,ALL,-5.908896,-4.440841197967529
1036,687798,LUAD,6.165209,5.652991771697998
1919,1290808,MESO,3.191488,2.577752113342285
1047,909976,UNCLASSIFIED,2.284394,2.97226619720459
1057,949090,OV,-0.953079,-2.1602680683135986
1561,1290809,MESO,1.811986,1.4742436408996582
2048,749714,BRCA,-1.381379,1.1546318531036377
1057,724872,SCLC,-2.225467,-0.8603853583335876
1635,688001,SCLC,4.886091,4.3987507820129395
1563,907276,STAD,7.107506,6.101004123687744
1053,1331048,DLBC,1.866317,1.7395861148834229
2045,905952,ALL,3.108771,3.3448190689086914
1618,907043,UNCLASSIFIED,3.369132,2.0764122009277344
1924,907057,LIHC,4.316042,5.000899791717529
2096,908470,MESO,5.491192,3.6018903255462646
1932,687819,LUAD,3.507565,2.931326389312744
1940,906800,UNCLASSIFIED,2.584377,2.883636951446533
1997,687780,UNCLASSIFIED,2.107993,2.667832136154175
1854,907787,ALL,4.606632,4.0175933837890625
1179,909750,LGG,0.103264,-0.1721881628036499
1512,905974,SKCM,2.977459,4.793224334716797
2043,907276,STAD,5.799674,5.434356212615967
1622,753541,HNSC,4.708029,4.1954169273376465
1927,713880,SCLC,4.483433,4.110194683074951
1635,946382,BRCA,4.307391,4.455010414123535
1372,1303896,UNCLASSIFIED,0.75028,1.9558753967285156
1916,907270,CLL,1.236091,1.2702505588531494
1017,930297,CESC,4.174321,4.751454830169678
1919,1659818,MM,0.811119,1.6040079593658447
1631,910694,GBM,5.731333,4.438930988311768
1007,753541,HNSC,-6.060866,-5.930391788482666
1375,1503367,ESCA,6.149307,5.915031909942627
1598,1299062,SCLC,5.270462,5.1577911376953125
1089,907276,STAD,4.404094,3.7259039878845215
1941,908127,UNCLASSIFIED,-5.072788,-4.649241924285889
1250,1298539,UNCLASSIFIED,3.839812,3.0387988090515137
1549,905948,KIRC,5.28877,4.5941338539123535
1852,724866,LUAD,6.676656,5.693346977233887
1855,907279,LGG,7.493706,5.878681182861328
1058,924238,THCA,0.289685,0.10684865713119507
1249,906856,UNCLASSIFIED,1.502125,0.8772851228713989
1936,909776,UNCLASSIFIED,3.626612,2.3540756702423096
1512,909781,KIRC,7.431795,7.259165287017822
1912,1660034,COREAD,2.252575,1.765401840209961
1936,906861,UNCLASSIFIED,2.326068,2.7220959663391113
1010,1330950,MM,3.094745,2.986762046813965
1191,687588,GBM,-5.250825,-5.0894694328308105
1626,1330995,DLBC,1.147938,1.8330614566802979
2109,906869,STAD,1.552032,1.9235475063323975
1799,906842,DLBC,0.483307,2.2516098022460938
1561,910926,BLCA,0.872669,1.1660287380218506
1631,687457,BLCA,3.754029,4.263244152069092
1237,906808,SCLC,5.03497,4.972381591796875
1022,1298348,LUAD,0.060076,0.1888040006160736
1068,907058,SKCM,2.525037,0.3792438507080078
1617,910569,COREAD,4.614237,2.685826539993286
1259,724839,CESC,2.772051,5.161509990692139
1786,906861,UNCLASSIFIED,3.892103,2.3729522228240967
1561,907071,LIHC,3.677859,4.378255367279053
1786,910951,LCML,2.527741,1.7649905681610107
1053,1240140,UNCLASSIFIED,3.634366,3.510836362838745
1012,910849,UNCLASSIFIED,0.765226,1.2678296566009521
1249,1299075,PRAD,3.25376,3.526169776916504
1512,1298357,STAD,6.037177,6.42918062210083
1940,1330942,LAML,3.568826,3.649803876876831
1614,908123,BRCA,4.475125,2.5577619075775146
1375,910900,LUAD,5.658989,5.441174030303955
1931,910705,UNCLASSIFIED,2.221361,3.5559775829315186
1259,1299070,OV,0.289179,2.023524045944214
1927,909743,ALL,3.98079,4.391499996185303
1910,909260,ALL,-0.544297,1.2041230201721191
1932,905990,OV,4.676828,5.181183338165283
1561,907271,LGG,2.425833,2.2653682231903076
1060,910952,KIRC,0.216178,0.31942206621170044
2047,1298365,OV,3.647127,4.30754280090332
2107,1674021,COREAD,5.903746,4.820888519287109
1927,1290797,PAAD,5.21039,4.297206878662109
1084,924238,THCA,-1.839115,-3.4306089878082275
1512,906797,BLCA,5.532657,5.249337673187256
1910,907068,CESC,2.711626,2.1443352699279785
1564,1290908,LUAD,2.731131,2.7991387844085693
1168,909728,LUSC,1.326556,1.7772798538208008
1373,1503367,ESCA,3.172744,3.684687376022339
1849,910933,GBM,0.502462,-0.371038556098938
1634,1660034,COREAD,5.071325,3.9124436378479004
1011,905944,LUAD,4.141739,4.072707176208496
1563,1660034,COREAD,5.905139,5.399782657623291
1916,1240210,UNCLASSIFIED,-0.710295,-0.7034777998924255
1249,909255,UNCLASSIFIED,2.420672,2.6260411739349365
1912,910936,HNSC,-0.490811,0.574440062046051
1624,1240173,COREAD,5.073289,4.579061508178711
1625,907173,MESO,4.26001,4.331991195678711
2048,905937,COREAD,-3.276101,-3.1183669567108154
1177,907272,ALL,3.904922,3.436039686203003
1634,908138,UNCLASSIFIED,4.552892,4.609655857086182
1578,909744,ACC,4.776502,4.189363479614258
1049,906865,SKCM,3.462802,3.4385287761688232
1177,906795,THCA,5.926636,4.68950891494751
1622,907000,UNCLASSIFIED,4.130675,3.994748830795288
1032,907056,UNCLASSIFIED,2.521315,2.20377779006958
1054,905935,PRAD,5.330999,5.6344428062438965
1005,909729,GBM,5.376197,3.817234992980957
2096,1299064,ESCA,2.030917,1.670020341873169
1561,906838,UNCLASSIFIED,2.663013,2.8350374698638916
1553,909975,UNCLASSIFIED,3.481366,5.615809917449951
1529,910689,COREAD,4.76648,5.194302558898926
1799,753555,ESCA,0.18168,0.0721980631351471
1618,1297449,DLBC,3.07058,2.11303448677063
1915,909780,BLCA,2.70241,2.9671742916107178
1199,908473,LUAD,3.702313,4.982848167419434
1627,908121,BRCA,2.52958,2.136732816696167
1853,753620,NB,3.677595,4.523519039154053
1249,906828,THCA,3.49222,3.2041244506835938
1011,910705,UNCLASSIFIED,-2.805033,-1.5582373142242432
1621,909252,ALL,2.462292,2.260368585586548
1928,909255,UNCLASSIFIED,3.603293,2.974623918533325
1931,1240193,SCLC,4.224082,3.9370391368865967
2110,684059,UNCLASSIFIED,3.530686,3.6362173557281494
1131,906843,CESC,2.799646,4.650897979736328
1627,908151,BRCA,2.181791,1.3363828659057617
1005,909716,UNCLASSIFIED,3.260395,1.7644338607788086
1910,910915,PAAD,1.565612,2.531623125076294
1005,907067,SKCM,3.362292,3.6779088973999023
1799,909251,ALL,3.429939,3.2608373165130615
1930,1331037,DLBC,-1.895474,-0.4370667338371277
1510,1247871,ALL,4.297209,3.9960813522338867
1631,1240147,LIHC,2.599194,1.808561086654663
1179,687800,LUAD,1.694838,2.2458510398864746
1179,924107,CESC,-0.38853,0.10102793574333191
1079,688013,SCLC,1.877376,2.346781015396118
1049,907170,NB,2.756105,2.298708438873291
1249,753592,LUAD,2.512562,2.812939405441284
1011,1240187,LUAD,4.583922,2.13044810295105
1190,908451,LAML,-4.324703,-4.25656270980835
2045,1240189,SCLC,3.768175,4.391347408294678
1047,910933,GBM,3.567771,3.260840892791748
1047,1298348,LUAD,7.184356,7.933314800262451
1996,687819,LUAD,5.494959,4.481536388397217
1051,1331049,UNCLASSIFIED,-3.340931,-0.3397928476333618
1004,907792,COREAD,-1.406865,-0.0640684962272644
1626,687815,LUSC,3.599265,4.645429611206055
1910,908457,COREAD,1.638906,1.8593041896820068
1634,909264,UNCLASSIFIED,5.697803,4.4806294441223145
1558,753584,BLCA,4.168839,2.920137882232666
1053,687819,LUAD,2.597824,3.5988643169403076
1529,1240132,MESO,3.329947,5.246100425720215
1373,753612,MM,2.983824,3.9109275341033936
1191,1298475,PAAD,-4.622868,-3.954707384109497
1873,724855,UNCLASSIFIED,2.462182,1.6802449226379395
1915,909262,UNCLASSIFIED,2.590183,1.6283583641052246
1084,907062,HNSC,-1.75747,-1.128843069076538
1079,688014,SCLC,4.297409,4.004957675933838
1849,1331048,DLBC,-1.763257,-2.4883687496185303
1510,749713,BRCA,1.401273,4.360476493835449
1911,906861,UNCLASSIFIED,-5.540269,-5.102091312408447
1939,687600,UNCLASSIFIED,2.44692,2.0666191577911377
2045,713869,LUAD,5.707333,5.230844974517822
1933,1298218,PAAD,5.792292,5.3907599449157715
1006,687563,GBM,0.881989,0.2892759442329407
1052,905946,BRCA,3.19733,3.4797189235687256
1614,1503367,ESCA,3.426272,5.560004711151123
1091,1331036,DLBC,0.457954,0.799568772315979
1553,1240209,STAD,2.700509,2.6601152420043945
1190,905980,KIRC,4.309419,2.7876973152160645
1615,753575,ESCA,6.805216,6.702303886413574
1563,1331032,DLBC,4.119641,4.3430256843566895
1918,1240226,SKCM,4.151879,4.5130414962768555
1005,907056,UNCLASSIFIED,5.303803,6.267080307006836
1558,909255,UNCLASSIFIED,1.911388,1.8596899509429932
1917,1330931,LCML,0.048093,0.7803572416305542
1924,1240199,OV,5.406857,6.129128932952881
1631,924102,THCA,3.571334,3.867499828338623
1051,1240184,UNCLASSIFIED,3.198364,3.10477352142334
1940,1503371,ESCA,3.582849,2.5688459873199463
1511,1524416,KIRC,-0.737714,-0.6365740895271301
1073,906851,BRCA,4.38984,5.934680938720703
2044,724859,LUAD,3.029134,4.052729606628418
1559,910569,COREAD,-2.815898,-2.614786386489868
1080,1524416,KIRC,-2.913006,-3.146238327026367
1017,909779,UNCLASSIFIED,5.241307,4.0954132080078125
1372,907783,LCML,-4.366107,-4.205770969390869
1614,688010,SCLC,5.212561,3.508119583129883
1622,905957,BRCA,3.826508,4.789418697357178
1053,1503363,ESCA,0.914912,0.6700390577316284
1941,1240218,PAAD,-5.258678,-3.5801889896392822
1084,909257,OV,-2.792764,-3.1362924575805664
1507,906824,CESC,5.223315,4.921475887298584
1911,905968,OV,-6.112571,-5.548999786376953
1093,906872,NB,4.742184,4.880358695983887
1925,906868,LGG,4.523321,4.532527923583984
1084,1330987,UNCLASSIFIED,-3.700931,-3.6530425548553467
1614,688021,SCLC,6.891165,4.318450927734375
1507,910906,UNCLASSIFIED,3.352905,3.26682448387146
2043,910704,BRCA,5.242059,4.69466495513916
2107,909785,UNCLASSIFIED,4.042124,3.4255855083465576
2106,753624,PAAD,5.612885,4.9853034019470215
1563,905939,COREAD,7.746404,6.694733619689941
1561,688023,SCLC,1.49012,1.1793477535247803
1908,722046,LUAD,0.721852,0.6119785308837891
1631,1290724,HNSC,2.889118,3.4314115047454834
1558,906820,NB,3.842353,3.124105930328369
1010,1524416,KIRC,3.585674,3.3937125205993652
1911,946368,GBM,-5.054818,-5.055274486541748
1617,753554,LUSC,3.825071,2.7618138790130615
1926,1298537,LUAD,0.504056,0.33944401144981384
1928,908145,LGG,3.738845,3.683821201324463
1997,717431,NB,1.717375,1.9126954078674316
1005,908465,LUAD,4.794135,4.840946674346924
1512,924187,UCEC,6.490901,5.998355865478516
1032,1240131,MESO,3.949517,4.535757541656494
1917,753584,BLCA,4.168076,2.4629459381103516
1249,910779,UNCLASSIFIED,4.558897,4.796557903289795
1510,1290810,MESO,4.084198,4.298520565032959
2047,908454,UNCLASSIFIED,2.788648,3.6267483234405518
2096,687985,SCLC,2.346716,3.2390544414520264
1239,1240153,SKCM,1.407466,2.714235782623291
1022,910936,HNSC,-0.023937,-0.06949251890182495
1630,749717,BRCA,5.487074,4.466510772705078
1912,1298151,LIHC,3.432997,3.5793075561523438
1017,906871,LGG,3.903034,3.741562604904175
1941,910781,UCEC,-5.085597,-4.749471187591553
1084,1674021,COREAD,-1.786201,-2.3252675533294678
1249,909977,UNCLASSIFIED,5.415932,4.643373489379883
1512,1331045,DLBC,4.318162,4.345734596252441
1939,910920,KIRC,5.384576,3.3569180965423584
1912,909703,ALL,1.54823,1.7878165245056152
1927,908126,LCML,4.816501,4.621886253356934
2106,713869,LUAD,5.692061,5.912342548370361
1617,909697,STAD,1.466412,1.2458021640777588
1936,1330973,SCLC,4.192745,3.348071813583374
1855,684072,UNCLASSIFIED,2.877607,2.4349310398101807
1873,713880,SCLC,0.046519,0.3594375252723694
1259,925340,STAD,3.692914,3.3439955711364746
1558,908443,LUSC,4.677942,3.4470622539520264
1862,908473,LUAD,-0.58452,-0.7289560437202454
1093,908483,SCLC,4.317664,3.3028552532196045
1629,908463,LUAD,6.177145,5.671589374542236
1917,753539,UNCLASSIFIED,0.182131,0.4482557773590088
2107,909703,ALL,4.513966,3.875753879547119
1915,687455,BLCA,2.537889,2.3983895778656006
1012,906830,SKCM,3.622254,3.1301822662353516
1928,924244,LUAD,4.393547,4.440381050109863
1017,1240122,HNSC,4.989857,5.755758285522461
1996,908142,UNCLASSIFIED,2.95508,3.3372809886932373
1372,1503361,ESCA,1.492002,1.2065908908843994
1093,907275,LAML,4.277777,2.8595495223999023
1013,687455,BLCA,2.892243,3.3920295238494873
1053,905957,BRCA,1.148751,1.3381657600402832
2110,905967,LUAD,4.844963,3.7712366580963135
1553,753612,MM,3.312528,2.3263211250305176
1560,925347,PAAD,4.091471,3.6818745136260986
1930,905933,OV,0.407413,0.6516249179840088
1621,905938,LAML,4.286483,4.578672409057617
1908,925348,PAAD,3.047101,2.622739315032959
1593,687505,CESC,2.828562,2.1983439922332764
1862,908144,LGG,-2.372355,-1.590181589126587
1910,1240141,MESO,5.004114,4.2359771728515625
1918,1303896,UNCLASSIFIED,0.219663,0.5054367780685425
1259,905973,UNCLASSIFIED,3.90856,3.295079231262207
1939,1290814,MESO,3.730778,4.640787601470947
1084,1290812,MESO,-0.621684,-1.350555419921875
1912,909720,UNCLASSIFIED,4.228546,3.3977229595184326
1916,946382,BRCA,-0.04774,-0.36667168140411377
1873,905979,KIRC,1.602308,1.9426875114440918
1922,905983,GBM,2.380406,3.194164991378784
1909,949163,UNCLASSIFIED,1.581602,0.7256059646606445
1022,909263,COREAD,-0.522975,0.918378472328186
2109,1503361,ESCA,1.686054,2.3380579948425293
2040,753608,LUAD,1.017675,1.8444626331329346
2111,909719,LIHC,4.009135,4.2428178787231445
1916,1299081,SKCM,3.117267,2.8474762439727783
1512,753608,LUAD,6.765654,6.4132819175720215
1191,1240215,UNCLASSIFIED,-4.722199,-4.6308441162109375
1559,909719,LIHC,-1.645452,-2.101388931274414
1091,906827,UNCLASSIFIED,2.385575,1.6334118843078613
1618,907072,UNCLASSIFIED,2.29607,3.572999954223633
1930,687505,CESC,-0.821289,-0.2677292227745056
1003,910784,UNCLASSIFIED,-1.720835,-2.7075765132904053
1239,687819,LUAD,5.36674,5.159785270690918
1941,1298529,HNSC,-3.52154,-3.7189834117889404
1624,1330983,LAML,2.585884,2.6697421073913574
1259,949161,UNCLASSIFIED,-3.918793,-4.353305816650391
1200,1290812,MESO,4.935763,5.090842247009277
1924,909248,MB,3.975216,4.079943656921387
1558,909737,LIHC,4.027927,3.58520245552063
1046,1331049,UNCLASSIFIED,0.372306,-0.15649950504302979
1057,683665,MM,-1.357325,-1.137157917022705
1259,753575,ESCA,5.862305,5.475210189819336
1622,724859,LUAD,5.75669,4.7384138107299805
1563,753586,UNCLASSIFIED,5.893439,5.643928050994873
2044,907273,UNCLASSIFIED,2.428773,2.200486660003662
1852,908126,LCML,3.541352,4.339682102203369
1578,908136,UNCLASSIFIED,4.199429,4.119618892669678
1925,753612,MM,5.098364,4.616945743560791
1911,1503364,STAD,-5.849646,-5.299560546875
1191,907787,ALL,-5.600002,-5.3647990226745605
1634,1524416,KIRC,4.444858,4.653618335723877
1131,925348,PAAD,3.324556,4.5771026611328125
1940,909759,UNCLASSIFIED,4.769303,3.6836538314819336
1909,925346,PAAD,3.014421,2.7440967559814453
1997,724828,NB,5.361315,5.254692554473877
2046,713869,LUAD,3.371807,3.870634078979492
1200,753612,MM,2.329291,3.044311761856079
1916,1290813,MESO,2.802268,2.4828851222991943
1049,905941,LUSC,4.105109,5.242493152618408
1557,909779,UNCLASSIFIED,5.703809,5.1666154861450195
1919,1298538,LUSC,-0.150023,-0.3439110517501831
1259,949167,UNCLASSIFIED,-3.279943,-3.1556410789489746
1625,908146,ALL,3.192197,3.7264668941497803
1093,907062,HNSC,4.324319,4.464017391204834
1561,1290905,BRCA,6.995479,7.998605251312256
1237,688006,SCLC,5.201141,4.967081546783447
1372,1298350,LUAD,0.635987,2.356498956680298
1933,907042,LGG,4.99566,4.530404090881348
1630,906833,MB,2.530372,3.3003900051116943
1873,687590,GBM,1.019326,0.8044523000717163
1083,753573,ESCA,3.787647,1.7828726768493652
1618,907320,ESCA,4.118994,3.5529277324676514
1199,907172,SKCM,4.857483,4.184028625488281
1010,753621,ESCA,1.471203,1.442169427871704
1049,907783,LCML,2.137736,2.883049488067627
1635,925338,BRCA,5.307832,5.13584041595459
1047,688013,SCLC,4.767949,3.2124617099761963
1922,753621,ESCA,1.167473,1.597243070602417
1249,909721,LUAD,6.232854,4.795796871185303
1799,907062,HNSC,3.985102,3.34627366065979
1786,1240142,LUSC,1.241409,1.708367109298706
1634,687780,UNCLASSIFIED,5.278985,4.963976860046387
1593,1240131,MESO,4.944371,5.012857913970947
1926,1331033,DLBC,-0.622575,-1.340256929397583
1919,713880,SCLC,0.945111,1.5868277549743652
1558,1240215,UNCLASSIFIED,4.181628,4.260737419128418
2044,946353,ESCA,2.444904,3.540436029434204
1909,1298539,UNCLASSIFIED,3.255298,3.224703550338745
1931,908127,UNCLASSIFIED,5.388569,5.236940860748291
1916,1322212,SCLC,1.197265,1.0266444683074951
1927,687807,LUAD,5.716265,7.014728546142578
1373,905977,SKCM,-0.035138,-1.323765754699707
1936,687563,GBM,1.88083,2.035168409347534
1940,1503365,ESCA,5.900705,4.72128438949585
1939,1240146,LUAD,3.477456,3.875946521759033
1034,724863,UNCLASSIFIED,-3.102145,-3.2489116191864014
1080,1298537,LUAD,-0.312367,-2.3870649337768555
1576,908475,LUAD,3.082492,2.7965164184570312
1068,905960,BRCA,1.500671,1.8365895748138428
1578,724872,SCLC,4.851201,4.404841899871826
1622,905946,BRCA,3.686547,4.543543338775635
1177,1503364,STAD,4.811693,3.8819663524627686
1093,905945,BRCA,2.326731,3.423217296600342
1598,905940,LCML,2.595315,2.5853776931762695
1917,687821,LUAD,3.545363,4.3017354011535645
1853,1299050,HNSC,4.393906,4.885813236236572
1618,907042,LGG,2.374644,2.6574809551239014
1084,906839,GBM,-2.396888,-2.3491768836975098
1909,1660034,COREAD,2.069628,2.0973575115203857
1617,906821,PAAD,1.420633,2.7641170024871826
1853,907796,UNCLASSIFIED,3.635951,4.769880771636963
1079,907317,ESCA,1.447155,-0.1968645453453064
1910,1298157,BRCA,2.568825,1.9708774089813232
1910,908454,UNCLASSIFIED,-0.376665,0.13514435291290283
1620,1480371,OV,5.92399,5.5586442947387695
1058,749714,BRCA,1.422593,2.3858368396759033
1620,1331033,DLBC,3.052183,3.6597797870635986
1786,687505,CESC,3.162985,2.4850099086761475
1561,906834,MB,1.920515,1.7071707248687744
1511,1330993,PRAD,-1.810417,-1.7586512565612793
1060,907065,BLCA,2.415268,1.5217993259429932
1924,909716,UNCLASSIFIED,1.051599,1.0690946578979492
1849,907788,PRAD,-2.213365,-1.92238187789917
1852,949168,UNCLASSIFIED,6.077932,4.700577735900879
1237,905938,LAML,4.601222,3.5875072479248047
1060,1298350,LUAD,1.309733,1.25899338722229
2107,909719,LIHC,4.470937,4.492879390716553
1928,924110,UNCLASSIFIED,5.038426,4.4819769859313965
1080,906824,CESC,-3.162286,-3.7869608402252197
1003,910548,OV,-2.945254,-0.3245830535888672
1909,907067,SKCM,2.423996,2.0582046508789062
1853,910944,ALL,2.702683,2.599612236022949
1618,949167,UNCLASSIFIED,3.299551,3.4868626594543457
1559,906805,LUAD,-2.241583,-1.0346136093139648
1168,687448,SKCM,3.75616,3.9331510066986084
1936,909248,MB,3.142003,2.854931592941284
1047,905949,LUAD,1.915025,3.1693339347839355
1564,1295741,MM,1.555661,1.7279255390167236
1268,724825,MM,3.906691,4.055909156799316
1373,1240160,LIHC,4.738526,4.7472405433654785
1924,1290724,HNSC,2.751215,2.7437946796417236
1191,906861,UNCLASSIFIED,-4.898685,-4.896191120147705
1578,910932,SKCM,5.595028,4.654454231262207
1088,906873,GBM,1.058851,1.240599513053894
1084,1299050,HNSC,-2.492552,-1.7054870128631592
1375,1290809,MESO,6.111045,6.834155082702637
1928,905971,COREAD,3.458354,3.9921822547912598
1564,906808,SCLC,4.809355,4.940688610076904
1624,910952,KIRC,1.341796,2.249852180480957
1512,924250,STAD,6.161083,5.750102519989014
1855,909748,COREAD,6.382831,4.375159740447998
1010,910907,PAAD,4.269643,4.261957168579102
1852,724863,UNCLASSIFIED,5.990279,5.059257984161377
1621,909745,GBM,5.071293,5.171719074249268
1940,724825,MM,4.001027,3.067242383956909
1373,753561,HNSC,4.348953,3.9879608154296875
1578,1240128,UNCLASSIFIED,4.610061,4.862721920013428
1012,908131,UNCLASSIFIED,2.364166,2.9067916870117188
1259,1247871,ALL,-3.669128,-1.5846326351165771
1249,1240137,MESO,4.444576,4.6105241775512695
1625,1303896,UNCLASSIFIED,1.770651,2.9513959884643555
1200,905980,KIRC,4.051505,4.747397422790527
1191,749713,BRCA,-4.812146,-4.674325466156006
1083,908149,UNCLASSIFIED,2.156944,3.74961256980896
1083,687562,GBM,2.85454,2.5772554874420166
1510,905964,MM,2.57387,2.513181209564209
1553,924104,THCA,4.681187,3.0581912994384766
1054,905933,OV,6.020365,4.760590553283691
1996,909977,UNCLASSIFIED,4.758931,5.189635753631592
1598,906872,NB,5.30718,5.143548488616943
1862,909754,UNCLASSIFIED,-1.467488,-0.985892117023468
1553,910903,SKCM,2.115835,2.386310577392578
1080,907170,NB,-6.074243,-5.020015239715576
2096,908474,UNCLASSIFIED,2.888081,3.2437477111816406
1239,753608,LUAD,1.790111,1.7855658531188965
1034,909743,ALL,-3.207924,-3.2313127517700195
1613,925341,UNCLASSIFIED,3.321719,4.160217761993408
1038,1290922,BRCA,3.201106,2.6306777000427246
1631,907000,UNCLASSIFIED,2.039934,1.9461984634399414
2110,908121,BRCA,3.619789,4.041054725646973
1560,749712,BRCA,3.411042,3.155806303024292
1624,906847,UNCLASSIFIED,1.157085,1.6319973468780518
1626,908447,NB,3.689801,4.19688081741333
1191,905969,OV,-3.764232,-4.051600933074951
1911,908145,LGG,-4.957704,-5.765569686889648
1911,906834,MB,-6.942002,-6.880594730377197
1786,905969,OV,4.565816,5.658134937286377
1511,925348,PAAD,1.679437,0.20477861166000366
1918,910948,BRCA,4.476672,3.43989634513855
1854,908447,NB,5.405337,5.1761088371276855
1564,907271,LGG,1.253983,1.4456002712249756
2111,949157,UNCLASSIFIED,4.358096,3.988691568374634
1005,949094,GBM,2.126732,2.7295408248901367
1007,1290722,THCA,-4.305977,-4.2211012840271
1849,906863,HNSC,-1.501785,-0.4000976085662842
1799,907300,LAML,3.140147,3.013977527618408
1004,909757,COREAD,-4.319812,-3.911315679550171
1080,688121,UNCLASSIFIED,-3.505292,-1.2305138111114502
1093,905969,OV,5.89973,6.0509161949157715
2111,749709,BRCA,4.904329,4.831457138061523
1080,1330973,SCLC,-2.826075,-0.30046194791793823
1088,724839,CESC,2.987953,4.761004447937012
1913,724859,LUAD,6.264995,4.940537452697754
1617,905952,ALL,-3.004634,-1.533339023590088
1259,909743,ALL,0.448344,-0.5495352745056152
1613,946353,ESCA,3.94564,3.007573366165161
1375,924110,UNCLASSIFIED,5.406687,5.368471145629883
1051,688010,SCLC,-1.504126,-0.8727145791053772
1578,909761,COREAD,6.279888,5.2201457023620605
1613,1299070,OV,2.943381,3.1950623989105225
1936,907299,UNCLASSIFIED,1.353531,2.185441732406616
1618,909701,UNCLASSIFIED,2.373889,2.1298916339874268
1199,1240223,THCA,4.997431,6.526571750640869
1926,724839,CESC,2.548153,3.2444863319396973
1080,1240141,MESO,1.250204,0.8508464694023132
1932,1240157,LIHC,3.857169,2.7194061279296875
2044,1240122,HNSC,3.737262,4.6561360359191895
2111,907787,ALL,2.691057,1.7088394165039062
1909,687997,SCLC,-0.106262,1.2973923683166504
1036,1327774,UNCLASSIFIED,3.810402,3.61137318611145
1553,910702,PAAD,5.061346,3.979212760925293
2040,905949,LUAD,0.40368,0.6186074018478394
1553,908147,ALL,-0.038808,0.4640924334526062
1910,1240201,PAAD,2.534012,2.384594440460205
1046,905939,COREAD,1.682872,0.9019536972045898
1032,906847,UNCLASSIFIED,1.208492,1.229773759841919
1940,906798,BLCA,3.719778,3.516807794570923
2111,1240134,MESO,4.215205,3.8261141777038574
1060,909708,HNSC,-1.25526,-1.9462692737579346
1089,1503370,LUAD,2.304135,2.854750633239746
1553,1298151,LIHC,5.088548,5.491692066192627
1917,724878,LUAD,4.047892,3.8858799934387207
1553,909249,MM,0.829991,-0.06285259127616882
1576,1330933,UNCLASSIFIED,1.908655,1.033752202987671
1049,907313,GBM,4.475408,3.589115619659424
1549,1240198,OV,3.654886,2.916304349899292
1005,905965,UNCLASSIFIED,0.57961,0.0921517014503479
2106,724828,NB,5.572559,2.792299509048462
1927,930299,THCA,4.370925,6.170175075531006
1060,910933,GBM,-1.784238,-1.4588425159454346
1931,688121,UNCLASSIFIED,6.333002,5.764069080352783
1372,908144,LGG,1.373917,2.295754909515381
1996,688086,NB,5.422179,2.822661876678467
1624,713899,SCLC,3.690524,3.6033170223236084
1046,724831,UNCLASSIFIED,1.842497,2.083407402038574
1578,910905,COREAD,5.353363,5.310840129852295
1372,905947,KIRC,0.686185,0.9856483340263367
1617,1240128,UNCLASSIFIED,2.466269,2.478736639022827
1634,906853,UNCLASSIFIED,5.303755,5.1204142570495605
1913,910852,BRCA,5.602607,5.149050712585449
2048,688001,SCLC,-3.94344,-4.525957107543945
1932,1240198,OV,2.406028,3.330249547958374
1908,908143,UNCLASSIFIED,2.616517,3.925279140472412
2044,1240123,COREAD,4.867971,3.6422770023345947
1559,1240223,THCA,-0.658759,0.2705130875110626
1057,1240200,OV,-0.342593,-1.1222405433654785
2040,909735,UCEC,1.44087,1.1190754175186157
1036,906835,GBM,3.192421,3.813384532928467
1012,909719,LIHC,1.479274,2.578399896621704
1622,1298151,LIHC,4.421213,4.269827842712402
1507,906847,UNCLASSIFIED,4.29311,4.189157485961914
2044,1299050,HNSC,3.965568,3.3642730712890625
1084,907065,BLCA,-2.093394,-1.5930206775665283
1908,1330964,SCLC,4.793929,3.5162906646728516
1909,909735,UCEC,1.535589,2.005048990249634
1259,905972,LUAD,2.272227,2.5188753604888916
1529,753561,HNSC,0.004598,-1.5739080905914307
1079,1240128,UNCLASSIFIED,2.043225,3.645434856414795
1079,1330933,UNCLASSIFIED,1.643557,-0.5289901494979858
1180,724870,PAAD,-3.071943,-1.9700160026550293
2045,724878,LUAD,7.026735,6.272641181945801
1855,1247873,LUAD,4.196196,4.76498556137085
1093,906846,UNCLASSIFIED,4.274673,3.725912570953369
2111,910927,BRCA,2.103111,3.6647281646728516
1005,1298538,LUSC,3.485417,4.025665760040283
1013,907276,STAD,4.914714,3.3998963832855225
1093,1298533,PAAD,4.726178,4.889059543609619
1511,907268,UNCLASSIFIED,-3.278646,-2.668307065963745
1625,909746,COREAD,5.519364,6.040966033935547
1007,906812,BRCA,-5.581017,-4.47382926940918
1626,908470,MESO,1.561537,1.934802532196045
1032,909248,MB,2.244037,3.262535333633423
1598,949166,UNCLASSIFIED,3.968535,3.9351227283477783
1091,753576,ESCA,3.289401,3.2624237537384033
1049,1240217,LIHC,4.644611,3.4993245601654053
1932,908151,BRCA,4.217501,3.8650145530700684
1079,907051,UCEC,3.182841,3.5346412658691406
1004,1240181,NB,-4.46524,-4.157441139221191
1854,906804,UNCLASSIFIED,3.583016,4.173973083496094
1564,753585,KIRC,4.406629,3.6194307804107666
1529,1295740,ALL,-1.067818,-0.8662157654762268
1615,908126,LCML,4.79897,4.33690881729126
1918,909256,BRCA,3.472978,-0.4980287551879883
1563,1331040,UNCLASSIFIED,3.915538,3.5110843181610107
1032,905989,COREAD,1.237494,1.4725346565246582
1199,908457,COREAD,3.449471,3.614664316177368
1091,907071,LIHC,2.482211,2.1761691570281982
1022,724872,SCLC,-0.303031,0.4583888053894043
1913,908460,LUAD,8.149737,7.821921348571777
1553,949168,UNCLASSIFIED,1.563656,1.5464191436767578
1079,905991,OV,0.862705,-0.11447155475616455
1578,1480362,OV,4.155721,5.381028175354004
1593,687588,GBM,2.86475,2.587838649749756
1510,909744,ACC,2.247368,3.584855318069458
1011,905939,COREAD,3.476255,1.605290412902832
1553,753555,ESCA,1.60028,1.3799607753753662
1058,724879,LUSC,2.302876,1.5678987503051758
2040,1299062,SCLC,1.470009,1.7509093284606934
1915,1240217,LIHC,3.253318,2.79937744140625
1512,906831,UNCLASSIFIED,3.693115,4.036052703857422
1852,713869,LUAD,5.906085,5.163197040557861
1168,910849,UNCLASSIFIED,2.723079,2.1393721103668213
1620,1299080,SKCM,5.687431,5.47220516204834
1259,909728,LUSC,3.210268,4.4639387130737305
1003,717431,NB,-2.89981,-3.5534627437591553
1578,753556,LUSC,4.867078,5.415532112121582
1594,905937,COREAD,3.898275,3.9753310680389404
1053,1290807,UNCLASSIFIED,3.120262,2.2511229515075684
1248,1299075,PRAD,-2.088495,-3.337557554244995
1017,688023,SCLC,3.433604,3.4576385021209717
1088,909716,UNCLASSIFIED,3.018882,1.802762746810913
1631,909250,KIRC,4.548293,4.296600818634033
1632,906851,BRCA,3.828688,3.4023518562316895
1631,907314,NB,2.700418,3.4399397373199463
1088,688121,UNCLASSIFIED,1.451238,1.2708230018615723
1873,924250,STAD,2.433273,2.241658926010132
1563,1240217,LIHC,5.095718,5.659427165985107
1259,907170,NB,-2.069587,-0.751589834690094
1375,924239,MM,5.539682,4.716400623321533
1007,906790,STAD,-4.826227,-5.916184425354004
2043,907270,CLL,4.716465,3.4524805545806885
1557,687505,CESC,5.477898,4.925904273986816
1073,1290809,MESO,6.729679,5.96150016784668
1873,907790,COREAD,0.355689,0.40013155341148376
1926,910702,PAAD,1.959283,2.0213146209716797
1560,924241,SCLC,4.368557,2.7922990322113037
1915,909777,UNCLASSIFIED,2.258692,1.9879465103149414
1012,1240131,MESO,5.033211,3.425283193588257
1621,949165,UNCLASSIFIED,3.596949,4.207860946655273
1375,1295741,MM,4.202144,3.904015064239502
1578,753558,KIRC,6.812397,5.612245082855225
1047,925348,PAAD,5.898744,6.051727771759033
1996,909263,COREAD,3.57498,4.847436428070068
2111,713880,SCLC,3.694502,4.406181335449219
2043,1290797,PAAD,4.542315,4.426028728485107
1012,687455,BLCA,2.852949,2.6007306575775146
1855,687812,LUAD,5.757769,4.871890544891357
1629,906820,NB,4.747607,4.4862494468688965
1564,909770,STAD,0.314582,0.061391353607177734
1190,1330947,LAML,-4.711571,-5.096646785736084
1997,930299,THCA,6.264993,6.5365142822265625
1012,925346,PAAD,3.928924,2.6650936603546143
1249,909725,SKCM,4.675354,5.0910468101501465
1561,910401,UNCLASSIFIED,3.098257,2.6236824989318848
1941,906826,BRCA,-6.863287,-7.051079273223877
1919,1298537,LUAD,1.590912,1.1319541931152344
1786,1330995,DLBC,2.13857,2.798920154571533
1177,924240,BRCA,4.543844,4.519103050231934
1930,908126,LCML,-0.442065,0.25193944573402405
1005,924107,CESC,2.422929,2.468506097793579
1375,907044,UNCLASSIFIED,2.60275,4.37985372543335
1932,1331048,DLBC,3.003819,2.1601035594940186
1168,1240202,LUAD,-1.515233,-1.7796359062194824
1629,908471,UNCLASSIFIED,2.741525,3.0536844730377197
1507,1298136,PAAD,5.198405,5.431066036224365
1083,906836,UNCLASSIFIED,-2.641189,-1.419252634048462
1250,910947,LAML,-0.548844,-0.20638787746429443
1060,1240196,HNSC,2.014603,1.4446601867675781
1529,713880,SCLC,-1.308827,-0.0032301247119903564
1911,908142,UNCLASSIFIED,-5.753227,-5.222894191741943
1939,753610,SCLC,2.460524,2.364121198654175
1373,907000,UNCLASSIFIED,3.892975,3.6045937538146973
1017,1674021,COREAD,4.563348,4.531229019165039
1059,1660034,COREAD,-0.787242,0.3587597608566284
1060,1290724,HNSC,0.937301,2.0195746421813965
1032,909716,UNCLASSIFIED,1.397747,1.3034852743148804
1932,907796,UNCLASSIFIED,3.606492,3.4171841144561768
1046,906844,BRCA,0.435697,0.595084547996521
1630,688001,SCLC,4.072825,3.4913814067840576
1180,907173,MESO,-2.063108,-1.513655662536621
1873,688006,SCLC,1.193852,1.478571891784668
2096,1298219,UNCLASSIFIED,6.229769,5.287693500518799
2047,724866,LUAD,3.444087,2.464165449142456
1620,924151,THCA,5.788212,5.394730091094971
1931,908465,LUAD,6.130769,6.334590911865234
1922,1299081,SKCM,2.035742,2.0649685859680176
1259,909755,COREAD,3.999129,4.251137733459473
1936,1503366,ESCA,1.541997,2.0768752098083496
1058,946360,OV,2.948491,3.357914924621582
1910,924151,THCA,1.886389,3.141214609146118
1553,907069,UNCLASSIFIED,3.981289,4.051538944244385
1855,909719,LIHC,4.548834,4.380488395690918
1012,908447,NB,0.533533,0.8265975713729858
1510,906848,UNCLASSIFIED,2.613402,2.4953513145446777
1852,907071,LIHC,6.098082,5.788519382476807
1621,910947,LAML,2.976572,2.6153905391693115
1593,910948,BRCA,5.076163,3.796736240386963
1614,1240183,LUSC,3.315275,4.748902797698975
1089,749717,BRCA,6.380897,5.17558479309082
1910,907783,LCML,0.759054,-0.011116594076156616
1912,905955,SKCM,4.512826,4.002630233764648
1997,1240169,GBM,4.486248,3.5351932048797607
1529,1299052,HNSC,-2.493327,3.329396963119507
1068,687983,SCLC,1.066498,0.9911013245582581
1083,925347,PAAD,5.011115,3.886481285095215
1034,749714,BRCA,-2.443285,-2.0207431316375732
1249,906763,ALL,1.405709,1.3422536849975586
1003,749715,BRCA,-1.728301,0.05535358190536499
1996,910850,LIHC,6.607807,4.940140247344971
1561,1240159,LIHC,2.757061,2.744413375854492
1939,753572,PAAD,2.038768,2.4719438552856445
1088,1327769,DLBC,-0.010794,-0.05370354652404785
1080,998189,COREAD,-1.504954,-2.312920331954956
1627,907787,ALL,2.306101,1.965991497039795
1936,1240162,HNSC,3.860528,3.6822524070739746
1558,1240223,THCA,5.998475,7.826231479644775
1557,907290,UNCLASSIFIED,6.530454,6.116927623748779
2109,724873,LUAD,1.899185,2.8526368141174316
1032,753539,UNCLASSIFIED,1.734951,2.340981960296631
1268,909716,UNCLASSIFIED,4.936742,4.154029369354248
1926,753574,ESCA,0.41413,0.45046108961105347
1917,909747,COREAD,3.591444,5.298251628875732
1180,907796,UNCLASSIFIED,-2.30929,-0.849801242351532
1237,1240166,UNCLASSIFIED,4.011846,3.8458316326141357
1997,908462,MESO,4.946703,4.339205741882324
2110,907269,CLL,3.069294,3.0282490253448486
2111,1240210,UNCLASSIFIED,3.664402,3.6307194232940674
2109,905973,UNCLASSIFIED,3.61039,3.2311851978302
1854,1240128,UNCLASSIFIED,5.615237,5.341731548309326
1615,910932,SKCM,4.381322,4.3733062744140625
1624,909263,COREAD,3.393841,2.9004859924316406
1511,906832,DLBC,-2.177879,-2.6856696605682373
1068,1299081,SKCM,-0.039866,0.4655982553958893
1622,906864,THCA,4.673104,5.099507808685303
1096,907048,BRCA,2.136671,2.9625136852264404
2045,909699,UNCLASSIFIED,6.892855,5.806305408477783
1010,906763,ALL,2.825688,2.433715343475342
1032,908130,UCEC,3.927774,4.133469104766846
1910,910546,PAAD,2.678436,2.8289754390716553
1093,749715,BRCA,5.912746,4.58727502822876
1932,908129,UCEC,5.495806,4.206072807312012
1200,909264,UNCLASSIFIED,3.381827,3.6190505027770996
1085,998189,COREAD,3.388402,2.9825258255004883
1089,907269,CLL,1.182621,0.5735427141189575
2047,907318,ESCA,2.902608,3.4334897994995117
1933,909907,BRCA,7.034367,6.101487159729004
1053,1298533,PAAD,5.070292,4.102236270904541
1268,905964,MM,3.916863,3.9367947578430176
1259,1240143,LUSC,3.745302,2.6448633670806885
1239,1240167,ESCA,0.502871,0.8465087413787842
1916,910900,LUAD,4.123123,4.172752857208252
1549,908467,UNCLASSIFIED,4.441249,4.136232376098633
1927,1330972,SCLC,5.268583,4.449156761169434
2045,907291,COREAD,4.555005,4.281056880950928
1553,906872,NB,5.159343,2.7374002933502197
1917,910904,HNSC,3.257059,3.170236349105835
1622,930298,CESC,3.737294,3.8045411109924316
1005,910907,PAAD,3.522298,4.641876697540283
1854,1240200,OV,4.244048,5.294582366943359
1926,1240219,PAAD,1.002614,0.8037853837013245
1012,687505,CESC,0.405851,1.0732855796813965
1131,949177,NB,2.070477,2.8016037940979004
1626,1299080,SKCM,3.673106,3.154682159423828
1849,1240186,SCLC,2.393433,0.36313408613204956
1620,906797,BLCA,5.246002,5.4111409187316895
1250,946353,ESCA,1.642322,1.7909133434295654
1940,910920,KIRC,3.042714,2.7699830532073975
1915,908483,SCLC,2.521793,2.2103521823883057
1053,905934,PRAD,4.626485,4.481133460998535
1578,930297,CESC,5.704965,5.386528491973877
1079,753555,ESCA,1.249856,-0.21774733066558838
1996,909738,LIHC,5.315207,4.249016284942627
2107,753561,HNSC,3.909826,4.105926036834717
1922,910915,PAAD,3.288385,3.2731313705444336
1131,1331049,UNCLASSIFIED,3.559862,2.591820240020752
2043,906833,MB,4.165017,4.448047637939453
1032,909747,COREAD,5.79223,3.492680072784424
1549,910689,COREAD,3.64616,3.3129868507385254
1373,910932,SKCM,3.843386,2.505045175552368
2107,907794,COREAD,5.630445,5.251463413238525
1624,1240212,CESC,4.826733,4.304569721221924
1086,1298157,BRCA,-3.631544,0.8330307006835938
1060,907072,UNCLASSIFIED,0.820721,0.6118756532669067
2040,1503368,ESCA,2.044364,1.526719331741333
1529,1298529,HNSC,2.411245,0.809775710105896
2109,1240151,STAD,1.897663,1.9293804168701172
1022,905958,ALL,-1.17768,-0.4491612911224365
1620,687777,LUAD,6.448499,5.975169658660889
1003,907790,COREAD,-3.221495,-3.1936287879943848
1625,1240216,LIHC,6.260803,5.822516441345215
1079,907792,COREAD,-1.257819,0.817055344581604
1375,910850,LIHC,5.853265,6.47997522354126
1073,753574,ESCA,5.384428,5.772368907928467
1011,907787,ALL,-2.921973,-2.0699048042297363
1919,687586,GBM,2.39413,2.80106520652771
1268,909743,ALL,4.971105,4.2214508056640625
1932,924151,THCA,2.604948,3.3914268016815186
1085,905942,LUAD,2.062648,1.8332955837249756
1190,905986,GBM,-2.141021,-0.8950863480567932
1003,908125,SKCM,0.292833,-0.04256376624107361
1250,684052,UNCLASSIFIED,1.275927,0.7102756500244141
2106,1322224,STAD,3.769778,0.3854743242263794
1996,687802,LUAD,4.911763,4.815280914306641
1635,907053,LAML,4.414077,3.9286887645721436
1618,906872,NB,3.243931,3.9415390491485596
1634,906864,THCA,4.960858,4.9736480712890625
1179,687821,LUAD,3.660867,2.8082470893859863
1593,910784,UNCLASSIFIED,4.401,3.04474139213562
1917,753618,NB,0.340317,-0.23699218034744263
1913,1240123,COREAD,3.704544,4.295355319976807
1909,908148,LAML,0.435326,-2.655909299850464
1005,1240223,THCA,6.749114,4.763042449951172
1060,949166,UNCLASSIFIED,2.506349,2.9794716835021973
1131,1240123,COREAD,5.189486,4.679851531982422
1613,905948,KIRC,4.327075,2.3415775299072266
1624,909722,UNCLASSIFIED,0.620231,-0.5251161456108093
2047,908130,UCEC,3.07572,4.230690002441406
1373,753554,LUSC,4.674752,4.425713539123535
1855,906851,BRCA,3.811157,4.423309803009033
1005,909736,LIHC,6.171969,5.7779927253723145
1060,753562,HNSC,0.33454,0.9419580101966858
1249,906805,LUAD,3.673675,4.47381067276001
1926,910688,LAML,-0.676298,-0.6270923018455505
1034,1240132,MESO,-2.134616,-1.0726075172424316
1854,687600,UNCLASSIFIED,5.549125,5.127186298370361
1578,906836,UNCLASSIFIED,2.90807,3.093346357345581
1003,1503361,ESCA,-1.66711,-2.279257297515869
1915,907173,MESO,3.151404,3.920682668685913
1564,1240154,THCA,0.153123,0.14965376257896423
1997,684072,UNCLASSIFIED,2.469768,1.630373477935791
1089,910704,BRCA,4.794872,2.5556533336639404
1559,925347,PAAD,1.461843,0.9987027049064636
1618,1290724,HNSC,4.125759,3.9246373176574707
1626,906804,UNCLASSIFIED,-0.363208,0.4469456374645233
1068,753618,NB,-0.097877,0.03557246923446655
1510,908123,BRCA,3.003349,3.221534252166748
1922,1659928,COREAD,1.573576,1.1215972900390625
1375,1298526,PAAD,7.786829,7.147721767425537
1057,1240131,MESO,-0.247896,0.727933406829834
1047,909262,UNCLASSIFIED,4.17914,2.9107654094696045
1051,753554,LUSC,2.682171,2.5429656505584717
1017,908144,LGG,5.115402,4.934756278991699
2045,687812,LUAD,4.47704,4.891247749328613
1013,909974,KIRC,5.954862,5.502962589263916
1032,687812,LUAD,2.275246,1.9208064079284668
1191,1290810,MESO,-3.446455,-3.3231756687164307
1003,1298539,UNCLASSIFIED,-0.483348,-0.13092899322509766
1917,909780,BLCA,1.140902,1.7094249725341797
1598,909774,UNCLASSIFIED,4.610138,4.683461666107178
1131,906800,UNCLASSIFIED,1.172737,1.5222809314727783
1047,1331039,UNCLASSIFIED,1.276068,2.151296377182007
1051,924102,THCA,4.962369,2.993485927581787
1004,910704,BRCA,-2.721654,-5.043631553649902
1618,688086,NB,3.536791,4.5363922119140625
1046,1240200,OV,3.451082,3.5503926277160645
1003,687586,GBM,-2.376573,-1.0372424125671387
1268,908447,NB,4.925202,4.754192352294922
1621,1240210,UNCLASSIFIED,2.716346,3.0805513858795166
1997,753538,HNSC,0.398311,3.3628337383270264
1620,1240186,SCLC,6.112544,5.927158355712891
1084,905976,SKCM,-0.695151,-3.1789705753326416
1853,1509073,KIRC,4.703122,4.125505447387695
1239,909740,COREAD,3.098997,3.082320213317871
1511,1298146,LIHC,2.904738,1.5018839836120605
2109,1240149,UNCLASSIFIED,1.181214,1.225846767425537
1073,906843,CESC,6.445768,5.355339527130127
1941,906869,STAD,-4.750694,-5.085890769958496
1598,717431,NB,4.57507,4.4731574058532715
2106,1299080,SKCM,2.615523,1.9365031719207764
1615,910943,GBM,6.282298,5.649521827697754
1621,908475,LUAD,4.010473,4.093632221221924
1557,909977,UNCLASSIFIED,5.676654,4.603645324707031
1093,724825,MM,4.102187,3.572439432144165
1034,906871,LGG,-3.638017,-3.8458411693573
1615,1290730,BLCA,4.733337,5.327270984649658
2043,905971,COREAD,4.846194,4.420334815979004
1620,1299050,HNSC,5.860745,5.293370723724365
1927,1240159,LIHC,6.517286,5.585716724395752
2044,905991,OV,3.310078,2.5034735202789307
1047,907067,SKCM,2.206359,3.019127368927002
1558,925347,PAAD,5.661046,5.127410888671875
1559,753576,ESCA,-0.650609,-0.0061102211475372314
1853,1240134,MESO,4.225644,5.171295166015625
2111,753610,SCLC,2.788066,3.6951487064361572
1510,1240197,OV,4.107655,3.434709310531616
1908,910941,NB,3.067973,3.1010189056396484
1854,906821,PAAD,5.720624,5.3977766036987305
1057,687820,LUAD,-0.024388,1.167041301727295
1931,908131,UNCLASSIFIED,5.622046,5.289883136749268
1190,908146,ALL,-1.140322,-2.691192626953125
1931,1659818,MM,4.309966,3.6054208278656006
1576,908483,SCLC,1.86572,1.7569146156311035
1131,949167,UNCLASSIFIED,4.014929,3.5253918170928955
1190,906847,UNCLASSIFIED,-0.54669,-2.090040922164917
1200,687820,LUAD,5.567814,4.793964862823486
1089,909729,GBM,4.846424,4.989997863769531
1093,1659818,MM,3.969731,3.068901300430298
1250,908132,UNCLASSIFIED,1.200449,0.7526389956474304
1996,949163,UNCLASSIFIED,2.133095,2.240457534790039
1004,930297,CESC,0.718061,-0.4799268841743469
1032,910569,COREAD,1.715276,0.8443961143493652
1237,1480362,OV,5.77442,5.82166862487793
1200,687505,CESC,2.591488,2.614893674850464
2040,907055,STAD,-0.201392,0.5425407886505127
1621,908129,UCEC,4.051281,4.593780040740967
1259,907789,ALL,4.311489,2.4169864654541016
1916,1298529,HNSC,3.06481,3.5240132808685303
1927,908144,LGG,5.482589,5.049690246582031
1373,1298529,HNSC,5.202116,5.91418981552124
1622,1674021,COREAD,5.819228,4.721499919891357
1613,906836,UNCLASSIFIED,0.226276,-0.8386384844779968
1593,687568,GBM,3.786982,3.5589776039123535
1932,910937,SCLC,2.051151,1.8515567779541016
1853,998184,ALL,1.35423,2.3449909687042236
1375,907320,ESCA,6.770986,6.256628036499023
1177,753538,HNSC,4.464804,4.905296802520752
1249,753565,SCLC,3.082749,2.611309051513672
1032,905933,OV,1.603618,2.3646087646484375
1933,949153,ALL,3.083058,2.828429937362671
1635,1331040,UNCLASSIFIED,3.766922,3.411097526550293
1620,753565,SCLC,4.88106,4.604886531829834
1917,1503365,ESCA,2.917852,3.1800644397735596
1626,1240186,SCLC,4.274793,4.57568883895874
1549,925341,UNCLASSIFIED,4.960373,4.983956336975098
2096,905949,LUAD,0.742541,0.8345389366149902
2043,909761,COREAD,4.564807,4.5161967277526855
2045,908159,UNCLASSIFIED,4.185092,2.3393778800964355
1049,1240192,SCLC,4.841751,4.352028846740723
1049,910907,PAAD,5.493602,5.100474834442139
1093,1297449,DLBC,2.944074,4.080749034881592
1910,905934,PRAD,1.998219,3.0372908115386963
1191,1240158,LIHC,-4.622793,-3.8153908252716064
1259,906801,BRCA,4.644595,3.1274099349975586
1512,946355,ESCA,5.30772,5.2202467918396
2040,1290814,MESO,0.959748,1.5702016353607178
1910,906851,BRCA,2.095327,1.8536975383758545
1620,909701,UNCLASSIFIED,3.254935,4.263268947601318
1237,687563,GBM,4.548771,5.063814640045166
1022,907055,STAD,-0.438459,-1.5397469997406006
1854,924107,CESC,4.934672,4.324355125427246
1936,924238,THCA,2.779491,2.7917139530181885
2107,946359,BRCA,6.620679,6.72822380065918
1507,687562,GBM,4.978966,4.229374885559082
1131,753585,KIRC,6.927337,5.453597545623779
1191,907072,UNCLASSIFIED,-4.96468,-4.293074607849121
1578,910906,UNCLASSIFIED,4.165884,3.6669809818267822
2043,907273,UNCLASSIFIED,4.220648,3.725147247314453
1560,905955,SKCM,4.630982,5.335766792297363
1911,906821,PAAD,-4.300577,-4.566476821899414
1373,722046,LUAD,4.12614,3.334714412689209
1576,753547,SCLC,2.298791,2.2482597827911377
1511,1240179,CESC,-1.184615,-0.6149012446403503
1916,1240160,LIHC,4.828659,5.006735324859619
1013,909784,SKCM,3.992258,3.4591166973114014
2109,910781,UCEC,2.199036,2.743884563446045
2096,905991,OV,4.861317,2.0981414318084717
1259,910948,BRCA,6.148863,5.512372970581055
1373,905975,SKCM,-3.534968,-3.1219823360443115
1249,713899,SCLC,3.156968,3.335730791091919
1032,722046,LUAD,0.732829,0.5499016046524048
1083,1660036,COREAD,3.748088,2.624929904937744
1799,724872,SCLC,4.811871,4.361282825469971
1578,905960,BRCA,4.99709,4.9218549728393555
1786,930082,UNCLASSIFIED,3.094149,2.5248770713806152
1627,908443,LUSC,3.118845,3.143346071243286
1593,905969,OV,1.467449,2.762082815170288
1852,905971,COREAD,4.537483,4.578655242919922
1917,925347,PAAD,4.290798,4.040291786193848
1190,1322212,SCLC,-2.759982,-1.668485164642334
1936,753585,KIRC,2.426069,2.924509286880493
1199,906868,LGG,4.2609,3.588888645172119
1560,946358,ALL,2.12392,3.387030601501465
2106,753576,ESCA,5.393769,3.5774521827697754
1913,1330987,UNCLASSIFIED,3.818377,3.1055517196655273
2110,909757,COREAD,4.694226,4.973633289337158
1034,908128,SKCM,-1.18694,-0.9642474055290222
1849,1322218,UNCLASSIFIED,-0.734434,-1.0131759643554688
1375,909723,SKCM,6.055751,6.511234283447266
1915,1240184,UNCLASSIFIED,3.757363,3.3598792552948
1259,909702,ALL,-0.302789,-0.6152341961860657
2106,910930,DLBC,2.096459,3.1643972396850586
1068,906834,MB,0.265709,-0.2855568528175354
1627,753539,UNCLASSIFIED,2.076715,2.223066568374634
1372,753621,ESCA,-0.015576,0.5357215404510498
1168,905977,SKCM,2.870264,4.240109920501709
1852,724870,PAAD,4.929582,4.82667875289917
1613,1327774,UNCLASSIFIED,0.152166,0.04047197103500366
1576,908459,UNCLASSIFIED,2.386292,3.0426900386810303
1799,949165,UNCLASSIFIED,5.256043,4.508793354034424
1915,724834,LUAD,4.169326,4.3628153800964355
1615,910704,BRCA,5.291388,4.753292560577393
2046,687780,UNCLASSIFIED,2.532788,2.4289722442626953
1017,909697,STAD,3.771034,3.854024887084961
1051,906871,LGG,0.897386,1.459087610244751
1924,908151,BRCA,3.948655,3.493640661239624
1510,910702,PAAD,4.102003,5.9906086921691895
1941,722066,LUAD,-3.77677,-4.496754169464111
1558,909728,LUSC,2.782811,1.872429609298706
1916,688031,SCLC,2.967577,3.307053804397583
1925,1331040,UNCLASSIFIED,2.719369,3.1900784969329834
1634,1240157,LIHC,4.841685,4.2988972663879395
1917,1331037,DLBC,2.65785,1.1419291496276855
1635,906821,PAAD,6.224447,5.768721103668213
2169,908121,BRCA,2.526756,1.567678689956665
1926,905974,SKCM,-0.689296,-0.31551361083984375
2040,910916,HNSC,0.865059,0.8736527562141418
1131,753541,HNSC,6.488037,6.200316905975342
1007,1240129,OV,-2.508898,-1.7394778728485107
1046,1298538,LUSC,2.244661,1.733238697052002
1237,910927,BRCA,4.170669,5.270476818084717
1051,907289,COREAD,0.179361,1.1694209575653076
1564,1327769,DLBC,0.674124,-0.4035465717315674
1624,908143,UNCLASSIFIED,1.426358,1.8468632698059082
1560,1327774,UNCLASSIFIED,3.349735,3.3166613578796387
1631,1327773,DLBC,1.335727,1.34146249294281
1022,1298168,KIRC,0.623113,0.8425402641296387
1621,906826,BRCA,7.08377,6.812223434448242
1873,908447,NB,0.942348,0.9130598902702332
1088,908441,,3.110463,3.1832573413848877
1239,688001,SCLC,0.730247,0.517297625541687
1011,907051,UCEC,0.348365,1.4881746768951416
1093,683665,MM,3.881052,2.8372926712036133
1511,1298359,ESCA,0.182078,-0.11929541826248169
1625,1503362,ESCA,5.353351,4.719669818878174
1996,906844,BRCA,2.462552,2.185048818588257
1625,906869,STAD,4.588287,4.9870686531066895
1248,909721,LUAD,2.266026,-2.0547397136688232
1080,909699,UNCLASSIFIED,1.00219,0.6044299602508545
1625,687457,BLCA,5.256268,5.529372215270996
1909,907072,UNCLASSIFIED,0.508088,0.6699471473693848
1079,908443,LUSC,0.996376,2.749443769454956
1927,909770,STAD,4.740384,4.802948951721191
1617,1290765,UNCLASSIFIED,1.39341,0.5474321842193604
2043,688121,UNCLASSIFIED,5.939026,5.639801502227783
1912,905973,UNCLASSIFIED,3.679361,2.7787671089172363
1073,910698,KIRC,4.000838,4.310727596282959
1930,946368,GBM,-0.060027,-0.08850139379501343
1559,907291,COREAD,-3.269764,-3.173083543777466
1013,905975,SKCM,2.168939,2.613569736480713
1910,908150,MESO,2.122212,2.0064408779144287
2045,907069,UNCLASSIFIED,3.482931,5.055845737457275
1917,1330935,UNCLASSIFIED,1.03312,1.2478852272033691
1004,910911,HNSC,-2.400366,-2.33610463142395
1003,753532,HNSC,-2.027031,-2.4028520584106445
1576,684059,UNCLASSIFIED,1.75131,2.1381969451904297
1563,910926,BLCA,4.994971,4.73553466796875
1012,907291,COREAD,1.48034,1.2421159744262695
1054,909905,GBM,2.900676,3.3817660808563232
1620,1240226,SKCM,5.136787,5.9901814460754395
2044,1240159,LIHC,3.216122,4.820638656616211
1563,910781,UCEC,5.663901,5.070767879486084
1563,910710,LCML,3.849516,4.029974937438965
2110,687514,CESC,5.395918,4.475570201873779
1925,909698,COREAD,4.822716,4.491257667541504
1373,907058,SKCM,2.600714,-0.9860649704933167
1941,909780,BLCA,-5.666746,-4.404272556304932
1930,906824,CESC,0.198211,0.26326051354408264
1080,753616,NB,-3.756141,-3.692390203475952
1007,930299,THCA,0.126676,-1.3861708641052246
1786,906868,LGG,3.172619,3.493762969970703
1996,1298347,LUAD,3.77687,4.262767314910889
1925,905990,OV,5.758261,5.449218273162842
1915,946382,BRCA,2.561856,2.4333741664886475
1915,753532,HNSC,3.581696,2.6418869495391846
1917,910935,DLBC,-0.81439,-0.25573062896728516
1191,907790,COREAD,-4.308116,-4.242988586425781
1917,1290922,BRCA,1.017821,2.0216736793518066
1625,1240197,OV,5.294149,5.6798095703125
1910,917486,COREAD,2.451738,0.9931247234344482
1034,910568,THCA,-4.827579,-3.2348384857177734
1853,905947,KIRC,5.569891,4.409513473510742
2110,909723,SKCM,6.208223,5.336787223815918
1855,924108,COREAD,5.165304,4.984798431396484
1622,905971,COREAD,4.501619,4.23293924331665
1629,905986,GBM,4.68379,4.679154396057129
1922,1240132,MESO,4.453846,4.105644702911377
1004,906843,CESC,-1.735291,-2.1648800373077393
1079,1330985,LAML,1.439922,-2.509206771850586
1593,906693,PAAD,2.588952,3.018031358718872
1618,907313,GBM,4.500299,2.774739980697632
1510,908142,UNCLASSIFIED,3.911253,3.1049771308898926
1058,924106,BRCA,-0.145001,-0.7879801392555237
1915,1240181,NB,2.090307,1.0401169061660767
1036,724828,NB,5.552423,5.280560493469238
1012,909735,UCEC,2.047279,2.0677855014801025
1089,688027,SCLC,2.007321,3.385051965713501
1852,753556,LUSC,4.897141,5.3475494384765625
1613,909785,UNCLASSIFIED,0.445936,0.2179955095052719
1190,908151,BRCA,-1.502829,-1.7563996315002441
1911,908462,MESO,-3.414633,-4.589580535888672
1093,908475,LUAD,4.581679,4.898019790649414
1924,911905,OV,5.584503,5.791392803192139
1006,687995,SCLC,0.485038,0.3587626814842224
1049,1240142,LUSC,2.30307,2.7360081672668457
1996,907299,UNCLASSIFIED,1.78372,2.2634592056274414
1060,909759,UNCLASSIFIED,-0.610535,-0.26724809408187866
1622,909732,UNCLASSIFIED,3.564622,4.074213981628418
1912,906853,UNCLASSIFIED,4.515302,4.925779342651367
2109,905959,OV,4.556762,4.3071184158325195
1862,1290806,STAD,-0.762611,-0.8388004899024963
1036,905949,LUAD,3.40405,3.648048162460327
1614,906763,ALL,1.346457,1.7001338005065918
1614,910687,ALL,4.296305,3.640718460083008
1032,909738,LIHC,2.016491,0.5263854265213013
1051,907788,PRAD,4.365219,1.9051897525787354
1268,906873,GBM,4.817344,3.989664077758789
1933,1298537,LUAD,5.424977,5.145472526550293
2043,906844,BRCA,3.518858,3.4792299270629883
1932,910921,SKCM,1.919374,1.8455681800842285
1932,906693,PAAD,3.450669,3.16593337059021
1080,909264,UNCLASSIFIED,-2.963612,-2.03363299369812
1558,688006,SCLC,4.065726,4.92270565032959
2096,906833,MB,3.662168,2.779677629470825
1561,998189,COREAD,0.952395,1.5437989234924316
2047,905938,LAML,1.520633,0.9208682775497437
1862,905940,LCML,-1.287675,-0.9524646401405334
1931,907055,STAD,4.838407,5.036568641662598
1013,753607,UNCLASSIFIED,2.263813,1.9289660453796387
1373,924102,THCA,2.967638,4.621662616729736
1941,910692,SCLC,-1.286733,-3.2576396465301514
1239,910932,SKCM,3.307995,3.4424281120300293
2096,930083,THCA,6.402223,6.012023448944092
1939,910900,LUAD,1.743422,2.6836936473846436
2096,910853,SKCM,4.566325,3.078610897064209
1510,1298533,PAAD,3.995866,3.481297731399536
1248,949174,NB,-4.750752,-4.310083389282227
1578,909974,KIRC,5.58686,6.371220111846924
1179,910933,GBM,1.907001,0.5110175609588623
1239,907796,UNCLASSIFIED,4.60373,3.1962363719940186
1089,753621,ESCA,4.07428,4.886160850524902
1047,1297446,ALL,3.907351,3.5945611000061035
1996,724873,LUAD,5.419555,3.8828554153442383
1913,909759,UNCLASSIFIED,5.192551,4.696235656738281
1179,688031,SCLC,-0.33981,-0.15565359592437744
1068,1240190,LUAD,2.154478,2.232863426208496
1013,907042,LGG,2.036686,3.977708101272583
1928,908146,ALL,2.036946,2.7037296295166016
1625,1240130,SKCM,3.362557,3.4284567832946777
1089,907043,UNCLASSIFIED,2.046847,2.068920612335205
1919,1297447,MM,2.504067,2.090364933013916
1931,724868,LUAD,4.79493,4.949760913848877
1620,1240151,STAD,5.64717,5.482100009918213
1032,1240187,LUAD,1.843774,2.137080669403076
1549,908143,UNCLASSIFIED,5.552064,4.227818489074707
1598,1240196,HNSC,4.576738,4.887992858886719
1046,906817,ESCA,5.385295,5.408782005310059
1047,910932,SKCM,3.778892,2.951185464859009
1010,724878,LUAD,5.547477,5.812129020690918
1549,907319,ESCA,1.516007,1.4033708572387695
1634,907321,ESCA,3.255857,3.3861401081085205
1372,910710,LCML,-0.660461,-1.215766191482544
1576,905944,LUAD,2.416553,2.5780279636383057
2047,687821,LUAD,1.382421,1.252445936203003
2048,1299075,PRAD,-3.166565,-2.1447832584381104
1631,908132,UNCLASSIFIED,1.61506,1.1689953804016113
1909,724834,LUAD,3.282633,2.692140579223633
1928,908445,STAD,4.730992,4.068199634552002
1613,909738,LIHC,4.738112,4.92789363861084
2110,1240216,LIHC,4.447954,5.204036235809326
1011,909977,UNCLASSIFIED,4.838559,3.963392734527588
1919,1240158,LIHC,1.61537,2.6408467292785645
1922,908471,UNCLASSIFIED,1.103294,1.3139641284942627
1088,713880,SCLC,1.341064,1.0239899158477783
2109,1503366,ESCA,2.925046,2.716050863265991
1190,907314,NB,-2.954125,-1.2060253620147705
1079,1290908,LUAD,2.096046,0.733146071434021
1083,907073,UNCLASSIFIED,1.500793,2.4201223850250244
1006,908441,,1.490623,1.6959893703460693
1617,910911,HNSC,3.453593,2.9552652835845947
1036,1290809,MESO,5.303105,5.976606369018555
1629,1240153,SKCM,4.077197,3.4411232471466064
1259,908461,STAD,3.709501,4.051779270172119
1177,1659823,COREAD,5.699862,5.319558143615723
1003,1240160,LIHC,0.950818,-0.38657957315444946
1933,909777,UNCLASSIFIED,1.62422,3.0438826084136963
1908,909264,UNCLASSIFIED,3.499956,1.3159263134002686
1248,908462,MESO,-0.281139,-3.813354730606079
1927,1322212,SCLC,4.497212,4.503383636474609
1926,908446,STAD,0.446738,-0.5076226592063904
1017,907796,UNCLASSIFIED,3.497839,4.918124198913574
1634,907044,UNCLASSIFIED,3.416623,3.440081834793091
1060,909769,UNCLASSIFIED,1.501377,1.3936750888824463
2111,908141,LAML,2.051448,1.7162599563598633
1594,1298169,KIRC,5.084466,4.963278770446777
1932,1503363,ESCA,1.998225,0.6880980730056763
1032,724868,LUAD,1.701617,1.331191897392273
1624,1240155,STAD,2.311958,2.2860238552093506
1627,906837,HNSC,1.912278,2.093583583831787
1034,907787,ALL,-4.255214,-3.3217177391052246
1507,949178,NB,3.308232,3.8173301219940186
1936,906830,SKCM,3.772463,2.8798179626464844
1873,724834,LUAD,1.920635,1.935441017150879
1199,907268,UNCLASSIFIED,1.616964,2.468315839767456
1630,905990,OV,5.971616,5.0840888023376465
1941,688010,SCLC,-4.990215,-4.810692310333252
1613,724878,LUAD,6.114754,6.3563232421875
1179,909754,UNCLASSIFIED,3.654145,3.380330801010132
1936,909718,COREAD,3.071171,1.9744865894317627
1799,908470,MESO,2.812958,4.741136074066162
1510,1240135,MESO,3.593174,3.891573429107666
1560,906849,UNCLASSIFIED,4.391882,4.22979211807251
1862,1290797,PAAD,-1.995834,-2.102445363998413
1051,1240196,HNSC,2.356851,3.4104154109954834
1854,687787,LUSC,5.473311,4.713774681091309
1529,998189,COREAD,0.974376,2.18141508102417
1927,905990,OV,5.902295,5.687283992767334
1022,910906,UNCLASSIFIED,-1.416226,-1.1702485084533691
1005,1247871,ALL,0.511695,-0.15990746021270752
1046,910691,UCEC,1.376604,1.9689617156982422
1941,905942,LUAD,-6.036941,-5.7816481590271
2107,910944,ALL,3.606828,3.6256918907165527
1510,753558,KIRC,4.631227,4.668213367462158
1615,908127,UNCLASSIFIED,5.063373,4.991504192352295
1615,1240190,LUAD,5.796982,5.737831115722656
1054,905949,LUAD,2.06274,1.244755744934082
1179,753562,HNSC,1.006788,0.10863754153251648
1007,1322224,STAD,-7.189439,-6.536950588226318
1557,910935,DLBC,4.240947,3.5489346981048584
1007,909975,UNCLASSIFIED,-0.896913,-2.2615904808044434
1058,909721,LUAD,2.403686,3.807196855545044
1080,909757,COREAD,-3.635514,-4.023117542266846
1913,910934,DLBC,4.274707,3.726684808731079
1060,909904,PAAD,2.613167,1.901451826095581
1614,930083,THCA,6.210976,6.53008508682251
2106,687455,BLCA,5.525097,3.4476301670074463
1259,908448,LAML,0.543416,0.22442680597305298
1936,753548,LAML,1.008287,1.3255300521850586
1578,910853,SKCM,4.763033,4.8611741065979
1510,907065,BLCA,4.359192,3.7905235290527344
1622,908146,ALL,3.249558,2.972855567932129
1852,906794,UNCLASSIFIED,4.127438,4.706338405609131
1627,907322,UNCLASSIFIED,1.643528,2.131253719329834
1017,907320,ESCA,4.960615,4.459153652191162
1085,907290,UNCLASSIFIED,3.201244,3.554619550704956
1928,753592,LUAD,4.836829,3.877368211746216
1529,687600,UNCLASSIFIED,0.902865,0.6099615097045898
1012,910926,BLCA,1.693507,1.2272934913635254
1799,949157,UNCLASSIFIED,5.503956,4.309629440307617
1854,1503368,ESCA,5.226872,4.922910213470459
1512,1298136,PAAD,6.705146,6.664222717285156
1190,1240140,UNCLASSIFIED,-3.14215,-1.900400161743164
1004,908121,BRCA,-5.964192,-5.488559722900391
1032,1299075,PRAD,3.019935,2.735231637954712
1560,688023,SCLC,3.756637,2.9562296867370605
2047,1240223,THCA,3.194894,2.79901123046875
1510,684052,UNCLASSIFIED,1.766885,1.7020606994628906
1931,1240173,COREAD,5.432882,5.411240577697754
1620,908139,STAD,5.782946,5.5114216804504395
1561,753554,LUSC,2.491105,1.5692362785339355
1626,753562,HNSC,0.433403,1.5320091247558594
1091,1327775,MM,0.461982,0.07049193978309631
1557,909728,LUSC,5.417715,5.026546001434326
1511,908131,UNCLASSIFIED,-0.851002,-1.758653163909912
1036,1660036,COREAD,3.544796,4.668325424194336
1621,1298146,LIHC,5.224903,5.296532154083252
1054,735784,ESCA,4.626067,3.905141592025757
1909,1240196,HNSC,3.059679,2.976172685623169
1036,722046,LUAD,3.184837,3.396847724914551
1179,906763,ALL,-1.773012,-1.5653281211853027
1004,687812,LUAD,-2.004142,-2.4502487182617188
1564,910401,UNCLASSIFIED,3.133553,3.087857723236084
1615,749711,BRCA,5.338676,4.996428489685059
1853,910915,PAAD,6.139499,5.6283063888549805
1375,1298222,ESCA,5.457476,6.1054534912109375
2040,749711,BRCA,0.283817,1.5473823547363281
1085,924105,UNCLASSIFIED,2.91394,2.710742712020874
1032,724870,PAAD,2.300992,2.112952709197998
1083,905980,KIRC,5.780141,4.500374794006348
1012,1240162,HNSC,2.243267,2.5661027431488037
1089,687800,LUAD,7.003333,7.4475884437561035
2046,1479988,OV,4.752118,4.577120304107666
1593,907300,LAML,-0.432257,-0.05527976155281067
1576,907289,COREAD,3.12272,2.813768148422241
1936,905941,LUSC,5.290397,4.159381866455078
1010,753615,MM,3.485738,3.1654179096221924
1084,946359,BRCA,-1.571408,-0.9755318760871887
1917,688025,SCLC,4.760314,3.4715235233306885
1250,924238,THCA,0.808609,1.4442272186279297
1910,909251,ALL,-1.673315,-1.1916770935058594
1939,909756,UNCLASSIFIED,1.998327,2.1173274517059326
1006,1298136,PAAD,5.541161,3.232325553894043
1093,910554,COREAD,4.634655,3.8259379863739014
1919,1330972,SCLC,1.416266,1.1400952339172363
1011,910932,SKCM,2.110821,2.4429659843444824
1073,910079,ESCA,2.856666,4.250235080718994
1507,724831,UNCLASSIFIED,5.155763,4.787820339202881
1624,917486,COREAD,5.353569,5.152822017669678
1559,683665,MM,-1.699887,-2.1827051639556885
1558,1480362,OV,5.953455,6.295933246612549
2110,949161,UNCLASSIFIED,5.096766,3.6489627361297607
1854,909743,ALL,4.535527,4.301009178161621
2043,908123,BRCA,3.612514,4.261258125305176
1510,1290455,LAML,2.797062,1.9474318027496338
1559,908455,STAD,-2.664953,-2.6787078380584717
1259,905961,COREAD,3.526682,3.7206406593322754
1239,910910,BRCA,4.473449,2.1833739280700684
2096,949171,NB,1.817937,0.938997209072113
2040,907056,UNCLASSIFIED,3.065052,1.5607681274414062
2106,949179,NB,0.422143,0.5409219264984131
1564,687455,BLCA,1.253466,1.582550287246704
1180,722066,LUAD,-2.862001,-1.5426950454711914
1913,724872,SCLC,3.72654,3.639821767807007
1190,688023,SCLC,-1.882784,0.4752332866191864
1917,688023,SCLC,1.642139,1.9747862815856934
1853,906814,SKCM,3.143107,3.945434808731079
2044,687802,LUAD,5.06098,4.918375015258789
1915,906790,STAD,2.199135,1.7100706100463867
2048,907313,GBM,-2.689022,-1.4146103858947754
1047,907270,CLL,-0.4927,0.11774232983589172
