DRUG_ID,COSMIC_ID,TCGA_DESC,Label,Pred
1013,724859,LUAD,4.250295,3.8328399658203125
1079,909759,UNCLASSIFIED,-2.362642,-2.1259572505950928
1083,907053,LAML,2.938301,0.9307740926742554
1621,909785,UNCLASSIFIED,1.780809,1.933672547340393
1632,908121,BRCA,3.824503,3.1279406547546387
1012,1303897,DLBC,1.51372,2.2966291904449463
1625,753554,LUSC,4.642301,4.776250839233398
1177,713880,SCLC,4.910962,3.106509208679199
1003,909748,COREAD,-2.143157,-1.0659276247024536
1036,930298,CESC,3.821692,4.553180694580078
1631,907795,COREAD,2.407608,2.044391632080078
1622,1240137,MESO,5.748537,5.121094703674316
1924,1503362,ESCA,2.14157,2.4067914485931396
1624,910691,UCEC,4.541613,3.2054340839385986
1924,908141,LAML,2.975048,2.4437685012817383
1849,905989,COREAD,-1.754757,-2.009833574295044
1080,905949,LUAD,-4.480956,-2.7898871898651123
1849,907055,STAD,-2.352222,-1.646214485168457
1786,1240193,SCLC,1.417466,1.7297061681747437
1931,724870,PAAD,4.990436,4.587346076965332
1561,1240157,LIHC,1.590313,1.2191277742385864
1930,1240226,SKCM,2.434828,1.039125680923462
1248,908148,LAML,-6.386941,-4.949091911315918
1093,907269,CLL,3.660284,3.3548598289489746
1799,683667,MB,5.082599,4.006617546081543
1908,1480364,OV,2.421086,3.355074882507324
1916,906794,UNCLASSIFIED,3.270387,3.123087167739868
1091,908451,LAML,1.873375,0.8910208940505981
1576,1330935,UNCLASSIFIED,2.280259,1.2256150245666504
1941,908152,MESO,-2.596859,-4.734113693237305
1025,1674021,COREAD,4.816322,5.027052879333496
1089,1331049,UNCLASSIFIED,0.950956,1.606574535369873
1930,1299064,ESCA,-0.512545,-0.07390648126602173
1913,906834,MB,4.005804,3.9055747985839844
1862,908473,LUAD,-0.58452,-1.3581137657165527
1191,1303900,BRCA,-5.93371,-3.3964099884033203
1373,905958,ALL,4.288652,3.815068006515503
1012,908131,UNCLASSIFIED,2.364166,2.202908515930176
1511,909725,SKCM,-0.65706,-0.6458184719085693
1200,907313,GBM,2.918751,3.34305477142334
1913,906863,HNSC,4.329079,4.747945785522461
1849,907281,MM,-1.876731,-1.5565896034240723
1022,724825,MM,-0.444203,-0.46692436933517456
2047,724863,UNCLASSIFIED,0.590365,0.22478701174259186
2047,908446,STAD,1.715438,1.0159497261047363
1627,910944,ALL,0.41219,1.5428533554077148
1917,1298222,ESCA,1.837028,2.0280628204345703
1915,1298151,LIHC,2.028077,1.786014199256897
1624,753586,UNCLASSIFIED,3.054365,3.00677490234375
1564,1240145,LUAD,0.482585,-0.13814735412597656
1917,909262,UNCLASSIFIED,0.574946,0.8242491483688354
1047,1299059,HNSC,5.091353,5.80605411529541
1593,1298526,PAAD,3.034942,2.947843313217163
1080,753539,UNCLASSIFIED,-1.237817,-2.465132236480713
1909,909699,UNCLASSIFIED,2.556819,3.5581464767456055
1854,724869,PAAD,6.3519,5.254457473754883
1006,1240143,LUSC,2.868542,2.6319797039031982
2110,906827,UNCLASSIFIED,3.38774,3.961655616760254
1259,687600,UNCLASSIFIED,4.742276,4.347925186157227
1618,905955,SKCM,4.920902,4.2155961990356445
1926,1298168,KIRC,0.481692,0.5616858005523682
1249,753608,LUAD,3.170076,3.5661535263061523
1046,1240142,LUSC,-0.005074,0.8006591200828552
1510,1240129,OV,3.876746,4.623269081115723
1936,908476,LUAD,-3.069674,2.713151216506958
1083,753539,UNCLASSIFIED,1.911976,1.9363532066345215
1576,910849,UNCLASSIFIED,2.767715,2.6299190521240234
1017,907272,ALL,3.557756,3.585686683654785
1549,909249,MM,3.986974,3.5264203548431396
1089,910569,COREAD,2.745006,2.886072874069214
1908,724839,CESC,3.189902,3.650773286819458
1626,907299,UNCLASSIFIED,0.332067,0.6809040307998657
1933,908446,STAD,4.277683,2.562896490097046
1013,1299052,HNSC,5.169783,5.323555946350098
2109,1330935,UNCLASSIFIED,2.007125,1.9493656158447266
1093,1327771,LCML,4.263305,3.47711181640625
1627,1240158,LIHC,3.348788,2.882122278213501
1997,910952,KIRC,2.498664,3.1168336868286133
1559,909753,OV,0.161672,-0.21461737155914307
1912,1303900,BRCA,4.041905,3.3664326667785645
1089,908440,NB,2.423205,1.4916794300079346
1005,907044,UNCLASSIFIED,1.030553,1.014298915863037
1004,753589,SCLC,-1.957245,0.7226077318191528
1036,907291,COREAD,4.243956,4.654935836791992
1631,1298350,LUAD,4.695365,3.9361679553985596
1928,906851,BRCA,4.709952,3.678762435913086
1614,907787,ALL,3.840254,3.65274977684021
1131,909743,ALL,3.165635,2.1685473918914795
1068,1240219,PAAD,1.253019,3.2860782146453857
1553,946370,GBM,4.85225,3.3659260272979736
1627,1298219,UNCLASSIFIED,4.709726,4.107640266418457
1927,909725,SKCM,5.65977,5.491697311401367
1237,1298529,HNSC,5.875012,5.676501274108887
1630,722066,LUAD,2.443574,4.029121398925781
1084,910702,PAAD,0.653234,-0.5571186542510986
1375,753566,BLCA,7.729849,6.620683670043945
1614,909745,GBM,3.149504,4.914031028747559
1237,906696,THCA,5.419974,4.7474212646484375
1034,906847,UNCLASSIFIED,-1.737412,-3.083048105239868
1248,905984,LGG,-6.398286,-5.752113342285156
1919,1240121,HNSC,1.682621,1.4243184328079224
1997,753594,SCLC,1.743063,1.2745875120162964
1003,724825,MM,-3.606339,-3.9535601139068604
1051,1660035,COREAD,1.934738,2.62748122215271
1561,909697,STAD,2.024547,2.2851457595825195
1004,907322,UNCLASSIFIED,-5.574147,-4.764377593994141
1511,724825,MM,-2.502662,-2.8018665313720703
1088,753546,SKCM,4.407746,4.8614091873168945
1557,924111,HNSC,4.546865,3.7448322772979736
1237,906794,UNCLASSIFIED,5.423183,4.725369453430176
1022,687600,UNCLASSIFIED,0.80071,0.4373807907104492
2106,905952,ALL,1.011632,1.1270889043807983
1017,1299062,SCLC,6.315476,5.6018781661987305
1908,1240121,HNSC,2.773511,3.008418321609497
1563,909703,ALL,4.538586,4.20394229888916
1578,909976,UNCLASSIFIED,5.350576,4.460018157958984
1915,1330935,UNCLASSIFIED,1.877378,2.18017840385437
1936,907048,BRCA,2.686181,2.112186908721924
1375,909757,COREAD,6.112314,6.892020225524902
1912,713880,SCLC,1.9347,2.156822681427002
1005,1503365,ESCA,6.569559,6.583196640014648
1928,908445,STAD,4.730992,3.7650012969970703
1924,1330987,UNCLASSIFIED,1.416889,1.5004671812057495
1250,905950,KIRC,2.156244,1.5676816701889038
1853,907072,UNCLASSIFIED,4.325756,4.494826316833496
1911,688031,SCLC,-5.540484,-4.762881278991699
1177,1298526,PAAD,5.031157,5.939579010009766
1849,687800,LUAD,2.54734,0.8449631929397583
1930,1330993,PRAD,0.865203,0.03876602649688721
1916,687815,LUSC,1.981427,2.4345617294311523
1941,925347,PAAD,-2.534772,-4.645628929138184
1080,998189,COREAD,-1.504954,-2.4447214603424072
1375,908146,ALL,5.12403,4.786015510559082
1912,1295740,ALL,1.391864,2.006965398788452
1084,1240146,LUAD,-0.472381,-0.716285228729248
1559,1298146,LIHC,0.170334,1.7284317016601562
1022,1331045,DLBC,-0.845624,-0.5606074333190918
1631,906870,LAML,1.145709,0.8550733327865601
1239,1298538,LUSC,3.265195,1.8948100805282593
1079,908476,LUAD,2.662316,1.5211341381072998
1010,724839,CESC,5.041166,4.640215873718262
1080,930297,CESC,0.249695,0.13550448417663574
1917,905983,GBM,3.556723,2.6077208518981934
1054,906837,HNSC,3.051487,3.383873462677002
1034,1240221,UNCLASSIFIED,-2.288976,-2.630725622177124
1924,910554,COREAD,3.518862,3.3750710487365723
1036,1298531,HNSC,3.545958,3.729717969894409
1058,1330964,SCLC,2.171893,2.2096807956695557
1576,1524416,KIRC,2.941892,3.03366756439209
1933,1290724,HNSC,4.700915,5.034731864929199
1088,910907,PAAD,4.591092,3.522866725921631
1006,905977,SKCM,3.293487,2.911651611328125
1199,1240216,LIHC,4.080896,4.42056941986084
1915,1298529,HNSC,2.653055,2.672075033187866
1933,1240222,OV,2.962577,4.691462516784668
1022,687812,LUAD,0.180778,0.45379209518432617
1005,687600,UNCLASSIFIED,5.185289,5.440465927124023
1013,753620,NB,4.088237,3.155510902404785
1507,1298151,LIHC,4.853669,4.997990608215332
1919,1290724,HNSC,2.988603,2.2534070014953613
1997,1298539,UNCLASSIFIED,4.728318,4.431772232055664
1941,1298538,LUSC,-1.596731,-2.534020185470581
2096,905935,PRAD,3.320148,4.633734703063965
1559,905933,OV,-1.327822,-1.3074569702148438
1083,905977,SKCM,4.638158,4.6010284423828125
1939,1240179,CESC,3.56265,1.9457900524139404
1268,905977,SKCM,6.197633,5.577420234680176
1510,906864,THCA,4.22668,5.557268142700195
1004,924238,THCA,-4.708307,-4.869121551513672
2047,1240127,UCEC,-0.636094,3.6965320110321045
1927,908455,STAD,4.577144,5.387550354003906
1034,910568,THCA,-4.827579,-3.3157026767730713
1372,1240168,GBM,1.537251,1.6484806537628174
1559,1659823,COREAD,0.165037,0.5722228288650513
1004,905974,SKCM,-4.734683,-5.157875061035156
2110,1240172,BRCA,4.955019,4.626256942749023
1854,909704,BLCA,5.061726,4.349391937255859
1079,930299,THCA,6.151387,2.9148123264312744
1089,910784,UNCLASSIFIED,3.263154,3.7670772075653076
2046,906794,UNCLASSIFIED,4.022794,2.89205265045166
1032,906873,GBM,0.537213,0.91758131980896
1239,909780,BLCA,1.514437,1.3895840644836426
1598,907045,BRCA,3.388857,2.819230079650879
1922,713880,SCLC,1.745304,1.4350624084472656
1625,925348,PAAD,4.245039,5.751258850097656
1563,908472,LUAD,6.126502,5.790155410766602
1017,1240216,LIHC,5.295299,3.863675355911255
1091,925347,PAAD,1.995911,1.7405041456222534
1180,909904,PAAD,0.49866,-0.650081992149353
1268,1503371,ESCA,3.45276,3.797816276550293
1928,910079,ESCA,4.077969,4.39920711517334
1919,906877,ALL,1.270516,1.0593050718307495
1007,753541,HNSC,-6.060866,-5.873570442199707
1017,906861,UNCLASSIFIED,4.640833,4.654202461242676
1615,907276,STAD,6.236661,5.756050109863281
1918,683667,MB,3.210067,2.5342507362365723
1083,906868,LGG,2.999989,3.4766783714294434
1004,687997,SCLC,-1.840666,-2.6587843894958496
1593,907170,NB,0.010514,0.8399518728256226
1200,688031,SCLC,1.156096,1.9357699155807495
1237,949157,UNCLASSIFIED,5.441198,5.192909240722656
1862,753573,ESCA,-1.648072,-2.0634143352508545
2111,909907,BRCA,7.065288,7.079272270202637
1049,906798,BLCA,3.288157,2.9247384071350098
1529,909754,UNCLASSIFIED,5.705195,3.6780035495758057
1093,907317,ESCA,2.518742,3.5127646923065186
1925,753566,BLCA,5.392431,5.884471893310547
1049,1327774,UNCLASSIFIED,2.615088,2.578697919845581
1627,684057,UNCLASSIFIED,2.750173,2.2804386615753174
1631,724859,LUAD,3.607261,3.5733230113983154
1996,925340,STAD,5.075343,4.344429016113281
1561,753541,HNSC,-1.990268,-0.3073320984840393
1625,909748,COREAD,5.484214,5.383021354675293
1925,910706,UNCLASSIFIED,2.544107,3.430234432220459
1047,910546,PAAD,6.15088,3.112191677093506
1635,906844,BRCA,4.095558,3.890033006668091
1091,908132,UNCLASSIFIED,0.624446,1.5028616189956665
1919,906843,CESC,0.854779,0.9002014398574829
1012,687561,GBM,1.80464,1.8727208375930786
1852,753621,ESCA,4.022132,5.203248023986816
1012,905962,COREAD,0.932291,1.6769099235534668
1073,1290769,COREAD,7.560484,5.940690040588379
1625,906868,LGG,4.787324,4.454700946807861
1912,1299062,SCLC,5.206188,5.265419006347656
1047,949160,UNCLASSIFIED,2.138355,2.8511149883270264
1249,910705,UNCLASSIFIED,1.622126,1.0556353330612183
1013,924105,UNCLASSIFIED,4.011444,3.5907511711120605
1930,908132,UNCLASSIFIED,0.021235,0.1934640109539032
1237,722046,LUAD,4.261126,3.986017942428589
2107,909728,LUSC,4.006251,4.9752197265625
1913,909252,ALL,2.905642,3.9945638179779053
1073,906746,GBM,6.072593,4.383672714233398
1627,910930,DLBC,2.046158,2.0520033836364746
1557,906999,UNCLASSIFIED,4.055836,4.47891902923584
1259,910900,LUAD,0.851407,2.247866153717041
1012,1240226,SKCM,2.93969,1.8086528778076172
1558,1298526,PAAD,5.982081,4.651658058166504
1073,949166,UNCLASSIFIED,3.964921,6.115290641784668
2040,1331039,UNCLASSIFIED,0.85732,1.4732922315597534
1854,753621,ESCA,3.83106,4.407301902770996
1560,749717,BRCA,4.143153,4.577471733093262
1268,1240190,LUAD,4.583195,4.651644706726074
1613,907274,DLBC,2.464069,2.2102479934692383
1200,908143,UNCLASSIFIED,3.122123,2.851466178894043
1630,908127,UNCLASSIFIED,3.599408,3.858793020248413
1049,688006,SCLC,4.13702,3.5068657398223877
1553,906830,SKCM,2.767406,2.7223753929138184
1561,910688,LAML,0.977403,0.48242515325546265
1997,1240154,THCA,3.733227,3.9174046516418457
1557,907323,UNCLASSIFIED,3.666151,3.9153449535369873
1249,949177,NB,2.453296,1.9392491579055786
1068,905976,SKCM,1.908285,-0.367016077041626
1249,1303897,DLBC,5.383763,4.9437761306762695
1079,908463,LUAD,5.581199,1.760812759399414
1511,905952,ALL,-3.319357,-3.283914089202881
1919,924151,THCA,2.089279,2.9759418964385986
1940,753573,ESCA,4.397717,3.5753085613250732
1622,907073,UNCLASSIFIED,2.755828,2.655369758605957
1084,949165,UNCLASSIFIED,-1.528466,-1.3760573863983154
1054,906805,LUAD,3.501565,3.517241954803467
1941,907322,UNCLASSIFIED,-3.304776,-4.12408447265625
1010,925340,STAD,4.318661,4.47318172454834
1924,907314,NB,4.946192,4.453813076019287
1013,1290455,LAML,1.080014,1.8365834951400757
1051,907057,LIHC,0.729271,1.4537824392318726
1630,907321,ESCA,3.735991,2.0579733848571777
1054,1298476,PAAD,7.367369,5.387866020202637
1046,906830,SKCM,2.936623,3.3142800331115723
1046,905989,COREAD,1.00518,1.2721502780914307
1939,1299062,SCLC,2.525894,2.671583652496338
1849,905978,KIRC,1.013222,0.6957302093505859
1593,1240121,HNSC,2.283974,2.839785575866699
1007,905975,SKCM,-5.381207,-4.631997108459473
1510,907277,ALL,2.945778,2.707632303237915
1006,906839,GBM,3.912266,2.3305959701538086
1997,908472,LUAD,4.874647,3.155121088027954
1635,1674021,COREAD,4.805734,5.5251569747924805
1047,907313,GBM,2.062803,3.3910882472991943
1558,910948,BRCA,3.732497,4.043067932128906
1927,687600,UNCLASSIFIED,5.447645,4.423118591308594
1375,917486,COREAD,6.581122,6.115392684936523
1941,909759,UNCLASSIFIED,-4.174229,-4.804597854614258
1511,906862,BRCA,-0.965968,-2.1778581142425537
1004,909755,COREAD,-1.079339,-1.124375820159912
1621,1330947,LAML,3.063886,2.1623616218566895
1924,905942,LUAD,4.296385,4.453126907348633
1854,910942,UNCLASSIFIED,3.978746,3.3017866611480713
1010,1659928,COREAD,1.07865,0.7209848165512085
2109,1240185,LUAD,2.195624,3.374936103820801
1091,924110,UNCLASSIFIED,-0.601064,2.479745626449585
1557,753551,SCLC,4.538651,3.9880611896514893
1179,910934,DLBC,-2.07325,-1.9020135402679443
1191,1330985,LAML,-7.04285,-5.860898971557617
1032,906827,UNCLASSIFIED,1.388827,1.6270711421966553
1079,909735,UCEC,-0.525478,0.041970670223236084
1615,905942,LUAD,4.986507,5.4424238204956055
1091,1524416,KIRC,2.438027,2.78275990486145
1553,910704,BRCA,1.733721,0.2552829384803772
1510,905989,COREAD,4.305624,1.089131474494934
1058,905961,COREAD,0.79289,0.24184270203113556
1200,908472,LUAD,1.905875,3.788053512573242
1073,1298357,STAD,7.633137,5.939511299133301
1940,906863,HNSC,3.499534,4.2422943115234375
1017,1240158,LIHC,4.490686,4.400398254394531
1073,910780,NB,5.849661,5.851744651794434
1614,1298537,LUAD,4.669929,3.244821548461914
1013,908475,LUAD,4.075557,4.081573009490967
1179,753569,LUSC,1.770988,1.5031201839447021
1268,910689,COREAD,6.292315,5.938201904296875
1191,925347,PAAD,-4.730806,-3.9741604328155518
1578,909748,COREAD,5.573944,5.3524169921875
1940,905986,GBM,5.140535,4.449807643890381
1131,1290455,LAML,2.386327,2.316143035888672
1004,907788,PRAD,-3.856416,-5.743294715881348
1855,907046,BRCA,3.929294,3.3826332092285156
2040,908125,SKCM,2.932304,2.1771764755249023
1941,753586,UNCLASSIFIED,-5.659453,-4.696174621582031
1248,753589,SCLC,-3.819791,-0.7929486036300659
2110,1322224,STAD,1.985052,2.849757432937622
1057,1674021,COREAD,-1.390809,-0.9262665510177612
1559,688021,SCLC,1.474555,0.7562040090560913
1924,910905,COREAD,2.135914,1.188429832458496
1853,909696,UNCLASSIFIED,3.202173,3.9795851707458496
1996,1240160,LIHC,5.505695,5.749167442321777
1558,905979,KIRC,4.267001,4.836153984069824
1928,1240218,PAAD,7.487636,7.523076057434082
1088,949178,NB,0.196175,1.088247299194336
1613,1303897,DLBC,2.53851,3.2861838340759277
2109,909745,GBM,2.293239,2.4045796394348145
1053,724855,UNCLASSIFIED,3.283633,2.9485411643981934
1511,1240199,OV,2.760911,3.1838667392730713
1005,907792,COREAD,5.599181,6.284782409667969
1852,906869,STAD,5.868151,5.276281356811523
2110,909249,MM,4.042044,3.5764851570129395
1190,908131,UNCLASSIFIED,-2.138725,-2.6826789379119873
1936,1240200,OV,3.987344,4.199719429016113
1007,753539,UNCLASSIFIED,-4.210154,-4.771663665771484
1928,722046,LUAD,3.565245,2.9639501571655273
1862,924111,HNSC,-1.9089,-1.8128833770751953
1635,1240142,LUSC,4.676269,4.541871070861816
1511,949179,NB,-1.326984,-0.9181559085845947
2107,909975,UNCLASSIFIED,6.710318,6.388205528259277
1179,910700,COREAD,1.773449,2.406890869140625
1051,724839,CESC,6.251128,7.1678466796875
2047,924100,PRAD,2.618947,3.139848470687866
1085,909975,UNCLASSIFIED,4.819171,4.3419342041015625
2045,1240215,UNCLASSIFIED,4.96263,4.401850700378418
2048,909784,SKCM,-2.488154,-2.6233770847320557
1060,1290809,MESO,0.754732,0.7629161477088928
1250,753586,UNCLASSIFIED,0.643348,1.3971105813980103
1191,1240181,NB,-4.874569,-4.620200157165527
1007,753607,UNCLASSIFIED,-4.057882,-4.594573020935059
1089,906839,GBM,6.179335,5.665146827697754
1627,910933,GBM,0.818704,2.0540170669555664
1046,1298223,LUSC,1.281319,1.6426725387573242
1049,907320,ESCA,4.770683,4.229855060577393
2044,909774,UNCLASSIFIED,3.67733,3.822497606277466
1179,753608,LUAD,-0.763924,-0.9021198749542236
1932,910924,STAD,2.381129,2.5126497745513916
1093,949167,UNCLASSIFIED,3.953082,3.7425954341888428
1909,687777,LUAD,1.883589,2.9061450958251953
1618,687802,LUAD,6.303689,6.034313201904297
1933,908455,STAD,5.050365,5.098573684692383
1047,909740,COREAD,5.805428,6.021848678588867
1615,1240147,LIHC,3.986061,3.695950508117676
2107,1240222,OV,5.406102,4.756410598754883
1924,910702,PAAD,5.250492,5.5060577392578125
1191,908159,UNCLASSIFIED,-5.666658,-5.6348066329956055
1553,908146,ALL,3.031711,3.178535223007202
2043,910944,ALL,3.644372,3.2595958709716797
1007,905949,LUAD,-5.89712,-5.690329551696777
1131,905947,KIRC,2.97436,3.033287763595581
1613,907072,UNCLASSIFIED,0.386182,1.4273107051849365
1625,905979,KIRC,5.960647,5.844281196594238
1635,949153,ALL,4.424975,4.10036563873291
1088,753563,MM,-0.454423,-0.010100185871124268
1613,1298219,UNCLASSIFIED,5.8913,5.170985221862793
1032,1295741,MM,0.957508,0.44974708557128906
1618,905944,LUAD,3.624752,3.1739161014556885
1909,905976,SKCM,3.003965,2.4013900756835938
1239,910935,DLBC,-0.073967,-0.17645978927612305
1560,906849,UNCLASSIFIED,4.391882,4.28939151763916
1007,688010,SCLC,-4.528755,-5.815176010131836
2111,905975,SKCM,3.486097,2.5472631454467773
1007,1298146,LIHC,-2.747687,-2.8400216102600098
2106,905962,COREAD,7.008441,5.275851249694824
1913,909784,SKCM,5.801422,5.5190229415893555
1089,1240215,UNCLASSIFIED,5.131479,4.20847225189209
1909,910691,UCEC,2.921523,2.844513416290283
1936,908462,MESO,5.045886,3.5354225635528564
1918,1290724,HNSC,2.666771,2.1934964656829834
1924,946360,OV,5.746087,4.435680866241455
1249,1509073,KIRC,3.068419,4.258976936340332
2043,946370,GBM,5.10629,4.959748268127441
1179,949094,GBM,0.832076,0.86713707447052
2044,907320,ESCA,2.299104,3.307645082473755
2040,908445,STAD,-2.930509,-0.5295334458351135
1250,688025,SCLC,-0.101875,0.9031223058700562
1578,907062,HNSC,4.275435,4.96131706237793
1613,910915,PAAD,4.584568,5.14312744140625
1177,724855,UNCLASSIFIED,5.895851,5.8967132568359375
1941,910549,ESCA,-2.872651,-4.257918357849121
1034,906765,MM,-4.4687,-4.23928165435791
1627,1480362,OV,3.831308,3.4385945796966553
1634,949177,NB,2.124422,3.1298723220825195
1917,1298348,LUAD,2.525031,1.7522897720336914
1004,1330993,PRAD,-4.946616,-5.294520378112793
1080,1503367,ESCA,-2.094075,-3.127854347229004
1598,753585,KIRC,5.356992,4.33778190612793
1560,910948,BRCA,3.030738,3.6366372108459473
1615,753620,NB,5.413062,4.698047637939453
1928,924244,LUAD,4.393547,4.434668064117432
1996,908475,LUAD,5.089788,3.5406765937805176
1046,946370,GBM,3.380279,3.837491750717163
1598,1331040,UNCLASSIFIED,2.334113,1.686843991279602
1046,688014,SCLC,3.078564,2.894329071044922
1553,910700,COREAD,2.905664,4.107542037963867
1614,1298216,PAAD,5.39285,5.434791564941406
1259,910937,SCLC,-1.868115,-0.5751066207885742
1849,909251,ALL,-2.250906,-2.558046340942383
1058,1298529,HNSC,2.436735,2.206057548522949
1553,1240127,UCEC,0.968338,0.4030415117740631
1799,905971,COREAD,5.176114,4.65463924407959
1618,906834,MB,4.621516,2.836296796798706
1168,1503368,ESCA,1.175823,0.6471273899078369
1239,909719,LIHC,3.667349,3.9345641136169434
1559,1240145,LUAD,-3.702675,-3.149894952774048
1049,1331037,DLBC,2.34018,1.8016841411590576
1200,753600,LUAD,2.812999,3.1833858489990234
1922,907044,UNCLASSIFIED,1.743652,1.6780494451522827
1239,1295741,MM,-0.265653,0.053797245025634766
1939,909743,ALL,3.12677,2.6862270832061768
1013,925348,PAAD,3.546289,5.137638092041016
1237,1240140,UNCLASSIFIED,5.840764,5.379147529602051
1200,910849,UNCLASSIFIED,2.577939,2.8661949634552
1373,1327775,MM,4.613821,3.5701444149017334
1614,906791,LUAD,6.919007,6.173766136169434
1598,949168,UNCLASSIFIED,3.799538,5.037564277648926
2111,924111,HNSC,3.67574,3.9523580074310303
1635,909701,UNCLASSIFIED,4.217906,4.264429092407227
1932,907280,LAML,1.318565,1.4781248569488525
2046,724863,UNCLASSIFIED,2.698302,1.7337433099746704
1068,749717,BRCA,2.977389,2.190603733062744
1004,906868,LGG,-4.64828,-4.875537872314453
1007,908139,STAD,-4.238294,-4.730895042419434
1624,753614,ESCA,3.580624,3.550278663635254
1131,1240198,OV,3.26994,5.448390960693359
1622,687452,BLCA,4.366879,5.028282165527344
1373,1240198,OV,5.827037,4.494470596313477
1510,909770,STAD,3.568912,4.787090301513672
1042,906851,BRCA,2.866758,3.1956593990325928
1615,908471,UNCLASSIFIED,4.655036,4.468244552612305
1917,907298,UNCLASSIFIED,1.4349,2.3346176147460938
1093,908123,BRCA,2.622422,3.3202083110809326
2043,909776,UNCLASSIFIED,6.166399,5.867499351501465
1080,683665,MM,-4.654914,-5.077756881713867
1190,905959,OV,1.974241,1.587401270866394
1372,1331036,DLBC,0.495063,0.6679350137710571
1190,1503371,ESCA,4.603298,1.4008680582046509
1626,906826,BRCA,6.862149,5.203036308288574
1239,1298365,OV,3.542058,3.592480421066284
1557,907069,UNCLASSIFIED,4.375568,4.88945198059082
1073,753563,MM,1.642012,1.374254822731018
1191,910948,BRCA,-6.112466,-4.715846061706543
2040,909253,LAML,-0.431233,-0.34390103816986084
1614,1290905,BRCA,6.104596,6.507678031921387
1927,687800,LUAD,6.990227,6.467355728149414
1911,687815,LUSC,-5.764032,-5.427391052246094
1598,1298357,STAD,6.755059,5.64019775390625
1617,1290812,MESO,6.264824,6.196206092834473
1635,906863,HNSC,5.10862,4.993059158325195
1047,908139,STAD,6.022212,5.016360282897949
1598,905976,SKCM,4.16518,5.049548149108887
1007,906846,UNCLASSIFIED,-5.055722,-4.905611038208008
1622,907055,STAD,3.363094,3.358746290206909
1004,687514,CESC,-1.188304,-2.0340631008148193
1529,909702,ALL,-1.135185,-1.3816789388656616
1561,910903,SKCM,1.181616,1.1037988662719727
1862,1240155,STAD,-0.938497,-1.2801800966262817
1199,910941,NB,3.687996,3.3321759700775146
2048,1240219,PAAD,1.859077,0.096128910779953
1933,1330993,PRAD,4.088116,5.004268646240234
1598,909780,BLCA,3.90789,3.998124361038208
1996,910933,GBM,5.28928,4.075798988342285
1598,907000,UNCLASSIFIED,4.083402,4.393025875091553
1049,924239,MM,3.155274,2.8662102222442627
1917,1240173,COREAD,1.291338,1.323016881942749
1621,946356,ESCA,6.865793,6.00330924987793
1928,1240173,COREAD,3.968162,4.499093055725098
1237,906865,SKCM,4.901558,4.777286529541016
1615,1290908,LUAD,4.60622,4.980364799499512
1622,906844,BRCA,2.96079,2.8717546463012695
1177,1290809,MESO,4.273392,4.917540550231934
1012,1240134,MESO,1.680027,1.935925006866455
1561,688010,SCLC,3.847842,3.881568670272827
1931,1299052,HNSC,6.051585,6.330205917358398
1192,907048,BRCA,2.454517,2.293595790863037
1079,905939,COREAD,1.650946,2.833632230758667
1089,917486,COREAD,2.859539,3.8389408588409424
2111,1327771,LCML,-0.284629,0.43296581506729126
1005,909262,UNCLASSIFIED,1.058617,0.9208358526229858
2096,905964,MM,2.849059,2.1583945751190186
1089,1240155,STAD,2.731934,4.0694427490234375
1549,1240158,LIHC,4.272373,3.8303048610687256
1190,687980,SCLC,-2.065298,-2.7443230152130127
1849,908142,UNCLASSIFIED,-3.601235,-1.3745734691619873
1268,925347,PAAD,6.453245,4.7889604568481445
1003,905937,COREAD,-2.869888,-2.4282875061035156
1621,949167,UNCLASSIFIED,2.174769,3.277480363845825
1621,909718,COREAD,5.353141,4.977322578430176
1925,1298134,CESC,4.877892,4.362300395965576
1916,924107,CESC,1.388879,1.3497545719146729
2110,908445,STAD,5.028742,3.597228765487671
1010,910700,COREAD,3.892401,3.573674440383911
1910,908129,UCEC,1.402307,1.9641776084899902
1511,924186,UNCLASSIFIED,-2.178377,-2.6332828998565674
1560,907270,CLL,1.691974,1.862562656402588
2047,905990,OV,3.986184,3.4151861667633057
1862,1331040,UNCLASSIFIED,-2.034262,-1.8866617679595947
1925,1240187,LUAD,5.456501,5.515168190002441
2043,724859,LUAD,5.131265,5.362394332885742
1049,908138,UNCLASSIFIED,5.108981,4.646470069885254
2106,906865,SKCM,1.631525,3.048332691192627
1614,1298352,UNCLASSIFIED,8.177202,8.197312355041504
1932,1240222,OV,3.216206,4.133025646209717
1917,906763,ALL,0.90989,0.5568505525588989
1578,905940,LCML,4.765081,4.538708686828613
1053,909701,UNCLASSIFIED,0.536409,0.8319171071052551
1625,1503370,LUAD,4.177214,4.253448963165283
1613,910936,HNSC,4.484105,4.269163131713867
1918,1298223,LUSC,4.005826,4.546268463134766
1036,907055,STAD,3.62156,3.999492645263672
1053,1240166,UNCLASSIFIED,1.633279,2.0648059844970703
1042,1290922,BRCA,4.610864,4.543305397033691
1036,1290765,UNCLASSIFIED,3.365802,3.4553780555725098
1058,1330987,UNCLASSIFIED,0.649678,0.06172311305999756
1621,905973,UNCLASSIFIED,6.182674,4.948622703552246
1624,910942,UNCLASSIFIED,0.208497,-0.33174026012420654
1046,722046,LUAD,0.75152,0.9724054336547852
1799,908458,COREAD,1.208172,5.184002876281738
1373,687506,CESC,4.031556,3.721386432647705
1168,908144,LGG,4.168191,4.199368953704834
1080,1290922,BRCA,-1.878582,-2.5794289112091064
1237,907314,NB,4.956847,5.000018119812012
1091,998189,COREAD,3.501145,2.7492713928222656
1051,907056,UNCLASSIFIED,4.549023,3.826357126235962
1373,749711,BRCA,4.224457,5.159350395202637
1873,907317,ESCA,0.671927,0.691737711429596
1618,910079,ESCA,5.507703,3.6851770877838135
1578,908467,UNCLASSIFIED,4.169706,4.567771911621094
1250,908146,ALL,0.945587,0.06099769473075867
1855,1659818,MM,3.211357,2.103287696838379
1627,1330942,LAML,2.623448,2.6341335773468018
2043,905967,LUAD,4.842136,5.157597541809082
1372,924238,THCA,-2.302392,-3.242173671722412
1553,909784,SKCM,1.960888,1.6468923091888428
1004,907065,BLCA,-1.593394,-2.177184820175171
1939,907788,PRAD,1.417979,2.6196539402008057
2106,1660034,COREAD,0.929262,1.814531683921814
1786,724863,UNCLASSIFIED,3.826036,3.647522211074829
1047,684059,UNCLASSIFIED,4.172835,3.8233859539031982
1559,910687,ALL,-3.183494,-4.12918758392334
1913,949155,UNCLASSIFIED,3.675396,3.6409382820129395
1940,1322224,STAD,3.010387,2.921773672103882
1047,909736,LIHC,5.635201,5.23896598815918
1088,906820,NB,1.128789,1.1413636207580566
1598,908483,SCLC,3.084627,2.9796302318573
1013,907043,UNCLASSIFIED,1.284456,1.3762352466583252
2109,906793,SKCM,1.573818,2.0420143604278564
1930,906853,UNCLASSIFIED,2.388095,1.4126036167144775
1939,909740,COREAD,4.553543,3.3031256198883057
1622,1240223,THCA,6.174401,6.338039398193359
1933,907269,CLL,2.280616,3.6824746131896973
1012,908455,STAD,1.786526,0.9060696959495544
1249,1303912,UNCLASSIFIED,4.025968,4.3667731285095215
1928,1290908,LUAD,2.924855,4.375948905944824
1179,909740,COREAD,0.541017,0.7637722492218018
1372,949156,UNCLASSIFIED,2.853934,2.731757402420044
1613,907300,LAML,1.000979,0.9773985147476196
1079,1503367,ESCA,3.462379,1.5392767190933228
1012,907072,UNCLASSIFIED,0.964334,0.3631543517112732
1930,713869,LUAD,0.759668,1.440842628479004
1629,688006,SCLC,4.279879,3.876999616622925
1250,1240181,NB,0.056713,0.23215654492378235
1089,907788,PRAD,1.597861,2.0510752201080322
1932,908457,COREAD,1.903169,2.3825631141662598
1248,1298358,STAD,-4.768154,-3.0781092643737793
1852,998184,ALL,3.660707,4.012219429016113
1917,687798,LUAD,2.318754,1.9831016063690186
1593,907053,LAML,0.969217,0.9335207939147949
1557,905940,LCML,5.407617,4.274147987365723
1576,909974,KIRC,5.108689,4.156161308288574
1941,906746,GBM,-4.121212,-2.729198932647705
1079,1298222,ESCA,-1.244463,3.661520481109619
2106,1298359,ESCA,0.625708,1.1720781326293945
1054,687588,GBM,3.947218,4.834647178649902
1004,753532,HNSC,-4.743977,-7.187277793884277
1927,907169,SKCM,5.188041,4.756560325622559
1931,1330933,UNCLASSIFIED,1.120773,2.964570999145508
1910,906826,BRCA,0.14619,1.4081417322158813
1630,909976,UNCLASSIFIED,2.823816,3.283684730529785
1079,687780,UNCLASSIFIED,1.178906,-0.23557543754577637
1558,1298168,KIRC,2.168326,3.481473207473755
1849,1298538,LUSC,0.753752,0.1606971025466919
1003,724839,CESC,-1.963715,1.5563887357711792
1924,1330985,LAML,2.948778,3.418001651763916
1250,910904,HNSC,0.986295,2.2722420692443848
1249,910934,DLBC,0.690736,0.7516611814498901
1634,687983,SCLC,3.491263,3.944798707962036
1200,906869,STAD,3.657538,3.0916950702667236
1038,946382,BRCA,1.647883,1.8692162036895752
1249,1298534,UNCLASSIFIED,5.50206,5.325817108154297
1089,749709,BRCA,5.5798,4.997920989990234
2046,724859,LUAD,1.35606,3.0365512371063232
1928,684062,UNCLASSIFIED,4.370691,3.7878546714782715
1631,908476,LUAD,3.126205,2.596132516860962
1250,924102,THCA,3.905862,3.5119006633758545
1553,1298526,PAAD,3.734638,4.046154975891113
1051,906847,UNCLASSIFIED,0.417327,2.8344366550445557
1939,910934,DLBC,2.614688,2.145218849182129
1131,907274,DLBC,3.111154,2.490220546722412
1168,907286,PAAD,1.2342,2.8184471130371094
1013,949155,UNCLASSIFIED,1.668587,2.8352036476135254
1624,687802,LUAD,6.630737,5.830137252807617
1088,924187,UCEC,5.435381,5.412881851196289
1598,1240190,LUAD,5.134611,4.612729072570801
1919,910781,UCEC,2.593864,1.6606851816177368
1054,687586,GBM,4.05825,2.9627845287323
1922,910927,BRCA,1.467573,2.230386734008789
1237,724838,BLCA,5.113315,4.807951927185059
1010,687452,BLCA,1.831853,1.3333468437194824
1631,971773,UNCLASSIFIED,4.049957,3.816624402999878
1004,1330972,SCLC,-5.089672,-5.031332969665527
1372,949158,UNCLASSIFIED,2.466736,1.592710018157959
1559,1503363,ESCA,-1.912346,-2.0848567485809326
1036,906852,UNCLASSIFIED,5.088232,5.09372615814209
1017,909718,COREAD,1.722479,2.9449541568756104
2043,687985,SCLC,3.656394,4.207892417907715
1549,687568,GBM,4.45183,4.897838592529297
1853,909252,ALL,3.28393,3.142814874649048
1088,1240217,LIHC,2.619578,3.880875825881958
1032,1290808,MESO,3.410427,3.512840986251831
1618,909264,UNCLASSIFIED,3.85473,4.680230140686035
1199,724868,LUAD,3.407223,3.313732385635376
1010,909256,BRCA,2.836136,1.9164189100265503
1557,1290771,COREAD,5.958747,5.640735626220703
1855,907273,UNCLASSIFIED,4.441646,2.8045287132263184
1529,910779,UNCLASSIFIED,3.802733,2.22269606590271
1083,924106,BRCA,1.777121,0.9264612197875977
1080,906834,MB,-4.988134,-4.11234188079834
1049,1240132,MESO,5.816946,5.116731643676758
1057,753624,PAAD,1.195404,1.094342589378357
1268,753615,MM,4.343746,4.126657009124756
1996,907061,HNSC,2.807344,3.880647897720337
1200,1327771,LCML,2.106451,2.129424810409546
1557,907068,CESC,5.874233,4.356925964355469
1051,906836,UNCLASSIFIED,-3.151471,-3.2532811164855957
1560,1290813,MESO,2.017406,3.138446092605591
1625,909740,COREAD,5.548015,5.902822494506836
1853,905936,COREAD,3.240258,3.5698163509368896
1034,1330987,UNCLASSIFIED,-4.454612,-4.142565727233887
1561,749711,BRCA,3.789848,2.617830753326416
1054,753562,HNSC,3.371997,3.460771322250366
1559,906839,GBM,-1.196249,-3.518524169921875
2043,1240153,SKCM,4.720984,4.303656101226807
1916,910548,OV,3.06202,3.3907363414764404
1068,910702,PAAD,4.148897,5.196782112121582
1373,724834,LUAD,3.569473,4.152463912963867
2107,905964,MM,4.369588,3.8425095081329346
1916,906804,UNCLASSIFIED,1.003975,0.7083421349525452
2044,905979,KIRC,2.58796,4.572322845458984
1910,908128,SKCM,4.126232,3.8970565795898438
1083,905974,SKCM,2.250832,2.195356845855713
1853,906846,UNCLASSIFIED,4.17747,4.468243598937988
1012,910569,COREAD,-0.001645,1.306509256362915
2045,908132,UNCLASSIFIED,3.461034,3.3019979000091553
1996,1330973,SCLC,5.540374,6.271675109863281
1613,906856,UNCLASSIFIED,0.548571,1.0065786838531494
1131,687588,GBM,3.378621,4.937321662902832
1199,910695,UNCLASSIFIED,3.294379,3.1249074935913086
1908,946358,ALL,2.397864,1.1622016429901123
2040,753548,LAML,-0.506486,-0.7920939922332764
1626,907275,LAML,-2.164772,-1.7188339233398438
1017,1240183,LUSC,4.440759,5.2406005859375
2110,1303912,UNCLASSIFIED,5.632765,4.289941310882568
1622,910942,UNCLASSIFIED,3.443229,3.2510175704956055
1621,753548,LAML,1.865275,2.11711049079895
1088,910780,NB,2.172877,2.573206663131714
1939,909702,ALL,2.266966,1.8575496673583984
2046,925338,BRCA,0.981647,1.893904447555542
1200,907792,COREAD,3.202079,4.3969526290893555
1200,1298357,STAD,4.280488,4.725763320922852
1168,688026,SCLC,3.830349,3.421964406967163
1854,1295741,MM,2.441617,3.6098873615264893
1853,910779,UNCLASSIFIED,3.583866,5.027777671813965
1598,905951,BRCA,5.741985,5.29505729675293
2048,1295740,ALL,-5.056368,-5.660322189331055
1936,910926,BLCA,2.518719,1.8272144794464111
1854,1327774,UNCLASSIFIED,2.924349,3.5219061374664307
1553,907277,ALL,0.863407,-1.4591014385223389
1372,905940,LCML,0.091994,0.8402758240699768
1564,905934,PRAD,6.201445,5.455330848693848
1613,925341,UNCLASSIFIED,3.321719,3.806908130645752
1372,907276,STAD,-0.073679,0.5762003660202026
1918,906868,LGG,1.639262,2.3651375770568848
1093,906817,ESCA,5.477916,5.488703727722168
1911,907312,BLCA,-6.499496,-6.43016242980957
2046,908152,MESO,2.483358,3.3077950477600098
1563,906832,DLBC,5.08582,4.90146541595459
1051,1240155,STAD,0.757094,1.6371798515319824
2111,908123,BRCA,4.52645,2.981255292892456
1614,907313,GBM,2.844032,2.6854324340820312
1913,908444,STAD,4.692966,4.0877790451049805
1615,753592,LUAD,4.058205,4.1786370277404785
1855,687562,GBM,2.94416,3.0117645263671875
1010,949158,UNCLASSIFIED,2.941023,2.441779375076294
1017,949172,NB,2.227047,3.774001359939575
1239,907789,ALL,0.955935,0.38127219676971436
1239,724863,UNCLASSIFIED,1.769343,1.284488320350647
1036,687807,LUAD,6.272844,5.613929748535156
1512,905940,LCML,5.301986,5.140183448791504
1046,1524416,KIRC,5.323486,2.701641321182251
1200,909755,COREAD,2.890922,3.439363479614258
1054,908459,UNCLASSIFIED,5.998958,5.131064414978027
1003,909257,OV,-4.030601,-4.110547065734863
1917,909737,LIHC,3.112845,3.053351402282715
1561,924108,COREAD,0.687504,0.3755013942718506
1621,971773,UNCLASSIFIED,4.204661,3.3893542289733887
1180,907796,UNCLASSIFIED,-2.30929,-0.4272449016571045
1091,906865,SKCM,2.595352,2.4169516563415527
1375,924238,THCA,5.493312,5.707120895385742
1249,905967,LUAD,3.967047,2.4099485874176025
1854,1503368,ESCA,5.226872,4.7699174880981445
1511,1330972,SCLC,-3.191934,-2.984492063522339
1560,949153,ALL,1.355293,0.9696795344352722
1564,724879,LUSC,1.776844,1.7998920679092407
1199,907042,LGG,3.989903,3.381047248840332
1032,1240162,HNSC,-2.215752,-2.4265389442443848
1010,753552,BLCA,0.697483,0.7684317827224731
1912,949164,UNCLASSIFIED,1.518696,1.2944726943969727
1919,683665,MM,2.134478,1.5173962116241455
1933,688006,SCLC,1.900101,4.233852386474609
1613,906814,SKCM,4.685785,3.655008316040039
1931,753607,UNCLASSIFIED,3.258756,4.318241119384766
1093,1298222,ESCA,4.883108,4.226377487182617
1620,753554,LUSC,4.506509,5.479957580566406
1057,906856,UNCLASSIFIED,-1.954447,-1.6149568557739258
1005,907794,COREAD,4.699966,3.8679912090301514
1631,910784,UNCLASSIFIED,6.031359,4.50972843170166
1922,687505,CESC,1.885316,2.047630786895752
1068,908127,UNCLASSIFIED,1.644491,1.8648711442947388
1093,924104,THCA,4.627906,4.889873504638672
1939,753563,MM,1.811634,2.1978020668029785
1939,908125,SKCM,3.181466,3.139101505279541
1925,907792,COREAD,6.84089,6.136608123779297
1557,909753,OV,6.341036,5.215263366699219
1180,1298146,LIHC,-2.102942,-1.7667694091796875
1558,1299059,HNSC,3.274777,3.0810670852661133
1922,909728,LUSC,2.006985,2.1307473182678223
1373,1240143,LUSC,4.803327,4.800287246704102
1564,724878,LUAD,5.977667,5.332067489624023
2046,906877,ALL,1.171488,2.288015842437744
1007,910849,UNCLASSIFIED,-5.879714,-5.380461692810059
1930,907274,DLBC,1.094525,-0.37856191396713257
1006,906801,BRCA,3.382961,3.8474173545837402
2111,722046,LUAD,2.380581,2.6668601036071777
1051,1298475,PAAD,2.379184,3.4819366931915283
1259,946382,BRCA,3.959841,3.598848819732666
1919,910935,DLBC,1.097421,0.3997221887111664
1372,1327771,LCML,-5.122469,-6.246993064880371
1997,687600,UNCLASSIFIED,1.392758,1.105273962020874
1012,1503365,ESCA,1.991563,2.625432252883911
1007,1298169,KIRC,-4.837773,-4.488039016723633
2048,1240154,THCA,-4.784924,-5.092923164367676
1626,909746,COREAD,2.499713,2.9749574661254883
1917,906837,HNSC,1.040372,0.845986545085907
1913,924151,THCA,5.596546,4.566432952880859
1179,1240153,SKCM,0.308876,0.8556801080703735
1940,724839,CESC,4.169055,4.50141716003418
1563,909785,UNCLASSIFIED,3.742563,4.136118412017822
1941,724870,PAAD,-3.77508,-3.418281078338623
1131,1290765,UNCLASSIFIED,5.677498,3.9953579902648926
1558,906872,NB,4.367143,3.8949410915374756
1168,753608,LUAD,-2.162282,-1.9994087219238281
1529,907278,LAML,0.243435,0.749078631401062
1617,907278,LAML,0.244535,1.1452813148498535
1625,724870,PAAD,4.893766,4.2688751220703125
1084,1298533,PAAD,-1.151277,-1.3087424039840698
1617,684059,UNCLASSIFIED,1.644271,0.9072625637054443
1627,684062,UNCLASSIFIED,3.059809,2.568574905395508
1910,924107,CESC,1.46483,2.1459178924560547
1083,949177,NB,2.81988,2.0629515647888184
1854,1240201,PAAD,4.772196,5.059349060058594
1553,908132,UNCLASSIFIED,1.757293,3.4803900718688965
1799,907170,NB,4.370152,4.122235298156738
2106,908483,SCLC,3.121868,2.323429584503174
1918,753610,SCLC,3.93104,3.7039458751678467
2045,1240202,LUAD,4.99553,5.58011531829834
1089,1330985,LAML,2.047824,1.2024281024932861
1375,910703,UNCLASSIFIED,6.191295,5.150079727172852
1910,907271,LGG,5.399789,4.892143249511719
1849,1240200,OV,1.390538,-0.2811123728752136
1006,949156,UNCLASSIFIED,0.081386,-0.7491241693496704
1853,949160,UNCLASSIFIED,4.397354,3.801210403442383
1237,910927,BRCA,4.170669,5.375000953674316
1852,1240146,LUAD,5.279427,5.761552810668945
1058,908158,UNCLASSIFIED,-1.35864,-0.9341189861297607
1855,1479988,OV,5.162322,5.465290069580078
1618,753575,ESCA,5.822744,4.936084747314453
1003,1298168,KIRC,-1.212883,-2.685936689376831
1928,907277,ALL,1.963569,2.242077350616455
1079,909904,PAAD,0.281139,2.3084797859191895
1549,907287,COREAD,2.021558,0.8808978199958801
1190,909977,UNCLASSIFIED,-0.059265,2.340153455734253
1511,906763,ALL,-2.039352,-2.006636142730713
1915,907311,LCML,0.675983,1.8826186656951904
1594,909907,BRCA,3.321828,1.4927891492843628
1168,1327766,MM,1.266057,1.6925623416900635
1997,924250,STAD,0.722808,3.4334185123443604
1093,688027,SCLC,2.547951,3.4631667137145996
2046,908136,UNCLASSIFIED,1.630515,0.9137004017829895
1036,924102,THCA,4.651426,4.073735237121582
1553,909977,UNCLASSIFIED,2.668616,2.725219964981079
1049,688121,UNCLASSIFIED,5.375254,4.831223487854004
1632,749715,BRCA,3.632985,4.009788513183594
1079,687815,LUSC,0.899218,1.560603380203247
1057,946361,UNCLASSIFIED,-0.997414,-0.8021625280380249
1936,907285,PAAD,2.799032,3.086878538131714
1627,1330993,PRAD,1.55999,2.317699670791626
1621,906877,ALL,3.804204,3.1856324672698975
1259,911905,OV,5.418868,6.097869873046875
1911,1240192,SCLC,-4.82152,-5.023617744445801
1034,906856,UNCLASSIFIED,-5.273603,-4.459870338439941
1010,907286,PAAD,2.46504,3.8476815223693848
1620,907321,ESCA,4.894761,4.76673698425293
1559,909747,COREAD,-0.166299,0.679796040058136
1190,687505,CESC,-3.695821,-3.3461554050445557
2110,910546,PAAD,3.587602,4.258232116699219
1088,905972,LUAD,2.466647,2.158512830734253
1507,909728,LUSC,5.842428,4.879996299743652
1200,1290814,MESO,3.023094,3.723663568496704
1007,1240212,CESC,-4.469366,-4.718327522277832
1614,906855,LCML,3.925177,2.7652032375335693
1005,909701,UNCLASSIFIED,0.008001,0.12070569396018982
1910,906804,UNCLASSIFIED,4.723468,2.6130805015563965
1054,1503364,STAD,3.076826,4.3576178550720215
1511,753556,LUSC,-1.113308,-0.509170651435852
1375,909749,BLCA,5.949654,6.447823524475098
1915,906862,BRCA,1.975571,1.8727514743804932
1560,908444,STAD,4.496832,4.2539262771606445
1617,924111,HNSC,1.009405,-0.35002410411834717
2106,908457,COREAD,1.171487,0.8883018493652344
1996,1290730,BLCA,4.963108,4.230090141296387
1626,684052,UNCLASSIFIED,1.777186,2.435755968093872
1925,930082,UNCLASSIFIED,4.935824,4.474917411804199
1786,688001,SCLC,1.468843,0.42144575715065
1909,925341,UNCLASSIFIED,1.440842,1.746429443359375
2048,907280,LAML,-3.290215,-3.777268171310425
1177,1298358,STAD,3.197588,4.941747665405273
1250,910936,HNSC,0.394425,0.2298862338066101
1032,924100,PRAD,2.433064,2.6363306045532227
1919,907286,PAAD,1.928997,2.212048292160034
1930,1290810,MESO,2.395791,0.7859788537025452
2106,908138,UNCLASSIFIED,2.608441,2.310556411743164
1631,1659818,MM,1.631901,1.396972894668579
1510,1298349,SCLC,2.652881,2.551356554031372
1179,946368,GBM,1.366326,0.7887002229690552
1511,1327769,DLBC,-4.29558,-3.970309019088745
1051,1240192,SCLC,-0.716484,1.2453980445861816
1013,909750,LGG,2.972303,3.129490852355957
1239,906870,LAML,0.054592,0.6942367553710938
2110,1240192,SCLC,4.422418,4.499103546142578
1007,1524416,KIRC,-5.072557,-4.645140647888184
1199,907287,COREAD,3.812239,2.9671754837036133
1618,906801,BRCA,4.153013,3.1126809120178223
1908,909904,PAAD,4.403036,4.036214828491211
1613,688014,SCLC,4.464911,4.907960891723633
1621,906832,DLBC,3.507931,2.851686477661133
1012,905974,SKCM,0.974379,0.6309361457824707
1553,949155,UNCLASSIFIED,1.541225,1.3999119997024536
1614,910927,BRCA,5.385194,4.689988136291504
1593,753532,HNSC,3.109822,2.788426399230957
1564,910920,KIRC,3.428396,3.369274854660034
1625,1660034,COREAD,5.163103,4.502627372741699
1626,1330985,LAML,-1.010461,0.8331120014190674
1928,1327766,MM,2.037801,2.4486842155456543
1930,1327769,DLBC,-0.08198,-1.21713125705719
1091,909698,COREAD,2.709165,3.0188164710998535
1852,1290765,UNCLASSIFIED,4.728897,4.609990119934082
1561,906864,THCA,3.997374,3.088813304901123
2109,910943,GBM,2.210343,2.5956175327301025
1558,909709,HNSC,1.935289,2.0574841499328613
1054,687820,LUAD,6.972967,7.594770431518555
1578,753624,PAAD,5.361595,5.519400596618652
1083,1303912,UNCLASSIFIED,1.586109,3.513936996459961
1025,910569,COREAD,5.594189,4.238577842712402
1618,907072,UNCLASSIFIED,2.29607,3.0372374057769775
1621,907291,COREAD,4.797817,3.9321563243865967
2044,907322,UNCLASSIFIED,2.44575,2.5363948345184326
1936,906835,GBM,3.539853,4.029696464538574
1560,1299075,PRAD,3.329248,1.4867228269577026
1854,906844,BRCA,2.972185,2.7672970294952393
1563,1240167,ESCA,4.829476,5.124305725097656
2110,909759,UNCLASSIFIED,3.684869,3.7341039180755615
2096,907319,ESCA,2.370512,2.653785228729248
1940,906826,BRCA,5.164104,4.864371299743652
1618,1240140,UNCLASSIFIED,3.427072,2.578895330429077
1996,909729,GBM,2.933429,3.914410352706909
2047,1240141,MESO,3.912907,3.006899118423462
1620,724879,LUSC,6.096992,6.300602912902832
1593,905984,LGG,2.2222,1.7675385475158691
1249,906839,GBM,5.221747,4.659215927124023
1199,717431,NB,3.900443,3.341163396835327
1926,907290,UNCLASSIFIED,0.997201,0.5873175859451294
1925,905934,PRAD,5.888278,5.75494384765625
1512,908471,UNCLASSIFIED,3.92445,4.481145858764648
1079,1240209,STAD,-4.380121,0.633792519569397
1549,908448,LAML,4.536028,3.7434020042419434
1908,722066,LUAD,3.025581,2.5465595722198486
1507,1290809,MESO,6.128736,5.788717269897461
1089,1331039,UNCLASSIFIED,2.090877,1.3972575664520264
1925,753572,PAAD,4.867243,4.7777204513549805
1849,1240192,SCLC,-0.295741,-0.29760390520095825
1375,907320,ESCA,6.770986,6.409305572509766
1613,906862,BRCA,3.942057,3.0786731243133545
1620,1240157,LIHC,5.78194,5.376867294311523
1010,909709,HNSC,2.281984,1.655634880065918
1004,724879,LUSC,-2.384242,-3.067638874053955
1918,1240181,NB,1.944486,2.177337884902954
1529,1240223,THCA,0.540627,2.1579232215881348
1049,688023,SCLC,1.3356,2.5266146659851074
1576,907788,PRAD,2.737087,2.614166021347046
1615,908460,LUAD,7.777751,7.537909507751465
2047,910779,UNCLASSIFIED,0.366649,3.5340185165405273
1200,722046,LUAD,2.578168,1.5591329336166382
1372,949167,UNCLASSIFIED,2.357882,2.804915428161621
1177,1659928,COREAD,3.723261,3.5028254985809326
1511,1240122,HNSC,-0.419426,-0.4559895992279053
1933,909975,UNCLASSIFIED,6.896112,5.822802543640137
1622,1659823,COREAD,5.032583,4.575228691101074
1936,907317,ESCA,1.540247,2.662101984024048
1614,909725,SKCM,1.74573,2.6536471843719482
1093,688014,SCLC,5.084499,4.678671836853027
2106,910951,LCML,3.288261,2.2451372146606445
1908,1298529,HNSC,4.459446,4.0337066650390625
1564,905956,SKCM,1.079998,1.892725944519043
1058,687568,GBM,1.666008,1.864223599433899
1598,906696,THCA,3.701937,3.898629903793335
2048,1298533,PAAD,-2.198711,-1.3028655052185059
1613,908465,LUAD,4.876521,4.488502502441406
1131,908130,UCEC,5.80794,4.864204406738281
1924,946353,ESCA,3.653877,3.33647084236145
1931,1240196,HNSC,6.297799,5.88662052154541
1618,949094,GBM,3.717152,4.002731800079346
1931,1240208,PAAD,6.089857,6.097201347351074
1578,907173,MESO,4.044448,4.662538528442383
1622,908141,LAML,3.336342,2.7322998046875
1924,1240143,LUSC,5.700716,4.4124226570129395
2048,907062,HNSC,0.368917,-2.3579533100128174
1372,924111,HNSC,-1.519867,-0.829094409942627
2111,906837,HNSC,2.683554,2.608031988143921
1034,905950,KIRC,-1.207328,-4.024828910827637
1047,1290765,UNCLASSIFIED,4.89824,4.39154052734375
1620,908158,UNCLASSIFIED,4.420564,3.8767449855804443
1625,753556,LUSC,3.974302,4.315359115600586
1912,946358,ALL,1.967502,2.607365608215332
1511,906814,SKCM,-0.847669,-1.3401923179626465
1936,930083,THCA,5.881393,5.694622993469238
1032,753538,HNSC,-0.490097,-1.0912787914276123
1239,1240185,LUAD,2.848641,3.9064831733703613
1073,1240123,COREAD,2.445155,4.464068412780762
1630,910779,UNCLASSIFIED,4.723179,4.398333549499512
1928,724878,LUAD,7.146549,6.603451728820801
2111,724879,LUSC,4.572626,5.448736190795898
1634,906844,BRCA,2.127739,2.647132158279419
1093,907274,DLBC,5.056366,3.925879955291748
2096,907169,SKCM,2.819302,2.7447469234466553
1634,909264,UNCLASSIFIED,5.697803,4.510699272155762
1853,908440,NB,3.813268,4.002388954162598
1936,908472,LUAD,1.711404,2.625194787979126
1179,925343,UNCLASSIFIED,4.000122,1.8380966186523438
1085,908475,LUAD,2.427895,3.6181628704071045
1511,1299052,HNSC,0.458401,-1.114010214805603
1624,907280,LAML,2.967959,3.0337460041046143
1034,909761,COREAD,-1.366318,-2.3598415851593018
1853,1298526,PAAD,5.121863,4.382735252380371
1529,925348,PAAD,0.414483,2.247605562210083
1093,930082,UNCLASSIFIED,4.382389,3.9069511890411377
1012,909253,LAML,0.866396,1.0908151865005493
1083,907268,UNCLASSIFIED,2.50726,1.8372751474380493
1615,909264,UNCLASSIFIED,4.8695,5.430360794067383
1917,906795,THCA,2.487545,2.486351251602173
1635,910922,KIRC,5.329602,5.038496017456055
1013,909759,UNCLASSIFIED,3.764047,3.4951014518737793
1621,908447,NB,3.798047,4.146190643310547
1925,949090,OV,6.141531,5.085402488708496
1060,713880,SCLC,1.132449,0.9626635909080505
1049,910910,BRCA,4.085396,5.404545783996582
1237,753614,ESCA,4.971369,4.9379730224609375
1908,1299052,HNSC,1.432224,1.17108154296875
1058,687600,UNCLASSIFIED,0.11789,0.02012494206428528
1079,946360,OV,2.396637,3.269104480743408
1022,930298,CESC,0.915333,0.07750028371810913
1924,1240145,LUAD,2.344289,2.347187042236328
1873,753585,KIRC,0.241378,0.5206178426742554
1250,910952,KIRC,0.41136,2.1435110569000244
1083,687600,UNCLASSIFIED,3.789909,3.057734251022339
2046,906818,SKCM,2.596221,3.546860694885254
1010,722066,LUAD,2.52713,4.145842552185059
2044,906798,BLCA,3.335119,2.557607650756836
1615,1240226,SKCM,5.549049,5.618548393249512
1911,909263,COREAD,-2.855979,-3.5661380290985107
1924,905955,SKCM,4.486411,4.9735107421875
1060,907298,UNCLASSIFIED,1.284281,0.27726781368255615
1925,1503363,ESCA,5.978283,4.529151916503906
1085,753548,LAML,1.678423,1.1408073902130127
1618,907169,SKCM,5.214095,3.815920352935791
1003,905961,COREAD,-1.044537,-1.8932385444641113
1621,1290908,LUAD,3.449717,4.364926338195801
1054,924244,LUAD,3.412403,3.676884889602661
1799,908455,STAD,2.4532,2.3891377449035645
1873,908156,UNCLASSIFIED,0.545131,-0.07104718685150146
1563,907319,ESCA,5.645886,5.2910356521606445
1912,1240153,SKCM,2.01755,2.2265090942382812
1017,724879,LUSC,5.635157,6.067384719848633
2044,687457,BLCA,4.12875,4.116724014282227
1615,687777,LUAD,6.347835,5.393948554992676
1199,753589,SCLC,4.214153,4.208613395690918
1630,1660034,COREAD,4.385166,3.908827543258667
1060,909735,UCEC,1.156356,0.8477553129196167
1925,753565,SCLC,5.28749,4.307711601257324
2110,909703,ALL,4.277991,3.4099481105804443
1941,687459,BLCA,-4.280927,-2.749014377593994
2043,1240210,UNCLASSIFIED,3.942339,4.023665428161621
1034,908458,COREAD,-4.723999,-4.055942535400391
1190,1331040,UNCLASSIFIED,-3.82487,-5.434981346130371
1564,949174,NB,4.774632,3.6817076206207275
1373,910549,ESCA,4.826272,4.598028182983398
2111,753561,HNSC,3.494634,1.9819550514221191
2107,1290798,BRCA,5.768723,5.369791030883789
1561,1240123,COREAD,0.376945,0.6544257998466492
2111,1240166,UNCLASSIFIED,2.536801,2.6333134174346924
1053,905960,BRCA,3.657376,3.294605016708374
1873,1240189,SCLC,0.845155,0.4206860065460205
1578,1524416,KIRC,6.234859,5.283595085144043
1615,1240187,LUAD,5.544107,5.087503433227539
1626,906817,ESCA,3.610143,4.201470375061035
2111,908448,LAML,4.124171,1.6082563400268555
1561,906844,BRCA,3.371343,2.4753549098968506
1180,910706,UNCLASSIFIED,-4.023166,-4.218715667724609
1997,949165,UNCLASSIFIED,3.657419,3.0483102798461914
1268,687561,GBM,3.916266,4.322009086608887
1084,687985,SCLC,-3.00868,-3.2043094635009766
1011,1240173,COREAD,0.247664,0.49200794100761414
1854,908139,STAD,5.702231,4.769199371337891
2043,724839,CESC,6.238576,6.3092803955078125
1006,909732,UNCLASSIFIED,-0.699665,0.5115265846252441
1940,1240153,SKCM,4.393708,3.4579756259918213
1873,924238,THCA,0.439109,0.8314542174339294
1617,906837,HNSC,1.16154,0.9035654067993164
1925,907173,MESO,4.123865,5.304142951965332
1510,908156,UNCLASSIFIED,2.554842,1.3356525897979736
1047,909264,UNCLASSIFIED,5.509906,3.7797064781188965
1060,906827,UNCLASSIFIED,2.422412,0.9861972332000732
1930,724828,NB,-0.479074,-0.11146044731140137
1559,906849,UNCLASSIFIED,-0.894478,-0.5944415330886841
1249,910944,ALL,2.528624,1.6773943901062012
1083,907289,COREAD,1.165863,1.840239405632019
1624,1327769,DLBC,1.304362,1.7554856538772583
1079,909251,ALL,1.871323,1.1298763751983643
1557,687514,CESC,4.479925,4.255181312561035
1564,1298531,HNSC,1.32621,1.360844612121582
1622,1290798,BRCA,5.345537,4.6663818359375
1375,1240190,LUAD,6.977032,6.934587478637695
1017,905948,KIRC,5.2846,4.641047477722168
1373,724839,CESC,7.049092,6.004980087280273
2046,907281,MM,1.901027,1.437122106552124
1924,906812,BRCA,2.036516,2.288635730743408
2110,910906,UNCLASSIFIED,3.518094,3.0534746646881104
1996,924239,MM,2.785127,2.841533660888672
1003,753586,UNCLASSIFIED,-1.426858,-1.9518795013427734
1191,753615,MM,-5.470909,-4.0694684982299805
1060,1297439,SCLC,1.246852,1.235982894897461
1006,907790,COREAD,-0.452513,-0.5141191482543945
1049,925347,PAAD,5.692062,4.572977066040039
1622,1240141,MESO,5.335059,5.682185173034668
1559,910549,ESCA,-2.431893,-2.1897408962249756
1916,1503365,ESCA,2.299766,2.75632905960083
1068,1240168,GBM,1.061342,0.6531091928482056
1085,724855,UNCLASSIFIED,2.403112,2.9794199466705322
1168,905950,KIRC,0.047378,0.5394339561462402
1003,1240144,UNCLASSIFIED,-3.501132,-1.6355721950531006
1553,1299052,HNSC,-0.977331,2.3983471393585205
1091,946368,GBM,1.696425,2.4524307250976562
1926,905940,LCML,2.521197,1.0605254173278809
1578,753585,KIRC,5.217951,5.131254196166992
1630,1240222,OV,1.873743,3.0727932453155518
1373,1331032,DLBC,4.339842,2.2492504119873047
1190,909755,COREAD,1.98808,1.9013651609420776
1511,1240189,SCLC,-2.368523,-1.346267819404602
1180,908447,NB,-0.866903,-0.33891749382019043
1034,907276,STAD,0.142098,-1.632094383239746
2106,688031,SCLC,1.659916,2.0296616554260254
1578,909707,UNCLASSIFIED,5.792375,5.215029716491699
1909,713899,SCLC,2.425551,0.2356145679950714
1507,909743,ALL,5.210831,4.106893539428711
1931,910702,PAAD,8.033569,7.888843536376953
1918,1303897,DLBC,4.204182,5.4595794677734375
2043,1240201,PAAD,5.766252,5.167194366455078
1873,924244,LUAD,0.020924,0.5404589176177979
1079,907172,SKCM,0.400045,2.0731239318847656
1249,1298531,HNSC,2.184736,3.4638102054595947
1375,908158,UNCLASSIFIED,3.329849,3.6708924770355225
1915,909780,BLCA,2.70241,3.2734951972961426
1941,909904,PAAD,-2.578018,-5.0728302001953125
1910,906800,UNCLASSIFIED,-2.455585,-3.628938913345337
1073,1298348,LUAD,6.071058,7.682718276977539
1940,1330964,SCLC,4.321513,4.31333065032959
1268,910927,BRCA,3.931823,4.3195953369140625
1917,909725,SKCM,4.419381,3.714345932006836
1621,713869,LUAD,5.530081,4.7584333419799805
1512,907269,CLL,5.96698,4.481271743774414
1925,910930,DLBC,3.719722,3.8387248516082764
1931,907323,UNCLASSIFIED,4.514908,3.6554040908813477
1924,905934,PRAD,4.656943,3.8220431804656982
1259,1298219,UNCLASSIFIED,5.580707,5.860683441162109
1617,909249,MM,1.815517,0.5740953683853149
1049,909774,UNCLASSIFIED,4.554966,4.643117904663086
1004,687505,CESC,-4.97117,-5.105175018310547
2111,930082,UNCLASSIFIED,5.335937,3.7249696254730225
1913,687819,LUAD,4.425753,4.739907264709473
1549,1480362,OV,5.916024,5.6018829345703125
2044,1330983,LAML,1.532946,3.1196212768554688
1557,1298533,PAAD,4.841269,5.08364200592041
1079,908139,STAD,1.351347,1.793103575706482
1557,924241,SCLC,7.612282,6.332403182983398
1996,924102,THCA,2.999115,3.3619449138641357
1786,907278,LAML,-1.218459,0.9251476526260376
1036,1503362,ESCA,4.76562,4.551490783691406
1926,1322218,UNCLASSIFIED,2.518085,0.5757840871810913
1931,907280,LAML,4.490497,4.2899885177612305
1168,906863,HNSC,0.803805,0.11771076917648315
1635,688025,SCLC,3.525438,4.213382720947266
1373,949161,UNCLASSIFIED,4.884881,4.8168487548828125
1614,909759,UNCLASSIFIED,2.139181,2.142787456512451
1073,1240154,THCA,2.370231,2.7464349269866943
1564,905986,GBM,3.308952,4.756504058837891
1249,907058,SKCM,3.519024,2.7410120964050293
1549,924104,THCA,4.894136,4.648016929626465
1179,906847,UNCLASSIFIED,-0.125317,-0.18167579174041748
1005,687799,LUAD,3.448511,2.715135335922241
1853,753538,HNSC,1.896279,3.115560531616211
1911,909751,COREAD,-5.253146,-5.981768608093262
1047,907287,COREAD,6.007668,4.322556495666504
1249,910947,LAML,1.999895,1.7675889730453491
1179,724872,SCLC,0.040247,0.07821139693260193
1200,1290730,BLCA,2.366648,3.108961820602417
1239,1297446,ALL,1.830841,0.7653393745422363
1613,910933,GBM,2.222736,3.102736234664917
1084,1298349,SCLC,-2.278606,-1.0991041660308838
1191,907069,UNCLASSIFIED,-4.916732,-4.955314636230469
1199,1240184,UNCLASSIFIED,3.990085,4.740629196166992
1512,906790,STAD,5.0375,4.698217391967773
1088,906871,LGG,1.657766,0.8727281093597412
1091,1240158,LIHC,2.18247,2.580144166946411
1925,1290765,UNCLASSIFIED,4.992433,5.129502296447754
1079,907268,UNCLASSIFIED,-0.277601,-0.8878458738327026
2046,907043,UNCLASSIFIED,0.294984,0.35479438304901123
1911,909718,COREAD,-4.723566,-6.1313982009887695
1909,1240131,MESO,3.802993,2.987657308578491
1089,1327775,MM,3.483655,3.7215192317962646
1131,908123,BRCA,2.476194,4.17641544342041
1622,908451,LAML,3.910776,3.5334794521331787
1080,908444,STAD,-3.247565,-0.737208366394043
1915,1331039,UNCLASSIFIED,3.406157,3.138842821121216
1926,910780,NB,0.741419,0.48009955883026123
1578,687455,BLCA,4.62107,4.889313697814941
1053,1240168,GBM,2.823295,3.3210391998291016
1375,753612,MM,6.152967,5.619468688964844
1924,1330964,SCLC,4.74194,4.103915691375732
1013,908463,LUAD,4.946441,5.990650177001953
1180,907062,HNSC,-3.304347,-2.097977638244629
1036,1298534,UNCLASSIFIED,7.02135,5.388241767883301
2111,910549,ESCA,2.745608,2.127793073654175
1088,1240169,GBM,5.778074,5.1584014892578125
1054,684062,UNCLASSIFIED,2.863134,2.660051107406616
1004,909735,UCEC,-5.671799,-4.125988960266113
1268,907791,MM,4.720196,5.058087348937988
1911,688013,SCLC,-5.648949,-6.263796806335449
1060,909907,BRCA,4.050023,4.686397552490234
1630,1298534,UNCLASSIFIED,3.906206,5.344649314880371
1997,688025,SCLC,1.916922,1.743918538093567
1918,1298533,PAAD,2.283725,2.590212821960449
2047,1240167,ESCA,1.940505,2.1801223754882812
1917,749717,BRCA,2.046713,2.0666918754577637
1922,909263,COREAD,3.295408,2.790581464767456
1553,909719,LIHC,4.563181,3.6686956882476807
1373,1330985,LAML,2.962482,2.8794381618499756
1511,906834,MB,-3.235671,-3.5783650875091553
1939,907319,ESCA,2.239992,2.8130064010620117
1911,910691,UCEC,-3.989444,-3.6155307292938232
1576,924104,THCA,1.965414,3.379506826400757
1578,909720,UNCLASSIFIED,4.533951,4.971458435058594
1003,907048,BRCA,0.121553,-1.232513427734375
1239,909252,ALL,2.017201,0.908437192440033
1862,907794,COREAD,-1.207928,-1.8417985439300537
1927,753612,MM,4.636112,4.9546051025390625
1057,1298476,PAAD,-0.660641,1.2959070205688477
1621,753565,SCLC,3.511197,3.7128517627716064
1249,1240173,COREAD,2.83329,3.6139938831329346
2044,909720,UNCLASSIFIED,4.120702,3.3394649028778076
1930,906861,UNCLASSIFIED,0.871178,1.350612759590149
1529,1298538,LUSC,-0.66053,-1.0515109300613403
1576,905948,KIRC,2.58872,2.6267828941345215
1080,907313,GBM,-0.496413,-1.9302637577056885
1017,724839,CESC,5.391693,5.7284650802612305
1930,1240198,OV,1.219683,0.4333139657974243
1200,687815,LUSC,2.501819,3.337042808532715
1200,949178,NB,1.521886,2.1089775562286377
1873,910079,ESCA,0.736888,1.4140650033950806
2172,905960,BRCA,0.930373,1.3769845962524414
1613,949178,NB,0.891216,1.2367244958877563
1634,724831,UNCLASSIFIED,3.691,3.580296277999878
2106,946361,UNCLASSIFIED,2.828976,2.4227447509765625
1997,909731,UNCLASSIFIED,3.907515,3.3238525390625
1200,687980,SCLC,2.677406,2.4339029788970947
1177,906832,DLBC,4.012862,3.205824375152588
1558,906855,LCML,4.639774,3.0450594425201416
1996,687590,GBM,2.583132,3.9740231037139893
1017,907320,ESCA,4.960615,4.681819915771484
1913,1480372,OV,5.826775,5.25767707824707
1578,753547,SCLC,4.131402,4.356764793395996
1563,930298,CESC,5.936362,5.589075088500977
1940,907314,NB,3.311493,4.399511337280273
1557,1240145,LUAD,4.743738,4.263482093811035
2109,907057,LIHC,3.262587,2.2718887329101562
1553,753541,HNSC,2.619642,2.556626081466675
2044,1480372,OV,5.81708,4.466553688049316
1248,925338,BRCA,-4.603509,-4.122252464294434
1088,1290730,BLCA,1.604745,1.958511471748352
1268,687983,SCLC,4.733294,4.822493553161621
1054,1331040,UNCLASSIFIED,1.993619,1.4069819450378418
1084,905983,GBM,-0.368176,-0.635969877243042
1634,687798,LUAD,3.734935,4.404535293579102
1624,1327773,DLBC,1.905399,2.1785945892333984
1578,687452,BLCA,4.487524,5.432743072509766
2047,909759,UNCLASSIFIED,1.452672,1.4734106063842773
1558,910687,ALL,2.647956,2.119983196258545
1932,910852,BRCA,2.813855,3.545396327972412
1239,908142,UNCLASSIFIED,0.701665,1.471193552017212
1372,687995,SCLC,1.886773,2.6784229278564453
1180,753618,NB,-4.266301,-4.463047027587891
1928,907067,SKCM,3.667364,3.6910088062286377
1093,907169,SKCM,4.731211,4.164752960205078
1259,930298,CESC,5.309872,3.6636412143707275
1180,1480371,OV,-3.888547,-3.207512140274048
1916,909251,ALL,0.677283,1.0166221857070923
1940,906824,CESC,3.539911,3.8702657222747803
1017,908159,UNCLASSIFIED,2.611119,2.7791924476623535
1079,1240159,LIHC,1.320376,1.8204327821731567
1372,1331039,UNCLASSIFIED,1.64557,1.6661021709442139
1910,1240127,UCEC,2.68688,3.142214775085449
1089,905973,UNCLASSIFIED,6.935086,4.68634033203125
1926,1290922,BRCA,-1.026198,-1.584963321685791
1057,1298168,KIRC,-1.338017,-1.8165826797485352
1249,1240130,SKCM,2.755225,2.4516968727111816
1919,687505,CESC,0.236148,0.5850752592086792
1852,906817,ESCA,5.995264,6.054413795471191
2043,1503364,STAD,4.818299,4.461235046386719
1852,905964,MM,3.637302,3.905592679977417
1578,908461,STAD,5.430568,5.71713924407959
1049,749711,BRCA,4.392832,4.191250801086426
1054,909716,UNCLASSIFIED,3.692011,3.1457650661468506
1073,906862,BRCA,5.168984,5.164985656738281
1852,906826,BRCA,6.918243,7.177822113037109
2045,925340,STAD,5.92844,5.00880241394043
1053,924151,THCA,5.411516,4.144918441772461
2106,687563,GBM,2.731369,3.8484890460968018
1629,908451,LAML,4.490256,3.7498979568481445
1910,905964,MM,-0.570538,0.17352059483528137
1168,908145,LGG,3.41153,2.159278392791748
1910,749710,BRCA,1.417744,2.277575731277466
1199,910781,UCEC,4.975018,3.327895402908325
1004,908440,NB,-5.233099,-5.454303741455078
1925,724868,LUAD,4.105928,4.3224592208862305
1083,909738,LIHC,3.531261,4.1268310546875
2048,907064,UNCLASSIFIED,-2.972935,-3.039738655090332
2106,1240218,PAAD,7.55233,7.190720558166504
2107,1298538,LUSC,5.979366,5.386420249938965
1930,906868,LGG,0.268863,-0.02739715576171875
1849,1247871,ALL,0.055947,-1.682770013809204
1940,910916,HNSC,2.947685,3.3285176753997803
2040,909747,COREAD,2.207198,2.432525157928467
1624,910780,NB,2.150148,0.9291156530380249
1006,1298216,PAAD,1.535949,2.9536445140838623
1559,907285,PAAD,-1.725355,-1.6206161975860596
1626,687505,CESC,4.809028,4.354666709899902
1940,907172,SKCM,3.583292,3.8143086433410645
1910,905962,COREAD,3.510925,2.1484594345092773
1073,1298136,PAAD,7.363205,6.758962631225586
1259,925346,PAAD,4.905485,3.7328763008117676
1786,907790,COREAD,2.209496,3.894312858581543
1180,998184,ALL,-4.080421,-2.409071445465088
1560,724870,PAAD,3.388615,3.5475709438323975
1177,909735,UCEC,3.035636,3.8054230213165283
1927,906812,BRCA,5.379503,4.361064434051514
1080,909745,GBM,-4.117771,-3.1345129013061523
1011,1299050,HNSC,4.159153,3.1698086261749268
1913,909740,COREAD,5.937153,6.017244338989258
1180,907276,STAD,-1.014723,-0.9949058294296265
1919,910548,OV,2.493975,2.4772543907165527
2047,905940,LCML,2.236875,2.654872179031372
1058,907796,UNCLASSIFIED,2.092422,1.9638099670410156
1635,1240226,SKCM,5.563192,5.748415946960449
1079,753610,SCLC,0.782347,1.9739933013916016
1073,907278,LAML,5.813671,4.632323265075684
1017,688027,SCLC,3.389602,3.7468483448028564
1239,946382,BRCA,2.153693,2.2710022926330566
2044,909743,ALL,1.625438,2.7364699840545654
1932,907313,GBM,3.195831,2.7569079399108887
1620,909722,UNCLASSIFIED,4.148348,4.4105353355407715
1512,949153,ALL,4.139236,4.063529968261719
1913,909748,COREAD,5.131336,5.071014404296875
1919,907169,SKCM,1.829719,2.076343297958374
1930,905964,MM,0.187133,-0.11325091123580933
1911,687997,SCLC,-2.778391,-3.233015298843384
1011,1295741,MM,4.208673,1.6542843580245972
1553,1290724,HNSC,2.031031,1.563915729522705
1510,724878,LUAD,5.272378,5.150182723999023
1032,687514,CESC,0.388264,-0.1795194149017334
1799,1330947,LAML,0.174048,2.567478895187378
1060,909785,UNCLASSIFIED,-0.012845,-0.5969202518463135
1927,1299059,HNSC,5.391403,5.050074577331543
1941,1327769,DLBC,-5.962904,-4.207518577575684
1073,949179,NB,6.949209,4.952070236206055
1924,1290806,STAD,2.059948,1.7823318243026733
1507,906791,LUAD,6.146078,5.718999862670898
1190,753585,KIRC,-2.239464,-3.3589136600494385
1177,688086,NB,2.447662,2.6561973094940186
1012,753561,HNSC,1.072374,0.6885498762130737
2045,906790,STAD,4.739142,4.46852970123291
1919,909699,UNCLASSIFIED,0.464943,0.46390771865844727
1931,1330935,UNCLASSIFIED,3.258325,3.0238611698150635
1010,907069,UNCLASSIFIED,1.830924,2.0908570289611816
1199,910548,OV,4.075446,4.153910160064697
1529,910926,BLCA,-0.948515,0.04168379306793213
1932,907173,MESO,3.21588,2.8262815475463867
1564,907791,MM,4.990489,3.995392084121704
1627,753592,LUAD,1.465652,2.0313491821289062
1622,906833,MB,4.373908,3.9599223136901855
1179,1240215,UNCLASSIFIED,1.780173,1.314444899559021
1786,906869,STAD,4.502314,3.7599871158599854
1080,909735,UCEC,-4.752083,-3.681030035018921
1049,907286,PAAD,4.79806,4.495114326477051
1180,908475,LUAD,-1.181715,-2.4653568267822266
1925,907060,UNCLASSIFIED,4.228923,4.026285171508789
1093,1240209,STAD,4.36731,3.848950147628784
1615,908447,NB,5.836323,5.327654838562012
1631,909697,STAD,2.179253,2.452589273452759
1057,687459,BLCA,-1.370355,-0.8376374244689941
1915,910926,BLCA,2.322436,2.3456993103027344
1578,909779,UNCLASSIFIED,4.935545,4.894657135009766
1924,1331037,DLBC,-0.540545,-1.260969877243042
1926,1290908,LUAD,-1.027448,-0.25692832469940186
1617,907042,LGG,4.087294,1.9899717569351196
1799,910850,LIHC,5.867912,5.677279472351074
1017,906865,SKCM,3.186854,4.419580459594727
1060,907051,UCEC,2.184358,2.2191457748413086
1928,910930,DLBC,3.602973,2.959564447402954
1618,687798,LUAD,4.38797,3.929621458053589
1630,1299080,SKCM,3.341066,4.005095481872559
1512,909707,UNCLASSIFIED,5.792826,5.7104949951171875
1372,1297439,SCLC,2.372958,2.3943166732788086
2111,908461,STAD,5.075958,4.375829696655273
1922,1331033,DLBC,1.192273,1.0949318408966064
1908,908131,UNCLASSIFIED,2.564482,3.4332308769226074
1003,1240179,CESC,-2.82282,-1.6540052890777588
1080,949164,UNCLASSIFIED,-4.316343,-5.274035453796387
1855,1240159,LIHC,6.23411,4.710997581481934
1996,687600,UNCLASSIFIED,3.628026,3.3847439289093018
1939,1330947,LAML,2.662446,1.2094159126281738
2107,910784,UNCLASSIFIED,4.938285,5.709586143493652
1249,907270,CLL,2.213302,1.6492806673049927
1873,906999,UNCLASSIFIED,1.631319,2.1657967567443848
1012,906838,UNCLASSIFIED,0.573315,1.1432385444641113
1168,924110,UNCLASSIFIED,1.127177,2.5791585445404053
1068,688013,SCLC,2.449223,0.551840603351593
1032,1298216,PAAD,2.149027,2.485377311706543
1560,753575,ESCA,3.90585,3.586139440536499
1091,724839,CESC,4.000893,4.49213981628418
1997,907047,UNCLASSIFIED,3.792049,3.1255886554718018
1618,946368,GBM,4.033329,3.447050094604492
2110,724834,LUAD,5.096053,4.908359527587891
1916,924238,THCA,1.720947,1.5987286567687988
1068,909745,GBM,1.660225,1.2864162921905518
1529,1240155,STAD,0.618989,0.023010075092315674
1200,908444,STAD,2.403364,2.839763641357422
1049,1240193,SCLC,1.742465,2.7459049224853516
1630,713869,LUAD,5.298057,5.076809883117676
1578,687815,LUSC,5.213782,4.931107521057129
1046,1240157,LIHC,2.396794,2.686192750930786
1915,910779,UNCLASSIFIED,3.825384,4.071835517883301
1996,907794,COREAD,4.332153,4.053518295288086
1013,687514,CESC,4.172617,3.841007709503174
1131,906863,HNSC,4.246111,4.739412307739258
1179,924151,THCA,0.289962,0.1025594174861908
2107,753573,ESCA,5.170316,4.597881317138672
1576,1503361,ESCA,2.28782,2.4731171131134033
1093,749714,BRCA,4.817461,4.018118858337402
1849,907277,ALL,-2.534764,-2.216001272201538
1073,909750,LGG,4.622061,3.699721574783325
1615,1240212,CESC,5.269458,5.741022109985352
1053,907276,STAD,3.608979,4.0171661376953125
1237,949158,UNCLASSIFIED,4.417973,4.104768753051758
1372,1240184,UNCLASSIFIED,-1.40232,-1.2172446250915527
1564,908146,ALL,1.203649,0.6081241965293884
1085,905950,KIRC,2.660864,2.614171266555786
1786,909709,HNSC,4.204413,4.0776824951171875
1168,1240162,HNSC,0.608953,-0.597373366355896
1034,925345,UNCLASSIFIED,-5.15543,-3.955310106277466
1853,1298531,HNSC,2.523665,3.2023091316223145
1057,906834,MB,-3.606482,-2.7907919883728027
1634,909262,UNCLASSIFIED,4.002816,3.3266866207122803
1079,924240,BRCA,1.61057,1.93776273727417
1168,753563,MM,1.681562,1.334740400314331
1032,907286,PAAD,3.209127,2.6938302516937256
1200,1240198,OV,3.404067,3.021817445755005
1564,906875,NB,3.020006,3.765305519104004
1200,924244,LUAD,3.414817,3.1990654468536377
1855,910926,BLCA,3.390818,2.8400497436523438
1932,910549,ESCA,1.928103,2.427283763885498
1621,1240128,UNCLASSIFIED,4.409181,4.605459213256836
1557,910932,SKCM,4.710411,4.614502906799316
1928,753555,ESCA,4.885013,4.493727684020996
1047,713869,LUAD,6.307277,5.47348690032959
1855,909736,LIHC,4.327197,4.644396781921387
1916,906765,MM,1.092224,1.2795261144638062
1512,1298223,LUSC,5.688395,5.41854190826416
1941,908448,LAML,-4.832643,-2.620391845703125
1268,1240124,COREAD,4.854556,4.55696964263916
1054,909745,GBM,3.045461,3.976256847381592
1179,907287,COREAD,0.073554,0.2862932085990906
1560,906808,SCLC,4.668733,5.323948860168457
1854,909748,COREAD,5.520477,4.9126176834106445
1932,1327774,UNCLASSIFIED,3.784432,3.1518051624298096
1089,924104,THCA,4.960029,4.691819190979004
1259,906837,HNSC,3.004104,3.2444167137145996
1549,907299,UNCLASSIFIED,3.780463,3.4495251178741455
1908,1298526,PAAD,2.807239,3.2572548389434814
1004,908473,LUAD,-1.327842,-1.5494120121002197
1928,753618,NB,3.811481,3.1989376544952393
1190,1331050,DLBC,-5.627843,-5.205813407897949
1928,905991,OV,4.109015,3.45297908782959
1049,1240181,NB,2.053268,1.6923853158950806
1924,910951,LCML,3.775225,2.689134120941162
2109,906818,SKCM,1.175737,2.414917230606079
2109,908445,STAD,2.763808,3.0158958435058594
1057,930297,CESC,-2.040949,-0.11009687185287476
1631,949156,UNCLASSIFIED,3.300912,2.636484384536743
1054,909785,UNCLASSIFIED,0.10964,0.5504463911056519
1085,1240141,MESO,4.233523,4.203425407409668
1237,1330947,LAML,3.433688,3.5362911224365234
1799,1331038,DLBC,3.711357,3.979548931121826
1080,1240223,THCA,1.697843,1.7251996994018555
1080,906863,HNSC,-3.127296,-3.448641777038574
1177,907312,BLCA,3.035323,3.1875598430633545
1239,906843,CESC,3.083366,3.3829898834228516
1786,753562,HNSC,2.027485,3.037655830383301
1259,907047,UNCLASSIFIED,2.848089,2.469698667526245
1928,907274,DLBC,1.799928,2.8374953269958496
2106,1503365,ESCA,2.485546,1.728843331336975
1634,906871,LGG,4.763001,4.074209213256836
1786,949094,GBM,2.763564,3.245903253555298
1940,906835,GBM,4.20411,4.157033920288086
1849,905933,OV,-1.174529,-0.040490567684173584
2106,687800,LUAD,6.648812,4.371923446655273
1510,906851,BRCA,5.467471,4.256649971008301
1853,1659928,COREAD,3.725243,3.448211669921875
1085,907271,LGG,3.567639,3.7405898571014404
1079,905946,BRCA,4.806509,3.263662576675415
1004,1290722,THCA,-4.298689,-3.679302453994751
1617,1240223,THCA,6.582934,4.371645927429199
1079,971773,UNCLASSIFIED,2.342047,2.8061935901641846
1627,906848,UNCLASSIFIED,2.048478,2.078037738800049
1057,688027,SCLC,-2.613564,-2.5100204944610596
1046,907044,UNCLASSIFIED,0.176437,0.32898738980293274
1854,930298,CESC,6.158115,4.3637495040893555
1049,688025,SCLC,2.722216,2.7557363510131836
1631,908125,SKCM,3.196768,3.986875534057617
2043,907279,LGG,5.557117,5.911764144897461
1010,687815,LUSC,0.816161,0.8477441072463989
1931,724873,LUAD,5.248374,5.349205017089844
1559,910554,COREAD,-2.540891,-0.6280381679534912
1510,949167,UNCLASSIFIED,1.721212,1.0647683143615723
1620,1290771,COREAD,5.984234,5.591867446899414
1852,905944,LUAD,5.470098,5.085285186767578
2048,753583,HNSC,-1.682018,-0.8498438596725464
1191,687455,BLCA,-4.284004,-4.659917831420898
1862,925347,PAAD,-1.20332,-0.8349622488021851
1054,687506,CESC,4.828953,4.468796730041504
1873,924186,UNCLASSIFIED,0.190488,0.23227524757385254
1620,949164,UNCLASSIFIED,4.989634,4.592221260070801
2096,910915,PAAD,3.608494,3.376403570175171
1930,724879,LUSC,2.314381,1.4507843255996704
1853,687821,LUAD,5.333124,5.705339431762695
1594,1479988,OV,5.357584,5.885271072387695
1593,1330987,UNCLASSIFIED,-0.128549,-0.0665750503540039
1913,908457,COREAD,5.910894,4.83046817779541
1177,905938,LAML,4.545465,3.186976671218872
1913,907066,BLCA,4.297546,4.761707305908203
1593,1240131,MESO,4.944371,5.610456466674805
1084,1330950,MM,-6.886141,-4.269313812255859
1180,905947,KIRC,-2.43853,-2.9561800956726074
1507,753563,MM,4.023571,3.338393211364746
2096,753538,HNSC,1.353813,2.076406478881836
2111,949171,NB,4.927278,3.032039165496826
1940,911905,OV,5.675555,4.638594627380371
1634,908445,STAD,3.27098,3.357935667037964
1614,946361,UNCLASSIFIED,3.952652,2.804758310317993
1910,909749,BLCA,2.524414,2.8385069370269775
1168,905949,LUAD,2.095087,2.072364330291748
1913,687815,LUSC,4.718541,4.741692543029785
1862,1240173,COREAD,-1.863874,-2.9686827659606934
1912,909746,COREAD,5.303333,4.669134140014648
1598,909264,UNCLASSIFIED,4.375509,4.674638748168945
1852,907058,SKCM,5.300184,5.193629264831543
1916,925343,UNCLASSIFIED,3.717354,3.669642925262451
1372,688087,NB,-1.124795,-1.2920647859573364
1922,1240223,THCA,5.666051,4.821529388427734
1089,1240192,SCLC,4.806956,5.253848075866699
1003,1330993,PRAD,-3.843609,-3.614677667617798
1853,910695,UNCLASSIFIED,1.613074,3.020061492919922
2110,905984,LGG,4.38885,3.4606053829193115
1916,908159,UNCLASSIFIED,1.688533,1.5308892726898193
1239,688013,SCLC,1.441083,0.3934828042984009
1049,724855,UNCLASSIFIED,5.328573,4.7496747970581055
1250,724855,UNCLASSIFIED,4.3217,4.703656196594238
1199,1240159,LIHC,5.147441,4.291489124298096
1614,907069,UNCLASSIFIED,3.454444,4.0227155685424805
1613,905964,MM,1.263046,1.4336954355239868
1626,687780,UNCLASSIFIED,4.364858,2.4843482971191406
1084,907295,SCLC,-2.551584,-0.9369938373565674
1200,907043,UNCLASSIFIED,2.417626,2.055774450302124
1191,1330995,DLBC,-5.228323,-4.901653289794922
1940,905974,SKCM,4.679402,3.4707767963409424
1510,905938,LAML,1.964349,1.9240283966064453
1916,688006,SCLC,2.479879,2.66286301612854
1177,907067,SKCM,3.805031,4.234125137329102
1053,687980,SCLC,1.64086,1.6139163970947266
1058,909738,LIHC,2.23041,2.0524938106536865
1553,910703,UNCLASSIFIED,2.083658,0.8705053329467773
1625,910924,STAD,4.321911,4.311814308166504
1924,907792,COREAD,5.333007,4.667769432067871
1249,687448,SKCM,5.894426,4.9651079177856445
1626,1298136,PAAD,3.364576,3.1122241020202637
1925,1298357,STAD,5.150534,6.236459732055664
1083,753552,BLCA,3.404121,2.3399007320404053
1918,907320,ESCA,2.840261,3.589887857437134
1613,1503370,LUAD,2.629329,4.12603235244751
1627,905964,MM,2.059184,1.725745677947998
1084,1240128,UNCLASSIFIED,-3.789187,-1.5931627750396729
1854,753573,ESCA,3.134908,4.2476959228515625
1168,1240128,UNCLASSIFIED,2.869979,3.408241033554077
1786,906805,LUAD,4.991905,4.3433027267456055
1249,908136,UNCLASSIFIED,2.171158,1.7643615007400513
1191,687816,LUAD,-4.055445,-3.562030076980591
1919,909756,UNCLASSIFIED,1.467194,3.087991237640381
1932,908159,UNCLASSIFIED,1.964272,1.4704477787017822
1918,749711,BRCA,2.957986,3.868128538131714
1511,687807,LUAD,2.669259,1.726452112197876
1631,684052,UNCLASSIFIED,2.421257,2.165891408920288
1627,909756,UNCLASSIFIED,3.601184,3.1136462688446045
1917,905972,LUAD,1.874832,2.3111438751220703
1918,906834,MB,2.459586,2.9061715602874756
1924,1298218,PAAD,5.829863,5.081169128417969
1941,908445,STAD,-3.954266,-3.863793134689331
1073,1240221,UNCLASSIFIED,4.199643,4.379919052124023
1908,1240212,CESC,3.561837,3.431485414505005
1620,1331037,DLBC,3.807751,3.4315595626831055
1091,724863,UNCLASSIFIED,0.434592,1.7806098461151123
1873,1290724,HNSC,0.010709,0.4023599624633789
1917,910903,SKCM,0.697875,1.0642056465148926
1010,907290,UNCLASSIFIED,4.942431,4.628073692321777
1941,907066,BLCA,-6.445536,-3.098520040512085
1507,908463,LUAD,6.636822,5.739882469177246
1578,925347,PAAD,6.026425,5.535609245300293
1576,908151,BRCA,2.125923,1.7016409635543823
2110,908475,LUAD,4.269377,3.8936712741851807
1615,910906,UNCLASSIFIED,4.373168,3.863786458969116
2048,1659823,COREAD,-4.039008,-2.2199018001556396
1011,1330931,LCML,0.533287,0.5815470814704895
1853,1240210,UNCLASSIFIED,3.556684,3.305839776992798
1200,925346,PAAD,3.762426,3.681303024291992
1058,753556,LUSC,-0.094855,-0.5024874210357666
1511,905947,KIRC,-2.243625,-1.75152587890625
1179,1240166,UNCLASSIFIED,-1.11556,-1.2974594831466675
2111,1330993,PRAD,3.645898,3.7860844135284424
1080,753592,LUAD,-5.389598,-3.597630262374878
1250,753616,NB,3.680589,1.5181185007095337
1046,907290,UNCLASSIFIED,3.971158,4.82731819152832
1915,753586,UNCLASSIFIED,3.643122,3.1878414154052734
1631,905957,BRCA,2.373354,3.403599739074707
1088,753554,LUSC,0.10823,1.5666050910949707
1191,753574,ESCA,-4.699096,-4.639203071594238
1862,683667,MB,-2.387038,-1.9281694889068604
2043,906820,NB,5.323607,4.617140769958496
1083,925338,BRCA,3.872488,3.4380745887756348
1621,1240122,HNSC,5.617038,5.779254913330078
1852,687600,UNCLASSIFIED,5.555161,5.01103401184082
1529,906797,BLCA,-1.638487,-0.4362332224845886
1093,687997,SCLC,5.94266,4.934276580810547
1933,909756,UNCLASSIFIED,6.36555,4.461300849914551
1047,909720,UNCLASSIFIED,5.310156,4.836297035217285
1191,1299064,ESCA,-5.592185,-4.978544235229492
1576,684052,UNCLASSIFIED,2.434809,2.4378280639648438
1997,907299,UNCLASSIFIED,4.199827,3.092388391494751
1873,909723,SKCM,3.091539,3.7279164791107178
2040,753615,MM,2.267098,1.086133360862732
1614,910695,UNCLASSIFIED,5.236011,5.193422317504883
1926,1290812,MESO,1.142148,1.5232353210449219
1925,907274,DLBC,4.802142,4.518815994262695
1634,910947,LAML,2.622427,2.375156879425049
1922,909776,UNCLASSIFIED,1.361204,2.183478832244873
1873,753621,ESCA,0.922597,0.5479337573051453
1933,946382,BRCA,4.918205,3.9080710411071777
1624,910781,UCEC,5.313616,5.178229331970215
1006,909718,COREAD,0.022475,-0.3295100927352905
1089,1509073,KIRC,5.083443,4.769723892211914
1249,909753,OV,5.551231,4.50417423248291
1919,906792,SKCM,1.243679,1.3509643077850342
1237,909250,KIRC,5.112349,5.8625383377075195
1507,1298531,HNSC,4.016658,4.375330924987793
1620,906763,ALL,3.852512,4.0986785888671875
1617,753586,UNCLASSIFIED,0.38732,-1.0103070735931396
1909,1240197,OV,2.885237,2.1204798221588135
1909,1240168,GBM,1.58321,1.8642374277114868
1799,1290809,MESO,6.414678,6.01219367980957
1046,909253,LAML,1.417935,0.829856276512146
1013,910853,SKCM,4.241768,3.318509340286255
1862,908444,STAD,-0.75994,-2.328770875930786
1622,1240159,LIHC,4.172769,4.00151252746582
1627,1240130,SKCM,2.327823,2.0864999294281006
1373,946355,ESCA,4.414136,5.700954437255859
1375,1240167,ESCA,4.653406,5.716382026672363
1635,753539,UNCLASSIFIED,3.942791,4.1349592208862305
1191,949166,UNCLASSIFIED,-2.952811,-3.6026394367218018
1079,907051,UCEC,3.182841,2.528237819671631
1578,908143,UNCLASSIFIED,3.431317,5.430645942687988
1996,909702,ALL,2.055179,2.4035961627960205
1177,1298365,OV,5.041216,4.336015701293945
2106,909701,UNCLASSIFIED,0.522239,1.0392768383026123
2040,1240166,UNCLASSIFIED,0.492258,0.1390308439731598
1084,753589,SCLC,0.167283,0.3892378509044647
1908,909698,COREAD,0.994612,0.7291463017463684
1034,909697,STAD,-3.045901,-3.0342464447021484
1564,1330985,LAML,0.691989,-0.12831318378448486
1012,906843,CESC,2.58684,1.4901074171066284
1053,688025,SCLC,3.513383,4.204129219055176
1873,1240153,SKCM,0.912476,0.8526867628097534
1624,1503371,ESCA,5.030639,4.051336765289307
1635,909716,UNCLASSIFIED,4.829347,4.817566871643066
1563,684059,UNCLASSIFIED,4.426438,4.589110374450684
1786,998184,ALL,0.751527,1.6210564374923706
1910,908448,LAML,-3.442654,-3.693575143814087
2048,909735,UCEC,-5.165397,-3.8527681827545166
1006,753610,SCLC,-1.207954,0.33604907989501953
1507,906797,BLCA,5.244659,5.211062431335449
1089,906838,UNCLASSIFIED,2.415595,2.5953052043914795
2040,687457,BLCA,1.366658,0.5952473878860474
1073,1290807,UNCLASSIFIED,7.391245,7.614986419677734
1022,907271,LGG,-0.78857,-0.2572537064552307
1563,1298223,LUSC,4.937522,5.719121932983398
1594,753538,HNSC,4.900151,4.236886978149414
1191,908151,BRCA,-5.71545,-6.375452041625977
1849,687815,LUSC,0.903469,-0.5155503749847412
1375,910906,UNCLASSIFIED,5.238946,4.767223358154297
1190,1298347,LUAD,2.463992,3.8270299434661865
2106,909253,LAML,1.258869,0.3482219874858856
1631,909716,UNCLASSIFIED,3.079946,2.71854567527771
1618,908476,LUAD,4.692453,3.6969921588897705
1060,687800,LUAD,4.647783,3.9061176776885986
1578,1299052,HNSC,6.206985,5.115229606628418
1047,908440,NB,1.294204,0.713859498500824
1936,1298169,KIRC,2.32288,2.3953490257263184
1799,910705,UNCLASSIFIED,4.226666,3.483095407485962
1940,1298357,STAD,4.714004,5.477684020996094
2043,924106,BRCA,3.366867,4.888596534729004
1507,908129,UCEC,4.663471,4.810681343078613
1003,724866,LUAD,0.96823,0.46179771423339844
1248,930298,CESC,-3.612746,-4.245654106140137
1529,687995,SCLC,-2.311483,-0.984455943107605
1927,907318,ESCA,3.853564,4.414998531341553
2046,909750,LGG,1.280691,1.596917986869812
1248,907290,UNCLASSIFIED,-2.508857,-2.9509170055389404
1549,909753,OV,5.752084,5.741486549377441
2096,905989,COREAD,0.806167,0.5088164210319519
1853,749714,BRCA,4.215153,3.528966188430786
1939,1330935,UNCLASSIFIED,1.997037,2.512084722518921
1375,905942,LUAD,5.817608,5.914722442626953
1786,1240169,GBM,2.335125,3.4332239627838135
1168,906790,STAD,1.868014,2.5526909828186035
1177,905979,KIRC,5.116165,6.0377302169799805
1549,1327771,LCML,2.288815,2.090677499771118
2111,683667,MB,4.709847,3.8316757678985596
1854,907069,UNCLASSIFIED,3.868905,4.700660705566406
1083,907071,LIHC,4.946098,5.149443626403809
2047,907043,UNCLASSIFIED,0.598888,1.09148371219635
1919,753585,KIRC,-0.079313,0.13453546166419983
1507,905990,OV,5.544776,5.011574745178223
1854,946370,GBM,5.310478,4.313451766967773
2045,909725,SKCM,5.762818,5.1866302490234375
1180,1299081,SKCM,-2.433852,-3.014145851135254
1511,1299080,SKCM,-1.442521,-1.4942618608474731
1909,909748,COREAD,2.932205,2.8946712017059326
1622,907051,UCEC,4.335307,4.106071472167969
1926,908476,LUAD,-0.959941,-0.4458962678909302
2106,1240128,UNCLASSIFIED,2.421703,4.167258262634277
1073,1330935,UNCLASSIFIED,3.863256,3.7177164554595947
2040,910904,HNSC,1.430548,1.8839982748031616
1614,1240132,MESO,6.544644,5.331162452697754
1049,905974,SKCM,1.617269,2.9837443828582764
2040,905977,SKCM,1.399808,1.8923462629318237
1089,910079,ESCA,4.383946,3.507996082305908
1268,906824,CESC,4.103032,4.682906150817871
2096,908122,BRCA,1.95243,1.7713295221328735
1091,910691,UCEC,4.971366,2.77815318107605
1091,1298537,LUAD,1.149955,1.860426902770996
2109,910710,LCML,1.947354,1.6680742502212524
2043,1480364,OV,5.941438,5.411620140075684
1080,908127,UNCLASSIFIED,-3.061375,-3.5016307830810547
1917,1331036,DLBC,-1.213425,-0.8007893562316895
1933,906856,UNCLASSIFIED,2.788552,1.8586302995681763
1013,1503366,ESCA,4.379358,3.9035704135894775
1036,908455,STAD,3.202906,4.14661979675293
1268,907062,HNSC,4.588988,4.042386054992676
1088,753575,ESCA,6.008472,6.436148643493652
2047,753548,LAML,1.414022,2.446424961090088
1561,688021,SCLC,3.433142,2.9276726245880127
1375,688023,SCLC,5.949236,5.5242462158203125
1786,905959,OV,4.831966,5.732875823974609
1131,1524416,KIRC,2.378195,2.5258984565734863
1613,917486,COREAD,4.669328,3.579047441482544
1624,905984,LGG,2.457197,1.9923566579818726
1910,908447,NB,-2.849339,-1.138235330581665
1079,949178,NB,2.9199,2.315516233444214
1088,753573,ESCA,4.586697,1.3523238897323608
1553,910779,UNCLASSIFIED,4.913829,5.437793731689453
1051,1240137,MESO,1.683283,1.6147786378860474
1200,1240186,SCLC,4.169622,3.7947185039520264
1194,1290769,COREAD,4.999608,2.5580036640167236
1010,907320,ESCA,-0.630857,0.25379905104637146
1046,910930,DLBC,0.356986,-0.4648400545120239
1237,906868,LGG,4.930445,4.612482070922852
1013,906834,MB,2.601204,2.080427408218384
1511,1240196,HNSC,-0.349972,-0.9785279035568237
1079,1240174,UCEC,2.549421,2.050847291946411
2046,907170,NB,1.326859,0.5418795943260193
1621,688014,SCLC,4.483431,5.3276166915893555
1615,749714,BRCA,4.386459,5.566995620727539
1932,906794,UNCLASSIFIED,3.414402,2.947425127029419
2106,1290455,LAML,2.340079,1.9035903215408325
2048,905989,COREAD,-5.076557,-5.009161949157715
1168,735784,ESCA,3.254979,3.402878522872925
1079,1660034,COREAD,2.321051,1.9089980125427246
2040,1240158,LIHC,-0.174362,1.4547655582427979
1564,906790,STAD,-2.654196,-2.948136329650879
1057,1298134,CESC,-1.07214,-0.4995933771133423
1046,907280,LAML,1.693987,1.0469889640808105
1012,1298216,PAAD,2.566118,2.2674598693847656
1191,925345,UNCLASSIFIED,-3.951286,-5.127416610717773
1563,1298529,HNSC,6.270397,6.245830535888672
2040,1480364,OV,1.772725,1.1832630634307861
1010,1298348,LUAD,0.997395,0.414953351020813
1083,907319,ESCA,3.565721,3.418536901473999
1051,1299062,SCLC,2.469721,3.6813018321990967
1131,1298526,PAAD,5.481948,6.409309387207031
1622,684052,UNCLASSIFIED,3.767806,3.473177909851074
1996,908473,LUAD,4.865787,5.133062362670898
1017,907273,UNCLASSIFIED,3.477901,2.9996373653411865
1928,1240158,LIHC,4.211342,4.880658149719238
1849,753623,ESCA,0.228291,-0.7784578800201416
1996,1299064,ESCA,3.568781,3.693812370300293
1190,753586,UNCLASSIFIED,2.44353,0.7804298400878906
1936,949160,UNCLASSIFIED,1.877503,1.6975443363189697
1511,907286,PAAD,0.507275,0.15609252452850342
1006,1298223,LUSC,1.541001,3.1049418449401855
1909,910936,HNSC,3.187512,2.7952566146850586
1004,910698,KIRC,-4.637536,-5.185764312744141
1593,905947,KIRC,3.503674,1.7124497890472412
1250,910851,UNCLASSIFIED,1.272167,0.5347551107406616
2096,908455,STAD,2.997888,2.5555546283721924
1011,907277,ALL,-2.881804,-2.0583348274230957
1372,1240132,MESO,2.584131,3.5898046493530273
1625,924111,HNSC,3.668497,4.482175827026367
1032,909743,ALL,1.337196,1.2484276294708252
2045,908139,STAD,5.757146,5.640578269958496
1046,949168,UNCLASSIFIED,4.2965,2.518977165222168
1926,906795,THCA,-0.465137,0.1961851418018341
1559,1298533,PAAD,-1.741471,-2.812565803527832
1557,907298,UNCLASSIFIED,5.249852,4.582714080810547
1032,906842,DLBC,0.518569,0.682054340839386
1083,687815,LUSC,3.736924,2.3562064170837402
1034,909773,DLBC,-3.458795,-3.0668303966522217
1558,908146,ALL,1.671858,2.3525757789611816
1925,908150,MESO,5.069623,4.883184432983398
1036,908440,NB,3.256224,3.3715739250183105
1909,1290795,UNCLASSIFIED,2.646224,2.466806411743164
1177,1240190,LUAD,4.703794,4.381654262542725
2109,1240179,CESC,2.083223,2.8602631092071533
1199,908122,BRCA,2.868764,3.211094856262207
2111,753584,BLCA,5.044872,4.525521278381348
1622,1327773,DLBC,2.800159,3.521296501159668
1093,1331032,DLBC,4.078223,3.870816946029663
1084,724879,LUSC,-1.215865,-1.515453815460205
1083,1290798,BRCA,4.661498,3.652646541595459
1854,1298151,LIHC,4.81709,4.615544319152832
1036,905947,KIRC,4.706153,4.08132266998291
1940,924105,UNCLASSIFIED,1.945609,3.0495381355285645
1051,906870,LAML,-1.651498,-0.1521146297454834
1917,906871,LGG,1.181301,1.348950743675232
2046,688025,SCLC,4.444239,3.8295891284942627
1007,905967,LUAD,-4.431392,-4.484393119812012
1908,910915,PAAD,3.40602,3.435814380645752
2111,906844,BRCA,1.875748,1.9293192625045776
1089,1480364,OV,5.963237,6.632407188415527
1248,1330973,SCLC,-1.070135,-1.2928410768508911
1927,688025,SCLC,4.422855,4.510344505310059
1617,909720,UNCLASSIFIED,2.887835,0.8433862328529358
1933,905980,KIRC,7.135382,6.450639724731445
1007,907318,ESCA,-6.022564,-6.544314384460449
1922,753594,SCLC,1.769602,2.0626752376556396
1032,907280,LAML,1.317183,1.9585586786270142
1036,909755,COREAD,4.836768,5.823275566101074
1006,1298538,LUSC,1.12124,1.6090118885040283
1933,909262,UNCLASSIFIED,3.363499,2.4457156658172607
1375,688026,SCLC,4.78694,6.314528465270996
1849,753566,BLCA,0.887498,0.43992865085601807
1375,910706,UNCLASSIFIED,4.457323,3.8063013553619385
1088,1303900,BRCA,4.059862,4.303086280822754
1936,909761,COREAD,3.162771,2.9820704460144043
1013,1240131,MESO,6.279006,6.239956855773926
1089,724834,LUAD,4.441708,3.963393211364746
1873,753584,BLCA,1.585573,1.4827672243118286
1249,905970,LUAD,5.074999,5.272928237915039
1913,906839,GBM,4.7238,4.901970863342285
1046,907268,UNCLASSIFIED,0.152116,0.3974824547767639
1168,688121,UNCLASSIFIED,3.416608,3.518646717071533
2046,688031,SCLC,1.874461,1.0160071849822998
1549,905960,BRCA,3.921041,2.9808719158172607
1053,905959,OV,2.997899,3.372546434402466
1559,910689,COREAD,1.464165,2.3561971187591553
1553,906763,ALL,1.910125,2.330782413482666
1799,906801,BRCA,3.977474,2.730243444442749
1625,1240173,COREAD,5.173226,4.93648624420166
1237,924106,BRCA,3.724853,4.955491065979004
1917,1298537,LUAD,3.082739,2.832792043685913
1068,930082,UNCLASSIFIED,0.589904,0.9001210927963257
1635,906763,ALL,4.548163,4.077544212341309
1190,909250,KIRC,3.689536,3.654758930206299
1004,907273,UNCLASSIFIED,-5.961096,-5.465012550354004
1005,753556,LUSC,2.502636,3.429175853729248
1003,949163,UNCLASSIFIED,-4.616095,-4.68403434753418
1578,1298218,PAAD,4.489436,5.337323188781738
1915,909717,UNCLASSIFIED,2.544901,2.7475388050079346
1913,1330931,LCML,3.751375,3.873408317565918
1191,909975,UNCLASSIFIED,-3.509312,-3.9531619548797607
1080,1240122,HNSC,-1.467252,-0.9426964521408081
1912,908129,UCEC,2.131837,1.5731229782104492
1068,684052,UNCLASSIFIED,1.013831,0.4901849627494812
1560,909732,UNCLASSIFIED,3.365732,3.5786397457122803
1635,909731,UNCLASSIFIED,4.520654,4.2661542892456055
2109,906808,SCLC,4.429524,3.2617132663726807
1924,907323,UNCLASSIFIED,3.290035,4.3612518310546875
1558,1503367,ESCA,4.330608,3.766493558883667
2046,907286,PAAD,4.515656,4.272916793823242
1853,909774,UNCLASSIFIED,4.607002,4.746569633483887
1557,909709,HNSC,3.956952,4.159191131591797
1200,909260,ALL,2.898102,2.3405921459198
1560,1290771,COREAD,5.408584,3.1274898052215576
1507,909776,UNCLASSIFIED,5.13787,5.001384735107422
2106,1240127,UCEC,1.734038,0.4030415117740631
1049,724868,LUAD,3.564971,3.35756254196167
1079,1298537,LUAD,2.435756,1.8409216403961182
1933,910698,KIRC,3.640595,3.5762312412261963
1786,905974,SKCM,2.499531,2.9453587532043457
1553,946359,BRCA,1.949562,2.88244891166687
1003,930298,CESC,-1.880913,-0.6749038696289062
1618,949153,ALL,2.3957,1.9421107769012451
1613,1330947,LAML,-1.767064,-0.6328504085540771
2109,1240198,OV,2.233884,2.229856014251709
1873,753594,SCLC,1.285276,1.2278087139129639
1853,1298539,UNCLASSIFIED,4.127794,4.953012466430664
1915,753589,SCLC,2.629822,3.7844815254211426
1578,906849,UNCLASSIFIED,3.911827,4.727445602416992
1799,905944,LUAD,4.836303,3.4918460845947266
1618,910934,DLBC,2.637298,2.397587776184082
1017,910692,SCLC,4.06851,3.342534065246582
1047,917486,COREAD,4.763346,4.860272407531738
1862,909745,GBM,-2.015302,-1.9661200046539307
1091,908152,MESO,1.025121,2.890275239944458
1925,905974,SKCM,5.110387,4.468811988830566
1624,909754,UNCLASSIFIED,4.394964,4.856466293334961
2111,1240218,PAAD,6.692811,6.171869277954102
1625,905933,OV,5.652627,5.174684524536133
1049,949172,NB,4.274708,3.63614821434021
1068,1240185,LUAD,2.466761,1.5718235969543457
1936,687455,BLCA,3.09352,2.523406982421875
1849,1290808,MESO,0.646466,0.23520635068416595
1576,1290808,MESO,3.473507,3.120593547821045
2110,1298169,KIRC,5.658218,4.347397804260254
1853,1299059,HNSC,5.200546,3.9789483547210693
1179,907071,LIHC,3.070779,3.392627716064453
1927,905968,OV,5.582477,4.439682960510254
1510,906836,UNCLASSIFIED,2.353357,2.6056969165802
1852,908149,UNCLASSIFIED,5.345354,4.728879928588867
1909,909708,HNSC,1.971318,1.724858283996582
1911,907783,LCML,-6.235371,-5.955425262451172
1930,1247871,ALL,0.848657,0.2536769211292267
1629,924110,UNCLASSIFIED,4.608078,4.196616172790527
1614,1240209,STAD,3.351276,3.3293049335479736
2109,1240143,LUSC,4.283414,4.130751609802246
1507,905991,OV,4.947456,4.27633810043335
1237,1240202,LUAD,5.809426,5.8364763259887695
1068,906831,UNCLASSIFIED,-1.035094,0.9940890073776245
1558,907056,UNCLASSIFIED,3.4985,3.1428139209747314
1915,1240131,MESO,4.061495,4.026613235473633
1561,1290769,COREAD,4.522143,3.079561471939087
1259,906875,NB,2.023719,2.054048776626587
1180,907045,BRCA,0.264815,-0.3304860591888428
1080,910919,DLBC,-4.603052,-4.976631164550781
2106,909721,LUAD,6.458561,5.798687934875488
1593,907795,COREAD,1.316572,2.0499558448791504
1058,1331045,DLBC,3.324119,3.324476957321167
1085,753561,HNSC,2.092935,1.712651014328003
1917,687820,LUAD,4.573262,4.8343400955200195
1022,684062,UNCLASSIFIED,-0.709077,-0.14300930500030518
1928,907273,UNCLASSIFIED,2.6154,3.1531965732574463
1855,1290455,LAML,4.327391,2.0420875549316406
2040,687980,SCLC,-0.401043,0.6545542478561401
1928,735784,ESCA,4.273149,5.228000640869141
1627,910904,HNSC,2.800237,3.0907018184661865
1049,909257,OV,3.934979,3.776826858520508
1933,909708,HNSC,3.625534,4.280803680419922
1853,753594,SCLC,3.345322,3.3728694915771484
1799,908476,LUAD,5.711227,5.051197052001953
1372,688027,SCLC,2.593855,2.733741521835327
1010,909723,SKCM,4.84462,5.207578659057617
1916,1240151,STAD,2.546415,2.555954694747925
1079,1290730,BLCA,-0.91383,-0.7469208240509033
1852,906865,SKCM,5.205273,4.585644721984863
1908,906801,BRCA,3.853005,3.2508938312530518
1248,906818,SKCM,-4.028013,-1.9488463401794434
1068,1503364,STAD,2.174958,2.0128235816955566
1372,753608,LUAD,0.128755,0.4086540639400482
1617,1298348,LUAD,-3.939726,2.701871633529663
1564,949093,BRCA,6.541927,6.702486038208008
2111,905952,ALL,0.976974,1.8032569885253906
1855,1298358,STAD,4.549359,4.862835884094238
1006,910691,UCEC,2.932573,2.652832269668579
1005,1240181,NB,2.979787,2.4077870845794678
2048,925347,PAAD,1.689129,2.162478446960449
1919,908445,STAD,2.628342,2.741151809692383
1626,688011,SCLC,3.557556,3.1616036891937256
1047,906869,STAD,5.539205,5.327618598937988
1854,908457,COREAD,4.926563,4.615462303161621
1936,753583,HNSC,1.079862,2.2390332221984863
1997,1480364,OV,5.991199,3.364743947982788
1089,910941,NB,0.815466,1.4076310396194458
1928,1298218,PAAD,6.277375,5.880402565002441
2047,906837,HNSC,2.024273,1.9626553058624268
1620,1240145,LUAD,5.462288,4.901040077209473
1089,1240172,BRCA,5.152211,4.5139312744140625
1613,909756,UNCLASSIFIED,5.059478,5.097601890563965
1073,907281,MM,4.147036,3.351325750350952
1250,905972,LUAD,1.898691,2.832477569580078
1180,1290771,COREAD,-1.120329,-1.8915901184082031
1853,1240138,MESO,5.934164,5.120944976806641
1005,1298476,PAAD,8.13717,6.828327178955078
1073,1503368,ESCA,5.118552,6.235343933105469
1913,749709,BRCA,3.786246,4.416130542755127
1194,909748,COREAD,1.906778,2.2810776233673096
1179,1298476,PAAD,3.043379,3.601219892501831
1017,1240166,UNCLASSIFIED,1.877624,1.5484493970870972
1615,906836,UNCLASSIFIED,4.229039,2.9751436710357666
1625,910689,COREAD,7.709982,8.06336784362793
1529,1298168,KIRC,2.764378,0.3280641436576843
1259,1299059,HNSC,4.176077,3.909299373626709
1594,1330995,DLBC,5.224359,4.9872331619262695
2045,1298357,STAD,6.483525,6.117640495300293
1004,905951,BRCA,-2.224566,-3.2321956157684326
1629,1330993,PRAD,5.816524,4.364811897277832
1375,724866,LUAD,6.120966,6.489972114562988
1931,906851,BRCA,5.234269,5.502248764038086
1916,907794,COREAD,1.261466,1.8826472759246826
1372,908451,LAML,-4.379354,-4.878871917724609
2107,1240221,UNCLASSIFIED,4.482248,4.050697326660156
2096,930298,CESC,2.178949,2.701857805252075
2096,1295741,MM,1.254709,1.9657363891601562
1004,946358,ALL,-5.731777,-4.497554779052734
1057,1330964,SCLC,-0.678033,-0.09840166568756104
2045,907796,UNCLASSIFIED,5.59274,6.437990188598633
2043,910948,BRCA,6.077881,5.999641418457031
1910,907273,UNCLASSIFIED,3.47105,2.35099458694458
1180,908159,UNCLASSIFIED,-4.187258,-3.7914721965789795
1373,910920,KIRC,4.248318,4.81488037109375
1617,905972,LUAD,1.512847,2.921203851699829
1191,946358,ALL,-5.483383,-5.671426773071289
2172,946359,BRCA,3.742327,2.433079242706299
1239,1331032,DLBC,0.79263,1.8004295825958252
2045,908448,LAML,1.237651,3.354761838912964
1928,749712,BRCA,4.517961,3.3781962394714355
1053,1290806,STAD,1.823452,1.5306445360183716
1080,1290808,MESO,0.09065,0.487375944852829
1507,907291,COREAD,4.58421,4.530779838562012
1511,924111,HNSC,-2.423817,-2.208242416381836
1200,1290724,HNSC,2.542901,2.6121299266815186
1627,909716,UNCLASSIFIED,2.760883,2.6651618480682373
1614,907051,UCEC,5.533269,5.585588455200195
1091,909761,COREAD,2.154148,1.2668843269348145
1054,909975,UNCLASSIFIED,5.849024,5.666330337524414
1085,753584,BLCA,3.177817,3.482661247253418
1627,909975,UNCLASSIFIED,4.142613,3.8898494243621826
1996,908461,STAD,4.229548,4.814089775085449
1268,908126,LCML,4.450615,3.3663737773895264
1852,910915,PAAD,6.903247,6.10124397277832
1079,909256,BRCA,3.255763,2.851846218109131
1908,1290810,MESO,4.018223,2.2794742584228516
1239,908130,UCEC,3.137752,3.9948997497558594
1924,910850,LIHC,6.341524,5.943011283874512
1620,907298,UNCLASSIFIED,3.902792,4.948627471923828
1936,753615,MM,2.912235,3.440953493118286
1621,1503366,ESCA,5.156729,5.392605781555176
1003,1240127,UCEC,1.460638,0.7613896131515503
1034,905951,BRCA,-4.458438,-3.7161495685577393
2109,753555,ESCA,2.169544,2.2541847229003906
1911,753575,ESCA,-3.672869,-4.144646644592285
1190,909253,LAML,-2.493901,-2.0119893550872803
1073,925340,STAD,2.796102,2.7590277194976807
1928,910920,KIRC,3.565952,3.4436047077178955
1083,905958,ALL,2.604395,3.348011016845703
1083,1327774,UNCLASSIFIED,2.419057,0.9088752269744873
1563,753576,ESCA,6.557811,6.580798149108887
1925,907287,COREAD,5.024042,4.557501792907715
1578,906765,MM,3.527637,3.7375833988189697
1047,687777,LUAD,5.82798,5.833278656005859
1179,1298348,LUAD,0.854728,0.8351757526397705
1593,749716,BRCA,1.561636,2.13966703414917
1047,1247871,ALL,-0.506416,1.1760194301605225
1084,1659818,MM,-3.431071,-3.3110945224761963
1004,1659928,COREAD,-6.072786,-6.169893264770508
1941,909757,COREAD,-0.67683,-2.6452267169952393
1022,906871,LGG,-1.371545,-0.7146004438400269
1131,1240179,CESC,6.112061,4.692495346069336
1088,905970,LUAD,5.796013,5.142894744873047
2045,722046,LUAD,4.768226,3.946701765060425
1996,687514,CESC,3.785394,3.859750986099243
1613,905940,LCML,4.705348,3.370837688446045
1529,1298475,PAAD,0.737606,1.2538418769836426
1560,749714,BRCA,3.968692,3.3141345977783203
1786,949156,UNCLASSIFIED,1.57294,2.897477149963379
1557,1240208,PAAD,5.975375,5.165928840637207
1578,949167,UNCLASSIFIED,5.305616,4.828557014465332
1614,905986,GBM,4.014727,4.732291221618652
1034,905964,MM,-4.647274,-3.71268630027771
1620,1331049,UNCLASSIFIED,4.680475,4.701898574829102
1083,905969,OV,2.786291,3.4937121868133545
1177,1331049,UNCLASSIFIED,2.221868,2.576523542404175
1576,908138,UNCLASSIFIED,3.431723,3.2595064640045166
1849,909708,HNSC,-0.07645,-1.9819087982177734
1996,907069,UNCLASSIFIED,5.918704,3.812488317489624
1177,909720,UNCLASSIFIED,3.784211,3.826303243637085
1593,1298151,LIHC,0.241705,2.053384304046631
1909,946355,ESCA,0.814198,2.148170232772827
1853,910549,ESCA,5.097476,4.298511505126953
1936,688121,UNCLASSIFIED,2.225363,3.21164870262146
1093,687568,GBM,5.118772,4.57646369934082
1190,749712,BRCA,4.296341,1.1408805847167969
1053,1240155,STAD,2.696944,1.6393718719482422
1004,1298226,LUSC,-4.963075,-4.984627723693848
1512,910937,SCLC,4.170089,4.348156929016113
1997,688010,SCLC,-1.492528,0.7558552026748657
2046,753620,NB,0.067671,0.9130435585975647
1630,1480362,OV,6.304601,4.741523742675781
2107,1330973,SCLC,6.591302,6.490362167358398
1933,1298475,PAAD,6.012066,5.3383636474609375
1549,1660034,COREAD,2.871799,2.8183681964874268
2110,905962,COREAD,4.21226,5.195667266845703
1239,949158,UNCLASSIFIED,0.055487,-0.4463809132575989
1926,753621,ESCA,1.58081,0.7536715269088745
1058,909749,BLCA,1.259663,1.6495860815048218
1036,1240208,PAAD,5.47981,5.549564361572266
1373,907057,LIHC,5.212622,4.095361709594727
1625,905974,SKCM,4.681538,4.019649505615234
1615,910933,GBM,3.487053,3.910517692565918
1190,910401,UNCLASSIFIED,-0.157664,0.39142316579818726
1051,910569,COREAD,1.778049,0.5087628364562988
2040,1240189,SCLC,0.360839,0.34146803617477417
1011,1503370,LUAD,2.821918,3.1630866527557373
1593,909728,LUSC,3.65611,3.815690517425537
1512,924102,THCA,5.108032,5.6933488845825195
1177,1480372,OV,6.110542,6.287501335144043
1200,687514,CESC,3.289431,2.860450506210327
1912,1503365,ESCA,1.920816,2.0102438926696777
1179,910932,SKCM,0.760751,1.6766331195831299
1559,909748,COREAD,0.560183,-0.533272922039032
2043,1298151,LIHC,4.751889,4.706092834472656
1512,908130,UCEC,6.171092,5.365506172180176
1512,1331038,DLBC,2.879129,3.6511895656585693
1003,1290814,MESO,-1.159551,-2.7306602001190186
1630,1240166,UNCLASSIFIED,3.863601,2.987616777420044
1917,910933,GBM,1.132964,2.783395528793335
1625,1240208,PAAD,4.750794,5.300556182861328
1375,1503364,STAD,5.763339,5.562034606933594
1563,908150,MESO,5.985377,5.317432403564453
1918,1290809,MESO,4.153118,2.2467174530029297
1564,909735,UCEC,2.733942,2.3523178100585938
1005,907274,DLBC,2.855259,2.073124408721924
1621,907312,BLCA,3.685988,3.2344000339508057
1925,906696,THCA,4.253873,4.520240783691406
1511,910943,GBM,-0.297138,0.3637733459472656
1558,1298136,PAAD,6.667191,4.497162818908691
1635,907043,UNCLASSIFIED,4.540281,3.827108144760132
1849,907272,ALL,-2.2508,-1.2828664779663086
1237,908474,UNCLASSIFIED,4.210416,4.7954511642456055
1931,905977,SKCM,6.422533,6.330869674682617
1084,908138,UNCLASSIFIED,-0.898638,-2.1882870197296143
1375,687820,LUAD,8.72677,8.017287254333496
1060,1240192,SCLC,2.316666,1.7955577373504639
2045,910927,BRCA,5.510941,4.793758392333984
2040,946382,BRCA,1.949387,2.349195957183838
1915,910911,HNSC,1.908933,0.778978168964386
1593,906765,MM,0.64931,0.0986345112323761
2040,753572,PAAD,-0.730418,0.3550249934196472
1936,908448,LAML,2.204113,1.4893451929092407
1053,1240190,LUAD,2.07568,2.9673523902893066
1916,909735,UCEC,2.362408,2.8769421577453613
1927,753562,HNSC,4.141385,4.064446926116943
1576,1240121,HNSC,3.114494,2.4289350509643555
1917,909699,UNCLASSIFIED,2.578252,4.107233047485352
1932,905967,LUAD,2.385892,2.4961905479431152
1073,909257,OV,3.188337,2.8998448848724365
1058,753555,ESCA,0.201055,0.1793854534626007
2046,910924,STAD,1.634005,2.620030641555786
1180,724870,PAAD,-3.071943,-1.6877391338348389
1932,688031,SCLC,2.492027,1.9627357721328735
1191,907298,UNCLASSIFIED,-5.388305,-5.139381408691406
1129,909256,BRCA,0.803445,1.4687309265136719
1626,687787,LUSC,4.351402,2.809285879135132
1563,753547,SCLC,4.72291,4.5854291915893555
1852,753539,UNCLASSIFIED,5.092239,4.263197898864746
1004,908121,BRCA,-5.964192,-5.50546932220459
2040,910548,OV,2.22145,1.33182692527771
1004,1659818,MM,-5.463656,-5.773704528808594
1179,724869,PAAD,1.332075,1.210793375968933
1618,909722,UNCLASSIFIED,2.665511,2.8831183910369873
1375,906820,NB,4.029018,5.511566162109375
1049,909253,LAML,3.048691,3.098628282546997
1046,907278,LAML,1.025467,0.7716497778892517
1593,906826,BRCA,4.610282,4.301531791687012
1939,949161,UNCLASSIFIED,1.677408,1.281890869140625
2110,1298358,STAD,5.186921,4.346975326538086
1054,906875,NB,4.965533,2.9984936714172363
1627,905941,LUSC,5.377241,4.7393798828125
1046,910906,UNCLASSIFIED,0.493888,0.4891356825828552
1512,1331045,DLBC,4.318162,4.629446983337402
1168,753583,HNSC,2.036046,3.067643880844116
1939,687459,BLCA,3.77355,3.0516953468322754
1079,908150,MESO,-0.849981,1.7562787532806396
1179,909699,UNCLASSIFIED,1.284518,1.0117850303649902
1529,908458,COREAD,0.860807,1.815901279449463
1557,905938,LAML,3.809514,3.6803691387176514
1926,753563,MM,-0.489146,-0.4530861973762512
1915,908455,STAD,0.928183,0.8404127359390259
1558,1240141,MESO,4.047549,2.762054204940796
1919,907069,UNCLASSIFIED,1.040377,0.8391814231872559
1634,924244,LUAD,5.246649,4.361051559448242
1057,753554,LUSC,-2.431461,-1.7388763427734375
1634,910919,DLBC,1.583657,2.213315963745117
1375,910948,BRCA,7.893553,7.240139961242676
1622,1240187,LUAD,4.04495,4.318702220916748
1010,1298529,HNSC,3.83773,3.665260076522827
1507,722066,LUAD,4.441473,5.264948844909668
2047,906805,LUAD,0.694456,3.4494264125823975
2048,1290905,BRCA,-0.112958,0.7958197593688965
1632,1240172,BRCA,4.653063,4.343617916107178
1003,910702,PAAD,2.456639,1.494804859161377
1873,910944,ALL,0.140349,0.5579720139503479
1073,688087,NB,6.757237,6.029232978820801
1084,908129,UCEC,-1.054692,-1.2131403684616089
1268,907065,BLCA,6.22276,5.3753662109375
1925,905979,KIRC,6.025332,5.665146827697754
1997,907268,UNCLASSIFIED,2.952057,3.6093382835388184
1563,906830,SKCM,6.482596,6.633241653442383
1250,1240198,OV,3.905055,2.555182695388794
1086,1240172,BRCA,3.118681,1.3538271188735962
1529,906844,BRCA,-3.946638,-1.6167638301849365
1007,907280,LAML,-4.121865,-5.008920669555664
1053,687798,LUAD,3.542711,3.4109559059143066
1017,909755,COREAD,4.874011,4.991752624511719
1624,910921,SKCM,2.316791,2.399108648300171
1564,1660036,COREAD,2.168135,2.3534717559814453
1010,753600,LUAD,3.16342,3.6087515354156494
1629,906853,UNCLASSIFIED,5.397674,5.207955360412598
2107,1240153,SKCM,3.488927,4.0916748046875
1561,907789,ALL,-0.06398,0.26795732975006104
1051,907062,HNSC,3.280443,3.432209014892578
2048,909976,UNCLASSIFIED,-5.307629,-4.766702651977539
2107,925341,UNCLASSIFIED,5.226944,4.553484916687012
1068,1240144,UNCLASSIFIED,2.080946,1.3764864206314087
1080,1303900,BRCA,-0.562589,-2.12772798538208
1622,908150,MESO,3.646184,3.4672300815582275
1007,1480372,OV,-3.374355,-3.0053157806396484
1049,1298476,PAAD,7.126945,6.475359916687012
1933,1290809,MESO,4.095601,4.684379577636719
2045,909718,COREAD,4.570142,4.447919845581055
1854,906821,PAAD,5.720624,5.436525344848633
1060,906812,BRCA,0.970915,1.1914358139038086
1916,949153,ALL,1.895345,1.1765328645706177
1190,908440,NB,-3.675494,-4.051608085632324
1618,1503371,ESCA,4.313118,3.085834503173828
2040,688087,NB,0.227588,0.4499100148677826
1510,909743,ALL,3.736072,3.4668948650360107
1924,909725,SKCM,3.701642,4.659974098205566
2110,1290809,MESO,6.644741,5.479738235473633
2044,924107,CESC,2.416523,2.7209744453430176
1068,687995,SCLC,1.60412,1.1872265338897705
1936,753584,BLCA,2.640622,2.3685483932495117
1855,909761,COREAD,6.20506,4.589443206787109
1010,722046,LUAD,1.420586,1.983776569366455
1593,1298358,STAD,2.699538,2.3066747188568115
1372,687563,GBM,0.402776,0.7466554641723633
1786,905945,BRCA,2.822527,2.096374988555908
1017,910922,KIRC,4.569357,4.565041542053223
1372,907055,STAD,2.249887,1.0174140930175781
2045,907280,LAML,4.313343,4.2677459716796875
1051,905983,GBM,2.864057,2.9237515926361084
1625,910906,UNCLASSIFIED,2.733318,3.1829333305358887
1073,906693,PAAD,4.286992,5.072234153747559
1912,1298168,KIRC,1.963145,1.2694885730743408
1510,688087,NB,1.841316,1.9272868633270264
1068,753546,SKCM,0.851527,2.133047103881836
1051,1659818,MM,2.65313,1.2081739902496338
1017,1322224,STAD,3.808938,2.6484620571136475
1168,905938,LAML,3.022104,2.0047101974487305
1849,1240132,MESO,3.404757,0.6216644048690796
1862,687821,LUAD,0.947835,-1.2845380306243896
1932,909740,COREAD,3.892063,4.701467514038086
1011,910710,LCML,-3.278958,-2.525444746017456
1557,749715,BRCA,5.503711,4.43667459487915
1017,1479988,OV,4.184526,4.589752197265625
1931,753532,HNSC,5.844799,5.289223670959473
2111,909740,COREAD,4.389593,5.061574935913086
1786,910849,UNCLASSIFIED,1.503723,0.8463899493217468
2047,907042,LGG,3.109862,1.8054534196853638
1622,753614,ESCA,4.605882,4.16489315032959
1199,1503361,ESCA,3.062429,3.827204465866089
1626,907320,ESCA,2.210783,2.3880765438079834
1191,1290809,MESO,-5.03093,-5.180270195007324
1047,1503370,LUAD,2.803877,3.7120776176452637
2047,909718,COREAD,-0.670585,-0.7677338123321533
1011,1290730,BLCA,1.714389,2.195991277694702
1058,907050,UNCLASSIFIED,4.03584,3.977837324142456
1931,905975,SKCM,5.750454,5.460027694702148
1916,910705,UNCLASSIFIED,1.965651,2.512824773788452
1915,910568,THCA,3.023107,3.1534316539764404
1918,687816,LUAD,3.10431,2.5266172885894775
1003,688031,SCLC,-2.897812,-2.600132703781128
1930,909252,ALL,-0.121556,0.16770204901695251
1936,1240140,UNCLASSIFIED,2.418614,3.780426263809204
1926,910937,SCLC,0.137817,0.2841654419898987
1093,917486,COREAD,4.619308,4.875723838806152
2106,1303912,UNCLASSIFIED,2.363589,3.7254979610443115
1079,949163,UNCLASSIFIED,3.437461,2.8370282649993896
2048,949178,NB,-4.882331,-6.0175018310546875
1375,910941,NB,6.19692,4.842848777770996
1630,905950,KIRC,2.480001,2.6468746662139893
1034,1240122,HNSC,-2.32675,-1.6633532047271729
1191,909262,UNCLASSIFIED,-5.481587,-5.73628044128418
1624,753623,ESCA,3.134801,2.8750674724578857
1940,1327769,DLBC,2.780905,3.1008923053741455
1191,906868,LGG,-5.530464,-5.388027191162109
1068,906848,UNCLASSIFIED,1.853194,0.975750207901001
1083,910924,STAD,3.922377,1.9595000743865967
1622,753551,SCLC,3.084368,3.602673292160034
1054,910924,STAD,3.223218,2.0602574348449707
1996,1330985,LAML,3.116705,2.357110023498535
1786,687983,SCLC,1.395375,1.7311817407608032
1635,1290730,BLCA,5.353068,5.267230033874512
1191,753583,HNSC,-5.452175,-4.093988418579102
1918,909974,KIRC,2.035691,3.0443317890167236
1036,749712,BRCA,4.042838,4.163582801818848
2109,906846,UNCLASSIFIED,4.387544,1.9986375570297241
1614,687821,LUAD,8.136281,7.766521453857422
1083,1298216,PAAD,4.689328,4.105502128601074
1873,1303900,BRCA,2.509424,2.0233774185180664
1131,907057,LIHC,2.784777,4.859906196594238
1022,1503361,ESCA,-0.029002,-0.13604748249053955
1012,753610,SCLC,0.163647,1.3978512287139893
1631,753574,ESCA,3.149498,4.210149765014648
1922,1330995,DLBC,2.231932,2.4131412506103516
1915,910549,ESCA,2.068818,2.08834171295166
1034,905972,LUAD,-3.660091,-4.095541954040527
1853,908443,LUSC,4.62418,4.639495849609375
2048,907290,UNCLASSIFIED,1.189662,0.26852288842201233
1237,687562,GBM,4.565032,4.163263320922852
1054,910930,DLBC,2.20248,2.2229485511779785
1057,1322212,SCLC,-2.122937,-1.8422551155090332
1563,1240221,UNCLASSIFIED,4.003021,4.416667938232422
2048,1298537,LUAD,-2.843234,-0.9932698011398315
1873,753620,NB,0.188074,0.00869634747505188
1200,949158,UNCLASSIFIED,2.724966,2.408143997192383
1910,1290813,MESO,2.060207,2.8362326622009277
1085,1298222,ESCA,1.984531,2.431396007537842
1268,753620,NB,4.364598,4.597365379333496
1997,687995,SCLC,2.410564,1.1521711349487305
1622,908122,BRCA,3.34418,2.827660322189331
1022,1298136,PAAD,0.608473,1.435149908065796
1852,753565,SCLC,5.1706,4.617888450622559
1855,911905,OV,4.949293,7.297471046447754
1560,1322224,STAD,0.632655,1.6486937999725342
1913,1240129,OV,5.384087,5.256765365600586
1177,907272,ALL,3.904922,3.4391729831695557
2109,1299050,HNSC,3.403348,2.6463277339935303
1012,907792,COREAD,1.744826,1.8824894428253174
1036,909974,KIRC,4.901967,5.799463272094727
1799,1674021,COREAD,6.325963,5.616497039794922
1557,908444,STAD,5.147504,4.377667427062988
2044,1327766,MM,2.220083,2.851909637451172
1047,906801,BRCA,5.027433,5.491162300109863
1237,688025,SCLC,4.13991,4.475216865539551
1594,910694,GBM,5.156087,4.873663902282715
1598,910900,LUAD,2.947966,2.673654079437256
1925,1240168,GBM,3.894813,4.642782211303711
1622,907298,UNCLASSIFIED,4.707265,3.294663906097412
2111,1299075,PRAD,4.642367,4.67086124420166
1073,906798,BLCA,4.410077,3.4835879802703857
2046,949157,UNCLASSIFIED,2.99436,3.127739191055298
1032,906853,UNCLASSIFIED,6.015747,3.6368930339813232
1086,949093,BRCA,2.904397,4.000210762023926
1060,1240190,LUAD,-0.727086,-0.6604553461074829
1005,909717,UNCLASSIFIED,3.311262,2.2281899452209473
1239,906827,UNCLASSIFIED,2.501381,1.0707011222839355
1624,909718,COREAD,5.332688,6.2990875244140625
1512,909698,COREAD,4.635714,4.922922134399414
1924,1240141,MESO,5.057755,5.164212226867676
1578,1240142,LUSC,5.032588,4.269630432128906
1200,925345,UNCLASSIFIED,2.799354,2.4661765098571777
1908,1503363,ESCA,1.317941,2.7453627586364746
1909,908475,LUAD,2.665554,2.64670467376709
1177,905971,COREAD,3.879767,3.810420274734497
1621,908138,UNCLASSIFIED,3.686386,4.367327690124512
1375,908462,MESO,6.486832,6.437106132507324
1918,1240216,LIHC,4.589684,4.1357526779174805
2096,946359,BRCA,5.310711,5.086779594421387
2046,753592,LUAD,2.77483,2.95619797706604
1032,753615,MM,2.241561,1.5079561471939087
1634,907173,MESO,3.839272,3.9565579891204834
1180,1240131,MESO,1.5295,0.9844204187393188
1510,724834,LUAD,3.694768,3.9919593334198
1084,949179,NB,-4.219045,-1.6144866943359375
1083,1240198,OV,4.681849,4.189289093017578
1852,906820,NB,5.443772,4.378637313842773
1873,1299080,SKCM,0.61333,0.9469559192657471
2106,905980,KIRC,3.877725,4.0396623611450195
1873,907067,SKCM,0.897289,0.780962347984314
1621,907271,LGG,4.541943,4.383340358734131
1855,907072,UNCLASSIFIED,3.036195,3.4775025844573975
1006,1660035,COREAD,4.500941,4.45531702041626
1917,906875,NB,-0.083157,0.9417210817337036
1084,907277,ALL,-3.770553,-3.4725959300994873
1910,753566,BLCA,1.914745,2.753737211227417
1237,906805,LUAD,5.850387,5.731609344482422
1919,998184,ALL,1.479728,0.7593847513198853
1529,910915,PAAD,5.331325,4.166137218475342
1199,749715,BRCA,3.184994,2.76159930229187
1997,687983,SCLC,3.181273,3.9154794216156006
1927,908129,UCEC,5.447124,4.987458229064941
1068,1299062,SCLC,1.261725,2.0018556118011475
1622,908152,MESO,4.573395,5.011568069458008
1017,753623,ESCA,4.345657,3.6443309783935547
1529,688026,SCLC,5.126081,1.592566967010498
1034,925341,UNCLASSIFIED,-1.83537,-2.311922073364258
1003,908470,MESO,-0.413604,0.1517621874809265
1005,946357,UNCLASSIFIED,0.796556,0.6527500152587891
1997,907278,LAML,3.992232,3.0918614864349365
2048,905973,UNCLASSIFIED,-0.456805,0.3254902958869934
1932,909253,LAML,4.090402,3.7533352375030518
1620,909745,GBM,5.717164,5.215069770812988
1618,905960,BRCA,4.043859,3.3606643676757812
1593,1240215,UNCLASSIFIED,3.252836,3.0725927352905273
1852,1503361,ESCA,4.484826,4.693563461303711
1073,905967,LUAD,4.098019,4.692540168762207
1553,930297,CESC,5.557337,4.222482681274414
1085,907299,UNCLASSIFIED,2.081953,0.9819629788398743
1237,753612,MM,5.191523,4.865106582641602
1625,905946,BRCA,6.000223,5.55113410949707
1003,910904,HNSC,-2.203023,-2.12821102142334
1924,713880,SCLC,3.061456,2.8789727687835693
1060,906838,UNCLASSIFIED,1.215463,1.263775110244751
1924,749712,BRCA,1.653354,1.5935245752334595
1237,1298136,PAAD,6.185238,6.884111404418945
1629,1331048,DLBC,3.638612,3.1349189281463623
1629,906696,THCA,4.13593,4.1072282791137695
1939,907268,UNCLASSIFIED,2.426821,2.045266628265381
1618,908444,STAD,2.919907,3.1582682132720947
1199,753556,LUSC,4.894786,2.883584499359131
1200,753585,KIRC,3.63966,3.209357738494873
1613,1298347,LUAD,4.428653,4.684039115905762
2046,906856,UNCLASSIFIED,-3.590156,0.3565022945404053
2045,949153,ALL,0.720524,3.143280506134033
1922,687563,GBM,0.540072,0.6651646494865417
1919,910689,COREAD,2.963439,2.9616518020629883
1375,687561,GBM,5.499546,5.537361145019531
1200,684052,UNCLASSIFIED,2.363371,2.4384939670562744
1576,910927,BRCA,3.292673,2.9175024032592773
1615,687995,SCLC,5.108239,4.694802284240723
1051,687777,LUAD,2.494903,3.5318007469177246
1629,907323,UNCLASSIFIED,3.083891,2.813068389892578
1933,905941,LUSC,7.749172,7.490874290466309
1940,908132,UNCLASSIFIED,2.787453,2.5656328201293945
1849,1298157,BRCA,1.401214,0.8348872661590576
1627,1480371,OV,3.383834,3.0815207958221436
1529,907069,UNCLASSIFIED,1.560527,0.4778186082839966
1190,909743,ALL,-4.18236,-4.178365707397461
2047,1298347,LUAD,0.424192,3.404299020767212
1909,909264,UNCLASSIFIED,3.257275,1.550050139427185
1936,946360,OV,2.410982,2.958588123321533
1200,1480362,OV,3.829513,3.6946218013763428
1626,906843,CESC,0.958627,1.8623273372650146
1855,909756,UNCLASSIFIED,4.555273,5.222537994384766
1006,724879,LUSC,2.998867,1.150315284729004
1091,1330972,SCLC,2.379803,1.310076117515564
1560,1240131,MESO,6.549292,6.496430397033691
1058,908125,SKCM,2.964792,3.1349618434906006
1564,1503363,ESCA,4.035984,2.986558675765991
1930,906833,MB,-0.241295,-0.4071757197380066
1549,1299078,SKCM,3.901105,4.208434104919434
1854,724855,UNCLASSIFIED,5.654637,5.40349006652832
1083,1299078,SKCM,3.397495,3.0659339427948
1057,909697,STAD,-2.095649,-0.8729593753814697
1927,1240197,OV,5.619753,5.657629013061523
1004,687590,GBM,-1.469656,-2.796121835708618
1250,905939,COREAD,2.511332,1.8402881622314453
1085,909907,BRCA,2.076422,3.1062190532684326
1617,946357,UNCLASSIFIED,1.679858,1.4829912185668945
1058,1330993,PRAD,1.525636,1.6322267055511475
1873,909975,UNCLASSIFIED,3.318432,2.0470528602600098
1003,906827,UNCLASSIFIED,-2.838601,-2.548131227493286
1079,910700,COREAD,1.596288,0.5092918276786804
1375,908461,STAD,7.409877,7.229572296142578
1239,1298347,LUAD,5.303275,5.497035026550293
1560,905977,SKCM,5.820459,5.365732192993164
1911,910915,PAAD,-1.712567,-1.898674726486206
1372,949165,UNCLASSIFIED,0.82183,1.7917702198028564
2045,1290809,MESO,6.200356,5.837082862854004
1089,910779,UNCLASSIFIED,6.129502,6.5652666091918945
1372,1240158,LIHC,0.322951,0.6544208526611328
1046,949093,BRCA,3.335111,6.930388450622559
1199,909753,OV,5.60264,4.5973052978515625
1560,1298365,OV,3.679685,3.072026252746582
1080,1298348,LUAD,1.724076,0.7224417924880981
1085,907056,UNCLASSIFIED,2.420507,2.196545124053955
1922,687819,LUAD,3.137845,3.4955201148986816
1932,906830,SKCM,3.459047,2.9858031272888184
1927,924110,UNCLASSIFIED,5.10901,4.9131269454956055
1997,905934,PRAD,4.26952,2.179853916168213
1625,687561,GBM,4.172442,4.6663818359375
1576,924107,CESC,2.635986,1.9261183738708496
1862,907289,COREAD,-1.957875,-1.3531615734100342
1511,753615,MM,-0.707515,-0.45704084634780884
1615,909748,COREAD,5.690014,5.390041351318359
2106,906875,NB,3.877441,4.599867820739746
1034,908463,LUAD,0.087083,-0.12160402536392212
1622,1503361,ESCA,3.694527,3.58064341545105
1873,1331039,UNCLASSIFIED,0.673971,0.9031569957733154
1011,724855,UNCLASSIFIED,1.805264,1.1989569664001465
1034,688026,SCLC,-3.819648,-1.5547761917114258
1373,909704,BLCA,5.422023,5.273589134216309
1091,724834,LUAD,2.804997,1.7314252853393555
1373,905955,SKCM,4.931626,3.6700634956359863
1928,949165,UNCLASSIFIED,4.689858,4.655006408691406
1079,909260,ALL,-0.904772,0.9327754974365234
1922,1247871,ALL,2.743287,1.0930010080337524
1017,1331037,DLBC,3.07744,3.000074625015259
1916,949171,NB,3.774261,4.316562175750732
1625,1330947,LAML,2.793853,2.7165472507476807
1560,713899,SCLC,3.561699,3.798710584640503
1630,905940,LCML,4.35469,3.624406099319458
1919,687600,UNCLASSIFIED,2.304412,1.738366723060608
1625,1290771,COREAD,5.993097,5.576639175415039
1862,1290806,STAD,-0.762611,-1.0678033828735352
1931,1240167,ESCA,4.626742,5.0512895584106445
1576,906693,PAAD,1.856539,2.4309568405151367
2172,908122,BRCA,-1.81014,0.4010685980319977
1563,1240197,OV,6.476041,6.330852508544922
2109,753566,BLCA,4.617494,4.875088691711426
1017,906820,NB,3.401232,3.1091129779815674
1855,1240185,LUAD,5.577269,4.181371688842773
1563,910951,LCML,3.550061,4.047001838684082
1003,753548,LAML,-4.538412,-5.0911970138549805
1068,1240124,COREAD,-0.487842,0.6327700614929199
1919,930297,CESC,1.930803,1.8384442329406738
1017,905945,BRCA,4.775174,4.127319812774658
1926,908131,UNCLASSIFIED,-0.90961,0.0551455020904541
1593,753552,BLCA,2.609674,0.8628655672073364
1933,909773,DLBC,2.568475,4.04470157623291
2043,1240223,THCA,6.343584,6.456616401672363
1005,905972,LUAD,3.348387,2.552121162414551
2048,971773,UNCLASSIFIED,-5.533502,-5.924104690551758
1564,910779,UNCLASSIFIED,3.768491,3.340693473815918
1855,908475,LUAD,6.292938,4.607756614685059
1510,1240183,LUSC,5.127623,4.314167022705078
1598,909777,UNCLASSIFIED,2.574011,2.9984054565429688
1013,909264,UNCLASSIFIED,3.663358,4.346453666687012
1083,924104,THCA,4.288122,3.8454785346984863
1614,1509073,KIRC,2.631379,4.263223648071289
1912,905939,COREAD,1.087316,1.0166277885437012
1249,908475,LUAD,3.977004,3.3140487670898438
1010,909255,UNCLASSIFIED,3.256608,2.371737480163574
1614,1299052,HNSC,4.65814,4.825284957885742
1529,924108,COREAD,1.39398,1.6638423204421997
2111,1297439,SCLC,2.807431,4.797534942626953
1799,1480364,OV,0.62952,-0.20218926668167114
1621,1303897,DLBC,5.826581,5.282835006713867
1926,908463,LUAD,-1.117985,0.6646261811256409
1060,949093,BRCA,4.732113,5.264394760131836
1372,910907,PAAD,0.87522,0.5863543748855591
1563,909257,OV,5.288904,5.349413871765137
1924,907045,BRCA,1.599925,2.762561559677124
1085,724859,LUAD,1.958463,3.3751416206359863
1563,753620,NB,5.029395,4.758674621582031
1615,687586,GBM,4.875022,4.463785171508789
1997,907314,NB,2.903135,1.4904707670211792
1004,753608,LUAD,-4.720481,-4.847677230834961
1928,909253,LAML,3.422903,2.9989817142486572
1631,910916,HNSC,4.355578,3.0569331645965576
1622,753623,ESCA,3.853777,4.134768486022949
1852,906861,UNCLASSIFIED,5.322431,4.934897422790527
1249,905945,BRCA,4.647873,3.4209578037261963
1578,908123,BRCA,3.377703,4.571558952331543
2040,1299070,OV,1.20499,0.6568841934204102
1190,908139,STAD,3.145055,3.710946798324585
1916,908123,BRCA,2.432827,2.0851101875305176
2043,905951,BRCA,6.271409,5.5858869552612305
1564,905973,UNCLASSIFIED,1.882533,2.3978381156921387
1849,1330941,BRCA,0.396122,0.047466129064559937
1936,1503363,ESCA,3.542109,3.377138137817383
1941,949168,UNCLASSIFIED,-4.577355,-3.6563303470611572
1250,687802,LUAD,4.528763,5.3867950439453125
1190,724873,LUAD,-0.500239,-1.703613042831421
1053,1303896,UNCLASSIFIED,-0.649437,0.18183085322380066
1190,1290810,MESO,0.229041,1.0472357273101807
2106,906765,MM,-0.744554,0.916904628276825
1576,1331048,DLBC,1.714429,1.51557457447052
1873,1330993,PRAD,0.723229,0.39734548330307007
1624,906877,ALL,1.387057,0.997183084487915
1512,687820,LUAD,7.724825,6.788887023925781
1924,1240121,HNSC,3.426628,3.3993990421295166
1624,753565,SCLC,-0.224104,0.3754136562347412
1786,908147,ALL,0.976836,1.2986992597579956
1511,909729,GBM,-1.173219,-0.47475939989089966
1927,906798,BLCA,5.192832,4.20889949798584
1068,907291,COREAD,0.867022,1.2858493328094482
1057,924107,CESC,-3.472889,-3.8847315311431885
1004,1290807,UNCLASSIFIED,-0.984006,-0.9438130855560303
1557,910704,BRCA,4.291762,2.71835994720459
1199,908141,LAML,2.484966,2.0562896728515625
1051,1240135,MESO,2.529427,4.155709266662598
1635,905961,COREAD,4.209067,5.3017473220825195
1625,906855,LCML,3.777917,3.9402432441711426
2109,1240217,LIHC,2.595054,2.458707332611084
1624,905979,KIRC,6.145065,5.398494720458984
2047,910948,BRCA,3.696659,2.632326602935791
1593,909713,SKCM,2.305508,1.6289253234863281
1631,906821,PAAD,3.679474,3.0981945991516113
1250,735784,ESCA,4.197221,3.532801866531372
1926,909907,BRCA,2.117036,2.365540027618408
1916,1322212,SCLC,1.197265,1.0554628372192383
1011,906814,SKCM,0.335731,0.25415074825286865
1996,910907,PAAD,4.306535,4.169893264770508
1010,946360,OV,3.622026,4.196750640869141
1557,1330985,LAML,4.448252,3.8265163898468018
1939,749712,BRCA,3.956045,3.2243130207061768
1909,1240226,SKCM,3.098253,1.228845238685608
1786,1503368,ESCA,3.898139,3.120168924331665
1507,907060,UNCLASSIFIED,4.005598,4.627676010131836
1131,908483,SCLC,2.525658,2.7684550285339355
2110,1240210,UNCLASSIFIED,3.520061,4.020386219024658
1927,1290908,LUAD,5.108154,4.943492889404297
2096,1297447,MM,3.444908,3.6291327476501465
1191,909974,KIRC,-4.210185,-4.504751205444336
1051,1479987,OV,0.018392,1.1413085460662842
1561,1322212,SCLC,-0.295913,0.6429883241653442
1627,906871,LGG,2.673751,2.308462142944336
1051,909784,SKCM,3.868053,2.6300621032714844
1010,724879,LUSC,4.058796,4.392309188842773
1625,905955,SKCM,3.481844,4.7559003829956055
1578,906999,UNCLASSIFIED,5.559327,5.103780746459961
1911,910568,THCA,-2.259349,-3.639463186264038
1618,949166,UNCLASSIFIED,3.515052,4.340157508850098
1032,905970,LUAD,0.07761,1.5929919481277466
1617,909722,UNCLASSIFIED,0.851852,1.3770869970321655
2106,1298219,UNCLASSIFIED,4.43614,4.803289413452148
1631,1290814,MESO,4.080195,4.3157172203063965
1908,909779,UNCLASSIFIED,2.39734,2.871786594390869
1873,946382,BRCA,1.145015,0.34363028407096863
1511,910904,HNSC,1.264266,0.1620997190475464
1909,908159,UNCLASSIFIED,0.895415,0.9697716236114502
1177,910951,LCML,0.914652,1.3001195192337036
1200,1240221,UNCLASSIFIED,2.276332,2.3437328338623047
1853,909904,PAAD,3.874421,5.27918815612793
1936,906838,UNCLASSIFIED,2.803183,2.541142225265503
1634,687455,BLCA,3.779508,3.669377088546753
1922,1298349,SCLC,2.326631,1.7707760334014893
1936,909719,LIHC,2.937599,2.660064220428467
1553,724859,LUAD,4.334161,4.970404624938965
1939,1240123,COREAD,3.640196,4.62872314453125
1939,949163,UNCLASSIFIED,0.786506,1.374727487564087
1248,907271,LGG,-3.084515,-2.9537365436553955
1249,1480372,OV,3.542086,4.7576446533203125
1237,1298526,PAAD,6.614935,6.093194961547852
1054,907057,LIHC,3.898282,3.8225741386413574
1032,905944,LUAD,2.281704,2.103396415710449
1624,909737,LIHC,2.966932,2.963951349258423
1855,1240121,HNSC,5.747408,3.7623960971832275
1563,1480364,OV,6.220206,5.965161323547363
1940,1290922,BRCA,1.960568,1.2006440162658691
2045,909740,COREAD,7.663179,6.208293914794922
1237,949090,OV,4.976544,5.7614850997924805
1248,946353,ESCA,-4.540976,-5.146854400634766
1180,906765,MM,-3.392141,-3.6421892642974854
1936,949171,NB,1.936714,2.3526930809020996
2172,907047,UNCLASSIFIED,1.43201,2.0873866081237793
1631,1240137,MESO,2.420435,3.243351459503174
1372,907789,ALL,0.934539,1.0927927494049072
1918,908151,BRCA,4.111024,4.117961883544922
2107,909260,ALL,4.962762,4.947148323059082
1617,1240217,LIHC,0.385996,1.5680480003356934
1036,908147,ALL,2.699959,3.513209104537964
1375,1480362,OV,6.758955,7.012727737426758
1632,907048,BRCA,3.16531,3.4261202812194824
1085,1240208,PAAD,3.463147,3.259096384048462
1915,1297447,MM,2.954615,2.8029043674468994
2111,1503362,ESCA,3.515721,3.909808397293091
1073,905944,LUAD,6.312732,5.481600761413574
1080,1503365,ESCA,-0.815263,-0.7354222536087036
1073,753569,LUSC,4.305073,4.80399227142334
1237,909974,KIRC,6.627188,6.333700180053711
1050,907048,BRCA,1.415901,2.8172407150268555
1080,1298529,HNSC,-1.669141,0.48202770948410034
1034,910907,PAAD,-1.931585,-2.1146016120910645
2111,1290806,STAD,5.033607,4.132946014404297
1179,1503371,ESCA,-8.8e-05,0.5279766917228699
1933,1298157,BRCA,3.837986,4.2502336502075195
1084,724828,NB,-0.852747,-1.989255428314209
1079,724872,SCLC,3.36592,2.9386675357818604
1017,1299078,SKCM,3.492088,3.7357823848724365
1927,907273,UNCLASSIFIED,4.514351,3.9394314289093018
2043,907312,BLCA,4.79656,4.403363227844238
1080,910784,UNCLASSIFIED,-0.824556,-1.964778184890747
1012,753624,PAAD,3.162755,3.478069543838501
1032,907790,COREAD,1.086108,-0.6051340103149414
1593,753547,SCLC,0.406607,0.7790552377700806
1853,907290,UNCLASSIFIED,5.693324,4.862687110900879
1940,949165,UNCLASSIFIED,3.560474,4.076388359069824
1046,909744,ACC,2.371064,1.3361908197402954
1168,1290922,BRCA,0.325909,0.08164647221565247
1939,906833,MB,3.671198,2.442877769470215
1032,971773,UNCLASSIFIED,1.624024,0.946087121963501
1615,924241,SCLC,6.402632,7.081781387329102
1931,924106,BRCA,4.186694,5.5691423416137695
1862,907051,UCEC,-2.168004,-1.1045368909835815
1022,688026,SCLC,-0.962498,-0.3791748881340027
1529,1290809,MESO,-0.777122,1.386629343032837
1622,1240196,HNSC,5.525408,4.890281677246094
1003,910951,LCML,-6.149429,-5.198081016540527
1563,688058,MESO,6.431761,6.190169334411621
1191,735784,ESCA,-4.334643,-4.265040397644043
1080,1298141,PAAD,-1.545774,0.5243552327156067
1936,906833,MB,2.035204,2.2813503742218018
1054,906838,UNCLASSIFIED,0.568013,2.4194374084472656
1049,906826,BRCA,5.550343,6.2729034423828125
1047,687985,SCLC,4.719427,4.619317054748535
2096,906800,UNCLASSIFIED,1.802846,1.7459861040115356
1268,908139,STAD,4.690885,4.630828857421875
1917,1330947,LAML,-0.59136,-0.39179837703704834
2111,906794,UNCLASSIFIED,4.037785,3.521111011505127
1915,908448,LAML,1.810875,2.163335084915161
1004,908130,UCEC,-3.237193,-1.7258670330047607
1852,1240215,UNCLASSIFIED,5.139788,5.455745697021484
1060,907000,UNCLASSIFIED,0.430143,-0.20011663436889648
2044,907287,COREAD,3.844178,4.271502494812012
1068,909781,KIRC,1.542501,4.185518741607666
1618,909738,LIHC,4.197494,3.3816895484924316
1626,949153,ALL,0.01399,-0.6156866550445557
1036,1247871,ALL,4.753164,3.368211507797241
1940,905951,BRCA,2.658615,4.003368377685547
1529,910850,LIHC,6.327264,3.463865041732788
1017,688023,SCLC,3.433604,3.435833692550659
1006,908441,,1.490623,2.4658396244049072
1617,753612,MM,1.557481,1.5705045461654663
1928,910850,LIHC,6.557604,5.58016300201416
2045,910942,UNCLASSIFIED,3.892998,3.444678544998169
1511,1303896,UNCLASSIFIED,-2.05712,-3.1311042308807373
1564,753589,SCLC,6.032744,5.215035438537598
1239,905957,BRCA,1.11959,0.901591956615448
1373,906843,CESC,5.43004,4.873349189758301
2040,908129,UCEC,1.593941,0.914564847946167
1168,1299075,PRAD,4.245448,3.769526958465576
1926,909975,UNCLASSIFIED,2.302011,2.501922845840454
1089,930298,CESC,4.572395,3.5566742420196533
2048,909754,UNCLASSIFIED,-0.404907,0.7196769714355469
1593,905989,COREAD,2.066704,1.8819202184677124
1560,905965,UNCLASSIFIED,2.287934,2.3498847484588623
1620,909754,UNCLASSIFIED,6.779493,6.557888984680176
1372,910401,UNCLASSIFIED,1.213942,1.4881526231765747
1926,1290795,UNCLASSIFIED,0.081211,0.7484265565872192
1190,905984,LGG,-3.505462,-3.6329472064971924
1939,687798,LUAD,3.737612,3.7504384517669678
1084,924240,BRCA,-4.615687,-3.2703311443328857
1853,905941,LUSC,7.516555,6.084790229797363
1924,1480364,OV,5.723526,4.414859771728516
2046,949171,NB,2.506595,2.241260051727295
1017,1240134,MESO,3.808857,4.364347457885742
1093,905960,BRCA,4.281477,4.032382965087891
1598,1503364,STAD,3.604405,3.981942892074585
1529,906999,UNCLASSIFIED,1.082596,0.6773122549057007
1032,1659823,COREAD,0.642952,2.1319363117218018
2107,925343,UNCLASSIFIED,5.051049,5.842870712280273
1032,1330933,UNCLASSIFIED,1.049986,1.200282335281372
1046,905964,MM,0.922736,0.9485862255096436
1635,909754,UNCLASSIFIED,6.437901,6.419306755065918
1855,687505,CESC,2.929414,3.3066184520721436
1180,910852,BRCA,-3.179327,-2.959571361541748
1259,1240184,UNCLASSIFIED,3.97224,4.133608818054199
1626,753574,ESCA,4.682835,4.295278072357178
2047,906861,UNCLASSIFIED,3.384844,3.9543819427490234
1915,906830,SKCM,3.771596,3.573899745941162
1930,906696,THCA,0.723381,-0.2286686897277832
1618,905964,MM,2.898767,2.447187662124634
1926,909263,COREAD,2.359847,2.3852486610412598
1996,1299052,HNSC,6.104254,5.092246055603027
1940,1240226,SKCM,6.297226,4.760476112365723
1598,909704,BLCA,4.270407,3.651672124862671
1051,946357,UNCLASSIFIED,-1.906286,-0.9973777532577515
1621,949160,UNCLASSIFIED,4.813089,3.358656167984009
2048,908127,UNCLASSIFIED,-2.970104,-3.185675859451294
1049,753607,UNCLASSIFIED,2.948226,2.716130018234253
1047,924186,UNCLASSIFIED,1.133585,1.6183617115020752
1512,724868,LUAD,4.2001,4.52791690826416
1549,907271,LGG,4.707856,4.873327255249023
1930,909264,UNCLASSIFIED,1.343288,0.9303740859031677
2046,908131,UNCLASSIFIED,3.895057,4.0792341232299805
1005,1240159,LIHC,5.152123,5.227987289428711
1996,907313,GBM,4.800013,4.857274055480957
1259,753555,ESCA,1.927914,3.304718494415283
1852,905986,GBM,4.579452,5.166986465454102
1239,1330947,LAML,-0.135338,0.10241049528121948
1032,688058,MESO,1.992368,3.478376865386963
1593,906831,UNCLASSIFIED,0.026931,0.08072936534881592
1624,906693,PAAD,3.182596,3.0853776931762695
1627,910548,OV,3.466264,3.353524923324585
1558,905960,BRCA,2.356312,2.6239304542541504
1908,1240124,COREAD,1.297743,0.3541717231273651
1036,907269,CLL,2.179633,1.7116453647613525
1084,906696,THCA,-0.851778,-1.8793814182281494
1615,906826,BRCA,7.524003,7.706932067871094
1068,925345,UNCLASSIFIED,1.2689,1.9422563314437866
1093,688086,NB,2.299931,4.321069717407227
2111,905940,LCML,3.6763,3.4479763507843018
1053,1327769,DLBC,2.183461,2.0478508472442627
1629,687829,UNCLASSIFIED,5.381385,4.577439308166504
1191,907792,COREAD,-4.027393,-4.378277778625488
1549,1331049,UNCLASSIFIED,3.924993,3.766608238220215
1578,1659823,COREAD,6.226274,5.496387481689453
1507,907322,UNCLASSIFIED,4.700421,3.7292914390563965
1511,749715,BRCA,-1.029685,1.0493319034576416
1239,1290908,LUAD,1.815695,1.674178123474121
1553,906794,UNCLASSIFIED,2.253346,1.9583075046539307
1012,1290769,COREAD,1.360752,1.3606609106063843
1910,1298347,LUAD,0.57183,0.8408669233322144
1918,1290813,MESO,2.988012,2.1802830696105957
1010,684059,UNCLASSIFIED,2.350602,2.6858863830566406
1239,749709,BRCA,2.420963,3.412896156311035
1634,907323,UNCLASSIFIED,2.138976,2.6526730060577393
1013,949093,BRCA,3.99606,4.88880729675293
1180,1503368,ESCA,0.975115,-1.4442352056503296
1003,908474,UNCLASSIFIED,-3.040055,-3.4555046558380127
1930,906827,UNCLASSIFIED,-0.884263,-0.507613480091095
1131,909744,ACC,2.849292,4.394472122192383
2046,905950,KIRC,0.504685,2.5931742191314697
1908,908446,STAD,2.10542,1.0159497261047363
1908,949094,GBM,4.345149,3.5027167797088623
1060,753592,LUAD,0.94961,0.3810194134712219
2047,688026,SCLC,3.224565,4.0338945388793945
1997,1297446,ALL,-2.059659,0.30367177724838257
1626,907794,COREAD,1.980737,1.7985663414001465
1089,713880,SCLC,3.358759,3.0234322547912598
1578,908460,LUAD,5.968051,7.051979064941406
1910,1327774,UNCLASSIFIED,-2.837913,-3.1220314502716064
2107,906800,UNCLASSIFIED,3.490061,3.4995362758636475
1088,907317,ESCA,2.585743,3.1435017585754395
1916,910692,SCLC,3.195693,3.1000454425811768
1576,1240219,PAAD,3.630876,3.9754748344421387
1561,1330942,LAML,5.052917,4.456650733947754
1852,684072,UNCLASSIFIED,4.960383,4.335831642150879
1932,1480364,OV,3.189523,2.9823966026306152
1089,910936,HNSC,3.85259,4.253452301025391
1549,1240160,LIHC,6.240249,5.439347267150879
1926,907047,UNCLASSIFIED,0.93791,0.2452739030122757
1054,907047,UNCLASSIFIED,4.012229,2.6194002628326416
1249,924102,THCA,3.820834,3.516352415084839
1926,687455,BLCA,2.193307,0.7141342163085938
1799,1322218,UNCLASSIFIED,2.993751,4.9005632400512695
2047,910942,UNCLASSIFIED,1.471554,2.5541415214538574
1564,908121,BRCA,3.907362,3.63020920753479
1930,1298347,LUAD,2.854466,2.7319436073303223
1627,910703,UNCLASSIFIED,1.836518,2.140559673309326
1927,949177,NB,3.269208,3.7460408210754395
1013,753610,SCLC,3.326122,2.886744260787964
1911,1240145,LUAD,-5.76013,-4.969612121582031
1034,906836,UNCLASSIFIED,-4.897304,-4.084949493408203
1168,924111,HNSC,1.087638,1.0911900997161865
1621,907287,COREAD,3.035202,4.419073104858398
1047,930298,CESC,6.123888,4.933558464050293
1593,910688,LAML,0.838794,0.8513356447219849
1051,753608,LUAD,2.109686,2.157466411590576
1925,946361,UNCLASSIFIED,5.400939,4.850860595703125
1089,949177,NB,2.669162,2.4195261001586914
1931,909744,ACC,4.677807,4.586801528930664
1032,1298347,LUAD,1.948267,2.594939708709717
1593,1290769,COREAD,3.657962,2.6337146759033203
1559,906808,SCLC,0.830245,0.9078717231750488
1529,905937,COREAD,0.37096,-0.7456574440002441
1373,684052,UNCLASSIFIED,3.340645,3.734694719314575
1911,909708,HNSC,-6.352772,-5.487137794494629
1620,910948,BRCA,6.844013,6.4795732498168945
2046,753563,MM,1.091333,0.4566345810890198
1180,1330950,MM,-4.192585,-4.934328079223633
1617,909729,GBM,-3.531485,2.31973934173584
1089,1240159,LIHC,4.955545,5.276434898376465
1910,1299050,HNSC,3.084143,2.3831305503845215
1200,908125,SKCM,3.637085,3.6835906505584717
1013,1479987,OV,1.458147,2.7928385734558105
1852,910850,LIHC,6.035983,5.816808700561523
1004,753600,LUAD,1.322074,0.4319556951522827
1919,905958,ALL,1.5544,1.238950252532959
2047,1322212,SCLC,3.485032,4.495169639587402
1620,1240179,CESC,4.821445,4.721475601196289
1006,908151,BRCA,0.523236,1.3137576580047607
1010,688006,SCLC,3.270455,2.868527889251709
1786,946355,ESCA,2.075916,2.7440004348754883
1003,908131,UNCLASSIFIED,-3.082263,-3.5352377891540527
1625,906746,GBM,5.715795,5.471959114074707
1089,1299059,HNSC,2.760276,3.9563729763031006
1635,908461,STAD,5.408347,5.867209434509277
1624,1290769,COREAD,3.363717,2.908024787902832
1594,1240173,COREAD,5.166887,4.480566024780273
1007,1240162,HNSC,-3.844039,-1.6504180431365967
1941,1298347,LUAD,-3.160379,-1.8427317142486572
1080,905973,UNCLASSIFIED,0.544257,0.39200684428215027
1049,687821,LUAD,6.097164,6.957363128662109
1911,910920,KIRC,-3.481806,-4.14628791809082
1624,1240151,STAD,3.112577,3.0060293674468994
1168,949093,BRCA,5.345625,5.9391937255859375
1917,688023,SCLC,1.642139,2.8693411350250244
1268,909974,KIRC,6.103981,4.998504638671875
1996,687821,LUAD,6.106147,4.597970962524414
2106,907042,LGG,1.794888,2.277698516845703
1131,1330983,LAML,5.384396,3.4906299114227295
2044,684072,UNCLASSIFIED,2.003739,1.9854499101638794
1084,909716,UNCLASSIFIED,-2.630164,-1.4469341039657593
1598,907042,LGG,3.726365,4.24123477935791
1910,1299059,HNSC,3.708926,4.012913703918457
2046,1240218,PAAD,5.659655,5.2442522048950195
1180,906693,PAAD,-3.724894,-2.401505470275879
1910,753592,LUAD,2.493093,2.7944445610046387
1511,1331038,DLBC,-2.715709,-2.439546823501587
1032,910687,ALL,1.562766,1.0425217151641846
1621,907792,COREAD,6.930663,6.071937561035156
1047,1659928,COREAD,1.481187,3.207545518875122
1925,724825,MM,4.441724,4.147275924682617
1032,949174,NB,2.536122,3.563703775405884
1615,1240200,OV,6.340414,5.686789512634277
1560,1503361,ESCA,3.696001,2.8577356338500977
1593,1240145,LUAD,2.228054,2.5302555561065674
1073,1240122,HNSC,5.0769,6.368448257446289
1093,753548,LAML,3.497811,2.7108683586120605
1073,1290808,MESO,6.005118,7.547157287597656
1191,906817,ESCA,-0.941181,-3.557483434677124
1799,906831,UNCLASSIFIED,4.33701,2.7904417514801025
1053,910911,HNSC,4.353832,4.777773857116699
1618,906791,LUAD,6.150568,4.892204284667969
1512,910951,LCML,3.203529,3.822736978530884
1915,688086,NB,2.308906,1.9652994871139526
1051,908158,UNCLASSIFIED,-2.704429,-2.3945438861846924
1919,909761,COREAD,1.487617,1.2295182943344116
1997,753612,MM,5.072999,2.239952564239502
1006,909747,COREAD,6.084632,4.221542835235596
1190,907071,LIHC,3.631726,3.445474624633789
2045,910926,BLCA,4.593172,4.1940507888793945
2048,1331033,DLBC,-5.804995,-6.113872528076172
1576,1240136,MESO,3.78073,2.3745954036712646
1237,909774,UNCLASSIFIED,5.522783,5.74315071105957
1073,907789,ALL,4.358074,3.9401915073394775
1925,907794,COREAD,5.27183,4.817327499389648
2111,687798,LUAD,3.6474,5.346884727478027
1131,908447,NB,5.527874,4.493094444274902
1180,909776,UNCLASSIFIED,-3.263297,-2.2899394035339355
1631,1240122,HNSC,5.737914,5.366454124450684
1259,1240187,LUAD,1.631643,1.807020902633667
1919,908132,UNCLASSIFIED,1.148014,1.025137186050415
2045,909773,DLBC,3.869682,3.42812442779541
1563,1299050,HNSC,5.637746,5.531294822692871
1629,907295,SCLC,3.685124,3.2655467987060547
1091,908476,LUAD,3.487875,1.2831308841705322
1375,909745,GBM,6.292316,6.335574150085449
1558,906804,UNCLASSIFIED,1.583614,2.0430636405944824
2110,684072,UNCLASSIFIED,3.354318,3.573777914047241
1617,1330947,LAML,-3.675506,-0.9265391826629639
1625,688010,SCLC,5.460123,4.543961524963379
1192,910852,BRCA,3.537977,3.6717512607574463
1553,909737,LIHC,2.453661,2.9716391563415527
1190,908136,UNCLASSIFIED,-2.54967,-3.1510772705078125
1593,910944,ALL,-1.184484,0.0363939106464386
1006,1330950,MM,-0.111989,-0.5491026639938354
1617,905970,LUAD,4.263909,4.502931594848633
1621,1295741,MM,0.958793,2.260786533355713
1931,907069,UNCLASSIFIED,5.722825,5.561774253845215
1006,1240149,UNCLASSIFIED,-1.034361,-2.2570042610168457
1088,1331040,UNCLASSIFIED,-0.275133,-0.49518460035324097
1250,1240145,LUAD,2.104973,1.1859196424484253
1003,946368,GBM,-2.236309,-1.6421053409576416
1855,906814,SKCM,4.970905,3.8883121013641357
1916,905934,PRAD,3.657052,3.5639569759368896
1011,908144,LGG,4.056182,2.1187448501586914
1012,908139,STAD,2.072417,2.142333984375
1558,753563,MM,1.136976,2.522636890411377
1911,1298218,PAAD,-4.188362,-3.7816874980926514
2096,909264,UNCLASSIFIED,2.23423,2.7597010135650635
2045,688121,UNCLASSIFIED,5.592219,4.924466133117676
2107,909253,LAML,3.809809,4.329706192016602
2111,907795,COREAD,2.736651,2.554861307144165
1200,924107,CESC,1.581366,2.452479124069214
1786,910548,OV,2.23349,2.710667371749878
1578,906830,SKCM,6.097745,5.920018196105957
1051,910933,GBM,0.927942,0.8862870335578918
1561,753614,ESCA,0.633246,0.8513636589050293
2044,1331039,UNCLASSIFIED,3.267376,3.1042776107788086
1919,1240201,PAAD,1.402415,1.8859930038452148
1268,907057,LIHC,5.012194,4.156167030334473
1625,949167,UNCLASSIFIED,5.158257,4.632929801940918
1927,908131,UNCLASSIFIED,5.067941,4.764562606811523
1250,687459,BLCA,4.099618,2.8367366790771484
1036,910851,UNCLASSIFIED,4.851574,4.440196514129639
2040,1240190,LUAD,1.083039,0.056591153144836426
1916,906834,MB,2.44111,2.8171327114105225
1054,753566,BLCA,6.498338,5.7397613525390625
1786,905935,PRAD,4.448615,3.703308343887329
1925,907061,HNSC,4.016548,4.544544219970703
2043,906838,UNCLASSIFIED,4.342533,4.4358601570129395
2043,724872,SCLC,4.510147,3.9538824558258057
1036,1240215,UNCLASSIFIED,3.651297,3.810455799102783
1939,906746,GBM,4.380815,4.455199718475342
1006,907281,MM,0.916026,1.079702615737915
1249,908151,BRCA,2.073519,2.9882161617279053
1635,924244,LUAD,5.386457,5.3199005126953125
1936,910781,UCEC,3.1127,2.7899587154388428
1564,910941,NB,3.795131,4.2947916984558105
1093,946370,GBM,4.748853,4.5777997970581055
1576,1240135,MESO,3.809507,3.5318925380706787
1909,1298539,UNCLASSIFIED,3.255298,3.3900527954101562
1239,1330942,LAML,2.421414,3.047689437866211
1007,910927,BRCA,-4.886498,-4.166146278381348
1084,908132,UNCLASSIFIED,-2.273848,-2.265543222427368
1561,910927,BRCA,0.72842,1.396016240119934
2169,908121,BRCA,2.526756,1.841546893119812
1624,905967,LUAD,3.470629,3.0675673484802246
1622,905991,OV,4.724056,3.9109020233154297
1558,909777,UNCLASSIFIED,1.338353,1.7662227153778076
1615,924238,THCA,5.306697,4.514673233032227
1621,753624,PAAD,6.141363,4.942540168762207
1237,910548,OV,5.856561,5.472955703735352
1854,907064,UNCLASSIFIED,4.531847,4.9130754470825195
1013,905958,ALL,2.924796,3.019643783569336
2096,909770,STAD,-0.204265,1.2324655055999756
1249,687459,BLCA,5.255587,3.8605852127075195
1622,713878,SCLC,3.610648,3.7704477310180664
1200,1298157,BRCA,3.114741,2.8280317783355713
1375,1240179,CESC,6.293337,5.3961944580078125
1085,1480362,OV,4.355654,4.253975868225098
2044,910947,LAML,2.815349,1.9468506574630737
1593,908476,LUAD,2.308964,2.7010421752929688
1930,910900,LUAD,0.344538,0.7414125204086304
1549,908462,MESO,3.631027,4.494230270385742
1996,1298146,LIHC,5.201923,5.2957563400268555
1053,907286,PAAD,5.48871,4.508354187011719
1939,906871,LGG,2.028693,2.2926077842712402
1630,1303912,UNCLASSIFIED,1.935166,2.396883249282837
1250,910691,UCEC,2.653232,3.0897209644317627
1852,906831,UNCLASSIFIED,4.34804,4.012445449829102
2040,724869,PAAD,1.209239,1.216271996498108
1507,917486,COREAD,5.431286,5.136919975280762
1250,930298,CESC,1.90069,1.5170886516571045
1004,907067,SKCM,-4.067544,-4.734831809997559
1068,905957,BRCA,0.606778,1.0013844966888428
1911,906832,DLBC,-7.442591,-6.390442848205566
2048,909248,MB,-4.040976,-3.2820537090301514
1916,753589,SCLC,2.8543,3.677175521850586
1053,753575,ESCA,3.53017,2.9771406650543213
2040,925340,STAD,-3.38537,1.3406291007995605
1060,905956,SKCM,-1.673743,-2.106875419616699
1936,1298529,HNSC,4.12605,2.8982245922088623
1080,687980,SCLC,-4.500738,-3.8372528553009033
1939,1290908,LUAD,2.337412,3.330310344696045
1852,907280,LAML,4.298676,4.321211814880371
1629,724878,LUAD,6.948412,6.032627105712891
1005,687457,BLCA,4.157889,4.114767074584961
1091,909784,SKCM,3.261671,3.2855019569396973
1553,687780,UNCLASSIFIED,4.495399,1.6271932125091553
2096,906868,LGG,4.00621,3.689012050628662
1909,924111,HNSC,1.992632,1.7826528549194336
1047,749715,BRCA,5.296254,5.936985015869141
2040,910930,DLBC,0.086506,0.6544207334518433
1190,908144,LGG,1.855002,3.8413186073303223
1507,907300,LAML,3.305564,3.4819281101226807
1200,906821,PAAD,3.144343,3.377821922302246
1849,687561,GBM,-0.062657,-0.7964768409729004
1038,910927,BRCA,2.944786,3.2737386226654053
1560,687799,LUAD,0.218321,0.975396990776062
1996,906824,CESC,3.400873,3.5370142459869385
1621,906804,UNCLASSIFIED,2.599048,2.0202112197875977
1047,908473,LUAD,3.922684,5.450305938720703
1625,907312,BLCA,3.640022,3.9743804931640625
2040,1298350,LUAD,2.207837,1.6693722009658813
1930,909751,COREAD,-0.637998,0.38488662242889404
1038,908121,BRCA,2.199403,3.0189921855926514
1922,906865,SKCM,2.046157,1.699286699295044
1047,735784,ESCA,5.766556,5.838146209716797
1933,908136,UNCLASSIFIED,2.897988,2.406040668487549
1025,905960,BRCA,4.76152,5.003357887268066
1598,1503367,ESCA,2.572455,3.1347172260284424
1620,687514,CESC,5.132627,5.121000289916992
1507,1240190,LUAD,4.847559,5.035083770751953
1855,910933,GBM,5.853039,3.8100008964538574
1618,1240157,LIHC,3.590849,3.6570725440979004
1940,909755,COREAD,4.222356,3.245435953140259
1049,946353,ESCA,3.845047,4.69261360168457
1626,1240144,UNCLASSIFIED,2.871468,2.6973705291748047
1576,1240172,BRCA,3.512254,3.5269887447357178
1853,1240136,MESO,4.306657,3.5740625858306885
1057,909745,GBM,-3.2772,-3.263151168823242
1854,1240208,PAAD,6.011753,5.232382774353027
2046,1298146,LIHC,5.188553,3.3651540279388428
1911,1298359,ESCA,-5.078055,-4.848653793334961
1510,1524416,KIRC,5.080989,4.685175895690918
1373,949163,UNCLASSIFIED,4.893532,3.9973692893981934
1615,687798,LUAD,6.29065,5.733172416687012
1933,687798,LUAD,4.912305,5.3263959884643555
1925,909776,UNCLASSIFIED,5.137988,5.675287246704102
1549,905968,OV,0.203075,0.045478641986846924
1917,907048,BRCA,1.093042,2.166473388671875
1017,687983,SCLC,4.128832,4.062495708465576
1613,905962,COREAD,3.898304,4.768829345703125
1617,753592,LUAD,1.738104,1.7921082973480225
1915,1299081,SKCM,3.073646,2.184807062149048
2047,1298146,LIHC,4.527307,3.481393337249756
1200,687459,BLCA,3.789259,3.9470813274383545
1089,905941,LUSC,6.96659,7.382218360900879
1908,910705,UNCLASSIFIED,2.075449,1.8354145288467407
1578,1322218,UNCLASSIFIED,3.731867,4.591121673583984
1909,909725,SKCM,3.020056,3.0923726558685303
1908,905986,GBM,4.246935,3.22947096824646
1799,907057,LIHC,3.772786,4.156015396118164
1022,910904,HNSC,0.64437,0.6474317908287048
1630,753541,HNSC,4.06027,3.952171564102173
1131,907286,PAAD,5.16838,6.133281707763672
1918,906877,ALL,2.776753,1.7124651670455933
1191,906763,ALL,-6.951515,-5.802961349487305
1058,905934,PRAD,2.119758,1.8270268440246582
2096,724879,LUSC,3.006373,2.859294891357422
1190,1330931,LCML,-3.561064,-3.3946025371551514
1199,949166,UNCLASSIFIED,5.536317,5.119748115539551
1512,1295740,ALL,4.537231,4.572577476501465
1911,906855,LCML,-5.06431,-6.478388786315918
1613,687798,LUAD,4.116363,3.2339706420898438
1630,1479987,OV,2.28355,2.2689027786254883
1375,749715,BRCA,7.205398,6.3260040283203125
1059,1330941,BRCA,-0.307675,-1.1048065423965454
1239,908475,LUAD,1.70858,1.9908729791641235
2109,1290798,BRCA,2.761191,3.4566075801849365
1060,906877,ALL,2.303709,1.84532630443573
1083,1290797,PAAD,2.244255,3.0225491523742676
2096,908144,LGG,3.352574,4.4933624267578125
1177,724831,UNCLASSIFIED,4.624416,4.616400718688965
1933,905972,LUAD,5.600993,4.930793762207031
1786,1240162,HNSC,4.617474,4.241242408752441
1925,909263,COREAD,5.916692,5.909475326538086
1047,908131,UNCLASSIFIED,5.318077,3.1504733562469482
1932,1330933,UNCLASSIFIED,1.862238,1.4486219882965088
2044,909746,COREAD,6.150419,4.355080604553223
2107,908141,LAML,3.654015,3.7987189292907715
1085,924107,CESC,2.27026,2.2363176345825195
1594,905949,LUAD,5.57716,4.610457420349121
2110,907789,ALL,4.207954,3.185774564743042
1036,905937,COREAD,3.288358,2.7941861152648926
1091,949171,NB,-0.572762,0.7399121522903442
2109,909770,STAD,2.732032,2.730985403060913
1786,1240158,LIHC,2.170799,2.7191193103790283
1613,908458,COREAD,5.215593,2.3450675010681152
1873,688058,MESO,1.484758,1.6240146160125732
1085,910694,GBM,3.928195,4.119385719299316
1936,1290769,COREAD,3.629895,4.189356803894043
1512,1298537,LUAD,5.599701,5.036765098571777
1849,909250,KIRC,1.369625,0.7478575110435486
1576,946356,ESCA,3.645857,3.866938591003418
1200,1247871,ALL,2.487985,2.3541572093963623
1089,907274,DLBC,2.090785,2.6630594730377197
1627,687983,SCLC,2.495656,2.7854843139648438
1627,910554,COREAD,2.904589,3.0126211643218994
1011,724869,PAAD,-0.407638,0.5969550013542175
1854,684052,UNCLASSIFIED,4.341844,4.2671709060668945
1049,930299,THCA,6.493029,4.040630340576172
1613,1240135,MESO,4.477726,4.856060981750488
1927,906835,GBM,7.591695,7.029908180236816
1561,1331038,DLBC,3.721363,3.5612096786499023
1997,905952,ALL,-2.350104,-3.0800278186798096
1168,1480362,OV,4.673103,4.067743301391602
1046,688023,SCLC,0.965673,1.7583177089691162
1549,1659818,MM,4.05981,4.096173286437988
1560,909696,UNCLASSIFIED,2.205425,1.8886162042617798
1268,687455,BLCA,4.15721,4.114867210388184
1559,1290905,BRCA,0.48671,1.8138105869293213
2048,907269,CLL,-6.783857,-5.589263916015625
1373,713878,SCLC,5.27347,4.829207420349121
1911,909757,COREAD,-1.465978,-4.643890380859375
1046,753573,ESCA,0.985454,0.6038253903388977
1049,687807,LUAD,6.399665,6.346203804016113
1615,753566,BLCA,6.182744,5.792238235473633
1910,687777,LUAD,1.355868,0.6929087042808533
1012,1298538,LUSC,2.201851,1.7010880708694458
1786,905938,LAML,3.001343,1.154606819152832
1004,724868,LUAD,-5.925796,-5.664433479309082
2110,906808,SCLC,5.740087,4.254709243774414
1909,1331037,DLBC,-0.738538,-1.6889216899871826
1091,1330995,DLBC,2.890603,3.4723269939422607
1563,1240147,LIHC,4.729737,4.2407660484313965
1239,907794,COREAD,3.856929,1.4278446435928345
1927,910704,BRCA,3.937666,4.424631118774414
1553,949094,GBM,2.364081,2.6947972774505615
1073,1298350,LUAD,6.818651,4.404917240142822
1617,687588,GBM,3.618626,3.403170347213745
1191,909753,OV,-4.790837,-4.149905204772949
1622,909262,UNCLASSIFIED,2.443591,3.450118064880371
1614,910952,KIRC,1.825173,2.131455421447754
1630,753532,HNSC,1.895651,1.873828411102295
1873,949164,UNCLASSIFIED,0.357833,0.37167230248451233
1930,1503367,ESCA,2.149733,0.002956092357635498
1083,687821,LUAD,6.636625,6.349059104919434
1084,905950,KIRC,-3.153357,-2.9464056491851807
1854,1240192,SCLC,5.504648,5.198297500610352
1511,908440,NB,-2.992917,-2.4087743759155273
1631,907069,UNCLASSIFIED,3.918982,3.5157954692840576
1268,910706,UNCLASSIFIED,3.333802,2.8364040851593018
1375,909728,LUSC,6.976436,5.9239501953125
1940,905977,SKCM,4.340165,4.631467819213867
1940,1240208,PAAD,4.204914,3.6621668338775635
1549,749710,BRCA,2.30601,1.8944839239120483
1507,753608,LUAD,5.189091,5.885005950927734
1375,1298216,PAAD,6.609545,6.300803184509277
1918,910849,UNCLASSIFIED,3.313711,3.3929171562194824
1249,1327774,UNCLASSIFIED,2.708828,2.102602243423462
2044,753589,SCLC,3.660684,3.6220948696136475
1558,910694,GBM,6.185402,5.906485557556152
1250,1290769,COREAD,2.614094,1.7031664848327637
1093,925347,PAAD,5.654211,5.474785804748535
1576,1240226,SKCM,3.931362,3.399364709854126
1593,907783,LCML,0.702263,0.6751899719238281
1593,1659823,COREAD,3.423189,3.572039842605591
1918,1290922,BRCA,1.368791,0.020255863666534424
1564,905942,LUAD,4.162533,3.340216875076294
2047,1303912,UNCLASSIFIED,4.077372,4.195674419403076
1598,906875,NB,4.08831,4.086709022521973
1089,910704,BRCA,4.794872,3.0825412273406982
1615,1298134,CESC,4.865435,4.394162178039551
1997,905958,ALL,-1.555743,-1.0194652080535889
2040,908144,LGG,0.662164,0.3657461404800415
1012,949161,UNCLASSIFIED,0.350565,0.9430511593818665
1032,1240136,MESO,3.86649,3.698847532272339
1578,753592,LUAD,5.254919,4.799696922302246
1786,749717,BRCA,2.106706,3.7662129402160645
1511,908131,UNCLASSIFIED,-0.851002,-1.534546136856079
1854,908122,BRCA,2.975592,3.4324939250946045
1089,1240147,LIHC,3.278715,3.2316465377807617
1093,688025,SCLC,3.095203,3.536968946456909
1593,946368,GBM,2.753091,3.5438036918640137
2046,908461,STAD,4.809869,3.8413445949554443
1007,684052,UNCLASSIFIED,-6.293975,-6.543450355529785
1036,753551,SCLC,4.539209,4.188994407653809
1924,909976,UNCLASSIFIED,3.189694,3.4149091243743896
1549,688013,SCLC,3.906889,4.515066146850586
1615,908443,LUSC,5.525702,5.535764694213867
1004,713880,SCLC,-5.106374,-5.573660850524902
1941,1290797,PAAD,-3.685093,-5.970607757568359
1372,925348,PAAD,-0.495981,-0.1953350305557251
1635,1290814,MESO,5.988561,5.574864387512207
1010,687586,GBM,2.914087,3.574650526046753
1179,946353,ESCA,0.594318,0.8384747505187988
2096,909725,SKCM,2.139178,2.5159943103790283
1939,946382,BRCA,1.868687,2.4865331649780273
1053,1330983,LAML,2.833035,2.4950315952301025
1909,907071,LIHC,2.017665,1.832990050315857
1083,1480362,OV,5.381289,5.285761833190918
1939,1240210,UNCLASSIFIED,2.319367,2.25675630569458
1034,909740,COREAD,-3.621352,-3.010810375213623
1010,907064,UNCLASSIFIED,4.101245,3.6581318378448486
2096,909704,BLCA,2.247554,1.7021442651748657
1089,1240158,LIHC,5.65684,5.075124740600586
1852,1290905,BRCA,7.195047,7.485604286193848
1053,906824,CESC,2.751551,2.451326608657837
1049,946360,OV,5.107772,4.430907726287842
1618,905975,SKCM,3.380228,3.519603967666626
2110,908441,,4.160362,3.85945200920105
1200,909750,LGG,2.290515,2.2149696350097656
1932,1298136,PAAD,3.215772,2.9660589694976807
1786,924187,UCEC,4.945161,4.332198143005371
1630,907280,LAML,4.840169,4.683377265930176
1250,907790,COREAD,2.959157,3.839958429336548
1629,687802,LUAD,7.589186,6.3132524490356445
1168,724855,UNCLASSIFIED,4.398459,2.682049512863159
1011,906824,CESC,1.851847,1.5130808353424072
1594,1660034,COREAD,3.787241,4.535087585449219
2110,753566,BLCA,6.331458,5.68562126159668
1249,1240135,MESO,4.108933,4.253110408782959
1053,1327771,LCML,2.130481,2.2653794288635254
1915,910942,UNCLASSIFIED,1.525584,1.9415764808654785
1853,908122,BRCA,1.314142,3.026292562484741
1012,910951,LCML,-0.247111,0.38487735390663147
1557,724870,PAAD,5.258657,4.086771011352539
1507,907271,LGG,6.082244,5.187150955200195
1510,906693,PAAD,3.313042,3.7986631393432617
1017,687780,UNCLASSIFIED,3.742389,4.111041069030762
1911,908132,UNCLASSIFIED,-6.797342,-6.48972225189209
1996,910942,UNCLASSIFIED,2.232138,2.638519287109375
1010,753565,SCLC,3.652071,2.6185457706451416
1617,688021,SCLC,1.186554,3.2879862785339355
1373,949168,UNCLASSIFIED,4.98094,5.561770439147949
1615,905952,ALL,3.054661,3.68251895904541
1615,1299080,SKCM,5.15944,4.934695243835449
1084,906814,SKCM,-1.764191,-2.3806955814361572
1057,946358,ALL,-4.328169,-3.3342669010162354
1084,1240168,GBM,-2.930072,-2.438188314437866
1630,906877,ALL,2.934919,3.0164334774017334
2107,687816,LUAD,6.663635,6.409085273742676
1917,687563,GBM,1.316428,1.7151873111724854
1915,906834,MB,1.859219,2.360637664794922
1928,907788,PRAD,3.701352,2.994870662689209
1073,1240158,LIHC,7.543911,6.420196533203125
1010,753583,HNSC,4.539087,3.9075779914855957
1010,909770,STAD,2.647403,2.6480729579925537
1049,1240151,STAD,5.14168,6.107069969177246
1620,906846,UNCLASSIFIED,4.799924,5.021249771118164
1614,907056,UNCLASSIFIED,3.886895,3.454289197921753
1553,906861,UNCLASSIFIED,3.96813,2.924821138381958
1250,907000,UNCLASSIFIED,-0.13463,0.8966570496559143
1259,908150,MESO,4.612512,4.050861835479736
1622,910948,BRCA,4.118088,5.28672981262207
1626,1503368,ESCA,5.468585,5.770735740661621
1624,907796,UNCLASSIFIED,6.317647,6.176116943359375
1862,949177,NB,-2.676784,-1.4300605058670044
1630,946368,GBM,5.055883,3.5163466930389404
1862,1240127,UCEC,-1.576429,-1.5994775295257568
1180,1330931,LCML,-3.81429,-3.3926033973693848
1249,1331033,DLBC,1.834109,1.7429249286651611
1058,906855,LCML,2.168844,2.7894909381866455
1928,909717,UNCLASSIFIED,3.231504,4.322847366333008
1916,908144,LGG,2.275195,1.7729089260101318
2106,906870,LAML,2.406147,2.7671031951904297
1249,1327771,LCML,1.896077,1.356555700302124
1051,1503368,ESCA,4.688082,3.9751088619232178
1629,907047,UNCLASSIFIED,4.940292,4.431564807891846
1561,908476,LUAD,1.660347,1.057368516921997
1057,688058,MESO,-1.507806,-2.0803048610687256
1088,753538,HNSC,1.46535,2.3898744583129883
1615,906793,SKCM,5.13476,4.8867692947387695
1059,909256,BRCA,-2.866176,-2.272160291671753
1007,949174,NB,-3.432138,-3.874562978744507
1549,908141,LAML,3.6454,3.3865528106689453
1089,946356,ESCA,6.834329,5.289767265319824
1852,1330942,LAML,4.811975,4.570194244384766
1249,688014,SCLC,4.617341,4.309662818908691
1786,1330987,UNCLASSIFIED,0.615082,1.1011955738067627
1916,909737,LIHC,2.678811,3.167720079421997
2096,907066,BLCA,6.056548,3.993199586868286
1248,909256,BRCA,-2.892641,-3.566819429397583
1088,687455,BLCA,2.62795,2.5866308212280273
1190,722066,LUAD,1.537948,-1.9383749961853027
1085,909735,UCEC,2.438455,2.627124547958374
1936,908150,MESO,3.251423,2.250159502029419
1268,907268,UNCLASSIFIED,3.867282,3.6323816776275635
1553,683665,MM,2.54408,2.952749490737915
1910,949153,ALL,-0.660446,-1.2235411405563354
1190,910698,KIRC,-3.045156,-1.8215398788452148
1915,687807,LUAD,4.414511,3.7037160396575928
1598,907311,LCML,2.499482,2.7395715713500977
1059,905960,BRCA,-0.866947,-0.1408112645149231
1079,908447,NB,4.502461,3.241575241088867
1510,1298359,ESCA,4.068761,4.138693809509277
2096,905945,BRCA,3.579496,3.079648971557617
2047,925347,PAAD,5.170657,5.375380516052246
1180,906821,PAAD,-2.625456,-1.322397232055664
1922,907790,COREAD,1.254536,1.6397151947021484
1051,1290813,MESO,1.246515,2.562596321105957
1786,753561,HNSC,3.186501,2.526977777481079
2110,1240146,LUAD,4.310373,4.7645673751831055
1088,753561,HNSC,2.23389,3.294607639312744
1249,906856,UNCLASSIFIED,1.502125,1.5429186820983887
1003,724838,BLCA,-3.862462,-3.432337999343872
1093,1298539,UNCLASSIFIED,4.643516,5.318129539489746
1199,1240134,MESO,3.362962,3.107297658920288
1926,1240215,UNCLASSIFIED,0.573616,0.33521032333374023
1997,909975,UNCLASSIFIED,3.061414,3.880070209503174
1563,909761,COREAD,4.547947,5.334028244018555
2109,909248,MB,2.020818,2.5173025131225586
1553,907072,UNCLASSIFIED,2.410129,1.1307721138000488
1996,753556,LUSC,3.664449,3.6796183586120605
2107,946358,ALL,3.511794,3.8053529262542725
1563,906851,BRCA,6.115726,5.601588249206543
1631,908141,LAML,1.117294,0.7220373153686523
1614,753572,PAAD,4.62305,5.63896369934082
1936,753600,LUAD,2.839496,2.47232985496521
1925,683665,MM,4.444404,4.242791652679443
1909,907066,BLCA,3.022466,3.068605899810791
1631,946370,GBM,3.076315,3.3646137714385986
1191,1240173,COREAD,-5.459157,-7.10150146484375
2048,753563,MM,-5.964296,-6.223705291748047
1034,930299,THCA,2.762751,-1.0514862537384033
1022,908121,BRCA,-0.47445,0.45407742261886597
2106,909773,DLBC,2.221348,0.642004668712616
1030,905946,BRCA,5.512394,5.06416130065918
1918,1298350,LUAD,2.525104,3.0371410846710205
1083,688010,SCLC,2.613862,3.2612271308898926
2109,688121,UNCLASSIFIED,2.422331,3.35733962059021
1088,688021,SCLC,4.906111,3.742255926132202
1512,1331037,DLBC,3.807933,3.5279972553253174
1624,905974,SKCM,0.943348,0.7640954256057739
1372,910569,COREAD,3.106323,1.9769667387008667
1909,908473,LUAD,2.358836,3.608477830886841
1007,909256,BRCA,-5.755397,-5.414522171020508
1005,906790,STAD,2.384484,2.5500125885009766
1083,907792,COREAD,2.406276,5.1245927810668945
1912,907048,BRCA,0.365633,-0.1171044111251831
1200,688013,SCLC,2.933851,2.707608938217163
1621,905951,BRCA,6.000156,4.81887149810791
1030,949093,BRCA,7.249534,7.040205001831055
1091,905984,LGG,1.722066,1.6150062084197998
1927,908145,LGG,4.08575,4.279348373413086
1007,906856,UNCLASSIFIED,-5.795638,-5.505824089050293
1913,908141,LAML,2.929592,3.3182740211486816
1917,907285,PAAD,1.628396,2.8914883136749268
1007,1298223,LUSC,-3.192244,-5.359122276306152
1613,1240215,UNCLASSIFIED,4.370871,4.327663421630859
1852,910943,GBM,5.699013,5.989011764526367
1003,909256,BRCA,-1.967764,-1.1629798412322998
1200,908448,LAML,0.956118,1.8386842012405396
1854,1298533,PAAD,6.096986,4.84151554107666
1564,908448,LAML,0.437584,1.3602817058563232
1079,907047,UNCLASSIFIED,-1.187704,0.15313950181007385
1925,910933,GBM,3.820153,4.358417510986328
1034,909250,KIRC,-2.468444,-2.6927425861358643
1617,1240222,OV,-2.543859,0.9877879619598389
1936,906746,GBM,1.686627,2.6426148414611816
1089,906765,MM,1.180874,0.7779169082641602
1941,1240200,OV,-5.581294,-3.8227455615997314
1239,1480362,OV,4.361036,4.682592391967773
1911,905960,BRCA,-5.826255,-5.365764617919922
1068,1240223,THCA,3.357433,3.1073527336120605
1909,688023,SCLC,0.974038,1.3084396123886108
1620,905973,UNCLASSIFIED,4.634469,5.836261749267578
2111,917486,COREAD,2.419191,3.8417696952819824
1237,946357,UNCLASSIFIED,3.569567,4.1404523849487305
1058,924187,UCEC,1.22916,0.8407285809516907
1613,925340,STAD,0.521528,1.0104032754898071
1799,906865,SKCM,5.347252,4.819403648376465
2045,908465,LUAD,4.843495,5.973533630371094
1917,1299059,HNSC,2.582014,1.792971134185791
1564,907299,UNCLASSIFIED,1.705637,1.044938087463379
1373,687600,UNCLASSIFIED,4.925124,5.758701324462891
1168,1524416,KIRC,3.063358,2.355433464050293
1561,906839,GBM,3.112735,2.7585954666137695
1507,687802,LUAD,6.114307,6.114429473876953
1927,753539,UNCLASSIFIED,3.514581,4.223089218139648
1199,949171,NB,3.411892,2.9755537509918213
1924,1240142,LUSC,2.598774,2.2884693145751953
1549,906862,BRCA,3.173727,3.281370162963867
1080,1240179,CESC,-4.107847,-3.1942965984344482
1006,1240219,PAAD,2.080853,1.3870354890823364
1058,1240166,UNCLASSIFIED,0.828402,0.5729902386665344
1051,1240167,ESCA,1.255337,0.8245817422866821
1931,1240154,THCA,5.15517,4.669151306152344
1941,907042,LGG,-4.173794,-3.901946783065796
1079,1290798,BRCA,3.415791,3.156783103942871
1084,1330935,UNCLASSIFIED,-4.806329,-3.3532423973083496
2106,907276,STAD,2.853319,3.4462878704071045
1012,909716,UNCLASSIFIED,0.701718,0.8508784770965576
1237,906864,THCA,5.339129,5.717045783996582
1625,1330933,UNCLASSIFIED,3.035151,3.2845938205718994
1013,909744,ACC,3.618243,2.856935501098633
1918,1503368,ESCA,2.644625,1.6701650619506836
1598,907170,NB,3.301957,3.5853676795959473
1131,905974,SKCM,2.747582,2.5800211429595947
1084,909717,UNCLASSIFIED,-2.166566,-2.094944953918457
1576,688018,SCLC,3.217299,4.2151336669921875
1091,1331049,UNCLASSIFIED,1.288723,1.982926368713379
1618,753621,ESCA,4.58514,4.317129135131836
1593,1298539,UNCLASSIFIED,4.298541,4.292612075805664
1576,1327771,LCML,1.878408,1.6155288219451904
1177,687586,GBM,3.339244,4.279145240783691
1563,907795,COREAD,4.984601,5.276918411254883
1007,1240200,OV,-3.926641,-3.917402505874634
1635,908447,NB,5.762191,5.438250541687012
1085,905946,BRCA,1.831996,1.7373251914978027
1036,910915,PAAD,6.592004,5.909564971923828
1036,1290771,COREAD,3.85127,4.679529190063477
1047,724831,UNCLASSIFIED,4.916815,4.334336280822754
1625,905944,LUAD,3.457916,4.684633255004883
1997,687815,LUSC,0.291906,3.450843095779419
1924,906861,UNCLASSIFIED,2.968975,3.3553712368011475
1933,1240121,HNSC,5.191597,4.376679420471191
1057,1295740,ALL,-0.781024,-0.8646454811096191
1853,909975,UNCLASSIFIED,4.59584,4.74533748626709
1997,906790,STAD,1.463937,1.818978190422058
1924,924186,UNCLASSIFIED,2.85522,3.0623703002929688
1855,905965,UNCLASSIFIED,1.19627,2.4025392532348633
1089,1299052,HNSC,5.073791,5.471893310546875
1912,1298526,PAAD,2.966696,3.355926036834717
1054,906855,LCML,2.939193,3.200576066970825
1594,753539,UNCLASSIFIED,4.615352,4.90626335144043
1578,905936,COREAD,3.69742,4.313633918762207
1006,905964,MM,2.068042,-0.7228254079818726
1618,910688,LAML,2.694449,2.314715623855591
1373,905976,SKCM,-3.126408,-2.477315664291382
1625,909708,HNSC,3.395324,3.8163397312164307
1006,917486,COREAD,2.953769,3.0333642959594727
1908,905934,PRAD,4.606197,5.1233320236206055
1634,909704,BLCA,3.760896,3.691473960876465
1085,753538,HNSC,1.458011,2.0773262977600098
1924,910941,NB,3.618651,4.429046630859375
1558,910695,UNCLASSIFIED,1.001727,0.8949313163757324
1916,1503371,ESCA,2.294263,2.667004346847534
1576,907065,BLCA,3.061676,3.61188006401062
1560,753563,MM,2.78398,3.8195621967315674
1862,753576,ESCA,-0.5256,-0.356777548789978
1191,908473,LUAD,-3.276909,-4.540266036987305
1927,910904,HNSC,4.944821,4.99652099609375
1239,949174,NB,3.431711,2.571754217147827
1936,724834,LUAD,3.648847,3.8204498291015625
1631,753620,NB,2.653881,3.2661805152893066
1918,908152,MESO,3.271634,3.571721315383911
2043,753547,SCLC,4.822155,3.9825117588043213
1559,910927,BRCA,-4.803482,-3.1879308223724365
2107,1298216,PAAD,5.902619,5.705813407897949
1911,906872,NB,-5.175985,-4.712379455566406
1131,688031,SCLC,2.898146,1.6930298805236816
1049,1240187,LUAD,3.581565,4.678529739379883
1598,687800,LUAD,6.22237,5.924234390258789
1910,1503368,ESCA,2.214064,2.6564531326293945
1917,909698,COREAD,1.00178,1.747159481048584
1088,905991,OV,1.569759,1.2017507553100586
1268,924239,MM,4.061571,3.662118434906006
1025,909757,COREAD,6.125985,5.366485595703125
1180,906794,UNCLASSIFIED,-3.302173,-2.382201671600342
1017,753532,HNSC,4.388917,4.227569580078125
1930,909753,OV,1.53703,1.045223355293274
1051,1330985,LAML,-2.831565,-0.7187622785568237
1083,906791,LUAD,5.610927,5.402538299560547
1926,909709,HNSC,2.069522,0.9796868562698364
1060,753584,BLCA,1.119995,0.8565890192985535
1036,909716,UNCLASSIFIED,4.75388,4.198014259338379
1578,1240223,THCA,5.243242,6.380796432495117
1618,724868,LUAD,2.935696,2.9662749767303467
1131,910850,LIHC,7.024468,6.3506011962890625
1913,909256,BRCA,3.367836,3.553622245788574
1168,910905,COREAD,3.491524,4.040057182312012
1617,908126,LCML,1.36643,-2.8772201538085938
1017,1503370,LUAD,3.025936,3.5947699546813965
1634,1240162,HNSC,4.863008,5.520195007324219
1250,910911,HNSC,3.375977,2.849350929260254
1006,1290797,PAAD,0.359562,0.47799214720726013
1916,910698,KIRC,1.102843,1.2867650985717773
1911,910911,HNSC,-5.051371,-4.559395790100098
2048,724834,LUAD,-2.920986,-1.893691062927246
1918,907071,LIHC,4.306164,4.99000358581543
1852,905941,LUSC,7.851653,7.299769401550293
1635,910916,HNSC,3.805124,4.831159591674805
1931,907318,ESCA,5.342496,5.24344539642334
1563,909738,LIHC,6.660029,6.0056562423706055
1177,909732,UNCLASSIFIED,4.247322,3.9639785289764404
1561,1240121,HNSC,-0.552005,1.1780140399932861
1529,908143,UNCLASSIFIED,0.723365,-0.060486793518066406
1549,687802,LUAD,2.586163,2.8663203716278076
1915,906824,CESC,1.136445,1.23871910572052
1046,908138,UNCLASSIFIED,2.595083,1.7521657943725586
1372,1240174,UCEC,1.617674,0.4803645610809326
1873,1298146,LIHC,1.157062,1.0984207391738892
1011,753556,LUSC,2.381123,2.5209054946899414
1617,907050,UNCLASSIFIED,4.44947,4.8782548904418945
1930,909737,LIHC,1.104398,0.47719570994377136
1917,753592,LUAD,2.400817,1.8024978637695312
1849,908152,MESO,-1.369064,0.03065153956413269
1549,1330931,LCML,4.15342,4.0715484619140625
1909,1240132,MESO,3.832743,3.3710620403289795
1200,749712,BRCA,2.887795,3.131112813949585
1598,1330985,LAML,3.302314,2.5185749530792236
1017,753574,ESCA,5.817146,5.389447212219238
1553,909249,MM,0.829991,-0.15543359518051147
1005,909713,SKCM,3.21773,2.8470098972320557
1003,1240172,BRCA,-1.635276,-0.5864088535308838
2172,1290922,BRCA,2.76246,2.7930166721343994
1911,1298365,OV,-4.110609,-4.249963760375977
1512,909769,UNCLASSIFIED,5.895163,5.540702819824219
1932,1240145,LUAD,2.217215,1.61429762840271
1510,687802,LUAD,4.22177,4.8561811447143555
1927,905945,BRCA,4.910139,4.429803371429443
2106,687812,LUAD,4.200429,3.656900405883789
1046,906835,GBM,5.663154,4.956816673278809
1564,949177,NB,3.567913,3.3778254985809326
2111,1298348,LUAD,4.920143,5.072904586791992
1564,753541,HNSC,2.361649,2.624497175216675
1085,1330935,UNCLASSIFIED,1.988958,1.7543879747390747
1080,1240215,UNCLASSIFIED,-0.961828,-2.8467495441436768
1013,1298219,UNCLASSIFIED,5.521605,5.859943389892578
1629,905949,LUAD,3.905824,4.13795804977417
1625,684057,UNCLASSIFIED,5.038696,4.378393173217773
1192,1290798,BRCA,3.693036,3.4724934101104736
1936,1298349,SCLC,2.1885,3.113985061645508
1615,909704,BLCA,5.075294,4.791144371032715
1268,1298226,LUSC,4.290722,4.518204689025879
1051,910947,LAML,0.012406,-1.6424763202667236
1557,713869,LUAD,4.720942,5.392303466796875
1631,684057,UNCLASSIFIED,1.515892,1.6449840068817139
1854,925347,PAAD,6.129321,5.547197341918945
1012,907055,STAD,1.060173,0.8556056022644043
1931,683665,MM,4.592867,4.05288028717041
1006,946360,OV,2.403154,3.508970260620117
1617,908476,LUAD,1.525554,0.5312160849571228
1372,1298141,PAAD,-0.906878,-0.7575994729995728
1849,684052,UNCLASSIFIED,-1.193282,-1.0573782920837402
1179,906839,GBM,2.607823,2.522529363632202
1012,906746,GBM,2.426234,2.3857955932617188
1057,1290722,THCA,-1.49603,-1.8068041801452637
1131,713869,LUAD,6.658574,5.865658760070801
1626,909751,COREAD,1.290555,1.0500497817993164
1512,909732,UNCLASSIFIED,5.347645,5.313993453979492
1852,1503366,ESCA,5.183639,5.13906192779541
1936,906862,BRCA,1.448783,1.4454338550567627
1510,1240190,LUAD,4.173095,4.104586601257324
1849,1240162,HNSC,0.055053,0.18091672658920288
1022,906851,BRCA,1.420777,1.568003535270691
1010,1298350,LUAD,2.026258,2.398668050765991
1630,910849,UNCLASSIFIED,2.914439,2.8804826736450195
1079,906804,UNCLASSIFIED,3.396926,-1.011812686920166
1786,924110,UNCLASSIFIED,0.400507,2.4252967834472656
1855,1330987,UNCLASSIFIED,2.968211,2.149662971496582
1564,909747,COREAD,-0.035404,1.056156873703003
1854,906828,THCA,5.276236,4.735901832580566
1912,724834,LUAD,4.504528,5.336017608642578
1613,753594,SCLC,2.45533,2.620006561279297
1933,908126,LCML,4.816501,3.998227834701538
1507,946361,UNCLASSIFIED,4.639275,5.051833152770996
1913,749711,BRCA,4.188793,4.02850866317749
1915,909754,UNCLASSIFIED,4.017746,4.598158836364746
1621,909736,LIHC,3.350406,4.219629287719727
1510,753565,SCLC,2.122003,1.841361165046692
1079,906830,SKCM,4.187148,4.254631996154785
1073,1660035,COREAD,6.20135,5.802764892578125
1911,917486,COREAD,-1.274052,-2.9057557582855225
1576,949156,UNCLASSIFIED,2.921543,3.0578572750091553
1563,924187,UCEC,7.216573,6.511754035949707
1933,753612,MM,4.19345,4.12385368347168
1926,1240149,UNCLASSIFIED,-1.040495,-0.882571816444397
1563,1503364,STAD,4.485109,5.113595008850098
1873,907312,BLCA,0.655404,0.7146944999694824
1091,1298151,LIHC,3.598821,2.2603793144226074
1564,910688,LAML,2.284926,3.3036065101623535
1624,910941,NB,2.760354,3.017515182495117
1006,753573,ESCA,0.233463,0.14434179663658142
1510,925346,PAAD,5.363587,4.970349311828613
1084,717431,NB,-2.765728,-1.290810227394104
1563,907067,SKCM,5.520805,5.132584571838379
1873,906863,HNSC,1.119408,0.7382849454879761
1915,1503371,ESCA,2.996054,1.4148974418640137
1613,687457,BLCA,4.695908,3.935042142868042
2109,1299075,PRAD,4.162631,2.4037022590637207
1268,907169,SKCM,5.027913,4.609123229980469
1615,908459,UNCLASSIFIED,5.299071,4.93012809753418
1190,753573,ESCA,1.598739,1.1612136363983154
1933,1298539,UNCLASSIFIED,6.191615,6.227845191955566
2107,908460,LUAD,8.437308,8.204166412353516
1007,749710,BRCA,-4.210363,-3.062168598175049
1912,1240200,OV,3.611213,3.5589683055877686
1199,909702,ALL,2.364105,1.5859808921813965
2048,683665,MM,-4.703277,-5.059082984924316
2048,907787,ALL,-4.498836,-5.010528564453125
1051,1240226,SKCM,5.315058,2.9853909015655518
1047,907048,BRCA,5.409259,5.765349388122559
1259,946358,ALL,2.553481,1.0405397415161133
1003,1240149,UNCLASSIFIED,-4.342117,-3.9174182415008545
1576,946361,UNCLASSIFIED,2.545305,3.112438917160034
1006,924111,HNSC,2.011487,0.40633320808410645
1250,924239,MM,0.135563,1.265636920928955
1372,909263,COREAD,-3.587251,-2.245102882385254
1915,946361,UNCLASSIFIED,3.366566,3.492846727371216
1549,906804,UNCLASSIFIED,2.502607,2.539532423019409
1618,907275,LAML,-0.255558,2.1452317237854004
2044,905976,SKCM,3.128502,2.977518320083618
2047,687787,LUSC,3.651235,3.0840871334075928
1626,1659928,COREAD,1.618397,0.921225905418396
1615,905971,COREAD,5.141241,4.594606399536133
1511,949093,BRCA,3.947811,2.135911703109741
1073,910569,COREAD,3.698119,5.266452789306641
1928,908145,LGG,3.738845,3.8717377185821533
1996,753594,SCLC,3.370058,3.712881565093994
1576,1240134,MESO,3.494777,3.2640767097473145
1249,687798,LUAD,3.248603,4.870782852172852
1049,907071,LIHC,1.584088,3.1626791954040527
1036,905938,LAML,3.698693,4.419890403747559
1131,909718,COREAD,6.400055,4.91146183013916
1625,1479987,OV,3.534333,3.993056058883667
1239,687815,LUSC,0.528854,1.9163286685943604
1529,1330995,DLBC,0.652162,0.11046305298805237
1091,908130,UCEC,3.332029,4.19030237197876
1004,949164,UNCLASSIFIED,-5.770624,-5.860112190246582
1913,910706,UNCLASSIFIED,3.332287,3.174619436264038
1615,1298359,ESCA,5.230113,5.161908149719238
1239,1240140,UNCLASSIFIED,1.301601,1.7509843111038208
1558,909974,KIRC,1.216291,2.8662827014923096
1259,1503368,ESCA,4.736077,4.903541564941406
1630,1240134,MESO,4.31363,3.579563856124878
2107,905989,COREAD,4.569454,4.919987678527832
2096,910932,SKCM,0.730446,1.5843795537948608
1032,1240121,HNSC,1.997338,1.4740345478057861
1177,749711,BRCA,4.100932,3.779801607131958
1926,946368,GBM,0.484965,0.5716957449913025
1631,724839,CESC,6.216556,6.079578399658203
1918,749710,BRCA,2.101672,1.3285338878631592
1862,925340,STAD,-1.439444,-1.6838445663452148
1908,1240202,LUAD,3.620494,4.983869552612305
2109,753576,ESCA,3.930637,3.643543243408203
1918,907290,UNCLASSIFIED,3.176394,3.2528021335601807
1912,753566,BLCA,3.61299,4.5138349533081055
1053,905991,OV,3.408027,3.0280063152313232
2107,906838,UNCLASSIFIED,4.93618,4.794754981994629
1510,1503363,ESCA,1.549081,3.2256550788879395
1908,905962,COREAD,1.379014,1.1657593250274658
1022,1299052,HNSC,0.837297,1.8040544986724854
1237,946370,GBM,4.70371,4.917305946350098
2040,1327773,DLBC,0.886138,0.7912955284118652
1617,906828,THCA,5.190834,2.6484215259552
1237,1503371,ESCA,4.998835,4.711748123168945
1916,753563,MM,2.26944,2.587233304977417
1908,910907,PAAD,3.342266,3.7217066287994385
1634,1331037,DLBC,1.949838,1.9827814102172852
2044,910916,HNSC,2.733039,3.08667254447937
1088,909738,LIHC,6.572723,4.169049263000488
1022,907069,UNCLASSIFIED,-0.806657,-0.5411118268966675
1047,949094,GBM,5.667736,5.440281867980957
1996,906793,SKCM,3.713366,3.7434885501861572
1248,1298347,LUAD,-3.334049,-0.13312053680419922
1191,1298141,PAAD,-3.721385,-3.3784475326538086
2110,687802,LUAD,6.434002,5.852847099304199
1083,906847,UNCLASSIFIED,1.118332,3.1720666885375977
1049,909725,SKCM,5.026663,4.316211700439453
1853,906826,BRCA,6.974723,6.384537696838379
1910,753624,PAAD,2.637016,2.5962865352630615
1561,946357,UNCLASSIFIED,2.485872,2.6782896518707275
1089,724859,LUAD,3.281783,4.103944778442383
1578,1330941,BRCA,4.655872,5.681962966918945
1200,949166,UNCLASSIFIED,3.470212,3.401838779449463
1849,1299080,SKCM,0.063803,0.11661463975906372
1563,1240181,NB,5.523811,5.042788505554199
1529,907317,ESCA,-0.292332,1.5394731760025024
1627,909256,BRCA,1.898663,2.0738234519958496
1909,1240187,LUAD,2.686313,1.8842732906341553
1177,753592,LUAD,4.483124,4.230802059173584
1510,909728,LUSC,5.139241,4.525338172912598
1177,1327775,MM,3.663067,3.7939374446868896
1083,908158,UNCLASSIFIED,0.104944,1.3299369812011719
1613,1298352,UNCLASSIFIED,7.15111,7.254610061645508
1179,909721,LUAD,1.89434,2.8431804180145264
1635,1298526,PAAD,6.161899,5.934096336364746
1179,753610,SCLC,0.631964,0.5731643438339233
1268,1240154,THCA,3.712786,4.177576065063477
1855,905962,COREAD,3.695408,4.712287902832031
1011,910700,COREAD,1.249444,2.155794620513916
1036,911905,OV,6.561041,5.951532363891602
1786,910919,DLBC,2.718622,2.723205089569092
1190,910932,SKCM,1.428478,1.6105316877365112
2043,910706,UNCLASSIFIED,2.858283,3.398103952407837
1916,906812,BRCA,1.61321,2.102433204650879
1510,949178,NB,3.139139,2.352097988128662
1625,905939,COREAD,4.722792,5.618869781494141
1593,905991,OV,1.018557,1.8028368949890137
1250,1330972,SCLC,0.218214,0.8008944392204285
1617,687600,UNCLASSIFIED,2.576948,1.9380180835723877
1913,924105,UNCLASSIFIED,5.387641,4.698163032531738
1085,905975,SKCM,2.608375,1.8842720985412598
1058,910784,UNCLASSIFIED,1.695769,1.3289587497711182
2048,1290808,MESO,-0.872142,0.5574396252632141
1068,908121,BRCA,1.789081,1.4246634244918823
2045,906868,LGG,4.75111,3.960897445678711
1631,907043,UNCLASSIFIED,2.051711,1.5725367069244385
1259,909773,DLBC,3.265101,1.5370519161224365
1079,909745,GBM,-2.065788,-0.621994137763977
1131,906869,STAD,3.191771,4.344483375549316
2046,753615,MM,2.703869,3.748645067214966
2047,906868,LGG,0.310533,4.0501909255981445
1915,753584,BLCA,3.125872,2.8545243740081787
1512,908132,UNCLASSIFIED,4.618032,3.997774362564087
1918,906870,LAML,-0.222278,0.1706080436706543
1629,909751,COREAD,6.232133,5.324700355529785
1084,1299064,ESCA,-1.239775,-2.670144557952881
1913,908139,STAD,5.018432,4.8183135986328125
1079,949090,OV,4.622255,1.360127568244934
2109,909703,ALL,1.692062,1.7491695880889893
1578,1240166,UNCLASSIFIED,4.284435,4.022861480712891
1916,1330933,UNCLASSIFIED,1.893127,2.380258083343506
1799,1299059,HNSC,2.352411,4.488613128662109
1190,910853,SKCM,3.082513,2.7072596549987793
1553,1299070,OV,3.9956,4.65946102142334
1576,907313,GBM,3.265544,3.085972547531128
2046,1322224,STAD,-0.295743,-0.09838169813156128
1249,1659823,COREAD,3.620406,4.894692420959473
1933,907056,UNCLASSIFIED,5.592508,5.369564056396484
1852,1240127,UCEC,5.533928,5.225184440612793
1093,910569,COREAD,4.20208,3.394054889678955
2110,905955,SKCM,3.816962,4.659140586853027
1873,909729,GBM,0.265606,0.44981318712234497
1549,909977,UNCLASSIFIED,5.127104,4.610857009887695
1190,688026,SCLC,3.005351,3.39996075630188
1007,908159,UNCLASSIFIED,-6.129253,-5.893610000610352
1919,753541,HNSC,0.484748,0.5579779744148254
1179,906835,GBM,3.329183,2.392029285430908
1200,909738,LIHC,2.51559,3.3813529014587402
1618,908152,MESO,4.492864,3.4637372493743896
1080,909718,COREAD,-5.137956,-4.637456893920898
1079,924102,THCA,0.887491,2.4076404571533203
1911,908470,MESO,-2.298573,-1.334786057472229
2048,905980,KIRC,0.755637,0.6534391045570374
1032,905986,GBM,2.249432,2.5657339096069336
1912,687514,CESC,0.356146,0.33866381645202637
1578,930298,CESC,5.638713,5.009003639221191
2043,909709,HNSC,5.40711,4.856046676635742
1085,907044,UNCLASSIFIED,1.839107,1.6076011657714844
1922,910780,NB,1.902854,2.045320987701416
1553,1240153,SKCM,2.156807,1.8088223934173584
1372,908473,LUAD,-2.329451,-1.3314690589904785
1180,949166,UNCLASSIFIED,-2.727999,0.002929389476776123
1057,907277,ALL,-3.342046,-2.908156394958496
2110,909725,SKCM,5.43049,5.095561981201172
1085,949156,UNCLASSIFIED,4.600575,3.7627553939819336
1079,1480372,OV,1.746716,2.7317862510681152
1631,753610,SCLC,2.701503,2.183231830596924
1939,1298136,PAAD,5.539715,3.894049882888794
1168,1330987,UNCLASSIFIED,2.316218,1.7405359745025635
1614,1290722,THCA,5.365137,3.974090814590454
1854,724859,LUAD,5.194076,5.260659217834473
1237,909728,LUSC,6.072389,5.443239212036133
1598,924105,UNCLASSIFIED,3.889066,4.577057838439941
1057,688086,NB,-1.486648,-1.0167465209960938
1131,1298222,ESCA,6.573022,7.277910232543945
1997,687799,LUAD,-0.071573,3.0108284950256348
1131,1240136,MESO,6.184746,5.34698486328125
1614,1659823,COREAD,5.086472,4.818149566650391
1561,925340,STAD,1.291528,0.6838186979293823
1093,908467,UNCLASSIFIED,2.873594,3.6350016593933105
1853,909976,UNCLASSIFIED,2.93572,3.6458401679992676
1560,908126,LCML,4.146634,3.8913614749908447
1627,907792,COREAD,4.660304,4.084296226501465
1006,909731,UNCLASSIFIED,-1.464568,-0.12345772981643677
1507,753552,BLCA,3.049809,3.9972970485687256
1250,1240189,SCLC,0.214846,0.4530233144760132
2109,906797,BLCA,1.95897,2.5383763313293457
1576,1247871,ALL,2.190415,1.866456389427185
1036,907043,UNCLASSIFIED,3.547784,3.0669877529144287
1558,905941,LUSC,6.815216,6.282912254333496
2046,749709,BRCA,4.475981,3.022416830062866
2040,724839,CESC,5.313842,3.7740609645843506
1237,908448,LAML,4.33025,4.1744184494018555
1576,910784,UNCLASSIFIED,2.973228,3.2582690715789795
1631,687459,BLCA,4.528935,4.942098617553711
1862,1303900,BRCA,-1.960382,0.6853907704353333
1854,910689,COREAD,7.377813,6.657505035400391
1912,946361,UNCLASSIFIED,3.524925,2.7924716472625732
1621,1240144,UNCLASSIFIED,5.638378,4.467582702636719
1093,905989,COREAD,5.118755,3.856304407119751
1558,724872,SCLC,2.067295,2.6414520740509033
1511,946358,ALL,-2.063816,-2.8661906719207764
1054,1660035,COREAD,5.43446,5.181541442871094
1022,724859,LUAD,-0.413605,-0.5797076225280762
1613,1240134,MESO,3.974515,3.8605260848999023
1598,753583,HNSC,2.831641,2.8738009929656982
1089,908447,NB,4.356417,2.903756856918335
1617,1240154,THCA,1.427435,2.2206032276153564
1634,909248,MB,5.099714,4.153082847595215
1032,905961,COREAD,2.632773,1.639380693435669
1629,998184,ALL,2.628255,2.619837522506714
1635,905962,COREAD,5.469246,6.309342384338379
1051,907065,BLCA,4.184968,4.134598731994629
1936,1298476,PAAD,6.079149,5.129701614379883
1564,908440,NB,-3.001829,-3.1963140964508057
1034,1303900,BRCA,-0.701926,-2.0131993293762207
1927,909249,MM,4.198746,3.6187562942504883
1034,1659928,COREAD,-4.215399,-3.5104870796203613
1928,1503365,ESCA,5.440678,6.181146621704102
1558,908125,SKCM,4.928571,4.860222816467285
1372,1503368,ESCA,3.233568,1.9655027389526367
2110,909975,UNCLASSIFIED,6.736828,5.476590156555176
1091,1303897,DLBC,3.25639,4.069767475128174
1529,905939,COREAD,1.106439,-0.28878289461135864
1179,907792,COREAD,0.739244,1.2894313335418701
1622,910943,GBM,4.6136,5.999728202819824
1996,907064,UNCLASSIFIED,3.843161,3.319488286972046
2111,905945,BRCA,5.1722,4.574709892272949
1924,908446,STAD,2.431255,2.809584856033325
1620,687815,LUSC,5.09848,4.97645378112793
1259,1290795,UNCLASSIFIED,2.25065,3.2676849365234375
1625,909722,UNCLASSIFIED,3.254513,3.5497727394104004
1911,907268,UNCLASSIFIED,-6.610407,-6.686246871948242
1180,910903,SKCM,-3.89691,-3.2954511642456055
1621,909744,ACC,3.562308,3.6837105751037598
1614,1240154,THCA,3.044841,3.2185020446777344
1622,1298223,LUSC,4.112498,4.761962890625
1564,687799,LUAD,0.383984,0.7651421427726746
1558,1240221,UNCLASSIFIED,2.677019,2.9781086444854736
1629,905975,SKCM,5.227869,4.634294509887695
1852,687829,UNCLASSIFIED,6.277502,5.479762077331543
1060,905949,LUAD,-1.989476,-1.528196930885315
1010,1240159,LIHC,3.891431,4.454398155212402
1083,907066,BLCA,5.152296,5.352337837219238
1917,1240185,LUAD,1.385476,1.8706120252609253
1013,1331038,DLBC,1.487773,2.192857503890991
1510,1331038,DLBC,2.939876,3.038238525390625
1129,749712,BRCA,3.074918,3.686764717102051
1510,1503364,STAD,4.979251,3.9648048877716064
1373,905937,COREAD,3.501356,3.694349527359009
1046,907298,UNCLASSIFIED,2.239434,1.7862937450408936
1576,688011,SCLC,2.950479,2.771052360534668
1249,908126,LCML,2.200281,2.589252233505249
1199,907274,DLBC,2.802755,2.8746981620788574
1620,946370,GBM,3.768636,4.967868804931641
1011,908132,UNCLASSIFIED,3.356488,-3.3551228046417236
1011,1240190,LUAD,4.672551,3.090811252593994
1621,1290798,BRCA,5.787893,5.864743232727051
1200,1303897,DLBC,3.324587,3.8484442234039307
1013,1297447,MM,2.773076,2.3724334239959717
1051,749717,BRCA,4.146216,2.559314012527466
1200,753561,HNSC,1.615189,2.02630877494812
1631,909250,KIRC,4.548293,4.418512344360352
1549,735784,ESCA,3.778963,3.068674325942993
1511,906846,UNCLASSIFIED,-3.118334,-3.7654097080230713
1909,907058,SKCM,3.241316,2.6906306743621826
1093,910849,UNCLASSIFIED,3.855603,3.9838852882385254
1200,1298136,PAAD,4.796783,4.000855445861816
1931,1290905,BRCA,7.339606,6.860431671142578
1259,949094,GBM,3.245888,2.4339311122894287
2046,687586,GBM,1.971192,2.220975399017334
1919,905964,MM,1.136357,1.1263519525527954
1564,910927,BRCA,2.782229,2.1233644485473633
1915,684062,UNCLASSIFIED,3.023908,2.9256017208099365
1593,907045,BRCA,2.621405,2.6854991912841797
1630,1298358,STAD,3.869513,4.009606838226318
1629,908475,LUAD,6.518852,5.68461799621582
1057,753538,HNSC,-0.67636,-1.8260598182678223
1058,1240189,SCLC,1.821851,1.5924503803253174
1060,1298216,PAAD,2.255253,2.17720365524292
1873,1290797,PAAD,0.232373,0.634769082069397
1180,907320,ESCA,-3.677925,-2.306715965270996
1625,907280,LAML,4.836828,4.159416198730469
1996,906851,BRCA,4.955524,4.669180870056152
1091,910852,BRCA,1.237884,2.324718952178955
1010,1331037,DLBC,2.080103,1.780142068862915
2047,753539,UNCLASSIFIED,2.606869,2.3814122676849365
1922,908142,UNCLASSIFIED,1.043575,1.6837278604507446
2107,1295740,ALL,4.841181,4.60392951965332
1058,949177,NB,1.531077,1.3422574996948242
1007,713878,SCLC,-4.788101,-5.330897331237793
1614,749709,BRCA,5.244541,4.201597213745117
1051,906832,DLBC,2.214597,0.14696145057678223
1558,1240140,UNCLASSIFIED,0.805475,0.4801740050315857
1862,909697,STAD,-0.773164,-1.0972946882247925
1049,724878,LUAD,6.074121,5.8799943923950195
1011,908454,UNCLASSIFIED,1.401758,-0.33089375495910645
1564,1331048,DLBC,2.814343,2.956319808959961
1179,1503362,ESCA,-0.652966,0.8148889541625977
1180,1303900,BRCA,0.021404,-0.8727799654006958
1917,909774,UNCLASSIFIED,1.472196,1.948660969734192
1191,753561,HNSC,-5.761678,-5.070289611816406
1912,909756,UNCLASSIFIED,2.697414,3.375854730606079
1250,925338,BRCA,2.416696,1.2427802085876465
1131,907791,MM,3.111867,5.761381149291992
1915,1240196,HNSC,3.482679,2.541205406188965
1855,1240172,BRCA,6.018524,4.863065719604492
1933,910079,ESCA,3.835936,4.427428245544434
1852,1295741,MM,4.589339,3.760194778442383
1927,905960,BRCA,4.698834,4.580516815185547
2107,907312,BLCA,4.94661,4.0390238761901855
1909,1240127,UCEC,3.05341,2.7508835792541504
1079,907274,DLBC,0.843006,0.17489388585090637
1036,906820,NB,4.86396,4.246540546417236
1624,1330985,LAML,1.003601,2.280372142791748
1630,909696,UNCLASSIFIED,3.585721,2.7015459537506104
1259,1303912,UNCLASSIFIED,4.570249,3.24141788482666
1068,906828,THCA,0.94493,0.48668232560157776
1854,1240158,LIHC,4.070354,4.31569242477417
1613,910695,UNCLASSIFIED,4.767785,3.8101792335510254
1529,905938,LAML,-1.4591,-0.7886143922805786
1799,905978,KIRC,5.246272,4.546363830566406
1928,1297446,ALL,2.770526,2.890648603439331
1010,1331050,DLBC,3.139512,1.9447219371795654
1068,753574,ESCA,2.441955,1.9658492803573608
1036,910921,SKCM,1.307282,0.5636986494064331
1939,1240153,SKCM,3.675097,2.5519821643829346
1549,924250,STAD,3.212543,2.0412378311157227
1635,906790,STAD,3.449689,4.545587539672852
1017,1240200,OV,5.58019,5.896971702575684
1010,1240157,LIHC,4.038804,3.809124708175659
1558,1659928,COREAD,2.098997,1.5817551612854004
1635,724866,LUAD,5.462324,5.237743377685547
1022,908129,UCEC,1.808199,1.5450279712677002
1549,753615,MM,3.809303,4.184303283691406
1576,905968,OV,2.355986,2.6665003299713135
1941,907072,UNCLASSIFIED,-0.817804,-3.2082719802856445
1561,1298226,LUSC,2.349357,2.2153232097625732
2044,1503367,ESCA,2.742209,4.061159133911133
1786,930082,UNCLASSIFIED,3.094149,2.9691925048828125
1910,905976,SKCM,4.540415,3.5361924171447754
1624,687780,UNCLASSIFIED,4.355803,3.690107583999634
1237,1240215,UNCLASSIFIED,4.998894,5.271888732910156
1922,905941,LUSC,4.117592,3.0218565464019775
1010,909257,OV,2.038852,2.6833415031433105
1372,713880,SCLC,0.548222,1.6711139678955078
1049,908136,UNCLASSIFIED,3.433964,3.2576818466186523
1058,909253,LAML,1.934137,1.1312510967254639
1046,908470,MESO,3.345661,4.74592399597168
1922,687514,CESC,1.861672,1.7441500425338745
1593,946361,UNCLASSIFIED,1.586637,1.094530701637268
1598,909257,OV,5.109975,4.321494102478027
1191,1240145,LUAD,-4.441558,-4.425331115722656
2040,946353,ESCA,0.607978,1.2366845607757568
1613,909976,UNCLASSIFIED,2.668608,2.018911838531494
1996,909754,UNCLASSIFIED,5.00989,5.57115364074707
1933,908462,MESO,6.363484,5.363737106323242
1007,909744,ACC,-5.853104,-5.560869216918945
1626,1298538,LUSC,3.433136,4.925555229187012
1910,688010,SCLC,-3.576733,-2.6185362339019775
1997,949167,UNCLASSIFIED,0.60862,0.8335215449333191
1131,688058,MESO,7.049409,6.370478630065918
1919,909735,UCEC,1.3993,1.3156425952911377
2048,753610,SCLC,-4.60832,-4.801556587219238
1799,753612,MM,5.110296,4.563794136047363
1930,946382,BRCA,-0.162037,0.27434206008911133
1049,949094,GBM,3.508084,3.539724826812744
1928,910691,UCEC,3.998556,3.572298526763916
1627,924102,THCA,2.620077,3.2710928916931152
1046,753616,NB,1.079786,1.1944878101348877
1852,907045,BRCA,4.606409,4.648124694824219
1931,907172,SKCM,5.44968,5.791176795959473
2106,1240132,MESO,6.149341,4.678759574890137
1032,687780,UNCLASSIFIED,2.289731,1.99666428565979
1011,909723,SKCM,5.043138,2.3905129432678223
1199,909750,LGG,3.002254,3.3842320442199707
1268,909756,UNCLASSIFIED,4.156616,4.343443393707275
1375,1479987,OV,6.032576,5.228894233703613
1927,925340,STAD,4.843961,5.236234664916992
1511,905948,KIRC,0.047177,0.92291259765625
1032,1240210,UNCLASSIFIED,1.311439,1.0290236473083496
1250,724868,LUAD,0.058555,0.12136349081993103
1032,1240184,UNCLASSIFIED,2.1068,2.6438887119293213
2044,1503364,STAD,3.280428,3.1706037521362305
1131,1240160,LIHC,6.886854,7.389740943908691
1941,908474,UNCLASSIFIED,-4.800649,-4.3856611251831055
1249,907069,UNCLASSIFIED,3.771409,2.938282012939453
1931,905942,LUAD,5.396262,5.584685325622559
1046,910900,LUAD,1.43162,2.0719830989837646
1564,909721,LUAD,2.293049,1.8155614137649536
1131,905960,BRCA,2.866061,3.7475881576538086
1084,1330933,UNCLASSIFIED,-2.337256,-3.035722494125366
1617,924187,UCEC,3.808212,2.3654165267944336
1928,906830,SKCM,6.475685,6.005390167236328
1930,909756,UNCLASSIFIED,0.191633,-0.3594372868537903
1598,753600,LUAD,4.391702,4.289475440979004
1908,1298365,OV,4.132238,3.9767069816589355
1593,1290810,MESO,3.616601,2.9148240089416504
1083,687562,GBM,2.85454,2.4351015090942383
2111,908141,LAML,2.051448,1.6754653453826904
2107,753552,BLCA,5.179798,4.645552635192871
1558,907058,SKCM,2.159213,2.82675838470459
1060,907169,SKCM,-0.712001,-0.5618391036987305
2040,924240,BRCA,1.350303,1.5220263004302979
1079,1240131,MESO,4.723045,2.7660446166992188
1917,906835,GBM,4.563015,3.4947946071624756
1010,908130,UCEC,4.417021,4.220582962036133
2109,910853,SKCM,2.823071,2.8344597816467285
1004,910920,KIRC,-2.727503,-1.0241304636001587
1627,688121,UNCLASSIFIED,3.515093,3.3571975231170654
1200,905959,OV,4.60352,4.395236968994141
1003,907169,SKCM,-0.776289,-1.6399033069610596
1627,1299070,OV,2.339215,2.597698211669922
1615,908131,UNCLASSIFIED,5.45142,5.095149040222168
1911,905934,PRAD,-2.990555,-3.487307071685791
1927,1298349,SCLC,4.934582,4.272280693054199
2106,1240129,OV,6.409427,4.182626247406006
1131,906870,LAML,2.197418,2.056361436843872
1940,910936,HNSC,0.690527,2.7563533782958984
1911,1303896,UNCLASSIFIED,-6.586664,-6.610185623168945
1007,907062,HNSC,-3.84346,-4.783448219299316
1373,713869,LUAD,5.769224,5.1754560470581055
1997,1240143,LUSC,0.794911,2.120952606201172
2110,909754,UNCLASSIFIED,6.552064,6.248193740844727
1561,753608,LUAD,2.207055,1.6825472116470337
1003,906877,ALL,-3.89463,-3.262260913848877
1910,908158,UNCLASSIFIED,-0.25168,-1.3068844079971313
1634,909736,LIHC,4.65763,5.022538185119629
2040,687820,LUAD,4.554912,2.2550158500671387
1005,1240200,OV,5.16417,5.303754806518555
1054,908472,LUAD,5.096242,4.8443756103515625
1057,753616,NB,-1.268607,-1.2362253665924072
1557,1240146,LUAD,4.099397,4.674530982971191
1598,910903,SKCM,5.134807,4.2759246826171875
2043,908152,MESO,4.096068,4.8378095626831055
1615,1290724,HNSC,5.424228,5.068658828735352
1852,909713,SKCM,4.3914,4.681750297546387
1630,1240141,MESO,5.844745,5.777250289916992
1006,910781,UCEC,3.714966,3.4964351654052734
1060,908132,UNCLASSIFIED,-0.14754,0.2640758752822876
1933,687807,LUAD,5.693626,5.531562805175781
1613,906797,BLCA,5.088938,4.330867290496826
1004,1240218,PAAD,0.148597,1.235206961631775
1177,998184,ALL,2.762765,2.812347650527954
1010,907169,SKCM,3.572704,3.2276246547698975
1200,906693,PAAD,2.477747,3.0477561950683594
1047,910548,OV,4.836804,4.842245101928711
1168,909975,UNCLASSIFIED,3.73145,4.231672763824463
1373,687800,LUAD,7.711053,8.051405906677246
1237,1298539,UNCLASSIFIED,5.190074,6.064427375793457
1268,925340,STAD,5.819413,5.375905990600586
1088,908467,UNCLASSIFIED,0.635403,-0.34150969982147217
1022,1240142,LUSC,-2.73365,-1.2984364032745361
1093,907287,COREAD,4.684601,4.227505207061768
2047,924104,THCA,2.208607,2.9584336280822754
1237,1247871,ALL,4.856588,4.23541259765625
1852,1327766,MM,4.192322,3.6569807529449463
1621,906800,UNCLASSIFIED,1.49129,0.9706224799156189
1908,910936,HNSC,0.624945,1.4068794250488281
2045,753552,BLCA,4.846559,4.653436660766602
1239,905959,OV,3.881627,3.701890468597412
1512,906856,UNCLASSIFIED,3.367212,3.511188268661499
1635,949155,UNCLASSIFIED,4.58923,4.32048225402832
1013,1240216,LIHC,4.92351,5.09726619720459
1085,907318,ESCA,2.227954,2.392683267593384
1089,1240202,LUAD,4.63357,5.663917541503906
1558,907279,LGG,5.512889,4.583065986633301
1003,909780,BLCA,-4.608755,-3.97143292427063
1629,908457,COREAD,5.151388,5.471240043640137
1057,908451,LAML,-1.728711,-1.6610217094421387
1621,1240151,STAD,5.287755,5.300445556640625
1049,946355,ESCA,3.8918,3.9794299602508545
1593,1298169,KIRC,2.067749,2.716083288192749
1913,753547,SCLC,4.72906,3.800884962081909
1004,910702,PAAD,2.385089,1.3222334384918213
1614,1240189,SCLC,1.684385,2.4474146366119385
1634,1503371,ESCA,3.58441,3.684213638305664
1007,910926,BLCA,-6.541059,-6.851962089538574
1911,949164,UNCLASSIFIED,-5.350417,-5.0687971115112305
1618,907312,BLCA,3.612257,2.514997720718384
1941,753620,NB,-0.23085,-0.8777178525924683
1625,909905,GBM,4.610995,4.391756057739258
1918,908125,SKCM,5.750137,4.79917049407959
1786,909784,SKCM,4.551584,4.4658660888671875
1010,946368,GBM,3.478338,3.525580883026123
1561,1290724,HNSC,0.181712,0.6496251821517944
1915,909779,UNCLASSIFIED,3.810163,2.6550850868225098
1034,687802,LUAD,-3.885169,-1.4543969631195068
1939,735784,ESCA,4.950173,3.0072150230407715
1507,1330941,BRCA,5.841381,5.3082170486450195
2045,924107,CESC,4.927271,3.7325615882873535
1131,909719,LIHC,5.526652,2.8801069259643555
1011,753561,HNSC,1.209441,0.696320652961731
1625,910934,DLBC,2.559906,2.8993663787841797
1852,908122,BRCA,5.239916,4.802563667297363
1085,909713,SKCM,2.268983,2.2411322593688965
2047,1331039,UNCLASSIFIED,1.566676,3.537076234817505
1372,1503365,ESCA,-1.633149,-1.7997524738311768
1931,687505,CESC,5.409192,4.936051368713379
1088,905945,BRCA,3.262265,4.065485954284668
1006,1240226,SKCM,1.012656,1.2934746742248535
1630,1240192,SCLC,3.99021,4.473542213439941
1549,1298538,LUSC,0.159879,0.5285443067550659
1079,1298358,STAD,3.593822,3.4216504096984863
1046,1298357,STAD,6.471931,2.8241374492645264
1620,906842,DLBC,3.323911,3.403733491897583
1621,910916,HNSC,4.749372,4.357832908630371
1624,907320,ESCA,3.559241,3.2989330291748047
1630,925340,STAD,4.374057,3.699897050857544
2040,687787,LUSC,0.379821,0.39269885420799255
1249,908467,UNCLASSIFIED,2.801605,3.5301625728607178
1908,1240174,UCEC,2.972983,2.844107151031494
1563,724855,UNCLASSIFIED,6.379462,6.383359909057617
1928,907285,PAAD,4.365817,4.868532180786133
1635,753586,UNCLASSIFIED,5.094254,5.049725532531738
1558,905974,SKCM,2.017927,2.2980189323425293
1913,1503361,ESCA,4.345089,4.515769958496094
1563,906827,UNCLASSIFIED,5.862992,5.304983139038086
1927,907787,ALL,2.88993,3.914340019226074
1913,906871,LGG,4.427896,4.508440017700195
1259,909779,UNCLASSIFIED,3.757047,3.812227249145508
1006,905967,LUAD,0.176342,0.4377739429473877
1622,910554,COREAD,4.45774,3.828021764755249
1080,906848,UNCLASSIFIED,-5.182209,-4.348326683044434
1511,909732,UNCLASSIFIED,-1.006169,-1.4458296298980713
1007,910916,HNSC,-6.450475,-6.536048889160156
2109,909784,SKCM,2.352226,2.3499844074249268
1512,905965,UNCLASSIFIED,4.027456,3.9221341609954834
2040,1659928,COREAD,-0.75388,0.4511817395687103
1013,946368,GBM,4.435875,3.3894741535186768
1625,1247873,LUAD,6.137615,5.2848920822143555
1635,909707,UNCLASSIFIED,5.545435,5.250033378601074
1853,949153,ALL,2.779232,3.5848023891448975
1936,1240196,HNSC,3.070717,3.361506938934326
1630,910936,HNSC,1.540597,1.5514543056488037
1578,687590,GBM,5.806106,4.855953216552734
1614,1330987,UNCLASSIFIED,2.202443,1.8316235542297363
2044,907792,COREAD,4.765761,5.283003807067871
1372,1290905,BRCA,4.359151,4.2427825927734375
1091,906872,NB,2.179007,2.5830583572387695
1051,1290455,LAML,0.553096,0.363397479057312
1512,949156,UNCLASSIFIED,5.401512,5.325750350952148
1549,906812,BRCA,4.519009,3.6099870204925537
1849,687821,LUAD,1.262825,1.0144755840301514
1372,1660035,COREAD,-1.285269,-1.1083557605743408
1631,905970,LUAD,5.800699,4.133934020996094
1862,946361,UNCLASSIFIED,-1.416419,-1.532608151435852
2046,1331032,DLBC,2.184996,2.3546102046966553
1862,683665,MM,-2.425849,-1.9576611518859863
1615,907298,UNCLASSIFIED,4.41212,4.662898063659668
1598,910924,STAD,4.157251,4.051523685455322
1054,949153,ALL,-0.280664,0.45737460255622864
1058,924151,THCA,2.053976,2.9171862602233887
1786,907274,DLBC,2.963384,2.833482265472412
1191,949178,NB,-5.505858,-5.67198371887207
1510,1240197,OV,4.107655,3.9493186473846436
2107,907048,BRCA,4.779842,4.711010932922363
1614,687829,UNCLASSIFIED,5.105954,5.994544982910156
1560,910849,UNCLASSIFIED,4.413752,3.7867226600646973
1239,1298223,LUSC,2.704986,1.8122262954711914
1916,924110,UNCLASSIFIED,3.20046,3.5166051387786865
1915,905983,GBM,2.907716,3.2054574489593506
1510,909749,BLCA,4.105501,4.138065814971924
1034,908139,STAD,-1.693129,-2.0443787574768066
1060,910934,DLBC,-1.589154,-3.1680424213409424
1131,906817,ESCA,6.109348,6.481081962585449
1873,907298,UNCLASSIFIED,0.748249,0.3949982821941376
1559,908147,ALL,-3.781827,-4.331571578979492
1168,946382,BRCA,3.348287,2.742238759994507
1617,910943,GBM,6.117485,3.1241636276245117
2040,925338,BRCA,1.243179,1.0419387817382812
1559,906763,ALL,-3.669118,-3.3645927906036377
1911,909747,COREAD,-1.542455,-1.3765724897384644
1091,1297447,MM,3.056308,1.8022555112838745
2045,1327773,DLBC,1.700753,3.221501588821411
1053,1331049,UNCLASSIFIED,1.23617,0.9585983753204346
1089,1330993,PRAD,3.67015,3.94461727142334
2047,905959,OV,5.442769,5.556357383728027
1909,910549,ESCA,1.968132,1.8567882776260376
1013,907787,ALL,0.24648,1.368221402168274
1083,909759,UNCLASSIFIED,3.68641,2.0803232192993164
1248,906869,STAD,-5.045584,-3.155298948287964
1250,687506,CESC,2.876989,2.6593852043151855
1620,1479987,OV,4.763648,4.56744384765625
1924,909754,UNCLASSIFIED,4.134722,3.5229740142822266
1011,1240162,HNSC,4.59252,4.978569030761719
1073,687995,SCLC,3.34438,5.938176155090332
1259,749714,BRCA,4.595804,4.716586112976074
1558,905990,OV,4.925513,3.9307656288146973
1626,909904,PAAD,4.801703,4.441019058227539
1177,909729,GBM,5.585342,5.170503616333008
1549,687452,BLCA,1.718302,2.0359561443328857
1507,910924,STAD,5.415417,4.920063018798828
1004,1299059,HNSC,-2.893961,-3.629141092300415
1564,1240185,LUAD,1.806505,1.0098602771759033
1005,1290722,THCA,3.675608,3.98728609085083
1507,909976,UNCLASSIFIED,3.772505,4.091806411743164
1003,1330935,UNCLASSIFIED,-2.660676,-2.2879092693328857
1576,908152,MESO,3.007252,3.062757968902588
1047,687568,GBM,6.3056,5.400154113769531
1011,1330933,UNCLASSIFIED,-0.35214,-2.134611129760742
2044,687820,LUAD,6.308685,6.229004859924316
1862,753556,LUSC,-1.061497,-2.001948356628418
1919,924102,THCA,2.880363,2.4020187854766846
1908,949166,UNCLASSIFIED,5.186823,4.061174392700195
1011,905964,MM,-0.69688,0.7565231323242188
1510,905961,COREAD,0.689615,1.396413803100586
1922,1240153,SKCM,2.178902,2.401306629180908
1919,946361,UNCLASSIFIED,3.073966,2.2267658710479736
1511,753576,ESCA,1.541746,1.2183384895324707
1916,946361,UNCLASSIFIED,3.524843,3.2096147537231445
2107,949164,UNCLASSIFIED,4.991161,4.398646354675293
1091,909907,BRCA,5.925392,5.260733604431152
2047,909748,COREAD,0.635957,0.6176114082336426
1012,687821,LUAD,3.94072,3.807910203933716
1199,924107,CESC,1.921291,2.658083915710449
1180,906763,ALL,-4.569325,-3.8976151943206787
1190,687812,LUAD,2.539684,2.2938408851623535
1593,924104,THCA,2.894902,1.5761164426803589
1047,749711,BRCA,4.533897,5.750092506408691
1032,907795,COREAD,0.03817,0.46046197414398193
1259,1327775,MM,4.601192,4.642306327819824
1560,907069,UNCLASSIFIED,3.842228,3.981407880783081
1613,1290797,PAAD,2.427375,1.8711881637573242
1613,753584,BLCA,4.484721,3.615832805633545
1190,907280,LAML,-1.859117,1.266310214996338
1060,1503364,STAD,-0.097472,-0.3664354681968689
1578,910943,GBM,5.646064,5.921831130981445
1375,909738,LIHC,6.171932,6.207215309143066
1089,907271,LGG,4.234143,4.130084037780762
2040,907000,UNCLASSIFIED,0.53943,0.10873571038246155
1873,949167,UNCLASSIFIED,0.550156,0.4872470796108246
1079,906856,UNCLASSIFIED,-5.552275,-4.0717620849609375
1259,1298529,HNSC,2.976322,3.59350848197937
1560,753583,HNSC,3.057758,3.051349639892578
1928,753563,MM,2.296919,2.3818295001983643
1034,909719,LIHC,-2.10197,-3.219827175140381
1054,907051,UCEC,6.08195,4.788257598876953
1862,1298223,LUSC,-1.971237,-0.6350686550140381
1013,946353,ESCA,4.143506,3.952258348464966
1558,687798,LUAD,1.625034,0.6876933574676514
1563,907172,SKCM,6.102747,5.725772857666016
1873,906828,THCA,0.829374,0.4999464154243469
1022,1327775,MM,-0.141934,0.6105923056602478
1012,909718,COREAD,1.249649,0.9040288925170898
2045,908473,LUAD,5.967979,6.166058540344238
1012,753562,HNSC,1.674985,1.0688761472702026
1180,1290722,THCA,-3.380872,-1.7630746364593506
1088,724839,CESC,2.987953,4.258605003356934
1249,1290813,MESO,4.229422,3.015230655670166
1177,1330972,SCLC,0.52557,0.6694433689117432
1079,909974,KIRC,0.63152,0.6311736702919006
1054,910951,LCML,-0.395993,1.7504620552062988
1563,687514,CESC,5.544821,5.706142425537109
1012,687820,LUAD,3.236749,3.660813570022583
1177,906817,ESCA,6.129103,6.076720237731934
1017,906832,DLBC,4.763228,3.6098825931549072
1854,909249,MM,4.191785,3.3878910541534424
1799,688011,SCLC,5.316866,4.282115459442139
1862,910698,KIRC,-1.827506,-1.3409359455108643
1939,910907,PAAD,3.827951,3.362173318862915
1940,905938,LAML,2.281963,2.735013723373413
2044,908158,UNCLASSIFIED,1.294018,1.820479393005371
1854,1290922,BRCA,4.717166,3.2608509063720703
1561,1240172,BRCA,3.021548,3.4742624759674072
1617,905974,SKCM,0.782817,0.23779642581939697
1194,910554,COREAD,3.97801,2.4480514526367188
1598,946353,ESCA,3.477861,3.692338228225708
1635,1480362,OV,5.37247,5.4397735595703125
1250,905936,COREAD,0.202967,0.9622945189476013
1908,908455,STAD,2.739299,2.1620569229125977
2109,1330942,LAML,2.256638,3.2701261043548584
1627,687514,CESC,2.706057,2.567957639694214
1626,910779,UNCLASSIFIED,4.11094,2.9809916019439697
1915,713880,SCLC,2.580818,2.442591667175293
2047,753541,HNSC,2.429156,3.007078170776367
1131,910943,GBM,7.114287,5.063776969909668
1046,905951,BRCA,1.21184,1.5235005617141724
1931,908457,COREAD,6.750421,6.227756500244141
1003,753575,ESCA,2.169185,1.7709988355636597
1177,909736,LIHC,3.775586,4.462023735046387
1925,1322212,SCLC,5.09485,4.670985221862793
1615,907792,COREAD,6.213587,6.36598014831543
1560,906801,BRCA,1.099379,1.954277515411377
1047,1290806,STAD,3.328537,4.519715309143066
1563,906836,UNCLASSIFIED,3.291878,3.6002285480499268
1010,909725,SKCM,3.887301,3.7268154621124268
2047,1240123,COREAD,2.068428,1.8560374975204468
2110,908158,UNCLASSIFIED,1.946126,3.0952436923980713
1180,1298151,LIHC,-2.549297,-2.8811049461364746
1996,909708,HNSC,2.825551,3.030217409133911
1786,908127,UNCLASSIFIED,0.331414,1.3073203563690186
1249,1503362,ESCA,2.622975,3.077693223953247
1083,905934,PRAD,4.888386,5.223077774047852
1006,908462,MESO,2.140837,2.276172637939453
1553,908123,BRCA,3.346222,1.9402408599853516
1046,687780,UNCLASSIFIED,0.895816,1.3539276123046875
1073,687798,LUAD,2.751425,5.952615737915039
1003,1240168,GBM,-1.93027,-1.3606994152069092
1177,906812,BRCA,5.458886,5.268930435180664
1560,906820,NB,1.657257,1.700426459312439
1561,907058,SKCM,2.069663,1.5808193683624268
1053,1330947,LAML,0.965403,1.3987390995025635
2110,946361,UNCLASSIFIED,5.357422,4.323760986328125
1629,907277,ALL,2.916699,2.489914894104004
1996,713899,SCLC,3.632497,3.6545588970184326
1250,1290812,MESO,2.502519,4.404788970947266
1022,924239,MM,-2.174448,-0.9519847631454468
1047,906820,NB,1.452735,1.5130444765090942
1927,687588,GBM,6.057653,5.220606803894043
2048,910401,UNCLASSIFIED,-4.203875,-4.8222761154174805
1593,1290905,BRCA,1.081593,0.923551082611084
1564,907056,UNCLASSIFIED,5.03399,3.707186698913574
1618,924240,BRCA,4.427282,3.573655843734741
1926,749711,BRCA,2.703514,2.399669647216797
1909,753562,HNSC,2.415484,2.4864721298217773
1941,753589,SCLC,-4.748603,-2.358262062072754
1375,910692,SCLC,5.48065,5.93212890625
1268,1660035,COREAD,5.396112,5.245491981506348
2047,925343,UNCLASSIFIED,4.193518,3.208498477935791
1047,1240222,OV,2.413298,1.7533692121505737
1919,687448,SKCM,3.042377,3.167158365249634
1259,906824,CESC,3.341947,2.4101524353027344
1190,687455,BLCA,-4.43943,-0.2123989462852478
2046,684062,UNCLASSIFIED,2.831504,2.5278749465942383
1032,687821,LUAD,6.539095,5.344411849975586
2040,910705,UNCLASSIFIED,-0.019785,0.20314565300941467
1564,906794,UNCLASSIFIED,3.833209,2.5039467811584473
1624,1674021,COREAD,3.436915,3.2098615169525146
1030,749717,BRCA,4.715382,5.012062072753906
1004,908146,ALL,-5.073318,-5.540114402770996
1510,753566,BLCA,5.282401,5.694265365600586
1005,907276,STAD,6.417214,5.4417009353637695
2109,924110,UNCLASSIFIED,2.813914,3.0381698608398438
1053,1503361,ESCA,2.926176,3.36936354637146
1918,1240167,ESCA,3.338177,3.2377500534057617
1510,930082,UNCLASSIFIED,4.326932,4.119285583496094
2046,908150,MESO,3.063872,3.0079259872436523
1250,909735,UCEC,1.58469,1.8356269598007202
1925,910900,LUAD,5.022293,4.554841041564941
1010,1240162,HNSC,-0.413306,-0.10436373949050903
2044,908462,MESO,2.892503,3.1650962829589844
1085,910927,BRCA,1.175054,1.7543479204177856
1005,684062,UNCLASSIFIED,0.713958,0.9178565740585327
1910,905940,LCML,1.939598,2.1468706130981445
1558,1503361,ESCA,3.588179,3.1751716136932373
1179,1298218,PAAD,1.521465,1.3896849155426025
1912,1298157,BRCA,3.63871,2.746605396270752
1022,722046,LUAD,-0.872708,-0.49055755138397217
1375,1240129,OV,7.170166,7.183913230895996
1057,905948,KIRC,-1.554283,-0.8266650438308716
1561,909770,STAD,2.21314,1.7052111625671387
2040,917486,COREAD,1.531248,1.3409993648529053
1618,909746,COREAD,5.003708,4.621275901794434
1199,1240128,UNCLASSIFIED,4.433849,4.124786376953125
2043,688001,SCLC,3.324635,3.863184690475464
1940,1240141,MESO,3.980256,4.6102495193481445
1032,905977,SKCM,2.937949,3.27262020111084
1549,906817,ESCA,4.167984,4.475159645080566
1096,749709,BRCA,4.080924,4.041609764099121
1909,910853,SKCM,1.946676,2.0809085369110107
1622,753569,LUSC,3.814101,3.548362970352173
1873,907268,UNCLASSIFIED,0.001947,0.24961280822753906
1051,1330993,PRAD,1.167537,0.940638542175293
1915,910695,UNCLASSIFIED,2.020273,0.8714147210121155
1085,906839,GBM,2.843326,2.6109583377838135
1626,909753,OV,1.910321,1.810605764389038
1034,905986,GBM,-3.577456,-2.738422393798828
2110,749717,BRCA,5.591079,4.712348937988281
1563,908145,LGG,5.313967,4.9394683837890625
1617,1240192,SCLC,3.711757,2.063203811645508
1576,687600,UNCLASSIFIED,2.099031,2.633809804916382
1624,924102,THCA,1.876457,4.477138519287109
1629,905983,GBM,5.051446,4.852354049682617
1919,907298,UNCLASSIFIED,1.640461,1.6573622226715088
1930,907789,ALL,-1.394834,0.10361284017562866
1088,906808,SCLC,3.324043,2.4693431854248047
1635,910941,NB,5.33742,5.060999870300293
1168,949160,UNCLASSIFIED,1.536815,2.0790867805480957
1849,908147,ALL,-3.003685,-2.4630095958709717
1180,1290455,LAML,-4.061078,-3.613377809524536
1925,1330947,LAML,3.652206,3.660431385040283
1855,906843,CESC,3.417133,3.941640853881836
1512,1503362,ESCA,5.40674,5.268221855163574
1510,688121,UNCLASSIFIED,4.773488,4.905316352844238
1005,1331050,DLBC,1.479952,1.5578829050064087
1010,687600,UNCLASSIFIED,3.796755,3.786972999572754
1912,753572,PAAD,3.513874,3.28458571434021
1058,1299059,HNSC,1.997029,2.610553026199341
1054,930297,CESC,5.386633,4.963214874267578
1629,684052,UNCLASSIFIED,4.54795,3.671651840209961
1510,1331037,DLBC,2.753913,2.5166852474212646
1200,908461,STAD,3.0137,3.887713670730591
1621,687983,SCLC,4.989,4.676363945007324
1634,1240168,GBM,4.543125,4.128155708312988
1003,753556,LUSC,-0.851197,-2.05718994140625
1507,906824,CESC,5.223315,5.151908874511719
1073,906805,LUAD,5.295702,6.267295837402344
1007,906812,BRCA,-5.581017,-4.476570129394531
1021,924240,BRCA,3.859141,3.273738384246826
1249,1298350,LUAD,3.941566,3.9393417835235596
1578,909756,UNCLASSIFIED,5.015397,5.532468795776367
1630,1240153,SKCM,4.289169,3.767517328262329
1017,910936,HNSC,3.7311,3.593698263168335
1053,909252,ALL,2.030234,2.254587411880493
1941,908122,BRCA,-4.821268,-2.9145193099975586
1373,909977,UNCLASSIFIED,5.444267,6.398058891296387
1549,753594,SCLC,4.631999,4.1505327224731445
1913,905944,LUAD,5.272052,5.221427917480469
1003,949155,UNCLASSIFIED,-5.227331,-5.568377494812012
1058,1240162,HNSC,0.512004,0.12798210978507996
1908,753576,ESCA,4.372897,3.927036762237549
1007,909761,COREAD,-4.248285,-4.4453020095825195
1259,907269,CLL,-0.827464,0.28619930148124695
2110,907060,UNCLASSIFIED,4.022572,3.511411190032959
1925,1331038,DLBC,3.2906,3.641728162765503
1060,749709,BRCA,1.761033,0.5873637199401855
1598,906831,UNCLASSIFIED,3.526939,3.4870834350585938
1916,687568,GBM,3.313192,2.9985532760620117
1932,907172,SKCM,2.42114,3.7275211811065674
1512,1674021,COREAD,5.76816,5.4953718185424805
1060,909746,COREAD,-1.208448,-1.2169108390808105
1620,909251,ALL,3.683778,4.207999229431152
1047,906865,SKCM,4.262024,3.792983293533325
2048,908455,STAD,-4.699335,-2.835801839828491
1560,907285,PAAD,3.461239,4.279685020446777
1799,906817,ESCA,4.06845,5.068519592285156
1626,1331033,DLBC,-1.450333,-0.29148608446121216
1909,1290798,BRCA,3.172911,2.3615634441375732
1624,906765,MM,1.539414,1.4271721839904785
1873,909732,UNCLASSIFIED,1.611682,1.3289800882339478
1057,949166,UNCLASSIFIED,0.585683,-0.8403900861740112
1559,908122,BRCA,-4.070806,-2.3818397521972656
1557,905941,LUSC,6.34488,6.958062171936035
1083,909735,UCEC,3.103412,2.998023271560669
1629,909708,HNSC,3.601299,3.8253180980682373
2107,924244,LUAD,5.517305,4.87838077545166
1051,753558,KIRC,4.630017,2.1019840240478516
1915,1290812,MESO,5.354759,4.034111499786377
2044,1290724,HNSC,2.769214,3.188401937484741
1997,910695,UNCLASSIFIED,-0.31432,2.75827956199646
1375,688013,SCLC,5.187095,5.368062973022461
1631,687506,CESC,5.149075,3.141740560531616
1088,998189,COREAD,2.167523,1.5248843431472778
1913,908125,SKCM,5.818782,5.263021469116211
1561,949156,UNCLASSIFIED,2.118043,2.3538808822631836
2106,1240131,MESO,7.258644,6.151575088500977
1004,909263,COREAD,1.78372,0.2503019869327545
1615,1240122,HNSC,5.941699,5.573274612426758
1068,1290812,MESO,2.954186,2.41094970703125
1375,1298349,SCLC,5.280273,5.875548362731934
1177,907276,STAD,5.984602,5.112536430358887
1576,946370,GBM,1.901593,2.8463504314422607
1180,907048,BRCA,-3.891158,-3.637868642807007
1080,907322,UNCLASSIFIED,-1.789763,-3.4662675857543945
1576,905964,MM,1.211163,1.6031724214553833
1630,906853,UNCLASSIFIED,6.419056,5.375402450561523
1918,908463,LUAD,3.880929,4.123016357421875
1373,907045,BRCA,5.545475,4.236464500427246
1564,908125,SKCM,1.454761,2.1543731689453125
1054,910784,UNCLASSIFIED,3.699882,3.6505868434906006
1621,907289,COREAD,4.72571,4.9330244064331055
1854,906871,LGG,2.996592,4.258963584899902
1046,908447,NB,1.717088,0.9197103977203369
1003,924100,PRAD,-3.142631,-3.414703130722046
2046,907322,UNCLASSIFIED,1.190975,1.3614144325256348
1621,905980,KIRC,6.631842,5.850869178771973
1034,1240196,HNSC,-2.253413,-3.5168306827545166
1068,906832,DLBC,1.222646,0.8577977418899536
1615,910544,LCML,4.114361,3.62343692779541
1799,910781,UCEC,3.714259,4.327927589416504
1855,949163,UNCLASSIFIED,4.429669,3.34794020652771
1372,1330983,LAML,-4.309682,-1.9681146144866943
1091,910850,LIHC,3.934401,2.6689090728759766
1549,910935,DLBC,3.300996,3.1842644214630127
1849,909776,UNCLASSIFIED,-0.893016,-0.5294175744056702
2111,910698,KIRC,3.951009,3.2228527069091797
1919,925346,PAAD,1.893679,1.9790472984313965
1091,906805,LUAD,0.535364,1.370898962020874
1928,753532,HNSC,3.814669,4.3985772132873535
1909,909252,ALL,0.179202,-0.5113991498947144
1058,905969,OV,1.320073,0.8652974367141724
1080,910933,GBM,-2.764453,-2.8592169284820557
1091,907069,UNCLASSIFIED,2.1065,2.5797975063323975
1626,924102,THCA,1.003235,4.213223457336426
1593,908141,LAML,1.271531,0.3947339653968811
1011,688025,SCLC,-1.412125,-1.6572191715240479
1918,905957,BRCA,1.896003,1.1386692523956299
1510,688026,SCLC,3.721072,3.024134397506714
1910,907269,CLL,-1.873622,-0.43160414695739746
1626,910784,UNCLASSIFIED,5.99017,3.5660386085510254
1510,907280,LAML,2.609223,2.874419927597046
1598,907289,COREAD,3.418577,2.944439172744751
1046,1298134,CESC,1.78139,1.7538999319076538
1032,906831,UNCLASSIFIED,1.546216,0.9783610701560974
1047,910849,UNCLASSIFIED,4.52481,6.38060188293457
1613,906795,THCA,4.471217,3.756732225418091
1553,909770,STAD,3.194726,2.8009214401245117
1862,908159,UNCLASSIFIED,-2.020709,-2.106086492538452
1557,910921,SKCM,2.458516,4.491347312927246
2040,910943,GBM,-0.023088,0.6071210503578186
1564,908471,UNCLASSIFIED,1.667213,1.6035491228103638
1913,906805,LUAD,5.702983,5.304913520812988
1941,907055,STAD,-5.693365,-5.382411003112793
1997,909704,BLCA,4.260958,4.418601989746094
1006,749715,BRCA,3.993091,4.092798233032227
1239,910554,COREAD,2.416414,3.8857243061065674
1930,909769,UNCLASSIFIED,1.615756,2.2180724143981934
1259,724870,PAAD,4.513353,3.9105184078216553
1622,1298538,LUSC,4.938029,4.494576454162598
1624,1240138,MESO,4.318395,4.636566162109375
1373,949165,UNCLASSIFIED,5.241951,4.92530632019043
1372,1240212,CESC,2.84196,1.9320341348648071
1561,1295740,ALL,2.46033,2.5141854286193848
1004,905973,UNCLASSIFIED,1.209555,-1.0767663717269897
1593,909977,UNCLASSIFIED,5.063079,3.9014334678649902
1634,907051,UCEC,3.837029,4.442056655883789
1635,1322218,UNCLASSIFIED,5.028297,4.6076860427856445
1191,1240158,LIHC,-4.622793,-4.589820861816406
1013,1297446,ALL,1.715831,1.2451237440109253
2107,908474,UNCLASSIFIED,4.879616,5.136566162109375
1910,1240149,UNCLASSIFIED,2.30377,2.3132147789001465
1615,906834,MB,4.150475,3.6862785816192627
2106,687562,GBM,1.760107,2.069791793823242
1259,907319,ESCA,2.539225,2.809751272201538
1873,909736,LIHC,0.390391,1.0161681175231934
1022,949179,NB,1.385713,0.7925281524658203
1560,1330941,BRCA,0.097929,1.2559759616851807
1058,1298533,PAAD,1.528595,0.6503573656082153
1529,946357,UNCLASSIFIED,1.956467,-1.524795413017273
1046,908142,UNCLASSIFIED,-0.531758,0.6313368082046509
1510,910910,BRCA,7.082666,4.541664123535156
1046,1240217,LIHC,1.635744,1.0768351554870605
1179,907289,COREAD,0.537863,0.707880973815918
1507,1330931,LCML,3.136048,3.3002822399139404
1057,906839,GBM,-0.653377,-0.7449761629104614
2109,949090,OV,1.038316,2.1217002868652344
1259,909753,OV,6.575955,5.946135520935059
1925,909740,COREAD,5.660146,6.492635726928711
1052,749713,BRCA,4.134639,2.3245415687561035
1084,722066,LUAD,-0.691587,-1.6169703006744385
2046,909262,UNCLASSIFIED,1.971872,0.9421401023864746
1060,925341,UNCLASSIFIED,2.141958,1.3488394021987915
2047,908146,ALL,0.35962,0.7723726630210876
2107,1503370,LUAD,4.672405,4.851527214050293
1911,1298348,LUAD,-3.919562,-2.087768077850342
1032,905964,MM,1.389594,1.331217885017395
1849,906805,LUAD,-0.181705,-0.280936598777771
1910,1240122,HNSC,3.211739,2.9931130409240723
1373,1240215,UNCLASSIFIED,5.57612,5.166718482971191
1047,1298350,LUAD,5.633487,4.45257568359375
2111,688013,SCLC,3.070241,2.8799471855163574
2111,910941,NB,4.561527,3.4333417415618896
1089,688121,UNCLASSIFIED,2.914752,3.237858295440674
1168,924107,CESC,-1.085986,-1.0401484966278076
1249,724825,MM,1.607063,1.779235601425171
1057,909780,BLCA,-2.429717,-1.9036109447479248
1059,906801,BRCA,-0.278838,-0.3094128370285034
1549,949163,UNCLASSIFIED,4.241458,4.1123151779174805
1855,687821,LUAD,7.546383,8.290810585021973
1239,909708,HNSC,2.759812,1.8095424175262451
1617,924241,SCLC,3.387082,2.4331700801849365
1910,908142,UNCLASSIFIED,1.379408,1.4727427959442139
1786,949178,NB,2.135283,1.6039773225784302
1080,905969,OV,-1.549483,-1.9280331134796143
1259,907069,UNCLASSIFIED,3.552778,4.1959733963012695
1237,907072,UNCLASSIFIED,4.926297,4.458904266357422
1083,908470,MESO,4.046104,5.465837478637695
2107,687812,LUAD,6.00506,5.137495040893555
1924,1240134,MESO,3.06858,3.296205997467041
1862,1503365,ESCA,-1.606494,-0.5764850378036499
1007,688025,SCLC,-4.927554,-5.602834701538086
1084,1331048,DLBC,-4.957595,-3.6256115436553955
1908,905975,SKCM,-0.483252,-0.4469590187072754
1557,909907,BRCA,6.910232,5.107664108276367
1927,907062,HNSC,5.405871,4.923893928527832
1917,907057,LIHC,1.946777,2.7538774013519287
1060,906746,GBM,-0.332264,0.6151116490364075
1910,908461,STAD,1.758359,2.5587053298950195
1561,906856,UNCLASSIFIED,1.813832,2.20181941986084
1507,1240151,STAD,5.715402,5.302280426025391
1852,907285,PAAD,6.423461,5.9976348876953125
1249,1240218,PAAD,6.850253,5.849544525146484
1003,753576,ESCA,1.916677,1.2136731147766113
1054,684052,UNCLASSIFIED,2.233636,2.9451799392700195
1553,910947,LAML,1.965239,2.527721881866455
1089,907058,SKCM,3.795258,3.0388810634613037
1615,1290905,BRCA,6.994293,7.1057024002075195
1512,1240123,COREAD,4.506212,4.676497459411621
1561,910692,SCLC,2.560828,1.6682711839675903
1088,907073,UNCLASSIFIED,1.305002,1.1546168327331543
1631,905972,LUAD,4.332616,4.261802673339844
2048,905942,LUAD,-3.916225,-3.282365560531616
1854,749717,BRCA,5.480025,5.00484561920166
1057,907796,UNCLASSIFIED,-0.951067,0.11861029267311096
1080,910692,SCLC,-0.551584,-0.07841575145721436
1086,906851,BRCA,0.663651,0.8679412603378296
2043,909732,UNCLASSIFIED,4.800846,4.994677543640137
1268,1330950,MM,4.470596,4.384738922119141
1624,949160,UNCLASSIFIED,4.052371,4.855660438537598
1089,949094,GBM,3.977756,4.045421600341797
1268,910951,LCML,3.485641,3.1491200923919678
1911,1299080,SKCM,-4.937734,-5.294025421142578
1799,907792,COREAD,6.231046,5.476977348327637
1927,753541,HNSC,5.312399,4.728065490722656
1080,908123,BRCA,-4.119401,-3.842712163925171
1057,1331039,UNCLASSIFIED,-0.987016,-1.318810224533081
1615,1240168,GBM,4.012162,5.041379928588867
1997,687780,UNCLASSIFIED,2.107993,2.374464511871338
1372,909755,COREAD,-2.638415,-1.0282942056655884
1617,906868,LGG,3.431922,2.184300661087036
1249,907319,ESCA,2.422682,3.4006896018981934
2106,905971,COREAD,0.663517,1.305225133895874
1268,998189,COREAD,4.627517,5.289975166320801
1017,1290812,MESO,5.29321,5.280463218688965
1047,910915,PAAD,7.632521,6.989997863769531
1084,907060,UNCLASSIFIED,-1.588425,-1.916877269744873
1939,909262,UNCLASSIFIED,2.093481,2.1122028827667236
1083,749711,BRCA,3.221218,2.779750347137451
1180,905965,UNCLASSIFIED,-4.575835,-3.578143358230591
1558,1331038,DLBC,3.626743,2.3394150733947754
1131,687821,LUAD,8.804553,8.442679405212402
1168,1240158,LIHC,3.190828,2.6309900283813477
1507,1327774,UNCLASSIFIED,3.731197,3.1068289279937744
1249,906852,UNCLASSIFIED,3.211781,3.867628812789917
2043,687812,LUAD,5.282139,5.364813804626465
1613,908443,LUSC,4.988566,3.2948639392852783
1373,909905,GBM,5.386261,4.563739776611328
1191,907320,ESCA,-5.067309,-4.610089302062988
1080,688031,SCLC,-4.858737,-4.866388320922852
1564,687514,CESC,3.111872,2.4595119953155518
1786,909704,BLCA,-0.997321,0.4322807192802429
1578,1240168,GBM,5.316649,4.817639350891113
1004,949165,UNCLASSIFIED,-4.516427,-4.5420026779174805
1080,753565,SCLC,-3.697652,-3.4193687438964844
1053,909907,BRCA,3.362389,3.70082950592041
1510,1240167,ESCA,3.220974,3.06955623626709
1007,909746,COREAD,-2.580273,-1.7873742580413818
1239,724866,LUAD,2.767179,2.571396589279175
1618,925347,PAAD,5.309769,5.228388786315918
1916,909255,UNCLASSIFIED,0.671031,1.2622363567352295
1922,949155,UNCLASSIFIED,1.872628,1.18778395652771
1510,910907,PAAD,5.171007,5.233588218688965
1190,1660035,COREAD,4.148161,4.016457557678223
1004,1240160,LIHC,-2.54141,-1.6123909950256348
2044,1298134,CESC,3.7536,3.2872376441955566
1627,906835,GBM,5.181599,4.93327522277832
1873,906846,UNCLASSIFIED,0.789424,0.5025596022605896
1630,683667,MB,2.984121,2.8507614135742188
1168,907279,LGG,4.850714,3.611959218978882
1933,1327774,UNCLASSIFIED,2.317132,2.6229424476623535
1012,908448,LAML,0.343528,0.37758246064186096
1916,907277,ALL,-1.800673,-1.7654719352722168
1931,906790,STAD,4.215589,4.773251533508301
1560,910781,UCEC,1.878377,1.694475769996643
2106,1290769,COREAD,2.922785,4.022655487060547
1007,909703,ALL,-5.395823,-5.346148490905762
1511,909257,OV,-1.793753,-2.0434799194335938
1007,724863,UNCLASSIFIED,-4.266613,-4.740391731262207
1849,907269,CLL,-2.637496,-1.621286392211914
1088,907280,LAML,2.091954,2.7502238750457764
2048,1330983,LAML,-4.993247,-3.9993393421173096
2110,1240184,UNCLASSIFIED,4.509495,4.696557998657227
1057,1240197,OV,-1.174251,-0.6902700662612915
1940,924239,MM,2.082057,3.0648670196533203
1549,908125,SKCM,6.034746,5.972933769226074
1510,1240208,PAAD,5.022122,4.723931312561035
1852,907287,COREAD,4.676123,4.715279579162598
1191,905980,KIRC,-4.065988,-3.5525991916656494
1854,907311,LCML,2.848468,3.4280810356140137
1630,906855,LCML,3.704721,2.6738195419311523
1011,1480372,OV,3.416611,4.548516273498535
1053,1240215,UNCLASSIFIED,3.385054,2.820786714553833
1916,1240129,OV,3.604102,4.726984024047852
1010,909719,LIHC,3.612765,3.0760579109191895
1578,753576,ESCA,5.527271,5.565622329711914
1625,1240185,LUAD,4.69987,5.235237121582031
1168,1240146,LUAD,-2.737113,-3.077976703643799
1564,909777,UNCLASSIFIED,2.674567,2.6285288333892822
1626,909747,COREAD,2.890358,4.0992045402526855
1004,909746,COREAD,0.548869,0.013089090585708618
2047,908445,STAD,1.070928,1.8277679681777954
1085,905944,LUAD,3.560751,2.797422409057617
1996,906817,ESCA,5.71456,5.011842727661133
1003,1290769,COREAD,-1.605026,-0.6547137498855591
1511,906693,PAAD,-0.145753,-0.21550744771957397
1375,1240160,LIHC,7.043709,6.770294189453125
1549,910401,UNCLASSIFIED,3.673926,3.0329983234405518
1058,905971,COREAD,1.176635,0.6789194345474243
1180,905990,OV,-0.287836,-1.4209141731262207
1593,753594,SCLC,0.657571,0.5544110536575317
1558,906868,LGG,3.263714,2.420567750930786
1248,724866,LUAD,-4.027545,-4.526813507080078
2043,910546,PAAD,5.086989,5.111058235168457
1593,753548,LAML,0.618802,0.854233980178833
1910,910689,COREAD,4.954439,3.5579941272735596
1013,924108,COREAD,4.554805,4.194031715393066
1617,753551,SCLC,0.661593,1.1906538009643555
1631,946355,ESCA,3.467422,3.9360923767089844
1873,1290795,UNCLASSIFIED,1.55873,0.9248069524765015
1634,753551,SCLC,3.199999,3.6663761138916016
1010,1503371,ESCA,1.331826,0.9296879768371582
1614,924187,UCEC,4.630944,4.245975494384766
1093,1290722,THCA,4.708094,4.421339511871338
1049,909728,LUSC,4.907538,4.7666168212890625
1919,907048,BRCA,1.661153,1.6223158836364746
2110,1298223,LUSC,4.524357,4.288788795471191
1563,687802,LUAD,7.528194,7.097644805908203
1927,907322,UNCLASSIFIED,3.122033,4.220208168029785
1932,907311,LCML,2.122022,1.975034475326538
1011,1290769,COREAD,0.353525,0.7225644588470459
1932,905940,LCML,3.158633,3.379779100418091
1237,753555,ESCA,4.890237,4.932803153991699
1549,908145,LGG,4.820428,4.263283729553223
1191,1240124,COREAD,-5.229272,-5.9495344161987305
1511,1330995,DLBC,-2.90627,-3.0298445224761963
1613,910698,KIRC,4.51409,2.81103515625
1932,1290765,UNCLASSIFIED,1.97141,1.8656208515167236
1249,930298,CESC,2.849132,3.7586967945098877
1915,907042,LGG,2.630683,2.1945223808288574
1053,687514,CESC,2.102537,1.3875963687896729
1553,909975,UNCLASSIFIED,3.481366,5.221963882446289
1007,1331033,DLBC,-6.026244,-6.496005058288574
1268,906832,DLBC,4.679884,4.142941951751709
1557,1503370,LUAD,4.138965,4.055678367614746
1553,905946,BRCA,1.674567,1.6222548484802246
1512,910907,PAAD,5.236064,5.525662422180176
1932,910921,SKCM,1.919374,2.7689082622528076
2106,1503364,STAD,2.074422,3.0248188972473145
1862,909704,BLCA,-2.200105,-1.6733996868133545
1038,908123,BRCA,1.892444,1.7803211212158203
2096,906804,UNCLASSIFIED,1.748984,0.7658762335777283
1080,1330985,LAML,-5.389755,-4.089138984680176
1058,906790,STAD,-0.222049,-0.1979721188545227
1239,1240183,LUSC,4.539531,3.8786733150482178
1549,687506,CESC,3.890242,2.4225170612335205
1997,753585,KIRC,0.612001,2.186234474182129
1549,910853,SKCM,1.119696,2.1340675354003906
1058,909777,UNCLASSIFIED,0.399431,0.26466718316078186
1010,907172,SKCM,4.419901,3.8773815631866455
1010,687799,LUAD,0.229722,-0.46306461095809937
1068,1297447,MM,1.059909,1.4759936332702637
2040,684062,UNCLASSIFIED,0.406614,0.041359543800354004
1940,907268,UNCLASSIFIED,4.49871,3.112598180770874
1913,687995,SCLC,3.437486,3.953505277633667
1918,910934,DLBC,2.033684,2.053321361541748
1131,905934,PRAD,7.764252,5.924731254577637
1625,910706,UNCLASSIFIED,2.697216,2.5456645488739014
1083,907791,MM,4.501681,4.60135555267334
1931,1303912,UNCLASSIFIED,5.696459,4.927783012390137
1618,1240212,CESC,4.15645,4.219244003295898
1564,910926,BLCA,-0.311531,-0.49010640382766724
2109,908152,MESO,5.015157,2.942141056060791
1512,909779,UNCLASSIFIED,5.525337,5.1133575439453125
1084,910943,GBM,-3.269006,-2.160813570022583
1621,910942,UNCLASSIFIED,2.736861,1.8423948287963867
1563,1240140,UNCLASSIFIED,5.884559,5.769017219543457
1034,688025,SCLC,-3.389796,-3.403533697128296
1576,905951,BRCA,3.552649,3.404506206512451
1936,713899,SCLC,2.539972,2.965172052383423
1996,1503371,ESCA,2.274682,3.6714401245117188
1613,909721,LUAD,4.068882,4.613399505615234
1190,909716,UNCLASSIFIED,-3.514709,-0.2824903726577759
1373,906861,UNCLASSIFIED,3.319202,4.583442687988281
1873,1330935,UNCLASSIFIED,1.233905,-0.2328816056251526
1620,724859,LUAD,6.011214,5.640976905822754
1375,753569,LUSC,6.870712,5.992429733276367
1089,906797,BLCA,4.308523,4.2790679931640625
1177,909777,UNCLASSIFIED,3.161298,2.7113497257232666
1553,906827,UNCLASSIFIED,4.97086,3.738004446029663
1624,1303900,BRCA,4.596775,3.8530361652374268
1853,1298533,PAAD,6.033157,4.119915008544922
1853,909740,COREAD,5.335155,5.376010894775391
1799,909703,ALL,4.40083,3.9368464946746826
1073,910948,BRCA,6.680041,6.70353889465332
1017,908475,LUAD,5.465179,4.780912399291992
1621,925341,UNCLASSIFIED,3.753687,3.735987901687622
1625,910927,BRCA,5.301651,5.293896675109863
1190,907313,GBM,2.060163,0.5331267714500427
1180,908443,LUSC,-3.851186,-2.7816452980041504
1083,1290813,MESO,2.150289,2.5279486179351807
1034,1331045,DLBC,-1.253624,-2.429654836654663
1930,925343,UNCLASSIFIED,0.042701,0.7354628443717957
1560,909737,LIHC,3.011492,4.137940406799316
1576,908159,UNCLASSIFIED,0.550474,1.402982473373413
1933,907271,LGG,6.000645,6.074134826660156
1200,1240158,LIHC,3.993942,3.0922114849090576
1054,910952,KIRC,1.155189,1.3467189073562622
1051,910688,LAML,-1.194225,-1.6092112064361572
1511,906875,NB,-1.98258,-2.493121385574341
1034,1298350,LUAD,-2.536626,-2.5506038665771484
1924,1240167,ESCA,3.052583,3.379605531692505
1007,907066,BLCA,-0.946044,-2.1454617977142334
1013,909754,UNCLASSIFIED,5.975114,5.108055114746094
1034,909769,UNCLASSIFIED,-2.606376,-2.655089855194092
1625,907321,ESCA,3.716471,4.389811992645264
1068,910916,HNSC,1.36833,0.7431963682174683
1927,946361,UNCLASSIFIED,5.182236,4.9289751052856445
1862,753624,PAAD,-1.666445,-0.6917283535003662
2043,930298,CESC,5.900821,5.017890930175781
1557,908129,UCEC,5.533247,4.496878623962402
1511,905935,PRAD,-0.413594,-1.0238100290298462
1625,735784,ESCA,4.659141,5.297880172729492
1997,1299050,HNSC,5.869524,4.24041748046875
2044,1240132,MESO,5.292916,5.1524553298950195
1852,906835,GBM,6.501145,7.35792350769043
1626,1524416,KIRC,3.847845,3.3466098308563232
1025,1290771,COREAD,4.605808,5.218325614929199
1073,1298223,LUSC,6.996734,5.411249160766602
1512,1298134,CESC,4.778728,4.522237777709961
1005,688013,SCLC,-1.551348,-1.5692737102508545
1060,906696,THCA,-3.092101,-2.920898914337158
1911,907796,UNCLASSIFIED,-4.779415,-3.0156667232513428
1259,1240143,LUSC,3.745302,3.368201494216919
1373,907298,UNCLASSIFIED,3.625909,2.7629523277282715
1022,1298169,KIRC,-0.180057,-0.5608862638473511
1862,1298157,BRCA,-1.473104,-1.5215497016906738
1918,910944,ALL,3.328377,2.7758491039276123
1237,905947,KIRC,5.217222,5.153807640075684
1011,1240159,LIHC,6.109438,2.602444648742676
1620,1290797,PAAD,5.156759,4.644319534301758
2110,908131,UNCLASSIFIED,4.242038,4.670609474182129
1249,687506,CESC,3.216429,3.229999303817749
2048,905961,COREAD,-4.77685,-5.103226661682129
1373,1240212,CESC,5.181132,5.197230339050293
1510,1240153,SKCM,3.95577,4.206171989440918
1089,687459,BLCA,5.602561,4.332558631896973
1936,1240192,SCLC,3.186932,2.748690605163574
1563,908144,LGG,6.604964,5.956801414489746
2107,1303896,UNCLASSIFIED,3.198125,3.8486487865448
1177,1240153,SKCM,4.581251,4.029972076416016
1131,909905,GBM,3.10922,4.34421968460083
1558,910779,UNCLASSIFIED,4.888053,5.146152496337891
1199,906693,PAAD,4.446633,3.1491780281066895
1909,907276,STAD,2.581639,3.30983567237854
1622,925347,PAAD,5.417949,5.575571060180664
1191,907072,UNCLASSIFIED,-4.96468,-6.226052284240723
1168,688027,SCLC,2.673447,3.0524983406066895
1613,1479987,OV,3.174726,3.3539035320281982
2096,1240215,UNCLASSIFIED,3.793724,3.796408176422119
1079,909728,LUSC,-0.217961,-0.26146411895751953
1908,1290813,MESO,0.822687,1.6354173421859741
1529,909717,UNCLASSIFIED,1.419222,0.4772608280181885
1918,910941,NB,3.455318,4.010280609130859
1852,687452,BLCA,5.941823,5.113343238830566
1853,753541,HNSC,2.648795,2.5534238815307617
1922,908462,MESO,1.328061,1.3511850833892822
1079,910944,ALL,1.586182,1.2392175197601318
1375,1322218,UNCLASSIFIED,4.554813,4.5827789306640625
1928,906793,SKCM,4.736707,4.28046989440918
2043,906818,SKCM,5.605652,4.867977142333984
1179,906999,UNCLASSIFIED,0.435155,1.6614069938659668
1635,1240215,UNCLASSIFIED,4.036441,5.223398208618164
1375,749709,BRCA,6.9232,6.419173240661621
1010,908141,LAML,2.167795,2.581149101257324
1618,753552,BLCA,2.621795,2.3130781650543213
1005,1290798,BRCA,5.276856,5.866751670837402
1849,908129,UCEC,0.338918,-0.5841773748397827
1372,1240149,UNCLASSIFIED,-1.542901,-1.1347296237945557
1237,753541,HNSC,4.978652,4.857271194458008
1613,907068,CESC,3.770407,4.238330841064453
1200,909753,OV,3.824769,4.112937927246094
1564,909737,LIHC,2.752712,4.028602600097656
1058,907057,LIHC,2.433818,2.6145412921905518
1510,687590,GBM,5.467933,4.040229797363281
1622,687983,SCLC,4.640218,4.076787948608398
1626,1290908,LUAD,1.410081,1.6432563066482544
1578,1660034,COREAD,4.543638,4.977202415466309
1073,909759,UNCLASSIFIED,2.771393,2.5449154376983643
1862,1503370,LUAD,-1.701559,-1.939924955368042
1054,909904,PAAD,4.536486,5.401198387145996
1996,753620,NB,2.94126,2.74157452583313
1250,749710,BRCA,4.146559,2.3329052925109863
1022,924105,UNCLASSIFIED,-0.218655,-0.7822644710540771
1034,908470,MESO,-1.662053,-1.2148381471633911
1259,1330985,LAML,-0.750324,0.6432656049728394
1563,1479987,OV,5.002206,5.02816104888916
1618,1240186,SCLC,5.156948,5.636760711669922
1917,1240132,MESO,5.574567,5.186861991882324
1930,909248,MB,-0.057723,0.5668123960494995
1852,724825,MM,4.410066,4.188257694244385
1049,906821,PAAD,4.75796,4.0951995849609375
1941,924110,UNCLASSIFIED,-1.984942,-3.7792375087738037
1558,753548,LAML,2.877802,1.5998011827468872
1917,910706,UNCLASSIFIED,-0.004837,0.637474775314331
1051,908457,COREAD,3.19689,2.6187667846679688
1179,684072,UNCLASSIFIED,-1.043082,0.2562400698661804
1017,906833,MB,2.341717,2.555089235305786
1200,907056,UNCLASSIFIED,3.642627,2.8433213233947754
1511,910910,BRCA,-0.350013,-0.5059263110160828
1925,909262,UNCLASSIFIED,3.833692,3.980980157852173
1004,909743,ALL,-5.909593,-5.057116508483887
1093,724873,LUAD,4.052284,4.238448143005371
1080,1298226,LUSC,-3.467058,-3.551847219467163
1239,1290806,STAD,3.140406,1.8831990957260132
1057,909732,UNCLASSIFIED,-1.218796,-0.7695229053497314
1618,724878,LUAD,5.772143,5.86750602722168
1941,905945,BRCA,-3.267883,-3.6475021839141846
1049,907276,STAD,-0.20987,1.6497828960418701
1621,909773,DLBC,4.080666,3.84207820892334
2106,907058,SKCM,2.134389,2.5680229663848877
1010,909698,COREAD,3.633902,3.8593876361846924
1997,905979,KIRC,4.573158,5.0951738357543945
1910,906871,LGG,2.050495,1.9043362140655518
1925,907796,UNCLASSIFIED,5.722899,5.665255546569824
1909,724870,PAAD,3.04749,3.194831609725952
1799,1330993,PRAD,4.054646,4.757625579833984
1507,1240146,LUAD,3.685893,5.017241477966309
1925,908448,LAML,4.833457,4.318727016448975
1091,909719,LIHC,4.239674,3.3572070598602295
2107,753555,ESCA,4.360043,4.81429386138916
1375,753556,LUSC,6.343973,6.147093772888184
1924,907067,SKCM,3.464129,3.4036715030670166
1010,753532,HNSC,2.387989,3.9279420375823975
1004,924106,BRCA,-5.559847,-6.231402397155762
1564,909773,DLBC,2.805967,2.9988036155700684
1918,909746,COREAD,5.924814,4.544005393981934
1625,905951,BRCA,3.63249,4.468199729919434
2109,924108,COREAD,1.819043,1.8975316286087036
1927,907277,ALL,3.819876,3.4843251705169678
1634,946356,ESCA,4.672337,5.595355033874512
1927,753624,PAAD,5.500327,5.989997863769531
1091,713869,LUAD,5.769142,3.628178358078003
1926,909776,UNCLASSIFIED,1.63259,1.1156001091003418
1250,905983,GBM,4.310079,3.1797592639923096
1034,687562,GBM,-4.83027,-4.409002304077148
1578,946368,GBM,5.256309,4.928693771362305
1939,910932,SKCM,1.610168,2.516406774520874
1854,906826,BRCA,6.936389,6.982471466064453
1200,1290797,PAAD,2.100226,2.6379072666168213
1051,909776,UNCLASSIFIED,2.613077,1.881521224975586
1854,907321,ESCA,4.831129,4.222176551818848
1053,908148,LAML,-0.606991,-0.2084682583808899
1598,910920,KIRC,3.275238,3.8507912158966064
1557,908141,LAML,3.018201,3.434370756149292
1931,909720,UNCLASSIFIED,5.490623,5.341523170471191
1011,910687,ALL,-2.016558,-1.9328727722167969
1177,713869,LUAD,5.565032,4.784869194030762
1996,906864,THCA,2.524915,3.7311627864837646
1199,713899,SCLC,3.883139,3.6150529384613037
1248,910936,HNSC,-3.749592,-4.248455047607422
1036,687586,GBM,3.156672,4.086116790771484
1624,1240130,SKCM,2.648761,1.7170758247375488
1563,687995,SCLC,5.003377,4.886000633239746
1853,1298219,UNCLASSIFIED,5.296711,5.148283004760742
1627,1240226,SKCM,3.64264,3.349468231201172
1005,905935,PRAD,2.985695,3.675764560699463
1924,907000,UNCLASSIFIED,3.407868,3.179018259048462
1933,909257,OV,4.110632,4.731350898742676
1564,1322218,UNCLASSIFIED,3.01589,3.2734577655792236
1512,1240145,LUAD,5.454779,5.152636528015137
1912,722066,LUAD,3.940334,4.992184638977051
2048,905948,KIRC,-0.791408,-0.13670974969863892
2046,907173,MESO,4.13629,3.592285394668579
1088,907323,UNCLASSIFIED,0.095595,0.2059568464756012
1941,906846,UNCLASSIFIED,-6.254348,-4.8064374923706055
1375,906817,ESCA,7.555324,7.042331695556641
1510,905949,LUAD,3.213013,2.7071545124053955
1054,910920,KIRC,2.764856,2.989591121673584
1083,722046,LUAD,1.079485,-0.7887741327285767
1004,925343,UNCLASSIFIED,-0.34942,-0.6680269241333008
1083,971773,UNCLASSIFIED,2.634893,1.9484455585479736
1558,908136,UNCLASSIFIED,2.085177,2.1385090351104736
1913,1290807,UNCLASSIFIED,5.2086,4.575157165527344
1924,910698,KIRC,1.723246,2.21925687789917
1250,683665,MM,0.083198,0.03631716966629028
1915,1240155,STAD,2.606064,2.7774136066436768
1941,1330931,LCML,-3.467032,-5.007645606994629
2110,687780,UNCLASSIFIED,4.678342,4.570161819458008
1559,998189,COREAD,-1.346212,-1.9124228954315186
1091,713880,SCLC,2.396929,1.500914216041565
1799,1240222,OV,4.360293,3.6937167644500732
2043,1290806,STAD,6.103063,4.706247329711914
1080,907066,BLCA,0.992302,0.6244239211082458
1549,905970,LUAD,2.375774,1.6043951511383057
1511,1674021,COREAD,-1.789683,-1.8611774444580078
1576,946382,BRCA,1.515931,2.0587246417999268
1939,1330995,DLBC,2.012055,2.6473159790039062
1051,908138,UNCLASSIFIED,1.039809,2.3976988792419434
2045,907317,ESCA,5.268808,4.702037811279297
1084,946382,BRCA,-2.458249,-2.774996757507324
1089,687568,GBM,4.500652,4.287616729736328
2110,910920,KIRC,5.471323,4.214393615722656
1576,909744,ACC,1.908614,2.380021095275879
1007,1322218,UNCLASSIFIED,-5.402771,-5.315793991088867
1259,749715,BRCA,4.686211,5.080389976501465
1560,905939,COREAD,2.350621,1.9124786853790283
1058,930297,CESC,2.281838,2.1843321323394775
1625,908443,LUSC,5.07508,5.3265228271484375
1626,907290,UNCLASSIFIED,3.889041,4.519667625427246
1631,687802,LUAD,5.511396,5.027685165405273
1854,724834,LUAD,5.28032,5.583921432495117
2046,946361,UNCLASSIFIED,4.522281,3.162397861480713
1576,910549,ESCA,3.093619,2.4283690452575684
1917,909749,BLCA,2.643714,2.0188870429992676
1626,749714,BRCA,4.237603,3.8187739849090576
1080,1240218,PAAD,1.868493,1.381840467453003
1996,949174,NB,3.104508,3.3070311546325684
2107,1240140,UNCLASSIFIED,5.034692,4.754016876220703
1997,1331033,DLBC,2.624299,2.836196184158325
2109,910401,UNCLASSIFIED,2.000602,1.5159447193145752
1237,909761,COREAD,4.305983,4.922983169555664
1058,905947,KIRC,0.994853,1.5068309307098389
1916,910781,UCEC,1.161159,1.4647865295410156
1928,749717,BRCA,5.794378,5.323390960693359
1237,1327775,MM,3.866967,4.177088737487793
1939,906797,BLCA,1.734072,0.8489483594894409
1922,998189,COREAD,2.637748,3.140674114227295
2172,924240,BRCA,3.094409,3.2887375354766846
1852,909781,KIRC,7.217044,7.55034065246582
1058,906693,PAAD,1.337693,1.4249804019927979
1190,1480364,OV,1.455283,4.970207214355469
1049,949174,NB,4.485454,3.8415794372558594
1626,949174,NB,3.154999,3.2388784885406494
1926,949167,UNCLASSIFIED,-0.412279,0.007746011018753052
1924,909697,STAD,3.399351,3.7284319400787354
1022,908476,LUAD,0.088699,-0.49454420804977417
1006,949158,UNCLASSIFIED,-0.42653,-0.9153109788894653
1010,946370,GBM,3.68351,3.7566092014312744
1053,949177,NB,1.984009,1.9389159679412842
2096,908472,LUAD,3.815938,3.676173448562622
1635,908141,LAML,3.297969,3.9225752353668213
1046,909776,UNCLASSIFIED,1.656195,2.620579242706299
1268,907056,UNCLASSIFIED,4.146844,4.627488136291504
1618,906836,UNCLASSIFIED,1.872518,2.329153537750244
1511,909698,COREAD,-1.621101,-2.4545109272003174
2044,910919,DLBC,1.69266,1.767538070678711
1005,1240217,LIHC,5.319107,3.5830886363983154
1941,905986,GBM,-6.022133,-3.6235692501068115
1786,906847,UNCLASSIFIED,3.358402,3.2030928134918213
2110,687807,LUAD,6.405368,5.964338302612305
1375,688086,NB,5.782714,5.041538238525391
1553,724870,PAAD,3.332708,3.525646686553955
1011,907299,UNCLASSIFIED,0.158203,2.3677358627319336
1084,907298,UNCLASSIFIED,-3.764786,-2.9164681434631348
1560,909704,BLCA,2.467715,2.9692366123199463
1557,909781,KIRC,7.328282,6.83966064453125
1003,906865,SKCM,-1.225834,-2.3222270011901855
1912,908467,UNCLASSIFIED,2.110069,1.5309770107269287
1563,910694,GBM,6.395488,6.212553024291992
1915,1240154,THCA,2.611595,2.7791709899902344
1931,1240197,OV,6.271609,6.405545234680176
1091,1299050,HNSC,1.191433,1.5843557119369507
1873,1330964,SCLC,2.009135,0.7104455232620239
1372,1240121,HNSC,0.657851,-0.2327115535736084
1559,1240216,LIHC,-0.211285,-1.5573394298553467
1007,1240129,OV,-2.508898,-1.1891087293624878
1909,906820,NB,1.765304,1.2947065830230713
1627,908139,STAD,3.54497,3.0609917640686035
1177,907047,UNCLASSIFIED,3.189681,4.098273754119873
1073,908147,ALL,1.928842,1.6472214460372925
1190,906851,BRCA,4.682017,3.402890682220459
1919,1240127,UCEC,2.712539,2.1303348541259766
1561,687588,GBM,3.144479,3.140784978866577
1852,1660036,COREAD,4.742219,4.646002769470215
1248,910910,BRCA,-0.49465,-1.7105674743652344
2106,1240134,MESO,1.825673,2.769029140472412
2096,909253,LAML,1.796731,2.012906789779663
1614,909722,UNCLASSIFIED,2.82098,2.4795310497283936
1576,908132,UNCLASSIFIED,2.284655,1.653174877166748
1553,906871,LGG,2.531182,1.751973032951355
1558,909698,COREAD,3.727121,3.599484920501709
1799,1240226,SKCM,4.44112,5.308677673339844
1053,907056,UNCLASSIFIED,2.310452,1.817450761795044
2107,909264,UNCLASSIFIED,5.260982,5.437644004821777
1237,905972,LUAD,6.061016,5.796089172363281
1912,753585,KIRC,1.607684,1.0771782398223877
1918,1290765,UNCLASSIFIED,4.468583,4.058483123779297
1010,905980,KIRC,3.821768,2.555445909500122
1931,1659818,MM,4.309966,3.6500608921051025
1615,1240128,UNCLASSIFIED,4.198253,5.086084365844727
1557,910710,LCML,3.582375,3.823436975479126
1199,1303900,BRCA,2.926282,3.823543071746826
2047,724839,CESC,3.890293,3.650773286819458
1931,906763,ALL,4.725839,3.3780717849731445
2107,905984,LGG,4.554533,4.153858184814453
1913,687561,GBM,4.680624,4.418962478637695
1239,905974,SKCM,1.493914,1.0011001825332642
1007,924100,PRAD,-3.835431,-4.527335166931152
1085,910688,LAML,1.416905,1.7174623012542725
1912,1240186,SCLC,3.286096,3.551196336746216
1576,1240217,LIHC,3.186802,2.4892284870147705
1060,925346,PAAD,0.0067,0.8161945343017578
1939,949164,UNCLASSIFIED,1.787778,2.184791326522827
1054,1240142,LUSC,1.793311,1.2122340202331543
1913,687980,SCLC,4.741979,4.078513145446777
1931,1331039,UNCLASSIFIED,5.475895,4.724055290222168
1918,907065,BLCA,2.887065,2.143054246902466
1006,908128,SKCM,4.673258,3.3223206996917725
1927,1240202,LUAD,6.640644,5.637932777404785
1011,946370,GBM,2.499362,3.174083709716797
1507,1331048,DLBC,3.862087,3.4841432571411133
1916,724859,LUAD,6.195262,5.061893463134766
1200,905958,ALL,2.587911,2.157639980316162
1997,724872,SCLC,2.988997,2.373141288757324
1010,753561,HNSC,0.384004,0.8657940030097961
1849,1298223,LUSC,1.659103,-0.24088263511657715
1507,688014,SCLC,5.573825,5.253299713134766
1084,1240131,MESO,-1.659268,-0.02998030185699463
1032,946368,GBM,2.994719,2.708139419555664
1927,1327766,MM,4.230036,3.7266924381256104
1908,1290814,MESO,3.983983,2.2854647636413574
1564,688023,SCLC,2.368883,3.3732259273529053
1630,924244,LUAD,2.049517,3.1103949546813965
1626,907311,LCML,-0.99857,-0.26714134216308594
1131,724855,UNCLASSIFIED,6.906194,7.393071174621582
1862,688014,SCLC,-2.343942,-0.9836629629135132
1618,909905,GBM,3.648045,3.827449083328247
1927,909784,SKCM,5.050528,5.694258689880371
1058,909746,COREAD,3.717148,3.2666876316070557
1915,907274,DLBC,2.354302,2.391824722290039
1047,687787,LUSC,5.159972,5.598513603210449
2106,1330985,LAML,3.258693,3.6536307334899902
1073,906804,UNCLASSIFIED,2.22328,2.3736071586608887
1557,907796,UNCLASSIFIED,6.512409,6.462080001831055
1924,908457,COREAD,1.823639,1.7434886693954468
1558,683665,MM,2.686061,3.075139045715332
1913,1295741,MM,2.654793,3.7713496685028076
2110,906835,GBM,6.942551,6.456401824951172
1849,907042,LGG,-1.258642,-1.1393868923187256
1922,687799,LUAD,1.713488,0.5923972129821777
1626,907062,HNSC,4.931091,4.816424369812012
1068,906790,STAD,0.439652,0.9262030124664307
1558,753539,UNCLASSIFIED,3.230873,3.044069290161133
1618,1240147,LIHC,2.179764,2.2432141304016113
1630,1240135,MESO,3.672789,4.197404384613037
1068,910915,PAAD,2.389099,2.88458251953125
1058,1240124,COREAD,2.402407,2.9574544429779053
1598,906801,BRCA,2.691453,2.338473320007324
1558,905938,LAML,1.83698,2.6065618991851807
1911,906870,LAML,-6.547555,-6.729272842407227
1060,909736,LIHC,0.017378,0.2921890616416931
1373,1290771,COREAD,-1.812058,3.3666510581970215
1909,908136,UNCLASSIFIED,2.455262,1.8560746908187866
1036,910691,UCEC,4.81274,3.9753923416137695
1022,908444,STAD,-0.056516,-0.2752385139465332
1620,946355,ESCA,6.075974,5.303238868713379
1873,1240145,LUAD,0.421158,0.8427891135215759
2107,1240181,NB,3.313997,4.254194259643555
1003,909755,COREAD,-0.862671,-1.1325644254684448
1799,906832,DLBC,4.989939,3.1741647720336914
1060,925348,PAAD,0.760934,0.056215256452560425
1080,906824,CESC,-3.162286,-3.9593279361724854
1852,911905,OV,7.394512,7.110447883605957
1564,905968,OV,-0.437318,-0.8404463529586792
1131,906877,ALL,3.288954,2.666822910308838
2107,1303912,UNCLASSIFIED,4.979328,4.573819160461426
2044,907314,NB,2.426708,3.2942562103271484
1931,908475,LUAD,5.512252,5.470393180847168
1932,909717,UNCLASSIFIED,1.600036,1.7801460027694702
1006,905960,BRCA,1.003526,1.844139575958252
1012,1240167,ESCA,1.623303,1.2145884037017822
1012,1240168,GBM,1.220311,1.5791735649108887
2110,1290810,MESO,5.714492,5.079533576965332
2109,906861,UNCLASSIFIED,2.110273,2.48421573638916
1940,1240158,LIHC,1.539779,2.9157981872558594
1849,910780,NB,-0.627177,-0.8668781518936157
2109,906821,PAAD,1.61518,2.7467360496520996
1091,910702,PAAD,3.815575,4.521730422973633
1060,906865,SKCM,-2.963008,-3.119584798812866
1873,753569,LUSC,1.71549,1.4560811519622803
1089,909907,BRCA,7.136197,6.898592948913574
1080,1299070,OV,-4.172288,-4.046171188354492
1179,1240193,SCLC,-1.545614,-0.8069555759429932
1512,1503361,ESCA,5.354331,4.948036193847656
1006,906828,THCA,-0.174141,-1.0642776489257812
1249,1240158,LIHC,4.418519,3.814091444015503
1624,1290812,MESO,4.627216,5.471263885498047
2040,1240208,PAAD,1.37865,1.7172530889511108
1927,687980,SCLC,4.696504,4.001988410949707
1917,949094,GBM,2.705721,2.608448028564453
1908,909255,UNCLASSIFIED,3.185359,1.6563727855682373
1510,909761,COREAD,4.69091,3.1962432861328125
1057,753539,UNCLASSIFIED,-2.862114,-2.354524612426758
1939,724863,UNCLASSIFIED,5.741426,3.676032543182373
1940,1503368,ESCA,4.248689,4.044859886169434
1200,909905,GBM,3.150086,2.798428535461426
1621,908152,MESO,4.752739,4.514527320861816
1038,749711,BRCA,4.206621,3.807612895965576
