DRUG_ID,COSMIC_ID,TCGA_DESC,Label,Pred
1909,910705,UNCLASSIFIED,-5.2233,-1.1066043376922607
1510,909248,MB,4.51125,4.282218933105469
1853,1240179,CESC,3.535887,2.555973768234253
1941,910079,ESCA,-3.023716,0.38256707787513733
1049,688001,SCLC,2.689196,2.124724864959717
2106,1298223,LUSC,1.420333,2.989240884780884
1922,907044,UNCLASSIFIED,1.743652,2.063295364379883
1046,906792,SKCM,1.089994,1.7452387809753418
1911,925347,PAAD,-2.791349,-2.859468460083008
1913,905944,LUAD,5.272052,4.4671735763549805
1373,909769,UNCLASSIFIED,4.99029,5.566949367523193
1922,1331032,DLBC,2.553528,1.8689520359039307
1557,753584,BLCA,4.435668,4.301548480987549
1013,907061,HNSC,2.710192,3.7204856872558594
1007,906821,PAAD,-3.978476,-4.337670803070068
1557,753551,SCLC,4.538651,4.36860466003418
1237,910401,UNCLASSIFIED,3.79718,3.741117000579834
1036,1240226,SKCM,1.026498,1.1897435188293457
1007,753552,BLCA,-2.931242,-4.651308536529541
1926,971773,UNCLASSIFIED,-0.656644,-0.21293911337852478
2110,1240124,COREAD,4.200222,4.218618869781494
1079,906827,UNCLASSIFIED,0.621251,0.996739387512207
2048,684072,UNCLASSIFIED,-5.395842,-5.153637886047363
1630,909755,COREAD,5.573853,4.627876281738281
1010,753548,LAML,1.939165,1.731245994567871
1557,907792,COREAD,6.491513,6.209324359893799
1025,749712,BRCA,5.697029,5.370243549346924
2040,949157,UNCLASSIFIED,1.031547,0.4547199010848999
1598,906821,PAAD,4.157468,4.584690093994141
1012,1240186,SCLC,2.058347,2.6704554557800293
1248,998189,COREAD,-4.628969,-3.3019442558288574
1510,1290795,UNCLASSIFIED,4.94158,4.690831661224365
1854,925347,PAAD,6.129321,5.661731243133545
1083,906830,SKCM,3.826365,4.233834743499756
1004,910554,COREAD,-2.979072,-2.6557650566101074
2106,1330985,LAML,3.258693,3.0433943271636963
1529,724863,UNCLASSIFIED,0.176143,0.13662917912006378
1926,906693,PAAD,0.588681,0.9574025869369507
1131,906862,BRCA,2.735763,3.3305084705352783
1088,910930,DLBC,-0.142121,-0.16544190049171448
1510,906831,UNCLASSIFIED,3.350167,3.227839946746826
1004,1290798,BRCA,1.128721,-1.829897403717041
1786,688025,SCLC,3.099759,1.9189882278442383
1373,753538,HNSC,4.470627,4.486325740814209
1083,753555,ESCA,2.499656,2.6391043663024902
1512,909702,ALL,4.389701,3.9832286834716797
1862,1240122,HNSC,-1.58227,-1.4038043022155762
1088,1503367,ESCA,3.890757,1.547562599182129
1578,909252,ALL,4.404104,3.5885226726531982
2106,910704,BRCA,-0.231396,1.6024212837219238
1005,905971,COREAD,3.233054,3.7040295600891113
2110,946382,BRCA,5.06498,3.6344637870788574
1054,906790,STAD,1.994129,1.6114320755004883
1913,908156,UNCLASSIFIED,3.144967,2.9641025066375732
1010,1299080,SKCM,2.996267,3.210283041000366
2040,909904,PAAD,1.31311,2.421962261199951
2106,1503367,ESCA,3.107517,3.5535614490509033
1930,1297447,MM,0.506631,0.7465931177139282
1248,925348,PAAD,-3.783265,-3.4244894981384277
1578,683667,MB,3.938308,4.978715419769287
1190,687821,LUAD,2.025576,1.8075239658355713
1512,687983,SCLC,4.992224,5.127610206604004
1996,906804,UNCLASSIFIED,2.956344,2.7035317420959473
1941,924107,CESC,-3.128659,-4.244117259979248
1561,906746,GBM,1.576285,2.449894666671753
1910,1240168,GBM,1.326539,2.96075701713562
1912,687812,LUAD,4.415969,3.1637661457061768
2106,906696,THCA,3.505107,3.054210901260376
2047,753565,SCLC,2.81042,2.628824472427368
1855,753532,HNSC,6.204215,5.364007949829102
1910,925343,UNCLASSIFIED,2.900941,3.3218352794647217
1617,907788,PRAD,2.030139,-0.139076828956604
1049,687819,LUAD,5.128548,4.9366254806518555
1559,910947,LAML,-4.680953,-4.372697830200195
1626,1240168,GBM,3.326845,1.9566431045532227
1928,1327769,DLBC,2.025405,2.7399537563323975
1012,909709,HNSC,2.945155,2.241774082183838
1249,1240174,UCEC,3.715724,3.4230446815490723
1625,1480362,OV,5.528444,5.916422367095947
1507,949177,NB,4.149879,4.244169235229492
2047,930298,CESC,2.667274,2.4833390712738037
2048,906872,NB,-1.05032,-2.36379075050354
1131,908122,BRCA,2.08785,4.021882057189941
1375,906843,CESC,6.102626,6.116988182067871
1630,905970,LUAD,4.158944,4.100864887237549
1091,946357,UNCLASSIFIED,0.411971,1.0064754486083984
1259,1298526,PAAD,4.007579,5.287923812866211
1085,925346,PAAD,5.476156,3.363502264022827
1862,907286,PAAD,-2.040349,-1.1769092082977295
1085,908447,NB,1.773809,2.1384994983673096
1011,1327766,MM,0.020412,1.7530810832977295
1559,753612,MM,-2.19486,-1.871642827987671
1926,909713,SKCM,0.338261,1.8306341171264648
1050,946359,BRCA,4.181466,4.084776401519775
1561,910852,BRCA,0.900091,0.9076035618782043
1930,924250,STAD,2.521693,1.5876035690307617
1168,1327773,DLBC,2.556823,1.7428033351898193
1564,998189,COREAD,1.064187,0.8774017095565796
1511,687457,BLCA,-1.016978,0.5830639600753784
1085,924102,THCA,3.507672,3.0325844287872314
1624,906693,PAAD,3.182596,3.8076670169830322
1088,906818,SKCM,2.831332,2.856703281402588
1919,905951,BRCA,2.222149,3.05159854888916
1564,1290730,BLCA,2.026507,1.883556842803955
2043,909750,LGG,5.143439,4.847373008728027
1918,1330947,LAML,1.697649,2.720731496810913
1131,753546,SKCM,5.781579,5.844142436981201
1083,910900,LUAD,3.573346,3.364511489868164
1079,1290813,MESO,-0.536223,-1.5712497234344482
1941,687780,UNCLASSIFIED,-5.632621,-4.797863483428955
1057,1298219,UNCLASSIFIED,0.927527,-0.2519887685775757
1614,924244,LUAD,3.536534,3.4993832111358643
2110,1240129,OV,5.227464,5.115002632141113
1630,910930,DLBC,3.881714,3.0397582054138184
1017,910942,UNCLASSIFIED,3.47303,3.3097355365753174
1852,1298531,HNSC,3.230592,4.754626750946045
1022,907000,UNCLASSIFIED,-1.877905,-1.1371471881866455
1046,924250,STAD,3.240168,3.772451877593994
1786,907043,UNCLASSIFIED,2.055231,1.8289613723754883
2111,909905,GBM,5.049294,4.351078033447266
1564,910691,UCEC,4.339778,4.450660228729248
1854,908123,BRCA,2.952409,3.801374673843384
1507,909770,STAD,4.241416,3.9726130962371826
1085,905957,BRCA,2.141935,2.915684461593628
1936,908142,UNCLASSIFIED,1.253304,1.5591111183166504
1080,924107,CESC,-5.455731,-5.565491676330566
1862,749713,BRCA,-0.889507,-1.1996521949768066
1046,910910,BRCA,1.79898,3.7403273582458496
2045,908128,SKCM,6.167198,5.126205921173096
1913,753569,LUSC,4.87985,4.777839183807373
1549,688023,SCLC,4.918564,4.644275188446045
1621,687995,SCLC,5.245172,4.370715618133545
1635,910951,LCML,3.594372,3.605046510696411
1080,910850,LIHC,0.627561,-0.5645387768745422
1180,907062,HNSC,-3.304347,-2.8563783168792725
1507,907279,LGG,4.603339,5.438740253448486
1093,1240217,LIHC,2.356021,3.434563398361206
1034,724831,UNCLASSIFIED,-3.413528,-3.2631943225860596
1372,909784,SKCM,-1.641155,-1.1006019115447998
1910,908446,STAD,1.33753,1.4472901821136475
1512,749717,BRCA,5.942063,5.604655742645264
1083,684052,UNCLASSIFIED,2.460314,2.4727604389190674
1054,1503365,ESCA,5.759774,4.382035255432129
1036,753610,SCLC,4.082857,3.628403902053833
1168,930083,THCA,5.460609,5.182428359985352
1013,906847,UNCLASSIFIED,1.595699,2.417912006378174
1168,687590,GBM,2.359189,3.0747742652893066
1259,687448,SKCM,2.87204,4.816231727600098
1852,1659823,COREAD,4.959787,5.6129350662231445
1629,753548,LAML,2.849197,3.059128522872925
1179,909769,UNCLASSIFIED,2.398139,1.6293225288391113
1910,1240149,UNCLASSIFIED,2.30377,1.9100708961486816
1011,907792,COREAD,0.415413,1.9708633422851562
1200,909773,DLBC,1.900849,2.2796967029571533
1627,905959,OV,4.400828,4.132296562194824
1924,907291,COREAD,1.853787,2.1399898529052734
1017,910688,LAML,1.576889,2.1555371284484863
1930,724828,NB,-0.479074,0.2669486999511719
1613,907794,COREAD,3.141166,2.4805305004119873
1561,909735,UCEC,1.647121,1.6169769763946533
1578,910687,ALL,4.13243,3.4573323726654053
1936,1330947,LAML,0.612614,0.9597310423851013
1862,1298349,SCLC,-0.422723,0.415772020816803
1131,907064,UNCLASSIFIED,6.822997,4.55826473236084
1510,908156,UNCLASSIFIED,2.554842,2.1440558433532715
1918,908123,BRCA,2.054665,3.7130308151245117
1168,683665,MM,2.761263,2.1722185611724854
1578,910549,ESCA,5.262259,4.876824378967285
1613,753574,ESCA,3.810714,4.677111625671387
1925,907280,LAML,4.275705,3.4459097385406494
1621,908443,LUSC,5.780121,5.144757270812988
1180,930297,CESC,-2.556153,-1.6928606033325195
1080,909747,COREAD,1.537191,0.7179170250892639
2044,910900,LUAD,2.352416,3.19533109664917
1093,946353,ESCA,3.595929,4.053290367126465
1910,1298475,PAAD,3.782393,2.592540979385376
1630,909249,MM,2.849543,2.7818329334259033
1017,909784,SKCM,5.078408,5.176224231719971
1091,724872,SCLC,2.435118,2.1980173587799072
1512,906820,NB,5.447731,5.069929599761963
2047,908483,SCLC,2.146937,1.8389379978179932
1930,1240123,COREAD,0.713536,0.4983450472354889
1042,1290905,BRCA,5.014417,3.212425708770752
1924,907295,SCLC,5.775793,5.318448543548584
1631,909255,UNCLASSIFIED,0.730773,1.677072525024414
2044,907317,ESCA,3.538945,2.482625722885132
1620,908147,ALL,3.78793,3.599517583847046
2048,906835,GBM,-1.533485,0.6293927431106567
1004,1503366,ESCA,-3.225653,-3.1009225845336914
1268,910924,STAD,4.182666,4.841501235961914
1613,1290798,BRCA,3.515286,5.4123406410217285
1799,909729,GBM,5.808195,5.305976867675781
1553,909743,ALL,1.84008,1.2530514001846313
1912,906826,BRCA,2.758705,3.4361112117767334
1620,909976,UNCLASSIFIED,4.295688,4.971036434173584
1564,905965,UNCLASSIFIED,1.500343,1.5818068981170654
1507,688031,SCLC,2.548873,3.409268379211426
1918,753573,ESCA,3.564723,2.8431694507598877
1925,907278,LAML,4.777008,4.867127895355225
1068,688001,SCLC,0.185051,0.7503076791763306
1630,906836,UNCLASSIFIED,2.219345,2.028935670852661
1622,909264,UNCLASSIFIED,4.83518,4.627665996551514
2106,1240170,GBM,2.197932,2.6868836879730225
1930,908156,UNCLASSIFIED,-1.932658,-0.937611997127533
1996,909774,UNCLASSIFIED,4.516405,3.9278595447540283
1259,998184,ALL,-0.395039,1.4996473789215088
1624,1240167,ESCA,2.4189,2.411741018295288
1557,910784,UNCLASSIFIED,6.258462,5.431628227233887
1511,753561,HNSC,-0.426907,-1.5236601829528809
2107,910689,COREAD,6.606527,7.572187900543213
1918,909904,PAAD,4.222257,3.739182949066162
1927,1660035,COREAD,6.305416,5.581562042236328
1085,909719,LIHC,2.201518,2.9901816844940186
1931,906836,UNCLASSIFIED,1.033842,2.7656846046447754
1620,687586,GBM,5.021207,5.13113260269165
1630,687459,BLCA,4.265066,4.260828018188477
1617,1240216,LIHC,1.971337,4.78812837600708
2047,1327774,UNCLASSIFIED,1.648356,2.868645429611206
1549,1298169,KIRC,4.046442,3.757632255554199
1613,1298350,LUAD,4.521912,4.153603553771973
1613,908451,LAML,2.007234,2.322403907775879
1594,908123,BRCA,1.089201,0.4144133925437927
1576,1240136,MESO,3.78073,3.283663034439087
1168,917486,COREAD,2.883763,3.215348720550537
1873,753615,MM,2.222495,0.7425930500030518
2048,687588,GBM,-2.129866,-2.7453980445861816
2109,1240218,PAAD,4.302594,4.8256964683532715
1933,753608,LUAD,6.785043,5.033446788787842
1614,924102,THCA,4.037202,4.437185287475586
1073,753573,ESCA,3.345576,3.8533079624176025
1177,909256,BRCA,4.757454,3.394648313522339
1553,906848,UNCLASSIFIED,3.247045,3.8088419437408447
1630,910942,UNCLASSIFIED,2.106174,2.9140703678131104
1622,1298222,ESCA,3.675412,3.908357858657837
1057,909732,UNCLASSIFIED,-1.218796,-1.1121759414672852
1615,1240196,HNSC,6.047126,5.554083347320557
1561,906831,UNCLASSIFIED,1.922963,2.188939094543457
2111,907047,UNCLASSIFIED,0.81764,3.252615451812744
1068,1298358,STAD,2.368155,1.6517300605773926
1093,910904,HNSC,4.751631,4.460670471191406
1922,909703,ALL,2.316753,1.6769897937774658
1926,906846,UNCLASSIFIED,0.472582,-0.8028038144111633
2096,907057,LIHC,3.098061,2.84362530708313
1005,946382,BRCA,3.718517,4.231256484985352
1617,905957,BRCA,1.94858,-0.5232779383659363
1873,906805,LUAD,0.583871,0.3069124221801758
2040,1290724,HNSC,0.357101,0.5628934502601624
2045,905959,OV,6.637748,5.934756755828857
1627,1240219,PAAD,4.202106,3.93353533744812
1032,905980,KIRC,0.548056,1.6399056911468506
1373,909750,LGG,3.373941,5.0721306800842285
1908,1298350,LUAD,2.943846,3.3959667682647705
1625,949156,UNCLASSIFIED,5.062897,5.758929252624512
1131,687590,GBM,5.394756,4.661320209503174
1068,906812,BRCA,2.351196,1.8443644046783447
1630,905955,SKCM,4.848427,4.846007347106934
1926,909696,UNCLASSIFIED,1.296011,0.6597440838813782
1010,910401,UNCLASSIFIED,1.544548,2.4939138889312744
1918,909780,BLCA,4.43418,4.011669635772705
1594,909264,UNCLASSIFIED,5.658219,5.4041666984558105
1932,753573,ESCA,2.09486,2.0212392807006836
1613,688010,SCLC,4.087659,3.822974920272827
1091,909717,UNCLASSIFIED,1.101031,2.429912567138672
1939,910688,LAML,2.493838,1.4102885723114014
1005,1330942,LAML,3.60411,2.551269292831421
1250,946370,GBM,1.710592,1.628089189529419
1936,909785,UNCLASSIFIED,1.615404,1.5882294178009033
1179,908159,UNCLASSIFIED,-1.233522,-1.1131796836853027
2047,907311,LCML,-1.435858,-0.054126858711242676
1634,907319,ESCA,3.544172,4.210240840911865
1927,905989,COREAD,5.439028,4.917054653167725
1918,1659928,COREAD,3.008588,2.552347183227539
1239,753539,UNCLASSIFIED,0.939788,0.9514831304550171
1930,906832,DLBC,0.66229,0.24253621697425842
1553,1298169,KIRC,3.810609,3.3894903659820557
1932,1331045,DLBC,3.395577,3.013810634613037
1911,910704,BRCA,-3.465757,-5.799473285675049
1932,1299059,HNSC,2.774379,2.9689948558807373
1051,687800,LUAD,2.296969,4.241206169128418
1930,907055,STAD,-0.685963,-0.2703348994255066
2096,908443,LUSC,3.7748,3.2627437114715576
1250,909250,KIRC,3.132583,1.7791404724121094
1079,907065,BLCA,1.633467,0.39728742837905884
1268,907289,COREAD,5.24152,4.486759662628174
1017,906795,THCA,4.562601,4.938145637512207
1849,924108,COREAD,1.022087,0.5440208911895752
1563,910705,UNCLASSIFIED,4.330947,4.359840393066406
2047,907058,SKCM,-0.316983,0.1699119508266449
1239,907300,LAML,-0.473125,0.0023972392082214355
1088,910688,LAML,-0.117609,-0.3107566833496094
1088,946357,UNCLASSIFIED,-0.438016,0.2142680585384369
1578,906827,UNCLASSIFIED,4.071177,5.205390453338623
1916,1479987,OV,3.316772,2.387209177017212
1996,946361,UNCLASSIFIED,4.801169,4.3829827308654785
1375,905934,PRAD,6.432623,7.063910961151123
1932,1674021,COREAD,2.742321,2.4251935482025146
1563,753600,LUAD,6.208105,6.172208309173584
1855,905989,COREAD,2.233585,4.13961124420166
1249,1503371,ESCA,2.715704,2.5466644763946533
1179,1327773,DLBC,-0.029175,-0.7661606669425964
1559,1240187,LUAD,-2.9512,-2.9503707885742188
1614,946360,OV,6.072499,5.856745719909668
1855,906852,UNCLASSIFIED,3.23208,5.121918201446533
1511,1330935,UNCLASSIFIED,-0.900609,-1.7891108989715576
1549,1330995,DLBC,4.09652,4.645736217498779
1909,1240143,LUSC,0.872555,2.1751391887664795
1621,1240184,UNCLASSIFIED,2.307676,5.0078911781311035
2047,925348,PAAD,1.02478,2.2391295433044434
1511,905958,ALL,-3.897801,-2.5901355743408203
1180,930082,UNCLASSIFIED,-3.174628,-3.198640823364258
1918,1297447,MM,3.708748,4.204987525939941
1190,909754,UNCLASSIFIED,3.859779,3.580676794052124
1011,910710,LCML,-3.278958,-2.46479868888855
1012,907169,SKCM,0.709902,1.2457026243209839
1622,909904,PAAD,6.071557,5.193964004516602
1268,925341,UNCLASSIFIED,4.830695,4.171042442321777
1598,1659928,COREAD,3.817176,3.786317825317383
1930,907071,LIHC,1.694449,2.576643943786621
1179,907318,ESCA,-0.317338,-0.7709504961967468
1268,907788,PRAD,3.994065,4.6532979011535645
1873,908462,MESO,0.818763,0.6788575053215027
1239,1240179,CESC,1.125602,2.327608346939087
1931,910919,DLBC,2.606419,3.3516523838043213
1089,1240212,CESC,3.360122,3.7904927730560303
1927,724863,UNCLASSIFIED,5.842386,4.849524021148682
1248,906846,UNCLASSIFIED,-6.239794,-5.540945529937744
1054,1298226,LUSC,4.828328,3.577556848526001
1617,1240127,UCEC,2.096736,2.781088352203369
1593,1290730,BLCA,1.833915,2.4042623043060303
1034,910704,BRCA,-2.727706,-3.6219050884246826
1631,905980,KIRC,3.77677,3.8340115547180176
1177,1240179,CESC,5.030631,5.023587703704834
1268,906999,UNCLASSIFIED,4.09695,4.841521739959717
1624,1660036,COREAD,4.794021,3.9628429412841797
1068,924239,MM,0.999767,0.8836255073547363
1849,909975,UNCLASSIFIED,1.281331,0.7752344012260437
1786,946382,BRCA,3.235554,2.0537021160125732
1559,909703,ALL,-1.62842,-3.300968647003174
1088,906830,SKCM,2.031857,2.138570547103882
2096,907794,COREAD,0.25175,0.24577689170837402
1559,905989,COREAD,-1.163707,-2.044855833053589
1922,1331036,DLBC,0.455952,0.6237547993659973
1004,909761,COREAD,-3.689954,-2.8697218894958496
1250,909744,ACC,1.505163,1.5036537647247314
1917,908147,ALL,-0.830163,-1.0076444149017334
1022,908139,STAD,1.317107,0.1934136301279068
1598,907056,UNCLASSIFIED,3.540255,4.151526927947998
1249,908159,UNCLASSIFIED,1.944425,1.7435333728790283
1911,910705,UNCLASSIFIED,-6.012231,-6.49129581451416
1032,1659928,COREAD,0.696727,0.6872491836547852
1852,909250,KIRC,4.496603,5.958560466766357
1854,687829,UNCLASSIFIED,5.59997,5.292826175689697
1091,909707,UNCLASSIFIED,1.988878,1.4014253616333008
1268,687459,BLCA,5.191227,4.640111446380615
1375,907313,GBM,6.541817,6.530811309814453
1624,1509073,KIRC,3.82221,3.5111215114593506
2045,906817,ESCA,6.864836,5.94482421875
1054,908139,STAD,3.913013,4.513176918029785
1046,906861,UNCLASSIFIED,1.980151,2.1134588718414307
1559,905968,OV,-3.599954,-3.791733503341675
1190,908470,MESO,0.245619,0.9794750809669495
1563,908151,BRCA,4.733394,4.731374263763428
1939,909256,BRCA,0.613585,2.3074586391448975
1618,1298365,OV,3.435053,4.138264179229736
1006,1331033,DLBC,-0.329527,0.06181357800960541
1248,907273,UNCLASSIFIED,-3.447921,-5.101879119873047
1635,753608,LUAD,6.286178,5.859703063964844
1047,909785,UNCLASSIFIED,2.827232,2.529130220413208
2048,1247871,ALL,-4.583483,-4.99669075012207
1939,1240140,UNCLASSIFIED,2.499625,3.1759214401245117
1168,906851,BRCA,3.767951,3.733457565307617
1915,907286,PAAD,3.136141,2.872174024581909
1007,905974,SKCM,-5.074296,-5.722644805908203
1058,906814,SKCM,0.797091,1.0229110717773438
1510,1322212,SCLC,0.354313,1.852816104888916
1079,753552,BLCA,2.540547,1.3674492835998535
1180,909977,UNCLASSIFIED,-2.639887,-2.1616017818450928
1622,1290798,BRCA,5.345537,3.961719036102295
1915,908152,MESO,2.879904,3.241770029067993
1576,910698,KIRC,3.084395,2.2853262424468994
1922,1240159,LIHC,4.623782,3.067789077758789
1057,949179,NB,-1.10711,-1.1419329643249512
1799,1298365,OV,3.589349,4.0945658683776855
1013,910941,NB,2.898262,3.160930633544922
1620,906837,HNSC,4.533571,4.8749213218688965
1021,749711,BRCA,3.707724,2.2653145790100098
1005,907068,CESC,2.758755,2.9143691062927246
1911,907072,UNCLASSIFIED,-6.063452,-6.594815731048584
1058,753610,SCLC,1.054962,1.3259289264678955
1932,925338,BRCA,2.580493,4.1011786460876465
1918,910852,BRCA,3.760899,3.18698787689209
1939,909774,UNCLASSIFIED,2.939257,2.909238815307617
1915,910951,LCML,1.794826,1.7232699394226074
1012,907299,UNCLASSIFIED,0.964208,1.224226474761963
2107,1503365,ESCA,7.520045,6.873172283172607
1786,909755,COREAD,3.686558,4.08844518661499
1003,1299062,SCLC,-2.393159,-2.228928327560425
1910,753615,MM,1.531064,2.925185441970825
1190,753615,MM,3.316711,2.3891401290893555
1177,1240144,UNCLASSIFIED,4.982909,4.721828937530518
1930,905957,BRCA,-0.505539,0.5200012922286987
1614,907065,BLCA,3.559796,3.8779797554016113
1003,909770,STAD,-2.441686,-1.9621756076812744
1010,753620,NB,3.472367,3.1421799659729004
1928,1240149,UNCLASSIFIED,3.826482,3.371466636657715
1180,910851,UNCLASSIFIED,-3.126298,-2.979570150375366
1911,724831,UNCLASSIFIED,-4.659869,-5.163074493408203
1047,908476,LUAD,5.55453,4.437934875488281
1578,687457,BLCA,5.381306,4.9315385818481445
1512,1299080,SKCM,4.941236,5.048752784729004
1862,907061,HNSC,-1.448082,-1.802258014678955
1873,907298,UNCLASSIFIED,0.748249,0.43060797452926636
1259,905964,MM,3.1587,2.2352848052978516
1058,908454,UNCLASSIFIED,1.250664,0.6164861917495728
1060,1659818,MM,-0.233657,-0.0638335645198822
1862,909704,BLCA,-2.200105,-1.489217758178711
1940,908446,STAD,2.799786,3.4340357780456543
1873,753586,UNCLASSIFIED,1.172127,0.7577149868011475
1940,1240221,UNCLASSIFIED,3.757831,2.935699701309204
1578,949174,NB,4.005588,4.706226825714111
1006,753561,HNSC,2.048609,1.187270164489746
1925,908472,LUAD,4.765841,5.468593597412109
1011,1330935,UNCLASSIFIED,-2.785433,-1.261277198791504
1005,1240127,UCEC,5.332828,4.750732898712158
1179,909780,BLCA,1.464527,0.09142020344734192
1915,1303897,DLBC,3.582009,3.4297516345977783
1549,925346,PAAD,3.178326,3.684657573699951
1560,909774,UNCLASSIFIED,5.289276,5.054784774780273
1911,930298,CESC,-3.178496,-4.5087103843688965
1036,909729,GBM,5.928804,4.292330741882324
1917,1330947,LAML,-0.59136,-0.6163989305496216
1083,906824,CESC,4.015434,4.180999279022217
1093,1327773,DLBC,4.195367,3.493161201477051
1852,687798,LUAD,6.295511,5.549826145172119
1017,908138,UNCLASSIFIED,5.715413,5.10274076461792
1003,1503366,ESCA,-2.882568,-2.4275753498077393
1930,946382,BRCA,-0.162037,0.7975685000419617
1512,905952,ALL,4.09512,4.073007106781006
1004,909735,UCEC,-5.671799,-4.464515209197998
1006,722066,LUAD,3.588083,2.7443814277648926
1613,907295,SCLC,5.007405,4.898285388946533
1913,908444,STAD,4.692966,4.4679436683654785
1593,910926,BLCA,2.630937,0.7899590730667114
2106,688023,SCLC,0.500029,0.6298388242721558
1011,753589,SCLC,1.864022,1.2388629913330078
1036,910704,BRCA,4.784235,3.9645023345947266
1617,753573,ESCA,-3.022276,0.5251407027244568
1268,749717,BRCA,4.071266,4.770077705383301
1060,924244,LUAD,-0.302787,-0.08814871311187744
1932,908159,UNCLASSIFIED,1.964272,1.3871252536773682
1034,906838,UNCLASSIFIED,-3.307909,-3.470517873764038
1091,905958,ALL,2.920121,2.365039587020874
1593,1298222,ESCA,4.823844,3.237940788269043
1634,1327774,UNCLASSIFIED,2.638824,2.7395122051239014
1375,906798,BLCA,5.175687,5.035114765167236
1624,1240187,LUAD,3.698366,2.967459201812744
1912,909718,COREAD,3.241846,1.7868695259094238
1073,908146,ALL,4.843377,4.775025844573975
1250,1303900,BRCA,2.41104,4.492246150970459
1613,713878,SCLC,3.017987,3.0052263736724854
1249,908473,LUAD,5.586601,3.9579854011535645
1912,908463,LUAD,6.232048,4.129177570343018
1786,1660034,COREAD,4.118921,3.072721242904663
1931,906832,DLBC,4.57888,3.6036171913146973
1507,1503363,ESCA,5.671697,5.251041889190674
1849,908476,LUAD,-0.274079,-0.7248131632804871
1854,687590,GBM,5.891984,4.811959743499756
2044,909905,GBM,2.406439,3.241664171218872
1578,1240140,UNCLASSIFIED,6.3956,5.58808708190918
1614,925338,BRCA,4.249605,4.88698673248291
1927,910849,UNCLASSIFIED,4.567147,4.550703525543213
1925,908443,LUSC,5.811838,5.122564315795898
1131,908470,MESO,6.098329,5.9030961990356445
1032,1240197,OV,3.388581,3.364898920059204
1598,906814,SKCM,3.030623,3.8067989349365234
1996,753574,ESCA,4.81076,4.605057239532471
1006,917486,COREAD,2.953769,2.5878982543945312
1004,924240,BRCA,-3.904393,-3.0946242809295654
1594,1240192,SCLC,5.89803,4.782281875610352
1012,906765,MM,-0.249856,0.07687869668006897
1932,910687,ALL,0.37492,1.755326271057129
1564,907792,COREAD,2.034198,1.1100337505340576
1624,925340,STAD,3.137458,3.3289599418640137
1553,907048,BRCA,0.690534,-0.06710916757583618
1007,1247871,ALL,-4.638143,-5.703618049621582
1025,910704,BRCA,4.386445,4.5424394607543945
2047,909252,ALL,2.687634,1.9625279903411865
1003,753572,PAAD,-3.28912,-3.146780252456665
1200,1298349,SCLC,3.217788,2.9379682540893555
1927,907068,CESC,5.153693,5.1202287673950195
1079,1240154,THCA,-0.242678,1.5405323505401611
1180,910554,COREAD,-2.195324,-2.2225887775421143
1908,688031,SCLC,3.225451,2.050194025039673
1058,1659818,MM,-1.126361,-1.4309988021850586
1849,906818,SKCM,-1.373969,-0.24933838844299316
1047,924244,LUAD,5.394615,6.089993476867676
1635,1240173,COREAD,5.26695,5.189444065093994
1615,1295740,ALL,4.600798,4.105772018432617
1080,909263,COREAD,0.330145,0.21978026628494263
1191,753562,HNSC,-5.188577,-5.045233726501465
1179,1240168,GBM,0.846915,0.21206074953079224
1005,925345,UNCLASSIFIED,4.841605,4.632978439331055
1007,906814,SKCM,-4.804835,-4.637758731842041
1131,753574,ESCA,7.37026,6.744573593139648
1088,687505,CESC,1.453753,1.79384446144104
2111,946360,OV,5.25914,5.262412071228027
1199,1240159,LIHC,5.147441,4.195229530334473
1268,688121,UNCLASSIFIED,4.619886,5.00787878036499
1853,949156,UNCLASSIFIED,5.798077,4.669887542724609
1248,688025,SCLC,-5.910085,-5.428471565246582
1049,749709,BRCA,4.412764,4.241261005401611
1908,909777,UNCLASSIFIED,2.301121,1.304394245147705
1093,906844,BRCA,1.744462,2.9952945709228516
1079,906837,HNSC,-2.373801,-0.6800498366355896
1168,1298358,STAD,4.694881,4.6995530128479
1928,688026,SCLC,4.465906,3.8820581436157227
1512,1240160,LIHC,6.342519,5.991208076477051
2045,687452,BLCA,4.969635,4.928682804107666
1849,1240173,COREAD,-0.350681,-2.4251651763916016
1088,909746,COREAD,5.921203,5.544863224029541
1925,1660035,COREAD,6.258089,5.4791178703308105
1911,909720,UNCLASSIFIED,-4.767786,-5.221675872802734
2044,753573,ESCA,2.23188,2.423940658569336
1250,1240157,LIHC,4.910367,3.011918067932129
1375,930299,THCA,7.634417,7.5128493309021
1626,907788,PRAD,-0.375549,0.4668492376804352
1057,687506,CESC,-0.204408,-0.914147675037384
1926,687563,GBM,-0.595913,-0.8309107422828674
1996,753539,UNCLASSIFIED,1.763746,2.809112310409546
1627,687821,LUAD,5.469275,4.49698543548584
1060,753583,HNSC,2.220335,2.0897014141082764
1549,906851,BRCA,3.647034,4.586702823638916
1089,909747,COREAD,6.52631,6.730438709259033
1997,906833,MB,3.827797,3.684906244277954
1168,908144,LGG,4.168191,4.162761688232422
1940,687459,BLCA,3.426102,3.9838852882385254
1022,907299,UNCLASSIFIED,0.409731,-0.9683954119682312
1179,1240216,LIHC,1.285882,1.7787551879882812
1049,908141,LAML,3.018508,2.88490891456604
1093,905979,KIRC,6.31763,5.128527641296387
1049,1290798,BRCA,4.726249,4.831570148468018
1629,1240218,PAAD,6.253188,5.905916690826416
1928,925343,UNCLASSIFIED,4.863573,5.1547393798828125
1563,1327771,LCML,4.252222,3.5950582027435303
1996,906872,NB,3.125045,4.770218372344971
1627,1480362,OV,3.831308,3.934586763381958
1091,908131,UNCLASSIFIED,1.90377,2.5944249629974365
1268,909698,COREAD,4.431995,4.537476062774658
1259,1298475,PAAD,4.514723,4.118240833282471
1913,1240174,UCEC,4.387746,4.500554084777832
1614,909731,UNCLASSIFIED,4.398567,2.6393985748291016
1631,1240186,SCLC,5.511121,4.993854999542236
1003,908129,UCEC,-0.20899,0.3246561288833618
1190,1240128,UNCLASSIFIED,-3.818555,-2.905808210372925
1598,908443,LUSC,5.090996,3.874155044555664
1925,1240196,HNSC,4.409644,5.296916484832764
1084,1240123,COREAD,-0.94223,-1.1549887657165527
1250,1503362,ESCA,2.396163,1.9286119937896729
1912,907071,LIHC,3.584006,3.985290765762329
1940,905986,GBM,5.140535,4.158196449279785
1549,1303897,DLBC,5.991933,5.518718242645264
1239,905933,OV,1.59255,2.8092188835144043
1598,1330931,LCML,3.070974,2.9637186527252197
1007,907300,LAML,-5.991235,-5.915162086486816
1909,906863,HNSC,2.356034,2.587524652481079
1996,907323,UNCLASSIFIED,3.110666,3.214761972427368
1620,909749,BLCA,5.205186,5.468368053436279
2107,910935,DLBC,3.357657,3.3894846439361572
1786,949177,NB,0.712972,1.8665308952331543
1060,907295,SCLC,1.409151,1.4012105464935303
1250,687777,LUAD,3.09607,3.3546175956726074
1511,909707,UNCLASSIFIED,-0.248093,-0.7721211314201355
1909,909743,ALL,1.662147,2.4295804500579834
1630,688011,SCLC,3.956366,4.836189270019531
1005,1299052,HNSC,5.845879,4.4443559646606445
1004,905944,LUAD,-4.383876,-4.78271484375
1933,1240129,OV,6.137005,4.912571430206299
1911,724859,LUAD,-4.722508,-5.014361381530762
1083,907043,UNCLASSIFIED,2.216795,1.4477348327636719
1576,907268,UNCLASSIFIED,1.439964,1.540703296661377
2111,1298219,UNCLASSIFIED,5.379661,5.8963189125061035
1032,1240189,SCLC,1.223723,0.8109472393989563
1631,909260,ALL,2.02032,2.4246675968170166
1926,1330995,DLBC,-0.402361,0.6369054317474365
1507,905942,LUAD,5.092802,4.432168960571289
1997,906792,SKCM,3.538176,3.33583402633667
1913,1299059,HNSC,4.668839,4.660429000854492
2110,713899,SCLC,4.848085,4.603254318237305
1012,910850,LIHC,1.563868,2.703559160232544
1007,1299050,HNSC,-2.456593,-3.6498215198516846
1620,910691,UCEC,5.595653,5.12593412399292
1918,906808,SCLC,5.752838,4.2496113777160645
2106,910903,SKCM,1.526155,2.094327926635742
1557,684057,UNCLASSIFIED,4.670069,4.493931770324707
1034,907043,UNCLASSIFIED,-3.961603,-4.210338592529297
2107,1298358,STAD,6.44919,5.224390029907227
1799,908138,UNCLASSIFIED,4.512889,4.231131553649902
1997,909248,MB,3.690713,3.621306896209717
1200,753552,BLCA,1.70239,2.480332136154175
1912,753563,MM,1.904581,2.378786563873291
1559,906792,SKCM,-4.202117,-3.00911808013916
1179,908475,LUAD,-0.643228,0.4453734755516052
1598,907064,UNCLASSIFIED,3.171372,5.052742958068848
1017,909260,ALL,4.729391,3.7998621463775635
1038,906862,BRCA,0.711821,0.9273398518562317
1927,1659928,COREAD,4.598396,4.416767120361328
1593,930298,CESC,1.488545,2.812587261199951
1919,724879,LUSC,2.211188,3.029430627822876
1511,1240190,LUAD,-1.425682,-1.3167123794555664
1940,1240219,PAAD,3.764132,4.34525203704834
1190,906843,CESC,-1.022707,1.9002039432525635
1549,1299081,SKCM,4.650266,4.109294891357422
2110,906877,ALL,2.733491,3.9487464427948
1915,1330993,PRAD,2.8861,2.3092238903045654
1375,910924,STAD,5.194991,5.388722896575928
1925,925346,PAAD,6.335221,5.69429874420166
1250,688031,SCLC,-0.300076,0.2515719532966614
1627,1240141,MESO,4.552655,4.105170726776123
1022,909703,ALL,-0.977173,-1.3077328205108643
1912,1240226,SKCM,3.264406,3.046980857849121
1068,1298534,UNCLASSIFIED,2.468848,2.040942430496216
1634,687455,BLCA,3.779508,3.862062454223633
1933,910948,BRCA,7.255015,4.5933966636657715
1908,753623,ESCA,2.890175,3.03132963180542
1058,753575,ESCA,0.827476,1.0437507629394531
1932,687799,LUAD,0.742874,1.0228869915008545
2044,906805,LUAD,4.493765,5.0640339851379395
2106,1298350,LUAD,0.123839,1.2285890579223633
1630,1290765,UNCLASSIFIED,3.025632,2.8882687091827393
1940,687780,UNCLASSIFIED,3.400786,3.8577396869659424
1091,910915,PAAD,1.108264,2.5161490440368652
1854,907783,LCML,3.769308,3.114344358444214
1510,1240144,UNCLASSIFIED,3.026782,4.003719806671143
1915,924105,UNCLASSIFIED,0.458403,0.06632983684539795
1576,907173,MESO,2.779772,3.1381802558898926
2047,909721,LUAD,2.600856,2.9094154834747314
1191,910921,SKCM,-6.875025,-5.47316312789917
1932,724879,LUSC,5.467322,3.9156486988067627
1627,905968,OV,1.94311,2.2805991172790527
1941,724878,LUAD,-4.334613,-3.833662748336792
1618,687995,SCLC,3.397096,4.05943489074707
1941,684072,UNCLASSIFIED,-5.939171,-5.056142330169678
1576,907318,ESCA,1.596853,2.624063491821289
1191,908455,STAD,-4.49635,-5.136778831481934
1617,687457,BLCA,2.822569,2.771080255508423
1177,906821,PAAD,3.832683,4.918578624725342
1853,910951,LCML,3.794615,3.469851016998291
1510,1503367,ESCA,4.197202,4.459212303161621
2040,906820,NB,-0.94998,0.24992048740386963
1259,905990,OV,5.253028,4.7074995040893555
1629,910951,LCML,3.160084,3.0610406398773193
1594,906836,UNCLASSIFIED,2.968625,3.404426336288452
2045,910915,PAAD,6.49726,6.182689189910889
2047,909744,ACC,-1.041456,1.5161025524139404
2044,724838,BLCA,3.464851,3.2790653705596924
2043,1240186,SCLC,6.404613,5.3751630783081055
1919,909759,UNCLASSIFIED,2.805559,1.7442941665649414
2048,910916,HNSC,-5.070456,-5.405174732208252
1561,907045,BRCA,3.465068,1.8807134628295898
1622,724834,LUAD,5.999838,4.646731376647949
1630,753538,HNSC,3.62156,3.4878835678100586
2043,1503370,LUAD,4.665803,4.969021320343018
1003,1240172,BRCA,-1.635276,-1.5588293075561523
1558,1330972,SCLC,2.19828,3.924858808517456
1051,906839,GBM,1.153814,2.561157703399658
1084,687816,LUAD,-1.126619,-1.6229071617126465
1510,909770,STAD,3.568912,4.178697109222412
1036,687514,CESC,3.592358,4.762764930725098
1557,753618,NB,4.047563,4.137295722961426
2096,1298529,HNSC,4.259394,3.6933069229125977
1006,1240159,LIHC,2.854986,3.8181169033050537
1561,905991,OV,2.919014,1.993391752243042
1375,1240187,LUAD,6.330963,6.239995956420898
1375,909740,COREAD,7.843728,7.284713268280029
1927,687563,GBM,4.636263,4.762060165405273
1080,946355,ESCA,-1.595713,-2.902709484100342
1512,908455,STAD,5.715334,5.166205883026123
1079,905949,LUAD,-0.463314,-0.5866763591766357
1088,906861,UNCLASSIFIED,3.372493,2.584181070327759
2106,687807,LUAD,2.551402,5.2649664878845215
1593,906833,MB,1.06871,2.2550714015960693
1180,1298216,PAAD,-0.928939,-1.8654437065124512
1627,906869,STAD,3.654729,3.155893325805664
1922,908463,LUAD,3.852532,4.487831115722656
2096,910947,LAML,-0.818079,0.24055682122707367
1558,1240142,LUSC,1.278967,2.1987788677215576
2045,924105,UNCLASSIFIED,5.71854,4.785127639770508
2107,905948,KIRC,5.454399,5.441908836364746
1625,907045,BRCA,4.730039,4.303500175476074
2045,907173,MESO,5.646229,4.552829265594482
1054,1299080,SKCM,4.80877,3.2068166732788086
1631,907783,LCML,1.476914,1.2848942279815674
1088,925341,UNCLASSIFIED,2.62914,2.788238525390625
1621,905975,SKCM,5.595034,4.5872979164123535
2110,1299080,SKCM,4.404933,4.058966636657715
2047,907072,UNCLASSIFIED,3.33383,2.905405282974243
1854,683665,MM,3.109212,3.0874736309051514
1614,724870,PAAD,2.778014,3.7378623485565186
2106,908462,MESO,4.023916,2.589083671569824
1576,753600,LUAD,3.651974,3.398627758026123
1598,905971,COREAD,4.620595,4.075315952301025
1248,910951,LCML,-6.357684,-6.503299713134766
1910,910947,LAML,-3.052566,-3.1049561500549316
1007,907048,BRCA,-4.984563,-4.9515204429626465
1622,753573,ESCA,3.146287,3.6411526203155518
1557,1327766,MM,4.230036,4.276019096374512
1054,906827,UNCLASSIFIED,2.686378,3.752655029296875
1510,1330987,UNCLASSIFIED,3.257827,2.8980443477630615
1560,1240146,LUAD,4.220316,3.1622631549835205
2107,724838,BLCA,4.326738,5.127763748168945
1635,1479988,OV,6.488546,5.70743465423584
1908,909702,ALL,1.217488,1.2889697551727295
1560,910919,DLBC,2.20379,1.3080806732177734
1593,1240145,LUAD,2.228054,2.338679075241089
1054,1290455,LAML,1.119642,1.5819542407989502
1191,906746,GBM,-3.582454,-5.4259467124938965
2106,687995,SCLC,1.7178,2.2342827320098877
1190,1330942,LAML,-0.68007,-1.6833007335662842
1032,924102,THCA,2.184346,2.946457624435425
1560,1290795,UNCLASSIFIED,3.39622,4.595696449279785
1012,910904,HNSC,1.822075,1.457017183303833
1629,688031,SCLC,3.556129,3.0607402324676514
1511,949160,UNCLASSIFIED,-1.871001,-3.2234344482421875
1631,1290798,BRCA,5.719274,5.409623622894287
1012,908143,UNCLASSIFIED,0.955987,1.2493467330932617
1924,687514,CESC,1.321476,2.0078842639923096
1510,1298223,LUSC,4.503498,4.854979991912842
1560,907323,UNCLASSIFIED,3.112795,3.2512872219085693
1908,1290724,HNSC,3.290089,3.1290597915649414
2111,907322,UNCLASSIFIED,3.477608,2.655888795852661
1940,905945,BRCA,2.636242,2.820244550704956
1918,687816,LUAD,3.10431,3.5562477111816406
1557,907279,LGG,5.497755,5.778441429138184
1006,687812,LUAD,4.09538,3.5310919284820557
1549,909729,GBM,5.550385,4.80998420715332
1630,907173,MESO,3.466676,3.5865371227264404
2043,906794,UNCLASSIFIED,4.394975,4.83396053314209
1614,905951,BRCA,5.058054,4.58949089050293
2109,909976,UNCLASSIFIED,3.246522,2.579901933670044
1614,905967,LUAD,2.273746,3.0153965950012207
1873,1290813,MESO,0.27843,0.5716366171836853
1512,688014,SCLC,5.969072,5.205876350402832
1631,905968,OV,2.278376,1.4705555438995361
1259,910905,COREAD,5.431524,4.664855480194092
1915,905980,KIRC,2.644853,2.32633376121521
1557,688031,SCLC,4.164559,3.7513532638549805
1624,908132,UNCLASSIFIED,0.34603,1.5237467288970947
1177,1240226,SKCM,5.983151,5.209068298339844
1051,1503364,STAD,0.999285,-1.0550389289855957
1626,1298157,BRCA,5.513152,2.8857059478759766
1629,907276,STAD,4.239839,4.076860427856445
1932,908149,UNCLASSIFIED,3.615363,3.7896740436553955
2096,753538,HNSC,1.353813,1.7691147327423096
1372,753574,ESCA,0.288037,-0.5881853103637695
1036,949156,UNCLASSIFIED,5.000599,5.593079566955566
1025,1240124,COREAD,6.7298,5.325073719024658
1627,1503363,ESCA,2.763322,3.313103437423706
1563,905942,LUAD,5.393072,5.380866527557373
1925,687455,BLCA,5.396792,4.847163677215576
1620,910952,KIRC,5.523214,5.668751239776611
1079,907281,MM,0.960645,1.3692867755889893
1908,1240208,PAAD,2.072736,1.5129733085632324
1058,1240216,LIHC,2.836154,2.8750791549682617
1922,749711,BRCA,3.858808,3.159754514694214
1034,925345,UNCLASSIFIED,-5.15543,-3.0719759464263916
1073,910922,KIRC,3.317243,3.6049561500549316
1200,908142,UNCLASSIFIED,1.879076,2.1124911308288574
1629,910911,HNSC,4.910771,5.284518718719482
1909,909701,UNCLASSIFIED,0.313656,-0.029046058654785156
1631,1297449,DLBC,1.250652,1.5805277824401855
1563,1247871,ALL,4.811901,4.626321792602539
1927,905949,LUAD,4.49188,5.043580532073975
1073,906801,BRCA,5.199278,5.249699115753174
1250,908444,STAD,4.997371,2.5123894214630127
1925,908158,UNCLASSIFIED,4.149413,3.722299337387085
2172,905951,BRCA,3.098801,2.4689645767211914
1557,907057,LIHC,5.294761,4.496801853179932
1080,1240179,CESC,-4.107847,-3.2047202587127686
1177,1479988,OV,5.863329,4.818548679351807
1924,905984,LGG,1.942539,2.1038732528686523
1004,1240202,LUAD,-2.492646,-1.7162384986877441
2044,906812,BRCA,3.365118,3.403592824935913
1916,907050,UNCLASSIFIED,4.159233,5.280951499938965
1615,905947,KIRC,5.404132,4.610708713531494
1073,1303900,BRCA,5.449026,5.784823417663574
1936,908458,COREAD,0.959264,2.4663078784942627
1561,1297449,DLBC,-0.897536,-0.437019944190979
1932,1240219,PAAD,4.739251,5.452898979187012
1022,1240155,STAD,1.344915,0.24941860139369965
1054,724870,PAAD,3.355878,3.8118679523468018
2111,946361,UNCLASSIFIED,3.23771,4.313086986541748
1088,749711,BRCA,5.216269,5.300750255584717
1799,907791,MM,6.07006,5.633852005004883
1925,905936,COREAD,4.681101,4.397150993347168
1799,724831,UNCLASSIFIED,5.75903,5.101646900177002
1131,949163,UNCLASSIFIED,5.017626,4.08186674118042
1940,688086,NB,4.202639,3.3359038829803467
1936,1240142,LUSC,2.712197,1.838418960571289
1051,924104,THCA,2.145375,2.502741813659668
2045,910689,COREAD,7.980148,7.397165775299072
1926,688014,SCLC,2.952307,2.9078283309936523
1598,908127,UNCLASSIFIED,3.437832,3.2601816654205322
1614,1240197,OV,4.239765,4.441518306732178
1058,908123,BRCA,1.364869,1.1104912757873535
1578,908458,COREAD,6.059644,5.009730339050293
1629,908146,ALL,3.256791,3.2529799938201904
1004,907312,BLCA,-4.427156,-4.763851642608643
1786,910780,NB,2.642472,1.9818994998931885
1373,687459,BLCA,6.011552,5.578808784484863
1510,946370,GBM,3.83292,4.693764686584473
1908,906830,SKCM,0.915725,0.5422785878181458
1049,909699,UNCLASSIFIED,6.169718,5.178624629974365
1180,906797,BLCA,-2.339976,-2.442858934402466
1034,906831,UNCLASSIFIED,-3.776431,-3.20698618888855
1613,906831,UNCLASSIFIED,-0.375629,0.9102364778518677
1268,1299081,SKCM,3.872769,4.187252044677734
1631,905935,PRAD,5.56477,4.624058246612549
1093,924108,COREAD,3.863202,4.501735687255859
1631,753594,SCLC,2.030722,2.1898810863494873
1089,906855,LCML,2.503558,1.8851487636566162
2096,753532,HNSC,2.585245,2.597261905670166
1006,907268,UNCLASSIFIED,0.206026,-1.7940208911895752
2045,1299081,SKCM,5.366063,4.4582343101501465
2047,910933,GBM,0.883127,1.087294101715088
1250,909704,BLCA,0.505655,2.6528847217559814
1561,906812,BRCA,1.782734,0.2499048262834549
1049,907295,SCLC,3.872617,3.7255187034606934
1036,1240154,THCA,2.352194,2.737055540084839
2040,1240189,SCLC,0.360839,0.1366894543170929
1036,907270,CLL,1.181178,1.6888022422790527
1873,907323,UNCLASSIFIED,0.969036,0.5845454931259155
1936,907068,CESC,1.576767,2.4652488231658936
1621,909976,UNCLASSIFIED,3.657798,3.9759273529052734
1924,908136,UNCLASSIFIED,3.244584,2.729313611984253
1931,907783,LCML,4.304645,3.790600061416626
1941,905941,LUSC,-2.95693,-3.7995564937591553
1017,909731,UNCLASSIFIED,3.54402,2.280956745147705
1627,753576,ESCA,4.022517,3.7949061393737793
1852,909697,STAD,4.464305,4.6968231201171875
1088,684057,UNCLASSIFIED,0.568952,0.24220465123653412
1025,909263,COREAD,4.271817,6.015684604644775
1006,909780,BLCA,0.142558,0.3526002764701843
1091,949164,UNCLASSIFIED,1.457725,0.6046387553215027
1930,907299,UNCLASSIFIED,-0.251984,-0.8894860148429871
1578,909748,COREAD,5.573944,5.414577007293701
1561,1240181,NB,-0.07239,0.24584424495697021
1922,753576,ESCA,2.916179,4.319528579711914
1003,1290807,UNCLASSIFIED,0.831452,0.27004164457321167
1036,905975,SKCM,-0.333971,0.6042682528495789
1248,1240200,OV,-3.21492,-2.257580518722534
1131,1240222,OV,1.824667,3.1103549003601074
1372,1240223,THCA,-1.215063,-0.9912392497062683
1631,907790,COREAD,4.060495,2.3993775844573975
1862,1299078,SKCM,-1.173465,-1.9271867275238037
1512,1240215,UNCLASSIFIED,5.447801,5.231014251708984
1926,687455,BLCA,2.193307,1.0100963115692139
1598,908472,LUAD,3.727752,4.162278175354004
2096,905955,SKCM,1.036799,1.8856017589569092
1089,1298350,LUAD,2.578827,4.005385875701904
1910,753621,ESCA,1.808467,2.0825562477111816
1034,946358,ALL,-3.387135,-3.48745059967041
2045,910910,BRCA,6.076166,5.601192474365234
1624,949171,NB,2.820816,2.4390673637390137
1053,909263,COREAD,4.655978,3.871258020401001
1529,722046,LUAD,0.100562,-1.1465671062469482
1080,906812,BRCA,-3.370763,-3.8690998554229736
1073,1330995,DLBC,3.212511,4.6881866455078125
1168,909740,COREAD,3.679569,3.3970906734466553
1559,907071,LIHC,-0.539457,-1.3997294902801514
1849,724839,CESC,0.614894,0.5737054347991943
1919,909975,UNCLASSIFIED,3.404265,2.7914912700653076
1073,924241,SCLC,8.428598,7.755162239074707
1629,1503365,ESCA,6.170208,6.467548847198486
1917,911905,OV,4.980585,3.6225314140319824
2040,1240198,OV,1.551033,1.276421308517456
1634,909976,UNCLASSIFIED,3.652016,3.6475517749786377
1375,909713,SKCM,5.814523,5.879891395568848
1191,905986,GBM,-4.716316,-4.973545074462891
1068,907169,SKCM,0.761311,1.3031580448150635
1918,906871,LGG,2.811514,2.662790060043335
1919,1330995,DLBC,1.680848,1.9279820919036865
1013,925346,PAAD,5.132406,4.069914817810059
1786,683667,MB,3.520981,1.282294511795044
1927,753608,LUAD,6.196735,5.692616939544678
1511,910688,LAML,-4.642182,-3.670795440673828
1179,908451,LAML,-1.314096,-0.8289071917533875
1626,1290809,MESO,3.960489,3.566819429397583
1089,908473,LUAD,4.031674,4.4013190269470215
1512,909713,SKCM,5.622468,5.24837589263916
1080,1298223,LUSC,-3.542158,-1.5307445526123047
1549,1322218,UNCLASSIFIED,5.000121,4.025698661804199
1912,908457,COREAD,1.322873,1.8682219982147217
1615,909977,UNCLASSIFIED,5.337052,5.277429103851318
1089,688021,SCLC,6.237912,5.382246017456055
1997,1322224,STAD,2.836564,2.4361109733581543
1249,907047,UNCLASSIFIED,2.580685,2.8018405437469482
2043,910921,SKCM,4.495692,4.736173152923584
2044,1524416,KIRC,2.581839,3.6478071212768555
1049,1503363,ESCA,3.227339,3.6861605644226074
1068,910849,UNCLASSIFIED,0.951535,1.4163968563079834
1012,910706,UNCLASSIFIED,0.610372,0.2278030514717102
1557,907291,COREAD,2.857745,4.7989020347595215
1507,1503364,STAD,4.466524,5.025764465332031
1593,1480364,OV,2.20164,2.9499716758728027
1007,908472,LUAD,-3.771619,-2.943457841873169
1084,724878,LUAD,0.19739,-1.0443000793457031
1996,905950,KIRC,4.416431,4.624922275543213
1549,1240183,LUSC,2.456632,2.121887445449829
1049,910401,UNCLASSIFIED,2.553029,3.1637282371520996
1051,1330947,LAML,-3.94576,-3.288630247116089
1004,905989,COREAD,-5.671325,-5.397397994995117
1529,1240215,UNCLASSIFIED,2.072951,3.2059996128082275
1084,910910,BRCA,-1.182719,-2.8448619842529297
1507,907795,COREAD,5.100138,5.273003101348877
1053,1240151,STAD,1.89879,3.4935643672943115
1017,907045,BRCA,4.743871,4.239242076873779
1916,909708,HNSC,2.528175,2.7000811100006104
1058,908483,SCLC,1.494545,0.9440534710884094
1576,908444,STAD,2.822577,2.4045584201812744
1629,683667,MB,3.935936,4.334031105041504
1909,949165,UNCLASSIFIED,2.353089,1.9737322330474854
1932,1299070,OV,3.289901,3.5235002040863037
1013,905958,ALL,2.924796,2.582789659500122
1180,930298,CESC,-2.708513,-2.625812292098999
1557,910700,COREAD,6.16432,5.945244312286377
1083,908131,UNCLASSIFIED,3.017638,3.650557279586792
1624,906856,UNCLASSIFIED,0.849304,0.16941815614700317
1004,753572,PAAD,-5.134259,-3.810197114944458
1249,908149,UNCLASSIFIED,5.258344,3.485983371734619
1180,910906,UNCLASSIFIED,-4.350395,-4.044776916503906
2109,722046,LUAD,1.930977,1.8465232849121094
1091,906856,UNCLASSIFIED,0.028398,-0.9606084227561951
2106,908457,COREAD,1.171487,2.32716965675354
1200,908147,ALL,1.643749,1.9017717838287354
1630,909748,COREAD,4.628607,4.712376594543457
1930,1290455,LAML,-0.445531,0.06451024115085602
1004,906838,UNCLASSIFIED,-4.593845,-4.9156494140625
1625,906853,UNCLASSIFIED,6.634627,6.205255508422852
1941,687983,SCLC,-5.400933,-5.541406154632568
1089,909743,ALL,3.026301,2.014143466949463
1913,908443,LUSC,5.806234,5.096873760223389
1131,1509073,KIRC,5.787567,3.0086467266082764
1853,907291,COREAD,3.93609,4.344675540924072
1933,909719,LIHC,3.285619,4.988110542297363
1507,909757,COREAD,5.108021,5.193108081817627
1022,909252,ALL,-0.986794,-1.6530482769012451
1510,930082,UNCLASSIFIED,4.326932,3.7144250869750977
1908,908121,BRCA,4.094168,2.4514219760894775
1849,909781,KIRC,2.213396,1.5896708965301514
1013,1290808,MESO,5.182349,4.785680294036865
1911,908475,LUAD,-3.299568,-5.0633134841918945
1631,906801,BRCA,4.990124,3.8627989292144775
1927,907277,ALL,3.819876,3.33219051361084
2107,1240157,LIHC,5.533286,5.448370456695557
1910,909703,ALL,-3.577945,-3.2264368534088135
1918,909905,GBM,0.424749,2.232017993927002
1034,1240217,LIHC,-3.055458,-2.8538403511047363
1862,753618,NB,-3.21523,-2.3851001262664795
1006,1240143,LUSC,2.868542,2.296321153640747
1634,753558,KIRC,4.815229,5.2084126472473145
1093,924186,UNCLASSIFIED,5.27879,4.245783805847168
1615,905957,BRCA,3.850642,3.886880874633789
1012,907788,PRAD,0.446071,0.563832700252533
1912,1298157,BRCA,3.63871,2.8802430629730225
1564,924102,THCA,1.487869,2.0427920818328857
1032,908458,COREAD,2.863357,3.4506969451904297
1179,1240212,CESC,0.729705,1.0194737911224365
1248,1240160,LIHC,-4.671802,-3.166043996810913
1190,971773,UNCLASSIFIED,-5.274235,-3.260084867477417
1910,749710,BRCA,1.417744,2.5623459815979004
1006,907313,GBM,3.968301,2.6673057079315186
1096,910927,BRCA,1.574492,2.868150234222412
1933,749715,BRCA,2.538492,3.1427879333496094
1629,1330942,LAML,5.521508,4.5029072761535645
1915,910853,SKCM,2.046345,2.9272806644439697
1036,907046,BRCA,3.456863,3.6015799045562744
1563,687505,CESC,5.572063,5.126264572143555
1909,753584,BLCA,1.844356,2.421863317489624
1932,908138,UNCLASSIFIED,4.313807,2.123976945877075
1913,1240222,OV,3.89437,4.754454135894775
1268,1298157,BRCA,5.303997,4.464818477630615
1629,909704,BLCA,3.878987,4.061434268951416
1049,909779,UNCLASSIFIED,4.683512,2.9941961765289307
2106,908472,LUAD,6.158279,4.092282772064209
1862,924104,THCA,-2.646305,-2.2625234127044678
1004,907172,SKCM,-2.824116,-3.6461360454559326
1191,687568,GBM,-5.037246,-4.976863861083984
1239,1240189,SCLC,1.405559,0.8702173233032227
1012,1240172,BRCA,2.980787,2.66131854057312
2043,905942,LUAD,4.716088,4.689228057861328
1631,998189,COREAD,5.136954,3.4600863456726074
1939,1298526,PAAD,2.389277,2.274510622024536
1012,908123,BRCA,1.479903,1.5684804916381836
1557,1240155,STAD,4.396725,4.426220893859863
1925,907064,UNCLASSIFIED,5.138503,5.51992130279541
2109,910688,LAML,2.165862,1.6730101108551025
1635,908138,UNCLASSIFIED,5.619083,5.584574222564697
1006,753612,MM,2.356795,3.861058473587036
1916,905969,OV,4.431297,3.4497015476226807
1559,1303896,UNCLASSIFIED,-4.243109,-4.094311714172363
1507,1290771,COREAD,5.21949,5.604780197143555
1268,687997,SCLC,5.444117,5.231015205383301
2045,907000,UNCLASSIFIED,3.970076,4.196507453918457
1057,910916,HNSC,-0.097296,-1.8018484115600586
1179,1240210,UNCLASSIFIED,-0.867431,0.04292735457420349
1622,909718,COREAD,4.096691,4.548130035400391
1058,1240218,PAAD,4.542437,2.9701778888702393
1549,688086,NB,4.420435,4.729949951171875
1058,946358,ALL,1.015914,0.9045349359512329
1557,908125,SKCM,5.738676,5.413985252380371
2096,1298526,PAAD,4.201635,2.7209830284118652
2040,688121,UNCLASSIFIED,1.413517,1.1676783561706543
1560,909904,PAAD,3.073484,4.663631439208984
2110,753575,ESCA,3.869932,5.589733600616455
1911,909785,UNCLASSIFIED,-6.698095,-6.041522979736328
1168,684062,UNCLASSIFIED,3.198964,2.9729809761047363
1622,724872,SCLC,2.742476,3.510084390640259
1079,1297439,SCLC,3.632877,3.4541800022125244
1634,1240135,MESO,4.659269,4.871665954589844
1936,906794,UNCLASSIFIED,2.227879,2.8216333389282227
1034,687588,GBM,-1.984016,-3.7793996334075928
1940,1298539,UNCLASSIFIED,4.409119,4.554525375366211
1930,1240216,LIHC,2.862098,1.5587656497955322
1085,1330972,SCLC,2.011883,1.6402130126953125
1598,910936,HNSC,4.015723,4.265451908111572
1549,753546,SKCM,5.128375,5.587489604949951
1191,910905,COREAD,-3.7542,-3.332799196243286
1634,909785,UNCLASSIFIED,3.61272,2.5916881561279297
1559,907172,SKCM,-3.609266,-2.9186508655548096
1912,907066,BLCA,4.098911,4.392185688018799
1629,1503366,ESCA,4.473044,4.426210403442383
1068,909262,UNCLASSIFIED,0.209432,0.577833890914917
1849,753552,BLCA,-0.932764,-0.38676291704177856
1237,907071,LIHC,6.009105,6.0371479988098145
1022,1240200,OV,-0.14978,0.8686825633049011
1512,910548,OV,4.933964,5.628971576690674
1089,905939,COREAD,2.446761,2.6643404960632324
1919,909780,BLCA,2.345236,2.4130616188049316
1915,909776,UNCLASSIFIED,4.059564,3.4836456775665283
1058,1503366,ESCA,2.644882,1.4093306064605713
1179,949158,UNCLASSIFIED,-1.281734,-0.5888290405273438
1617,907169,SKCM,4.88504,0.8085207343101501
1558,910916,HNSC,2.050894,0.9613290429115295
1049,1330987,UNCLASSIFIED,2.652296,1.92464280128479
1512,753539,UNCLASSIFIED,4.682281,4.319748878479004
1012,909725,SKCM,3.409756,2.4851162433624268
1180,906862,BRCA,-4.076208,-2.9090516567230225
1635,910853,SKCM,4.612458,4.760041236877441
1079,906820,NB,-1.230694,0.13102436065673828
1854,907289,COREAD,5.148139,4.700591564178467
1563,909753,OV,6.851569,6.50831413269043
1622,1503370,LUAD,4.876226,3.528839349746704
1073,688087,NB,6.757237,6.125270366668701
2109,1297439,SCLC,2.644525,1.957608938217163
1093,688121,UNCLASSIFIED,6.380433,5.241637706756592
2109,1240202,LUAD,3.927122,2.8663814067840576
1093,949164,UNCLASSIFIED,4.147247,3.536869764328003
1594,1659823,COREAD,5.029114,4.997297763824463
1006,1330942,LAML,0.352071,1.7768423557281494
1239,688010,SCLC,2.048267,2.7089908123016357
2109,1240208,PAAD,4.520953,3.381380796432495
1180,753620,NB,-1.406586,-1.6386981010437012
1085,749711,BRCA,2.289262,2.7687978744506836
1372,687800,LUAD,4.647288,1.9487907886505127
1510,753562,HNSC,3.627369,3.088824987411499
1006,909257,OV,-0.274387,-0.31127452850341797
1855,907787,ALL,3.070393,2.2318124771118164
1068,1330985,LAML,0.768572,0.41364625096321106
1909,906843,CESC,1.783214,2.4108352661132812
1010,753586,UNCLASSIFIED,4.000034,3.8296964168548584
1051,906861,UNCLASSIFIED,1.863967,2.2444610595703125
1918,924186,UNCLASSIFIED,1.787142,2.593245267868042
2044,910921,SKCM,3.515414,2.991687059402466
1918,907057,LIHC,4.420268,3.9012672901153564
1941,909743,ALL,-5.568292,-4.864665985107422
1925,1330931,LCML,4.746766,4.676863670349121
1373,906832,DLBC,2.088477,3.806971311569214
1615,1240217,LIHC,5.020925,4.757636070251465
1034,910942,UNCLASSIFIED,-2.110658,-3.785240411758423
2048,946359,BRCA,-1.084444,-1.850269079208374
1910,906834,MB,-0.333677,0.6036638021469116
1239,905969,OV,4.056408,3.6598145961761475
2044,687506,CESC,2.642484,3.5128848552703857
1631,906843,CESC,2.516017,3.429323673248291
1088,1290724,HNSC,3.710219,3.590945243835449
1917,1330985,LAML,-0.325307,0.13643401861190796
1529,908159,UNCLASSIFIED,-2.025673,-1.735915184020996
1873,906820,NB,-0.481442,0.16972559690475464
1853,907050,UNCLASSIFIED,6.084119,5.834434509277344
1054,688010,SCLC,4.928592,5.2100396156311035
1057,907790,COREAD,-3.123143,-2.674342155456543
1049,1298538,LUSC,3.988731,3.687093496322632
1922,908457,COREAD,1.632432,1.8183882236480713
1032,906827,UNCLASSIFIED,1.388827,2.1709811687469482
1927,907290,UNCLASSIFIED,5.163628,5.251914978027344
1922,687815,LUSC,1.296959,1.7172520160675049
1007,905944,LUAD,-4.563211,-5.152118682861328
1910,905989,COREAD,1.438287,0.9313762187957764
1179,1290765,UNCLASSIFIED,0.063649,0.5872452259063721
1927,1503367,ESCA,6.062089,5.337285041809082
1250,905951,BRCA,2.300048,1.344125747680664
1073,688031,SCLC,3.389342,3.3866748809814453
1931,1297446,ALL,4.257408,4.515932559967041
2096,907269,CLL,1.751865,2.052757978439331
1557,1247871,ALL,4.59639,4.412091255187988
1930,1240212,CESC,1.206641,1.3360257148742676
2109,909720,UNCLASSIFIED,2.642472,2.466822624206543
1930,925345,UNCLASSIFIED,1.554281,0.4249180555343628
1927,683665,MM,4.458436,4.012200355529785
1012,930297,CESC,3.259006,2.693438768386841
2106,724868,LUAD,4.408463,2.5770905017852783
1049,909773,DLBC,2.856853,2.800858497619629
1911,909746,COREAD,-1.527545,-2.741652011871338
1003,906873,GBM,-4.526351,-2.464695692062378
1032,910927,BRCA,2.97682,1.4162347316741943
1060,722066,LUAD,-0.062025,-0.5823254585266113
2043,906797,BLCA,4.546537,4.945497989654541
1559,1327774,UNCLASSIFIED,1.001856,-0.2488175630569458
1561,1240136,MESO,4.142373,3.2676613330841064
1034,909779,UNCLASSIFIED,-3.39535,-1.7881596088409424
1561,910549,ESCA,1.459031,0.6378448009490967
1054,906855,LCML,2.939193,2.488072156906128
1088,749715,BRCA,3.241979,4.785888195037842
1598,753586,UNCLASSIFIED,3.861732,4.379302501678467
1909,907298,UNCLASSIFIED,2.733411,2.0664265155792236
1557,908476,LUAD,4.383959,4.761510372161865
1924,906877,ALL,1.634421,2.019732713699341
1617,907273,UNCLASSIFIED,-4.316521,1.7036998271942139
1862,1240155,STAD,-0.938497,-1.1368165016174316
2109,1327775,MM,1.783405,2.6474192142486572
1927,910687,ALL,4.29627,3.9943196773529053
1598,753607,UNCLASSIFIED,3.705668,3.988368511199951
1912,1322224,STAD,0.667961,0.5890227556228638
1559,949160,UNCLASSIFIED,-4.075113,-3.6383793354034424
1615,1298226,LUSC,5.628114,4.933746814727783
2040,1290808,MESO,1.730287,1.6712150573730469
1849,1298539,UNCLASSIFIED,0.494253,0.8653644919395447
1047,924100,PRAD,2.562728,3.8377912044525146
1032,1303912,UNCLASSIFIED,1.886753,2.6293208599090576
1918,905955,SKCM,4.397056,4.37711763381958
1630,949171,NB,3.202231,3.1671676635742188
1268,910932,SKCM,4.651376,4.502444744110107
1916,907291,COREAD,1.811845,1.9392566680908203
1576,687561,GBM,2.464026,2.5781619548797607
1617,910915,PAAD,3.879947,4.249985694885254
1849,905941,LUSC,0.870187,1.9947552680969238
1060,907062,HNSC,0.475143,0.4869769513607025
2096,907072,UNCLASSIFIED,2.07233,3.1150176525115967
1250,1330995,DLBC,2.667289,2.5199761390686035
1046,1503361,ESCA,1.545047,1.2301675081253052
1511,909716,UNCLASSIFIED,-1.464285,-1.739802598953247
1060,683667,MB,1.459241,1.1326020956039429
1918,1290798,BRCA,2.54581,2.401201009750366
1079,910853,SKCM,2.190656,2.2465076446533203
2045,1240186,SCLC,6.230846,5.207921981811523
1932,905937,COREAD,2.069233,2.611992120742798
1025,1330941,BRCA,6.252207,5.6846723556518555
1634,909743,ALL,4.136438,3.846604347229004
1928,1303912,UNCLASSIFIED,4.021184,4.204634189605713
1053,1331038,DLBC,3.83161,2.953185558319092
1239,909256,BRCA,2.480577,3.1739563941955566
1915,907287,COREAD,1.257895,1.8079075813293457
1627,1298347,LUAD,2.447083,3.1805906295776367
1131,906873,GBM,3.238834,2.960400342941284
1068,1298169,KIRC,1.346822,1.453169584274292
1919,906814,SKCM,2.541307,2.260152816772461
1510,908454,UNCLASSIFIED,3.134565,1.6643807888031006
1191,910705,UNCLASSIFIED,-5.568641,-5.22023344039917
1931,905937,COREAD,5.634614,5.083338737487793
1631,908138,UNCLASSIFIED,2.898699,2.8848273754119873
1200,1290908,LUAD,2.274354,2.998783826828003
1006,906824,CESC,2.982856,1.821997880935669
1622,909263,COREAD,5.631437,5.105185508728027
1854,1327769,DLBC,1.984053,4.596030235290527
1630,910569,COREAD,4.547873,3.9884254932403564
1915,906843,CESC,1.891625,2.181042194366455
1013,1298151,LIHC,4.200016,4.397359848022461
1925,906808,SCLC,4.563265,5.047867774963379
1199,1322212,SCLC,4.200604,2.7841062545776367
1190,910852,BRCA,1.550511,1.8337180614471436
1012,905960,BRCA,0.891842,1.5040037631988525
1083,909785,UNCLASSIFIED,2.554687,1.3357264995574951
1553,687590,GBM,2.339855,3.6802494525909424
1007,906833,MB,-6.343596,-6.203841209411621
1053,908441,,2.352143,2.4060630798339844
1799,749717,BRCA,4.35272,5.530516624450684
1089,906693,PAAD,4.998747,4.070941925048828
1564,906827,UNCLASSIFIED,3.027186,3.0357658863067627
1083,905941,LUSC,4.981862,5.161330223083496
2096,908128,SKCM,3.021294,2.4999334812164307
2106,909907,BRCA,2.975906,3.4220516681671143
1855,688014,SCLC,5.002123,5.168425559997559
1930,908127,UNCLASSIFIED,0.551589,-0.1652129590511322
1239,949163,UNCLASSIFIED,0.151794,0.8083434700965881
2109,906863,HNSC,3.11588,2.649693012237549
1047,909260,ALL,3.668733,3.744685411453247
1017,753607,UNCLASSIFIED,4.124378,3.7041923999786377
1510,909749,BLCA,4.105501,4.071963787078857
1237,1290905,BRCA,6.900355,7.131134033203125
1617,906826,BRCA,5.335711,5.7200026512146
1941,910568,THCA,-4.855145,-4.658815383911133
1559,906851,BRCA,-0.969482,-2.332422971725464
1576,753614,ESCA,3.04094,2.854923725128174
1630,1240142,LUSC,2.979738,2.76631498336792
1621,1240208,PAAD,5.912126,5.274954795837402
1054,930298,CESC,5.380742,4.964626312255859
1559,687798,LUAD,2.74313,-1.2813410758972168
1006,1480362,OV,4.669351,4.090658187866211
1079,910944,ALL,1.586182,0.3227628171443939
1083,909251,ALL,0.930994,1.2582639455795288
1010,1298157,BRCA,3.927934,3.1332294940948486
1617,910548,OV,4.367486,3.491549491882324
1908,905951,BRCA,5.9383,4.154750347137451
1168,753575,ESCA,-0.124972,1.6230378150939941
1918,687561,GBM,1.912013,1.9735357761383057
1237,1298352,UNCLASSIFIED,8.741712,7.929266929626465
1614,907069,UNCLASSIFIED,3.454444,3.6264798641204834
1013,907071,LIHC,5.047156,5.141019821166992
2047,907300,LAML,-0.038787,1.0351574420928955
1855,1327766,MM,3.184571,3.4495091438293457
2040,930299,THCA,-0.400934,1.8339505195617676
1053,905937,COREAD,2.431818,1.7448525428771973
1017,908143,UNCLASSIFIED,4.278909,3.8631041049957275
2110,907273,UNCLASSIFIED,1.791724,3.2553791999816895
1613,753556,LUSC,-0.125914,1.4953455924987793
1564,1240196,HNSC,3.704615,3.225226402282715
1922,1240121,HNSC,2.030624,1.8541929721832275
2110,924110,UNCLASSIFIED,5.190727,4.675965785980225
1931,1240174,UCEC,5.521399,5.359507083892822
1248,909737,LIHC,-4.468395,-3.4150147438049316
1909,910951,LCML,1.050805,-0.9165146946907043
1918,907169,SKCM,3.735471,3.554734230041504
1068,1247871,ALL,-0.688701,1.8150255680084229
1051,1240172,BRCA,4.305346,3.3001606464385986
1010,1479988,OV,3.358374,4.051942825317383
1631,905976,SKCM,3.44973,2.651350259780884
1200,910546,PAAD,3.020863,2.97810697555542
1632,909778,BRCA,4.231745,3.0919747352600098
1911,909723,SKCM,-3.036591,-2.1768791675567627
1084,907311,LCML,-3.663565,-2.9855494499206543
1626,907285,PAAD,2.691828,3.462876081466675
1010,905944,LUAD,2.480429,3.3206348419189453
1908,909262,UNCLASSIFIED,2.272885,2.305891752243042
1924,687980,SCLC,2.595191,2.175556182861328
1618,906853,UNCLASSIFIED,5.303032,5.289312362670898
1909,1298533,PAAD,1.985365,2.3045742511749268
1849,906834,MB,-0.56739,-2.1680221557617188
2110,907299,UNCLASSIFIED,5.968045,5.45886754989624
1373,749713,BRCA,7.102539,4.811773777008057
1925,907173,MESO,4.123865,5.133318901062012
1057,910401,UNCLASSIFIED,-2.730656,-2.185293436050415
1085,753623,ESCA,3.368884,2.41524600982666
1621,1503366,ESCA,5.156729,5.188427448272705
1268,753616,NB,4.712235,4.632464408874512
1997,688031,SCLC,3.166394,2.702389717102051
1068,907047,UNCLASSIFIED,0.858224,0.7732619047164917
1060,908150,MESO,1.801254,1.3960938453674316
2045,907794,COREAD,4.924342,5.448502063751221
1564,905972,LUAD,2.010537,1.960526466369629
1549,1674021,COREAD,5.502051,3.7770886421203613
1268,905984,LGG,4.33307,3.7242276668548584
1549,1240158,LIHC,4.272373,3.7896816730499268
1237,906830,SKCM,5.657232,6.027782440185547
1200,1240179,CESC,2.911035,2.5442113876342773
1190,908458,COREAD,3.695926,3.053769588470459
1237,905986,GBM,6.205938,5.2611002922058105
1615,910905,COREAD,5.833279,6.138110637664795
1089,910694,GBM,6.631439,6.370218753814697
1909,924102,THCA,2.122853,2.8152477741241455
1088,688010,SCLC,2.671955,0.9194571375846863
1911,905948,KIRC,-4.149329,-3.7987568378448486
1047,909713,SKCM,3.298585,3.608347177505493
1180,909729,GBM,-3.103902,-2.9554951190948486
1012,1327766,MM,0.247144,0.3469086289405823
1549,906824,CESC,1.695628,2.029965400695801
1620,1290908,LUAD,4.907383,5.390389442443848
2110,687800,LUAD,7.50736,6.321670055389404
1873,924104,THCA,0.682934,0.9302989840507507
1557,1240184,UNCLASSIFIED,5.631952,5.205525875091553
1259,753584,BLCA,3.364206,3.747182607650757
1786,909732,UNCLASSIFIED,3.932044,2.3584134578704834
1635,909744,ACC,4.568727,4.524046421051025
1011,722066,LUAD,4.055722,2.2673392295837402
1915,909749,BLCA,2.830021,2.802643060684204
1598,1327775,MM,3.341484,2.8758842945098877
1927,930082,UNCLASSIFIED,5.281048,4.474437713623047
1003,1298358,STAD,-2.799064,-1.8310472965240479
1629,1330985,LAML,3.427866,3.6440508365631104
1799,687997,SCLC,6.020464,5.094545841217041
1068,907299,UNCLASSIFIED,1.71376,0.6250137090682983
1004,1322212,SCLC,-3.305044,-3.02848744392395
1916,909784,SKCM,1.940649,2.5786378383636475
1057,907317,ESCA,-3.354272,-1.8799564838409424
2046,1240190,LUAD,3.906015,3.434910535812378
1939,905933,OV,2.080824,2.4901821613311768
1047,1327774,UNCLASSIFIED,3.659039,2.320514678955078
1237,907298,UNCLASSIFIED,5.298451,4.804661750793457
1917,909704,BLCA,1.026096,1.7003216743469238
1553,909774,UNCLASSIFIED,3.463687,3.7721288204193115
1004,909780,BLCA,-4.315227,-4.398502826690674
1925,949171,NB,4.734533,4.202692985534668
1093,1298141,PAAD,4.662237,5.341713905334473
1268,753574,ESCA,5.217671,4.865597248077393
1919,909248,MB,2.485856,2.3158695697784424
1621,924105,UNCLASSIFIED,5.400369,4.829559326171875
1190,687799,LUAD,2.892263,0.45006924867630005
1598,749714,BRCA,3.751528,3.949666976928711
1558,905971,COREAD,2.031318,2.799058437347412
1032,753546,SKCM,4.206978,3.1475846767425537
1046,1331038,DLBC,-0.451166,0.06460057199001312
1054,910546,PAAD,3.118859,3.2047314643859863
1013,1240153,SKCM,2.827403,1.825639009475708
1558,907299,UNCLASSIFIED,1.751111,1.9221711158752441
1190,1503362,ESCA,-1.206036,0.9136332869529724
1180,906842,DLBC,-3.964157,-4.302282333374023
1917,909703,ALL,0.873782,0.1275516152381897
1239,906814,SKCM,1.836467,2.7604317665100098
1011,908470,MESO,2.875798,3.7252767086029053
1853,1240173,COREAD,3.924982,4.367488384246826
1613,713899,SCLC,3.678563,3.299987554550171
1239,910698,KIRC,1.793641,1.051833987236023
1268,907299,UNCLASSIFIED,4.332832,4.245682716369629
1614,749714,BRCA,4.255038,4.370158672332764
1626,909773,DLBC,2.952328,0.6304757595062256
2040,908440,NB,-0.661206,-0.10964792966842651
1618,907791,MM,3.564919,4.235592365264893
1621,909701,UNCLASSIFIED,2.227762,2.2762768268585205
1908,909746,COREAD,2.262593,2.3615829944610596
1912,907271,LGG,2.196066,2.6752288341522217
1563,1330985,LAML,3.975883,3.9486958980560303
1918,907173,MESO,4.225371,3.482344388961792
1089,1290807,UNCLASSIFIED,6.356093,6.185622692108154
1249,724859,LUAD,4.046053,2.970064640045166
1179,906999,UNCLASSIFIED,0.435155,0.8943979144096375
1034,1240167,ESCA,-2.899162,-3.6429460048675537
1940,949179,NB,2.530328,4.085917949676514
1625,1479988,OV,6.42578,5.168198585510254
1512,1480372,OV,6.254562,6.208612442016602
1060,1503366,ESCA,2.109732,1.0848138332366943
1930,1240122,HNSC,1.215573,1.2551674842834473
1932,687588,GBM,2.700116,3.772817373275757
1512,1298538,LUSC,5.925223,5.454094409942627
1010,910692,SCLC,3.313278,3.1032614707946777
1058,909255,UNCLASSIFIED,0.053788,0.22374078631401062
1862,906800,UNCLASSIFIED,-2.29721,-2.214306116104126
1237,687798,LUAD,5.434017,5.577004909515381
1936,907287,COREAD,3.002445,3.2613701820373535
1614,687457,BLCA,5.938678,4.440194129943848
1997,909757,COREAD,5.88614,4.831745624542236
1073,910910,BRCA,3.027332,5.953141212463379
1200,724825,MM,2.562934,2.305129289627075
1786,1240212,CESC,2.695354,2.607879400253296
1910,909697,STAD,2.844405,1.02616548538208
1006,910906,UNCLASSIFIED,-1.148412,-0.6020644903182983
1928,910933,GBM,3.256364,3.879300594329834
1622,907794,COREAD,4.970353,4.22723388671875
1034,909749,BLCA,-5.481228,-4.777256488800049
1915,907323,UNCLASSIFIED,2.525895,2.12172794342041
1083,688121,UNCLASSIFIED,3.291346,4.653418064117432
1563,910922,KIRC,4.407548,5.928133964538574
1917,910779,UNCLASSIFIED,5.493353,3.9095077514648438
1250,910700,COREAD,2.568523,3.3568520545959473
1996,906868,LGG,3.73953,3.955808401107788
1088,753576,ESCA,5.704544,6.1060943603515625
2106,907056,UNCLASSIFIED,1.923938,1.9374303817749023
1593,906853,UNCLASSIFIED,5.789864,4.340724945068359
1249,1240168,GBM,2.996715,3.5705230236053467
1003,949094,GBM,-3.64519,-2.932299852371216
1853,910691,UCEC,4.522844,3.6611554622650146
1268,713899,SCLC,5.282148,4.348790645599365
1578,749709,BRCA,4.9784,4.851545333862305
1010,924104,THCA,4.305596,3.684229850769043
1511,687455,BLCA,-0.672178,-0.014274030923843384
1011,1524416,KIRC,0.867439,1.6867907047271729
1003,910943,GBM,0.014211,-0.9703080058097839
1927,1240174,UCEC,4.246176,4.326690196990967
1917,907312,BLCA,0.710195,1.4075992107391357
1375,753607,UNCLASSIFIED,5.53947,4.636695384979248
1618,687452,BLCA,3.178047,3.5099267959594727
2109,998184,ALL,1.725634,1.7196557521820068
1615,687815,LUSC,4.066866,5.192175388336182
1084,1299062,SCLC,-1.967205,-1.310208797454834
1873,909784,SKCM,1.501191,1.5524647235870361
1626,905989,COREAD,1.566542,2.3365981578826904
1168,1240131,MESO,4.337311,4.13316011428833
1849,908143,UNCLASSIFIED,-0.005361,-1.114030122756958
1918,1290724,HNSC,2.666771,2.1300973892211914
1248,910948,BRCA,-5.738891,-4.997282981872559
2111,753621,ESCA,5.705833,4.3589935302734375
1919,909723,SKCM,4.098518,4.46206521987915
2040,1303896,UNCLASSIFIED,-0.065072,0.16382688283920288
1511,1240173,COREAD,-2.897392,-2.8099420070648193
1594,687561,GBM,5.2836,4.677483081817627
1006,1240132,MESO,3.458734,5.112204074859619
1036,910906,UNCLASSIFIED,3.387537,3.60336971282959
1177,753594,SCLC,2.359279,3.332646608352661
1932,1240131,MESO,6.095513,5.486999034881592
1624,907053,LAML,1.631416,1.307042121887207
1168,1503364,STAD,-0.735051,-0.525507926940918
1190,753561,HNSC,1.044808,-0.04330363869667053
1080,907271,LGG,-3.514684,-2.9614734649658203
1617,908127,UNCLASSIFIED,1.433522,1.4888689517974854
1941,909755,COREAD,-3.571441,-4.208719730377197
1626,749709,BRCA,5.244217,3.341726541519165
1621,909251,ALL,1.43114,1.6999406814575195
1629,906847,UNCLASSIFIED,3.464561,4.058443069458008
2111,910926,BLCA,3.697515,3.1578750610351562
1618,906863,HNSC,2.453666,3.3386855125427246
1615,910900,LUAD,4.832032,4.766970634460449
1564,910904,HNSC,2.596145,2.4734365940093994
1168,924100,PRAD,3.704638,3.8344666957855225
1080,910784,UNCLASSIFIED,-0.824556,-1.3846428394317627
1564,909708,HNSC,-0.540997,0.0714438408613205
1190,1240209,STAD,0.648551,1.9352998733520508
1940,749712,BRCA,3.300461,3.906409978866577
1051,907291,COREAD,0.922675,-0.40658384561538696
1036,905974,SKCM,2.286051,1.8595526218414307
1620,907286,PAAD,5.791203,5.712747097015381
1915,908465,LUAD,2.185846,2.1992740631103516
1199,909721,LUAD,6.269188,4.976652145385742
1054,908448,LAML,1.514499,1.80954909324646
1529,910692,SCLC,0.915195,1.452760934829712
1620,906696,THCA,4.927036,4.877289772033691
1630,1290809,MESO,3.320892,4.959980487823486
1084,909249,MM,-4.836085,-4.233564853668213
1622,909776,UNCLASSIFIED,4.102897,4.370611667633057
1194,924108,COREAD,2.935672,1.030975103378296
1549,1240160,LIHC,6.240249,5.830414295196533
1919,753575,ESCA,-0.66198,0.16476526856422424
1911,910689,COREAD,-1.459995,-0.18170887231826782
2045,688001,SCLC,4.533769,4.155834674835205
1928,1503366,ESCA,5.457832,5.060832500457764
1936,907319,ESCA,2.809517,2.5556344985961914
1084,1331045,DLBC,-1.571471,-2.825899839401245
1909,753562,HNSC,2.415484,2.2064411640167236
2043,1298157,BRCA,4.230709,5.244404315948486
1912,906868,LGG,1.99653,2.0838370323181152
1010,1240145,LUAD,3.693607,3.058180093765259
1853,1298136,PAAD,3.025595,3.723292589187622
1627,753616,NB,3.157871,2.7141003608703613
1625,1298348,LUAD,5.705502,6.2065110206604
1852,909740,COREAD,8.333391,6.274245738983154
1010,946382,BRCA,3.326865,3.080651044845581
1578,906844,BRCA,4.379069,3.2488954067230225
1625,908463,LUAD,5.380847,5.836959362030029
1615,1290812,MESO,7.931266,7.184367656707764
1626,908458,COREAD,3.128175,2.3919260501861572
1068,724869,PAAD,2.660595,1.5718293190002441
1916,905983,GBM,3.313971,3.114114999771118
1268,907048,BRCA,4.8811,4.72468900680542
1931,907067,SKCM,5.217413,4.982663154602051
1190,753612,MM,2.913571,-0.4503785967826843
1997,724831,UNCLASSIFIED,5.441288,4.096728801727295
1613,909250,KIRC,3.234978,3.7046244144439697
1177,908129,UCEC,4.370182,5.170784950256348
1916,908126,LCML,4.731664,3.935802698135376
1854,683667,MB,5.075134,4.247308731079102
1007,1327773,DLBC,-4.804033,-5.273611068725586
1916,753556,LUSC,1.870115,0.6950609683990479
1079,909753,OV,1.264202,2.8451414108276367
1036,909975,UNCLASSIFIED,6.30308,5.723927021026611
1032,905948,KIRC,1.959552,2.025883674621582
1046,1298218,PAAD,2.903211,3.191450357437134
1561,1290807,UNCLASSIFIED,0.439904,1.3259098529815674
1089,910907,PAAD,5.256848,5.298895359039307
1624,971773,UNCLASSIFIED,3.704269,3.3309075832366943
1375,687800,LUAD,6.876134,7.713532447814941
1180,906846,UNCLASSIFIED,-3.537052,-3.080759048461914
1594,906865,SKCM,4.03978,4.329385757446289
1012,683665,MM,0.653621,0.2315027117729187
1004,687800,LUAD,2.404839,-0.4369296431541443
1060,906849,UNCLASSIFIED,1.632117,1.9309563636779785
1179,909975,UNCLASSIFIED,1.183856,2.04866361618042
1854,713899,SCLC,4.0981,4.15299654006958
1237,687995,SCLC,5.012448,4.521050930023193
2040,907066,BLCA,2.841387,2.6616222858428955
1032,906871,LGG,1.847115,1.9223885536193848
1917,908125,SKCM,4.416934,3.338956832885742
1626,910784,UNCLASSIFIED,5.99017,3.9200210571289062
1047,909974,KIRC,3.975319,4.886090278625488
1553,907067,SKCM,1.067459,2.3020308017730713
1012,688121,UNCLASSIFIED,2.798743,2.151132106781006
2110,909779,UNCLASSIFIED,4.908983,4.6571173667907715
1625,1240127,UCEC,4.660336,4.834099292755127
1375,1240132,MESO,6.133172,6.95908260345459
1799,1298533,PAAD,5.85601,5.403980731964111
1084,908451,LAML,-2.161124,-1.9501557350158691
1510,908446,STAD,1.86975,2.085422992706299
1631,924239,MM,1.559417,1.514524221420288
1917,1303897,DLBC,0.33132,1.0414628982543945
1931,1240123,COREAD,4.745331,4.914506435394287
1060,905959,OV,3.080011,2.290860414505005
1248,908123,BRCA,-4.423273,-4.2062883377075195
1593,906827,UNCLASSIFIED,3.967935,2.5013036727905273
1239,1299059,HNSC,3.35174,2.321716785430908
1058,905937,COREAD,0.372938,-0.06561523675918579
1919,1299052,HNSC,0.946688,0.14151844382286072
1613,724859,LUAD,1.927016,2.66863751411438
1630,908463,LUAD,2.797026,4.607588291168213
2045,906828,THCA,4.39118,4.820496559143066
1855,688021,SCLC,7.589231,5.645683288574219
1916,1247871,ALL,2.513817,3.3601651191711426
1614,909264,UNCLASSIFIED,3.565783,2.5300049781799316
1190,905949,LUAD,-3.559694,-2.7943339347839355
1007,924107,CESC,-6.597014,-6.248125076293945
1621,908463,LUAD,6.855867,5.885597229003906
1908,687799,LUAD,0.968838,0.2835261821746826
1091,1240200,OV,2.568566,2.749382257461548
2106,753569,LUSC,-0.011623,2.132578134536743
1089,909697,STAD,3.045706,2.2294437885284424
1249,907314,NB,2.867702,3.023780345916748
1629,1299078,SKCM,5.374255,5.016845703125
1852,1331032,DLBC,4.164905,4.289329528808594
1925,906833,MB,4.612251,4.369218826293945
1047,907280,LAML,4.788047,4.034759998321533
1005,910900,LUAD,1.603736,2.655197858810425
1926,687800,LUAD,2.067195,1.1106714010238647
1080,907299,UNCLASSIFIED,-4.234909,-4.060675144195557
1003,684072,UNCLASSIFIED,-5.109751,-4.668482780456543
1088,906843,CESC,2.530765,3.4672086238861084
1046,910942,UNCLASSIFIED,0.575826,1.0484585762023926
1910,905933,OV,2.875623,2.1887426376342773
1006,949158,UNCLASSIFIED,-0.42653,-1.048163652420044
1922,909717,UNCLASSIFIED,1.584531,1.749424934387207
1375,1240200,OV,6.991193,7.15176248550415
1057,908152,MESO,-0.360637,-0.9482715725898743
1629,907275,LAML,3.669063,3.6529135704040527
1017,949177,NB,3.054555,2.6723601818084717
2040,909770,STAD,1.364165,-2.292984962463379
1268,909708,HNSC,3.933111,3.7909512519836426
2045,687807,LUAD,6.987173,6.381859302520752
1010,1240209,STAD,2.417635,2.933222770690918
1622,908149,UNCLASSIFIED,4.397116,4.28179407119751
1237,1298223,LUSC,5.244535,5.4062724113464355
2043,688027,SCLC,4.775923,4.380045413970947
1912,909759,UNCLASSIFIED,2.983716,2.6507041454315186
1083,910569,COREAD,1.82303,1.6757292747497559
1088,1240196,HNSC,2.655701,2.9843857288360596
1854,949094,GBM,5.09391,4.693328857421875
2044,1298222,ESCA,3.883746,3.7532026767730713
1635,1240215,UNCLASSIFIED,4.036441,5.281388759613037
1909,1240159,LIHC,3.161844,2.803295850753784
1913,753624,PAAD,5.57083,5.0723371505737305
1558,924108,COREAD,1.541101,2.5269973278045654
2044,971773,UNCLASSIFIED,1.660399,2.4578192234039307
1627,684052,UNCLASSIFIED,2.335958,2.586812973022461
1559,909737,LIHC,-3.674211,-2.5050690174102783
1996,917486,COREAD,3.872365,4.885426044464111
1634,1298475,PAAD,5.109914,4.815475940704346
1617,753563,MM,1.717018,1.8366830348968506
1918,949157,UNCLASSIFIED,3.218228,3.19207763671875
1057,684072,UNCLASSIFIED,-2.851514,-3.279010534286499
1625,687787,LUSC,5.805913,5.079830169677734
2111,1503367,ESCA,1.517818,3.0411136150360107
1563,907270,CLL,5.092914,4.285989284515381
1060,910710,LCML,-1.048056,-1.1482861042022705
1046,909774,UNCLASSIFIED,0.99705,1.9414799213409424
1913,1659928,COREAD,4.129554,3.9344520568847656
2107,907276,STAD,6.52898,5.6482930183410645
2107,906820,NB,2.710329,4.29142427444458
1927,1240189,SCLC,3.897569,4.149410724639893
1553,910544,LCML,2.485535,1.6681089401245117
1629,949153,ALL,3.175171,3.2224955558776855
1873,905955,SKCM,1.460202,1.502633810043335
1006,908455,STAD,-0.169055,1.2065486907958984
1625,753539,UNCLASSIFIED,3.544816,4.005590915679932
1910,1331032,DLBC,-1.098183,1.3641722202301025
1250,909735,UCEC,1.58469,1.3923468589782715
1915,687985,SCLC,2.883927,2.3351380825042725
1853,753548,LAML,3.480739,3.7343714237213135
2109,1290806,STAD,2.140526,2.0415127277374268
1259,949158,UNCLASSIFIED,-2.0061,-2.2110095024108887
1199,910689,COREAD,6.231859,6.838095188140869
1053,1240218,PAAD,7.959225,5.9462199211120605
1049,909725,SKCM,5.026663,4.852819442749023
1629,1331045,DLBC,3.179097,3.685838460922241
1180,753621,ESCA,-1.731551,-2.327629566192627
2043,906856,UNCLASSIFIED,-3.347146,2.648853063583374
1927,909696,UNCLASSIFIED,3.850457,4.071425914764404
1073,908139,STAD,3.395521,5.394441604614258
1576,1298539,UNCLASSIFIED,3.870348,3.8856399059295654
1916,753623,ESCA,1.592531,2.4826443195343018
1936,924239,MM,1.484546,1.8298418521881104
2109,908150,MESO,3.829797,2.4791247844696045
1996,1240127,UCEC,3.817761,4.705576419830322
1564,909748,COREAD,1.192637,0.3815445005893707
1909,905944,LUAD,2.831526,2.0971434116363525
1849,906835,GBM,0.820784,0.05358056724071503
1068,905978,KIRC,1.580995,1.4735639095306396
1179,687505,CESC,-0.978005,0.15616293251514435
1849,688014,SCLC,0.115078,-0.38589924573898315
1372,724825,MM,-2.633966,-1.8979198932647705
1564,1298533,PAAD,0.861721,0.18299078941345215
2107,724855,UNCLASSIFIED,6.1327,5.55711555480957
2048,1331039,UNCLASSIFIED,-4.385805,-4.938517093658447
2040,909728,LUSC,1.532213,0.7160235643386841
1631,687455,BLCA,4.173807,4.477313995361328
1080,688058,MESO,-1.178289,-0.8126228451728821
1916,908443,LUSC,2.09732,2.0349624156951904
1190,906797,BLCA,-3.617076,-3.9961087703704834
1634,1303897,DLBC,5.061241,4.930867671966553
1131,1240121,HNSC,3.843551,4.355949878692627
1093,1290809,MESO,4.460037,5.259055137634277
1199,924240,BRCA,3.574896,2.716370105743408
1598,949163,UNCLASSIFIED,2.529928,3.4146337509155273
1576,907792,COREAD,4.633825,3.651993989944458
1620,687514,CESC,5.132627,5.3308000564575195
1007,688058,MESO,-3.366736,-3.3981223106384277
1624,905933,OV,4.066851,3.8214964866638184
1053,910695,UNCLASSIFIED,1.614116,2.575409173965454
1054,907058,SKCM,2.222803,3.3661746978759766
1553,906846,UNCLASSIFIED,1.064475,1.9561033248901367
1003,688031,SCLC,-2.897812,-2.798586845397949
2043,1299075,PRAD,5.270212,5.112664222717285
1549,1298475,PAAD,2.428568,3.6839587688446045
1913,908455,STAD,5.561612,4.5990214347839355
1922,906826,BRCA,2.740501,2.909520387649536
1179,906847,UNCLASSIFIED,-0.125317,-0.49191784858703613
1786,1240173,COREAD,3.373852,2.570866107940674
1373,1327773,DLBC,2.347654,3.3068528175354004
1080,724872,SCLC,-2.874918,-3.6241953372955322
1917,908465,LUAD,3.342407,2.355581283569336
1786,907060,UNCLASSIFIED,2.803194,1.7048060894012451
2044,930082,UNCLASSIFIED,2.291344,3.4267024993896484
1559,753585,KIRC,-3.853544,-2.3050155639648438
1022,1298222,ESCA,0.567806,0.28215256333351135
1853,910943,GBM,5.00404,5.042656898498535
1250,906817,ESCA,3.523566,4.486073970794678
1017,1299081,SKCM,3.751637,3.342534303665161
1560,909704,BLCA,2.467715,3.2578015327453613
1936,908146,ALL,2.195312,1.6970233917236328
1862,907072,UNCLASSIFIED,-1.694107,-2.1169848442077637
1617,688006,SCLC,2.017444,3.1037628650665283
1512,687777,LUAD,5.669545,5.894833087921143
1910,905935,PRAD,4.136149,3.436746120452881
1908,909751,COREAD,0.743156,-0.03923115134239197
2096,724855,UNCLASSIFIED,1.280843,1.3310127258300781
2043,1331032,DLBC,4.711704,4.015084266662598
2109,909707,UNCLASSIFIED,2.917167,2.7939555644989014
1091,907056,UNCLASSIFIED,1.961433,1.999342679977417
2048,1240129,OV,0.593853,0.4186534285545349
1915,910934,DLBC,2.255296,2.331293821334839
1598,687505,CESC,2.020229,2.915849447250366
1928,905950,KIRC,3.678552,3.94922137260437
1922,1298529,HNSC,2.326863,2.374316453933716
1635,905976,SKCM,5.431052,5.210849285125732
1549,946370,GBM,4.716829,4.512557506561279
1940,905949,LUAD,2.96092,3.3710381984710693
1634,946368,GBM,3.325685,4.6487603187561035
1926,910698,KIRC,-0.989998,-0.3783881664276123
1047,946370,GBM,2.238433,3.397550344467163
1933,906765,MM,2.238193,2.9263124465942383
1091,925341,UNCLASSIFIED,2.617869,3.2261087894439697
1624,753554,LUSC,2.74541,2.3560619354248047
1053,925341,UNCLASSIFIED,5.089565,3.7667627334594727
1559,753620,NB,-2.12302,-2.2305498123168945
1578,906696,THCA,5.468605,4.830333232879639
1049,906792,SKCM,3.484013,3.415830373764038
1940,1331033,DLBC,2.648032,3.15018892288208
1054,906828,THCA,5.192258,3.229937791824341
1559,906843,CESC,-2.416367,-2.474381685256958
1060,908472,LUAD,1.998049,1.222275733947754
1057,753563,MM,-3.121924,-3.940610647201538
1598,688025,SCLC,2.017905,2.5652549266815186
1034,910926,BLCA,-3.727878,-3.7201216220855713
1561,688006,SCLC,4.77501,4.17814302444458
1084,1330993,PRAD,-2.911704,-2.7563722133636475
1927,1290455,LAML,3.163916,3.7499356269836426
1248,909736,LIHC,-2.581112,-2.437267541885376
1996,753607,UNCLASSIFIED,3.7398,3.7148590087890625
1924,907790,COREAD,1.99425,1.5060796737670898
1911,1330995,DLBC,-5.892761,-5.621729850769043
1511,909704,BLCA,-0.707764,-0.17463970184326172
1624,906696,THCA,1.455443,2.2674760818481445
1630,909703,ALL,2.786377,2.1354119777679443
2043,907048,BRCA,4.447375,4.329873085021973
1013,910927,BRCA,1.558438,3.275388240814209
1025,908122,BRCA,6.049812,4.912304878234863
1549,906865,SKCM,5.293625,4.376840114593506
1373,908127,UNCLASSIFIED,5.177462,4.534069538116455
1249,908158,UNCLASSIFIED,1.947368,1.8927159309387207
1624,906853,UNCLASSIFIED,6.868703,5.739274501800537
1168,908451,LAML,2.397317,2.69811749458313
1614,753558,KIRC,2.547885,3.666811466217041
1058,930298,CESC,1.252604,1.5990874767303467
1083,1298347,LUAD,4.085807,3.5032708644866943
1060,924250,STAD,2.156263,1.6504721641540527
2110,924239,MM,4.523134,3.9335806369781494
1553,687800,LUAD,4.158051,4.968479156494141
1941,908463,LUAD,-5.580378,-4.200271129608154
1088,908132,UNCLASSIFIED,-0.02281,0.2916419804096222
1997,1298475,PAAD,3.442137,2.4881155490875244
1933,907318,ESCA,2.569643,5.1508684158325195
1131,687586,GBM,6.12434,4.754042625427246
1617,924100,PRAD,2.246719,1.9326419830322266
1022,908470,MESO,0.850485,1.5935585498809814
1941,1240181,NB,0.457356,-0.8063785433769226
1922,910781,UCEC,0.841954,0.9019737243652344
1618,1240216,LIHC,3.932652,4.12818717956543
1927,753563,MM,3.990522,3.7592809200286865
1560,908443,LUSC,4.238495,3.7344229221343994
1939,753586,UNCLASSIFIED,2.619628,2.9967706203460693
2110,946361,UNCLASSIFIED,5.357422,4.289771556854248
1191,749710,BRCA,-4.167982,-4.829967975616455
1049,909718,COREAD,4.166101,3.4534621238708496
1068,906853,UNCLASSIFIED,2.132182,3.386979103088379
1855,1298146,LIHC,1.590261,5.460845470428467
1091,724863,UNCLASSIFIED,0.434592,1.5380833148956299
1034,1240121,HNSC,-3.501195,-3.993413209915161
1549,906828,THCA,4.186173,4.417425632476807
2048,908128,SKCM,-2.758583,-2.228180408477783
2044,1327771,LCML,1.482288,2.893979549407959
1786,908141,LAML,2.54175,1.2714745998382568
1512,1290908,LUAD,5.392574,5.437568187713623
2106,1290813,MESO,4.464634,2.4878571033477783
1512,1240131,MESO,6.021496,6.524857997894287
1635,907048,BRCA,4.900568,4.905807018280029
1250,908475,LUAD,1.392118,1.9081053733825684
2044,687505,CESC,2.761673,2.700880289077759
1073,753607,UNCLASSIFIED,4.953409,5.093500137329102
1051,907790,COREAD,4.170789,-0.044781237840652466
1046,910927,BRCA,0.703064,1.0018208026885986
1259,971773,UNCLASSIFIED,-0.22102,-2.149991035461426
1068,924100,PRAD,1.487555,2.058885335922241
1849,753574,ESCA,2.738345,0.47633418440818787
2046,1331039,UNCLASSIFIED,1.18733,2.9569852352142334
1578,910941,NB,4.300305,4.874873161315918
2109,906798,BLCA,2.594762,2.9095993041992188
1060,1298222,ESCA,1.128659,0.09428867697715759
1529,1290730,BLCA,-0.378003,1.0537123680114746
2106,906837,HNSC,0.653624,1.8137423992156982
1786,1322218,UNCLASSIFIED,1.164969,2.0354039669036865
1084,687802,LUAD,-1.119667,-1.2375035285949707
1624,925341,UNCLASSIFIED,3.132964,3.306447982788086
1131,910705,UNCLASSIFIED,2.5736,2.0380845069885254
1049,1299059,HNSC,4.240359,4.211596488952637
1022,1660036,COREAD,1.582879,0.7860651612281799
1926,930083,THCA,2.249582,3.1248295307159424
1085,949156,UNCLASSIFIED,4.600575,2.6862952709198
1053,724859,LUAD,3.506655,4.913218975067139
1564,909723,SKCM,0.753115,-0.40082913637161255
1079,910687,ALL,1.437647,1.516406536102295
1618,1503368,ESCA,4.293135,4.231917858123779
1083,1240146,LUAD,2.908262,4.343040943145752
1089,1660034,COREAD,3.032577,2.7559964656829834
1249,909974,KIRC,4.743563,5.323759078979492
2043,909728,LUSC,4.668328,5.541243076324463
1560,753607,UNCLASSIFIED,2.702385,3.1481149196624756
1630,753546,SKCM,4.316634,5.508317947387695
1931,1240218,PAAD,7.684036,7.3368072509765625
1854,909738,LIHC,4.032304,4.768174648284912
1012,907042,LGG,1.161874,1.6055986881256104
1922,1240183,LUSC,2.146845,2.3769686222076416
1919,907287,COREAD,0.418196,1.1347768306732178
1091,1503370,LUAD,1.083103,1.500335693359375
1017,1299075,PRAD,3.963687,5.070281505584717
1635,724869,PAAD,4.557972,5.751439571380615
1507,688023,SCLC,4.846884,4.551884174346924
1915,905940,LCML,2.435261,2.810615301132202
1996,907291,COREAD,3.825034,3.79679274559021
1598,910942,UNCLASSIFIED,4.247868,3.221524238586426
1179,946357,UNCLASSIFIED,-0.731297,-0.7062393426895142
1010,908461,STAD,1.984711,2.0179667472839355
1561,1298219,UNCLASSIFIED,4.673854,3.6612255573272705
1910,910942,UNCLASSIFIED,2.988271,2.175762891769409
1510,907278,LAML,4.15405,3.3486921787261963
1017,907064,UNCLASSIFIED,3.706178,4.889167308807373
1911,687457,BLCA,-4.635226,-4.218940258026123
2048,907787,ALL,-4.498836,-4.584799766540527
1558,908145,LGG,2.706394,2.621464490890503
1057,909729,GBM,-2.021035,-1.311002254486084
1613,753565,SCLC,2.32354,2.2070462703704834
1060,1240154,THCA,-2.054275,-0.8354032635688782
1131,910688,LAML,3.051528,3.6523401737213135
1563,1298146,LIHC,6.155398,6.073946952819824
1618,1290807,UNCLASSIFIED,3.989793,3.2964935302734375
1057,1298358,STAD,-0.493669,-1.0586793422698975
1626,924238,THCA,-0.124124,1.6463100910186768
1626,910944,ALL,1.02367,0.49026986956596375
1855,906818,SKCM,4.858645,4.80777645111084
1512,687799,LUAD,5.375875,5.334994792938232
1926,1503365,ESCA,-0.026883,0.03348575532436371
1940,907269,CLL,3.907625,3.347017288208008
1060,949163,UNCLASSIFIED,0.654876,0.8846599459648132
1559,687985,SCLC,-1.811247,-2.064338445663452
1939,1480364,OV,5.240163,4.412039279937744
1852,924107,CESC,3.939643,4.273259162902832
1096,1240172,BRCA,4.115571,3.8362252712249756
1553,1299070,OV,3.9956,3.9763455390930176
1004,910936,HNSC,-5.075289,-5.750063419342041
1852,1240219,PAAD,7.4969,6.458553791046143
1852,1290807,UNCLASSIFIED,5.830394,5.775754451751709
1916,1240189,SCLC,2.949068,2.5743401050567627
2107,906794,UNCLASSIFIED,5.131153,4.965778827667236
1079,687563,GBM,0.666873,0.22371017932891846
1036,1240173,COREAD,2.183885,0.9565398693084717
1911,908151,BRCA,-6.089627,-6.101125717163086
1036,906793,SKCM,0.068029,0.7165279388427734
1512,1290810,MESO,6.592705,6.010814189910889
1786,1240121,HNSC,3.405016,2.291457414627075
1259,753566,BLCA,6.098269,4.745954990386963
1089,906872,NB,3.86731,4.919111728668213
2043,908127,UNCLASSIFIED,4.802075,4.175475597381592
1598,906871,LGG,3.93789,4.354152679443359
1006,749714,BRCA,4.789023,4.324239730834961
2047,724868,LUAD,1.239037,1.1255178451538086
1912,713899,SCLC,4.307642,2.551851272583008
1853,949178,NB,2.838051,3.732147455215454
1046,1659928,COREAD,2.568146,1.2510746717453003
1083,1479988,OV,5.100356,3.76025652885437
1630,910927,BRCA,3.945207,3.949183225631714
1578,924111,HNSC,4.953465,4.701998710632324
1179,1240122,HNSC,1.916899,1.2064650058746338
1618,1480372,OV,5.054721,4.521073818206787
1912,907285,PAAD,3.297455,3.3889126777648926
1179,910934,DLBC,-2.07325,-0.5409309267997742
1855,907791,MM,3.665689,5.2073140144348145
1249,1240221,UNCLASSIFIED,2.320974,2.44808292388916
1091,906863,HNSC,1.67518,2.3337624073028564
2106,905947,KIRC,0.322364,2.2399189472198486
1131,906865,SKCM,5.106169,3.495304822921753
2048,1290797,PAAD,-2.570488,-3.8644931316375732
1558,907072,UNCLASSIFIED,2.543011,2.6462478637695312
1916,907783,LCML,3.248105,3.0380780696868896
1578,910779,UNCLASSIFIED,6.707922,5.424930572509766
1013,930299,THCA,6.015891,5.581305980682373
1091,908158,UNCLASSIFIED,1.151041,0.5187532901763916
1559,1659818,MM,-3.718823,-3.454108715057373
1916,905946,BRCA,3.735658,2.590128183364868
1006,1290807,UNCLASSIFIED,4.485802,4.736210823059082
1051,907072,UNCLASSIFIED,1.927419,-0.7863978743553162
1613,753576,ESCA,4.79252,4.056291103363037
1614,688014,SCLC,4.331026,4.920793056488037
1912,1240160,LIHC,4.709262,4.895063877105713
1922,910691,UCEC,2.196957,2.0727548599243164
1931,687586,GBM,5.053095,5.424604415893555
1932,724868,LUAD,1.723243,1.8665080070495605
1003,1240157,LIHC,-1.261201,-1.2156147956848145
1939,909703,ALL,1.725856,2.583219528198242
1512,1299052,HNSC,6.233847,5.782153606414795
1060,1331032,DLBC,-1.022234,-0.006542623043060303
1618,905990,OV,4.712285,4.5390520095825195
1925,1240219,PAAD,5.787633,6.372914791107178
1190,907064,UNCLASSIFIED,-0.08467,1.0231750011444092
1559,906832,DLBC,-2.252379,-3.562553644180298
1190,909721,LUAD,1.662294,1.0399366617202759
1941,946357,UNCLASSIFIED,-5.777276,-1.8856017589569092
1620,1659823,COREAD,5.782555,5.68996524810791
2048,949179,NB,-2.989709,-2.65899395942688
1630,906693,PAAD,3.35134,3.7192697525024414
1007,1331032,DLBC,-5.091625,-5.461750030517578
1936,753615,MM,2.912235,2.2928483486175537
1058,909753,OV,2.535814,2.640540838241577
1511,906805,LUAD,0.006476,-0.460252046585083
1910,905962,COREAD,3.510925,2.0078279972076416
1615,1479988,OV,6.126155,5.521313190460205
1179,1240166,UNCLASSIFIED,-1.11556,-0.31873178482055664
1054,949155,UNCLASSIFIED,1.944379,1.092716932296753
1068,907274,DLBC,1.249609,0.919574499130249
1626,1480364,OV,1.108961,1.8830959796905518
1168,1298348,LUAD,0.174693,0.02583867311477661
1088,907172,SKCM,1.221941,2.651758909225464
1557,1240123,COREAD,5.230116,4.699082851409912
1561,910850,LIHC,5.158711,4.684012413024902
1598,687459,BLCA,4.914443,4.70155668258667
2043,1298358,STAD,5.873974,6.046903133392334
2109,1240145,LUAD,2.369598,2.1769156455993652
2096,946361,UNCLASSIFIED,2.249018,1.7763667106628418
1849,924100,PRAD,-1.05824,-1.1621239185333252
1626,1290455,LAML,-2.176859,-0.7916420102119446
1940,907295,SCLC,3.512654,4.2349138259887695
2043,1330964,SCLC,5.581813,4.621216297149658
1618,906790,STAD,3.059828,3.089409112930298
1179,749714,BRCA,2.130885,2.0263819694519043
1168,1240149,UNCLASSIFIED,2.686148,2.4015374183654785
2111,1503368,ESCA,4.857835,5.039889335632324
2096,909262,UNCLASSIFIED,2.933129,2.3947038650512695
1631,906847,UNCLASSIFIED,1.526185,3.0755465030670166
1593,905940,LCML,2.672583,1.2856719493865967
2106,1240218,PAAD,7.55233,6.300459861755371
1630,1503370,LUAD,2.086718,2.0782740116119385
1239,909750,LGG,2.064477,1.618023157119751
1168,749711,BRCA,2.462572,3.283698320388794
1578,687829,UNCLASSIFIED,6.041106,5.1845808029174805
1046,753583,HNSC,3.405005,2.947350263595581
2045,753585,KIRC,4.776209,3.622652053833008
1873,908461,STAD,1.045927,0.6031084060668945
1004,1298226,LUSC,-4.963075,-4.126379013061523
1372,1240216,LIHC,1.189687,1.478837251663208
1239,910916,HNSC,-0.373558,0.9940415024757385
1915,907280,LAML,2.339365,2.2205748558044434
1913,910935,DLBC,3.53594,3.6852612495422363
2046,905937,COREAD,3.517223,2.52382230758667
1924,998184,ALL,-1.462298,-1.3614356517791748
1549,925340,STAD,6.096691,5.0517191886901855
1627,908460,LUAD,5.016605,5.278354167938232
1613,971773,UNCLASSIFIED,2.242238,1.4579544067382812
1057,684052,UNCLASSIFIED,-2.824857,-2.964057445526123
1922,905955,SKCM,1.672001,2.362154245376587
1089,906833,MB,2.042374,2.887218475341797
1199,1330995,DLBC,2.601927,3.19968843460083
1179,1322218,UNCLASSIFIED,-1.291719,-0.9081746935844421
2045,907313,GBM,5.575737,4.517642974853516
2043,905958,ALL,4.683169,4.114095211029053
2109,907066,BLCA,4.475528,3.1527822017669678
1913,905967,LUAD,5.316388,5.021826267242432
1613,753589,SCLC,4.312193,4.720734119415283
1598,909755,COREAD,4.749568,3.933582305908203
1004,905975,SKCM,-4.375594,-4.539000034332275
1006,905944,LUAD,1.753285,2.703258991241455
1372,753573,ESCA,0.397515,0.005114495754241943
1931,998189,COREAD,5.309216,6.166179656982422
1051,1299052,HNSC,1.10563,3.2646279335021973
1010,1503367,ESCA,4.183112,3.843027353286743
1924,1240142,LUSC,2.598774,2.130924701690674
1372,1295740,ALL,1.652327,1.3264811038970947
1073,688026,SCLC,7.274448,5.894655704498291
2109,908158,UNCLASSIFIED,1.621672,1.7824549674987793
1036,1290455,LAML,5.250147,3.616734027862549
1054,1290795,UNCLASSIFIED,3.737451,4.073415279388428
1052,924106,BRCA,0.905326,1.6091954708099365
1088,908149,UNCLASSIFIED,2.371989,1.9140052795410156
2045,907322,UNCLASSIFIED,4.049523,4.163456439971924
1932,905974,SKCM,1.631096,1.5518691539764404
1618,909747,COREAD,4.650409,6.49621057510376
1855,909263,COREAD,6.471656,5.317419528961182
1578,909707,UNCLASSIFIED,5.792375,5.573892593383789
1922,910904,HNSC,4.317716,2.086561679840088
1997,1330993,PRAD,4.032086,3.549494504928589
1560,1298169,KIRC,4.657058,4.119778633117676
1007,1240127,UCEC,-3.79073,-3.5077784061431885
1852,906832,DLBC,4.980311,4.279496192932129
1013,925341,UNCLASSIFIED,4.117553,2.9716427326202393
1049,909257,OV,3.934979,3.2026100158691406
1911,906808,SCLC,-1.825398,-3.022066831588745
1916,910930,DLBC,2.757777,2.075701951980591
1613,1503361,ESCA,3.626358,3.1010501384735107
1933,909785,UNCLASSIFIED,2.148421,2.2590091228485107
1940,905935,PRAD,4.653367,4.230422019958496
1013,908462,MESO,3.412362,3.69108510017395
1622,907323,UNCLASSIFIED,2.879668,3.0665512084960938
2043,906864,THCA,5.878966,5.118929386138916
1629,909716,UNCLASSIFIED,5.03376,4.479464530944824
1853,909761,COREAD,4.768429,3.9795074462890625
1910,905960,BRCA,1.555757,2.7969088554382324
1617,1331033,DLBC,0.452978,0.2271611988544464
1926,908454,UNCLASSIFIED,-0.189269,-0.5721583962440491
1553,917486,COREAD,5.486291,3.541804552078247
1941,1240226,SKCM,-3.214877,-4.4226579666137695
1022,906818,SKCM,-1.023507,0.8588712811470032
1080,1303912,UNCLASSIFIED,-1.862562,-2.4668567180633545
1635,1503365,ESCA,6.576496,6.601658821105957
1010,687505,CESC,2.191288,1.9454448223114014
1237,1240189,SCLC,4.790785,4.352434158325195
1199,910922,KIRC,4.062316,3.624372959136963
2047,907060,UNCLASSIFIED,-0.158404,2.62939190864563
1529,905950,KIRC,-0.084693,-2.1699459552764893
1054,909756,UNCLASSIFIED,6.064244,3.896665096282959
1058,910548,OV,1.035307,1.7978851795196533
1910,930083,THCA,4.963304,3.9469337463378906
1012,687807,LUAD,2.698101,3.968424081802368
1617,910904,HNSC,2.329893,2.3979270458221436
1510,1327771,LCML,2.435506,3.6062140464782715
1022,906836,UNCLASSIFIED,-2.862395,-2.5019330978393555
1011,1298359,ESCA,2.957781,3.33659291267395
1007,1290769,COREAD,-2.658199,-3.030827760696411
1011,1331037,DLBC,-1.160515,-0.5178554654121399
1060,688087,NB,-0.207142,-0.9314004778862
1855,1660034,COREAD,4.628123,4.718801021575928
1625,909755,COREAD,5.79222,5.5501604080200195
1511,1247871,ALL,-3.192326,-2.548527717590332
1786,1298357,STAD,5.794826,5.1450958251953125
1032,909904,PAAD,2.535585,2.83947491645813
1996,1290724,HNSC,4.553965,3.908283233642578
1046,687995,SCLC,2.356597,1.7221627235412598
2111,907792,COREAD,6.674771,5.682990550994873
1180,907053,LAML,-3.347971,-3.5616793632507324
1250,905949,LUAD,1.071841,1.2601113319396973
1924,906839,GBM,3.090216,4.035694122314453
1051,753552,BLCA,3.363984,2.4707753658294678
2048,1240187,LUAD,-2.803886,-3.4605863094329834
1624,907057,LIHC,3.139703,3.131096839904785
1093,753621,ESCA,5.747863,4.540238857269287
1799,910688,LAML,3.900247,3.013336420059204
1375,1240197,OV,7.27593,6.844139575958252
1853,907792,COREAD,5.616871,5.156322479248047
1073,909780,BLCA,3.559024,3.6576106548309326
1626,907042,LGG,1.321837,1.312424659729004
1911,908446,STAD,-5.615075,-6.8151021003723145
1084,1503365,ESCA,-2.201337,-1.798407793045044
1237,1240181,NB,5.213139,4.7411017417907715
1926,1327766,MM,3.769315,0.6959356665611267
1852,1327774,UNCLASSIFIED,3.526767,3.30243182182312
1510,906821,PAAD,4.380818,4.329631805419922
1190,906875,NB,-1.975223,-2.381214141845703
1630,907313,GBM,2.470989,3.767418146133423
1083,1298537,LUAD,3.730537,3.1625607013702393
1022,906831,UNCLASSIFIED,-0.726685,-1.3331482410430908
1199,906820,NB,3.466249,3.761234760284424
1131,713880,SCLC,3.018142,4.513299942016602
1168,905979,KIRC,2.592811,3.0345633029937744
1003,907317,ESCA,-2.836104,-2.8437047004699707
1131,909731,UNCLASSIFIED,2.710352,4.2924323081970215
1168,1295741,MM,2.471589,2.0860514640808105
1060,905935,PRAD,2.442201,1.8589041233062744
1239,905940,LCML,0.508242,2.10681414604187
1060,1299064,ESCA,-0.277051,0.001444786787033081
1180,1240197,OV,-0.188617,-1.5606157779693604
1068,910942,UNCLASSIFIED,0.37478,0.9827669858932495
1915,1479987,OV,2.17579,2.158609628677368
1004,910943,GBM,-1.481524,-2.853177547454834
1007,905980,KIRC,-2.71316,-2.860399007797241
1239,1240202,LUAD,3.89138,3.6946699619293213
2040,946358,ALL,1.487225,0.5806292295455933
1617,1297446,ALL,-0.837454,0.29956313967704773
2107,1290795,UNCLASSIFIED,5.870276,5.162073135375977
1003,909716,UNCLASSIFIED,-1.662694,-2.542415142059326
1036,753618,NB,3.854314,4.240701675415039
2109,1298146,LIHC,3.051197,2.917619228363037
1618,907276,STAD,1.386997,2.853102207183838
1011,909975,UNCLASSIFIED,3.44281,3.66402268409729
2044,946361,UNCLASSIFIED,5.332353,3.5195870399475098
1915,753618,NB,2.236051,2.018019199371338
2048,906869,STAD,-2.074505,-2.359459400177002
1625,905967,LUAD,5.46824,5.0278120040893555
1849,909262,UNCLASSIFIED,-2.299668,-2.0636684894561768
1511,1298529,HNSC,-0.137036,-0.9316278100013733
1091,908150,MESO,1.477637,1.9000344276428223
1259,1240167,ESCA,2.789452,2.7462942600250244
1199,909728,LUSC,4.557782,4.07310152053833
1237,1330931,LCML,4.37667,4.357428073883057
1578,910951,LCML,2.666693,3.4270365238189697
1922,909704,BLCA,0.342531,2.1701948642730713
1022,1290905,BRCA,3.069879,3.1435976028442383
1250,910706,UNCLASSIFIED,-0.50651,-0.9292095303535461
1799,906800,UNCLASSIFIED,3.209795,4.170153617858887
1936,908447,NB,2.741686,2.7419919967651367
1073,924250,STAD,8.184129,7.529335975646973
1564,1290795,UNCLASSIFIED,2.452504,2.3797767162323
2045,753565,SCLC,4.756282,3.928286075592041
1239,687816,LUAD,3.47797,3.335397481918335
1873,910691,UCEC,1.05983,0.8411357998847961
1034,908159,UNCLASSIFIED,-2.419133,-4.364753723144531
1068,753538,HNSC,0.05081,1.1642193794250488
1917,909728,LUSC,2.919898,2.210195779800415
1627,906693,PAAD,3.23299,2.9420173168182373
1932,687568,GBM,2.060358,4.189635276794434
1564,753612,MM,4.185504,4.234165191650391
1248,909732,UNCLASSIFIED,-5.904853,-4.619252681732178
1372,687819,LUAD,2.72128,2.245265007019043
1627,1298533,PAAD,2.247373,2.5486881732940674
1249,909740,COREAD,4.035142,4.210356712341309
1853,1297447,MM,3.261079,3.423945188522339
1032,1299064,ESCA,0.377401,-1.3056414127349854
1005,1298537,LUAD,4.505269,4.362188339233398
1912,1298529,HNSC,3.046752,3.333488941192627
1578,1298538,LUSC,5.912495,5.652673721313477
1613,687787,LUSC,4.727105,4.09637975692749
1622,753583,HNSC,4.414644,4.154946327209473
1941,907042,LGG,-4.173794,-5.118405342102051
1621,753576,ESCA,6.153125,5.522279262542725
1919,906846,UNCLASSIFIED,1.938833,1.6944661140441895
1372,749714,BRCA,1.249477,1.0780490636825562
1085,924104,THCA,2.53145,3.0160040855407715
2111,908148,LAML,1.955865,1.0066924095153809
1932,924244,LUAD,2.584122,2.258920907974243
1083,906828,THCA,4.134173,3.5199592113494873
1177,906798,BLCA,4.690389,3.4937450885772705
1786,924102,THCA,2.775515,3.5977301597595215
1912,906808,SCLC,4.002603,4.014063835144043
1180,946382,BRCA,-1.840057,-3.045417070388794
1855,907047,UNCLASSIFIED,3.290689,3.569803237915039
1129,749715,BRCA,3.687587,4.119560241699219
1004,906790,STAD,-5.344445,-5.6725687980651855
1011,908148,LAML,1.747426,-0.8591386675834656
1922,1240127,UCEC,2.632682,3.6438095569610596
1909,909757,COREAD,2.669374,3.2758960723876953
2106,1298529,HNSC,4.686793,4.273870468139648
1559,907322,UNCLASSIFIED,-2.770867,-2.568744659423828
1053,909262,UNCLASSIFIED,2.192586,2.4044106006622314
1177,905984,LGG,2.341442,2.976073980331421
1932,908447,NB,0.744929,0.9528300166130066
1373,924110,UNCLASSIFIED,1.882988,3.883870840072632
1909,1240198,OV,2.586347,2.909914255142212
1916,687983,SCLC,2.96394,2.6734704971313477
1259,905948,KIRC,3.253317,3.9006614685058594
1052,1298157,BRCA,3.041711,3.1268789768218994
1131,909754,UNCLASSIFIED,5.432402,6.76254940032959
1908,907057,LIHC,2.667561,2.399606466293335
1922,1290730,BLCA,1.570703,1.9080243110656738
1068,688006,SCLC,2.758401,1.5153260231018066
1561,1298531,HNSC,1.451441,0.12798655033111572
1025,906851,BRCA,6.353378,5.334320545196533
1997,910549,ESCA,3.68606,3.6470625400543213
1933,1290908,LUAD,5.247689,4.3824896812438965
1068,687562,GBM,-0.30942,0.9583805203437805
1561,1240192,SCLC,3.007943,3.995814323425293
1996,909725,SKCM,4.641496,4.751789569854736
1625,910952,KIRC,4.306936,4.238185882568359
1997,909738,LIHC,3.606083,3.4527344703674316
1786,908460,LUAD,6.446576,6.25168514251709
1561,905948,KIRC,2.925075,1.7401676177978516
1924,909732,UNCLASSIFIED,3.253859,4.287254810333252
1593,753600,LUAD,3.947056,4.243987560272217
1936,684062,UNCLASSIFIED,2.549711,2.985062837600708
1576,907000,UNCLASSIFIED,2.039354,2.0946192741394043
1598,905944,LUAD,3.357022,3.1353275775909424
1093,753608,LUAD,5.058119,5.202354907989502
1621,1240132,MESO,5.90149,5.76479434967041
2169,905960,BRCA,3.366355,4.074298858642578
1940,753586,UNCLASSIFIED,4.569304,3.719851016998291
1180,909722,UNCLASSIFIED,-4.118263,-3.865323781967163
1047,908152,MESO,5.217513,4.761146068572998
1913,908136,UNCLASSIFIED,3.560081,3.904069423675537
1553,906847,UNCLASSIFIED,2.049296,1.8697097301483154
1919,905967,LUAD,-1.37718,-1.1600251197814941
1621,1327766,MM,4.229225,3.601530075073242
1613,1298218,PAAD,5.150011,4.774151802062988
1053,1298223,LUSC,3.350008,3.366569995880127
1051,687980,SCLC,0.840304,-0.1967983841896057
1855,905961,COREAD,6.249946,3.8588080406188965
1996,753600,LUAD,2.127463,4.682677268981934
1622,1298537,LUAD,4.536323,4.016444206237793
1849,906831,UNCLASSIFIED,-2.06398,-1.6813068389892578
1928,1290807,UNCLASSIFIED,4.243192,5.090697288513184
1862,687985,SCLC,-2.027896,-1.380842685699463
1049,910911,HNSC,4.927546,5.094441890716553
1621,930082,UNCLASSIFIED,4.033076,4.560960292816162
1034,1240200,OV,-2.923658,-3.1504762172698975
1004,907276,STAD,-0.70795,-1.3277802467346191
1091,949168,UNCLASSIFIED,2.326731,1.2621617317199707
2109,1299052,HNSC,2.489612,2.5388071537017822
2096,1290455,LAML,-0.306519,-0.9749411940574646
1941,907062,HNSC,-4.006693,-3.6062216758728027
1168,906765,MM,2.715908,1.8755381107330322
1529,1240187,LUAD,-0.382768,0.3937775790691376
1012,924108,COREAD,0.819261,1.6481544971466064
1622,908121,BRCA,3.806801,3.575195550918579
1849,1330947,LAML,-2.533106,-1.8296177387237549
1852,753565,SCLC,5.1706,4.671872615814209
1915,687448,SKCM,4.052425,4.120291233062744
1073,906805,LUAD,5.295702,5.757788181304932
1005,907313,GBM,4.736629,4.874754428863525
1179,1240199,OV,3.468912,3.2369933128356934
2045,687980,SCLC,4.442684,4.019383430480957
1054,687459,BLCA,5.88615,5.329259872436523
1059,906862,BRCA,-1.091506,-2.638153553009033
1615,909255,UNCLASSIFIED,3.468138,3.962824583053589
1614,909707,UNCLASSIFIED,2.377227,3.6898834705352783
1047,753608,LUAD,6.142221,5.605864524841309
1862,687588,GBM,-1.907426,-1.6956419944763184
1085,906833,MB,2.271059,1.9644994735717773
1529,1240169,GBM,-0.130813,1.4749598503112793
1022,910849,UNCLASSIFIED,-0.629131,-0.017285078763961792
1629,905952,ALL,3.227065,3.034860134124756
1060,1290808,MESO,3.147688,1.5345139503479004
1088,1240210,UNCLASSIFIED,2.631747,3.2802798748016357
1005,909779,UNCLASSIFIED,3.497861,4.423187255859375
2044,906870,LAML,5.300319,2.350385904312134
1996,908441,,2.888072,3.480015516281128
1564,1240135,MESO,2.500362,2.513258218765259
1060,905939,COREAD,-2.690403,-3.5460317134857178
1624,909785,UNCLASSIFIED,0.089318,0.9745405316352844
1375,907269,CLL,2.305037,3.3213624954223633
1054,909777,UNCLASSIFIED,2.004444,1.6682193279266357
1924,909761,COREAD,2.163959,3.247837543487549
1854,749717,BRCA,5.480025,5.1860198974609375
2043,1298216,PAAD,4.781768,5.234175205230713
1054,924100,PRAD,2.828738,2.6982386112213135
1786,910937,SCLC,3.650248,2.476374626159668
1259,1297446,ALL,0.878779,2.709099054336548
1564,753547,SCLC,3.439971,3.1544880867004395
1799,905965,UNCLASSIFIED,3.356277,3.5627293586730957
1910,949164,UNCLASSIFIED,-0.343972,0.38415074348449707
1168,1331032,DLBC,3.082854,2.0120813846588135
1049,909744,ACC,3.775263,2.737267255783081
1005,909718,COREAD,-0.589043,1.4503085613250732
1007,906853,UNCLASSIFIED,0.344276,-2.1130456924438477
1786,753600,LUAD,2.48787,3.385291576385498
1006,1298539,UNCLASSIFIED,4.700943,4.1641926765441895
1618,908159,UNCLASSIFIED,2.092321,2.943286418914795
1618,909974,KIRC,5.755682,5.282398700714111
1060,722046,LUAD,-2.280791,-1.572960376739502
1629,910704,BRCA,5.036591,4.135068893432617
1635,724839,CESC,6.850151,6.2007060050964355
1068,946361,UNCLASSIFIED,1.954551,1.448718547821045
1936,907790,COREAD,3.409797,2.8856170177459717
1598,1240168,GBM,4.756288,4.483741283416748
1925,1240168,GBM,3.894813,4.956940174102783
2044,909746,COREAD,6.150419,5.2604146003723145
1079,1290724,HNSC,-1.256271,-1.2376322746276855
1034,724855,UNCLASSIFIED,-3.037838,-1.9682693481445312
1852,687787,LUSC,5.698462,5.378411769866943
1629,908458,COREAD,4.753249,4.600137710571289
1930,1240172,BRCA,0.242428,1.37064528465271
1620,906872,NB,6.23957,6.1344828605651855
1854,1660034,COREAD,3.808268,4.5786213874816895
1168,688013,SCLC,1.227836,2.3960659503936768
1083,906863,HNSC,3.862745,2.4794461727142334
1179,949168,UNCLASSIFIED,3.065123,2.2461938858032227
1005,909755,COREAD,5.677289,5.451259613037109
2044,908444,STAD,1.57096,2.5042850971221924
1631,905973,UNCLASSIFIED,4.485689,3.7764225006103516
1614,713899,SCLC,3.502172,3.452364921569824
1928,909250,KIRC,6.261285,5.163362979888916
1511,1240124,COREAD,-1.919644,-0.31592243909835815
2109,909769,UNCLASSIFIED,4.959383,2.522233486175537
1080,908473,LUAD,0.02236,-0.969612181186676
1003,1240219,PAAD,-2.251948,-1.6125965118408203
1084,906820,NB,-3.878084,-3.3833067417144775
1854,905934,PRAD,5.459137,5.602838039398193
1854,753623,ESCA,4.789311,4.54902458190918
1925,908483,SCLC,4.467532,4.119506359100342
1598,1299052,HNSC,4.614719,3.854768991470337
1613,905972,LUAD,4.896045,4.479329586029053
1558,909779,UNCLASSIFIED,2.522821,3.2628743648529053
1022,909720,UNCLASSIFIED,1.202352,0.5322990417480469
1005,909249,MM,1.737571,1.6597893238067627
1916,753572,PAAD,3.106979,3.463648796081543
1578,687562,GBM,4.4687,4.856194972991943
1940,906834,MB,3.701821,2.7955896854400635
1996,724868,LUAD,3.661441,3.1267783641815186
1093,753600,LUAD,5.430958,4.794753551483154
1854,910915,PAAD,5.773101,5.757230281829834
1249,909703,ALL,1.99583,2.2721102237701416
1617,909701,UNCLASSIFIED,0.676788,1.559523582458496
1630,905952,ALL,2.652784,2.9553914070129395
2045,1290922,BRCA,5.925675,4.646334648132324
1049,1240210,UNCLASSIFIED,3.625924,2.5567469596862793
1239,1299064,ESCA,1.410351,1.7851667404174805
1091,908473,LUAD,0.656392,2.0860254764556885
1259,910932,SKCM,5.123236,3.8881077766418457
1631,946360,OV,5.348585,5.0383100509643555
1083,908455,STAD,3.693707,3.230421304702759
1620,910942,UNCLASSIFIED,3.852187,4.055791854858398
1622,910947,LAML,2.716482,2.9305953979492188
1053,1298146,LIHC,5.393794,3.964568853378296
1011,1299081,SKCM,3.710994,1.497957706451416
1634,906814,SKCM,4.77962,4.096909999847412
2047,909253,LAML,0.015999,1.7872941493988037
1853,684072,UNCLASSIFIED,4.930743,3.7379977703094482
1073,907290,UNCLASSIFIED,6.962384,6.343326091766357
1549,905955,SKCM,4.300596,4.840274810791016
1191,924187,UCEC,-4.71047,-4.34114408493042
1073,1298357,STAD,7.633137,7.132017135620117
1941,1290814,MESO,-0.521354,-3.6664772033691406
2045,906869,STAD,5.454429,5.212060928344727
2043,1240146,LUAD,5.121608,6.253630638122559
2040,753576,ESCA,3.126223,1.9625630378723145
1630,910943,GBM,4.977656,4.2253007888793945
1613,908159,UNCLASSIFIED,0.897952,-0.04653137922286987
1085,909713,SKCM,2.268983,1.770754098892212
1034,1298365,OV,-2.988999,-4.068716526031494
1080,724869,PAAD,-1.31863,0.0094279944896698
1180,910695,UNCLASSIFIED,-1.336352,-1.1167943477630615
1053,1303897,DLBC,4.932775,4.656856536865234
1614,1295740,ALL,4.590244,3.091395139694214
2111,909249,MM,1.473621,2.3809077739715576
1873,1295741,MM,-0.752797,-0.17591696977615356
1564,684057,UNCLASSIFIED,3.326388,3.5858442783355713
1626,688021,SCLC,5.602884,5.968795299530029
2045,909731,UNCLASSIFIED,3.752911,3.900752305984497
1512,905942,LUAD,5.28184,4.9831156730651855
1917,753615,MM,4.164671,2.5932798385620117
1630,1331048,DLBC,2.043782,1.9685556888580322
1936,724855,UNCLASSIFIED,4.037096,3.3921945095062256
1563,910079,ESCA,5.605502,5.868504047393799
2045,909255,UNCLASSIFIED,4.582085,4.562514305114746
1373,1240153,SKCM,-3.36223,-2.029243230819702
1917,1240201,PAAD,3.979601,2.4943859577178955
1559,1331040,UNCLASSIFIED,-3.563962,-4.091210842132568
1941,905968,OV,-4.00822,-4.415441513061523
1199,905957,BRCA,3.493294,4.221940040588379
1631,684072,UNCLASSIFIED,1.940205,2.269946336746216
1996,907269,CLL,2.549355,2.154890298843384
2109,735784,ESCA,3.66456,3.527233362197876
1912,907787,ALL,1.071346,2.3334665298461914
1512,907788,PRAD,4.99758,3.9262869358062744
1927,909704,BLCA,4.895263,4.554325103759766
1598,909904,PAAD,4.557773,4.662496089935303
1909,909781,KIRC,3.335281,3.598665475845337
1549,1298226,LUSC,2.080477,3.1821916103363037
1131,946382,BRCA,2.790454,2.786985397338867
1561,905965,UNCLASSIFIED,1.423764,2.3680078983306885
1873,1240202,LUAD,1.501617,1.4575436115264893
1079,1303897,DLBC,3.122226,3.8411574363708496
1618,1240140,UNCLASSIFIED,3.427072,3.156433343887329
1259,905957,BRCA,4.335429,2.711575508117676
1549,908445,STAD,5.656258,4.738688945770264
1941,906696,THCA,-4.265017,-4.548848628997803
2043,1331048,DLBC,4.231292,3.6658802032470703
1047,906865,SKCM,4.262024,3.0842349529266357
1073,1298169,KIRC,4.947437,4.510891914367676
1190,713880,SCLC,-5.071554,-3.2671427726745605
1013,909753,OV,3.303188,4.456800937652588
1375,949090,OV,6.35355,6.6810784339904785
1053,1299081,SKCM,2.824543,2.9437906742095947
1918,906870,LAML,-0.222278,1.8704988956451416
1054,905957,BRCA,4.010133,4.409576892852783
2047,905942,LUAD,3.025822,2.1804192066192627
1786,946357,UNCLASSIFIED,0.656996,1.8862056732177734
1051,1240121,HNSC,-2.47713,0.9733043909072876
1853,906873,GBM,4.377757,5.134448528289795
1924,1322218,UNCLASSIFIED,2.701606,3.122904062271118
1996,687983,SCLC,2.758394,2.8707985877990723
1259,909754,UNCLASSIFIED,5.968485,6.733353614807129
1928,909975,UNCLASSIFIED,5.772672,5.437559127807617
1627,906863,HNSC,2.887433,2.6864912509918213
1268,1298475,PAAD,4.203602,4.141324520111084
1510,908460,LUAD,5.89444,6.576627731323242
1563,907286,PAAD,5.618245,5.993687629699707
1089,910548,OV,3.526783,4.181064605712891
1559,907311,LCML,-4.084425,-4.079154968261719
1239,1298134,CESC,0.933722,2.161165714263916
1624,1240223,THCA,3.418198,4.721909523010254
1190,753532,HNSC,-3.569069,-1.0530974864959717
1614,909755,COREAD,6.042034,5.097238063812256
1594,1290808,MESO,5.974016,5.205692768096924
1010,910781,UCEC,3.59076,3.66231632232666
1093,907061,HNSC,4.407518,4.220025539398193
1615,688010,SCLC,4.738415,4.6808857917785645
1093,1503368,ESCA,4.970907,4.596179008483887
1553,1247873,LUAD,3.622624,1.0770184993743896
1079,906826,BRCA,0.874833,1.5536549091339111
1933,1240172,BRCA,5.839141,5.2231764793396
1926,930298,CESC,-0.4411,1.3658115863800049
1996,910704,BRCA,2.671209,3.497767210006714
1931,1247871,ALL,4.598297,3.4630796909332275
1853,907285,PAAD,5.312314,4.659742832183838
1057,905974,SKCM,-2.978016,-3.097410202026367
1085,906795,THCA,3.50996,3.7231035232543945
1873,906862,BRCA,-0.007215,-0.030241549015045166
1022,1240153,SKCM,-0.788835,1.417858362197876
1598,688014,SCLC,4.40514,4.527748107910156
1853,753584,BLCA,4.654393,4.612085819244385
1614,906830,SKCM,3.021999,3.5351150035858154
1047,909769,UNCLASSIFIED,6.254209,5.477328777313232
1911,1298526,PAAD,-5.108707,-3.6922342777252197
1046,1240166,UNCLASSIFIED,-0.474998,0.7529233694076538
1096,749714,BRCA,4.818961,4.41183614730835
1372,907062,HNSC,0.829217,0.4224840998649597
1919,687452,BLCA,0.522533,0.28752613067626953
1054,949172,NB,4.3379,4.891395092010498
1593,1240208,PAAD,3.701569,2.9416308403015137
1594,906696,THCA,4.305037,4.383506774902344
1199,1240131,MESO,5.038772,5.146043300628662
1079,753612,MM,2.777448,3.6694905757904053
1010,753532,HNSC,2.387989,3.6974968910217285
1631,1331049,UNCLASSIFIED,2.885272,1.8529002666473389
2111,925347,PAAD,6.723353,6.05404806137085
2110,909702,ALL,2.71277,3.530038595199585
1511,908459,UNCLASSIFIED,1.915989,0.369100958108902
1034,905989,COREAD,-4.910237,-3.3408687114715576
1617,905970,LUAD,4.263909,4.164466381072998
1179,753539,UNCLASSIFIED,0.892645,-0.046937495470047
1373,907064,UNCLASSIFIED,4.227137,2.94089674949646
2044,1298350,LUAD,3.830779,4.111074447631836
1093,688006,SCLC,3.900927,4.136719226837158
1199,925338,BRCA,4.84283,3.5334718227386475
1624,905965,UNCLASSIFIED,0.337585,0.6749096512794495
1799,735784,ESCA,5.046471,4.022071838378906
1933,905979,KIRC,6.403328,5.321708679199219
1926,687506,CESC,0.905094,1.1261684894561768
1931,1240121,HNSC,4.892492,5.168309688568115
2046,1297446,ALL,0.118746,1.3639194965362549
1919,1240154,THCA,1.412698,2.5973026752471924
1084,925340,STAD,-0.297303,-3.417750835418701
1191,1240223,THCA,-2.266775,-2.070270538330078
1925,905991,OV,4.912478,4.348233222961426
1933,905939,COREAD,5.133473,4.131572246551514
1047,1298526,PAAD,7.140043,6.602257251739502
2111,687819,LUAD,5.232358,5.714078426361084
1911,1298146,LIHC,-0.58459,-3.1501619815826416
2111,1240226,SKCM,5.422755,4.762312889099121
1036,910691,UCEC,4.81274,4.981878757476807
1852,1240167,ESCA,4.5061,4.665518283843994
1933,908460,LUAD,8.635665,7.833221912384033
1004,910926,BLCA,-6.33378,-4.867677211761475
1908,906872,NB,3.927987,2.232250928878784
1853,907169,SKCM,3.225734,4.179544448852539
1012,1290810,MESO,2.241364,2.6153671741485596
1512,1240193,SCLC,4.613488,4.488332748413086
1510,688006,SCLC,3.819937,4.384828090667725
2107,1298475,PAAD,6.018714,5.739778995513916
1237,909707,UNCLASSIFIED,5.298467,5.31458044052124
1054,1298223,LUSC,4.389385,3.9694318771362305
1190,688027,SCLC,0.013884,0.9733400344848633
1199,687562,GBM,2.683838,3.2550456523895264
1051,907055,STAD,-1.324722,1.8325865268707275
1199,1240202,LUAD,4.509618,4.41310453414917
1073,907172,SKCM,5.584529,5.480920791625977
1068,687787,LUSC,2.290524,1.4389050006866455
1930,908460,LUAD,5.21579,4.685539722442627
1259,906865,SKCM,3.02965,3.4231674671173096
1558,1240134,MESO,1.930795,3.23179030418396
1930,949153,ALL,-0.573557,-0.2155134081840515
1190,1290808,MESO,2.700372,0.6561083793640137
1578,724855,UNCLASSIFIED,5.295521,5.470026969909668
1005,1331039,UNCLASSIFIED,1.123838,1.3041367530822754
1621,687455,BLCA,3.994179,4.585023403167725
1239,688006,SCLC,2.501927,1.5768990516662598
1622,906793,SKCM,3.924799,4.376415729522705
1624,909731,UNCLASSIFIED,2.288723,2.9521665573120117
1618,906835,GBM,6.224038,6.005319595336914
1088,906855,LCML,0.481316,1.3911752700805664
1627,910569,COREAD,2.196513,2.514082193374634
1250,1330987,UNCLASSIFIED,-0.678513,-0.5261578559875488
1909,909779,UNCLASSIFIED,2.147597,1.2011404037475586
1088,908130,UCEC,3.083931,3.4597041606903076
1510,910781,UCEC,3.880449,3.2782270908355713
1620,1674021,COREAD,6.188396,5.253641128540039
1910,1240219,PAAD,4.1579,3.194389820098877
1093,909720,UNCLASSIFIED,4.354229,4.436814785003662
1933,910924,STAD,5.04413,4.3630547523498535
1200,688010,SCLC,2.717187,2.3037109375
1873,905969,OV,1.281834,0.9773142337799072
1180,907058,SKCM,-2.662739,-3.164336681365967
1852,688011,SCLC,3.909314,4.973390102386475
1049,1240153,SKCM,3.861629,3.5610623359680176
1068,1240222,OV,0.456205,1.3352468013763428
1085,1240190,LUAD,3.203446,3.3327536582946777
1625,910919,DLBC,2.457386,2.999315023422241
1180,907320,ESCA,-3.677925,-3.053783893585205
1941,688027,SCLC,-6.566238,-5.865799427032471
1912,905965,UNCLASSIFIED,0.578992,1.8067963123321533
1200,735784,ESCA,4.002619,3.1548197269439697
2048,1240166,UNCLASSIFIED,-5.007486,-4.965234279632568
2043,724868,LUAD,3.695152,4.568544864654541
1249,1290722,THCA,3.800817,3.801753520965576
1013,722046,LUAD,2.327551,2.7920312881469727
1618,1290905,BRCA,5.811837,5.796387672424316
1617,753615,MM,1.300669,1.2981517314910889
1131,906805,LUAD,5.461535,4.246738910675049
1917,924110,UNCLASSIFIED,2.306835,2.125321388244629
1560,908142,UNCLASSIFIED,1.625714,2.862429141998291
1933,688027,SCLC,3.677477,3.254645347595215
1560,1297449,DLBC,2.859996,2.518925666809082
1593,949094,GBM,3.198862,3.264888048171997
1561,908447,NB,1.751004,1.9918098449707031
1248,753572,PAAD,-4.260299,-3.62271785736084
1060,924100,PRAD,0.641888,1.8018989562988281
2044,722066,LUAD,3.362113,3.661712169647217
1093,905960,BRCA,4.281477,4.406270980834961
1046,687777,LUAD,5.450709,2.765664577484131
1549,1509073,KIRC,3.556844,4.170614719390869
1511,909718,COREAD,-1.364591,-1.1752722263336182
1060,910924,STAD,0.04408,-1.1691615581512451
1786,907064,UNCLASSIFIED,2.228483,3.4865798950195312
1049,1327775,MM,3.692189,2.8140769004821777
1194,910569,COREAD,2.383712,1.9862403869628906
1131,1330993,PRAD,3.126553,3.468947410583496
1549,1330973,SCLC,5.755244,5.328360080718994
2043,907295,SCLC,4.69537,4.874691486358643
2044,907058,SKCM,2.385382,3.310004234313965
1046,907169,SKCM,1.536918,2.0538463592529297
1249,908467,UNCLASSIFIED,2.801605,2.81425404548645
2040,1290795,UNCLASSIFIED,-0.106651,1.3461904525756836
1003,1330931,LCML,-2.731621,-4.047119617462158
1191,907047,UNCLASSIFIED,-4.840627,-5.151585578918457
1012,907051,UCEC,1.790803,2.4500010013580322
1512,910941,NB,5.25185,4.841308116912842
1373,907320,ESCA,5.6423,4.856217384338379
1922,906869,STAD,2.046294,1.8511691093444824
1563,909720,UNCLASSIFIED,5.233715,5.415045261383057
1034,724825,MM,-4.887193,-4.387929916381836
2111,908443,LUSC,3.988632,4.3222270011901855
1918,1298219,UNCLASSIFIED,4.839402,4.1871113777160645
1268,907269,CLL,3.416228,3.951603651046753
1910,687452,BLCA,2.631881,2.3039236068725586
1375,946359,BRCA,8.260509,8.002172470092773
1005,908144,LGG,5.148468,5.2067718505859375
1853,724859,LUAD,4.041734,4.049483299255371
1625,905958,ALL,4.909996,4.324520111083984
1631,924240,BRCA,2.726918,4.634352207183838
1372,909976,UNCLASSIFIED,2.08247,1.8133234977722168
1925,1299070,OV,3.96889,4.834769248962402
1259,1290814,MESO,5.388859,3.9990570545196533
1510,907061,HNSC,4.168567,3.503870725631714
1200,908444,STAD,2.403364,2.4732964038848877
1862,753555,ESCA,-1.794178,-1.882411241531372
1996,1240167,ESCA,3.692572,3.6554229259490967
1576,753584,BLCA,2.894229,2.6057870388031006
1564,908476,LUAD,0.686338,-0.04376637935638428
1089,910689,COREAD,7.732721,7.088221549987793
1057,1240217,LIHC,-1.748752,-1.8856251239776611
1615,1330941,BRCA,5.681832,5.504922389984131
2111,1298151,LIHC,4.214578,5.269213676452637
1511,910852,BRCA,0.529591,-0.034588634967803955
2110,1240159,LIHC,5.214093,5.063401699066162
1131,910944,ALL,2.594414,1.9013187885284424
1510,749714,BRCA,5.428731,4.279265880584717
1180,924244,LUAD,-2.232197,-2.951350212097168
1036,1298352,UNCLASSIFIED,8.345098,6.546218395233154
1560,1240201,PAAD,5.326873,4.704873561859131
1622,688021,SCLC,4.435847,5.5400309562683105
1634,1330950,MM,4.328039,3.247312068939209
1012,905933,OV,2.419501,1.5653882026672363
1372,753566,BLCA,2.521118,2.1936957836151123
1088,1240162,HNSC,2.562024,3.3748703002929688
1910,908471,UNCLASSIFIED,2.177371,2.249088764190674
1007,1240141,MESO,-2.392773,-3.090892791748047
2044,687995,SCLC,2.262763,2.63181734085083
1025,1660034,COREAD,5.248294,4.244729518890381
1626,949177,NB,1.768817,2.534848690032959
1057,909779,UNCLASSIFIED,-2.048445,-0.4504808187484741
1248,946382,BRCA,-3.425445,-2.9603259563446045
1576,1509073,KIRC,3.085438,2.973837375640869
1624,1240226,SKCM,3.325085,4.753633975982666
1129,907045,BRCA,4.619796,2.5860414505004883
1088,1290922,BRCA,3.993548,4.164792060852051
1068,1503371,ESCA,2.816122,2.479792594909668
1088,905935,PRAD,2.31772,3.061824083328247
1057,908446,STAD,-2.331882,-2.0036187171936035
1012,906863,HNSC,2.141744,1.707019329071045
1010,909250,KIRC,4.390378,3.799013376235962
1507,924105,UNCLASSIFIED,3.288161,4.317376613616943
1010,753547,SCLC,3.361229,2.7829809188842773
1068,949171,NB,1.952629,0.841428279876709
1621,1290908,LUAD,3.449717,4.126655578613281
1054,909737,LIHC,3.903458,3.8507280349731445
1799,753600,LUAD,5.66726,4.808924674987793
1549,908141,LAML,3.6454,3.4792516231536865
1613,908131,UNCLASSIFIED,5.113956,4.5549750328063965
1375,1299050,HNSC,5.748866,6.655479907989502
1908,687780,UNCLASSIFIED,2.792907,1.8446767330169678
1915,724825,MM,2.375614,2.206178665161133
1918,1503365,ESCA,3.559616,3.4108283519744873
1853,924105,UNCLASSIFIED,5.488069,4.579042434692383
1939,908149,UNCLASSIFIED,3.6087,2.5532026290893555
1930,687506,CESC,0.675907,-0.004385411739349365
1179,1322212,SCLC,0.65852,0.43204736709594727
1939,1240132,MESO,6.226418,5.134418487548828
1911,1330973,SCLC,-0.690802,-0.8908982872962952
1915,1240197,OV,3.77286,4.147525787353516
1635,909745,GBM,5.84005,5.489418983459473
1010,909753,OV,4.794241,4.325829982757568
1510,909977,UNCLASSIFIED,4.903703,5.204936981201172
2045,724834,LUAD,5.206336,5.727611541748047
1051,907173,MESO,2.382722,2.052964448928833
2106,1330993,PRAD,3.055987,2.9052202701568604
1598,713880,SCLC,2.606826,2.8946006298065186
1200,925343,UNCLASSIFIED,3.178372,3.561978340148926
1558,1330942,LAML,3.80309,4.317084789276123
1529,1298533,PAAD,0.227556,0.6765626668930054
1634,909721,LUAD,6.31785,5.265554904937744
1996,1298476,PAAD,5.578359,5.841094017028809
1259,753563,MM,0.339555,-0.6387072205543518
1004,1298218,PAAD,-1.592809,-0.6055946946144104
1511,1240186,SCLC,2.41244,3.388665199279785
1873,910903,SKCM,0.488585,0.3304247558116913
1239,905989,COREAD,0.878513,2.048036575317383
1916,909781,KIRC,4.631022,4.667295455932617
1085,910546,PAAD,3.195842,2.59431791305542
1629,688058,MESO,4.768392,5.631913661956787
1557,908440,NB,4.347732,4.603155136108398
1911,1330947,LAML,-8.452436,-7.432729721069336
1057,905960,BRCA,-2.076579,-2.015259265899658
1614,907314,NB,5.193039,3.7329185009002686
1924,753583,HNSC,3.810545,3.6933600902557373
1089,753556,LUSC,3.441458,3.890347957611084
1915,907320,ESCA,0.197031,-0.15241456031799316
1862,910932,SKCM,-1.882101,-2.152695894241333
2043,906790,STAD,4.925836,4.572615623474121
1924,688025,SCLC,3.908167,4.12658166885376
1034,909778,BRCA,-2.277563,-2.525811195373535
1634,906696,THCA,3.643972,3.5234646797180176
1060,906763,ALL,-0.506167,-0.38202357292175293
1911,908455,STAD,-4.887315,-5.887800693511963
1928,724879,LUSC,5.818182,5.259078502655029
1553,907065,BLCA,1.265114,3.177673101425171
1915,949155,UNCLASSIFIED,2.48567,2.351619243621826
1930,930297,CESC,1.299154,1.7652688026428223
1909,1480362,OV,4.189076,2.857562780380249
1510,907285,PAAD,2.967335,3.818354368209839
1073,1240129,OV,7.104364,6.35125207901001
1931,1240221,UNCLASSIFIED,4.679835,4.563024044036865
1060,1240155,STAD,0.195433,0.9593886733055115
1910,1240196,HNSC,4.938831,3.1244590282440186
1091,906877,ALL,0.261921,2.4981822967529297
1168,910936,HNSC,-1.430074,-0.36739587783813477
1926,753589,SCLC,3.450944,2.953970193862915
1511,753612,MM,1.135699,-0.3714595437049866
1054,684052,UNCLASSIFIED,2.233636,2.5278384685516357
1079,907795,COREAD,2.088014,2.455214262008667
1852,1299075,PRAD,5.719275,5.548545837402344
1614,1290922,BRCA,3.88785,3.402388572692871
1022,1322218,UNCLASSIFIED,-1.318866,-1.2459161281585693
1917,1331032,DLBC,2.2235,0.9855306148529053
1089,687798,LUAD,4.837487,3.9125914573669434
1624,1240181,NB,1.027749,0.41493362188339233
1239,1240127,UCEC,2.886154,2.795337200164795
1614,1299050,HNSC,3.951825,3.7187137603759766
1933,1240186,SCLC,4.457807,5.118607521057129
1054,1240149,UNCLASSIFIED,2.21736,1.868335247039795
1079,687812,LUAD,-1.687975,-0.9004246592521667
1511,687995,SCLC,-2.416449,-2.0843124389648438
2045,1298476,PAAD,8.309232,6.756822109222412
1631,908142,UNCLASSIFIED,0.672395,1.6092886924743652
2043,753592,LUAD,4.319144,4.7935872077941895
1250,724831,UNCLASSIFIED,1.365237,2.380300760269165
1168,910548,OV,3.054765,3.5089755058288574
1079,910937,SCLC,2.954719,3.309081792831421
1373,1240167,ESCA,5.172231,3.851213216781616
1853,753575,ESCA,5.674943,5.494781970977783
2111,1503371,ESCA,5.093219,4.449613571166992
1626,1290722,THCA,2.047324,2.5505125522613525
1036,908143,UNCLASSIFIED,5.112014,4.930094242095947
1563,908142,UNCLASSIFIED,4.47868,4.533850193023682
1511,910935,DLBC,-4.121113,-3.522608518600464
1630,910926,BLCA,2.922043,2.5805885791778564
1561,1298529,HNSC,3.042003,3.1620841026306152
1922,909759,UNCLASSIFIED,2.189923,1.6217677593231201
1930,909717,UNCLASSIFIED,0.095011,-0.4363313317298889
1634,1299070,OV,3.537961,3.0139193534851074
1557,910934,DLBC,4.356996,4.076236248016357
1549,1298350,LUAD,1.337327,0.316995233297348
1249,906873,GBM,2.995997,2.9629859924316406
1089,905937,COREAD,2.161643,2.2580502033233643
1005,908474,UNCLASSIFIED,5.329051,1.7232813835144043
1933,1240216,LIHC,4.763054,5.181114673614502
1620,1240130,SKCM,4.159219,4.402257919311523
2040,907287,COREAD,0.678663,0.8136788606643677
1910,687514,CESC,2.103416,2.4155900478363037
1855,1290807,UNCLASSIFIED,6.826302,6.02401876449585
1922,925346,PAAD,3.362534,2.3291232585906982
1200,1479987,OV,2.053366,2.753471612930298
1259,909255,UNCLASSIFIED,2.058919,0.8141124248504639
1996,909721,LUAD,6.779268,4.552974700927734
2044,753575,ESCA,4.197467,4.320234775543213
1529,1290769,COREAD,2.519393,2.0962696075439453
1549,753538,HNSC,0.006154,0.9960123896598816
1561,753608,LUAD,2.207055,0.5795011520385742
1634,905975,SKCM,5.221212,4.389484882354736
1614,910546,PAAD,3.417492,4.2632856369018555
1631,1330995,DLBC,4.583288,3.366083860397339
1268,907320,ESCA,5.003528,4.643054962158203
1012,1240218,PAAD,6.033335,3.66454815864563
1563,1240168,GBM,5.096962,5.629814624786377
1005,1240210,UNCLASSIFIED,3.708452,3.5697500705718994
1177,924238,THCA,3.026193,3.6706948280334473
1598,687561,GBM,3.566074,4.7487874031066895
1559,713899,SCLC,-0.305991,-2.229092597961426
1200,909702,ALL,0.499842,2.0451724529266357
1913,1290810,MESO,6.239029,5.489534854888916
1507,1240122,HNSC,5.177374,5.085277557373047
1511,908443,LUSC,0.89857,-1.391425371170044
1558,909746,COREAD,3.150247,3.8054544925689697
1635,1240217,LIHC,4.228312,4.851956367492676
1931,1330950,MM,4.394738,3.62343168258667
1553,906838,UNCLASSIFIED,3.1726,1.7790615558624268
1051,688086,NB,-2.54506,-1.8194074630737305
1080,908460,LUAD,1.679558,2.0933380126953125
1191,1240226,SKCM,-5.204245,-4.163959980010986
1248,909780,BLCA,-6.068411,-4.3463358879089355
1924,909755,COREAD,4.605532,4.855750560760498
1931,753561,HNSC,5.289889,5.321628570556641
1507,909774,UNCLASSIFIED,6.414807,4.9558892250061035
1239,949178,NB,1.210997,0.5715421438217163
1549,909264,UNCLASSIFIED,5.293195,4.6375203132629395
1372,909721,LUAD,0.302654,0.10538572072982788
1080,1303900,BRCA,-0.562589,-1.8579187393188477
1622,753592,LUAD,4.232342,4.248990058898926
1917,1303900,BRCA,3.816773,3.46290922164917
1931,907314,NB,5.86088,4.05206298828125
1622,949160,UNCLASSIFIED,4.053781,3.761221408843994
1179,909746,COREAD,1.981347,1.4545385837554932
1618,724859,LUAD,3.457336,4.179994106292725
2043,1503365,ESCA,6.81856,7.080195426940918
1918,910952,KIRC,-0.633664,0.5206639170646667
1239,907064,UNCLASSIFIED,1.509989,3.2390778064727783
1012,908129,UCEC,3.161835,1.788728952407837
1924,906871,LGG,3.339833,3.192645311355591
1564,1240187,LUAD,2.204234,1.7009897232055664
1997,906865,SKCM,3.400509,3.6827685832977295
1620,1290813,MESO,4.56323,5.015621185302734
1190,906863,HNSC,-3.729282,-3.9028565883636475
1032,1298216,PAAD,2.149027,2.6786980628967285
1013,910691,UCEC,2.419823,3.105250358581543
1916,1298216,PAAD,4.595392,3.8596508502960205
1080,907291,COREAD,-4.80818,-3.5445380210876465
1630,908151,BRCA,4.488501,4.60423469543457
1559,753618,NB,-1.544012,-2.2458739280700684
1190,909719,LIHC,1.21178,-1.9974496364593506
1622,688011,SCLC,5.326862,3.513850212097168
1561,924105,UNCLASSIFIED,-1.202055,-1.6242156028747559
1852,1240158,LIHC,5.823762,5.605031967163086
1199,905968,OV,2.709696,2.504014730453491
1051,946382,BRCA,3.675519,3.238661527633667
1237,1240157,LIHC,6.232116,5.333090782165527
2043,753623,ESCA,4.27068,5.0762248039245605
1177,910851,UNCLASSIFIED,4.638282,4.335483551025391
1091,909723,SKCM,5.526929,3.8584158420562744
1131,1503364,STAD,6.310301,4.264603137969971
2043,687780,UNCLASSIFIED,6.10999,5.525389671325684
1068,908127,UNCLASSIFIED,1.644491,0.8135741353034973
2109,908148,LAML,1.067172,1.4871807098388672
1854,907072,UNCLASSIFIED,4.672066,4.206910610198975
1049,906821,PAAD,4.75796,4.719492435455322
1910,910937,SCLC,0.068197,-0.872592031955719
1618,908123,BRCA,2.418085,2.287635087966919
1088,909749,BLCA,4.665315,4.301825046539307
1625,949178,NB,4.592598,4.127072334289551
1005,687777,LUAD,5.775381,5.659783840179443
1512,924105,UNCLASSIFIED,4.571679,5.133555889129639
1032,753610,SCLC,1.701302,1.1829535961151123
1250,908139,STAD,2.921294,2.613779067993164
1911,910546,PAAD,-5.016534,-5.998011112213135
1627,908476,LUAD,2.924429,2.9542133808135986
1853,1240136,MESO,4.306657,4.598304271697998
1630,1298352,UNCLASSIFIED,8.272922,6.974695682525635
1912,910900,LUAD,4.20722,3.183783531188965
1852,949177,NB,3.601893,4.4301958084106445
1561,1247871,ALL,3.475764,4.030094623565674
2040,687780,UNCLASSIFIED,0.624888,0.5463043451309204
1012,1240122,HNSC,0.412218,1.9857442378997803
1057,909745,GBM,-3.2772,-2.6692659854888916
1615,909709,HNSC,4.169251,5.33169412612915
1036,908131,UNCLASSIFIED,4.991165,4.746978282928467
1012,910695,UNCLASSIFIED,1.28811,1.608494758605957
1085,1240189,SCLC,1.522183,1.812274694442749
2106,905973,UNCLASSIFIED,3.673986,4.151736259460449
1932,753532,HNSC,-0.19102,0.7989427447319031
1561,753620,NB,1.853809,2.0891246795654297
1593,905971,COREAD,1.546337,1.744016408920288
1060,688023,SCLC,1.224331,0.7404907941818237
1131,687600,UNCLASSIFIED,4.371679,3.3066823482513428
1083,753552,BLCA,3.404121,2.4225919246673584
1557,910933,GBM,4.64654,4.513485908508301
1011,753583,HNSC,2.229912,3.8077032566070557
1561,909781,KIRC,6.496064,4.569578170776367
1084,907271,LGG,-2.920276,-2.6392862796783447
1927,909699,UNCLASSIFIED,6.871444,6.175902843475342
1022,906798,BLCA,0.524482,-0.4352244734764099
1549,687807,LUAD,4.139211,4.952847003936768
2040,1240183,LUSC,1.892511,2.1357369422912598
1924,909703,ALL,2.523953,2.8588180541992188
1250,753584,BLCA,1.483388,1.017046570777893
2046,907065,BLCA,5.154049,4.455095291137695
1058,908145,LGG,0.554387,0.16148284077644348
1576,1290807,UNCLASSIFIED,3.681316,3.2262046337127686
1622,906851,BRCA,3.433447,3.880727767944336
1010,908472,LUAD,3.305469,4.039180755615234
1003,905937,COREAD,-2.869888,-3.2522873878479004
1635,907269,CLL,4.614121,4.38292932510376
1862,946382,BRCA,-1.379262,-0.9101460576057434
1085,906805,LUAD,1.411202,3.7482383251190186
1060,1327766,MM,-0.523715,-0.40052562952041626
1873,909770,STAD,1.067257,0.8016293048858643
1578,1331048,DLBC,2.577869,3.428255319595337
1561,1327769,DLBC,2.722385,2.7471225261688232
1913,907287,COREAD,4.804639,4.731012344360352
1930,909781,KIRC,5.021386,3.77547025680542
1011,909744,ACC,2.047286,2.0324487686157227
1931,910703,UNCLASSIFIED,2.233245,4.278225898742676
1578,906821,PAAD,5.13886,5.3465094566345215
1190,907000,UNCLASSIFIED,-3.681984,-4.196304798126221
1237,909738,LIHC,5.561257,5.719264507293701
1553,910706,UNCLASSIFIED,2.141822,1.2463228702545166
1926,1240166,UNCLASSIFIED,-0.385445,-0.45411115884780884
1058,906862,BRCA,-0.541485,-0.396869421005249
1940,1240212,CESC,3.344406,3.9908699989318848
1046,753565,SCLC,0.595407,1.0035371780395508
1939,924240,BRCA,1.789827,1.7178633213043213
1046,1327769,DLBC,0.125408,0.2611618638038635
2106,906824,CESC,1.156308,2.699786901473999
1941,1290722,THCA,-4.845887,-5.433232307434082
2044,753563,MM,2.611661,1.7934391498565674
1022,1327773,DLBC,-2.441498,-1.558887243270874
1036,688086,NB,4.024363,4.253346920013428
1054,949161,UNCLASSIFIED,2.439653,3.645526170730591
1047,687588,GBM,5.702531,3.8370015621185303
1622,910952,KIRC,5.283968,4.734858512878418
1629,909736,LIHC,6.126002,5.266746997833252
1862,910911,HNSC,-1.906668,-1.7222702503204346
1073,910952,KIRC,2.80974,3.728461980819702
1239,724863,UNCLASSIFIED,1.769343,1.9412384033203125
1576,924187,UCEC,4.178833,3.6218502521514893
1557,910911,HNSC,5.127062,5.350391864776611
1073,687985,SCLC,5.683339,3.8469913005828857
1003,753551,SCLC,-4.347583,-4.179871082305908
1563,1290809,MESO,6.721648,6.339263916015625
1510,717431,NB,2.852674,1.7392709255218506
1559,749714,BRCA,-2.241673,-0.9577488303184509
1873,687985,SCLC,0.240648,0.4732625484466553
1239,907274,DLBC,2.760168,0.9498847126960754
1179,909785,UNCLASSIFIED,-0.910671,-0.8437536358833313
2043,1240197,OV,5.489844,5.469895362854004
1621,907058,SKCM,3.425944,4.527239799499512
1088,909262,UNCLASSIFIED,0.236012,0.5018161535263062
1557,907069,UNCLASSIFIED,4.375568,5.110430717468262
2111,910779,UNCLASSIFIED,5.910738,5.3314008712768555
1613,907790,COREAD,2.868724,2.9335455894470215
2047,905969,OV,1.953933,2.19809627532959
1512,905969,OV,6.889457,6.4080729484558105
1190,1298226,LUSC,-0.028696,-1.352867603302002
1630,1240158,LIHC,2.378058,3.6796038150787354
1618,1298359,ESCA,3.880771,3.345677137374878
1564,907056,UNCLASSIFIED,5.03399,3.8930423259735107
1032,909785,UNCLASSIFIED,-0.199724,0.5381608605384827
1941,1298226,LUSC,-4.249766,-4.931878089904785
1996,907320,ESCA,4.477107,4.5735650062561035
1091,949172,NB,-1.429595,-0.7648727297782898
1593,910915,PAAD,4.922554,4.076362609863281
1051,749709,BRCA,4.500316,3.272887706756592
1996,998184,ALL,1.426106,1.7719788551330566
1927,907281,MM,4.362101,3.5389130115509033
1997,924100,PRAD,4.335838,4.878550052642822
1928,1240181,NB,3.395019,3.165759801864624
1916,910920,KIRC,3.433548,2.25592041015625
2110,1674021,COREAD,4.607687,4.004968643188477
1375,907057,LIHC,5.412622,5.479891300201416
2107,909704,BLCA,5.277657,4.866525173187256
1926,906864,THCA,1.375446,0.22505363821983337
1005,1298151,LIHC,5.279375,4.761600971221924
1559,1240184,UNCLASSIFIED,-4.055323,-2.529911994934082
1916,908475,LUAD,2.198513,2.523726224899292
1634,907268,UNCLASSIFIED,3.137384,3.1161675453186035
1786,905989,COREAD,-1.618393,3.1152780055999756
1925,924105,UNCLASSIFIED,5.065236,4.880168437957764
1932,907170,NB,1.821571,1.912790298461914
2047,925345,UNCLASSIFIED,2.928314,2.706242322921753
1560,905964,MM,3.459587,2.751192808151245
1630,907300,LAML,3.164862,0.7859761714935303
1375,1290765,UNCLASSIFIED,6.571652,5.944455623626709
1635,1240185,LUAD,6.062196,5.551882743835449
1634,909754,UNCLASSIFIED,5.868073,5.557200908660889
1634,1298358,STAD,4.434719,5.0187883377075195
2046,907061,HNSC,2.557717,2.997065544128418
1563,1503371,ESCA,5.213111,5.1287312507629395
1190,909728,LUSC,-0.904876,-0.4097546935081482
1908,687798,LUAD,2.752074,3.320192575454712
1047,1298146,LIHC,6.35214,5.716473579406738
1908,909703,ALL,2.608686,1.736680030822754
1011,687820,LUAD,2.876982,3.3130605220794678
1003,1298529,HNSC,-1.922629,-2.4032952785491943
1622,910922,KIRC,4.075539,4.349767684936523
1051,907169,SKCM,3.871069,3.170043706893921
1237,906861,UNCLASSIFIED,5.516382,5.482583999633789
1912,687829,UNCLASSIFIED,4.199272,3.1522254943847656
1191,909256,BRCA,-5.729105,-5.329402446746826
1853,1298352,UNCLASSIFIED,6.101802,7.0818772315979
1908,907796,UNCLASSIFIED,2.517127,2.421795129776001
1939,688013,SCLC,1.151555,1.782536268234253
1177,906853,UNCLASSIFIED,6.694209,6.600775241851807
1925,1331048,DLBC,4.0889,3.9321682453155518
1564,910694,GBM,4.794404,5.007812023162842
1012,930299,THCA,1.753067,3.0643045902252197
1073,905978,KIRC,5.805034,4.912537097930908
1168,1240145,LUAD,3.64882,2.86141300201416
1933,713899,SCLC,2.885803,3.459657907485962
2110,749714,BRCA,5.630582,4.963991165161133
1627,909904,PAAD,3.590406,3.7637698650360107
1931,909770,STAD,5.360366,5.484603404998779
1005,911905,OV,7.971887,6.150866508483887
1047,753541,HNSC,4.636753,5.298635005950928
1373,1240185,LUAD,5.255263,5.307292938232422
1924,687506,CESC,4.113509,4.029522895812988
1036,909776,UNCLASSIFIED,6.035013,5.028469562530518
1034,1303897,DLBC,-2.325524,-2.6437501907348633
1576,909720,UNCLASSIFIED,2.265153,2.9524552822113037
1046,1240181,NB,-0.16154,0.3639419972896576
2045,905971,COREAD,4.725866,5.3607072830200195
1930,910934,DLBC,-1.039109,-1.028461217880249
1091,1290813,MESO,0.798478,1.121548056602478
1908,949167,UNCLASSIFIED,3.470815,2.6010637283325195
1936,907271,LGG,3.786733,3.522395610809326
1622,909745,GBM,5.009306,5.2806549072265625
1625,924238,THCA,4.0426,4.083732604980469
1852,908141,LAML,4.315558,3.8478121757507324
1561,909722,UNCLASSIFIED,1.295768,0.9995520114898682
2046,1290813,MESO,2.290708,3.4165878295898438
1046,907787,ALL,1.210923,0.8097329139709473
1576,924239,MM,0.597755,1.59429931640625
1168,906793,SKCM,3.067472,2.7571680545806885
1630,908143,UNCLASSIFIED,5.141392,3.8150269985198975
1911,908143,UNCLASSIFIED,-7.047198,-5.4702630043029785
1624,909745,GBM,3.909667,3.2647833824157715
1625,1240146,LUAD,6.266363,5.420559883117676
1057,1331048,DLBC,-2.678551,-2.7315783500671387
1626,906863,HNSC,1.280799,2.6050281524658203
1622,1303900,BRCA,3.562821,3.5226571559906006
1510,909745,GBM,5.118182,5.230730056762695
1003,908127,UNCLASSIFIED,-2.734509,-3.065337657928467
1560,909770,STAD,2.926212,4.208736896514893
1931,906870,LAML,4.414426,3.30764102935791
1010,924244,LUAD,2.598842,1.7707273960113525
1614,924240,BRCA,3.040043,4.463965892791748
1003,905968,OV,-2.717918,-3.4873828887939453
1049,1290724,HNSC,3.667131,3.7066729068756104
1199,1240218,PAAD,5.270377,5.1434526443481445
1089,910932,SKCM,2.523914,3.5427467823028564
1036,908476,LUAD,4.767891,4.877717018127441
1060,1240216,LIHC,1.027939,2.0503315925598145
1786,1503367,ESCA,3.633155,3.9755096435546875
1511,907062,HNSC,-1.07134,-1.2473773956298828
1091,917486,COREAD,2.027461,3.169403076171875
1634,1290807,UNCLASSIFIED,3.823327,4.528682231903076
1032,908462,MESO,1.156268,2.4185402393341064
1928,905986,GBM,5.815822,4.924361228942871
1054,753555,ESCA,4.993982,3.0081188678741455
1560,1240141,MESO,6.015909,5.042629241943359
1560,905956,SKCM,4.626709,5.0914225578308105
1553,946357,UNCLASSIFIED,3.261156,3.0049073696136475
1190,907277,ALL,-4.80849,-3.4510657787323
1627,724879,LUSC,3.627929,3.379812240600586
1006,905937,COREAD,0.805468,-0.9980770945549011
1091,907055,STAD,1.449391,0.944146454334259
1549,688014,SCLC,5.531643,4.888879776000977
1853,1298359,ESCA,4.32959,4.2820892333984375
1576,1290722,THCA,3.022563,2.9432497024536133
1003,907042,LGG,-4.847862,-3.676478862762451
1529,753594,SCLC,-0.497442,0.016663938760757446
1036,907273,UNCLASSIFIED,2.622289,3.425365686416626
1593,907057,LIHC,2.866203,2.52166485786438
2110,908148,LAML,3.763997,2.670668363571167
1006,930299,THCA,4.143025,4.151449680328369
2109,1240166,UNCLASSIFIED,1.178899,2.0129590034484863
1915,998184,ALL,2.058917,1.8840417861938477
1615,909708,HNSC,3.769361,4.328474521636963
1854,907300,LAML,3.320654,3.507349967956543
1032,910948,BRCA,3.117772,3.0993432998657227
1036,753624,PAAD,5.44011,5.834237575531006
1630,908130,UCEC,5.178315,4.714036464691162
1558,907050,UNCLASSIFIED,6.029487,5.796008110046387
1598,909759,UNCLASSIFIED,5.762399,4.997236251831055
1854,1298537,LUAD,5.851922,4.516811847686768
1079,713899,SCLC,3.630144,3.2299599647521973
1911,908474,UNCLASSIFIED,-4.282444,-5.952587127685547
1910,909750,LGG,1.587005,2.895190954208374
2043,1240160,LIHC,6.346963,5.593761444091797
1046,688001,SCLC,-0.131096,0.23105621337890625
1576,906763,ALL,1.12294,1.5615594387054443
1036,753547,SCLC,4.1654,3.9596612453460693
1617,949160,UNCLASSIFIED,1.385723,2.52197527885437
1853,713869,LUAD,3.247134,3.0707573890686035
1928,1290798,BRCA,5.333708,5.311851501464844
1627,1240147,LIHC,2.069696,2.0881187915802
1634,713880,SCLC,2.559493,3.0563881397247314
1054,907792,COREAD,5.273687,4.9694414138793945
1060,906765,MM,-0.346271,-0.49502962827682495
1006,753552,BLCA,1.027337,2.5773634910583496
1089,1503362,ESCA,3.936043,2.981886386871338
2040,1240141,MESO,3.367777,3.61470890045166
1614,1240216,LIHC,4.035582,4.959912300109863
2044,907069,UNCLASSIFIED,4.491581,3.902348756790161
1622,1290905,BRCA,5.568048,5.425837993621826
1375,907060,UNCLASSIFIED,5.314145,5.1112446784973145
1614,1240124,COREAD,4.338486,4.0779900550842285
1634,688014,SCLC,4.247082,4.7925262451171875
1853,1674021,COREAD,5.815554,4.748603343963623
1549,907279,LGG,5.318147,5.6708292961120605
1089,909721,LUAD,5.801557,5.520145893096924
1561,684052,UNCLASSIFIED,1.594148,1.592843770980835
1049,1331032,DLBC,3.507887,3.113790512084961
1191,910702,PAAD,1.261405,-1.7991302013397217
1054,909785,UNCLASSIFIED,0.10964,0.3925668001174927
1918,1298223,LUSC,4.005826,4.437407493591309
1011,908473,LUAD,4.517556,2.8916845321655273
1936,910935,DLBC,0.936094,1.7557907104492188
1922,1240141,MESO,3.351052,3.547462224960327
1873,1240219,PAAD,2.275883,2.434373378753662
1093,946370,GBM,4.748853,4.696046352386475
1564,905976,SKCM,-1.445398,-1.645552158355713
1032,688006,SCLC,2.03659,2.6252334117889404
1924,909976,UNCLASSIFIED,3.189694,3.746371030807495
1615,753563,MM,3.936489,3.759197235107422
1627,908147,ALL,1.072798,1.736253023147583
1046,1299050,HNSC,3.989317,2.7899558544158936
1928,924102,THCA,4.403261,4.984797954559326
1635,1298357,STAD,6.540988,6.069944381713867
2043,753585,KIRC,5.048752,4.907139778137207
1631,907300,LAML,1.026719,0.32640203833580017
1627,753555,ESCA,2.156612,2.7469499111175537
1054,909709,HNSC,5.014528,4.461177825927734
1053,910915,PAAD,5.137392,4.183736324310303
1250,910780,NB,-0.263172,0.1003420352935791
1854,906847,UNCLASSIFIED,4.844839,4.692052364349365
1549,753616,NB,5.173338,4.755533695220947
1259,1240158,LIHC,3.323585,4.349303722381592
1786,909257,OV,3.217594,2.283480644226074
1928,1299078,SKCM,4.119413,4.267002105712891
1912,910903,SKCM,1.698661,1.9253640174865723
1012,688026,SCLC,0.329591,0.6042057275772095
1036,1240210,UNCLASSIFIED,3.83901,3.779000759124756
1250,910943,GBM,1.082641,0.9714556336402893
1799,1299080,SKCM,-0.607208,5.091259956359863
1928,724870,PAAD,3.205031,4.491899490356445
1924,717431,NB,3.741774,3.563326597213745
1873,946359,BRCA,2.180279,1.459890365600586
2045,909779,UNCLASSIFIED,5.363645,5.257735252380371
1594,909722,UNCLASSIFIED,4.342643,4.232628345489502
1912,924244,LUAD,1.04883,2.0101091861724854
1625,908122,BRCA,3.560125,3.708420515060425
2107,907062,HNSC,4.880045,4.965084552764893
1799,1290922,BRCA,2.38137,1.0685381889343262
1629,907792,COREAD,6.370413,5.7754669189453125
1034,949160,UNCLASSIFIED,-1.601801,-2.76035737991333
1131,998184,ALL,3.00123,2.212801456451416
1561,688021,SCLC,3.433142,2.1885147094726562
1996,1290814,MESO,4.076582,4.552013397216797
1093,1480372,OV,4.681699,5.0944132804870605
1631,909738,LIHC,3.128615,3.5203957557678223
1622,906693,PAAD,3.331571,4.04934549331665
1917,1659928,COREAD,2.49023,0.9757024049758911
1635,1240143,LUSC,5.900987,5.160192012786865
1912,753556,LUSC,1.074837,0.5865389704704285
2107,1240223,THCA,6.158249,6.573805332183838
1073,907169,SKCM,5.850272,6.059335708618164
1179,906877,ALL,-0.317966,-0.6449907422065735
2045,907298,UNCLASSIFIED,4.51809,4.364058971405029
1057,905955,SKCM,0.317126,-1.713677167892456
1083,908138,UNCLASSIFIED,3.440045,3.884551763534546
1634,1327766,MM,3.476932,3.155243396759033
2107,1240216,LIHC,5.737151,5.958885669708252
1613,1240209,STAD,3.092119,2.5595967769622803
1058,1330942,LAML,3.519757,3.665294647216797
1913,908467,UNCLASSIFIED,3.762572,4.072007179260254
1036,1303912,UNCLASSIFIED,2.843243,4.574521064758301
2110,1240190,LUAD,4.142227,4.477283954620361
1936,1240122,HNSC,3.290938,3.1432693004608154
1617,1327771,LCML,-3.419208,1.224661111831665
1054,906872,NB,3.130052,4.4879865646362305
1179,906833,MB,-0.746583,-0.01776030659675598
1853,930298,CESC,3.873546,3.9097535610198975
1013,905934,PRAD,5.685459,5.05898380279541
1593,1303912,UNCLASSIFIED,1.64444,2.6377477645874023
1199,905976,SKCM,3.906533,3.269479990005493
1911,905934,PRAD,-2.990555,-3.6928939819335938
1053,753554,LUSC,1.866394,2.6709001064300537
1939,907062,HNSC,1.662512,2.762786388397217
1910,909732,UNCLASSIFIED,3.141608,2.7339322566986084
2111,687787,LUSC,4.912821,4.679987907409668
1054,1240158,LIHC,4.163604,4.123499870300293
1911,909250,KIRC,-3.335457,-2.480574369430542
1080,946357,UNCLASSIFIED,-5.647269,-4.3755974769592285
1908,910903,SKCM,2.295696,2.1450867652893066
1912,907042,LGG,1.889832,1.8967909812927246
1512,906800,UNCLASSIFIED,3.438652,3.833630323410034
1050,906851,BRCA,3.712114,3.6253089904785156
1003,909748,COREAD,-2.143157,-1.6514782905578613
1084,1240127,UCEC,-1.798865,-1.6320772171020508
1006,906862,BRCA,1.381874,1.9939653873443604
1852,1298526,PAAD,6.104249,6.181151390075684
1617,907058,SKCM,1.815003,2.6442553997039795
1553,1290810,MESO,3.416058,3.0435330867767334
1925,910781,UCEC,5.218648,4.2560715675354
2096,687820,LUAD,4.706627,5.382903099060059
1375,724855,UNCLASSIFIED,7.454389,6.843197822570801
1190,930298,CESC,2.699373,-1.5263340473175049
1529,907055,STAD,-1.551226,2.908383369445801
1915,924108,COREAD,2.41923,1.9923152923583984
1190,906801,BRCA,2.930021,3.635741710662842
1559,1240222,OV,-3.700367,-3.1213462352752686
1928,910942,UNCLASSIFIED,4.086004,2.4612438678741455
1622,1330950,MM,4.09431,3.429382085800171
1068,753589,SCLC,3.722382,3.432007074356079
1626,910935,DLBC,-2.047671,-1.2612929344177246
1091,1295741,MM,-0.373401,0.5236572027206421
1933,909252,ALL,2.562963,2.6099138259887695
1054,924151,THCA,3.01804,4.20190954208374
1925,909696,UNCLASSIFIED,4.134424,4.047231197357178
1799,907050,UNCLASSIFIED,6.098896,6.3437371253967285
2045,909708,HNSC,4.181893,4.400664329528809
1849,908151,BRCA,-1.376374,-2.2758753299713135
1931,909756,UNCLASSIFIED,6.065276,5.582625865936279
1926,688006,SCLC,2.889562,1.0709402561187744
1054,910900,LUAD,5.01662,4.14811897277832
1913,753563,MM,4.050631,3.9243807792663574
1250,1240167,ESCA,0.203947,0.8145671486854553
1057,907173,MESO,-0.744059,-1.2161102294921875
1564,687506,CESC,2.423555,2.3459274768829346
1593,910850,LIHC,2.339548,3.478335380554199
1630,905984,LGG,1.902443,2.2914364337921143
1922,1290813,MESO,-0.193964,1.0673917531967163
1375,910784,UNCLASSIFIED,7.166744,6.212791442871094
1917,949157,UNCLASSIFIED,2.514833,2.4197988510131836
1013,906851,BRCA,3.060762,3.1561672687530518
1012,1298218,PAAD,2.434043,2.10845947265625
1849,946368,GBM,0.170654,-0.12580952048301697
1180,1297447,MM,-2.875488,-3.530660390853882
1177,1299050,HNSC,4.599917,5.377547264099121
1624,1299075,PRAD,1.730754,2.659111261367798
1004,1331032,DLBC,-5.964125,-5.594357490539551
1563,907069,UNCLASSIFIED,5.830875,5.963228702545166
1927,1298539,UNCLASSIFIED,6.426222,5.907739162445068
1624,687777,LUAD,4.060343,4.192984104156494
1003,1240144,UNCLASSIFIED,-3.501132,-2.340838670730591
1022,910710,LCML,-1.574602,-2.0921127796173096
1268,909974,KIRC,6.103981,5.134655952453613
1375,1298136,PAAD,7.883995,6.920896530151367
1873,949168,UNCLASSIFIED,0.758777,0.8961347341537476
1853,907048,BRCA,3.239501,2.4684970378875732
1557,687816,LUAD,3.771158,5.526243209838867
1036,1297449,DLBC,4.544985,3.676889181137085
1131,925347,PAAD,4.323753,7.001615047454834
2043,1330985,LAML,3.387051,3.9200003147125244
1939,687588,GBM,4.160299,3.105186700820923
1025,909748,COREAD,5.189849,5.205670356750488
2043,909780,BLCA,4.406431,4.8755950927734375
1549,1240149,UNCLASSIFIED,3.468342,3.9783871173858643
1627,1240143,LUSC,3.663291,2.901909351348877
2109,684062,UNCLASSIFIED,2.439292,2.0392539501190186
1083,1240198,OV,4.681849,2.797013998031616
1005,907050,UNCLASSIFIED,6.157807,6.320680618286133
1931,910944,ALL,3.707264,3.02933931350708
1909,1331037,DLBC,-0.738538,-2.1750729084014893
1036,910944,ALL,2.382856,4.049771785736084
1191,906831,UNCLASSIFIED,-5.229645,-5.067875862121582
1909,753547,SCLC,2.29154,1.6324453353881836
1849,1290769,COREAD,0.578291,0.5528132319450378
1557,1297447,MM,5.125229,4.981527328491211
1239,1240141,MESO,5.615106,4.574453830718994
1617,909704,BLCA,1.749628,2.3101651668548584
1625,910569,COREAD,4.64659,4.494405746459961
1190,907320,ESCA,2.919191,-0.24899327754974365
1051,906801,BRCA,2.450158,3.614985466003418
1613,908455,STAD,3.623412,3.457364082336426
1855,924104,THCA,6.536393,5.095312595367432
1941,905952,ALL,-3.526706,-2.97811222076416
1373,906765,MM,3.9736,1.6639938354492188
1259,910919,DLBC,2.990545,1.5088591575622559
1559,924187,UCEC,0.205471,0.133841410279274
1933,906824,CESC,5.669382,4.779121398925781
1239,924110,UNCLASSIFIED,0.847736,2.3133935928344727
2111,1298157,BRCA,4.056456,4.185498237609863
1511,910948,BRCA,2.274333,-0.20012402534484863
1091,906804,UNCLASSIFIED,1.358592,0.4776923954486847
2045,1240127,UCEC,5.16682,5.2828545570373535
1618,910705,UNCLASSIFIED,2.421511,2.5011157989501953
1191,1240142,LUSC,-5.419484,-4.987899303436279
1615,909779,UNCLASSIFIED,5.685921,5.356912136077881
1621,1330983,LAML,4.031467,4.409733295440674
1620,1240132,MESO,5.957503,6.23427677154541
1917,906856,UNCLASSIFIED,0.158226,0.6373903751373291
1549,905978,KIRC,4.060704,4.306720733642578
1558,907271,LGG,3.975353,3.7147252559661865
1576,909754,UNCLASSIFIED,4.427279,3.2790567874908447
1626,909774,UNCLASSIFIED,3.353,2.6146440505981445
1617,724878,LUAD,6.996204,5.623318195343018
1022,930298,CESC,0.915333,-0.14374881982803345
1021,905945,BRCA,3.163802,3.436645746231079
1054,1240162,HNSC,5.097723,4.254101753234863
2096,905973,UNCLASSIFIED,2.819828,2.9691386222839355
1593,1240168,GBM,3.085608,2.2056527137756348
1617,1298359,ESCA,1.871343,2.9854516983032227
1932,905945,BRCA,2.675071,2.760138750076294
2111,1298365,OV,5.056509,4.050833702087402
1614,907321,ESCA,1.944157,2.3672938346862793
1051,905975,SKCM,2.500609,2.0895276069641113
1627,924104,THCA,3.496095,2.895761251449585
1873,924105,UNCLASSIFIED,0.197045,-0.12887802720069885
1917,1240219,PAAD,2.821303,4.074812412261963
1047,909257,OV,4.927397,3.4839582443237305
2046,906794,UNCLASSIFIED,4.022794,3.150439977645874
1089,724831,UNCLASSIFIED,3.091657,4.01857852935791
1010,907172,SKCM,4.419901,3.666940450668335
1200,687562,GBM,1.694775,2.0517513751983643
1200,1240121,HNSC,2.370449,2.7332844734191895
1003,910934,DLBC,-4.339042,-3.684861421585083
1047,687780,UNCLASSIFIED,5.095357,5.833165645599365
1089,687802,LUAD,5.93116,5.66311502456665
1012,909262,UNCLASSIFIED,-0.121517,0.8964837193489075
2096,749712,BRCA,2.980928,3.213871955871582
1854,924151,THCA,3.932939,4.936498641967773
1511,909751,COREAD,-1.635898,-0.5092218518257141
1088,724869,PAAD,4.905698,4.969707012176514
1940,907066,BLCA,5.809672,3.554077625274658
1177,907287,COREAD,5.605965,4.816915512084961
1625,1298538,LUSC,5.719279,5.345857620239258
1239,1290808,MESO,3.807729,3.775301218032837
1375,1299078,SKCM,6.023536,6.039179801940918
1180,687448,SKCM,-1.13017,-2.6638784408569336
1926,909698,COREAD,2.64653,-0.008009999990463257
1912,1240173,COREAD,1.197378,2.0846893787384033
1927,1240132,MESO,6.409051,5.930354118347168
1598,905934,PRAD,3.972154,4.729400157928467
1179,1290808,MESO,3.224569,2.5134809017181396
1627,688006,SCLC,3.20809,2.5360913276672363
1073,905962,COREAD,4.908481,4.240059852600098
1022,907323,UNCLASSIFIED,-1.096348,-1.6237220764160156
1553,1298157,BRCA,4.51881,3.027942180633545
2047,1331037,DLBC,1.387426,2.4524173736572266
1268,946355,ESCA,3.914517,4.215939998626709
1022,753556,LUSC,-1.978115,-1.32330322265625
1911,687568,GBM,-4.497197,-5.137613296508789
1084,1240190,LUAD,-1.838189,-2.772613286972046
1372,1298141,PAAD,-0.906878,0.42133307456970215
1553,909746,COREAD,5.754491,4.975125789642334
1941,1290922,BRCA,-3.473357,-4.773476600646973
1060,924111,HNSC,-1.267309,-1.486283540725708
1022,1240160,LIHC,2.919608,2.0168533325195312
1239,908136,UNCLASSIFIED,1.253113,1.3723509311676025
1614,749710,BRCA,5.415324,4.013261795043945
1624,909756,UNCLASSIFIED,3.951462,3.681145429611206
1013,907043,UNCLASSIFIED,1.284456,1.635145902633667
1620,753586,UNCLASSIFIED,4.834218,5.27354097366333
1625,905990,OV,5.312607,5.552584648132324
1917,1299062,SCLC,3.542347,3.324788808822632
1593,1503366,ESCA,1.78168,2.313857078552246
1928,1327775,MM,2.691971,2.0476577281951904
1922,909769,UNCLASSIFIED,2.613563,2.415320873260498
1034,907319,ESCA,-4.105021,-3.0973641872406006
1057,907064,UNCLASSIFIED,-0.289175,-1.6157982349395752
1928,1240153,SKCM,4.751377,3.7477896213531494
1622,1503362,ESCA,5.053334,4.195526599884033
1862,905946,BRCA,-1.626807,-0.9184347987174988
1617,946382,BRCA,0.788116,0.8932531476020813
1909,908459,UNCLASSIFIED,3.154974,2.898641586303711
1073,1290810,MESO,5.449488,5.59662389755249
1025,908121,BRCA,5.489015,4.919406414031982
1624,1330942,LAML,2.78911,2.912684679031372
1578,688001,SCLC,3.174923,3.990142822265625
1507,908156,UNCLASSIFIED,1.582169,1.5816009044647217
1012,910779,UNCLASSIFIED,2.955347,2.1909966468811035
2110,905969,OV,5.761819,5.189060211181641
1089,906849,UNCLASSIFIED,3.057096,3.2754969596862793
1091,905975,SKCM,1.387049,2.2461025714874268
1553,1240217,LIHC,3.844947,3.9399735927581787
2109,713869,LUAD,3.665348,3.507686138153076
2110,1322218,UNCLASSIFIED,5.265067,4.010412216186523
1576,906794,UNCLASSIFIED,2.525191,2.7353360652923584
1941,1330942,LAML,-1.37255,-0.7680251002311707
1786,1330950,MM,2.992383,1.1078341007232666
1249,907065,BLCA,5.597354,4.569979190826416
1007,1240173,COREAD,-5.73514,-6.535548686981201
1038,906844,BRCA,2.247878,1.359750747680664
1510,909253,LAML,3.709006,3.4700591564178467
1617,910948,BRCA,3.677751,1.1910388469696045
1549,910710,LCML,4.068984,3.2921833992004395
2048,907789,ALL,-5.065234,-4.6666789054870605
1578,906831,UNCLASSIFIED,3.528874,3.530529499053955
1091,925347,PAAD,1.995911,2.8607611656188965
1598,1327766,MM,2.565511,3.148160696029663
1091,905955,SKCM,4.931224,4.111287593841553
1576,713869,LUAD,3.072035,3.2458341121673584
1911,1660034,COREAD,-5.291157,-4.5875725746154785
2045,1240181,NB,3.809079,4.015354156494141
1191,722066,LUAD,-3.799336,-4.385508060455322
1614,909251,ALL,2.478624,2.154418706893921
2107,687820,LUAD,7.635722,6.946383476257324
2106,753600,LUAD,3.22652,3.1457791328430176
1512,1331032,DLBC,4.711704,4.4491119384765625
1003,908465,LUAD,-0.826978,-1.4663403034210205
1614,905938,LAML,3.580023,2.88033127784729
1034,910941,NB,0.579543,-2.8609097003936768
1512,1240219,PAAD,6.488917,6.553488731384277
1032,909774,UNCLASSIFIED,2.616018,2.5685906410217285
1177,687821,LUAD,7.506722,6.983313083648682
1091,909699,UNCLASSIFIED,2.902896,2.9346163272857666
1373,907279,LGG,5.608058,6.1634087562561035
1928,908159,UNCLASSIFIED,2.181845,1.9330852031707764
1053,907064,UNCLASSIFIED,4.756002,4.107750415802002
1060,908444,STAD,0.791711,-0.2425452470779419
2043,687777,LUAD,6.426434,5.808343410491943
1931,1330931,LCML,4.748615,4.322717666625977
1049,905959,OV,6.211789,5.722043037414551
1046,905984,LGG,-0.007504,0.3820647895336151
2040,909723,SKCM,1.975526,2.6095025539398193
1051,905935,PRAD,4.965412,3.9101295471191406
1191,905937,COREAD,-4.988229,-4.606805324554443
1594,910569,COREAD,4.267922,3.649742841720581
1089,924107,CESC,3.180023,2.4668397903442383
1507,753586,UNCLASSIFIED,4.868399,4.638742446899414
1191,906693,PAAD,-4.406433,-4.863043308258057
1913,910903,SKCM,3.960305,4.273349761962891
1913,917486,COREAD,4.474714,5.289045810699463
1073,908454,UNCLASSIFIED,2.800577,3.702129364013672
1634,749709,BRCA,4.425586,3.137612819671631
1051,724859,LUAD,1.98048,1.570589542388916
1635,1330972,SCLC,5.224549,5.0226287841796875
1928,688006,SCLC,5.154309,4.527860164642334
1621,687561,GBM,4.859961,4.517683506011963
1916,909745,GBM,1.223778,2.2226357460021973
1909,905972,LUAD,2.757177,2.8664019107818604
1022,910937,SCLC,-0.014254,0.6174578070640564
1011,1298350,LUAD,2.74027,3.668189764022827
1913,909697,STAD,4.3056,4.301186561584473
1564,906844,BRCA,-4.019831,-3.167747735977173
1168,1240186,SCLC,3.189304,3.2802019119262695
2043,753569,LUSC,5.81563,5.128516674041748
1054,1290807,UNCLASSIFIED,5.216428,5.503893852233887
1939,949161,UNCLASSIFIED,1.677408,1.4895832538604736
1057,908126,LCML,-1.723886,-1.9775950908660889
1799,753572,PAAD,5.253273,4.591353416442871
1079,909769,UNCLASSIFIED,-0.151669,-0.01574847102165222
1012,908440,NB,-0.131895,-0.012764453887939453
1925,907286,PAAD,5.818873,5.1518144607543945
1630,906853,UNCLASSIFIED,6.419056,5.2852911949157715
1925,753620,NB,5.53254,4.508971691131592
1250,753546,SKCM,5.794819,4.80763578414917
1629,907068,CESC,4.180938,4.3504180908203125
1084,907169,SKCM,-1.674717,-1.6740663051605225
2040,1330950,MM,-0.356284,0.095120370388031
1060,688014,SCLC,2.979504,1.7157862186431885
1088,1240149,UNCLASSIFIED,-0.026028,1.4362514019012451
1854,1240155,STAD,3.672067,4.313127040863037
1873,906814,SKCM,0.57768,0.994082510471344
1046,906794,UNCLASSIFIED,2.705036,1.731581449508667
1852,908143,UNCLASSIFIED,5.615965,5.178471088409424
1091,908444,STAD,2.337621,2.4596962928771973
1177,906793,SKCM,2.996524,3.4275729656219482
1060,908448,LAML,-1.34576,-1.4753665924072266
1375,688086,NB,5.782714,5.616931915283203
1931,909703,ALL,3.63995,2.700212001800537
1910,1331049,UNCLASSIFIED,2.964052,1.6505541801452637
1083,905975,SKCM,3.907931,2.8144779205322266
1512,908471,UNCLASSIFIED,3.92445,4.739687919616699
1913,908473,LUAD,5.6952,5.533867359161377
1512,910936,HNSC,5.1515,5.291854381561279
1799,1331045,DLBC,4.633276,4.346173286437988
1088,909761,COREAD,3.293682,3.7044456005096436
1931,906820,NB,5.326166,4.913121223449707
1549,1480364,OV,-1.411982,-0.684265673160553
1626,907271,LGG,1.886231,2.60058856010437
1925,687588,GBM,5.591166,5.2179694175720215
1073,687586,GBM,4.802335,5.307736396789551
1926,749709,BRCA,0.098798,-0.08780381083488464
1005,906862,BRCA,3.893768,4.556543350219727
1925,905983,GBM,5.844621,5.216562747955322
1032,1240155,STAD,2.134321,1.9381251335144043
1560,753554,LUSC,4.849971,3.384824752807617
2096,1299070,OV,2.616435,2.4483864307403564
1925,907061,HNSC,4.016548,4.572505474090576
1529,909262,UNCLASSIFIED,-1.713168,-1.5407195091247559
1084,753585,KIRC,-3.430402,-3.163527488708496
1916,1290795,UNCLASSIFIED,2.779504,3.3775668144226074
1853,1327773,DLBC,4.035319,4.261957168579102
1918,753575,ESCA,2.909392,2.9515604972839355
1560,907048,BRCA,3.089032,2.7382724285125732
1627,905948,KIRC,2.175516,3.314194679260254
1849,910924,STAD,-0.713452,-1.8231596946716309
1852,713878,SCLC,5.288299,4.719669342041016
1179,724872,SCLC,0.040247,0.17828035354614258
1919,905957,BRCA,2.99445,2.0653767585754395
1017,907289,COREAD,4.944437,4.7621307373046875
1635,909721,LUAD,6.170847,6.057957649230957
1909,687816,LUAD,3.417203,3.437492609024048
1553,910936,HNSC,0.692492,0.6951980590820312
1930,724838,BLCA,-0.01012,-0.09912696480751038
1058,907286,PAAD,2.373015,2.084768533706665
1854,1290771,COREAD,4.16176,5.5279059410095215
1627,909751,COREAD,3.489689,2.791201591491699
1051,908131,UNCLASSIFIED,0.003794,2.247471809387207
1926,910706,UNCLASSIFIED,0.234704,-0.4041725993156433
1922,753586,UNCLASSIFIED,2.218316,2.211045980453491
1088,908144,LGG,2.470252,4.9386677742004395
2043,949163,UNCLASSIFIED,2.255406,4.053342342376709
1924,908152,MESO,4.054381,4.252360820770264
1079,905945,BRCA,1.983121,2.2501609325408936
1177,907789,ALL,3.056828,2.8250937461853027
1022,1327769,DLBC,-2.116242,-0.869330108165741
1631,688010,SCLC,4.817516,3.2068941593170166
1080,907789,ALL,-4.604601,-4.642751216888428
1084,910688,LAML,-3.911114,-4.957071781158447
1925,1327773,DLBC,4.057096,4.307370662689209
2040,1240201,PAAD,1.776497,1.5204620361328125
1058,907064,UNCLASSIFIED,3.884317,2.0713722705841064
1131,998189,COREAD,4.950425,5.366929531097412
1006,907295,SCLC,1.795724,0.34133201837539673
1057,909263,COREAD,1.352361,-0.0861378014087677
1635,909976,UNCLASSIFIED,4.962567,4.891820907592773
1622,905980,KIRC,5.276242,5.803561687469482
1911,907268,UNCLASSIFIED,-6.610407,-6.0939507484436035
1073,1299075,PRAD,6.098524,4.649193286895752
1922,724878,LUAD,4.372209,3.2360193729400635
1088,1290809,MESO,2.156324,2.290477752685547
1003,905948,KIRC,-0.524668,-0.6182066202163696
1268,1298219,UNCLASSIFIED,5.281387,4.90278959274292
1034,907047,UNCLASSIFIED,-4.426457,-3.672492027282715
1200,909749,BLCA,2.434705,3.2344210147857666
1199,908447,NB,5.053093,4.379959583282471
1012,688027,SCLC,0.740384,0.5954731702804565
1908,753618,NB,1.520045,0.6229177713394165
1786,1240159,LIHC,4.202842,3.7401411533355713
1529,910947,LAML,-2.15348,-3.057199716567993
1853,687780,UNCLASSIFIED,5.769385,4.420295238494873
1191,687799,LUAD,-4.297133,-4.274847984313965
2106,1240140,UNCLASSIFIED,2.959869,3.067241907119751
1910,753556,LUSC,2.631279,3.057152509689331
1032,909253,LAML,0.77883,1.7226529121398926
1011,905935,PRAD,2.562345,3.776268482208252
1017,910920,KIRC,3.146729,3.602167844772339
1237,687505,CESC,4.863741,4.833561897277832
1799,906836,UNCLASSIFIED,2.653845,3.3881113529205322
2111,1330993,PRAD,3.645898,3.86370587348938
1054,909728,LUSC,4.518823,3.907984972000122
1908,1331038,DLBC,2.590185,2.7118284702301025
1996,909698,COREAD,3.775238,3.2262203693389893
1617,1298531,HNSC,1.687291,2.396977663040161
1629,910932,SKCM,3.295859,4.131336688995361
1931,724872,SCLC,4.489991,4.05271577835083
1529,910703,UNCLASSIFIED,1.217141,-0.1506142020225525
1375,1327769,DLBC,1.492391,3.318905830383301
1012,909720,UNCLASSIFIED,2.158467,1.789628028869629
1593,949163,UNCLASSIFIED,1.330327,1.4473164081573486
2096,909709,HNSC,2.045729,2.033421039581299
1925,905959,OV,6.616034,6.430561542510986
1631,905952,ALL,1.890807,2.017159938812256
1558,753592,LUAD,2.004425,2.457566022872925
1560,910569,COREAD,2.2824,3.442166805267334
1919,906837,HNSC,0.484024,-0.04424315690994263
1915,908139,STAD,3.545497,3.149763345718384
1250,910942,UNCLASSIFIED,0.961243,-0.19949525594711304
1036,1659818,MM,4.205503,3.2546472549438477
1012,907000,UNCLASSIFIED,1.643311,1.1931896209716797
1131,1240159,LIHC,6.93836,5.825178146362305
1168,753584,BLCA,3.32077,3.3571059703826904
1620,1240221,UNCLASSIFIED,3.759924,4.424847602844238
1268,910549,ESCA,3.192984,4.159571170806885
1259,1290809,MESO,2.878453,2.5401742458343506
1926,1298539,UNCLASSIFIED,2.739338,2.213759660720825
2109,946361,UNCLASSIFIED,3.490872,2.8773818016052246
1060,1330933,UNCLASSIFIED,-1.482773,-0.6910122036933899
1862,724834,LUAD,-0.79098,-1.3395085334777832
1085,910911,HNSC,2.932719,3.032918930053711
1549,908148,LAML,3.394316,2.9029033184051514
1799,924107,CESC,-1.281644,-0.4500266909599304
1593,924107,CESC,1.527831,2.5783584117889404
1922,753594,SCLC,1.769602,1.8619916439056396
1559,925340,STAD,-1.986549,-2.393242835998535
1631,1298538,LUSC,4.636405,3.3346102237701416
1855,907276,STAD,6.409582,5.182865142822266
1058,930082,UNCLASSIFIED,2.19348,1.0232980251312256
1034,688087,NB,-2.461565,-2.441464424133301
1853,687829,UNCLASSIFIED,4.173101,3.9196014404296875
1625,907277,ALL,3.363403,3.1423568725585938
1507,687561,GBM,3.999542,4.880833148956299
1919,909708,HNSC,0.266178,1.43282151222229
1239,909732,UNCLASSIFIED,2.350955,1.7694129943847656
1088,907300,LAML,0.461612,1.2341935634613037
1924,906833,MB,4.284131,3.461911916732788
1553,906820,NB,2.97762,1.97955322265625
1930,753608,LUAD,1.357065,0.8443208932876587
1635,1240222,OV,5.577707,5.142319202423096
1576,1240183,LUSC,3.88848,3.371569871902466
1177,905948,KIRC,4.213006,4.5350661277771
1941,907311,LCML,-3.564003,-4.1486124992370605
1073,906763,ALL,5.106344,3.41833233833313
1239,1298136,PAAD,3.257599,3.937640905380249
1919,906863,HNSC,-0.495608,0.3628784716129303
1529,910850,LIHC,6.327264,1.7870972156524658
1617,906870,LAML,-0.557524,0.4350464940071106
1089,724838,BLCA,3.93742,4.056990146636963
1622,687590,GBM,3.931356,4.686992168426514
1799,946353,ESCA,3.159153,3.8223698139190674
1912,910916,HNSC,3.718253,2.823657274246216
1855,907057,LIHC,3.917095,3.9985344409942627
1036,1240135,MESO,5.442153,4.828498363494873
2045,1298141,PAAD,5.68439,5.833115100860596
1563,753620,NB,5.029395,5.116324424743652
1852,909748,COREAD,5.644711,5.489268779754639
1932,910936,HNSC,0.90204,1.2386062145233154
2109,910942,UNCLASSIFIED,1.675547,2.305006265640259
2048,906828,THCA,-3.862965,-3.3176753520965576
1046,1298539,UNCLASSIFIED,3.686097,3.6388962268829346
1576,907072,UNCLASSIFIED,2.229168,2.1940817832946777
1918,906765,MM,0.593729,0.6535038948059082
1249,907789,ALL,1.539361,2.209052324295044
1093,907313,GBM,5.599831,4.838916778564453
1626,753576,ESCA,4.370677,3.577549934387207
1918,910687,ALL,2.066438,3.025059461593628
1786,907069,UNCLASSIFIED,3.269067,3.4083170890808105
1511,906790,STAD,-2.761091,-2.4891340732574463
1564,949161,UNCLASSIFIED,3.915575,3.555842161178589
1007,1331036,DLBC,-6.841681,-6.528102874755859
1927,753575,ESCA,7.193305,6.112602710723877
1614,1240169,GBM,5.914666,4.44012975692749
1036,930298,CESC,3.821692,4.818722248077393
1911,909716,UNCLASSIFIED,-5.496043,-6.035980224609375
1250,946356,ESCA,2.193243,3.6930148601531982
1919,906797,BLCA,2.169254,1.823155164718628
1511,909743,ALL,-1.869381,-2.2978336811065674
1507,909751,COREAD,3.636485,5.259974479675293
1084,687562,GBM,-2.905466,-3.330974817276001
1594,910688,LAML,3.104476,3.4897470474243164
1635,905965,UNCLASSIFIED,3.575971,4.029848575592041
1032,907066,BLCA,3.854296,3.953284502029419
1237,724873,LUAD,5.147903,5.151973247528076
2110,924107,CESC,3.169819,3.11130428314209
1799,687457,BLCA,5.635863,5.475592613220215
1091,906818,SKCM,3.723435,2.4127352237701416
1927,909253,LAML,4.986165,3.7510898113250732
1022,1290814,MESO,2.41811,1.1050313711166382
1047,998189,COREAD,1.55833,3.952529191970825
1932,1479988,OV,3.46338,3.429503917694092
2044,724878,LUAD,3.399173,5.223776340484619
1598,908475,LUAD,4.710657,4.7745819091796875
2110,1240181,NB,3.564292,4.08374547958374
1561,906863,HNSC,1.183979,0.7889534831047058
1005,905967,LUAD,4.914132,3.2060863971710205
1916,1240199,OV,6.06779,5.219350814819336
1932,924102,THCA,2.513113,3.6263234615325928
1614,907044,UNCLASSIFIED,3.491178,3.35626482963562
1054,906805,LUAD,3.501565,3.3624517917633057
1529,905984,LGG,0.230846,-0.38456255197525024
1053,907271,LGG,2.861826,3.333439826965332
1926,906838,UNCLASSIFIED,1.012845,-0.307691752910614
1614,905946,BRCA,5.803128,6.585052013397217
1006,906846,UNCLASSIFIED,0.511087,-1.102705955505371
1625,753573,ESCA,3.945756,4.351847171783447
1852,906844,BRCA,2.96482,3.6764028072357178
1564,908150,MESO,2.6071,3.189485788345337
1191,1331037,DLBC,-6.091432,-5.323674201965332
1022,909781,KIRC,2.903196,2.5772743225097656
1909,753585,KIRC,2.097259,2.304973602294922
1068,908151,BRCA,0.758822,1.2423231601715088
1941,1298141,PAAD,-2.764018,-4.139831066131592
1191,1299052,HNSC,-4.078412,-4.491318225860596
1057,1331050,DLBC,-4.068686,-4.710911750793457
1004,925343,UNCLASSIFIED,-0.34942,-2.613485336303711
1057,905951,BRCA,-2.266315,-2.502190351486206
2045,1290814,MESO,4.62648,5.316969394683838
1873,684072,UNCLASSIFIED,0.424004,0.2109832614660263
1615,1298359,ESCA,5.230113,5.131054401397705
1926,910695,UNCLASSIFIED,-1.640536,0.567844033241272
1006,905991,OV,-1.413968,0.8522952795028687
1918,1299059,HNSC,4.204757,3.713726282119751
1614,905989,COREAD,2.63284,3.4515867233276367
1511,907067,SKCM,-0.986535,-1.1511523723602295
1032,910936,HNSC,-1.707964,-2.3361833095550537
1034,753608,LUAD,-4.189009,-3.614060640335083
2040,906818,SKCM,1.310671,1.388420581817627
1013,905933,OV,4.756794,3.826690196990967
1911,906812,BRCA,-4.510778,-5.2129364013671875
1250,753556,LUSC,1.099228,1.4019081592559814
1916,905952,ALL,1.841295,0.10350379347801208
1006,687505,CESC,0.503132,-0.17043375968933105
1032,949156,UNCLASSIFIED,1.738487,1.7995295524597168
1060,688006,SCLC,0.778222,1.3630194664001465
1560,910706,UNCLASSIFIED,2.409205,2.997688055038452
1996,1240151,STAD,4.110024,3.98915696144104
1089,905967,LUAD,3.341687,2.8564651012420654
1931,687452,BLCA,5.95337,5.571866989135742
1855,1240169,GBM,5.860554,5.6227922439575195
1083,907319,ESCA,3.565721,3.1320018768310547
2048,687812,LUAD,-0.155926,-2.27746319770813
1199,1240187,LUAD,4.675927,3.652981996536255
1053,909740,COREAD,4.518929,3.5288732051849365
1936,683665,MM,1.112411,1.6333818435668945
1373,1240215,UNCLASSIFIED,5.57612,5.672841548919678
1004,687983,SCLC,-4.292974,-4.8186774253845215
1862,1480372,OV,-1.528884,-1.4551191329956055
2096,910919,DLBC,1.089402,0.5871080160140991
1926,909773,DLBC,0.408836,-0.4330372214317322
1625,1240136,MESO,5.973405,4.991210460662842
1799,687455,BLCA,4.336029,4.678051471710205
1051,909746,COREAD,1.723372,4.636226177215576
1004,687459,BLCA,-1.360877,-1.8254108428955078
1179,1240128,UNCLASSIFIED,-0.093109,1.0661005973815918
1560,1240172,BRCA,4.650508,5.066566467285156
1058,908457,COREAD,1.011146,0.07864528894424438
1849,1299078,SKCM,-0.748754,-0.016892671585083008
1507,907061,HNSC,4.464891,4.568594932556152
1620,687816,LUAD,6.843706,6.171727180480957
1560,1503362,ESCA,0.96049,2.1154820919036865
1578,688086,NB,4.939402,4.9462971687316895
1919,907273,UNCLASSIFIED,0.522,1.26240074634552
1578,905935,PRAD,5.304128,5.606049060821533
1625,1331045,DLBC,4.612724,4.028604030609131
1091,753555,ESCA,3.127235,0.5345735549926758
1930,909720,UNCLASSIFIED,1.11617,0.15128232538700104
1613,724879,LUSC,5.294521,4.435555934906006
1007,1290814,MESO,-3.686175,-3.5914900302886963
1558,1331050,DLBC,1.895084,1.6909377574920654
2107,910947,LAML,1.852962,3.4897868633270264
1924,910930,DLBC,3.401626,3.2675445079803467
1199,724859,LUAD,5.297516,4.515929698944092
1918,1327773,DLBC,1.096987,2.0791215896606445
1936,910941,NB,1.840317,1.6219534873962402
1085,910554,COREAD,2.079229,2.8208649158477783
1911,907790,COREAD,-6.012059,-6.1768059730529785
1557,724866,LUAD,5.46408,5.106326580047607
1915,924240,BRCA,2.418289,1.9073920249938965
1259,908144,LGG,3.568137,4.403037071228027
1373,909773,DLBC,3.704261,3.52480411529541
2109,1298134,CESC,2.249621,2.6287639141082764
1799,909745,GBM,5.345367,5.283357620239258
1598,905970,LUAD,3.475834,4.950310707092285
1046,687812,LUAD,1.403202,2.941723585128784
1615,910941,NB,4.585968,4.817750453948975
1012,908121,BRCA,1.129052,0.5733226537704468
1631,906839,GBM,5.055778,3.8974342346191406
1564,908471,UNCLASSIFIED,1.667213,2.03631329536438
1593,753563,MM,0.401357,-0.06787610054016113
1626,907291,COREAD,2.80595,1.57914137840271
1529,1303900,BRCA,2.167302,2.488556385040283
1511,687600,UNCLASSIFIED,0.757245,-0.19126403331756592
1250,907000,UNCLASSIFIED,-0.13463,1.3253369331359863
2048,998184,ALL,-5.750528,-5.8993096351623535
1083,1290455,LAML,1.698191,1.6714003086090088
1624,909740,COREAD,3.132192,4.358476161956787
1237,909751,COREAD,4.872798,5.329996109008789
1852,1240146,LUAD,5.279427,6.0586771965026855
2043,1290809,MESO,6.239039,5.619075775146484
1919,1240149,UNCLASSIFIED,1.368809,2.0244107246398926
1372,906855,LCML,-1.547771,-2.932861566543579
2047,753541,HNSC,2.429156,2.6735293865203857
2048,924186,UNCLASSIFIED,-4.122245,-4.382560729980469
1614,906827,UNCLASSIFIED,1.74026,3.8245668411254883
1047,906861,UNCLASSIFIED,5.61835,5.682240962982178
1083,905983,GBM,4.710322,4.046705722808838
1578,906824,CESC,4.917688,5.25857400894165
2046,1331037,DLBC,2.389616,1.5485107898712158
1068,688121,UNCLASSIFIED,1.13239,1.8876030445098877
1010,910937,SCLC,3.946236,3.187427282333374
2107,753616,NB,3.728412,5.032419204711914
1620,907285,PAAD,5.280598,5.94467306137085
1862,1240174,UCEC,-2.210259,-1.2739744186401367
1852,1298169,KIRC,5.499523,5.256904125213623
1194,1660034,COREAD,1.153149,2.8322536945343018
2096,907268,UNCLASSIFIED,3.950229,2.4189462661743164
1912,909748,COREAD,4.223834,3.0165634155273438
1199,906844,BRCA,2.002943,2.1459884643554688
1259,1240199,OV,7.672174,5.750730514526367
1005,905957,BRCA,4.200458,2.7716751098632812
1617,905990,OV,0.306227,5.310876369476318
1511,925343,UNCLASSIFIED,-0.836807,-1.0961577892303467
1932,753612,MM,2.141973,3.3487937450408936
1131,905940,LCML,5.52987,3.956873655319214
2045,906861,UNCLASSIFIED,5.551706,4.928013801574707
2043,930297,CESC,4.519889,5.088903427124023
1372,1240208,PAAD,-2.075857,-1.7763643264770508
1786,905959,OV,4.831966,4.663029193878174
1635,1298219,UNCLASSIFIED,5.99588,5.989447116851807
1004,905965,UNCLASSIFIED,-6.299991,-6.973384857177734
1011,909784,SKCM,2.694316,3.341820001602173
1096,749715,BRCA,4.455014,3.463604688644409
1915,905990,OV,3.986322,2.5421128273010254
2096,949153,ALL,1.981067,1.512328863143921
1511,909719,LIHC,-1.108812,-1.1313459873199463
1053,1240226,SKCM,3.899192,3.663529872894287
1180,1298146,LIHC,-2.102942,-1.1887459754943848
1849,906836,UNCLASSIFIED,-3.903607,-2.7236685752868652
2044,909777,UNCLASSIFIED,1.855009,2.001533269882202
1553,1240192,SCLC,4.937744,4.5296950340271
1630,908476,LUAD,3.088034,3.4993834495544434
1549,1290769,COREAD,7.64047,6.002168655395508
2110,910689,COREAD,6.74634,7.335531234741211
1940,1240123,COREAD,3.294111,3.263333797454834
1854,753573,ESCA,3.134908,4.055373191833496
2106,688026,SCLC,1.600406,2.441046714782715
1259,946355,ESCA,6.051116,4.185257911682129
1058,1298151,LIHC,2.133293,1.8309149742126465
1093,687562,GBM,4.155645,3.310243606567383
1918,713899,SCLC,4.304073,3.5168585777282715
1854,753532,HNSC,3.890646,4.956798553466797
1941,1298219,UNCLASSIFIED,-1.288496,-4.3985748291015625
1012,1303896,UNCLASSIFIED,-0.048037,0.050203144550323486
1853,909753,OV,4.115308,4.129283905029297
1598,1240151,STAD,5.160993,5.04060697555542
2106,688087,NB,3.13792,2.336199998855591
1926,1298359,ESCA,0.207127,-0.016413360834121704
1855,910700,COREAD,6.241325,5.472871780395508
1853,909904,PAAD,3.874421,4.934085845947266
1511,753589,SCLC,0.868417,1.0338351726531982
2048,687985,SCLC,-4.395508,-3.8753268718719482
1168,908447,NB,2.404085,3.445652484893799
1933,906848,UNCLASSIFIED,3.927349,2.633253335952759
1855,925338,BRCA,4.811686,4.357222557067871
1529,946353,ESCA,2.266982,-0.37606823444366455
1940,1330993,PRAD,4.806328,3.584653377532959
1191,905973,UNCLASSIFIED,-4.533248,-4.407096862792969
2109,907320,ESCA,4.186971,2.321573495864868
1933,907311,LCML,4.574976,3.5560414791107178
1913,910943,GBM,4.825336,5.19115686416626
1050,749709,BRCA,2.835887,1.927633285522461
1507,1290797,PAAD,4.53404,4.552914619445801
1007,1290908,LUAD,-4.15192,-4.6107354164123535
1003,907000,UNCLASSIFIED,-4.997052,-4.380375385284424
1091,906869,STAD,1.352886,2.1073074340820312
1939,687985,SCLC,2.326611,3.059466600418091
1799,724878,LUAD,7.168776,6.351846218109131
1629,906800,UNCLASSIFIED,3.21749,3.3917882442474365
1036,910948,BRCA,5.344435,5.604726314544678
1936,753561,HNSC,2.692707,1.8469676971435547
1931,909740,COREAD,8.163155,6.710827350616455
1046,1240179,CESC,1.949203,1.895676851272583
1084,1240187,LUAD,-4.219238,-3.0903425216674805
1624,949165,UNCLASSIFIED,2.892357,3.545708417892456
1598,1290795,UNCLASSIFIED,6.214052,4.830130100250244
1622,687800,LUAD,7.416511,5.985979080200195
1576,906875,NB,1.527788,2.4116969108581543
1051,753612,MM,-2.518519,4.211407661437988
2106,905974,SKCM,1.731649,2.1108920574188232
1624,753608,LUAD,4.712721,3.671011209487915
1054,910544,LCML,1.04444,0.793271005153656
1563,906839,GBM,6.571112,6.061936378479004
1561,1298168,KIRC,2.504364,2.9020779132843018
1614,1290455,LAML,2.641975,2.492035388946533
2043,909754,UNCLASSIFIED,5.932692,6.307636737823486
1622,910689,COREAD,7.314439,7.132742881774902
1375,905989,COREAD,5.611992,5.429415702819824
1915,687561,GBM,2.934145,2.7148172855377197
1912,905979,KIRC,3.960119,4.070564270019531
2040,910544,LCML,0.580268,0.01778799295425415
1853,906790,STAD,3.012948,4.016868591308594
1053,910920,KIRC,1.839752,2.3955841064453125
1932,909779,UNCLASSIFIED,1.955715,2.562654733657837
1059,907794,COREAD,-1.334362,-0.7156582474708557
2048,687800,LUAD,3.137689,0.7759580016136169
1630,909262,UNCLASSIFIED,3.078376,2.3921539783477783
1621,906872,NB,5.429788,5.27268123626709
1007,687983,SCLC,-4.403053,-5.148227691650391
1854,1298134,CESC,4.460958,3.9625909328460693
1917,908159,UNCLASSIFIED,0.173163,-0.024415671825408936
2096,688014,SCLC,5.975601,4.417707920074463
1034,910779,UNCLASSIFIED,-0.96588,-2.5181870460510254
1933,687568,GBM,5.028393,5.0192999839782715
2040,1330933,UNCLASSIFIED,-0.474717,-1.2184193134307861
1614,687506,CESC,3.911256,4.013411521911621
1080,910569,COREAD,-4.289964,-3.6180319786071777
1073,906869,STAD,4.821212,5.591854095458984
1916,688086,NB,3.170843,3.1703708171844482
1036,1240179,CESC,5.078584,4.0935845375061035
1941,1295740,ALL,-0.0966,-1.687718152999878
1939,909780,BLCA,1.428261,2.014148473739624
1051,1674021,COREAD,2.008104,1.3985791206359863
1093,907290,UNCLASSIFIED,5.631611,5.137096405029297
1549,753615,MM,3.809303,4.577092170715332
1939,905967,LUAD,5.656783,3.5005831718444824
2096,909774,UNCLASSIFIED,2.909547,1.7854743003845215
1084,909253,LAML,-2.358832,-1.8659310340881348
1563,1330987,UNCLASSIFIED,4.124833,4.093621253967285
1200,908441,,2.292016,2.3073232173919678
1613,1240141,MESO,5.728909,4.700967788696289
1873,1240196,HNSC,1.623591,1.6085050106048584
1626,1240146,LUAD,6.286586,3.521028995513916
1372,749711,BRCA,2.741165,2.2981815338134766
1862,908454,UNCLASSIFIED,-2.380196,-2.1051838397979736
1060,1303897,DLBC,1.867189,1.2611443996429443
1529,906804,UNCLASSIFIED,0.790645,-1.2726128101348877
1249,908459,UNCLASSIFIED,3.729095,4.037803649902344
2046,908463,LUAD,5.016123,4.9584736824035645
1635,1290808,MESO,6.031735,5.654341697692871
1004,946360,OV,-1.325196,-1.615036964416504
1022,1240154,THCA,0.009469,-0.4999917149543762
1085,687812,LUAD,3.935112,3.259472131729126
1549,905961,COREAD,5.155819,5.570424556732178
1862,946361,UNCLASSIFIED,-1.416419,-1.4192819595336914
1073,949164,UNCLASSIFIED,4.551458,5.425193786621094
1053,906853,UNCLASSIFIED,6.558765,5.896969318389893
1915,753575,ESCA,0.729568,1.6345763206481934
1926,905938,LAML,-0.304103,0.5243916511535645
1080,907323,UNCLASSIFIED,-3.833029,-3.482048273086548
1852,1298538,LUSC,5.880194,5.328672885894775
1093,1290813,MESO,3.760564,3.893881320953369
1622,949168,UNCLASSIFIED,5.503089,5.118898868560791
1199,1240155,STAD,3.987876,2.832237958908081
1250,1240184,UNCLASSIFIED,1.719415,3.8750851154327393
1852,930298,CESC,6.169489,5.198178768157959
1047,949171,NB,1.438737,1.1300684213638306
1073,946358,ALL,0.759572,1.8851490020751953
1617,906862,BRCA,-5.674883,0.2194250375032425
1022,1330985,LAML,-1.534381,-1.782339334487915
1089,1330985,LAML,2.047824,2.1967968940734863
1924,910922,KIRC,4.748339,3.3076279163360596
1013,910952,KIRC,1.937878,3.2262985706329346
1941,909757,COREAD,-0.67683,-1.1793832778930664
1849,907048,BRCA,0.256738,0.5102723836898804
1561,1240134,MESO,2.113698,2.143333911895752
2111,1240155,STAD,5.104981,4.621498107910156
1057,910900,LUAD,-1.074258,-1.159806489944458
1564,1298157,BRCA,5.015643,2.859299898147583
1180,909975,UNCLASSIFIED,-0.49059,-0.870045006275177
1625,910916,HNSC,5.069669,5.081826686859131
1079,908472,LUAD,3.312106,3.0183091163635254
1557,908459,UNCLASSIFIED,5.01869,4.7390241622924805
1624,724859,LUAD,5.376603,4.423788547515869
1017,910941,NB,3.074205,2.135305166244507
1080,910687,ALL,-5.432212,-4.82112979888916
1622,753612,MM,2.390905,3.261082887649536
1997,909716,UNCLASSIFIED,3.834787,3.772998571395874
1032,687798,LUAD,-0.935354,-1.1007559299468994
2107,687798,LUAD,5.134376,5.506117343902588
1191,909977,UNCLASSIFIED,-3.566044,-4.509446144104004
1564,1503364,STAD,2.187281,0.3481889069080353
1058,1240179,CESC,2.465334,2.474112033843994
1249,753532,HNSC,4.333848,3.6338212490081787
1593,1240147,LIHC,3.269035,0.7727383375167847
1013,1240159,LIHC,2.903587,4.764857769012451
1852,1247871,ALL,3.816711,4.540833473205566
1918,909750,LGG,1.545388,2.0716629028320312
1930,1299070,OV,0.423109,-0.3320881128311157
1922,908455,STAD,2.707971,1.6196718215942383
1997,924250,STAD,0.722808,2.123795986175537
1915,907300,LAML,1.843788,2.2395994663238525
1618,908467,UNCLASSIFIED,3.51093,3.519266128540039
1996,905952,ALL,2.551142,1.5469155311584473
1034,906999,UNCLASSIFIED,-4.924938,-3.475883960723877
1032,905990,OV,2.76842,3.576000213623047
1578,749711,BRCA,4.452589,4.8697991371154785
1615,906812,BRCA,5.387876,4.702258586883545
2109,1298151,LIHC,3.884183,1.7554593086242676
1621,910569,COREAD,3.763456,3.6781821250915527
1631,688018,SCLC,2.308838,4.342526912689209
1854,905955,SKCM,4.488958,4.579402446746826
1849,930298,CESC,-1.171499,-0.29169487953186035
1053,907299,UNCLASSIFIED,0.890741,0.2641567587852478
1006,910915,PAAD,5.32454,4.709521770477295
2111,1240174,UCEC,2.943949,3.753185749053955
1927,1303900,BRCA,5.351501,4.576385974884033
1786,905964,MM,2.043947,1.2455083131790161
1079,688058,MESO,0.639259,1.5869519710540771
1939,909754,UNCLASSIFIED,1.923655,4.392821311950684
1034,949174,NB,-2.104366,-2.8215136528015137
1237,909749,BLCA,5.419018,5.524054050445557
1626,1327774,UNCLASSIFIED,2.502189,2.273364782333374
1854,1299050,HNSC,3.62524,4.943411350250244
1060,1298531,HNSC,-0.857846,-0.9990864396095276
1625,753585,KIRC,4.563856,5.142672538757324
1259,1240209,STAD,3.56136,4.402694225311279
1924,907058,SKCM,4.796601,4.17165470123291
1852,753615,MM,4.251702,5.019302845001221
1559,1331033,DLBC,-3.91398,-3.668064594268799
1873,909260,ALL,0.662282,0.44246745109558105
1034,1247871,ALL,-3.676418,-4.397958755493164
1180,1240127,UCEC,-3.308412,-2.5581493377685547
2045,687514,CESC,5.732518,5.250460624694824
1614,688058,MESO,6.134133,4.7764201164245605
2044,906795,THCA,3.323126,3.953713893890381
1375,1331038,DLBC,3.185067,4.468735694885254
1004,1659928,COREAD,-6.072786,-5.874032497406006
1928,753594,SCLC,3.343308,3.179072141647339
1079,753575,ESCA,-0.921525,-0.48920202255249023
1373,1327774,UNCLASSIFIED,3.729201,3.4421842098236084
1046,949158,UNCLASSIFIED,-1.257269,0.7957499623298645
2106,1240222,OV,-0.273799,0.9284586310386658
1558,1298226,LUSC,2.581982,2.3724241256713867
1073,1298533,PAAD,5.292896,4.2088236808776855
1996,905980,KIRC,5.702012,5.536157608032227
1259,1298222,ESCA,5.311656,4.879438877105713
1930,924187,UCEC,1.882688,1.1183557510375977
1177,909761,COREAD,5.638636,5.068451404571533
1239,687457,BLCA,3.601277,2.6809046268463135
1930,753562,HNSC,-0.640386,-0.39771735668182373
1635,687787,LUSC,5.157425,5.066380977630615
1529,1240212,CESC,-1.263395,0.23409293591976166
1618,1240155,STAD,3.013932,3.3833670616149902
1558,907055,STAD,1.554754,2.678257942199707
1593,1290455,LAML,-0.351623,1.2139956951141357
1912,1330942,LAML,3.791288,3.5816943645477295
1089,1240162,HNSC,5.662737,4.2882981300354
2048,924187,UCEC,0.712408,0.7702001929283142
2096,906792,SKCM,2.544676,1.43300199508667
1997,906797,BLCA,3.299804,3.204686403274536
1615,1290769,COREAD,5.280243,6.360607147216797
1083,683667,MB,1.103857,2.8376457691192627
1179,906693,PAAD,0.594115,0.3530464768409729
1054,1298357,STAD,5.816947,4.799757480621338
1917,1298350,LUAD,4.209766,2.9890692234039307
1073,1240142,LUSC,3.189174,2.5413565635681152
1563,735784,ESCA,5.93868,5.862668991088867
1925,924238,THCA,3.780402,4.942166805267334
1068,906824,CESC,1.724547,1.2232036590576172
1051,1240143,LUSC,-0.856847,1.2889301776885986
1022,753538,HNSC,-0.361401,-0.14151552319526672
1915,909703,ALL,2.22036,1.8445320129394531
1373,905947,KIRC,4.842018,4.047795295715332
1613,907061,HNSC,4.28496,2.8218672275543213
1036,946356,ESCA,5.063199,5.800771713256836
1553,1240212,CESC,5.244159,5.058511734008789
1560,1240127,UCEC,3.048444,3.1287825107574463
1862,753532,HNSC,-2.562276,-2.0668108463287354
1631,910922,KIRC,3.62932,2.568549871444702
1941,909725,SKCM,-2.916299,-3.573904037475586
1620,908129,UCEC,5.75708,5.587996959686279
1940,749711,BRCA,3.288346,3.313445806503296
2110,687802,LUAD,6.434002,5.418954849243164
1594,753616,NB,4.47719,5.348067283630371
1549,688021,SCLC,4.252262,5.755680561065674
1190,906833,MB,-3.319749,-4.213551044464111
1635,749711,BRCA,5.315986,4.8013224601745605
1046,908156,UNCLASSIFIED,-0.004533,-1.0491795539855957
1372,724838,BLCA,2.227388,0.28576457500457764
1003,1240192,SCLC,-0.828403,-1.8313877582550049
1919,908126,LCML,1.060509,1.5252954959869385
1627,949161,UNCLASSIFIED,3.072229,3.000805616378784
1911,1298219,UNCLASSIFIED,-2.299334,-2.751208782196045
1915,917486,COREAD,2.51588,2.614208459854126
1614,1659928,COREAD,3.681967,3.4132769107818604
1855,949160,UNCLASSIFIED,2.752086,3.379347801208496
1060,910941,NB,1.32574,1.1450090408325195
1093,949166,UNCLASSIFIED,5.039716,5.002450942993164
1006,909977,UNCLASSIFIED,4.637327,4.156869888305664
1909,998189,COREAD,1.259894,2.9054667949676514
1053,687787,LUSC,4.51165,3.661041259765625
1046,1240157,LIHC,2.396794,2.752960443496704
1091,1330973,SCLC,2.133732,2.855623722076416
1862,949167,UNCLASSIFIED,-1.814557,-1.6624555587768555
1912,908148,LAML,-1.016008,0.5727138519287109
1593,1298151,LIHC,0.241705,2.9765806198120117
1853,949164,UNCLASSIFIED,3.84834,4.136377811431885
1007,1240158,LIHC,-3.386283,-3.7878715991973877
1564,753548,LAML,2.570071,1.3106844425201416
1005,908141,LAML,0.181578,0.5945869088172913
1060,910915,PAAD,-1.841831,-0.5387189984321594
1852,905989,COREAD,2.746217,4.896240234375
1032,909769,UNCLASSIFIED,1.810997,1.914743423461914
1931,1290813,MESO,5.151849,4.713108062744141
1013,688014,SCLC,4.914232,4.56107759475708
1058,1298526,PAAD,1.266237,2.019660711288452
1925,1240189,SCLC,4.559643,4.262556552886963
1908,909731,UNCLASSIFIED,3.945416,2.8802688121795654
1855,905960,BRCA,3.956818,4.556518077850342
2046,753538,HNSC,3.498407,3.933035373687744
1873,910780,NB,0.426408,0.5163167715072632
1190,687819,LUAD,3.168234,4.1484270095825195
1512,909907,BRCA,6.124966,6.452065467834473
2107,905936,COREAD,4.637564,4.3561272621154785
1068,1240160,LIHC,3.779994,1.779160737991333
1259,688025,SCLC,1.607014,-0.019704431295394897
1177,905970,LUAD,5.727071,5.757188320159912
1004,908147,ALL,-6.278404,-6.388396739959717
1560,907287,COREAD,2.117469,2.653870105743408
1259,910935,DLBC,-0.260653,-1.0485470294952393
1930,905964,MM,0.187133,-0.38155311346054077
2106,1297446,ALL,2.500715,2.2873551845550537
1598,1240141,MESO,5.439623,5.019690990447998
1626,1330947,LAML,-1.472931,-0.7149483561515808
1057,908159,UNCLASSIFIED,-3.04383,-4.273321628570557
1190,910687,ALL,-5.908896,-4.212899684906006
1036,687798,LUAD,6.165209,5.4183783531188965
1919,1290808,MESO,3.191488,2.753674268722534
1047,909976,UNCLASSIFIED,2.284394,3.4891514778137207
1057,949090,OV,-0.953079,-1.8311336040496826
1561,1290809,MESO,1.811986,2.06402850151062
2048,749714,BRCA,-1.381379,-0.07005667686462402
1057,724872,SCLC,-2.225467,-1.3163034915924072
1635,688001,SCLC,4.886091,5.071951389312744
1563,907276,STAD,7.107506,5.777172088623047
1053,1331048,DLBC,1.866317,2.096201181411743
2045,905952,ALL,3.108771,3.0321013927459717
1618,907043,UNCLASSIFIED,3.369132,3.1277127265930176
1924,907057,LIHC,4.316042,4.506566047668457
2096,908470,MESO,5.491192,4.008805274963379
1932,687819,LUAD,3.507565,4.075200080871582
1940,906800,UNCLASSIFIED,2.584377,2.747041940689087
1997,687780,UNCLASSIFIED,2.107993,2.8659839630126953
1854,907787,ALL,4.606632,3.9231011867523193
1179,909750,LGG,0.103264,0.4171847701072693
1512,905974,SKCM,2.977459,4.728255748748779
2043,907276,STAD,5.799674,5.502265453338623
1622,753541,HNSC,4.708029,4.077172756195068
1927,713880,SCLC,4.483433,4.416233539581299
1635,946382,BRCA,4.307391,4.479415416717529
1372,1303896,UNCLASSIFIED,0.75028,1.5225398540496826
1916,907270,CLL,1.236091,1.3000831604003906
1017,930297,CESC,4.174321,4.9386887550354
1919,1659818,MM,0.811119,1.8662488460540771
1631,910694,GBM,5.731333,4.476716995239258
1007,753541,HNSC,-6.060866,-6.378506660461426
1375,1503367,ESCA,6.149307,5.868129730224609
1598,1299062,SCLC,5.270462,5.1121673583984375
1089,907276,STAD,4.404094,4.599328994750977
1941,908127,UNCLASSIFIED,-5.072788,-5.327042102813721
1250,1298539,UNCLASSIFIED,3.839812,3.6088764667510986
1549,905948,KIRC,5.28877,3.7501611709594727
1852,724866,LUAD,6.676656,5.8527045249938965
1855,907279,LGG,7.493706,6.288024425506592
1058,924238,THCA,0.289685,1.0094411373138428
1249,906856,UNCLASSIFIED,1.502125,0.9995917677879333
1936,909776,UNCLASSIFIED,3.626612,2.83120059967041
1512,909781,KIRC,7.431795,6.825758457183838
1912,1660034,COREAD,2.252575,1.4104361534118652
1936,906861,UNCLASSIFIED,2.326068,2.6322848796844482
1010,1330950,MM,3.094745,2.810502052307129
1191,687588,GBM,-5.250825,-5.243727684020996
1626,1330995,DLBC,1.147938,2.3088696002960205
2109,906869,STAD,1.552032,1.4041063785552979
1799,906842,DLBC,0.483307,1.3859307765960693
1561,910926,BLCA,0.872669,2.0393011569976807
1631,687457,BLCA,3.754029,4.262833595275879
1237,906808,SCLC,5.03497,5.472414016723633
1022,1298348,LUAD,0.060076,1.1923925876617432
1068,907058,SKCM,2.525037,1.1711926460266113
1617,910569,COREAD,4.614237,1.2284549474716187
1259,724839,CESC,2.772051,4.291416168212891
1786,906861,UNCLASSIFIED,3.892103,3.109548807144165
1561,907071,LIHC,3.677859,3.745164632797241
1786,910951,LCML,2.527741,1.470736026763916
1053,1240140,UNCLASSIFIED,3.634366,2.7828361988067627
1012,910849,UNCLASSIFIED,0.765226,1.4229423999786377
1249,1299075,PRAD,3.25376,3.6383864879608154
1512,1298357,STAD,6.037177,6.317445278167725
1940,1330942,LAML,3.568826,3.492861270904541
1614,908123,BRCA,4.475125,2.916696310043335
1375,910900,LUAD,5.658989,5.522512435913086
1931,910705,UNCLASSIFIED,2.221361,2.8955206871032715
1259,1299070,OV,0.289179,2.5851709842681885
1927,909743,ALL,3.98079,4.447192192077637
1910,909260,ALL,-0.544297,1.5560176372528076
1932,905990,OV,4.676828,4.644136428833008
1561,907271,LGG,2.425833,2.6521713733673096
1060,910952,KIRC,0.216178,0.5641757845878601
2047,1298365,OV,3.647127,3.2060365676879883
2107,1674021,COREAD,5.903746,5.0413641929626465
1927,1290797,PAAD,5.21039,4.517613410949707
1084,924238,THCA,-1.839115,-4.473006725311279
1512,906797,BLCA,5.532657,5.355301856994629
1910,907068,CESC,2.711626,2.839580774307251
1564,1290908,LUAD,2.731131,1.3642473220825195
1168,909728,LUSC,1.326556,2.3054800033569336
1373,1503367,ESCA,3.172744,4.189713001251221
1849,910933,GBM,0.502462,-0.6719525456428528
1634,1660034,COREAD,5.071325,3.9990923404693604
1011,905944,LUAD,4.141739,3.013526439666748
1563,1660034,COREAD,5.905139,5.446645736694336
1916,1240210,UNCLASSIFIED,-0.710295,-0.8508867621421814
1249,909255,UNCLASSIFIED,2.420672,2.6193928718566895
1912,910936,HNSC,-0.490811,0.7295022010803223
1624,1240173,COREAD,5.073289,3.6020050048828125
1625,907173,MESO,4.26001,4.79050874710083
2048,905937,COREAD,-3.276101,-4.283962249755859
1177,907272,ALL,3.904922,3.263535261154175
1634,908138,UNCLASSIFIED,4.552892,4.65130615234375
1578,909744,ACC,4.776502,4.339678764343262
1049,906865,SKCM,3.462802,3.103649854660034
1177,906795,THCA,5.926636,4.912588596343994
1622,907000,UNCLASSIFIED,4.130675,3.7670035362243652
1032,907056,UNCLASSIFIED,2.521315,3.03135085105896
1054,905935,PRAD,5.330999,5.094545364379883
1005,909729,GBM,5.376197,3.686283588409424
2096,1299064,ESCA,2.030917,2.223824977874756
1561,906838,UNCLASSIFIED,2.663013,2.041945219039917
1553,909975,UNCLASSIFIED,3.481366,5.00575590133667
1529,910689,COREAD,4.76648,7.50192403793335
1799,753555,ESCA,0.18168,1.503112554550171
1618,1297449,DLBC,3.07058,3.1299164295196533
1915,909780,BLCA,2.70241,2.828150749206543
1199,908473,LUAD,3.702313,4.269936561584473
1627,908121,BRCA,2.52958,2.1608593463897705
1853,753620,NB,3.677595,4.693484306335449
1249,906828,THCA,3.49222,3.18308687210083
1011,910705,UNCLASSIFIED,-2.805033,-0.08291515707969666
1621,909252,ALL,2.462292,2.272071123123169
1928,909255,UNCLASSIFIED,3.603293,2.812969446182251
1931,1240193,SCLC,4.224082,3.7367026805877686
2110,684059,UNCLASSIFIED,3.530686,3.83359694480896
1131,906843,CESC,2.799646,5.483985424041748
1627,908151,BRCA,2.181791,1.9631080627441406
1005,909716,UNCLASSIFIED,3.260395,2.503659963607788
1910,910915,PAAD,1.565612,2.8344225883483887
1005,907067,SKCM,3.362292,3.276926040649414
1799,909251,ALL,3.429939,3.8978476524353027
1930,1331037,DLBC,-1.895474,-0.20579981803894043
1510,1247871,ALL,4.297209,3.4013140201568604
1631,1240147,LIHC,2.599194,1.5977671146392822
1179,687800,LUAD,1.694838,2.229910135269165
1179,924107,CESC,-0.38853,-1.071272850036621
1079,688013,SCLC,1.877376,3.4013140201568604
1049,907170,NB,2.756105,2.6647515296936035
1249,753592,LUAD,2.512562,3.465057611465454
1011,1240187,LUAD,4.583922,2.4608142375946045
1190,908451,LAML,-4.324703,-3.618252992630005
2045,1240189,SCLC,3.768175,3.883619785308838
1047,910933,GBM,3.567771,2.8773202896118164
1047,1298348,LUAD,7.184356,6.727003574371338
1996,687819,LUAD,5.494959,4.262338638305664
1051,1331049,UNCLASSIFIED,-3.340931,-0.16567587852478027
1004,907792,COREAD,-1.406865,-1.1754541397094727
1626,687815,LUSC,3.599265,2.979796886444092
1910,908457,COREAD,1.638906,1.2292894124984741
1634,909264,UNCLASSIFIED,5.697803,4.584029197692871
1558,753584,BLCA,4.168839,3.4843127727508545
1053,687819,LUAD,2.597824,3.509345769882202
1529,1240132,MESO,3.329947,5.169483184814453
1373,753612,MM,2.983824,4.144356727600098
1191,1298475,PAAD,-4.622868,-4.043272018432617
1873,724855,UNCLASSIFIED,2.462182,1.9828073978424072
1915,909262,UNCLASSIFIED,2.590183,2.289609432220459
1084,907062,HNSC,-1.75747,-1.7202973365783691
1079,688014,SCLC,4.297409,3.9151790142059326
1849,1331048,DLBC,-1.763257,-3.1855814456939697
1510,749713,BRCA,1.401273,4.135476589202881
1911,906861,UNCLASSIFIED,-5.540269,-4.983946800231934
1939,687600,UNCLASSIFIED,2.44692,2.620652437210083
2045,713869,LUAD,5.707333,5.990896701812744
1933,1298218,PAAD,5.792292,5.005537033081055
1006,687563,GBM,0.881989,-1.4641425609588623
1052,905946,BRCA,3.19733,4.048899173736572
1614,1503367,ESCA,3.426272,4.166558265686035
1091,1331036,DLBC,0.457954,1.681103229522705
1553,1240209,STAD,2.700509,2.4233477115631104
1190,905980,KIRC,4.309419,1.7856075763702393
1615,753575,ESCA,6.805216,6.07586145401001
1563,1331032,DLBC,4.119641,4.518777847290039
1918,1240226,SKCM,4.151879,3.942021131515503
1005,907056,UNCLASSIFIED,5.303803,5.379966735839844
1558,909255,UNCLASSIFIED,1.911388,2.2824244499206543
1917,1330931,LCML,0.048093,0.6901332139968872
1924,1240199,OV,5.406857,5.7922282218933105
1631,924102,THCA,3.571334,4.093428134918213
1051,1240184,UNCLASSIFIED,3.198364,3.4241323471069336
1940,1503371,ESCA,3.582849,3.043429136276245
1511,1524416,KIRC,-0.737714,-1.0238256454467773
1073,906851,BRCA,4.38984,4.972840309143066
2044,724859,LUAD,3.029134,4.229046821594238
1559,910569,COREAD,-2.815898,-1.4747400283813477
1080,1524416,KIRC,-2.913006,-3.0903873443603516
1017,909779,UNCLASSIFIED,5.241307,4.543336391448975
1372,907783,LCML,-4.366107,-5.088305950164795
1614,688010,SCLC,5.212561,3.845501184463501
1622,905957,BRCA,3.826508,4.912428855895996
1053,1503363,ESCA,0.914912,0.9537473917007446
1941,1240218,PAAD,-5.258678,-4.40432071685791
1084,909257,OV,-2.792764,-3.2179651260375977
1507,906824,CESC,5.223315,4.874675273895264
1911,905968,OV,-6.112571,-6.100925922393799
1093,906872,NB,4.742184,5.458507537841797
1925,906868,LGG,4.523321,4.929848670959473
1084,1330987,UNCLASSIFIED,-3.700931,-3.7762186527252197
1614,688021,SCLC,6.891165,5.2090373039245605
1507,910906,UNCLASSIFIED,3.352905,3.397341012954712
2043,910704,BRCA,5.242059,4.601024627685547
2107,909785,UNCLASSIFIED,4.042124,3.5422239303588867
2106,753624,PAAD,5.612885,5.110763072967529
1563,905939,COREAD,7.746404,6.3635101318359375
1561,688023,SCLC,1.49012,0.10771647095680237
1908,722046,LUAD,0.721852,0.7510933876037598
1631,1290724,HNSC,2.889118,2.675581932067871
1558,906820,NB,3.842353,2.8513715267181396
1010,1524416,KIRC,3.585674,3.098790407180786
1911,946368,GBM,-5.054818,-5.33583927154541
1617,753554,LUSC,3.825071,1.6071279048919678
1926,1298537,LUAD,0.504056,0.4646589159965515
1928,908145,LGG,3.738845,3.9350383281707764
1997,717431,NB,1.717375,2.8345398902893066
1005,908465,LUAD,4.794135,4.781404495239258
1512,924187,UCEC,6.490901,5.762409687042236
1032,1240131,MESO,3.949517,4.488605499267578
1917,753584,BLCA,4.168076,2.3997528553009033
1249,910779,UNCLASSIFIED,4.558897,4.594274044036865
1510,1290810,MESO,4.084198,4.286679267883301
2047,908454,UNCLASSIFIED,2.788648,3.4083328247070312
2096,687985,SCLC,2.346716,3.403576612472534
1239,1240153,SKCM,1.407466,2.3711206912994385
1022,910936,HNSC,-0.023937,-0.23451930284500122
1630,749717,BRCA,5.487074,4.347245216369629
1912,1298151,LIHC,3.432997,3.479156970977783
1017,906871,LGG,3.903034,3.6703238487243652
1941,910781,UCEC,-5.085597,-3.676671266555786
1084,1674021,COREAD,-1.786201,-2.915741443634033
1249,909977,UNCLASSIFIED,5.415932,4.861330986022949
1512,1331045,DLBC,4.318162,4.326767921447754
1939,910920,KIRC,5.384576,3.4749701023101807
1912,909703,ALL,1.54823,1.8765969276428223
1927,908126,LCML,4.816501,4.502615928649902
2106,713869,LUAD,5.692061,5.95865535736084
1617,909697,STAD,1.466412,1.8980836868286133
1936,1330973,SCLC,4.192745,3.842467784881592
1855,684072,UNCLASSIFIED,2.877607,2.894904375076294
1873,713880,SCLC,0.046519,0.5773856043815613
1259,925340,STAD,3.692914,3.5420308113098145
1558,908443,LUSC,4.677942,3.512746810913086
1862,908473,LUAD,-0.58452,-1.3969464302062988
1093,908483,SCLC,4.317664,2.7928078174591064
1629,908463,LUAD,6.177145,5.689899444580078
1917,753539,UNCLASSIFIED,0.182131,0.533110499382019
2107,909703,ALL,4.513966,4.114262104034424
1915,687455,BLCA,2.537889,2.2146565914154053
1012,906830,SKCM,3.622254,2.4567182064056396
1928,924244,LUAD,4.393547,4.9029130935668945
1017,1240122,HNSC,4.989857,4.731311321258545
1996,908142,UNCLASSIFIED,2.95508,2.151367664337158
1372,1503361,ESCA,1.492002,1.8884694576263428
1093,907275,LAML,4.277777,3.630181074142456
1013,687455,BLCA,2.892243,4.008963584899902
1053,905957,BRCA,1.148751,1.8712940216064453
2110,905967,LUAD,4.844963,4.021214962005615
1553,753612,MM,3.312528,2.2822213172912598
1560,925347,PAAD,4.091471,5.04695987701416
1930,905933,OV,0.407413,0.1644486039876938
1621,905938,LAML,4.286483,4.579965591430664
1908,925348,PAAD,3.047101,2.2391295433044434
1593,687505,CESC,2.828562,2.7084600925445557
1862,908144,LGG,-2.372355,-1.9004125595092773
1910,1240141,MESO,5.004114,3.8056483268737793
1918,1303896,UNCLASSIFIED,0.219663,0.6779071092605591
1259,905973,UNCLASSIFIED,3.90856,4.548635482788086
1939,1290814,MESO,3.730778,3.5793023109436035
1084,1290812,MESO,-0.621684,-1.5022883415222168
1912,909720,UNCLASSIFIED,4.228546,3.3911964893341064
1916,946382,BRCA,-0.04774,0.010178327560424805
1873,905979,KIRC,1.602308,1.8628618717193604
1922,905983,GBM,2.380406,2.194575548171997
1909,949163,UNCLASSIFIED,1.581602,1.3025586605072021
1022,909263,COREAD,-0.522975,0.4940255284309387
2109,1503361,ESCA,1.686054,2.7068021297454834
2040,753608,LUAD,1.017675,1.1689269542694092
2111,909719,LIHC,4.009135,4.418192386627197
1916,1299081,SKCM,3.117267,2.523322105407715
1512,753608,LUAD,6.765654,5.8823723793029785
1191,1240215,UNCLASSIFIED,-4.722199,-5.371974468231201
1559,909719,LIHC,-1.645452,-2.8557193279266357
1091,906827,UNCLASSIFIED,2.385575,2.075779914855957
1618,907072,UNCLASSIFIED,2.29607,3.4374630451202393
1930,687505,CESC,-0.821289,-0.2838793992996216
1003,910784,UNCLASSIFIED,-1.720835,-2.7082724571228027
1239,687819,LUAD,5.36674,4.969382286071777
1941,1298529,HNSC,-3.52154,-4.562985420227051
1624,1330983,LAML,2.585884,1.2527539730072021
1259,949161,UNCLASSIFIED,-3.918793,-3.996877431869507
1200,1290812,MESO,4.935763,4.724153518676758
1924,909248,MB,3.975216,4.4499030113220215
1558,909737,LIHC,4.027927,3.20222544670105
1046,1331049,UNCLASSIFIED,0.372306,0.13074861466884613
1057,683665,MM,-1.357325,-1.8679745197296143
1259,753575,ESCA,5.862305,6.123902797698975
1622,724859,LUAD,5.75669,4.1712236404418945
1563,753586,UNCLASSIFIED,5.893439,5.682166576385498
2044,907273,UNCLASSIFIED,2.428773,2.4445090293884277
1852,908126,LCML,3.541352,4.265222549438477
1578,908136,UNCLASSIFIED,4.199429,3.914034843444824
1925,753612,MM,5.098364,5.0428595542907715
1911,1503364,STAD,-5.849646,-5.198855876922607
1191,907787,ALL,-5.600002,-5.803898334503174
1634,1524416,KIRC,4.444858,4.945488452911377
1131,925348,PAAD,3.324556,5.107492923736572
1940,909759,UNCLASSIFIED,4.769303,3.1806118488311768
1909,925346,PAAD,3.014421,2.696650981903076
1997,724828,NB,5.361315,4.1329450607299805
2046,713869,LUAD,3.371807,4.119166851043701
1200,753612,MM,2.329291,3.118962526321411
1916,1290813,MESO,2.802268,3.010427951812744
1049,905941,LUSC,4.105109,6.04689884185791
1557,909779,UNCLASSIFIED,5.703809,5.157961368560791
1919,1298538,LUSC,-0.150023,-0.22846198081970215
1259,949167,UNCLASSIFIED,-3.279943,-3.1524643898010254
1625,908146,ALL,3.192197,3.603959321975708
1093,907062,HNSC,4.324319,4.11277437210083
1561,1290905,BRCA,6.995479,6.092896461486816
1237,688006,SCLC,5.201141,4.632734298706055
1372,1298350,LUAD,0.635987,1.0384266376495361
1933,907042,LGG,4.99566,4.162680625915527
1630,906833,MB,2.530372,2.4650774002075195
1873,687590,GBM,1.019326,1.1160621643066406
1083,753573,ESCA,3.787647,3.0679962635040283
1618,907320,ESCA,4.118994,3.1883068084716797
1199,907172,SKCM,4.857483,3.8523507118225098
1010,753621,ESCA,1.471203,2.4784085750579834
1049,907783,LCML,2.137736,2.8108415603637695
1635,925338,BRCA,5.307832,4.997317314147949
1047,688013,SCLC,4.767949,3.449005126953125
1922,753621,ESCA,1.167473,2.3363845348358154
1249,909721,LUAD,6.232854,4.823489665985107
1799,907062,HNSC,3.985102,2.392094373703003
1786,1240142,LUSC,1.241409,2.3012025356292725
1634,687780,UNCLASSIFIED,5.278985,4.699061393737793
1593,1240131,MESO,4.944371,4.675692558288574
1926,1331033,DLBC,-0.622575,-1.420386552810669
1919,713880,SCLC,0.945111,0.5132722854614258
1558,1240215,UNCLASSIFIED,4.181628,3.4393999576568604
2044,946353,ESCA,2.444904,2.9631423950195312
1909,1298539,UNCLASSIFIED,3.255298,3.615025281906128
1931,908127,UNCLASSIFIED,5.388569,5.1591877937316895
1916,1322212,SCLC,1.197265,0.9804169535636902
1927,687807,LUAD,5.716265,6.386777400970459
1373,905977,SKCM,-0.035138,1.0586388111114502
1936,687563,GBM,1.88083,2.393528461456299
1940,1503365,ESCA,5.900705,4.825374603271484
1939,1240146,LUAD,3.477456,3.1465415954589844
1034,724863,UNCLASSIFIED,-3.102145,-3.120079278945923
1080,1298537,LUAD,-0.312367,-2.2368552684783936
1576,908475,LUAD,3.082492,2.8316755294799805
1068,905960,BRCA,1.500671,1.2583543062210083
1578,724872,SCLC,4.851201,4.341230869293213
1622,905946,BRCA,3.686547,4.522784233093262
1177,1503364,STAD,4.811693,4.405350208282471
1093,905945,BRCA,2.326731,4.156183242797852
1598,905940,LCML,2.595315,3.242978811264038
1917,687821,LUAD,3.545363,4.6561174392700195
1853,1299050,HNSC,4.393906,4.31946325302124
1618,907042,LGG,2.374644,2.830545425415039
1084,906839,GBM,-2.396888,-2.556088924407959
1909,1660034,COREAD,2.069628,1.8642561435699463
1617,906821,PAAD,1.420633,3.1021921634674072
1853,907796,UNCLASSIFIED,3.635951,4.609735012054443
1079,907317,ESCA,1.447155,-1.2246196269989014
1910,1298157,BRCA,2.568825,2.3195362091064453
1910,908454,UNCLASSIFIED,-0.376665,0.19433018565177917
1620,1480371,OV,5.92399,5.408514499664307
1058,749714,BRCA,1.422593,1.8602406978607178
1620,1331033,DLBC,3.052183,3.762936592102051
1786,687505,CESC,3.162985,1.462620496749878
1561,906834,MB,1.920515,1.8698887825012207
1511,1330993,PRAD,-1.810417,-1.5330169200897217
1060,907065,BLCA,2.415268,1.2214628458023071
1924,909716,UNCLASSIFIED,1.051599,1.0423178672790527
1849,907788,PRAD,-2.213365,-1.7972114086151123
1852,949168,UNCLASSIFIED,6.077932,5.198541641235352
1237,905938,LAML,4.601222,3.939601421356201
1060,1298350,LUAD,1.309733,0.947303295135498
2107,909719,LIHC,4.470937,4.895712375640869
1928,924110,UNCLASSIFIED,5.038426,4.0088067054748535
1080,906824,CESC,-3.162286,-4.254225254058838
1003,910548,OV,-2.945254,-2.383803606033325
1909,907067,SKCM,2.423996,2.5635745525360107
1853,910944,ALL,2.702683,3.7085862159729004
1618,949167,UNCLASSIFIED,3.299551,3.2309014797210693
1559,906805,LUAD,-2.241583,-2.7148003578186035
1168,687448,SKCM,3.75616,3.981841802597046
1936,909248,MB,3.142003,1.652651071548462
1047,905949,LUAD,1.915025,1.9515769481658936
1564,1295741,MM,1.555661,1.4750616550445557
1268,724825,MM,3.906691,4.235021591186523
1373,1240160,LIHC,4.738526,5.862631797790527
1924,1290724,HNSC,2.751215,2.3709068298339844
1191,906861,UNCLASSIFIED,-4.898685,-5.242183208465576
1578,910932,SKCM,5.595028,4.978143215179443
1088,906873,GBM,1.058851,1.697415828704834
1084,1299050,HNSC,-2.492552,-2.234876871109009
1375,1290809,MESO,6.111045,6.759863376617432
1928,905971,COREAD,3.458354,3.968036413192749
1564,906808,SCLC,4.809355,4.026983737945557
1624,910952,KIRC,1.341796,2.254844903945923
1512,924250,STAD,6.161083,6.1060357093811035
1855,909748,COREAD,6.382831,4.826478481292725
1010,910907,PAAD,4.269643,4.212434768676758
1852,724863,UNCLASSIFIED,5.990279,5.051809787750244
1621,909745,GBM,5.071293,5.028043746948242
1940,724825,MM,4.001027,3.3510262966156006
1373,753561,HNSC,4.348953,4.02960205078125
1578,1240128,UNCLASSIFIED,4.610061,5.141897201538086
1012,908131,UNCLASSIFIED,2.364166,1.7428078651428223
1259,1247871,ALL,-3.669128,-0.23181593418121338
1249,1240137,MESO,4.444576,4.317276477813721
1625,1303896,UNCLASSIFIED,1.770651,2.9776670932769775
1200,905980,KIRC,4.051505,4.540933132171631
1191,749713,BRCA,-4.812146,-4.890979766845703
1083,908149,UNCLASSIFIED,2.156944,3.5184218883514404
1083,687562,GBM,2.85454,2.1542158126831055
1510,905964,MM,2.57387,1.7074558734893799
1553,924104,THCA,4.681187,3.479703903198242
1054,905933,OV,6.020365,5.084036350250244
1996,909977,UNCLASSIFIED,4.758931,5.032627582550049
1598,906872,NB,5.30718,5.204455852508545
1862,909754,UNCLASSIFIED,-1.467488,-1.1536588668823242
1553,910903,SKCM,2.115835,2.094327926635742
1080,907170,NB,-6.074243,-5.395090103149414
2096,908474,UNCLASSIFIED,2.888081,2.9031941890716553
1239,753608,LUAD,1.790111,2.682563066482544
1034,909743,ALL,-3.207924,-3.2997963428497314
1613,925341,UNCLASSIFIED,3.321719,2.951667547225952
1038,1290922,BRCA,3.201106,2.774650812149048
1631,907000,UNCLASSIFIED,2.039934,2.1068599224090576
2110,908121,BRCA,3.619789,3.6877987384796143
1560,749712,BRCA,3.411042,2.224259376525879
1624,906847,UNCLASSIFIED,1.157085,1.9246978759765625
1626,908447,NB,3.689801,4.219668865203857
1191,905969,OV,-3.764232,-4.775668621063232
1911,908145,LGG,-4.957704,-6.471529960632324
1911,906834,MB,-6.942002,-7.016225814819336
1786,905969,OV,4.565816,4.979324817657471
1511,925348,PAAD,1.679437,0.02238243818283081
1918,910948,BRCA,4.476672,2.581780195236206
1854,908447,NB,5.405337,5.314564228057861
1564,907271,LGG,1.253983,3.4408609867095947
2111,949157,UNCLASSIFIED,4.358096,4.683110237121582
1005,949094,GBM,2.126732,2.957852363586426
1007,1290722,THCA,-4.305977,-4.5706963539123535
1849,906863,HNSC,-1.501785,-0.9190645813941956
1799,907300,LAML,3.140147,2.9510397911071777
1004,909757,COREAD,-4.319812,-3.3385467529296875
1080,688121,UNCLASSIFIED,-3.505292,-1.717242956161499
1093,905969,OV,5.89973,5.304541110992432
2111,749709,BRCA,4.904329,5.068558692932129
1080,1330973,SCLC,-2.826075,-0.5069805979728699
1088,724839,CESC,2.987953,4.218362808227539
1913,724859,LUAD,6.264995,5.276727676391602
1617,905952,ALL,-3.004634,-1.594170093536377
1259,909743,ALL,0.448344,1.6834535598754883
1613,946353,ESCA,3.94564,2.684579610824585
1375,924110,UNCLASSIFIED,5.406687,5.745367050170898
1051,688010,SCLC,-1.504126,-0.007789939641952515
1578,909761,COREAD,6.279888,5.0810112953186035
1613,1299070,OV,2.943381,3.432656764984131
1936,907299,UNCLASSIFIED,1.353531,2.1020748615264893
1618,909701,UNCLASSIFIED,2.373889,2.2080538272857666
1199,1240223,THCA,4.997431,5.616400241851807
1926,724839,CESC,2.548153,3.049570322036743
1080,1240141,MESO,1.250204,0.901279628276825
1932,1240157,LIHC,3.857169,2.547312021255493
2044,1240122,HNSC,3.737262,3.592099905014038
2111,907787,ALL,2.691057,2.4883666038513184
1909,687997,SCLC,-0.106262,1.064692497253418
1036,1327774,UNCLASSIFIED,3.810402,3.341932535171509
1553,910702,PAAD,5.061346,4.37709903717041
2040,905949,LUAD,0.40368,0.19105958938598633
1553,908147,ALL,-0.038808,0.5914562344551086
1910,1240201,PAAD,2.534012,3.1703596115112305
1046,905939,COREAD,1.682872,1.575380802154541
1032,906847,UNCLASSIFIED,1.208492,1.1889376640319824
1940,906798,BLCA,3.719778,3.8543386459350586
2111,1240134,MESO,4.215205,4.281304359436035
1060,909708,HNSC,-1.25526,-1.0254158973693848
1089,1503370,LUAD,2.304135,2.3873085975646973
1553,1298151,LIHC,5.088548,4.629740238189697
1917,724878,LUAD,4.047892,3.2785162925720215
1553,909249,MM,0.829991,0.6467320919036865
1576,1330933,UNCLASSIFIED,1.908655,1.2355501651763916
1049,907313,GBM,4.475408,3.592944383621216
1549,1240198,OV,3.654886,2.795760154724121
1005,905965,UNCLASSIFIED,0.57961,-0.14352625608444214
2106,724828,NB,5.572559,3.5393917560577393
1927,930299,THCA,4.370925,6.052785873413086
1060,910933,GBM,-1.784238,-1.0805506706237793
1931,688121,UNCLASSIFIED,6.333002,5.635993957519531
1372,908144,LGG,1.373917,2.090085983276367
1996,688086,NB,5.422179,2.447664499282837
1624,713899,SCLC,3.690524,3.7995684146881104
1046,724831,UNCLASSIFIED,1.842497,1.9098618030548096
1578,910905,COREAD,5.353363,6.149425983428955
1372,905947,KIRC,0.686185,1.030080795288086
1617,1240128,UNCLASSIFIED,2.466269,2.060408592224121
1634,906853,UNCLASSIFIED,5.303755,5.459645748138428
1913,910852,BRCA,5.602607,4.831068515777588
2048,688001,SCLC,-3.94344,-3.9610860347747803
1932,1240198,OV,2.406028,3.0827994346618652
1908,908143,UNCLASSIFIED,2.616517,3.1823372840881348
2044,1240123,COREAD,4.867971,3.9253978729248047
1559,1240223,THCA,-0.658759,0.4656156301498413
1057,1240200,OV,-0.342593,-2.207463026046753
2040,909735,UCEC,1.44087,1.0493440628051758
1036,906835,GBM,3.192421,5.09623384475708
1012,909719,LIHC,1.479274,2.004262685775757
1622,1298151,LIHC,4.421213,3.985612392425537
1507,906847,UNCLASSIFIED,4.29311,4.368175983428955
2044,1299050,HNSC,3.965568,4.103140354156494
1084,907065,BLCA,-2.093394,-1.1513593196868896
1908,1330964,SCLC,4.793929,2.9016711711883545
1909,909735,UCEC,1.535589,2.302603006362915
1259,905972,LUAD,2.272227,3.5529611110687256
1529,753561,HNSC,0.004598,-0.9843695759773254
1079,1240128,UNCLASSIFIED,2.043225,2.1542587280273438
1079,1330933,UNCLASSIFIED,1.643557,-0.8483301997184753
1180,724870,PAAD,-3.071943,-2.5610532760620117
2045,724878,LUAD,7.026735,6.530825138092041
1855,1247873,LUAD,4.196196,5.154643535614014
1093,906846,UNCLASSIFIED,4.274673,3.639488697052002
2111,910927,BRCA,2.103111,3.456279754638672
1005,1298538,LUSC,3.485417,3.5201010704040527
1013,907276,STAD,4.914714,3.9107067584991455
1093,1298533,PAAD,4.726178,4.332210063934326
1511,907268,UNCLASSIFIED,-3.278646,-2.9511756896972656
1625,909746,COREAD,5.519364,5.994825839996338
1007,906812,BRCA,-5.581017,-4.958412170410156
1626,908470,MESO,1.561537,2.7266979217529297
1032,909248,MB,2.244037,2.455322265625
1598,949166,UNCLASSIFIED,3.968535,4.3095598220825195
1091,753576,ESCA,3.289401,3.177151679992676
1049,1240217,LIHC,4.644611,1.6782379150390625
1932,908151,BRCA,4.217501,3.9498348236083984
1079,907051,UCEC,3.182841,3.2003040313720703
1004,1240181,NB,-4.46524,-3.291637897491455
1854,906804,UNCLASSIFIED,3.583016,4.534994602203369
1564,753585,KIRC,4.406629,3.2054176330566406
1529,1295740,ALL,-1.067818,-1.982729196548462
1615,908126,LCML,4.79897,4.593754291534424
1918,909256,BRCA,3.472978,-0.416949987411499
1563,1331040,UNCLASSIFIED,3.915538,3.7601592540740967
1032,905989,COREAD,1.237494,1.8768153190612793
1199,908457,COREAD,3.449471,3.8978047370910645
1091,907071,LIHC,2.482211,2.188342571258545
1022,724872,SCLC,-0.303031,0.002147376537322998
1913,908460,LUAD,8.149737,7.165630340576172
1553,949168,UNCLASSIFIED,1.563656,1.9576539993286133
1079,905991,OV,0.862705,-0.9748840928077698
1578,1480362,OV,4.155721,5.641678333282471
1593,687588,GBM,2.86475,3.498863935470581
1510,909744,ACC,2.247368,3.4964840412139893
1011,905939,COREAD,3.476255,0.008206069469451904
1553,753555,ESCA,1.60028,2.436013698577881
1058,724879,LUSC,2.302876,1.911682367324829
2040,1299062,SCLC,1.470009,2.3864195346832275
1915,1240217,LIHC,3.253318,2.747483730316162
1512,906831,UNCLASSIFIED,3.693115,3.990086078643799
1852,713869,LUAD,5.906085,5.560667037963867
1168,910849,UNCLASSIFIED,2.723079,2.962456464767456
1620,1299080,SKCM,5.687431,5.070672035217285
1259,909728,LUSC,3.210268,3.608609676361084
1003,717431,NB,-2.89981,-3.323608160018921
1578,753556,LUSC,4.867078,5.334005832672119
1594,905937,COREAD,3.898275,4.566314220428467
1053,1290807,UNCLASSIFIED,3.120262,3.202256202697754
1248,1299075,PRAD,-2.088495,-5.247788429260254
1017,688023,SCLC,3.433604,4.1053547859191895
1088,909716,UNCLASSIFIED,3.018882,2.4048426151275635
1631,909250,KIRC,4.548293,3.6331379413604736
1632,906851,BRCA,3.828688,3.133354902267456
1631,907314,NB,2.700418,3.057572364807129
1088,688121,UNCLASSIFIED,1.451238,1.4090073108673096
1873,924250,STAD,2.433273,2.1172802448272705
1563,1240217,LIHC,5.095718,5.2503557205200195
1259,907170,NB,-2.069587,-3.0896267890930176
1375,924239,MM,5.539682,4.566152095794678
1007,906790,STAD,-4.826227,-6.2893218994140625
2043,907270,CLL,4.716465,3.715336322784424
1557,687505,CESC,5.477898,4.824051380157471
1073,1290809,MESO,6.729679,5.216482639312744
1873,907790,COREAD,0.355689,0.1390635371208191
1926,910702,PAAD,1.959283,2.374781847000122
1560,924241,SCLC,4.368557,5.559784889221191
1915,909777,UNCLASSIFIED,2.258692,1.9731342792510986
1012,1240131,MESO,5.033211,3.5966243743896484
1621,949165,UNCLASSIFIED,3.596949,4.5869140625
1375,1295741,MM,4.202144,3.5080556869506836
1578,753558,KIRC,6.812397,5.575655937194824
1047,925348,PAAD,5.898744,6.352442741394043
1996,909263,COREAD,3.57498,4.8734049797058105
2111,713880,SCLC,3.694502,3.758894443511963
2043,1290797,PAAD,4.542315,5.0358052253723145
1012,687455,BLCA,2.852949,2.1655192375183105
1855,687812,LUAD,5.757769,4.894383430480957
1629,906820,NB,4.747607,4.470919609069824
1564,909770,STAD,0.314582,0.8318549394607544
1190,1330947,LAML,-4.711571,-5.375197887420654
1997,930299,THCA,6.264993,6.207833290100098
1012,925346,PAAD,3.928924,1.9180662631988525
1249,909725,SKCM,4.675354,5.017977237701416
1561,910401,UNCLASSIFIED,3.098257,2.852334976196289
1941,906826,BRCA,-6.863287,-4.849512577056885
1919,1298537,LUAD,1.590912,1.2410963773727417
1786,1330995,DLBC,2.13857,2.069780111312866
1177,924240,BRCA,4.543844,4.761093616485596
1930,908126,LCML,-0.442065,0.5396618843078613
1005,924107,CESC,2.422929,2.5986311435699463
1375,907044,UNCLASSIFIED,2.60275,3.8989880084991455
1932,1331048,DLBC,3.003819,2.047297716140747
1168,1240202,LUAD,-1.515233,-1.488098382949829
1629,908471,UNCLASSIFIED,2.741525,3.1741936206817627
1507,1298136,PAAD,5.198405,5.520629405975342
1083,906836,UNCLASSIFIED,-2.641189,-0.8364617228507996
1250,910947,LAML,-0.548844,-0.13147825002670288
1060,1240196,HNSC,2.014603,1.0355861186981201
1529,713880,SCLC,-1.308827,-1.4623146057128906
1911,908142,UNCLASSIFIED,-5.753227,-5.329785346984863
1939,753610,SCLC,2.460524,1.9825732707977295
1373,907000,UNCLASSIFIED,3.892975,4.086886882781982
1017,1674021,COREAD,4.563348,4.841880798339844
1059,1660034,COREAD,-0.787242,-0.3036692142486572
1060,1290724,HNSC,0.937301,1.4537417888641357
1032,909716,UNCLASSIFIED,1.397747,1.629720687866211
1932,907796,UNCLASSIFIED,3.606492,3.2276437282562256
1046,906844,BRCA,0.435697,0.5172028541564941
1630,688001,SCLC,4.072825,2.093519687652588
1180,907173,MESO,-2.063108,-2.1258065700531006
1873,688006,SCLC,1.193852,0.9720346927642822
2096,1298219,UNCLASSIFIED,6.229769,4.709747791290283
2047,724866,LUAD,3.444087,2.770001173019409
1620,924151,THCA,5.788212,5.4326090812683105
1931,908465,LUAD,6.130769,6.441856384277344
1922,1299081,SKCM,2.035742,1.874208688735962
1259,909755,COREAD,3.999129,4.833310127258301
1936,1503366,ESCA,1.541997,1.8211450576782227
1058,946360,OV,2.948491,2.2750003337860107
1910,924151,THCA,1.886389,2.429914712905884
1553,907069,UNCLASSIFIED,3.981289,3.8513083457946777
1855,909719,LIHC,4.548834,4.960898399353027
1012,908447,NB,0.533533,0.7691482305526733
1510,906848,UNCLASSIFIED,2.613402,2.877986431121826
1852,907071,LIHC,6.098082,6.107292652130127
1621,910947,LAML,2.976572,2.9598007202148438
1593,910948,BRCA,5.076163,3.988952398300171
1614,1240183,LUSC,3.315275,4.893435955047607
1089,749717,BRCA,6.380897,4.570692539215088
1910,907783,LCML,0.759054,0.4267504811286926
1912,905955,SKCM,4.512826,3.6168453693389893
1997,1240169,GBM,4.486248,4.007107734680176
1529,1299052,HNSC,-2.493327,-0.3830180764198303
1068,687983,SCLC,1.066498,0.8263824582099915
1083,925347,PAAD,5.011115,4.825288772583008
1034,749714,BRCA,-2.443285,-1.641186237335205
1249,906763,ALL,1.405709,1.7961158752441406
1003,749715,BRCA,-1.728301,-0.058643072843551636
1996,910850,LIHC,6.607807,5.406756401062012
1561,1240159,LIHC,2.757061,2.7879867553710938
1939,753572,PAAD,2.038768,2.5532796382904053
1088,1327769,DLBC,-0.010794,0.44693219661712646
1080,998189,COREAD,-1.504954,-2.2455482482910156
1627,907787,ALL,2.306101,2.1176092624664307
1936,1240162,HNSC,3.860528,3.694441080093384
1558,1240223,THCA,5.998475,6.64857816696167
1557,907290,UNCLASSIFIED,6.530454,6.002121925354004
2109,724873,LUAD,1.899185,2.5097944736480713
1032,753539,UNCLASSIFIED,1.734951,1.9676785469055176
1268,909716,UNCLASSIFIED,4.936742,4.2759599685668945
1926,753574,ESCA,0.41413,0.7331581711769104
1917,909747,COREAD,3.591444,4.118244647979736
1180,907796,UNCLASSIFIED,-2.30929,-1.1424953937530518
1237,1240166,UNCLASSIFIED,4.011846,4.308517932891846
1997,908462,MESO,4.946703,4.077319145202637
2110,907269,CLL,3.069294,2.3887126445770264
2111,1240210,UNCLASSIFIED,3.664402,4.0032572746276855
2109,905973,UNCLASSIFIED,3.61039,3.3803343772888184
1854,1240128,UNCLASSIFIED,5.615237,5.178342819213867
1615,910932,SKCM,4.381322,4.3805437088012695
1624,909263,COREAD,3.393841,3.209012508392334
1511,906832,DLBC,-2.177879,-3.0815482139587402
1068,1299081,SKCM,-0.039866,0.5376233458518982
1622,906864,THCA,4.673104,4.825390338897705
1096,907048,BRCA,2.136671,3.1702444553375244
2045,909699,UNCLASSIFIED,6.892855,5.6391730308532715
1010,906763,ALL,2.825688,2.1402854919433594
1032,908130,UCEC,3.927774,3.0179896354675293
1910,910546,PAAD,2.678436,2.5814967155456543
1093,749715,BRCA,5.912746,3.987839460372925
1932,908129,UCEC,5.495806,3.7955613136291504
1200,909264,UNCLASSIFIED,3.381827,3.3794479370117188
1085,998189,COREAD,3.388402,2.98555850982666
1089,907269,CLL,1.182621,0.49414876103401184
2047,907318,ESCA,2.902608,2.5963568687438965
1933,909907,BRCA,7.034367,4.647625923156738
1053,1298533,PAAD,5.070292,3.7812256813049316
1268,905964,MM,3.916863,3.3998899459838867
1259,1240143,LUSC,3.745302,4.5646748542785645
1239,1240167,ESCA,0.502871,0.9173101782798767
1916,910900,LUAD,4.123123,3.522984504699707
1549,908467,UNCLASSIFIED,4.441249,4.92406702041626
1927,1330972,SCLC,5.268583,4.414148807525635
2045,907291,COREAD,4.555005,4.2694010734558105
1553,906872,NB,5.159343,2.6818153858184814
1917,910904,HNSC,3.257059,2.0926625728607178
1622,930298,CESC,3.737294,4.389410018920898
1005,910907,PAAD,3.522298,5.5088276863098145
1854,1240200,OV,4.244048,5.565672397613525
1926,1240219,PAAD,1.002614,2.3648035526275635
1012,687505,CESC,0.405851,1.1844122409820557
1131,949177,NB,2.070477,1.979149341583252
1626,1299080,SKCM,3.673106,2.2162187099456787
1849,1240186,SCLC,2.393433,0.9352014064788818
1620,906797,BLCA,5.246002,5.539651393890381
1250,946353,ESCA,1.642322,2.473184823989868
1940,910920,KIRC,3.042714,2.6424806118011475
1915,908483,SCLC,2.521793,2.128185749053955
1053,905934,PRAD,4.626485,4.903907299041748
1578,930297,CESC,5.704965,5.2362542152404785
1079,753555,ESCA,1.249856,-1.3075599670410156
1996,909738,LIHC,5.315207,4.4823899269104
2107,753561,HNSC,3.909826,4.173190116882324
1922,910915,PAAD,3.288385,3.0826218128204346
1131,1331049,UNCLASSIFIED,3.559862,2.9862313270568848
2043,906833,MB,4.165017,4.420661926269531
1032,909747,COREAD,5.79223,3.2372357845306396
1549,910689,COREAD,3.64616,3.6322994232177734
1373,910932,SKCM,3.843386,1.750478982925415
2107,907794,COREAD,5.630445,4.924401760101318
1624,1240212,CESC,4.826733,4.378171443939209
1086,1298157,BRCA,-3.631544,-0.29338228702545166
1060,907072,UNCLASSIFIED,0.820721,1.1568907499313354
2040,1503368,ESCA,2.044364,2.0851387977600098
1529,1298529,HNSC,2.411245,1.109050989151001
2109,1240151,STAD,1.897663,2.5197579860687256
1022,905958,ALL,-1.17768,-1.2875370979309082
1620,687777,LUAD,6.448499,6.02239990234375
1003,907790,COREAD,-3.221495,-3.444072723388672
1625,1240216,LIHC,6.260803,5.324767589569092
1079,907792,COREAD,-1.257819,-0.22520554065704346
1375,910850,LIHC,5.853265,6.720024108886719
1073,753574,ESCA,5.384428,6.151257514953613
1011,907787,ALL,-2.921973,-0.12034040689468384
1919,687586,GBM,2.39413,2.3434219360351562
1268,909743,ALL,4.971105,4.490411758422852
1932,924151,THCA,2.604948,2.4343395233154297
1085,905942,LUAD,2.062648,2.3474807739257812
1190,905986,GBM,-2.141021,-1.1510295867919922
1003,908125,SKCM,0.292833,-0.7694429755210876
1250,684052,UNCLASSIFIED,1.275927,1.0657634735107422
2106,1322224,STAD,3.769778,0.9243558645248413
1996,687802,LUAD,4.911763,4.497365474700928
1635,907053,LAML,4.414077,4.1721720695495605
1618,906872,NB,3.243931,4.3289055824279785
1634,906864,THCA,4.960858,4.64625883102417
1179,687821,LUAD,3.660867,2.3572325706481934
1593,910784,UNCLASSIFIED,4.401,3.8503501415252686
1917,753618,NB,0.340317,0.21349599957466125
1913,1240123,COREAD,3.704544,3.9868037700653076
1909,908148,LAML,0.435326,-3.601705551147461
1005,1240223,THCA,6.749114,6.284786224365234
1060,949166,UNCLASSIFIED,2.506349,2.959634304046631
1131,1240123,COREAD,5.189486,4.721785545349121
1613,905948,KIRC,4.327075,2.7398972511291504
1624,909722,UNCLASSIFIED,0.620231,0.24299272894859314
2047,908130,UCEC,3.07572,3.075779914855957
1373,753554,LUSC,4.674752,1.7288901805877686
1855,906851,BRCA,3.811157,4.8271613121032715
1005,909736,LIHC,6.171969,5.214376926422119
1060,753562,HNSC,0.33454,0.034261465072631836
1249,906805,LUAD,3.673675,3.9222333431243896
1926,910688,LAML,-0.676298,-0.273109495639801
1034,1240132,MESO,-2.134616,-1.9273335933685303
1854,687600,UNCLASSIFIED,5.549125,4.859041213989258
1578,906836,UNCLASSIFIED,2.90807,3.1864404678344727
1003,1503361,ESCA,-1.66711,-1.677489995956421
1915,907173,MESO,3.151404,3.227444887161255
1564,1240154,THCA,0.153123,0.750322699546814
1997,684072,UNCLASSIFIED,2.469768,2.8615686893463135
1089,910704,BRCA,4.794872,3.3377296924591064
1559,925347,PAAD,1.461843,0.6849929094314575
1618,1290724,HNSC,4.125759,3.9655096530914307
1626,906804,UNCLASSIFIED,-0.363208,-0.32415348291397095
1068,753618,NB,-0.097877,0.43110063672065735
1510,908123,BRCA,3.003349,3.6994118690490723
1922,1659928,COREAD,1.573576,1.40810227394104
1375,1298526,PAAD,7.786829,7.068847179412842
1057,1240131,MESO,-0.247896,0.37439247965812683
1047,909262,UNCLASSIFIED,4.17914,2.8042447566986084
1051,753554,LUSC,2.682171,1.3825397491455078
1017,908144,LGG,5.115402,5.129270553588867
2045,687812,LUAD,4.47704,4.9148759841918945
1013,909974,KIRC,5.954862,4.914559364318848
1032,687812,LUAD,2.275246,2.127532958984375
1191,1290810,MESO,-3.446455,-3.728285551071167
1003,1298539,UNCLASSIFIED,-0.483348,-1.6442322731018066
1917,909780,BLCA,1.140902,1.8320069313049316
1598,909774,UNCLASSIFIED,4.610138,4.558943271636963
1131,906800,UNCLASSIFIED,1.172737,1.1988670825958252
1047,1331039,UNCLASSIFIED,1.276068,3.8851704597473145
1051,924102,THCA,4.962369,3.0776326656341553
1004,910704,BRCA,-2.721654,-5.344902992248535
1618,688086,NB,3.536791,4.113022804260254
1046,1240200,OV,3.451082,3.0277061462402344
1003,687586,GBM,-2.376573,-2.1911492347717285
1268,908447,NB,4.925202,5.070337295532227
1621,1240210,UNCLASSIFIED,2.716346,3.1403799057006836
1997,753538,HNSC,0.398311,4.1459784507751465
1620,1240186,SCLC,6.112544,5.912981986999512
1084,905976,SKCM,-0.695151,-2.8038268089294434
1853,1509073,KIRC,4.703122,4.663615703582764
1239,909740,COREAD,3.098997,2.961545467376709
1511,1298146,LIHC,2.904738,1.087101936340332
2109,1240149,UNCLASSIFIED,1.181214,1.5528233051300049
1073,906843,CESC,6.445768,5.439420700073242
1941,906869,STAD,-4.750694,-5.314678192138672
1598,717431,NB,4.57507,4.648952484130859
2106,1299080,SKCM,2.615523,2.560411214828491
1615,910943,GBM,6.282298,5.392065525054932
1621,908475,LUAD,4.010473,4.05833625793457
1557,909977,UNCLASSIFIED,5.676654,5.134400367736816
1093,724825,MM,4.102187,3.5069546699523926
1034,906871,LGG,-3.638017,-4.697841644287109
1615,1290730,BLCA,4.733337,5.340515613555908
2043,905971,COREAD,4.846194,4.482513427734375
1620,1299050,HNSC,5.860745,5.782881259918213
1927,1240159,LIHC,6.517286,5.418205738067627
2044,905991,OV,3.310078,2.6338930130004883
1047,907067,SKCM,2.206359,2.9362950325012207
1558,925347,PAAD,5.661046,4.989131927490234
1559,753576,ESCA,-0.650609,0.3743092119693756
1853,1240134,MESO,4.225644,4.360046863555908
2111,753610,SCLC,2.788066,3.1126480102539062
1510,1240197,OV,4.107655,4.375550746917725
1908,910941,NB,3.067973,3.078930377960205
1854,906821,PAAD,5.720624,5.069871425628662
1057,687820,LUAD,-0.024388,2.1583309173583984
1931,908131,UNCLASSIFIED,5.622046,5.382663249969482
1190,908146,ALL,-1.140322,-2.5323619842529297
1931,1659818,MM,4.309966,3.815298080444336
1576,908483,SCLC,1.86572,1.668137788772583
1131,949167,UNCLASSIFIED,4.014929,3.2708137035369873
1190,906847,UNCLASSIFIED,-0.54669,-2.9225473403930664
1200,687820,LUAD,5.567814,4.414402484893799
1089,909729,GBM,4.846424,4.480067729949951
1093,1659818,MM,3.969731,3.1033830642700195
1250,908132,UNCLASSIFIED,1.200449,1.1538450717926025
1996,949163,UNCLASSIFIED,2.133095,2.531125545501709
1004,930297,CESC,0.718061,-2.1735939979553223
1032,910569,COREAD,1.715276,0.7433627843856812
1237,1480362,OV,5.77442,6.037568092346191
1200,687505,CESC,2.591488,2.2497689723968506
2040,907055,STAD,-0.201392,-0.29708749055862427
1621,908129,UCEC,4.051281,4.352226257324219
1259,907789,ALL,4.311489,1.8166167736053467
1916,1298529,HNSC,3.06481,3.4783132076263428
1927,908144,LGG,5.482589,5.14484167098999
1373,1298529,HNSC,5.202116,5.332615852355957
1622,1674021,COREAD,5.819228,4.156804084777832
1613,906836,UNCLASSIFIED,0.226276,-0.16249942779541016
1593,687568,GBM,3.786982,3.3094077110290527
1932,910937,SCLC,2.051151,0.7387940287590027
1853,998184,ALL,1.35423,3.013167142868042
1375,907320,ESCA,6.770986,6.460754871368408
1177,753538,HNSC,4.464804,4.4528584480285645
1249,753565,SCLC,3.082749,3.2482008934020996
1032,905933,OV,1.603618,2.235097885131836
1933,949153,ALL,3.083058,2.859245538711548
1635,1331040,UNCLASSIFIED,3.766922,3.6932690143585205
1620,753565,SCLC,4.88106,4.65122127532959
1917,1503365,ESCA,2.917852,3.1827008724212646
1626,1240186,SCLC,4.274793,4.28746223449707
1549,925341,UNCLASSIFIED,4.960373,4.897449016571045
2096,905949,LUAD,0.742541,0.45572489500045776
2043,909761,COREAD,4.564807,5.168030261993408
2045,908159,UNCLASSIFIED,4.185092,2.4810030460357666
1049,1240192,SCLC,4.841751,3.538787841796875
1049,910907,PAAD,5.493602,5.531814098358154
1093,1297449,DLBC,2.944074,3.4582173824310303
1910,905934,PRAD,1.998219,2.5550360679626465
1191,1240158,LIHC,-4.622793,-4.357112407684326
1259,906801,BRCA,4.644595,4.240509986877441
1512,946355,ESCA,5.30772,5.339661598205566
2040,1290814,MESO,0.959748,1.5974037647247314
1910,906851,BRCA,2.095327,1.9455740451812744
1620,909701,UNCLASSIFIED,3.254935,4.2853546142578125
1237,687563,GBM,4.548771,5.045799255371094
1022,907055,STAD,-0.438459,-0.9166173338890076
1854,924107,CESC,4.934672,3.507965326309204
1936,924238,THCA,2.779491,2.9131100177764893
2107,946359,BRCA,6.620679,6.075028896331787
1507,687562,GBM,4.978966,4.018401145935059
1131,753585,KIRC,6.927337,3.155379056930542
1191,907072,UNCLASSIFIED,-4.96468,-5.744638919830322
1578,910906,UNCLASSIFIED,4.165884,3.467489242553711
2043,907273,UNCLASSIFIED,4.220648,3.8174445629119873
1560,905955,SKCM,4.630982,5.358985900878906
1911,906821,PAAD,-4.300577,-4.912942409515381
1373,722046,LUAD,4.12614,3.3537087440490723
1576,753547,SCLC,2.298791,2.2245736122131348
1511,1240179,CESC,-1.184615,-0.3566056489944458
1916,1240160,LIHC,4.828659,4.904086589813232
1013,909784,SKCM,3.992258,3.3200325965881348
2109,910781,UCEC,2.199036,2.508676052093506
2096,905991,OV,4.861317,2.5137317180633545
1259,910948,BRCA,6.148863,6.160155296325684
1373,905975,SKCM,-3.534968,-2.659146785736084
1249,713899,SCLC,3.156968,3.0176820755004883
1032,722046,LUAD,0.732829,0.9470064640045166
1083,1660036,COREAD,3.748088,1.71596360206604
1799,724872,SCLC,4.811871,3.797079086303711
1578,905960,BRCA,4.99709,5.295894145965576
1786,930082,UNCLASSIFIED,3.094149,2.1125080585479736
1627,908443,LUSC,3.118845,3.4042670726776123
1593,905969,OV,1.467449,3.282036781311035
1852,905971,COREAD,4.537483,4.729092121124268
1917,925347,PAAD,4.290798,4.011500358581543
1190,1322212,SCLC,-2.759982,-1.66725492477417
1936,753585,KIRC,2.426069,3.690048933029175
1199,906868,LGG,4.2609,3.9097912311553955
1560,946358,ALL,2.12392,3.1093742847442627
2106,753576,ESCA,5.393769,3.7258317470550537
1913,1330987,UNCLASSIFIED,3.818377,3.230238199234009
2110,909757,COREAD,4.694226,5.21240234375
1034,908128,SKCM,-1.18694,-2.291203022003174
1849,1322218,UNCLASSIFIED,-0.734434,-1.2063877582550049
1375,909723,SKCM,6.055751,6.77514123916626
1915,1240184,UNCLASSIFIED,3.757363,3.829169988632202
1259,909702,ALL,-0.302789,0.27919015288352966
2106,910930,DLBC,2.096459,2.921766519546509
1068,906834,MB,0.265709,0.07833404839038849
1627,753539,UNCLASSIFIED,2.076715,2.2658631801605225
1372,753621,ESCA,-0.015576,0.6563711166381836
1168,905977,SKCM,2.870264,3.7055013179779053
1852,724870,PAAD,4.929582,5.265108585357666
1613,1327774,UNCLASSIFIED,0.152166,0.2876376211643219
1576,908459,UNCLASSIFIED,2.386292,3.011232376098633
1799,949165,UNCLASSIFIED,5.256043,4.858578205108643
1915,724834,LUAD,4.169326,4.15052604675293
1615,910704,BRCA,5.291388,4.759758949279785
2046,687780,UNCLASSIFIED,2.532788,3.8398730754852295
1017,909697,STAD,3.771034,3.3077564239501953
1051,906871,LGG,0.897386,1.31394362449646
1924,908151,BRCA,3.948655,2.801941394805908
1510,910702,PAAD,4.102003,5.5686140060424805
1941,722066,LUAD,-3.77677,-5.137911319732666
1558,909728,LUSC,2.782811,2.9526498317718506
1916,688031,SCLC,2.967577,3.1970129013061523
1925,1331040,UNCLASSIFIED,2.719369,3.288083553314209
1634,1240157,LIHC,4.841685,4.2928786277771
1917,1331037,DLBC,2.65785,0.9475849866867065
1635,906821,PAAD,6.224447,5.4940924644470215
2169,908121,BRCA,2.526756,1.6242578029632568
1926,905974,SKCM,-0.689296,-0.7458791136741638
2040,910916,HNSC,0.865059,0.47656285762786865
1131,753541,HNSC,6.488037,5.486931800842285
1007,1240129,OV,-2.508898,-1.892164707183838
1046,1298538,LUSC,2.244661,1.384631633758545
1237,910927,BRCA,4.170669,4.995046138763428
1051,907289,COREAD,0.179361,1.4898483753204346
1564,1327769,DLBC,0.674124,1.2749073505401611
1624,908143,UNCLASSIFIED,1.426358,3.091829299926758
1560,1327774,UNCLASSIFIED,3.349735,3.5617330074310303
1631,1327773,DLBC,1.335727,1.5026447772979736
1022,1298168,KIRC,0.623113,0.38336852192878723
1621,906826,BRCA,7.08377,6.657651901245117
1873,908447,NB,0.942348,0.9837440252304077
1088,908441,,3.110463,3.2502357959747314
1239,688001,SCLC,0.730247,0.05965377390384674
1011,907051,UCEC,0.348365,3.534421682357788
1093,683665,MM,3.881052,3.129497766494751
1511,1298359,ESCA,0.182078,-0.8362223505973816
1625,1503362,ESCA,5.353351,4.660224437713623
1996,906844,BRCA,2.462552,2.038552761077881
1625,906869,STAD,4.588287,5.110767841339111
1248,909721,LUAD,2.266026,-2.885206937789917
1080,909699,UNCLASSIFIED,1.00219,0.17042487859725952
1625,687457,BLCA,5.256268,5.003083229064941
1909,907072,UNCLASSIFIED,0.508088,0.54473876953125
1079,908443,LUSC,0.996376,3.7663536071777344
1927,909770,STAD,4.740384,4.895905017852783
1617,1290765,UNCLASSIFIED,1.39341,1.3794081211090088
2043,688121,UNCLASSIFIED,5.939026,5.221614360809326
1912,905973,UNCLASSIFIED,3.679361,3.7156734466552734
1073,910698,KIRC,4.000838,3.823488235473633
1930,946368,GBM,-0.060027,-0.07592570781707764
1559,907291,COREAD,-3.269764,-2.141775131225586
1013,905975,SKCM,2.168939,2.048433542251587
1910,908150,MESO,2.122212,2.7058820724487305
2045,907069,UNCLASSIFIED,3.482931,5.13012170791626
1917,1330935,UNCLASSIFIED,1.03312,1.4308676719665527
1004,910911,HNSC,-2.400366,-3.1474013328552246
1003,753532,HNSC,-2.027031,-3.1310856342315674
1576,684059,UNCLASSIFIED,1.75131,2.059643507003784
1563,910926,BLCA,4.994971,4.9100189208984375
1012,907291,COREAD,1.48034,1.12211275100708
1054,909905,GBM,2.900676,3.4703755378723145
1620,1240226,SKCM,5.136787,6.053933620452881
2044,1240159,LIHC,3.216122,4.4522833824157715
1563,910781,UCEC,5.663901,5.484203338623047
1563,910710,LCML,3.849516,3.9743635654449463
2110,687514,CESC,5.395918,4.349407196044922
1925,909698,COREAD,4.822716,4.556965351104736
1373,907058,SKCM,2.600714,-2.824103355407715
1941,909780,BLCA,-5.666746,-4.9885172843933105
1930,906824,CESC,0.198211,0.3587053418159485
1080,753616,NB,-3.756141,-2.0162277221679688
1007,930299,THCA,0.126676,-1.9268977642059326
1786,906868,LGG,3.172619,2.3396451473236084
1996,1298347,LUAD,3.77687,4.19753360748291
1925,905990,OV,5.758261,5.036645412445068
1915,946382,BRCA,2.561856,2.1907596588134766
1915,753532,HNSC,3.581696,3.651380777359009
1917,910935,DLBC,-0.81439,-0.3388286828994751
1191,907790,COREAD,-4.308116,-4.5701117515563965
1917,1290922,BRCA,1.017821,2.7928426265716553
1625,1240197,OV,5.294149,5.233249664306641
1910,917486,COREAD,2.451738,2.0180609226226807
1034,910568,THCA,-4.827579,-3.3041083812713623
1853,905947,KIRC,5.569891,4.880051612854004
2110,909723,SKCM,6.208223,5.240429401397705
1855,924108,COREAD,5.165304,4.318442344665527
1622,905971,COREAD,4.501619,4.201174259185791
1629,905986,GBM,4.68379,4.924935340881348
1922,1240132,MESO,4.453846,4.221364498138428
1004,906843,CESC,-1.735291,-2.9281070232391357
1079,1330985,LAML,1.439922,-1.980442762374878
1593,906693,PAAD,2.588952,2.4810678958892822
1618,907313,GBM,4.500299,3.665788173675537
1510,908142,UNCLASSIFIED,3.911253,3.222761392593384
1058,924106,BRCA,-0.145001,-0.7443327307701111
1915,1240181,NB,2.090307,1.6404821872711182
1036,724828,NB,5.552423,5.304612636566162
1012,909735,UCEC,2.047279,1.253594160079956
1089,688027,SCLC,2.007321,3.4544713497161865
1852,753556,LUSC,4.897141,4.97508430480957
1613,909785,UNCLASSIFIED,0.445936,0.7486854791641235
1190,908151,BRCA,-1.502829,-2.8032140731811523
1911,908462,MESO,-3.414633,-5.123416900634766
1093,908475,LUAD,4.581679,4.313210487365723
1924,911905,OV,5.584503,4.728369235992432
1006,687995,SCLC,0.485038,2.1814160346984863
1049,1240142,LUSC,2.30307,3.2024996280670166
1996,907299,UNCLASSIFIED,1.78372,2.6547746658325195
1060,909759,UNCLASSIFIED,-0.610535,0.04537378251552582
1622,909732,UNCLASSIFIED,3.564622,3.938572406768799
1912,906853,UNCLASSIFIED,4.515302,4.65194034576416
2109,905959,OV,4.556762,3.88795804977417
1862,1290806,STAD,-0.762611,-1.5452001094818115
1036,905949,LUAD,3.40405,3.434255361557007
1614,906763,ALL,1.346457,1.777522087097168
1614,910687,ALL,4.296305,2.288764715194702
1032,909738,LIHC,2.016491,2.5444998741149902
1051,907788,PRAD,4.365219,2.338418960571289
1268,906873,GBM,4.817344,3.7107231616973877
1933,1298537,LUAD,5.424977,4.330799102783203
2043,906844,BRCA,3.518858,3.4868969917297363
1932,910921,SKCM,1.919374,1.9721825122833252
1932,906693,PAAD,3.450669,2.129288911819458
1080,909264,UNCLASSIFIED,-2.963612,-2.1878645420074463
1558,688006,SCLC,4.065726,5.064526557922363
2096,906833,MB,3.662168,2.7803282737731934
1561,998189,COREAD,0.952395,1.4348883628845215
2047,905938,LAML,1.520633,1.2027833461761475
1862,905940,LCML,-1.287675,-1.42667555809021
1931,907055,STAD,4.838407,4.870424747467041
1013,753607,UNCLASSIFIED,2.263813,2.384129524230957
1373,924102,THCA,2.967638,4.876972675323486
1941,910692,SCLC,-1.286733,-2.763989210128784
1239,910932,SKCM,3.307995,2.702807903289795
2096,930083,THCA,6.402223,5.849672317504883
1939,910900,LUAD,1.743422,2.744929075241089
2096,910853,SKCM,4.566325,2.5262534618377686
1510,1298533,PAAD,3.995866,3.7140371799468994
1248,949174,NB,-4.750752,-4.712210178375244
1578,909974,KIRC,5.58686,5.942377090454102
1179,910933,GBM,1.907001,0.37924641370773315
1239,907796,UNCLASSIFIED,4.60373,3.517382860183716
1089,753621,ESCA,4.07428,4.809877872467041
1047,1297446,ALL,3.907351,3.5046498775482178
1996,724873,LUAD,5.419555,3.9895436763763428
1913,909759,UNCLASSIFIED,5.192551,4.367538928985596
1179,688031,SCLC,-0.33981,-0.5593944787979126
1068,1240190,LUAD,2.154478,1.2727186679840088
1013,907042,LGG,2.036686,2.926359176635742
1928,908146,ALL,2.036946,2.960062026977539
1625,1240130,SKCM,3.362557,3.7208034992218018
1089,907043,UNCLASSIFIED,2.046847,1.3127212524414062
1919,1297447,MM,2.504067,1.902435064315796
1931,724868,LUAD,4.79493,4.628396034240723
1620,1240151,STAD,5.64717,5.694916248321533
1032,1240187,LUAD,1.843774,1.4331436157226562
1549,908143,UNCLASSIFIED,5.552064,4.252598285675049
1598,1240196,HNSC,4.576738,4.703566074371338
1046,906817,ESCA,5.385295,4.438780307769775
1047,910932,SKCM,3.778892,3.4047083854675293
1010,724878,LUAD,5.547477,5.590668678283691
1549,907319,ESCA,1.516007,1.8081772327423096
1634,907321,ESCA,3.255857,3.6256322860717773
1372,910710,LCML,-0.660461,-1.4632785320281982
1576,905944,LUAD,2.416553,2.7130000591278076
2047,687821,LUAD,1.382421,2.1887714862823486
2048,1299075,PRAD,-3.166565,-3.082901954650879
1631,908132,UNCLASSIFIED,1.61506,3.1429641246795654
1909,724834,LUAD,3.282633,3.0821523666381836
1928,908445,STAD,4.730992,4.633581638336182
1613,909738,LIHC,4.738112,3.2381603717803955
2110,1240216,LIHC,4.447954,5.209874629974365
1011,909977,UNCLASSIFIED,4.838559,3.396048069000244
1919,1240158,LIHC,1.61537,1.7344343662261963
1922,908471,UNCLASSIFIED,1.103294,2.3682186603546143
1088,713880,SCLC,1.341064,1.5880539417266846
2109,1503366,ESCA,2.925046,3.138362169265747
1190,907314,NB,-2.954125,-1.3338243961334229
1079,1290908,LUAD,2.096046,0.7713899612426758
1083,907073,UNCLASSIFIED,1.500793,2.2695655822753906
1006,908441,,1.490623,1.9869840145111084
1617,910911,HNSC,3.453593,3.2241804599761963
1036,1290809,MESO,5.303105,4.784512042999268
1629,1240153,SKCM,4.077197,3.863661766052246
1259,908461,STAD,3.709501,4.037020683288574
1177,1659823,COREAD,5.699862,5.380488395690918
1003,1240160,LIHC,0.950818,-0.3558010458946228
1933,909777,UNCLASSIFIED,1.62422,3.5749614238739014
1908,909264,UNCLASSIFIED,3.499956,2.1907310485839844
1248,908462,MESO,-0.281139,-3.551253318786621
1927,1322212,SCLC,4.497212,4.291384696960449
1926,908446,STAD,0.446738,-0.018583476543426514
1017,907796,UNCLASSIFIED,3.497839,4.692119121551514
1634,907044,UNCLASSIFIED,3.416623,3.548675298690796
1060,909769,UNCLASSIFIED,1.501377,1.1714985370635986
2111,908141,LAML,2.051448,2.023989677429199
1594,1298169,KIRC,5.084466,4.6848320960998535
1932,1503363,ESCA,1.998225,2.4666247367858887
1032,724868,LUAD,1.701617,1.4198038578033447
1624,1240155,STAD,2.311958,2.190558433532715
1627,906837,HNSC,1.912278,2.3773841857910156
1034,907787,ALL,-4.255214,-3.8025739192962646
1507,949178,NB,3.308232,3.8007068634033203
1936,906830,SKCM,3.772463,2.8152005672454834
1873,724834,LUAD,1.920635,1.8658108711242676
1199,907268,UNCLASSIFIED,1.616964,2.8731937408447266
1630,905990,OV,5.971616,4.577486991882324
1941,688010,SCLC,-4.990215,-3.98791241645813
1613,724878,LUAD,6.114754,5.410559177398682
1179,909754,UNCLASSIFIED,3.654145,2.316673755645752
1936,909718,COREAD,3.071171,2.4969160556793213
1799,908470,MESO,2.812958,5.835061073303223
1510,1240135,MESO,3.593174,3.8723816871643066
1560,906849,UNCLASSIFIED,4.391882,3.75543475151062
1862,1290797,PAAD,-1.995834,-2.168325901031494
1051,1240196,HNSC,2.356851,3.5625498294830322
1854,687787,LUSC,5.473311,4.798792362213135
1529,998189,COREAD,0.974376,1.2030282020568848
1927,905990,OV,5.902295,5.328047752380371
1022,910906,UNCLASSIFIED,-1.416226,-1.4258787631988525
1005,1247871,ALL,0.511695,0.46617650985717773
1046,910691,UCEC,1.376604,1.702059030532837
1941,905942,LUAD,-6.036941,-5.2343034744262695
2107,910944,ALL,3.606828,4.322180271148682
1510,753558,KIRC,4.631227,4.444861888885498
1615,908127,UNCLASSIFIED,5.063373,4.880120754241943
1615,1240190,LUAD,5.796982,5.355539798736572
1054,905949,LUAD,2.06274,1.9241161346435547
1179,753562,HNSC,1.006788,-0.1015700101852417
1007,1322224,STAD,-7.189439,-5.899714469909668
1557,910935,DLBC,4.240947,3.575831174850464
1007,909975,UNCLASSIFIED,-0.896913,-1.935405969619751
1058,909721,LUAD,2.403686,2.8532936573028564
1080,909757,COREAD,-3.635514,-1.8158817291259766
1913,910934,DLBC,4.274707,3.7675137519836426
1060,909904,PAAD,2.613167,0.5269850492477417
1614,930083,THCA,6.210976,6.381337642669678
2106,687455,BLCA,5.525097,4.525225639343262
1259,908448,LAML,0.543416,-0.12905648350715637
1936,753548,LAML,1.008287,1.8782691955566406
1578,910853,SKCM,4.763033,5.1506667137146
1510,907065,BLCA,4.359192,3.688131332397461
1622,908146,ALL,3.249558,3.131756067276001
1852,906794,UNCLASSIFIED,4.127438,4.937775135040283
1627,907322,UNCLASSIFIED,1.643528,2.2114529609680176
1017,907320,ESCA,4.960615,4.462538242340088
1085,907290,UNCLASSIFIED,3.201244,2.2504777908325195
1928,753592,LUAD,4.836829,3.9045512676239014
1529,687600,UNCLASSIFIED,0.902865,2.060621738433838
1012,910926,BLCA,1.693507,0.650031566619873
1799,949157,UNCLASSIFIED,5.503956,4.992884159088135
1854,1503368,ESCA,5.226872,4.668074607849121
1512,1298136,PAAD,6.705146,6.098791122436523
1190,1240140,UNCLASSIFIED,-3.14215,0.1941850781440735
1004,908121,BRCA,-5.964192,-3.4816484451293945
1032,1299075,PRAD,3.019935,2.347025156021118
1560,688023,SCLC,3.756637,1.6470448970794678
2047,1240223,THCA,3.194894,3.2368505001068115
1510,684052,UNCLASSIFIED,1.766885,1.6741325855255127
1931,1240173,COREAD,5.432882,4.907309055328369
1620,908139,STAD,5.782946,5.292481899261475
1561,753554,LUSC,2.491105,1.6772356033325195
1626,753562,HNSC,0.433403,2.145132541656494
1091,1327775,MM,0.461982,-0.6756643652915955
1557,909728,LUSC,5.417715,5.257035732269287
1511,908131,UNCLASSIFIED,-0.851002,-1.4726145267486572
1036,1660036,COREAD,3.544796,5.097147464752197
1621,1298146,LIHC,5.224903,4.9978461265563965
1054,735784,ESCA,4.626067,5.2706098556518555
1909,1240196,HNSC,3.059679,2.8270630836486816
1036,722046,LUAD,3.184837,3.0504531860351562
1179,906763,ALL,-1.773012,-1.2904517650604248
1004,687812,LUAD,-2.004142,-2.559882402420044
1564,910401,UNCLASSIFIED,3.133553,3.2625057697296143
1615,749711,BRCA,5.338676,4.7340474128723145
1853,910915,PAAD,6.139499,5.103475093841553
1375,1298222,ESCA,5.457476,6.292168140411377
2040,749711,BRCA,0.283817,1.8734440803527832
1085,924105,UNCLASSIFIED,2.91394,2.8480217456817627
1032,724870,PAAD,2.300992,2.252855062484741
1083,905980,KIRC,5.780141,4.086671829223633
1012,1240162,HNSC,2.243267,1.692833423614502
1089,687800,LUAD,7.003333,6.0632195472717285
2046,1479988,OV,4.752118,3.9918251037597656
1593,907300,LAML,-0.432257,-0.392086923122406
1576,907289,COREAD,3.12272,2.9122231006622314
1936,905941,LUSC,5.290397,4.002917289733887
1010,753615,MM,3.485738,3.5706732273101807
1084,946359,BRCA,-1.571408,-1.8837530612945557
1917,688025,SCLC,4.760314,1.985126256942749
1250,924238,THCA,0.808609,0.9589356184005737
1910,909251,ALL,-1.673315,-1.1855931282043457
1939,909756,UNCLASSIFIED,1.998327,3.3492109775543213
1006,1298136,PAAD,5.541161,3.669679880142212
1093,910554,COREAD,4.634655,4.303989887237549
1919,1330972,SCLC,1.416266,1.5305569171905518
1011,910932,SKCM,2.110821,2.1981682777404785
1073,910079,ESCA,2.856666,5.625674724578857
1507,724831,UNCLASSIFIED,5.155763,4.755914688110352
1624,917486,COREAD,5.353569,4.311325550079346
1559,683665,MM,-1.699887,-3.18192458152771
1558,1480362,OV,5.953455,5.456099033355713
2110,949161,UNCLASSIFIED,5.096766,3.6858949661254883
1854,909743,ALL,4.535527,4.561191082000732
2043,908123,BRCA,3.612514,4.353484153747559
1510,1290455,LAML,2.797062,2.1735994815826416
1559,908455,STAD,-2.664953,-2.5904417037963867
1259,905961,COREAD,3.526682,3.619385004043579
1239,910910,BRCA,4.473449,3.7123472690582275
2096,949171,NB,1.817937,1.3492250442504883
2040,907056,UNCLASSIFIED,3.065052,2.054469347000122
2106,949179,NB,0.422143,1.2393653392791748
1564,687455,BLCA,1.253466,2.59684157371521
1180,722066,LUAD,-2.862001,-2.268306016921997
1913,724872,SCLC,3.72654,3.7859785556793213
1190,688023,SCLC,-1.882784,0.2035694420337677
1917,688023,SCLC,1.642139,0.7292339205741882
1853,906814,SKCM,3.143107,3.9368999004364014
2044,687802,LUAD,5.06098,4.704225063323975
1915,906790,STAD,2.199135,2.019610643386841
2048,907313,GBM,-2.689022,-2.70806884765625
1047,907270,CLL,-0.4927,0.3595467805862427
