DRUG_ID,COSMIC_ID,TCGA_DESC,Label,Pred
1909,910705,UNCLASSIFIED,-5.2233,-1.9386264085769653
1510,909248,MB,4.51125,4.063815116882324
1853,1240179,CESC,3.535887,3.0929408073425293
1941,910079,ESCA,-3.023716,-1.2384579181671143
1049,688001,SCLC,2.689196,2.689683437347412
2106,1298223,LUSC,1.420333,3.0576834678649902
1922,907044,UNCLASSIFIED,1.743652,1.9015954732894897
1046,906792,SKCM,1.089994,1.6798152923583984
1911,925347,PAAD,-2.791349,-2.027398109436035
1913,905944,LUAD,5.272052,5.392092227935791
1373,909769,UNCLASSIFIED,4.99029,5.116322994232178
1922,1331032,DLBC,2.553528,1.9919235706329346
1557,753584,BLCA,4.435668,3.8243980407714844
1013,907061,HNSC,2.710192,3.495504856109619
1007,906821,PAAD,-3.978476,-4.351264476776123
1557,753551,SCLC,4.538651,4.389795303344727
1237,910401,UNCLASSIFIED,3.79718,3.686631679534912
1036,1240226,SKCM,1.026498,0.7636877298355103
1007,753552,BLCA,-2.931242,-4.708250999450684
1926,971773,UNCLASSIFIED,-0.656644,-0.15774255990982056
2110,1240124,COREAD,4.200222,4.454634666442871
1079,906827,UNCLASSIFIED,0.621251,0.5481345653533936
2048,684072,UNCLASSIFIED,-5.395842,-5.287309169769287
1630,909755,COREAD,5.573853,5.113225936889648
1010,753548,LAML,1.939165,1.4068759679794312
1557,907792,COREAD,6.491513,6.432354927062988
1025,749712,BRCA,5.697029,5.734697341918945
2040,949157,UNCLASSIFIED,1.031547,0.8256278038024902
1598,906821,PAAD,4.157468,4.106489181518555
1012,1240186,SCLC,2.058347,3.4497828483581543
1248,998189,COREAD,-4.628969,-3.075488567352295
1510,1290795,UNCLASSIFIED,4.94158,4.338953018188477
1854,925347,PAAD,6.129321,6.191679000854492
1083,906830,SKCM,3.826365,4.355191230773926
1004,910554,COREAD,-2.979072,-2.8326315879821777
2106,1330985,LAML,3.258693,3.935851573944092
1529,724863,UNCLASSIFIED,0.176143,0.17748862504959106
1926,906693,PAAD,0.588681,1.106431245803833
1131,906862,BRCA,2.735763,3.7248926162719727
1088,910930,DLBC,-0.142121,-0.4146033525466919
1510,906831,UNCLASSIFIED,3.350167,3.830791473388672
1004,1290798,BRCA,1.128721,-0.21769428253173828
1786,688025,SCLC,3.099759,2.6115732192993164
1373,753538,HNSC,4.470627,4.549225807189941
1083,753555,ESCA,2.499656,3.054469108581543
1512,909702,ALL,4.389701,4.25590705871582
1862,1240122,HNSC,-1.58227,-1.5472379922866821
1088,1503367,ESCA,3.890757,2.313840866088867
1578,909252,ALL,4.404104,3.78556489944458
2106,910704,BRCA,-0.231396,1.8392750024795532
1005,905971,COREAD,3.233054,3.4369287490844727
2110,946382,BRCA,5.06498,4.049698829650879
1054,906790,STAD,1.994129,2.162771701812744
1913,908156,UNCLASSIFIED,3.144967,2.268404006958008
1010,1299080,SKCM,2.996267,3.266125202178955
2040,909904,PAAD,1.31311,1.8551253080368042
2106,1503367,ESCA,3.107517,5.149044990539551
1930,1297447,MM,0.506631,-0.20507824420928955
1248,925348,PAAD,-3.783265,-3.95316743850708
1578,683667,MB,3.938308,4.21653413772583
1190,687821,LUAD,2.025576,2.605898857116699
1512,687983,SCLC,4.992224,4.63438606262207
1996,906804,UNCLASSIFIED,2.956344,3.3758158683776855
1941,924107,CESC,-3.128659,-3.237624168395996
1561,906746,GBM,1.576285,2.4647936820983887
1910,1240168,GBM,1.326539,2.1472063064575195
1912,687812,LUAD,4.415969,3.3540310859680176
2106,906696,THCA,3.505107,3.4850387573242188
2047,753565,SCLC,2.81042,2.8993124961853027
1855,753532,HNSC,6.204215,5.62335729598999
1910,925343,UNCLASSIFIED,2.900941,3.0278501510620117
1617,907788,PRAD,2.030139,0.7020620107650757
1049,687819,LUAD,5.128548,4.8049540519714355
1559,910947,LAML,-4.680953,-4.642050266265869
1626,1240168,GBM,3.326845,2.8650107383728027
1928,1327769,DLBC,2.025405,2.676258087158203
1012,909709,HNSC,2.945155,2.5464677810668945
1249,1240174,UCEC,3.715724,4.265974044799805
1625,1480362,OV,5.528444,5.669320583343506
1507,949177,NB,4.149879,4.252213954925537
2047,930298,CESC,2.667274,2.600064754486084
2048,906872,NB,-1.05032,-1.665702223777771
1131,908122,BRCA,2.08785,4.345440864562988
1375,906843,CESC,6.102626,5.725375652313232
1630,905970,LUAD,4.158944,4.193152904510498
1091,946357,UNCLASSIFIED,0.411971,1.1324963569641113
1259,1298526,PAAD,4.007579,4.380793571472168
1085,925346,PAAD,5.476156,3.207603931427002
1862,907286,PAAD,-2.040349,-1.9899431467056274
1085,908447,NB,1.773809,2.3008575439453125
1011,1327766,MM,0.020412,0.9399231672286987
1559,753612,MM,-2.19486,-0.9935818910598755
1926,909713,SKCM,0.338261,3.3795666694641113
1050,946359,BRCA,4.181466,4.449925422668457
1561,910852,BRCA,0.900091,0.9525290131568909
1930,924250,STAD,2.521693,2.1103320121765137
1168,1327773,DLBC,2.556823,2.0432209968566895
1564,998189,COREAD,1.064187,1.376664161682129
1511,687457,BLCA,-1.016978,0.20943206548690796
1085,924102,THCA,3.507672,3.6430392265319824
1624,906693,PAAD,3.182596,3.781494140625
1088,906818,SKCM,2.831332,2.4184505939483643
1919,905951,BRCA,2.222149,3.167691230773926
1564,1290730,BLCA,2.026507,2.424619197845459
2043,909750,LGG,5.143439,4.385511875152588
1918,1330947,LAML,1.697649,2.588970184326172
1131,753546,SKCM,5.781579,5.81840181350708
1083,910900,LUAD,3.573346,3.7717032432556152
1079,1290813,MESO,-0.536223,-1.6536871194839478
1941,687780,UNCLASSIFIED,-5.632621,-4.755809307098389
1057,1298219,UNCLASSIFIED,0.927527,-0.19789928197860718
1614,924244,LUAD,3.536534,3.182168960571289
2110,1240129,OV,5.227464,5.455599308013916
1630,910930,DLBC,3.881714,2.6796517372131348
1017,910942,UNCLASSIFIED,3.47303,3.645972728729248
1852,1298531,HNSC,3.230592,4.629380702972412
1022,907000,UNCLASSIFIED,-1.877905,-0.9920089244842529
1046,924250,STAD,3.240168,3.78314208984375
1786,907043,UNCLASSIFIED,2.055231,1.8929225206375122
2111,909905,GBM,5.049294,4.991692066192627
1564,910691,UCEC,4.339778,4.627285957336426
1854,908123,BRCA,2.952409,4.336145401000977
1507,909770,STAD,4.241416,3.292478561401367
1085,905957,BRCA,2.141935,2.777822494506836
1936,908142,UNCLASSIFIED,1.253304,1.8503053188323975
1080,924107,CESC,-5.455731,-5.551259994506836
1862,749713,BRCA,-0.889507,-1.5081084966659546
1046,910910,BRCA,1.79898,2.9368271827697754
2045,908128,SKCM,6.167198,5.230210304260254
1913,753569,LUSC,4.87985,4.882871627807617
1549,688023,SCLC,4.918564,4.317809581756592
1621,687995,SCLC,5.245172,4.835476398468018
1635,910951,LCML,3.594372,3.7579345703125
1080,910850,LIHC,0.627561,0.19182753562927246
1180,907062,HNSC,-3.304347,-2.8976263999938965
1507,907279,LGG,4.603339,4.97070837020874
1093,1240217,LIHC,2.356021,2.764693260192871
1034,724831,UNCLASSIFIED,-3.413528,-2.635526180267334
1372,909784,SKCM,-1.641155,-0.7702188491821289
1910,908446,STAD,1.33753,1.5278550386428833
1512,749717,BRCA,5.942063,5.665620803833008
1083,684052,UNCLASSIFIED,2.460314,2.4856319427490234
1054,1503365,ESCA,5.759774,4.386823654174805
1036,753610,SCLC,4.082857,2.959690570831299
1168,930083,THCA,5.460609,5.853142738342285
1013,906847,UNCLASSIFIED,1.595699,2.8498244285583496
1168,687590,GBM,2.359189,3.6098685264587402
1259,687448,SKCM,2.87204,3.655649185180664
1852,1659823,COREAD,4.959787,5.539365768432617
1629,753548,LAML,2.849197,3.29298734664917
1179,909769,UNCLASSIFIED,2.398139,1.2393380403518677
1910,1240149,UNCLASSIFIED,2.30377,1.4692916870117188
1011,907792,COREAD,0.415413,1.828269124031067
1200,909773,DLBC,1.900849,2.31215500831604
1627,905959,OV,4.400828,4.18016242980957
1924,907291,COREAD,1.853787,2.5337562561035156
1017,910688,LAML,1.576889,2.5801453590393066
1930,724828,NB,-0.479074,0.37395742535591125
1613,907794,COREAD,3.141166,1.8082717657089233
1561,909735,UCEC,1.647121,1.8218742609024048
1578,910687,ALL,4.13243,3.2936201095581055
1936,1330947,LAML,0.612614,0.8998651504516602
1862,1298349,SCLC,-0.422723,0.8331809043884277
1131,907064,UNCLASSIFIED,6.822997,4.340213298797607
1510,908156,UNCLASSIFIED,2.554842,2.509666919708252
1918,908123,BRCA,2.054665,2.6759157180786133
1168,683665,MM,2.761263,1.992295503616333
1578,910549,ESCA,5.262259,5.000396728515625
1613,753574,ESCA,3.810714,5.002996444702148
1925,907280,LAML,4.275705,3.501896381378174
1621,908443,LUSC,5.780121,4.76078987121582
1180,930297,CESC,-2.556153,-0.7390071153640747
1080,909747,COREAD,1.537191,1.1170744895935059
2044,910900,LUAD,2.352416,2.678107738494873
1093,946353,ESCA,3.595929,4.247378349304199
1910,1298475,PAAD,3.782393,3.390413284301758
1630,909249,MM,2.849543,3.2920584678649902
1017,909784,SKCM,5.078408,5.160787582397461
1091,724872,SCLC,2.435118,1.609907627105713
1512,906820,NB,5.447731,4.949694633483887
2047,908483,SCLC,2.146937,1.400068998336792
1930,1240123,COREAD,0.713536,0.18006539344787598
1042,1290905,BRCA,5.014417,3.1603646278381348
1924,907295,SCLC,5.775793,5.3349199295043945
1631,909255,UNCLASSIFIED,0.730773,1.650006890296936
2044,907317,ESCA,3.538945,2.1948463916778564
1620,908147,ALL,3.78793,3.4626054763793945
2048,906835,GBM,-1.533485,-0.28814804553985596
1004,1503366,ESCA,-3.225653,-3.4892616271972656
1268,910924,STAD,4.182666,4.804254055023193
1613,1290798,BRCA,3.515286,5.701968193054199
1799,909729,GBM,5.808195,5.416836261749268
1553,909743,ALL,1.84008,1.1833754777908325
1912,906826,BRCA,2.758705,3.339698314666748
1620,909976,UNCLASSIFIED,4.295688,4.7159504890441895
1564,905965,UNCLASSIFIED,1.500343,1.5847469568252563
1507,688031,SCLC,2.548873,3.29048490524292
1918,753573,ESCA,3.564723,2.9843297004699707
1925,907278,LAML,4.777008,4.8734259605407715
1068,688001,SCLC,0.185051,0.611227810382843
1630,906836,UNCLASSIFIED,2.219345,1.7713420391082764
1622,909264,UNCLASSIFIED,4.83518,4.3028106689453125
2106,1240170,GBM,2.197932,3.0815539360046387
1930,908156,UNCLASSIFIED,-1.932658,-0.973190188407898
1996,909774,UNCLASSIFIED,4.516405,4.175634860992432
1259,998184,ALL,-0.395039,1.702124834060669
1624,1240167,ESCA,2.4189,2.348973035812378
1557,910784,UNCLASSIFIED,6.258462,5.054803848266602
1511,753561,HNSC,-0.426907,-1.2289179563522339
2107,910689,COREAD,6.606527,7.969338893890381
1918,909904,PAAD,4.222257,3.6938133239746094
1927,1660035,COREAD,6.305416,5.96032190322876
1085,909719,LIHC,2.201518,2.5903730392456055
1931,906836,UNCLASSIFIED,1.033842,2.682372570037842
1620,687586,GBM,5.021207,4.852949142456055
1630,687459,BLCA,4.265066,4.352667331695557
1617,1240216,LIHC,1.971337,4.958913803100586
2047,1327774,UNCLASSIFIED,1.648356,2.490151882171631
1549,1298169,KIRC,4.046442,4.470338344573975
1613,1298350,LUAD,4.521912,4.490843772888184
1613,908451,LAML,2.007234,2.151182174682617
1594,908123,BRCA,1.089201,0.4539923667907715
1576,1240136,MESO,3.78073,3.4095168113708496
1168,917486,COREAD,2.883763,2.5032925605773926
1873,753615,MM,2.222495,0.9719011783599854
2048,687588,GBM,-2.129866,-3.0164170265197754
2109,1240218,PAAD,4.302594,5.015839099884033
1933,753608,LUAD,6.785043,4.723465919494629
1614,924102,THCA,4.037202,4.6519670486450195
1073,753573,ESCA,3.345576,3.8963375091552734
1177,909256,BRCA,4.757454,3.6726465225219727
1553,906848,UNCLASSIFIED,3.247045,3.5213046073913574
1630,910942,UNCLASSIFIED,2.106174,2.42742919921875
1622,1298222,ESCA,3.675412,4.640652179718018
1057,909732,UNCLASSIFIED,-1.218796,-0.620745062828064
1615,1240196,HNSC,6.047126,5.278389930725098
1561,906831,UNCLASSIFIED,1.922963,1.3787866830825806
2111,907047,UNCLASSIFIED,0.81764,2.369575023651123
1068,1298358,STAD,2.368155,2.5108184814453125
1093,910904,HNSC,4.751631,4.536874294281006
1922,909703,ALL,2.316753,1.8329170942306519
1926,906846,UNCLASSIFIED,0.472582,-1.7371238470077515
2096,907057,LIHC,3.098061,2.838441848754883
1005,946382,BRCA,3.718517,4.174374103546143
1617,905957,BRCA,1.94858,0.28103354573249817
1873,906805,LUAD,0.583871,0.2600533068180084
2040,1290724,HNSC,0.357101,1.0463752746582031
2045,905959,OV,6.637748,6.455499649047852
1627,1240219,PAAD,4.202106,4.4828596115112305
1032,905980,KIRC,0.548056,1.528436303138733
1373,909750,LGG,3.373941,4.871199607849121
1908,1298350,LUAD,2.943846,3.7844033241271973
1625,949156,UNCLASSIFIED,5.062897,5.101302623748779
1131,687590,GBM,5.394756,4.904973983764648
1068,906812,BRCA,2.351196,1.9561578035354614
1630,905955,SKCM,4.848427,4.504010200500488
1926,909696,UNCLASSIFIED,1.296011,0.7343724966049194
1010,910401,UNCLASSIFIED,1.544548,2.7087416648864746
1918,909780,BLCA,4.43418,3.936674118041992
1594,909264,UNCLASSIFIED,5.658219,5.179727554321289
1932,753573,ESCA,2.09486,2.5634398460388184
1613,688010,SCLC,4.087659,3.162921905517578
1091,909717,UNCLASSIFIED,1.101031,2.2013089656829834
1939,910688,LAML,2.493838,2.0646941661834717
1005,1330942,LAML,3.60411,3.2113280296325684
1250,946370,GBM,1.710592,1.6694490909576416
1936,909785,UNCLASSIFIED,1.615404,1.7892526388168335
1179,908159,UNCLASSIFIED,-1.233522,-1.0085450410842896
2047,907311,LCML,-1.435858,-0.052506983280181885
1634,907319,ESCA,3.544172,3.904460906982422
1927,905989,COREAD,5.439028,4.917466640472412
1918,1659928,COREAD,3.008588,3.3981003761291504
1239,753539,UNCLASSIFIED,0.939788,2.3965530395507812
1930,906832,DLBC,0.66229,0.3090847432613373
1553,1298169,KIRC,3.810609,3.5918006896972656
1932,1331045,DLBC,3.395577,3.902106761932373
1911,910704,BRCA,-3.465757,-5.410676002502441
1932,1299059,HNSC,2.774379,2.5908708572387695
1051,687800,LUAD,2.296969,4.547028541564941
1930,907055,STAD,-0.685963,-0.33654356002807617
2096,908443,LUSC,3.7748,3.2905797958374023
1250,909250,KIRC,3.132583,2.2814431190490723
1079,907065,BLCA,1.633467,1.5090614557266235
1268,907289,COREAD,5.24152,4.730367183685303
1017,906795,THCA,4.562601,5.068066596984863
1849,924108,COREAD,1.022087,0.29257214069366455
1563,910705,UNCLASSIFIED,4.330947,4.314357757568359
2047,907058,SKCM,-0.316983,0.2382517009973526
1239,907300,LAML,-0.473125,0.03861406445503235
1088,910688,LAML,-0.117609,-0.3392540216445923
1088,946357,UNCLASSIFIED,-0.438016,0.37403231859207153
1578,906827,UNCLASSIFIED,4.071177,5.136070728302002
1916,1479987,OV,3.316772,2.4595136642456055
1996,946361,UNCLASSIFIED,4.801169,4.604311466217041
1375,905934,PRAD,6.432623,7.217512130737305
1932,1674021,COREAD,2.742321,2.2840704917907715
1563,753600,LUAD,6.208105,5.844008922576904
1855,905989,COREAD,2.233585,4.28804349899292
1249,1503371,ESCA,2.715704,3.1873364448547363
1179,1327773,DLBC,-0.029175,-1.0295554399490356
1559,1240187,LUAD,-2.9512,-3.340233325958252
1614,946360,OV,6.072499,6.153674125671387
1855,906852,UNCLASSIFIED,3.23208,5.910234451293945
1511,1330935,UNCLASSIFIED,-0.900609,-2.079179286956787
1549,1330995,DLBC,4.09652,4.42003059387207
1909,1240143,LUSC,0.872555,1.9345430135726929
1621,1240184,UNCLASSIFIED,2.307676,4.77653169631958
2047,925348,PAAD,1.02478,2.522554874420166
1511,905958,ALL,-3.897801,-2.882230758666992
1180,930082,UNCLASSIFIED,-3.174628,-3.2396626472473145
1918,1297447,MM,3.708748,3.843583583831787
1190,909754,UNCLASSIFIED,3.859779,2.1786818504333496
1011,910710,LCML,-3.278958,-2.5569419860839844
1012,907169,SKCM,0.709902,1.204200267791748
1622,909904,PAAD,6.071557,4.947969913482666
1268,925341,UNCLASSIFIED,4.830695,4.286839008331299
1598,1659928,COREAD,3.817176,3.5249061584472656
1930,907071,LIHC,1.694449,3.312086582183838
1179,907318,ESCA,-0.317338,-0.3090589642524719
1268,907788,PRAD,3.994065,3.9962730407714844
1873,908462,MESO,0.818763,0.8226901292800903
1239,1240179,CESC,1.125602,2.261867046356201
1931,910919,DLBC,2.606419,3.1544394493103027
1089,1240212,CESC,3.360122,4.201004981994629
1927,724863,UNCLASSIFIED,5.842386,5.377197265625
1248,906846,UNCLASSIFIED,-6.239794,-5.650408744812012
1054,1298226,LUSC,4.828328,3.699036121368408
1617,1240127,UCEC,2.096736,3.267299175262451
1593,1290730,BLCA,1.833915,2.3522109985351562
1034,910704,BRCA,-2.727706,-2.9500374794006348
1631,905980,KIRC,3.77677,3.682603359222412
1177,1240179,CESC,5.030631,4.412088394165039
1268,906999,UNCLASSIFIED,4.09695,4.6430344581604
1624,1660036,COREAD,4.794021,4.326038837432861
1068,924239,MM,0.999767,0.851474404335022
1849,909975,UNCLASSIFIED,1.281331,0.6851381063461304
1786,946382,BRCA,3.235554,2.1146960258483887
1559,909703,ALL,-1.62842,-3.38214111328125
1088,906830,SKCM,2.031857,2.597543239593506
2096,907794,COREAD,0.25175,0.4004081189632416
1559,905989,COREAD,-1.163707,-2.3717145919799805
1922,1331036,DLBC,0.455952,0.6530020236968994
1004,909761,COREAD,-3.689954,-2.7804970741271973
1250,909744,ACC,1.505163,1.7528561353683472
1917,908147,ALL,-0.830163,-0.8995033502578735
1022,908139,STAD,1.317107,0.6669290065765381
1598,907056,UNCLASSIFIED,3.540255,3.830477714538574
1249,908159,UNCLASSIFIED,1.944425,1.8432143926620483
1911,910705,UNCLASSIFIED,-6.012231,-6.799169063568115
1032,1659928,COREAD,0.696727,0.8806754350662231
1852,909250,KIRC,4.496603,6.0338873863220215
1854,687829,UNCLASSIFIED,5.59997,5.609701633453369
1091,909707,UNCLASSIFIED,1.988878,1.0537889003753662
1268,687459,BLCA,5.191227,5.262113571166992
1375,907313,GBM,6.541817,6.026392936706543
1624,1509073,KIRC,3.82221,4.6329193115234375
2045,906817,ESCA,6.864836,6.1880784034729
1054,908139,STAD,3.913013,4.3944478034973145
1046,906861,UNCLASSIFIED,1.980151,2.9998726844787598
1559,905968,OV,-3.599954,-3.6805577278137207
1190,908470,MESO,0.245619,0.7592295408248901
1563,908151,BRCA,4.733394,4.883835792541504
1939,909256,BRCA,0.613585,2.596311092376709
1618,1298365,OV,3.435053,3.6644716262817383
1006,1331033,DLBC,-0.329527,-0.24177038669586182
1248,907273,UNCLASSIFIED,-3.447921,-4.927098274230957
1635,753608,LUAD,6.286178,5.480212688446045
1047,909785,UNCLASSIFIED,2.827232,3.229705810546875
2048,1247871,ALL,-4.583483,-4.986177444458008
1939,1240140,UNCLASSIFIED,2.499625,2.8904943466186523
1168,906851,BRCA,3.767951,3.769491195678711
1915,907286,PAAD,3.136141,2.3553507328033447
1007,905974,SKCM,-5.074296,-6.52390193939209
1058,906814,SKCM,0.797091,0.9724369049072266
1510,1322212,SCLC,0.354313,2.4006781578063965
1079,753552,BLCA,2.540547,2.0116562843322754
1180,909977,UNCLASSIFIED,-2.639887,-2.356912612915039
1622,1290798,BRCA,5.345537,4.94753885269165
1915,908152,MESO,2.879904,2.7070860862731934
1576,910698,KIRC,3.084395,2.2594995498657227
1922,1240159,LIHC,4.623782,3.794459819793701
1057,949179,NB,-1.10711,-1.6497877836227417
1799,1298365,OV,3.589349,2.8873653411865234
1013,910941,NB,2.898262,3.0633983612060547
1620,906837,HNSC,4.533571,4.368703365325928
1021,749711,BRCA,3.707724,2.012939453125
1005,907068,CESC,2.758755,1.846121907234192
1911,907072,UNCLASSIFIED,-6.063452,-5.6298065185546875
1058,753610,SCLC,1.054962,1.1303608417510986
1932,925338,BRCA,2.580493,4.370189189910889
1918,910852,BRCA,3.760899,3.159872531890869
1939,909774,UNCLASSIFIED,2.939257,3.355254650115967
1915,910951,LCML,1.794826,1.5794682502746582
1012,907299,UNCLASSIFIED,0.964208,1.004237174987793
2107,1503365,ESCA,7.520045,7.187408924102783
1786,909755,COREAD,3.686558,4.57979679107666
1003,1299062,SCLC,-2.393159,-2.2748165130615234
1910,753615,MM,1.531064,2.3501968383789062
1190,753615,MM,3.316711,2.287867546081543
1177,1240144,UNCLASSIFIED,4.982909,4.605599403381348
1930,905957,BRCA,-0.505539,0.0574822723865509
1614,907065,BLCA,3.559796,4.244018077850342
1003,909770,STAD,-2.441686,-1.2547459602355957
1010,753620,NB,3.472367,3.532787799835205
1928,1240149,UNCLASSIFIED,3.826482,3.4632139205932617
1180,910851,UNCLASSIFIED,-3.126298,-2.077136993408203
1911,724831,UNCLASSIFIED,-4.659869,-4.767294883728027
1047,908476,LUAD,5.55453,4.704290390014648
1578,687457,BLCA,5.381306,4.949519157409668
1512,1299080,SKCM,4.941236,5.073138236999512
1862,907061,HNSC,-1.448082,-1.7078748941421509
1873,907298,UNCLASSIFIED,0.748249,0.2979312539100647
1259,905964,MM,3.1587,2.7653260231018066
1058,908454,UNCLASSIFIED,1.250664,1.2501755952835083
1060,1659818,MM,-0.233657,-0.4669416546821594
1862,909704,BLCA,-2.200105,-1.6217783689498901
1940,908446,STAD,2.799786,3.4609479904174805
1873,753586,UNCLASSIFIED,1.172127,1.099043846130371
1940,1240221,UNCLASSIFIED,3.757831,3.080695152282715
1578,949174,NB,4.005588,4.541460990905762
1006,753561,HNSC,2.048609,0.3068764805793762
1925,908472,LUAD,4.765841,5.534670352935791
1011,1330935,UNCLASSIFIED,-2.785433,-1.8376673460006714
1005,1240127,UCEC,5.332828,5.461217880249023
1179,909780,BLCA,1.464527,0.07380416989326477
1915,1303897,DLBC,3.582009,3.5084500312805176
1549,925346,PAAD,3.178326,3.477950096130371
1560,909774,UNCLASSIFIED,5.289276,4.854942798614502
1911,930298,CESC,-3.178496,-4.244637966156006
1036,909729,GBM,5.928804,3.3666539192199707
1917,1330947,LAML,-0.59136,-0.8930504322052002
1083,906824,CESC,4.015434,4.013896465301514
1093,1327773,DLBC,4.195367,4.008215427398682
1852,687798,LUAD,6.295511,5.543510437011719
1017,908138,UNCLASSIFIED,5.715413,5.38382625579834
1003,1503366,ESCA,-2.882568,-2.565682888031006
1930,946382,BRCA,-0.162037,0.7338318824768066
1512,905952,ALL,4.09512,4.1475911140441895
1004,909735,UCEC,-5.671799,-5.3277740478515625
1006,722066,LUAD,3.588083,3.1058850288391113
1613,907295,SCLC,5.007405,4.978263854980469
1913,908444,STAD,4.692966,3.69075345993042
1593,910926,BLCA,2.630937,1.116642951965332
2106,688023,SCLC,0.500029,1.0952274799346924
1011,753589,SCLC,1.864022,2.0738348960876465
1036,910704,BRCA,4.784235,3.867966651916504
1617,753573,ESCA,-3.022276,1.1051511764526367
1268,749717,BRCA,4.071266,5.042206287384033
1060,924244,LUAD,-0.302787,0.24892941117286682
1932,908159,UNCLASSIFIED,1.964272,1.518673300743103
1034,906838,UNCLASSIFIED,-3.307909,-3.644315242767334
1091,905958,ALL,2.920121,2.081721067428589
1593,1298222,ESCA,4.823844,2.9995784759521484
1634,1327774,UNCLASSIFIED,2.638824,2.8139352798461914
1375,906798,BLCA,5.175687,4.940911293029785
1624,1240187,LUAD,3.698366,3.5604248046875
1912,909718,COREAD,3.241846,2.145869016647339
1073,908146,ALL,4.843377,4.231513500213623
1250,1303900,BRCA,2.41104,4.5484395027160645
1613,713878,SCLC,3.017987,3.105647087097168
1249,908473,LUAD,5.586601,4.096347808837891
1912,908463,LUAD,6.232048,4.322462558746338
1786,1660034,COREAD,4.118921,3.691758632659912
1931,906832,DLBC,4.57888,4.318362236022949
1507,1503363,ESCA,5.671697,5.681590557098389
1849,908476,LUAD,-0.274079,-0.6740472316741943
1854,687590,GBM,5.891984,4.312142372131348
2044,909905,GBM,2.406439,3.5143823623657227
1578,1240140,UNCLASSIFIED,6.3956,5.149692535400391
1614,925338,BRCA,4.249605,5.114063739776611
1927,910849,UNCLASSIFIED,4.567147,4.202877998352051
1925,908443,LUSC,5.811838,5.56166934967041
1131,908470,MESO,6.098329,6.18707275390625
1032,1240197,OV,3.388581,3.883507251739502
1598,906814,SKCM,3.030623,3.404705047607422
1996,753574,ESCA,4.81076,4.948727607727051
1006,917486,COREAD,2.953769,2.7221217155456543
1004,924240,BRCA,-3.904393,-2.4423727989196777
1594,1240192,SCLC,5.89803,4.992532730102539
1012,906765,MM,-0.249856,0.3321223258972168
1932,910687,ALL,0.37492,1.194753646850586
1564,907792,COREAD,2.034198,1.8727513551712036
1624,925340,STAD,3.137458,3.533082962036133
1553,907048,BRCA,0.690534,0.035514265298843384
1007,1247871,ALL,-4.638143,-5.468982219696045
1025,910704,BRCA,4.386445,4.3228983879089355
2047,909252,ALL,2.687634,2.873471260070801
1003,753572,PAAD,-3.28912,-3.0125274658203125
1200,1298349,SCLC,3.217788,2.8483095169067383
1927,907068,CESC,5.153693,5.183806896209717
1079,1240154,THCA,-0.242678,0.7787301540374756
1180,910554,COREAD,-2.195324,-3.200995445251465
1908,688031,SCLC,3.225451,1.746229648590088
1058,1659818,MM,-1.126361,-1.831138253211975
1849,906818,SKCM,-1.373969,-0.3935908079147339
1047,924244,LUAD,5.394615,5.987531661987305
1635,1240173,COREAD,5.26695,4.991730690002441
1615,1295740,ALL,4.600798,4.049314498901367
1080,909263,COREAD,0.330145,0.4717526435852051
1191,753562,HNSC,-5.188577,-4.704545021057129
1179,1240168,GBM,0.846915,0.38355159759521484
1005,925345,UNCLASSIFIED,4.841605,5.3487372398376465
1007,906814,SKCM,-4.804835,-4.794842720031738
1131,753574,ESCA,7.37026,6.906487941741943
1088,687505,CESC,1.453753,1.5820295810699463
2111,946360,OV,5.25914,5.719451904296875
1199,1240159,LIHC,5.147441,4.178414344787598
1268,688121,UNCLASSIFIED,4.619886,4.734343528747559
1853,949156,UNCLASSIFIED,5.798077,5.217341423034668
1248,688025,SCLC,-5.910085,-5.556493759155273
1049,749709,BRCA,4.412764,4.8055419921875
1908,909777,UNCLASSIFIED,2.301121,0.19976821541786194
1093,906844,BRCA,1.744462,2.866854190826416
1079,906837,HNSC,-2.373801,-0.21375036239624023
1168,1298358,STAD,4.694881,4.903486728668213
1928,688026,SCLC,4.465906,4.277824878692627
1512,1240160,LIHC,6.342519,6.120356559753418
2045,687452,BLCA,4.969635,4.748063087463379
1849,1240173,COREAD,-0.350681,-2.1894235610961914
1088,909746,COREAD,5.921203,5.428211688995361
1925,1660035,COREAD,6.258089,5.953889846801758
1911,909720,UNCLASSIFIED,-4.767786,-5.255517959594727
2044,753573,ESCA,2.23188,2.3038840293884277
1250,1240157,LIHC,4.910367,2.6625638008117676
1375,930299,THCA,7.634417,7.229391574859619
1626,907788,PRAD,-0.375549,0.8331778645515442
1057,687506,CESC,-0.204408,-1.1718398332595825
1926,687563,GBM,-0.595913,-0.5212569832801819
1996,753539,UNCLASSIFIED,1.763746,3.1007027626037598
1627,687821,LUAD,5.469275,4.919234752655029
1060,753583,HNSC,2.220335,1.9370434284210205
1549,906851,BRCA,3.647034,4.1065568923950195
1089,909747,COREAD,6.52631,6.174304008483887
1997,906833,MB,3.827797,3.7069764137268066
1168,908144,LGG,4.168191,4.452413082122803
1940,687459,BLCA,3.426102,4.1828999519348145
1022,907299,UNCLASSIFIED,0.409731,-0.5922964811325073
1179,1240216,LIHC,1.285882,1.7636100053787231
1049,908141,LAML,3.018508,2.9314870834350586
1093,905979,KIRC,6.31763,5.110859394073486
1049,1290798,BRCA,4.726249,4.880472183227539
1629,1240218,PAAD,6.253188,6.701913356781006
1928,925343,UNCLASSIFIED,4.863573,4.77226448059082
1563,1327771,LCML,4.252222,3.653331756591797
1996,906872,NB,3.125045,4.523550033569336
1627,1480362,OV,3.831308,4.109230041503906
1091,908131,UNCLASSIFIED,1.90377,2.527157783508301
1268,909698,COREAD,4.431995,4.066340446472168
1259,1298475,PAAD,4.514723,4.5686235427856445
1913,1240174,UCEC,4.387746,4.801154136657715
1614,909731,UNCLASSIFIED,4.398567,2.500168800354004
1631,1240186,SCLC,5.511121,5.468839168548584
1003,908129,UCEC,-0.20899,0.7177765965461731
1190,1240128,UNCLASSIFIED,-3.818555,-3.623775005340576
1598,908443,LUSC,5.090996,4.184905052185059
1925,1240196,HNSC,4.409644,5.297613143920898
1084,1240123,COREAD,-0.94223,-1.2849639654159546
1250,1503362,ESCA,2.396163,1.871962308883667
1912,907071,LIHC,3.584006,3.862727165222168
1940,905986,GBM,5.140535,4.408272743225098
1549,1303897,DLBC,5.991933,5.403627872467041
1239,905933,OV,1.59255,2.88670015335083
1598,1330931,LCML,3.070974,2.854550838470459
1007,907300,LAML,-5.991235,-6.540604114532471
1909,906863,HNSC,2.356034,2.290040969848633
1996,907323,UNCLASSIFIED,3.110666,3.2551708221435547
1620,909749,BLCA,5.205186,5.328827381134033
2107,910935,DLBC,3.357657,3.2456459999084473
1786,949177,NB,0.712972,1.8732014894485474
1060,907295,SCLC,1.409151,1.3787345886230469
1250,687777,LUAD,3.09607,1.8161883354187012
1511,909707,UNCLASSIFIED,-0.248093,-0.07610505819320679
1909,909743,ALL,1.662147,2.542731285095215
1630,688011,SCLC,3.956366,4.724551677703857
1005,1299052,HNSC,5.845879,4.819401264190674
1004,905944,LUAD,-4.383876,-4.044440269470215
1933,1240129,OV,6.137005,5.602099418640137
1911,724859,LUAD,-4.722508,-4.289275169372559
1083,907043,UNCLASSIFIED,2.216795,2.101372241973877
1576,907268,UNCLASSIFIED,1.439964,1.6497386693954468
2111,1298219,UNCLASSIFIED,5.379661,6.2356133460998535
1032,1240189,SCLC,1.223723,0.8561971187591553
1631,909260,ALL,2.02032,2.3591156005859375
1926,1330995,DLBC,-0.402361,-0.23768657445907593
1507,905942,LUAD,5.092802,4.758462905883789
1997,906792,SKCM,3.538176,3.793659210205078
1913,1299059,HNSC,4.668839,4.838955879211426
2110,713899,SCLC,4.848085,4.560525894165039
1012,910850,LIHC,1.563868,2.824154853820801
1007,1299050,HNSC,-2.456593,-3.426912784576416
1620,910691,UCEC,5.595653,4.8204193115234375
1918,906808,SCLC,5.752838,4.301218509674072
2106,910903,SKCM,1.526155,1.9793250560760498
1557,684057,UNCLASSIFIED,4.670069,4.482190132141113
1034,907043,UNCLASSIFIED,-3.961603,-4.596141338348389
2107,1298358,STAD,6.44919,5.656269550323486
1799,908138,UNCLASSIFIED,4.512889,3.926257610321045
1997,909248,MB,3.690713,3.651515483856201
1200,753552,BLCA,1.70239,2.4228999614715576
1912,753563,MM,1.904581,2.3569376468658447
1559,906792,SKCM,-4.202117,-2.5742363929748535
1179,908475,LUAD,-0.643228,-0.0948454737663269
1598,907064,UNCLASSIFIED,3.171372,4.3443427085876465
1017,909260,ALL,4.729391,3.886624813079834
1038,906862,BRCA,0.711821,1.24306058883667
1927,1659928,COREAD,4.598396,4.344019889831543
1593,930298,CESC,1.488545,3.4216346740722656
1919,724879,LUSC,2.211188,3.468705177307129
1511,1240190,LUAD,-1.425682,-0.38280797004699707
1940,1240219,PAAD,3.764132,3.8793554306030273
1190,906843,CESC,-1.022707,0.8657857179641724
1549,1299081,SKCM,4.650266,3.9480957984924316
2110,906877,ALL,2.733491,4.010786533355713
1915,1330993,PRAD,2.8861,2.7630224227905273
1375,910924,STAD,5.194991,5.0940351486206055
1925,925346,PAAD,6.335221,5.579362869262695
1250,688031,SCLC,-0.300076,0.34580790996551514
1627,1240141,MESO,4.552655,4.035296440124512
1022,909703,ALL,-0.977173,-1.3322582244873047
1912,1240226,SKCM,3.264406,2.660755157470703
1068,1298534,UNCLASSIFIED,2.468848,2.6731081008911133
1634,687455,BLCA,3.779508,4.357555866241455
1933,910948,BRCA,7.255015,5.398547649383545
1908,753623,ESCA,2.890175,2.875899314880371
1058,753575,ESCA,0.827476,1.3696006536483765
1932,687799,LUAD,0.742874,0.7238229513168335
2044,906805,LUAD,4.493765,4.825113773345947
2106,1298350,LUAD,0.123839,1.4906330108642578
1630,1290765,UNCLASSIFIED,3.025632,2.848421096801758
1940,687780,UNCLASSIFIED,3.400786,3.4406967163085938
1091,910915,PAAD,1.108264,1.9952515363693237
1854,907783,LCML,3.769308,3.120616912841797
1510,1240144,UNCLASSIFIED,3.026782,4.029918670654297
1915,924105,UNCLASSIFIED,0.458403,0.4726395606994629
1576,907173,MESO,2.779772,3.1564817428588867
2047,909721,LUAD,2.600856,3.5274124145507812
1191,910921,SKCM,-6.875025,-5.704839706420898
1932,724879,LUSC,5.467322,3.877997398376465
1627,905968,OV,1.94311,2.6883840560913086
1941,724878,LUAD,-4.334613,-3.8179516792297363
1618,687995,SCLC,3.397096,3.968231678009033
1941,684072,UNCLASSIFIED,-5.939171,-4.967135906219482
1576,907318,ESCA,1.596853,2.7325587272644043
1191,908455,STAD,-4.49635,-4.9032135009765625
1617,687457,BLCA,2.822569,2.9870052337646484
1177,906821,PAAD,3.832683,5.2076849937438965
1853,910951,LCML,3.794615,3.7347097396850586
1510,1503367,ESCA,4.197202,4.895986080169678
2040,906820,NB,-0.94998,0.05932238698005676
1259,905990,OV,5.253028,4.370227336883545
1629,910951,LCML,3.160084,3.1061973571777344
1594,906836,UNCLASSIFIED,2.968625,2.8075461387634277
2045,910915,PAAD,6.49726,6.384816646575928
2047,909744,ACC,-1.041456,1.2630598545074463
2044,724838,BLCA,3.464851,3.6720237731933594
2043,1240186,SCLC,6.404613,5.615457057952881
1919,909759,UNCLASSIFIED,2.805559,1.6652344465255737
2048,910916,HNSC,-5.070456,-5.24384880065918
1561,907045,BRCA,3.465068,2.3355679512023926
1622,724834,LUAD,5.999838,5.1085968017578125
1630,753538,HNSC,3.62156,3.4667344093322754
2043,1503370,LUAD,4.665803,4.695257186889648
1003,1240172,BRCA,-1.635276,-1.2776864767074585
1558,1330972,SCLC,2.19828,4.392434120178223
1051,906839,GBM,1.153814,2.8104748725891113
1084,687816,LUAD,-1.126619,-1.3807789087295532
1510,909770,STAD,3.568912,4.209485054016113
1036,687514,CESC,3.592358,5.0355730056762695
1557,753618,NB,4.047563,4.356027603149414
2096,1298529,HNSC,4.259394,4.7408976554870605
1006,1240159,LIHC,2.854986,4.348782539367676
1561,905991,OV,2.919014,2.2253847122192383
1375,1240187,LUAD,6.330963,6.236238479614258
1375,909740,COREAD,7.843728,8.013933181762695
1927,687563,GBM,4.636263,4.9969987869262695
1080,946355,ESCA,-1.595713,-2.225773811340332
1512,908455,STAD,5.715334,5.253448486328125
1079,905949,LUAD,-0.463314,-0.3277605175971985
1088,906861,UNCLASSIFIED,3.372493,2.6326088905334473
2106,687807,LUAD,2.551402,5.317706108093262
1593,906833,MB,1.06871,2.219048261642456
1180,1298216,PAAD,-0.928939,-1.1746999025344849
1627,906869,STAD,3.654729,3.256258010864258
1922,908463,LUAD,3.852532,3.877315044403076
2096,910947,LAML,-0.818079,0.601802408695221
1558,1240142,LUSC,1.278967,1.6322269439697266
2045,924105,UNCLASSIFIED,5.71854,5.036498546600342
2107,905948,KIRC,5.454399,5.854447364807129
1625,907045,BRCA,4.730039,4.673120498657227
2045,907173,MESO,5.646229,4.608240604400635
1054,1299080,SKCM,4.80877,3.304347515106201
1631,907783,LCML,1.476914,1.715903878211975
1088,925341,UNCLASSIFIED,2.62914,2.561908721923828
1621,905975,SKCM,5.595034,4.696220874786377
2110,1299080,SKCM,4.404933,4.80305814743042
2047,907072,UNCLASSIFIED,3.33383,2.90828275680542
1854,683665,MM,3.109212,2.989684581756592
1614,724870,PAAD,2.778014,4.2455830574035645
2106,908462,MESO,4.023916,2.3769149780273438
1576,753600,LUAD,3.651974,3.4851322174072266
1598,905971,COREAD,4.620595,3.7914419174194336
1248,910951,LCML,-6.357684,-6.821113586425781
1910,910947,LAML,-3.052566,-1.76099693775177
1007,907048,BRCA,-4.984563,-4.5325822830200195
1622,753573,ESCA,3.146287,3.195700168609619
1557,1327766,MM,4.230036,4.329924583435059
1054,906827,UNCLASSIFIED,2.686378,3.2411231994628906
1510,1330987,UNCLASSIFIED,3.257827,2.788142204284668
1560,1240146,LUAD,4.220316,4.136648654937744
2107,724838,BLCA,4.326738,5.060943126678467
1635,1479988,OV,6.488546,5.572734832763672
1908,909702,ALL,1.217488,0.4595601558685303
1560,910919,DLBC,2.20379,0.9675545692443848
1593,1240145,LUAD,2.228054,2.325674533843994
1054,1290455,LAML,1.119642,1.018265962600708
1191,906746,GBM,-3.582454,-5.363625526428223
2106,687995,SCLC,1.7178,2.5252771377563477
1190,1330942,LAML,-0.68007,0.765411376953125
1032,924102,THCA,2.184346,3.126075267791748
1560,1290795,UNCLASSIFIED,3.39622,3.991948127746582
1012,910904,HNSC,1.822075,1.6518497467041016
1629,688031,SCLC,3.556129,3.357240676879883
1511,949160,UNCLASSIFIED,-1.871001,-2.8074402809143066
1631,1290798,BRCA,5.719274,5.575492858886719
1012,908143,UNCLASSIFIED,0.955987,1.2373297214508057
1924,687514,CESC,1.321476,1.2465040683746338
1510,1298223,LUSC,4.503498,4.590814113616943
1560,907323,UNCLASSIFIED,3.112795,2.7535552978515625
1908,1290724,HNSC,3.290089,3.3331079483032227
2111,907322,UNCLASSIFIED,3.477608,3.548313617706299
1940,905945,BRCA,2.636242,3.0723209381103516
1918,687816,LUAD,3.10431,3.437243938446045
1557,907279,LGG,5.497755,4.928641319274902
1006,687812,LUAD,4.09538,3.301142692565918
1549,909729,GBM,5.550385,4.159524917602539
1630,907173,MESO,3.466676,3.4261908531188965
2043,906794,UNCLASSIFIED,4.394975,4.534703254699707
1614,905951,BRCA,5.058054,4.70178747177124
2109,909976,UNCLASSIFIED,3.246522,2.4592883586883545
1614,905967,LUAD,2.273746,2.323807716369629
1873,1290813,MESO,0.27843,0.6730639338493347
1512,688014,SCLC,5.969072,5.64419412612915
1631,905968,OV,2.278376,2.7609310150146484
1259,910905,COREAD,5.431524,5.187472820281982
1915,905980,KIRC,2.644853,2.9912467002868652
1557,688031,SCLC,4.164559,3.7710342407226562
1624,908132,UNCLASSIFIED,0.34603,0.933761715888977
1177,1240226,SKCM,5.983151,5.394217014312744
1051,1503364,STAD,0.999285,1.2928916215896606
1626,1298157,BRCA,5.513152,3.9143152236938477
1629,907276,STAD,4.239839,4.358710765838623
1932,908149,UNCLASSIFIED,3.615363,4.064907073974609
2096,753538,HNSC,1.353813,1.3355188369750977
1372,753574,ESCA,0.288037,0.4064405560493469
1036,949156,UNCLASSIFIED,5.000599,5.657905101776123
1025,1240124,COREAD,6.7298,5.2418365478515625
1627,1503363,ESCA,2.763322,3.1727280616760254
1563,905942,LUAD,5.393072,5.292396545410156
1925,687455,BLCA,5.396792,4.752173900604248
1620,910952,KIRC,5.523214,5.485039234161377
1079,907281,MM,0.960645,1.8460075855255127
1908,1240208,PAAD,2.072736,1.4967036247253418
1058,1240216,LIHC,2.836154,2.7158923149108887
1922,749711,BRCA,3.858808,3.9786911010742188
1034,925345,UNCLASSIFIED,-5.15543,-3.20481538772583
1073,910922,KIRC,3.317243,3.038299560546875
1200,908142,UNCLASSIFIED,1.879076,1.6443657875061035
1629,910911,HNSC,4.910771,5.451729774475098
1909,909701,UNCLASSIFIED,0.313656,-0.0859527587890625
1631,1297449,DLBC,1.250652,1.9656567573547363
1563,1247871,ALL,4.811901,4.677738189697266
1927,905949,LUAD,4.49188,5.0128350257873535
1073,906801,BRCA,5.199278,5.1309494972229
1250,908444,STAD,4.997371,2.8020410537719727
1925,908158,UNCLASSIFIED,4.149413,3.7555532455444336
2172,905951,BRCA,3.098801,2.025611639022827
1557,907057,LIHC,5.294761,4.851626873016357
1080,1240179,CESC,-4.107847,-2.7267589569091797
1177,1479988,OV,5.863329,5.039676666259766
1924,905984,LGG,1.942539,2.1173348426818848
1004,1240202,LUAD,-2.492646,-2.41536808013916
2044,906812,BRCA,3.365118,3.1641759872436523
1916,907050,UNCLASSIFIED,4.159233,4.264019966125488
1615,905947,KIRC,5.404132,4.966497421264648
1073,1303900,BRCA,5.449026,6.240009784698486
1936,908458,COREAD,0.959264,2.7864627838134766
1561,1297449,DLBC,-0.897536,0.323105126619339
1932,1240219,PAAD,4.739251,5.80893087387085
1022,1240155,STAD,1.344915,1.202557921409607
1054,724870,PAAD,3.355878,3.8709263801574707
2111,946361,UNCLASSIFIED,3.23771,4.546340465545654
1088,749711,BRCA,5.216269,4.385700225830078
1799,907791,MM,6.07006,5.385252475738525
1925,905936,COREAD,4.681101,4.292545318603516
1799,724831,UNCLASSIFIED,5.75903,4.54154109954834
1131,949163,UNCLASSIFIED,5.017626,4.017773151397705
1940,688086,NB,4.202639,2.795647144317627
1936,1240142,LUSC,2.712197,1.9362355470657349
1051,924104,THCA,2.145375,1.4380676746368408
2045,910689,COREAD,7.980148,7.383519172668457
1926,688014,SCLC,2.952307,2.2757723331451416
1598,908127,UNCLASSIFIED,3.437832,3.371723175048828
1614,1240197,OV,4.239765,5.046381950378418
1058,908123,BRCA,1.364869,1.2007344961166382
1578,908458,COREAD,6.059644,4.431385517120361
1629,908146,ALL,3.256791,2.9099044799804688
1004,907312,BLCA,-4.427156,-5.2722954750061035
1786,910780,NB,2.642472,2.2357850074768066
1373,687459,BLCA,6.011552,5.810194492340088
1510,946370,GBM,3.83292,4.402822017669678
1908,906830,SKCM,0.915725,1.572779893875122
1049,909699,UNCLASSIFIED,6.169718,4.4822678565979
1180,906797,BLCA,-2.339976,-2.432882785797119
1034,906831,UNCLASSIFIED,-3.776431,-2.7907867431640625
1613,906831,UNCLASSIFIED,-0.375629,2.0982165336608887
1268,1299081,SKCM,3.872769,3.984126091003418
1631,905935,PRAD,5.56477,5.202638149261475
1093,924108,COREAD,3.863202,3.9865474700927734
1631,753594,SCLC,2.030722,1.977455735206604
1089,906855,LCML,2.503558,2.284494400024414
2096,753532,HNSC,2.585245,2.612043857574463
1006,907268,UNCLASSIFIED,0.206026,-2.3291196823120117
2045,1299081,SKCM,5.366063,4.609753131866455
2047,910933,GBM,0.883127,1.4302421808242798
1250,909704,BLCA,0.505655,2.1229734420776367
1561,906812,BRCA,1.782734,0.827644944190979
1049,907295,SCLC,3.872617,3.5505757331848145
1036,1240154,THCA,2.352194,3.4282126426696777
2040,1240189,SCLC,0.360839,0.1145067811012268
1036,907270,CLL,1.181178,1.6640201807022095
1873,907323,UNCLASSIFIED,0.969036,0.3634856939315796
1936,907068,CESC,1.576767,2.536837100982666
1621,909976,UNCLASSIFIED,3.657798,3.182744026184082
1924,908136,UNCLASSIFIED,3.244584,2.3748865127563477
1931,907783,LCML,4.304645,3.712113380432129
1941,905941,LUSC,-2.95693,-2.9751381874084473
1017,909731,UNCLASSIFIED,3.54402,2.4996590614318848
1627,753576,ESCA,4.022517,3.9543776512145996
1852,909697,STAD,4.464305,4.608623027801514
1088,684057,UNCLASSIFIED,0.568952,0.14370957016944885
1025,909263,COREAD,4.271817,6.3159260749816895
1006,909780,BLCA,0.142558,1.7144228219985962
1091,949164,UNCLASSIFIED,1.457725,0.9003415107727051
1930,907299,UNCLASSIFIED,-0.251984,-0.3465440273284912
1578,909748,COREAD,5.573944,5.328103065490723
1561,1240181,NB,-0.07239,0.020041614770889282
1922,753576,ESCA,2.916179,3.5264997482299805
1003,1290807,UNCLASSIFIED,0.831452,0.376792848110199
1036,905975,SKCM,-0.333971,2.2693257331848145
1248,1240200,OV,-3.21492,-1.8365899324417114
1131,1240222,OV,1.824667,3.1441831588745117
1372,1240223,THCA,-1.215063,-1.2549046277999878
1631,907790,COREAD,4.060495,3.209773063659668
1862,1299078,SKCM,-1.173465,-1.8173896074295044
1512,1240215,UNCLASSIFIED,5.447801,5.516568660736084
1926,687455,BLCA,2.193307,1.0133187770843506
1598,908472,LUAD,3.727752,2.940061569213867
2096,905955,SKCM,1.036799,1.8950599431991577
1089,1298350,LUAD,2.578827,3.7733559608459473
1910,753621,ESCA,1.808467,2.3466134071350098
1034,946358,ALL,-3.387135,-3.3692851066589355
2045,910910,BRCA,6.076166,5.475183010101318
1624,949171,NB,2.820816,2.4572181701660156
1053,909263,COREAD,4.655978,4.486499786376953
1529,722046,LUAD,0.100562,-0.9020991325378418
1080,906812,BRCA,-3.370763,-3.4880504608154297
1073,1330995,DLBC,3.212511,4.665910243988037
1168,909740,COREAD,3.679569,3.0004262924194336
1559,907071,LIHC,-0.539457,-1.6595643758773804
1849,724839,CESC,0.614894,-0.11740410327911377
1919,909975,UNCLASSIFIED,3.404265,2.9625864028930664
1073,924241,SCLC,8.428598,8.076835632324219
1629,1503365,ESCA,6.170208,6.303457736968994
1917,911905,OV,4.980585,4.64176607131958
2040,1240198,OV,1.551033,1.260826587677002
1634,909976,UNCLASSIFIED,3.652016,3.3898696899414062
1375,909713,SKCM,5.814523,5.414280891418457
1191,905986,GBM,-4.716316,-4.097695827484131
1068,907169,SKCM,0.761311,1.1940791606903076
1918,906871,LGG,2.811514,3.038240909576416
1919,1330995,DLBC,1.680848,2.2814230918884277
1013,925346,PAAD,5.132406,3.781886100769043
1786,683667,MB,3.520981,1.7592854499816895
1927,753608,LUAD,6.196735,5.713367462158203
1511,910688,LAML,-4.642182,-2.682101249694824
1179,908451,LAML,-1.314096,-0.7859022617340088
1626,1290809,MESO,3.960489,3.5693602561950684
1089,908473,LUAD,4.031674,4.579591751098633
1512,909713,SKCM,5.622468,4.79897928237915
1080,1298223,LUSC,-3.542158,-1.5753332376480103
1549,1322218,UNCLASSIFIED,5.000121,4.399785041809082
1912,908457,COREAD,1.322873,1.396432876586914
1615,909977,UNCLASSIFIED,5.337052,5.2895355224609375
1089,688021,SCLC,6.237912,5.779293537139893
1997,1322224,STAD,2.836564,2.075810432434082
1249,907047,UNCLASSIFIED,2.580685,2.895810127258301
2043,910921,SKCM,4.495692,4.294821262359619
2044,1524416,KIRC,2.581839,3.6894283294677734
1049,1503363,ESCA,3.227339,3.869948387145996
1068,910849,UNCLASSIFIED,0.951535,1.2199366092681885
1012,910706,UNCLASSIFIED,0.610372,0.31390756368637085
1557,907291,COREAD,2.857745,4.509946823120117
1507,1503364,STAD,4.466524,4.1416144371032715
1593,1480364,OV,2.20164,3.7697105407714844
1007,908472,LUAD,-3.771619,-2.9818925857543945
1084,724878,LUAD,0.19739,-1.1060668230056763
1996,905950,KIRC,4.416431,5.138770580291748
1549,1240183,LUSC,2.456632,1.130401372909546
1049,910401,UNCLASSIFIED,2.553029,2.724292755126953
1051,1330947,LAML,-3.94576,-2.8756651878356934
1004,905989,COREAD,-5.671325,-5.463998794555664
1529,1240215,UNCLASSIFIED,2.072951,4.4980268478393555
1084,910910,BRCA,-1.182719,-2.593006134033203
1507,907795,COREAD,5.100138,5.1314697265625
1053,1240151,STAD,1.89879,2.9683475494384766
1017,907045,BRCA,4.743871,4.322391033172607
1916,909708,HNSC,2.528175,3.356678009033203
1058,908483,SCLC,1.494545,1.335106372833252
1576,908444,STAD,2.822577,2.546999454498291
1629,683667,MB,3.935936,4.648221969604492
1909,949165,UNCLASSIFIED,2.353089,2.708129405975342
1932,1299070,OV,3.289901,3.6982803344726562
1013,905958,ALL,2.924796,2.676814556121826
1180,930298,CESC,-2.708513,-2.6056923866271973
1557,910700,COREAD,6.16432,6.579517364501953
1083,908131,UNCLASSIFIED,3.017638,3.4889864921569824
1624,906856,UNCLASSIFIED,0.849304,-0.6195918321609497
1004,753572,PAAD,-5.134259,-4.408353805541992
1249,908149,UNCLASSIFIED,5.258344,3.886075019836426
1180,910906,UNCLASSIFIED,-4.350395,-4.084592342376709
2109,722046,LUAD,1.930977,1.840104579925537
1091,906856,UNCLASSIFIED,0.028398,-0.2353724241256714
2106,908457,COREAD,1.171487,1.3425403833389282
1200,908147,ALL,1.643749,1.7870526313781738
1630,909748,COREAD,4.628607,4.676039218902588
1930,1290455,LAML,-0.445531,0.15775415301322937
1004,906838,UNCLASSIFIED,-4.593845,-4.773694038391113
1625,906853,UNCLASSIFIED,6.634627,6.734158515930176
1941,687983,SCLC,-5.400933,-5.666100025177002
1089,909743,ALL,3.026301,2.442199468612671
1913,908443,LUSC,5.806234,5.997223377227783
1131,1509073,KIRC,5.787567,3.9224095344543457
1853,907291,COREAD,3.93609,4.292260646820068
1933,909719,LIHC,3.285619,5.635100364685059
1507,909757,COREAD,5.108021,5.3100504875183105
1022,909252,ALL,-0.986794,-1.7958699464797974
1510,930082,UNCLASSIFIED,4.326932,4.157687187194824
1908,908121,BRCA,4.094168,2.258653402328491
1849,909781,KIRC,2.213396,1.9788490533828735
1013,1290808,MESO,5.182349,5.302011489868164
1911,908475,LUAD,-3.299568,-4.680743217468262
1631,906801,BRCA,4.990124,4.517019271850586
1927,907277,ALL,3.819876,3.5770416259765625
2107,1240157,LIHC,5.533286,5.642821311950684
1910,909703,ALL,-3.577945,-3.6813788414001465
1918,909905,GBM,0.424749,2.1660537719726562
1034,1240217,LIHC,-3.055458,-2.7933478355407715
1862,753618,NB,-3.21523,-2.1547927856445312
1006,1240143,LUSC,2.868542,1.5509499311447144
1634,753558,KIRC,4.815229,5.3536601066589355
1093,924186,UNCLASSIFIED,5.27879,4.288567066192627
1615,905957,BRCA,3.850642,4.004187107086182
1012,907788,PRAD,0.446071,0.5206947922706604
1912,1298157,BRCA,3.63871,2.5606541633605957
1564,924102,THCA,1.487869,1.9649248123168945
1032,908458,COREAD,2.863357,3.009122848510742
1179,1240212,CESC,0.729705,2.128500461578369
1248,1240160,LIHC,-4.671802,-2.577822208404541
1190,971773,UNCLASSIFIED,-5.274235,-3.8339767456054688
1910,749710,BRCA,1.417744,2.54068660736084
1006,907313,GBM,3.968301,1.8882402181625366
1096,910927,BRCA,1.574492,2.5770034790039062
1933,749715,BRCA,2.538492,3.737370491027832
1629,1330942,LAML,5.521508,4.2727484703063965
1915,910853,SKCM,2.046345,2.676041603088379
1036,907046,BRCA,3.456863,3.603332996368408
1563,687505,CESC,5.572063,5.138548851013184
1909,753584,BLCA,1.844356,2.2233054637908936
1932,908138,UNCLASSIFIED,4.313807,3.137894630432129
1913,1240222,OV,3.89437,4.7368316650390625
1268,1298157,BRCA,5.303997,4.470973491668701
1629,909704,BLCA,3.878987,4.335292816162109
1049,909779,UNCLASSIFIED,4.683512,3.519944667816162
2106,908472,LUAD,6.158279,3.732913017272949
1862,924104,THCA,-2.646305,-1.984826922416687
1004,907172,SKCM,-2.824116,-2.610511302947998
1191,687568,GBM,-5.037246,-4.681488990783691
1239,1240189,SCLC,1.405559,1.183977484703064
1012,1240172,BRCA,2.980787,3.135077953338623
2043,905942,LUAD,4.716088,5.024474143981934
1631,998189,COREAD,5.136954,3.2032647132873535
1939,1298526,PAAD,2.389277,2.764793872833252
1012,908123,BRCA,1.479903,1.6652731895446777
1557,1240155,STAD,4.396725,3.592716693878174
1925,907064,UNCLASSIFIED,5.138503,5.122591495513916
2109,910688,LAML,2.165862,1.8469794988632202
1635,908138,UNCLASSIFIED,5.619083,5.620032787322998
1006,753612,MM,2.356795,3.3594484329223633
1916,905969,OV,4.431297,3.6748242378234863
1559,1303896,UNCLASSIFIED,-4.243109,-4.191418170928955
1507,1290771,COREAD,5.21949,5.480433464050293
1268,687997,SCLC,5.444117,5.215662002563477
2045,907000,UNCLASSIFIED,3.970076,3.946275234222412
1057,910916,HNSC,-0.097296,-0.36041224002838135
1179,1240210,UNCLASSIFIED,-0.867431,0.02154865860939026
1622,909718,COREAD,4.096691,5.035680770874023
1058,1240218,PAAD,4.542437,4.400284290313721
1549,688086,NB,4.420435,4.917104244232178
1058,946358,ALL,1.015914,0.7870151996612549
1557,908125,SKCM,5.738676,5.2061896324157715
2096,1298526,PAAD,4.201635,3.4303765296936035
2040,688121,UNCLASSIFIED,1.413517,1.4921671152114868
1560,909904,PAAD,3.073484,3.88633394241333
2110,753575,ESCA,3.869932,5.514008522033691
1911,909785,UNCLASSIFIED,-6.698095,-6.057344436645508
1168,684062,UNCLASSIFIED,3.198964,3.0144824981689453
1622,724872,SCLC,2.742476,3.738095760345459
1079,1297439,SCLC,3.632877,3.37941837310791
1634,1240135,MESO,4.659269,4.717561721801758
1936,906794,UNCLASSIFIED,2.227879,3.5421695709228516
1034,687588,GBM,-1.984016,-3.4528675079345703
1940,1298539,UNCLASSIFIED,4.409119,4.813291072845459
1930,1240216,LIHC,2.862098,1.408294916152954
1085,1330972,SCLC,2.011883,2.1039137840270996
1598,910936,HNSC,4.015723,4.004096508026123
1549,753546,SKCM,5.128375,5.798393249511719
1191,910905,COREAD,-3.7542,-2.7318315505981445
1634,909785,UNCLASSIFIED,3.61272,2.9650092124938965
1559,907172,SKCM,-3.609266,-2.5852932929992676
1912,907066,BLCA,4.098911,5.302019119262695
1629,1503366,ESCA,4.473044,4.320727348327637
1068,909262,UNCLASSIFIED,0.209432,0.8139603734016418
1849,753552,BLCA,-0.932764,-1.5980263948440552
1237,907071,LIHC,6.009105,5.8748626708984375
1022,1240200,OV,-0.14978,2.3200197219848633
1512,910548,OV,4.933964,5.522264003753662
1089,905939,COREAD,2.446761,3.305816173553467
1919,909780,BLCA,2.345236,2.465188980102539
1915,909776,UNCLASSIFIED,4.059564,3.9220519065856934
1058,1503366,ESCA,2.644882,1.7960020303726196
1179,949158,UNCLASSIFIED,-1.281734,-0.7152599096298218
1617,907169,SKCM,4.88504,1.928534984588623
1558,910916,HNSC,2.050894,0.7475454807281494
1049,1330987,UNCLASSIFIED,2.652296,1.5760729312896729
1512,753539,UNCLASSIFIED,4.682281,4.515359401702881
1012,909725,SKCM,3.409756,3.409120559692383
1180,906862,BRCA,-4.076208,-3.8383913040161133
1635,910853,SKCM,4.612458,4.800151348114014
1079,906820,NB,-1.230694,1.9181313514709473
1854,907289,COREAD,5.148139,4.539737224578857
1563,909753,OV,6.851569,6.377815246582031
1622,1503370,LUAD,4.876226,3.7889671325683594
1073,688087,NB,6.757237,5.31933069229126
2109,1297439,SCLC,2.644525,2.6538095474243164
1093,688121,UNCLASSIFIED,6.380433,4.773652076721191
2109,1240202,LUAD,3.927122,4.217318058013916
1093,949164,UNCLASSIFIED,4.147247,3.4294400215148926
1594,1659823,COREAD,5.029114,4.874934196472168
1006,1330942,LAML,0.352071,2.122971296310425
1239,688010,SCLC,2.048267,2.8126955032348633
2109,1240208,PAAD,4.520953,3.2715134620666504
1180,753620,NB,-1.406586,-1.655239224433899
1085,749711,BRCA,2.289262,2.936939239501953
1372,687800,LUAD,4.647288,1.2663538455963135
1510,753562,HNSC,3.627369,3.146871566772461
1006,909257,OV,-0.274387,0.1764790117740631
1855,907787,ALL,3.070393,1.8263789415359497
1068,1330985,LAML,0.768572,0.047512710094451904
1909,906843,CESC,1.783214,1.8286367654800415
1010,753586,UNCLASSIFIED,4.000034,4.237016201019287
1051,906861,UNCLASSIFIED,1.863967,2.083620309829712
1918,924186,UNCLASSIFIED,1.787142,2.5521655082702637
2044,910921,SKCM,3.515414,2.774712085723877
1918,907057,LIHC,4.420268,4.641478538513184
1941,909743,ALL,-5.568292,-5.181095123291016
1925,1330931,LCML,4.746766,4.264453887939453
1373,906832,DLBC,2.088477,4.070337295532227
1615,1240217,LIHC,5.020925,5.094955921173096
1034,910942,UNCLASSIFIED,-2.110658,-3.372328758239746
2048,946359,BRCA,-1.084444,0.06282871961593628
1910,906834,MB,-0.333677,0.30081477761268616
1239,905969,OV,4.056408,4.212404251098633
2044,687506,CESC,2.642484,3.0376667976379395
1631,906843,CESC,2.516017,3.2127718925476074
1088,1290724,HNSC,3.710219,3.7307729721069336
1917,1330985,LAML,-0.325307,0.07817858457565308
1529,908159,UNCLASSIFIED,-2.025673,-1.9372087717056274
1873,906820,NB,-0.481442,0.5550798177719116
1853,907050,UNCLASSIFIED,6.084119,5.767393112182617
1054,688010,SCLC,4.928592,4.89693021774292
1057,907790,COREAD,-3.123143,-2.7863264083862305
1049,1298538,LUSC,3.988731,4.104257583618164
1922,908457,COREAD,1.632432,1.8791557550430298
1032,906827,UNCLASSIFIED,1.388827,2.069667339324951
1927,907290,UNCLASSIFIED,5.163628,4.696898460388184
1922,687815,LUSC,1.296959,1.9018148183822632
1007,905944,LUAD,-4.563211,-5.100722312927246
1910,905989,COREAD,1.438287,0.772720217704773
1179,1290765,UNCLASSIFIED,0.063649,0.5408937335014343
1927,1503367,ESCA,6.062089,5.282132625579834
1250,905951,BRCA,2.300048,2.3574509620666504
1073,688031,SCLC,3.389342,3.5517916679382324
1931,1297446,ALL,4.257408,4.218544960021973
2096,907269,CLL,1.751865,1.7467765808105469
1557,1247871,ALL,4.59639,4.433656692504883
1930,1240212,CESC,1.206641,0.8618552684783936
2109,909720,UNCLASSIFIED,2.642472,2.474430561065674
1930,925345,UNCLASSIFIED,1.554281,0.2552931308746338
1927,683665,MM,4.458436,4.039234161376953
1012,930297,CESC,3.259006,3.335484504699707
2106,724868,LUAD,4.408463,2.555067539215088
1049,909773,DLBC,2.856853,3.024205207824707
1911,909746,COREAD,-1.527545,-2.257349967956543
1003,906873,GBM,-4.526351,-1.974082112312317
1032,910927,BRCA,2.97682,1.6822589635849
1060,722066,LUAD,-0.062025,0.004488050937652588
2043,906797,BLCA,4.546537,5.127641677856445
1559,1327774,UNCLASSIFIED,1.001856,0.0810638964176178
1561,1240136,MESO,4.142373,3.4476776123046875
1034,909779,UNCLASSIFIED,-3.39535,-1.5688918828964233
1561,910549,ESCA,1.459031,1.3411307334899902
1054,906855,LCML,2.939193,2.548337936401367
1088,749715,BRCA,3.241979,4.867142200469971
1598,753586,UNCLASSIFIED,3.861732,4.327023029327393
1909,907298,UNCLASSIFIED,2.733411,1.9875344038009644
1557,908476,LUAD,4.383959,4.398277282714844
1924,906877,ALL,1.634421,2.014726161956787
1617,907273,UNCLASSIFIED,-4.316521,0.7954270839691162
1862,1240155,STAD,-0.938497,-1.1046311855316162
2109,1327775,MM,1.783405,2.5767970085144043
1927,910687,ALL,4.29627,4.460427284240723
1598,753607,UNCLASSIFIED,3.705668,3.958832263946533
1912,1322224,STAD,0.667961,0.9832969307899475
1559,949160,UNCLASSIFIED,-4.075113,-4.088849067687988
1615,1298226,LUSC,5.628114,5.016102313995361
2040,1290808,MESO,1.730287,2.461771011352539
1849,1298539,UNCLASSIFIED,0.494253,1.6151084899902344
1047,924100,PRAD,2.562728,4.007623195648193
1032,1303912,UNCLASSIFIED,1.886753,2.2898130416870117
1918,905955,SKCM,4.397056,4.476126194000244
1630,949171,NB,3.202231,3.4535937309265137
1268,910932,SKCM,4.651376,4.349551677703857
1916,907291,COREAD,1.811845,2.2906527519226074
1576,687561,GBM,2.464026,2.6255435943603516
1617,910915,PAAD,3.879947,5.32555627822876
1849,905941,LUSC,0.870187,1.985764741897583
1060,907062,HNSC,0.475143,0.5505328178405762
2096,907072,UNCLASSIFIED,2.07233,2.99560546875
1250,1330995,DLBC,2.667289,3.369511604309082
1046,1503361,ESCA,1.545047,1.5631685256958008
1511,909716,UNCLASSIFIED,-1.464285,-1.5722988843917847
1060,683667,MB,1.459241,1.3247557878494263
1918,1290798,BRCA,2.54581,2.2934136390686035
1079,910853,SKCM,2.190656,2.4451584815979004
2045,1240186,SCLC,6.230846,5.590638637542725
1932,905937,COREAD,2.069233,2.351961851119995
1025,1330941,BRCA,6.252207,6.283968448638916
1634,909743,ALL,4.136438,3.561619281768799
1928,1303912,UNCLASSIFIED,4.021184,4.032491207122803
1053,1331038,DLBC,3.83161,3.10819149017334
1239,909256,BRCA,2.480577,2.798954486846924
1915,907287,COREAD,1.257895,2.5340285301208496
1627,1298347,LUAD,2.447083,3.559539318084717
1131,906873,GBM,3.238834,3.2107553482055664
1068,1298169,KIRC,1.346822,1.5757492780685425
1919,906814,SKCM,2.541307,2.3413233757019043
1510,908454,UNCLASSIFIED,3.134565,1.9809852838516235
1191,910705,UNCLASSIFIED,-5.568641,-5.183419704437256
1931,905937,COREAD,5.634614,5.2740397453308105
1631,908138,UNCLASSIFIED,2.898699,1.8365057706832886
1200,1290908,LUAD,2.274354,2.9518470764160156
1006,906824,CESC,2.982856,1.4643847942352295
1622,909263,COREAD,5.631437,5.414981842041016
1854,1327769,DLBC,1.984053,4.1986870765686035
1630,910569,COREAD,4.547873,4.067304611206055
1915,906843,CESC,1.891625,1.9942879676818848
1013,1298151,LIHC,4.200016,4.625112533569336
1925,906808,SCLC,4.563265,4.590770244598389
1199,1322212,SCLC,4.200604,2.617084503173828
1190,910852,BRCA,1.550511,2.549017906188965
1012,905960,BRCA,0.891842,1.0175142288208008
1083,909785,UNCLASSIFIED,2.554687,1.449392318725586
1553,687590,GBM,2.339855,3.866222858428955
1007,906833,MB,-6.343596,-6.439511299133301
1053,908441,,2.352143,2.362644910812378
1799,749717,BRCA,4.35272,5.454792022705078
1089,906693,PAAD,4.998747,4.5197672843933105
1564,906827,UNCLASSIFIED,3.027186,2.568068027496338
1083,905941,LUSC,4.981862,4.882566452026367
2096,908128,SKCM,3.021294,3.120429039001465
2106,909907,BRCA,2.975906,3.4364333152770996
1855,688014,SCLC,5.002123,5.542533874511719
1930,908127,UNCLASSIFIED,0.551589,-0.25273311138153076
1239,949163,UNCLASSIFIED,0.151794,1.063288688659668
2109,906863,HNSC,3.11588,3.581998348236084
1047,909260,ALL,3.668733,4.374694347381592
1017,753607,UNCLASSIFIED,4.124378,3.5878939628601074
1510,909749,BLCA,4.105501,4.208590507507324
1237,1290905,BRCA,6.900355,6.371896743774414
1617,906826,BRCA,5.335711,5.9501752853393555
1941,910568,THCA,-4.855145,-3.8282175064086914
1559,906851,BRCA,-0.969482,-1.696006417274475
1576,753614,ESCA,3.04094,3.23740816116333
1630,1240142,LUSC,2.979738,2.3808021545410156
1621,1240208,PAAD,5.912126,5.279781818389893
1054,930298,CESC,5.380742,4.952531814575195
1559,687798,LUAD,2.74313,-1.0963901281356812
1006,1480362,OV,4.669351,3.8407750129699707
1079,910944,ALL,1.586182,0.8319158554077148
1083,909251,ALL,0.930994,1.0678894519805908
1010,1298157,BRCA,3.927934,2.5730738639831543
1617,910548,OV,4.367486,3.713594436645508
1908,905951,BRCA,5.9383,4.528297424316406
1168,753575,ESCA,-0.124972,0.6493767499923706
1918,687561,GBM,1.912013,1.8376657962799072
1237,1298352,UNCLASSIFIED,8.741712,7.519196033477783
1614,907069,UNCLASSIFIED,3.454444,4.41434383392334
1013,907071,LIHC,5.047156,5.220647811889648
2047,907300,LAML,-0.038787,1.023952841758728
1855,1327766,MM,3.184571,3.878239631652832
2040,930299,THCA,-0.400934,2.493366241455078
1053,905937,COREAD,2.431818,2.377314805984497
1017,908143,UNCLASSIFIED,4.278909,4.101757526397705
2110,907273,UNCLASSIFIED,1.791724,3.3912296295166016
1613,753556,LUSC,-0.125914,1.1022275686264038
1564,1240196,HNSC,3.704615,3.6342978477478027
1922,1240121,HNSC,2.030624,2.369502305984497
2110,924110,UNCLASSIFIED,5.190727,3.911841869354248
1931,1240174,UCEC,5.521399,5.569384574890137
1248,909737,LIHC,-4.468395,-3.9123435020446777
1909,910951,LCML,1.050805,-1.1976568698883057
1918,907169,SKCM,3.735471,3.433349609375
1068,1247871,ALL,-0.688701,1.5564231872558594
1051,1240172,BRCA,4.305346,4.853640079498291
1010,1479988,OV,3.358374,4.40307092666626
1631,905976,SKCM,3.44973,2.725836753845215
1200,910546,PAAD,3.020863,2.904015064239502
1632,909778,BRCA,4.231745,3.5974245071411133
1911,909723,SKCM,-3.036591,-1.1456252336502075
1084,907311,LCML,-3.663565,-2.965503692626953
1626,907285,PAAD,2.691828,3.9922142028808594
1010,905944,LUAD,2.480429,3.2610068321228027
1908,909262,UNCLASSIFIED,2.272885,2.004446268081665
1924,687980,SCLC,2.595191,2.14262056350708
1618,906853,UNCLASSIFIED,5.303032,6.033712387084961
1909,1298533,PAAD,1.985365,2.7155346870422363
1849,906834,MB,-0.56739,-2.2942075729370117
2110,907299,UNCLASSIFIED,5.968045,5.772706031799316
1373,749713,BRCA,7.102539,4.997002124786377
1925,907173,MESO,4.123865,4.740416049957275
1057,910401,UNCLASSIFIED,-2.730656,-2.3038740158081055
1085,753623,ESCA,3.368884,2.5487818717956543
1621,1503366,ESCA,5.156729,5.194725513458252
1268,753616,NB,4.712235,4.323930740356445
1997,688031,SCLC,3.166394,2.874067783355713
1068,907047,UNCLASSIFIED,0.858224,0.7811490297317505
1060,908150,MESO,1.801254,0.9730206727981567
2045,907794,COREAD,4.924342,4.908942222595215
1564,905972,LUAD,2.010537,1.8189071416854858
1549,1674021,COREAD,5.502051,3.868436813354492
1268,905984,LGG,4.33307,3.4594287872314453
1549,1240158,LIHC,4.272373,4.007266521453857
1237,906830,SKCM,5.657232,6.050289154052734
1200,1240179,CESC,2.911035,2.622192859649658
1190,908458,COREAD,3.695926,2.2018818855285645
1237,905986,GBM,6.205938,5.316074371337891
1615,910905,COREAD,5.833279,6.2261223793029785
1089,910694,GBM,6.631439,6.346363544464111
1909,924102,THCA,2.122853,2.7557530403137207
1088,688010,SCLC,2.671955,1.4376063346862793
1911,905948,KIRC,-4.149329,-3.2431812286376953
1047,909713,SKCM,3.298585,3.353006362915039
1180,909729,GBM,-3.103902,-3.4769387245178223
1012,1327766,MM,0.247144,0.4972791075706482
1549,906824,CESC,1.695628,1.8024362325668335
1620,1290908,LUAD,4.907383,5.42271614074707
2110,687800,LUAD,7.50736,7.015664577484131
1873,924104,THCA,0.682934,1.255958914756775
1557,1240184,UNCLASSIFIED,5.631952,5.102623462677002
1259,753584,BLCA,3.364206,4.05853796005249
1786,909732,UNCLASSIFIED,3.932044,2.9894137382507324
1635,909744,ACC,4.568727,4.087913990020752
1011,722066,LUAD,4.055722,2.463930606842041
1915,909749,BLCA,2.830021,3.2672977447509766
1598,1327775,MM,3.341484,3.014659881591797
1927,930082,UNCLASSIFIED,5.281048,4.603954315185547
1003,1298358,STAD,-2.799064,-1.1355069875717163
1629,1330985,LAML,3.427866,3.739114284515381
1799,687997,SCLC,6.020464,5.201473236083984
1068,907299,UNCLASSIFIED,1.71376,0.9936814308166504
1004,1322212,SCLC,-3.305044,-3.3038206100463867
1916,909784,SKCM,1.940649,1.7231227159500122
1057,907317,ESCA,-3.354272,-1.9732106924057007
2046,1240190,LUAD,3.906015,4.598062515258789
1939,905933,OV,2.080824,1.772156834602356
1047,1327774,UNCLASSIFIED,3.659039,3.122311592102051
1237,907298,UNCLASSIFIED,5.298451,4.776770114898682
1917,909704,BLCA,1.026096,0.607966959476471
1553,909774,UNCLASSIFIED,3.463687,3.136810779571533
1004,909780,BLCA,-4.315227,-4.4117045402526855
1925,949171,NB,4.734533,3.4133973121643066
1093,1298141,PAAD,4.662237,5.247812271118164
1268,753574,ESCA,5.217671,4.687824726104736
1919,909248,MB,2.485856,2.6242432594299316
1621,924105,UNCLASSIFIED,5.400369,4.6362504959106445
1190,687799,LUAD,2.892263,0.44084402918815613
1598,749714,BRCA,3.751528,4.250110149383545
1558,905971,COREAD,2.031318,2.4499664306640625
1032,753546,SKCM,4.206978,3.351581573486328
1046,1331038,DLBC,-0.451166,0.2326565384864807
1054,910546,PAAD,3.118859,2.967294216156006
1013,1240153,SKCM,2.827403,2.6670780181884766
1558,907299,UNCLASSIFIED,1.751111,1.4905340671539307
1190,1503362,ESCA,-1.206036,0.8765826225280762
1180,906842,DLBC,-3.964157,-4.465063095092773
1917,909703,ALL,0.873782,-0.13668912649154663
1239,906814,SKCM,1.836467,3.287848949432373
1011,908470,MESO,2.875798,3.5497374534606934
1853,1240173,COREAD,3.924982,4.686805725097656
1613,713899,SCLC,3.678563,3.243072032928467
1239,910698,KIRC,1.793641,1.3653632402420044
1268,907299,UNCLASSIFIED,4.332832,4.088512897491455
1614,749714,BRCA,4.255038,5.199640274047852
1626,909773,DLBC,2.952328,1.7496074438095093
2040,908440,NB,-0.661206,-0.41433608531951904
1618,907791,MM,3.564919,4.3670878410339355
1621,909701,UNCLASSIFIED,2.227762,2.1918506622314453
1908,909746,COREAD,2.262593,3.9613733291625977
1912,907271,LGG,2.196066,2.175604820251465
1563,1330985,LAML,3.975883,4.2965874671936035
1918,907173,MESO,4.225371,4.157289028167725
1089,1290807,UNCLASSIFIED,6.356093,5.871954917907715
1249,724859,LUAD,4.046053,3.451017379760742
1179,906999,UNCLASSIFIED,0.435155,1.542999505996704
1034,1240167,ESCA,-2.899162,-3.1159396171569824
1940,949179,NB,2.530328,3.4548935890197754
1625,1479988,OV,6.42578,5.262929439544678
1512,1480372,OV,6.254562,6.331608295440674
1060,1503366,ESCA,2.109732,1.4008564949035645
1930,1240122,HNSC,1.215573,1.286062479019165
1932,687588,GBM,2.700116,3.1244959831237793
1512,1298538,LUSC,5.925223,5.65457010269165
1010,910692,SCLC,3.313278,3.618934154510498
1058,909255,UNCLASSIFIED,0.053788,0.5229044556617737
1862,906800,UNCLASSIFIED,-2.29721,-1.5586367845535278
1237,687798,LUAD,5.434017,5.054269313812256
1936,907287,COREAD,3.002445,2.8072714805603027
1614,687457,BLCA,5.938678,4.429837226867676
1997,909757,COREAD,5.88614,3.649474620819092
1073,910910,BRCA,3.027332,5.545130252838135
1200,724825,MM,2.562934,2.249309539794922
1786,1240212,CESC,2.695354,3.1626219749450684
1910,909697,STAD,2.844405,0.9266337156295776
1006,910906,UNCLASSIFIED,-1.148412,-0.22596806287765503
1928,910933,GBM,3.256364,3.982369899749756
1622,907794,COREAD,4.970353,4.203797817230225
1034,909749,BLCA,-5.481228,-4.057023525238037
1915,907323,UNCLASSIFIED,2.525895,1.912624478340149
1083,688121,UNCLASSIFIED,3.291346,3.7620930671691895
1563,910922,KIRC,4.407548,5.638278484344482
1917,910779,UNCLASSIFIED,5.493353,4.356502056121826
1250,910700,COREAD,2.568523,3.709364414215088
1996,906868,LGG,3.73953,3.7835521697998047
1088,753576,ESCA,5.704544,5.62562894821167
2106,907056,UNCLASSIFIED,1.923938,1.6041494607925415
1593,906853,UNCLASSIFIED,5.789864,5.694523334503174
1249,1240168,GBM,2.996715,3.6635451316833496
1003,949094,GBM,-3.64519,-3.060781478881836
1853,910691,UCEC,4.522844,4.034112930297852
1268,713899,SCLC,5.282148,4.197192192077637
1578,749709,BRCA,4.9784,4.828709125518799
1010,924104,THCA,4.305596,3.006923198699951
1511,687455,BLCA,-0.672178,-0.21575796604156494
1011,1524416,KIRC,0.867439,2.214419364929199
1003,910943,GBM,0.014211,-0.7705609798431396
1927,1240174,UCEC,4.246176,4.62195348739624
1917,907312,BLCA,0.710195,0.5854646563529968
1375,753607,UNCLASSIFIED,5.53947,4.987046241760254
1618,687452,BLCA,3.178047,3.647512435913086
2109,998184,ALL,1.725634,1.8699849843978882
1615,687815,LUSC,4.066866,5.154489040374756
1084,1299062,SCLC,-1.967205,-1.8177489042282104
1873,909784,SKCM,1.501191,1.4920986890792847
1626,905989,COREAD,1.566542,1.1331788301467896
1168,1240131,MESO,4.337311,3.4578518867492676
1849,908143,UNCLASSIFIED,-0.005361,-1.3943367004394531
1918,1290724,HNSC,2.666771,1.4556899070739746
1248,910948,BRCA,-5.738891,-5.017081260681152
2111,753621,ESCA,5.705833,4.687097549438477
1919,909723,SKCM,4.098518,3.975029945373535
2040,1303896,UNCLASSIFIED,-0.065072,0.3257288336753845
1511,1240173,COREAD,-2.897392,-2.379560947418213
1594,687561,GBM,5.2836,4.403674602508545
1006,1240132,MESO,3.458734,5.113838195800781
1036,910906,UNCLASSIFIED,3.387537,3.2588930130004883
1177,753594,SCLC,2.359279,2.77174711227417
1932,1240131,MESO,6.095513,5.45166540145874
1624,907053,LAML,1.631416,0.9969916343688965
1168,1503364,STAD,-0.735051,-0.047812819480895996
1190,753561,HNSC,1.044808,-0.5817618370056152
1080,907271,LGG,-3.514684,-2.6085028648376465
1617,908127,UNCLASSIFIED,1.433522,1.3894176483154297
1941,909755,COREAD,-3.571441,-3.225329875946045
1626,749709,BRCA,5.244217,3.513125419616699
1621,909251,ALL,1.43114,1.5055614709854126
1629,906847,UNCLASSIFIED,3.464561,3.817598342895508
2111,910926,BLCA,3.697515,3.087812900543213
1618,906863,HNSC,2.453666,3.4688987731933594
1615,910900,LUAD,4.832032,4.87288761138916
1564,910904,HNSC,2.596145,3.0299267768859863
1168,924100,PRAD,3.704638,3.4750075340270996
1080,910784,UNCLASSIFIED,-0.824556,-1.9114338159561157
1564,909708,HNSC,-0.540997,0.5109440088272095
1190,1240209,STAD,0.648551,0.811603844165802
1940,749712,BRCA,3.300461,3.851530075073242
1051,907291,COREAD,0.922675,0.3380710482597351
1036,905974,SKCM,2.286051,1.8709551095962524
1620,907286,PAAD,5.791203,5.6957221031188965
1915,908465,LUAD,2.185846,2.596888542175293
1199,909721,LUAD,6.269188,5.7174272537231445
1054,908448,LAML,1.514499,1.0485351085662842
1529,910692,SCLC,0.915195,1.9084172248840332
1620,906696,THCA,4.927036,4.667492389678955
1630,1290809,MESO,3.320892,4.65415620803833
1084,909249,MM,-4.836085,-3.9601516723632812
1622,909776,UNCLASSIFIED,4.102897,4.5582661628723145
1194,924108,COREAD,2.935672,0.38855084776878357
1549,1240160,LIHC,6.240249,5.023928165435791
1919,753575,ESCA,-0.66198,0.253119558095932
1911,910689,COREAD,-1.459995,-0.3687216639518738
2045,688001,SCLC,4.533769,3.9215989112854004
1928,1503366,ESCA,5.457832,5.676729679107666
1936,907319,ESCA,2.809517,2.9921092987060547
1084,1331045,DLBC,-1.571471,-2.08864688873291
1909,753562,HNSC,2.415484,2.2942938804626465
2043,1298157,BRCA,4.230709,5.128446578979492
1912,906868,LGG,1.99653,2.180314064025879
1010,1240145,LUAD,3.693607,3.2805190086364746
1853,1298136,PAAD,3.025595,3.156726360321045
1627,753616,NB,3.157871,2.5287718772888184
1625,1298348,LUAD,5.705502,6.771158218383789
1852,909740,COREAD,8.333391,6.450840950012207
1010,946382,BRCA,3.326865,3.4753332138061523
1578,906844,BRCA,4.379069,3.8848838806152344
1625,908463,LUAD,5.380847,6.118866443634033
1615,1290812,MESO,7.931266,7.17787504196167
1626,908458,COREAD,3.128175,2.762631893157959
1068,724869,PAAD,2.660595,2.3131773471832275
1916,905983,GBM,3.313971,3.284392833709717
1268,907048,BRCA,4.8811,4.197897434234619
1931,907067,SKCM,5.217413,4.847492694854736
1190,753612,MM,2.913571,-0.11199045181274414
1997,724831,UNCLASSIFIED,5.441288,4.887294769287109
1613,909250,KIRC,3.234978,4.248040199279785
1177,908129,UCEC,4.370182,4.314078330993652
1916,908126,LCML,4.731664,3.7735977172851562
1854,683667,MB,5.075134,4.602048397064209
1007,1327773,DLBC,-4.804033,-5.201008319854736
1916,753556,LUSC,1.870115,1.483253002166748
1079,909753,OV,1.264202,2.2571048736572266
1036,909975,UNCLASSIFIED,6.30308,5.0619893074035645
1032,905948,KIRC,1.959552,2.044119358062744
1046,1298218,PAAD,2.903211,3.235239028930664
1561,1290807,UNCLASSIFIED,0.439904,0.6976938843727112
1089,910907,PAAD,5.256848,5.525798797607422
1624,971773,UNCLASSIFIED,3.704269,4.462973594665527
1375,687800,LUAD,6.876134,8.254678726196289
1180,906846,UNCLASSIFIED,-3.537052,-2.7613487243652344
1594,906865,SKCM,4.03978,4.666161060333252
1012,683665,MM,0.653621,0.38942086696624756
1004,687800,LUAD,2.404839,-0.8914351463317871
1060,906849,UNCLASSIFIED,1.632117,1.7492425441741943
1179,909975,UNCLASSIFIED,1.183856,3.406172752380371
1854,713899,SCLC,4.0981,4.552494525909424
1237,687995,SCLC,5.012448,4.268764495849609
2040,907066,BLCA,2.841387,2.466435432434082
1032,906871,LGG,1.847115,2.0096240043640137
1917,908125,SKCM,4.416934,2.529188632965088
1626,910784,UNCLASSIFIED,5.99017,2.974094867706299
1047,909974,KIRC,3.975319,4.617832660675049
1553,907067,SKCM,1.067459,0.5674091577529907
1012,688121,UNCLASSIFIED,2.798743,2.8009729385375977
2110,909779,UNCLASSIFIED,4.908983,4.768039703369141
1625,1240127,UCEC,4.660336,5.038228988647461
1375,1240132,MESO,6.133172,6.998325347900391
1799,1298533,PAAD,5.85601,5.9356889724731445
1084,908451,LAML,-2.161124,-1.927618145942688
1510,908446,STAD,1.86975,2.4626550674438477
1631,924239,MM,1.559417,1.7463167905807495
1917,1303897,DLBC,0.33132,0.7772502899169922
1931,1240123,COREAD,4.745331,4.96887731552124
1060,905959,OV,3.080011,2.268990993499756
1248,908123,BRCA,-4.423273,-4.815496921539307
1593,906827,UNCLASSIFIED,3.967935,1.9114634990692139
1239,1299059,HNSC,3.35174,2.7185287475585938
1058,905937,COREAD,0.372938,0.17066198587417603
1919,1299052,HNSC,0.946688,0.1503092348575592
1613,724859,LUAD,1.927016,3.0382399559020996
1630,908463,LUAD,2.797026,5.1431989669799805
2045,906828,THCA,4.39118,4.751316070556641
1855,688021,SCLC,7.589231,6.0168232917785645
1916,1247871,ALL,2.513817,3.5533809661865234
1614,909264,UNCLASSIFIED,3.565783,2.849863052368164
1190,905949,LUAD,-3.559694,-2.8773889541625977
1007,924107,CESC,-6.597014,-6.2023773193359375
1621,908463,LUAD,6.855867,6.627148628234863
1908,687799,LUAD,0.968838,0.11813214421272278
1091,1240200,OV,2.568566,3.5369248390197754
2106,753569,LUSC,-0.011623,0.34112757444381714
1089,909697,STAD,3.045706,3.124385356903076
1249,907314,NB,2.867702,2.779407024383545
1629,1299078,SKCM,5.374255,5.241336822509766
1852,1331032,DLBC,4.164905,3.881091594696045
1925,906833,MB,4.612251,4.43869161605835
1047,907280,LAML,4.788047,4.023683071136475
1005,910900,LUAD,1.603736,2.451378345489502
1926,687800,LUAD,2.067195,0.9631701707839966
1080,907299,UNCLASSIFIED,-4.234909,-3.971745491027832
1003,684072,UNCLASSIFIED,-5.109751,-4.904758453369141
1088,906843,CESC,2.530765,2.896113872528076
1046,910942,UNCLASSIFIED,0.575826,1.2353096008300781
1910,905933,OV,2.875623,1.0855305194854736
1006,949158,UNCLASSIFIED,-0.42653,-1.1884127855300903
1922,909717,UNCLASSIFIED,1.584531,2.4370932579040527
1375,1240200,OV,6.991193,7.583709239959717
1057,908152,MESO,-0.360637,-1.083142638206482
1629,907275,LAML,3.669063,3.5940489768981934
1017,949177,NB,3.054555,2.412071466445923
2040,909770,STAD,1.364165,-2.2264299392700195
1268,909708,HNSC,3.933111,3.92781925201416
2045,687807,LUAD,6.987173,6.655709743499756
1010,1240209,STAD,2.417635,2.6631922721862793
1622,908149,UNCLASSIFIED,4.397116,4.3736653327941895
1237,1298223,LUSC,5.244535,5.087648391723633
2043,688027,SCLC,4.775923,4.124205589294434
1912,909759,UNCLASSIFIED,2.983716,2.201359272003174
1083,910569,COREAD,1.82303,2.1248440742492676
1088,1240196,HNSC,2.655701,3.2184953689575195
1854,949094,GBM,5.09391,4.969224452972412
2044,1298222,ESCA,3.883746,3.961465835571289
1635,1240215,UNCLASSIFIED,4.036441,5.276914119720459
1909,1240159,LIHC,3.161844,3.504265785217285
1913,753624,PAAD,5.57083,5.028448581695557
1558,924108,COREAD,1.541101,2.477682590484619
2044,971773,UNCLASSIFIED,1.660399,3.0613818168640137
1627,684052,UNCLASSIFIED,2.335958,2.7498631477355957
1559,909737,LIHC,-3.674211,-1.8594034910202026
1996,917486,COREAD,3.872365,4.249747276306152
1634,1298475,PAAD,5.109914,4.846367359161377
1617,753563,MM,1.717018,0.8723340630531311
1918,949157,UNCLASSIFIED,3.218228,3.0740227699279785
1057,684072,UNCLASSIFIED,-2.851514,-3.662621021270752
1625,687787,LUSC,5.805913,4.628177642822266
2111,1503367,ESCA,1.517818,1.2936005592346191
1563,907270,CLL,5.092914,4.105908393859863
1060,910710,LCML,-1.048056,-1.2752474546432495
1046,909774,UNCLASSIFIED,0.99705,2.3817553520202637
1913,1659928,COREAD,4.129554,4.202057361602783
2107,907276,STAD,6.52898,6.016479969024658
2107,906820,NB,2.710329,4.58663272857666
1927,1240189,SCLC,3.897569,3.752227783203125
1553,910544,LCML,2.485535,1.6346262693405151
1629,949153,ALL,3.175171,3.0383710861206055
1873,905955,SKCM,1.460202,1.369990587234497
1006,908455,STAD,-0.169055,1.6375830173492432
1625,753539,UNCLASSIFIED,3.544816,4.179397106170654
1910,1331032,DLBC,-1.098183,0.932870626449585
1250,909735,UCEC,1.58469,1.7271331548690796
1915,687985,SCLC,2.883927,2.587120532989502
1853,753548,LAML,3.480739,3.0720486640930176
2109,1290806,STAD,2.140526,2.1329030990600586
1259,949158,UNCLASSIFIED,-2.0061,-0.7543638944625854
1199,910689,COREAD,6.231859,7.215200901031494
1053,1240218,PAAD,7.959225,6.638373374938965
1049,909725,SKCM,5.026663,4.365835189819336
1629,1331045,DLBC,3.179097,4.024087905883789
1180,753621,ESCA,-1.731551,-1.42469322681427
2043,906856,UNCLASSIFIED,-3.347146,2.4548799991607666
1927,909696,UNCLASSIFIED,3.850457,3.9293689727783203
1073,908139,STAD,3.395521,5.644055366516113
1576,1298539,UNCLASSIFIED,3.870348,3.760972023010254
1916,753623,ESCA,1.592531,2.9245362281799316
1936,924239,MM,1.484546,1.3816677331924438
2109,908150,MESO,3.829797,2.9758682250976562
1996,1240127,UCEC,3.817761,3.8492956161499023
1564,909748,COREAD,1.192637,-0.43657517433166504
1909,905944,LUAD,2.831526,2.688436508178711
1849,906835,GBM,0.820784,0.44088444113731384
1068,905978,KIRC,1.580995,0.938645601272583
1179,687505,CESC,-0.978005,0.7849112749099731
1849,688014,SCLC,0.115078,0.47028443217277527
1372,724825,MM,-2.633966,-1.616672396659851
1564,1298533,PAAD,0.861721,0.8137142658233643
2107,724855,UNCLASSIFIED,6.1327,5.916309356689453
2048,1331039,UNCLASSIFIED,-4.385805,-4.293909549713135
2040,909728,LUSC,1.532213,0.5576939582824707
1631,687455,BLCA,4.173807,4.551723480224609
1080,688058,MESO,-1.178289,-0.680168867111206
1916,908443,LUSC,2.09732,2.122438669204712
1190,906797,BLCA,-3.617076,-3.929959297180176
1634,1303897,DLBC,5.061241,4.633781909942627
1131,1240121,HNSC,3.843551,4.5709428787231445
1093,1290809,MESO,4.460037,4.815710544586182
1199,924240,BRCA,3.574896,2.959468364715576
1598,949163,UNCLASSIFIED,2.529928,3.589273452758789
1576,907792,COREAD,4.633825,3.535473346710205
1620,687514,CESC,5.132627,4.9069437980651855
1007,688058,MESO,-3.366736,-3.410078525543213
1624,905933,OV,4.066851,4.435009956359863
1053,910695,UNCLASSIFIED,1.614116,2.8373870849609375
1054,907058,SKCM,2.222803,2.6106362342834473
1553,906846,UNCLASSIFIED,1.064475,1.3600027561187744
1003,688031,SCLC,-2.897812,-3.467186450958252
2043,1299075,PRAD,5.270212,5.016325950622559
1549,1298475,PAAD,2.428568,3.9789257049560547
1913,908455,STAD,5.561612,4.880051136016846
1922,906826,BRCA,2.740501,4.000561714172363
1179,906847,UNCLASSIFIED,-0.125317,-0.49479013681411743
1786,1240173,COREAD,3.373852,1.9822500944137573
1373,1327773,DLBC,2.347654,3.8094959259033203
1080,724872,SCLC,-2.874918,-2.6996688842773438
1917,908465,LUAD,3.342407,2.845759391784668
1786,907060,UNCLASSIFIED,2.803194,1.8969277143478394
2044,930082,UNCLASSIFIED,2.291344,3.6966543197631836
1559,753585,KIRC,-3.853544,-1.5755976438522339
1022,1298222,ESCA,0.567806,0.010761946439743042
1853,910943,GBM,5.00404,4.819547653198242
1250,906817,ESCA,3.523566,4.860781192779541
1017,1299081,SKCM,3.751637,3.3577427864074707
1560,909704,BLCA,2.467715,3.428971290588379
1936,908146,ALL,2.195312,2.1011962890625
1862,907072,UNCLASSIFIED,-1.694107,-2.3363146781921387
1617,688006,SCLC,2.017444,3.276665210723877
1512,687777,LUAD,5.669545,5.8055644035339355
1910,905935,PRAD,4.136149,3.727667808532715
1908,909751,COREAD,0.743156,0.13188883662223816
2096,724855,UNCLASSIFIED,1.280843,2.296823024749756
2043,1331032,DLBC,4.711704,3.7811923027038574
2109,909707,UNCLASSIFIED,2.917167,2.7529749870300293
1091,907056,UNCLASSIFIED,1.961433,2.4618239402770996
2048,1240129,OV,0.593853,1.304469108581543
1915,910934,DLBC,2.255296,2.2812206745147705
1598,687505,CESC,2.020229,2.774885654449463
1928,905950,KIRC,3.678552,4.145693778991699
1922,1298529,HNSC,2.326863,3.34417724609375
1635,905976,SKCM,5.431052,5.3111724853515625
1549,946370,GBM,4.716829,4.097935676574707
1940,905949,LUAD,2.96092,3.004830837249756
1634,946368,GBM,3.325685,4.473689556121826
1926,910698,KIRC,-0.989998,-0.3685649633407593
1047,946370,GBM,2.238433,3.3898191452026367
1933,906765,MM,2.238193,2.8163352012634277
1091,925341,UNCLASSIFIED,2.617869,3.8416213989257812
1624,753554,LUSC,2.74541,2.639446258544922
1053,925341,UNCLASSIFIED,5.089565,4.482073783874512
1559,753620,NB,-2.12302,-2.3592934608459473
1578,906696,THCA,5.468605,4.467458724975586
1049,906792,SKCM,3.484013,3.8268542289733887
1940,1331033,DLBC,2.648032,3.177860736846924
1054,906828,THCA,5.192258,3.820575714111328
1559,906843,CESC,-2.416367,-2.485966205596924
1060,908472,LUAD,1.998049,1.1706037521362305
1057,753563,MM,-3.121924,-4.210218906402588
1598,688025,SCLC,2.017905,3.201331615447998
1034,910926,BLCA,-3.727878,-3.961552143096924
1561,688006,SCLC,4.77501,3.3585944175720215
1084,1330993,PRAD,-2.911704,-2.855530261993408
1927,1290455,LAML,3.163916,3.7606329917907715
1248,909736,LIHC,-2.581112,-3.4560532569885254
1996,753607,UNCLASSIFIED,3.7398,3.642855167388916
1924,907790,COREAD,1.99425,2.1526737213134766
1911,1330995,DLBC,-5.892761,-5.222215175628662
1511,909704,BLCA,-0.707764,0.2881702780723572
1624,906696,THCA,1.455443,2.3683085441589355
1630,909703,ALL,2.786377,2.4780354499816895
2043,907048,BRCA,4.447375,3.9641175270080566
1013,910927,BRCA,1.558438,3.6272149085998535
1025,908122,BRCA,6.049812,5.497618675231934
1549,906865,SKCM,5.293625,4.524125099182129
1373,908127,UNCLASSIFIED,5.177462,4.784156322479248
1249,908158,UNCLASSIFIED,1.947368,1.8161474466323853
1624,906853,UNCLASSIFIED,6.868703,6.576615810394287
1168,908451,LAML,2.397317,2.6824889183044434
1614,753558,KIRC,2.547885,3.309144973754883
1058,930298,CESC,1.252604,1.9210851192474365
1083,1298347,LUAD,4.085807,3.722749710083008
1060,924250,STAD,2.156263,1.6697444915771484
2110,924239,MM,4.523134,3.6898083686828613
1553,687800,LUAD,4.158051,5.989291191101074
1941,908463,LUAD,-5.580378,-4.40495491027832
1088,908132,UNCLASSIFIED,-0.02281,0.45066142082214355
1997,1298475,PAAD,3.442137,3.823134422302246
1933,907318,ESCA,2.569643,4.722997665405273
1131,687586,GBM,6.12434,5.6206374168396
1617,924100,PRAD,2.246719,2.221266746520996
1022,908470,MESO,0.850485,1.4859182834625244
1941,1240181,NB,0.457356,-0.5266967415809631
1922,910781,UCEC,0.841954,1.2028766870498657
1618,1240216,LIHC,3.932652,4.6298604011535645
1927,753563,MM,3.990522,3.6291232109069824
1560,908443,LUSC,4.238495,3.5338268280029297
1939,753586,UNCLASSIFIED,2.619628,3.424002170562744
2110,946361,UNCLASSIFIED,5.357422,4.825739860534668
1191,749710,BRCA,-4.167982,-4.86708927154541
1049,909718,COREAD,4.166101,3.711073875427246
1068,906853,UNCLASSIFIED,2.132182,4.310522079467773
1855,1298146,LIHC,1.590261,5.063928127288818
1091,724863,UNCLASSIFIED,0.434592,1.603513479232788
1034,1240121,HNSC,-3.501195,-4.352576732635498
1549,906828,THCA,4.186173,4.252366065979004
2048,908128,SKCM,-2.758583,-1.2698887586593628
2044,1327771,LCML,1.482288,2.6164026260375977
1786,908141,LAML,2.54175,1.6572421789169312
1512,1290908,LUAD,5.392574,5.388052463531494
2106,1290813,MESO,4.464634,2.2915806770324707
1512,1240131,MESO,6.021496,6.818451404571533
1635,907048,BRCA,4.900568,4.748196125030518
1250,908475,LUAD,1.392118,1.9635484218597412
2044,687505,CESC,2.761673,2.8958091735839844
1073,753607,UNCLASSIFIED,4.953409,5.8702006340026855
1051,907790,COREAD,4.170789,1.0720573663711548
1046,910927,BRCA,0.703064,1.6221187114715576
1259,971773,UNCLASSIFIED,-0.22102,-2.4530510902404785
1068,924100,PRAD,1.487555,1.8730599880218506
1849,753574,ESCA,2.738345,0.9157618284225464
2046,1331039,UNCLASSIFIED,1.18733,2.593507766723633
1578,910941,NB,4.300305,4.780936241149902
2109,906798,BLCA,2.594762,3.0556182861328125
1060,1298222,ESCA,1.128659,1.3191428184509277
1529,1290730,BLCA,-0.378003,2.7092251777648926
2106,906837,HNSC,0.653624,1.7479145526885986
1786,1322218,UNCLASSIFIED,1.164969,2.147542953491211
1084,687802,LUAD,-1.119667,-1.2060400247573853
1624,925341,UNCLASSIFIED,3.132964,3.843940258026123
1131,910705,UNCLASSIFIED,2.5736,2.059610366821289
1049,1299059,HNSC,4.240359,4.401623725891113
1022,1660036,COREAD,1.582879,1.4968379735946655
1926,930083,THCA,2.249582,3.635697841644287
1085,949156,UNCLASSIFIED,4.600575,2.468740940093994
1053,724859,LUAD,3.506655,5.289007186889648
1564,909723,SKCM,0.753115,-0.13614898920059204
1079,910687,ALL,1.437647,1.3444814682006836
1618,1503368,ESCA,4.293135,3.990875720977783
1083,1240146,LUAD,2.908262,4.130449295043945
1089,1660034,COREAD,3.032577,2.060232162475586
1249,909974,KIRC,4.743563,6.079174995422363
2043,909728,LUSC,4.668328,5.204809188842773
1560,753607,UNCLASSIFIED,2.702385,3.117760181427002
1630,753546,SKCM,4.316634,5.713979721069336
1931,1240218,PAAD,7.684036,7.467118740081787
1854,909738,LIHC,4.032304,3.2651567459106445
1012,907042,LGG,1.161874,1.648390531539917
1922,1240183,LUSC,2.146845,1.8616527318954468
1919,907287,COREAD,0.418196,1.6411950588226318
1091,1503370,LUAD,1.083103,1.4809335470199585
1017,1299075,PRAD,3.963687,5.100136756896973
1635,724869,PAAD,4.557972,5.93602180480957
1507,688023,SCLC,4.846884,4.705915927886963
1915,905940,LCML,2.435261,2.7117300033569336
1996,907291,COREAD,3.825034,3.8007330894470215
1598,910942,UNCLASSIFIED,4.247868,3.2312564849853516
1179,946357,UNCLASSIFIED,-0.731297,-0.9127376079559326
1010,908461,STAD,1.984711,1.2223701477050781
1561,1298219,UNCLASSIFIED,4.673854,3.7861247062683105
1910,910942,UNCLASSIFIED,2.988271,2.4164671897888184
1510,907278,LAML,4.15405,3.936950206756592
1017,907064,UNCLASSIFIED,3.706178,4.770112037658691
1911,687457,BLCA,-4.635226,-3.711876392364502
2048,907787,ALL,-4.498836,-5.302480220794678
1558,908145,LGG,2.706394,2.174973487854004
1057,909729,GBM,-2.021035,-1.9566761255264282
1613,753565,SCLC,2.32354,2.5671305656433105
1060,1240154,THCA,-2.054275,-0.8307944536209106
1131,910688,LAML,3.051528,4.158502578735352
1563,1298146,LIHC,6.155398,5.995871067047119
1618,1290807,UNCLASSIFIED,3.989793,3.586679458618164
1057,1298358,STAD,-0.493669,-0.3979869484901428
1626,924238,THCA,-0.124124,0.8143035173416138
1626,910944,ALL,1.02367,0.5540663003921509
1855,906818,SKCM,4.858645,5.103704452514648
1512,687799,LUAD,5.375875,5.150018692016602
1926,1503365,ESCA,-0.026883,-0.209192156791687
1940,907269,CLL,3.907625,3.2417263984680176
1060,949163,UNCLASSIFIED,0.654876,0.697467565536499
1559,687985,SCLC,-1.811247,-2.2189865112304688
1939,1480364,OV,5.240163,5.566700458526611
1852,924107,CESC,3.939643,3.1110916137695312
1096,1240172,BRCA,4.115571,4.260785102844238
1553,1299070,OV,3.9956,4.604806900024414
1004,910936,HNSC,-5.075289,-4.607789039611816
1852,1240219,PAAD,7.4969,6.522093772888184
1852,1290807,UNCLASSIFIED,5.830394,5.683751583099365
1916,1240189,SCLC,2.949068,2.8186211585998535
2107,906794,UNCLASSIFIED,5.131153,4.994122505187988
1079,687563,GBM,0.666873,-0.10979318618774414
1036,1240173,COREAD,2.183885,1.2091478109359741
1911,908151,BRCA,-6.089627,-5.582047462463379
1036,906793,SKCM,0.068029,0.6936405897140503
1512,1290810,MESO,6.592705,6.305753231048584
1786,1240121,HNSC,3.405016,2.5929055213928223
1259,753566,BLCA,6.098269,4.055471420288086
1089,906872,NB,3.86731,5.159048080444336
2043,908127,UNCLASSIFIED,4.802075,3.7144761085510254
1598,906871,LGG,3.93789,4.338688373565674
1006,749714,BRCA,4.789023,4.4232707023620605
2047,724868,LUAD,1.239037,1.215950608253479
1912,713899,SCLC,4.307642,2.3106327056884766
1853,949178,NB,2.838051,3.2506728172302246
1046,1659928,COREAD,2.568146,1.3800519704818726
1083,1479988,OV,5.100356,4.343989849090576
1630,910927,BRCA,3.945207,4.365424156188965
1578,924111,HNSC,4.953465,4.416782855987549
1179,1240122,HNSC,1.916899,2.2692718505859375
1618,1480372,OV,5.054721,4.534624099731445
1912,907285,PAAD,3.297455,3.5447187423706055
1179,910934,DLBC,-2.07325,-0.6362437009811401
1855,907791,MM,3.665689,5.111221790313721
1249,1240221,UNCLASSIFIED,2.320974,2.344374179840088
1091,906863,HNSC,1.67518,3.424954414367676
2106,905947,KIRC,0.322364,1.615225076675415
1131,906865,SKCM,5.106169,3.27036190032959
2048,1290797,PAAD,-2.570488,-3.069337844848633
1558,907072,UNCLASSIFIED,2.543011,2.352649688720703
1916,907783,LCML,3.248105,2.9235029220581055
1578,910779,UNCLASSIFIED,6.707922,4.992716312408447
1013,930299,THCA,6.015891,4.934020042419434
1091,908158,UNCLASSIFIED,1.151041,1.2982745170593262
1559,1659818,MM,-3.718823,-3.4021224975585938
1916,905946,BRCA,3.735658,2.332454204559326
1006,1290807,UNCLASSIFIED,4.485802,4.702454090118408
1051,907072,UNCLASSIFIED,1.927419,0.6784301400184631
1613,753576,ESCA,4.79252,4.752017974853516
1614,688014,SCLC,4.331026,5.483753681182861
1912,1240160,LIHC,4.709262,4.4931511878967285
1922,910691,UCEC,2.196957,1.9229286909103394
1931,687586,GBM,5.053095,5.369058609008789
1932,724868,LUAD,1.723243,1.8379937410354614
1003,1240157,LIHC,-1.261201,-1.0653828382492065
1939,909703,ALL,1.725856,2.8995676040649414
1512,1299052,HNSC,6.233847,6.150578022003174
1060,1331032,DLBC,-1.022234,-0.30911707878112793
1618,905990,OV,4.712285,5.219419479370117
1925,1240219,PAAD,5.787633,6.310192584991455
1190,907064,UNCLASSIFIED,-0.08467,1.7243834733963013
1559,906832,DLBC,-2.252379,-3.4020094871520996
1190,909721,LUAD,1.662294,0.8090510368347168
1941,946357,UNCLASSIFIED,-5.777276,-1.8553975820541382
1620,1659823,COREAD,5.782555,5.642457008361816
2048,949179,NB,-2.989709,-2.83949613571167
1630,906693,PAAD,3.35134,2.998505115509033
1007,1331032,DLBC,-5.091625,-5.693685531616211
1936,753615,MM,2.912235,2.5563836097717285
1058,909753,OV,2.535814,3.581160545349121
1511,906805,LUAD,0.006476,0.157577782869339
1910,905962,COREAD,3.510925,2.8397302627563477
1615,1479988,OV,6.126155,5.624928951263428
1179,1240166,UNCLASSIFIED,-1.11556,-0.20102441310882568
1054,949155,UNCLASSIFIED,1.944379,1.8196661472320557
1068,907274,DLBC,1.249609,0.8702689409255981
1626,1480364,OV,1.108961,1.567402958869934
1168,1298348,LUAD,0.174693,0.5934174060821533
1088,907172,SKCM,1.221941,2.0203638076782227
1557,1240123,COREAD,5.230116,4.953114986419678
1561,910850,LIHC,5.158711,4.822210788726807
1598,687459,BLCA,4.914443,4.951629161834717
2043,1298358,STAD,5.873974,6.028242588043213
2109,1240145,LUAD,2.369598,2.3427929878234863
2096,946361,UNCLASSIFIED,2.249018,2.5035266876220703
1849,924100,PRAD,-1.05824,-1.2366605997085571
1626,1290455,LAML,-2.176859,-1.4714688062667847
1940,907295,SCLC,3.512654,4.423745632171631
2043,1330964,SCLC,5.581813,4.82965612411499
1618,906790,STAD,3.059828,3.4455060958862305
1179,749714,BRCA,2.130885,1.750592589378357
1168,1240149,UNCLASSIFIED,2.686148,2.219656467437744
2111,1503368,ESCA,4.857835,5.4188995361328125
2096,909262,UNCLASSIFIED,2.933129,2.4958982467651367
1631,906847,UNCLASSIFIED,1.526185,2.8498005867004395
1593,905940,LCML,2.672583,1.58242666721344
2106,1240218,PAAD,7.55233,6.687964916229248
1630,1503370,LUAD,2.086718,2.809523582458496
1239,909750,LGG,2.064477,1.6966626644134521
1168,749711,BRCA,2.462572,3.0278658866882324
1578,687829,UNCLASSIFIED,6.041106,5.47477388381958
1046,753583,HNSC,3.405005,3.558537483215332
2045,753585,KIRC,4.776209,4.952020168304443
1873,908461,STAD,1.045927,0.9115025401115417
1004,1298226,LUSC,-4.963075,-4.712133407592773
1372,1240216,LIHC,1.189687,1.959689974784851
1239,910916,HNSC,-0.373558,1.1417303085327148
1915,907280,LAML,2.339365,2.136198043823242
1913,910935,DLBC,3.53594,3.3892126083374023
2046,905937,COREAD,3.517223,2.6101508140563965
1924,998184,ALL,-1.462298,-1.6513794660568237
1549,925340,STAD,6.096691,5.901634693145752
1627,908460,LUAD,5.016605,5.5210185050964355
1613,971773,UNCLASSIFIED,2.242238,0.7982205152511597
1057,684052,UNCLASSIFIED,-2.824857,-3.3235068321228027
1922,905955,SKCM,1.672001,2.1046361923217773
1089,906833,MB,2.042374,3.5284500122070312
1199,1330995,DLBC,2.601927,2.7574424743652344
1179,1322218,UNCLASSIFIED,-1.291719,-0.6153230667114258
2045,907313,GBM,5.575737,4.228941440582275
2043,905958,ALL,4.683169,4.133779048919678
2109,907066,BLCA,4.475528,2.753662586212158
1913,905967,LUAD,5.316388,4.3445563316345215
1613,753589,SCLC,4.312193,4.966285228729248
1598,909755,COREAD,4.749568,4.811184406280518
1004,905975,SKCM,-4.375594,-4.8516035079956055
1006,905944,LUAD,1.753285,2.758668899536133
1372,753573,ESCA,0.397515,-0.6572872400283813
1931,998189,COREAD,5.309216,6.061004638671875
1051,1299052,HNSC,1.10563,3.5005311965942383
1010,1503367,ESCA,4.183112,3.6696386337280273
1924,1240142,LUSC,2.598774,2.153653144836426
1372,1295740,ALL,1.652327,1.3043975830078125
1073,688026,SCLC,7.274448,7.360666275024414
2109,908158,UNCLASSIFIED,1.621672,1.756224513053894
1036,1290455,LAML,5.250147,2.945953845977783
1054,1290795,UNCLASSIFIED,3.737451,4.09568977355957
1052,924106,BRCA,0.905326,2.704620361328125
1088,908149,UNCLASSIFIED,2.371989,1.6174088716506958
2045,907322,UNCLASSIFIED,4.049523,3.6039671897888184
1932,905974,SKCM,1.631096,1.8418428897857666
1618,909747,COREAD,4.650409,6.333705425262451
1855,909263,COREAD,6.471656,5.3286333084106445
1578,909707,UNCLASSIFIED,5.792375,5.6061272621154785
1922,910904,HNSC,4.317716,2.9522438049316406
1997,1330993,PRAD,4.032086,3.833559036254883
1560,1298169,KIRC,4.657058,4.594958305358887
1007,1240127,UCEC,-3.79073,-2.8763604164123535
1852,906832,DLBC,4.980311,4.415855884552002
1013,925341,UNCLASSIFIED,4.117553,3.6870508193969727
1049,909257,OV,3.934979,2.9886574745178223
1911,906808,SCLC,-1.825398,-2.4052515029907227
1916,910930,DLBC,2.757777,2.148146390914917
1613,1503361,ESCA,3.626358,2.754121780395508
1933,909785,UNCLASSIFIED,2.148421,2.069296360015869
1940,905935,PRAD,4.653367,4.397583484649658
1013,908462,MESO,3.412362,4.103127479553223
1622,907323,UNCLASSIFIED,2.879668,3.0316553115844727
2043,906864,THCA,5.878966,5.378180980682373
1629,909716,UNCLASSIFIED,5.03376,4.341257095336914
1853,909761,COREAD,4.768429,4.10695219039917
1910,905960,BRCA,1.555757,2.490633487701416
1617,1331033,DLBC,0.452978,-0.24079275131225586
1926,908454,UNCLASSIFIED,-0.189269,-0.37229591608047485
1553,917486,COREAD,5.486291,3.5995144844055176
1941,1240226,SKCM,-3.214877,-4.2859978675842285
1022,906818,SKCM,-1.023507,0.8337306976318359
1080,1303912,UNCLASSIFIED,-1.862562,-1.2083181142807007
1635,1503365,ESCA,6.576496,6.323339939117432
1010,687505,CESC,2.191288,1.9252251386642456
1237,1240189,SCLC,4.790785,4.072660446166992
1199,910922,KIRC,4.062316,4.092624664306641
2047,907060,UNCLASSIFIED,-0.158404,2.783708095550537
1529,905950,KIRC,-0.084693,-2.1746325492858887
1054,909756,UNCLASSIFIED,6.064244,4.184362888336182
1058,910548,OV,1.035307,1.6589750051498413
1910,930083,THCA,4.963304,4.992823600769043
1012,687807,LUAD,2.698101,4.017080307006836
1617,910904,HNSC,2.329893,3.5334086418151855
1510,1327771,LCML,2.435506,3.594167709350586
1022,906836,UNCLASSIFIED,-2.862395,-2.760305404663086
1011,1298359,ESCA,2.957781,3.3100109100341797
1007,1290769,COREAD,-2.658199,-2.2839150428771973
1011,1331037,DLBC,-1.160515,-1.1223012208938599
1060,688087,NB,-0.207142,0.3983493447303772
1855,1660034,COREAD,4.628123,4.898126125335693
1625,909755,COREAD,5.79222,5.505678176879883
1511,1247871,ALL,-3.192326,-2.3404645919799805
1786,1298357,STAD,5.794826,4.532776832580566
1032,909904,PAAD,2.535585,2.8247199058532715
1996,1290724,HNSC,4.553965,3.940093994140625
1046,687995,SCLC,2.356597,2.538268566131592
2111,907792,COREAD,6.674771,6.208928108215332
1180,907053,LAML,-3.347971,-3.416018009185791
1250,905949,LUAD,1.071841,1.135489583015442
1924,906839,GBM,3.090216,3.9529356956481934
1051,753552,BLCA,3.363984,2.939764976501465
2048,1240187,LUAD,-2.803886,-3.6661834716796875
1624,907057,LIHC,3.139703,3.038832664489746
1093,753621,ESCA,5.747863,4.462017059326172
1799,910688,LAML,3.900247,3.411130905151367
1375,1240197,OV,7.27593,6.918619155883789
1853,907792,COREAD,5.616871,5.223765850067139
1073,909780,BLCA,3.559024,3.081554412841797
1626,907042,LGG,1.321837,1.1838834285736084
1911,908446,STAD,-5.615075,-6.916956901550293
1084,1503365,ESCA,-2.201337,-2.248457431793213
1237,1240181,NB,5.213139,4.449526309967041
1926,1327766,MM,3.769315,-0.528709888458252
1852,1327774,UNCLASSIFIED,3.526767,3.1946754455566406
1510,906821,PAAD,4.380818,3.5348424911499023
1190,906875,NB,-1.975223,-1.9611653089523315
1630,907313,GBM,2.470989,3.109736442565918
1083,1298537,LUAD,3.730537,3.196589469909668
1022,906831,UNCLASSIFIED,-0.726685,-1.7752913236618042
1199,906820,NB,3.466249,3.487484931945801
1131,713880,SCLC,3.018142,4.561568260192871
1168,905979,KIRC,2.592811,3.0901412963867188
1003,907317,ESCA,-2.836104,-2.9393811225891113
1131,909731,UNCLASSIFIED,2.710352,4.182433605194092
1168,1295741,MM,2.471589,2.000840663909912
1060,905935,PRAD,2.442201,1.5181727409362793
1239,905940,LCML,0.508242,1.1845664978027344
1060,1299064,ESCA,-0.277051,-0.26849365234375
1180,1240197,OV,-0.188617,-0.8304613828659058
1068,910942,UNCLASSIFIED,0.37478,0.6615696549415588
1915,1479987,OV,2.17579,2.243278980255127
1004,910943,GBM,-1.481524,-1.7283307313919067
1007,905980,KIRC,-2.71316,-2.882777690887451
1239,1240202,LUAD,3.89138,3.6862950325012207
2040,946358,ALL,1.487225,0.43527752161026
1617,1297446,ALL,-0.837454,0.8004274368286133
2107,1290795,UNCLASSIFIED,5.870276,4.855072975158691
1003,909716,UNCLASSIFIED,-1.662694,-1.9583674669265747
1036,753618,NB,3.854314,4.397335052490234
2109,1298146,LIHC,3.051197,2.645350933074951
1618,907276,STAD,1.386997,2.695997714996338
1011,909975,UNCLASSIFIED,3.44281,3.0239033699035645
2044,946361,UNCLASSIFIED,5.332353,3.489251136779785
1915,753618,NB,2.236051,1.897160530090332
2048,906869,STAD,-2.074505,-1.6361452341079712
1625,905967,LUAD,5.46824,5.664850234985352
1849,909262,UNCLASSIFIED,-2.299668,-2.548445224761963
1511,1298529,HNSC,-0.137036,-0.7824037075042725
1091,908150,MESO,1.477637,1.8063874244689941
1259,1240167,ESCA,2.789452,2.441636085510254
1199,909728,LUSC,4.557782,4.236990928649902
1237,1330931,LCML,4.37667,4.291730880737305
1578,910951,LCML,2.666693,3.797287940979004
1922,909704,BLCA,0.342531,2.190042495727539
1022,1290905,BRCA,3.069879,1.7222864627838135
1250,910706,UNCLASSIFIED,-0.50651,-0.9258137941360474
1799,906800,UNCLASSIFIED,3.209795,3.8386363983154297
1936,908447,NB,2.741686,2.6742372512817383
1073,924250,STAD,8.184129,7.7134599685668945
1564,1290795,UNCLASSIFIED,2.452504,1.9956642389297485
2045,753565,SCLC,4.756282,4.195656776428223
1239,687816,LUAD,3.47797,3.0667223930358887
1873,910691,UCEC,1.05983,0.6478679180145264
1034,908159,UNCLASSIFIED,-2.419133,-4.246073246002197
1068,753538,HNSC,0.05081,1.5510700941085815
1917,909728,LUSC,2.919898,3.4180126190185547
1627,906693,PAAD,3.23299,3.0702500343322754
1932,687568,GBM,2.060358,3.021487236022949
1564,753612,MM,4.185504,3.7263035774230957
1248,909732,UNCLASSIFIED,-5.904853,-3.917194366455078
1372,687819,LUAD,2.72128,2.3293614387512207
1627,1298533,PAAD,2.247373,2.416231632232666
1249,909740,COREAD,4.035142,4.671650409698486
1853,1297447,MM,3.261079,3.0795507431030273
1032,1299064,ESCA,0.377401,-1.2986823320388794
1005,1298537,LUAD,4.505269,4.337650775909424
1912,1298529,HNSC,3.046752,3.6103262901306152
1578,1298538,LUSC,5.912495,5.770772457122803
1613,687787,LUSC,4.727105,4.432868957519531
1622,753583,HNSC,4.414644,4.959749698638916
1941,907042,LGG,-4.173794,-4.714043617248535
1621,753576,ESCA,6.153125,6.145580768585205
1919,906846,UNCLASSIFIED,1.938833,1.3461227416992188
1372,749714,BRCA,1.249477,1.509954571723938
1085,924104,THCA,2.53145,2.9491195678710938
2111,908148,LAML,1.955865,1.4592806100845337
1932,924244,LUAD,2.584122,1.9328739643096924
1083,906828,THCA,4.134173,3.8150429725646973
1177,906798,BLCA,4.690389,3.9471139907836914
1786,924102,THCA,2.775515,4.268840789794922
1912,906808,SCLC,4.002603,4.567526817321777
1180,946382,BRCA,-1.840057,-2.5567827224731445
1855,907047,UNCLASSIFIED,3.290689,3.644007682800293
1129,749715,BRCA,3.687587,4.513134002685547
1004,906790,STAD,-5.344445,-4.646644115447998
1011,908148,LAML,1.747426,-1.285696268081665
1922,1240127,UCEC,2.632682,3.794797420501709
1909,909757,COREAD,2.669374,3.5243148803710938
2106,1298529,HNSC,4.686793,4.457417011260986
1559,907322,UNCLASSIFIED,-2.770867,-2.4446873664855957
1053,909262,UNCLASSIFIED,2.192586,2.202768325805664
1177,905984,LGG,2.341442,2.160492420196533
1932,908447,NB,0.744929,0.5627146363258362
1373,924110,UNCLASSIFIED,1.882988,3.8725523948669434
1909,1240198,OV,2.586347,2.8049864768981934
1916,687983,SCLC,2.96394,3.1664533615112305
1259,905948,KIRC,3.253317,4.035497665405273
1052,1298157,BRCA,3.041711,4.328675746917725
1131,909754,UNCLASSIFIED,5.432402,7.07981014251709
1908,907057,LIHC,2.667561,0.9922802448272705
1922,1290730,BLCA,1.570703,1.7809935808181763
1068,688006,SCLC,2.758401,1.9389457702636719
1561,1298531,HNSC,1.451441,-0.043630897998809814
1025,906851,BRCA,6.353378,5.957248687744141
1997,910549,ESCA,3.68606,4.497354030609131
1933,1290908,LUAD,5.247689,4.716165542602539
1068,687562,GBM,-0.30942,1.04378080368042
1561,1240192,SCLC,3.007943,3.810136318206787
1996,909725,SKCM,4.641496,5.12834358215332
1625,910952,KIRC,4.306936,4.123647689819336
1997,909738,LIHC,3.606083,4.646782875061035
1786,908460,LUAD,6.446576,6.572213172912598
1561,905948,KIRC,2.925075,1.741921067237854
1924,909732,UNCLASSIFIED,3.253859,4.385865688323975
1593,753600,LUAD,3.947056,5.100052833557129
1936,684062,UNCLASSIFIED,2.549711,2.853682518005371
1576,907000,UNCLASSIFIED,2.039354,2.223299503326416
1598,905944,LUAD,3.357022,3.5265417098999023
1093,753608,LUAD,5.058119,4.91818904876709
1621,1240132,MESO,5.90149,6.17557430267334
2169,905960,BRCA,3.366355,3.6357169151306152
1940,753586,UNCLASSIFIED,4.569304,4.068695068359375
1180,909722,UNCLASSIFIED,-4.118263,-4.244396209716797
1047,908152,MESO,5.217513,4.514245510101318
1913,908136,UNCLASSIFIED,3.560081,3.749171257019043
1553,906847,UNCLASSIFIED,2.049296,2.3043904304504395
1919,905967,LUAD,-1.37718,-2.1081442832946777
1621,1327766,MM,4.229225,3.213564395904541
1613,1298218,PAAD,5.150011,4.630568504333496
1053,1298223,LUSC,3.350008,3.191030502319336
1051,687980,SCLC,0.840304,-0.6922925710678101
1855,905961,COREAD,6.249946,4.162139415740967
1996,753600,LUAD,2.127463,4.635291576385498
1622,1298537,LUAD,4.536323,4.368907451629639
1849,906831,UNCLASSIFIED,-2.06398,-1.522242784500122
1928,1290807,UNCLASSIFIED,4.243192,4.9396538734436035
1862,687985,SCLC,-2.027896,-1.4863067865371704
1049,910911,HNSC,4.927546,5.180806636810303
1621,930082,UNCLASSIFIED,4.033076,4.321664333343506
1034,1240200,OV,-2.923658,-1.3814926147460938
1004,907276,STAD,-0.70795,-1.2446287870407104
1091,949168,UNCLASSIFIED,2.326731,1.6510658264160156
2109,1299052,HNSC,2.489612,3.3310494422912598
2096,1290455,LAML,-0.306519,-0.1802554726600647
1941,907062,HNSC,-4.006693,-3.4077610969543457
1168,906765,MM,2.715908,1.7448101043701172
1529,1240187,LUAD,-0.382768,0.4098030924797058
1012,924108,COREAD,0.819261,1.3974298238754272
1622,908121,BRCA,3.806801,3.849367141723633
1849,1330947,LAML,-2.533106,-2.3336267471313477
1852,753565,SCLC,5.1706,4.3707966804504395
1915,687448,SKCM,4.052425,4.608858108520508
1073,906805,LUAD,5.295702,5.717014789581299
1005,907313,GBM,4.736629,3.8003687858581543
1179,1240199,OV,3.468912,3.7463955879211426
2045,687980,SCLC,4.442684,3.36842679977417
1054,687459,BLCA,5.88615,5.86533260345459
1059,906862,BRCA,-1.091506,-2.037942409515381
1615,909255,UNCLASSIFIED,3.468138,4.048806667327881
1614,909707,UNCLASSIFIED,2.377227,2.836137294769287
1047,753608,LUAD,6.142221,6.44593620300293
1862,687588,GBM,-1.907426,-1.6502686738967896
1085,906833,MB,2.271059,2.168262004852295
1529,1240169,GBM,-0.130813,1.7259188890457153
1022,910849,UNCLASSIFIED,-0.629131,0.8925895690917969
1629,905952,ALL,3.227065,3.010383129119873
1060,1290808,MESO,3.147688,2.6222405433654785
1088,1240210,UNCLASSIFIED,2.631747,2.9006991386413574
1005,909779,UNCLASSIFIED,3.497861,4.743937969207764
2044,906870,LAML,5.300319,2.4704365730285645
1996,908441,,2.888072,3.260225772857666
1564,1240135,MESO,2.500362,2.8449034690856934
1060,905939,COREAD,-2.690403,-1.9530731439590454
1624,909785,UNCLASSIFIED,0.089318,1.0989606380462646
1375,907269,CLL,2.305037,3.137423515319824
1054,909777,UNCLASSIFIED,2.004444,1.456911563873291
1924,909761,COREAD,2.163959,3.0982584953308105
1854,749717,BRCA,5.480025,5.411337375640869
2043,1298216,PAAD,4.781768,5.477235317230225
1054,924100,PRAD,2.828738,2.135035514831543
1786,910937,SCLC,3.650248,2.3816332817077637
1259,1297446,ALL,0.878779,1.7489944696426392
1564,753547,SCLC,3.439971,3.4543209075927734
1799,905965,UNCLASSIFIED,3.356277,3.1467819213867188
1910,949164,UNCLASSIFIED,-0.343972,-0.075420081615448
1168,1331032,DLBC,3.082854,2.6057443618774414
1049,909744,ACC,3.775263,3.371354579925537
1005,909718,COREAD,-0.589043,2.3155531883239746
1007,906853,UNCLASSIFIED,0.344276,-1.1144603490829468
1786,753600,LUAD,2.48787,3.093967914581299
1006,1298539,UNCLASSIFIED,4.700943,4.803699016571045
1618,908159,UNCLASSIFIED,2.092321,1.9977989196777344
1618,909974,KIRC,5.755682,5.5619306564331055
1060,722046,LUAD,-2.280791,-1.7329875230789185
1629,910704,BRCA,5.036591,3.760068893432617
1635,724839,CESC,6.850151,6.090167999267578
1068,946361,UNCLASSIFIED,1.954551,2.3689138889312744
1936,907790,COREAD,3.409797,2.94777774810791
1598,1240168,GBM,4.756288,4.668705463409424
1925,1240168,GBM,3.894813,4.8587117195129395
2044,909746,COREAD,6.150419,4.901363849639893
1079,1290724,HNSC,-1.256271,-1.455715537071228
1034,724855,UNCLASSIFIED,-3.037838,-2.356935501098633
1852,687787,LUSC,5.698462,5.23360013961792
1629,908458,COREAD,4.753249,5.04988956451416
1930,1240172,BRCA,0.242428,0.9700943827629089
1620,906872,NB,6.23957,5.639796257019043
1854,1660034,COREAD,3.808268,4.237992286682129
1168,688013,SCLC,1.227836,2.589120388031006
1083,906863,HNSC,3.862745,3.1694893836975098
1179,949168,UNCLASSIFIED,3.065123,2.2263598442077637
1005,909755,COREAD,5.677289,5.274816036224365
2044,908444,STAD,1.57096,3.1665658950805664
1631,905973,UNCLASSIFIED,4.485689,3.427117347717285
1614,713899,SCLC,3.502172,3.2781267166137695
1928,909250,KIRC,6.261285,5.705207347869873
1511,1240124,COREAD,-1.919644,-1.5626658201217651
2109,909769,UNCLASSIFIED,4.959383,3.1931543350219727
1080,908473,LUAD,0.02236,-1.2456969022750854
1003,1240219,PAAD,-2.251948,-1.7573744058609009
1084,906820,NB,-3.878084,-2.374636173248291
1854,905934,PRAD,5.459137,5.466641426086426
1854,753623,ESCA,4.789311,4.370699882507324
1925,908483,SCLC,4.467532,3.962050437927246
1598,1299052,HNSC,4.614719,4.351814270019531
1613,905972,LUAD,4.896045,4.697512149810791
1558,909779,UNCLASSIFIED,2.522821,3.623690605163574
1022,909720,UNCLASSIFIED,1.202352,0.616230309009552
1005,909249,MM,1.737571,1.773361325263977
1916,753572,PAAD,3.106979,3.836825370788574
1578,687562,GBM,4.4687,4.652597904205322
1940,906834,MB,3.701821,2.912705421447754
1996,724868,LUAD,3.661441,2.218892812728882
1093,753600,LUAD,5.430958,4.728776931762695
1854,910915,PAAD,5.773101,5.713593006134033
1249,909703,ALL,1.99583,2.1455798149108887
1617,909701,UNCLASSIFIED,0.676788,1.0521600246429443
1630,905952,ALL,2.652784,2.9056224822998047
2045,1290922,BRCA,5.925675,4.582605361938477
1049,1240210,UNCLASSIFIED,3.625924,2.8718318939208984
1239,1299064,ESCA,1.410351,1.0387053489685059
1091,908473,LUAD,0.656392,1.5504114627838135
1259,910932,SKCM,5.123236,3.999805450439453
1631,946360,OV,5.348585,4.8228983879089355
1083,908455,STAD,3.693707,3.454941749572754
1620,910942,UNCLASSIFIED,3.852187,3.498538017272949
1622,910947,LAML,2.716482,2.9115304946899414
1053,1298146,LIHC,5.393794,4.663273811340332
1011,1299081,SKCM,3.710994,1.734665870666504
1634,906814,SKCM,4.77962,4.106922149658203
2047,909253,LAML,0.015999,1.8049131631851196
1853,684072,UNCLASSIFIED,4.930743,3.6394896507263184
1073,907290,UNCLASSIFIED,6.962384,6.632973670959473
1549,905955,SKCM,4.300596,4.986242294311523
1191,924187,UCEC,-4.71047,-4.5638651847839355
1073,1298357,STAD,7.633137,6.764408111572266
1941,1290814,MESO,-0.521354,-4.033192157745361
2045,906869,STAD,5.454429,5.0715012550354
2043,1240146,LUAD,5.121608,5.635205268859863
2040,753576,ESCA,3.126223,2.8008885383605957
1630,910943,GBM,4.977656,4.7259135246276855
1613,908159,UNCLASSIFIED,0.897952,-0.23279279470443726
1085,909713,SKCM,2.268983,2.369138240814209
1034,1298365,OV,-2.988999,-2.9114580154418945
1080,724869,PAAD,-1.31863,0.30149155855178833
1180,910695,UNCLASSIFIED,-1.336352,-0.9787408113479614
1053,1303897,DLBC,4.932775,4.9823713302612305
1614,1295740,ALL,4.590244,3.389112949371338
2111,909249,MM,1.473621,2.802633762359619
1873,1295741,MM,-0.752797,0.16785556077957153
1564,684057,UNCLASSIFIED,3.326388,3.2123026847839355
1626,688021,SCLC,5.602884,5.569220542907715
2045,909731,UNCLASSIFIED,3.752911,3.9094481468200684
1512,905942,LUAD,5.28184,5.051003932952881
1917,753615,MM,4.164671,2.539524555206299
1630,1331048,DLBC,2.043782,2.801647186279297
1936,724855,UNCLASSIFIED,4.037096,3.5253615379333496
1563,910079,ESCA,5.605502,5.432612895965576
2045,909255,UNCLASSIFIED,4.582085,4.580070495605469
1373,1240153,SKCM,-3.36223,-2.477987766265869
1917,1240201,PAAD,3.979601,3.1504311561584473
1559,1331040,UNCLASSIFIED,-3.563962,-3.589031219482422
1941,905968,OV,-4.00822,-4.159132480621338
1199,905957,BRCA,3.493294,3.8838706016540527
1631,684072,UNCLASSIFIED,1.940205,2.4585070610046387
1996,907269,CLL,2.549355,2.35440731048584
2109,735784,ESCA,3.66456,3.7994704246520996
1912,907787,ALL,1.071346,2.3716931343078613
1512,907788,PRAD,4.99758,4.16030216217041
1927,909704,BLCA,4.895263,4.917261600494385
1598,909904,PAAD,4.557773,3.771080493927002
1909,909781,KIRC,3.335281,3.9623866081237793
1549,1298226,LUSC,2.080477,2.283975124359131
1131,946382,BRCA,2.790454,3.3854594230651855
1561,905965,UNCLASSIFIED,1.423764,2.2102112770080566
1873,1240202,LUAD,1.501617,1.2283366918563843
1079,1303897,DLBC,3.122226,3.79000186920166
1618,1240140,UNCLASSIFIED,3.427072,3.215717315673828
1259,905957,BRCA,4.335429,2.7535877227783203
1549,908445,STAD,5.656258,5.018496036529541
1941,906696,THCA,-4.265017,-4.244849681854248
2043,1331048,DLBC,4.231292,3.6390857696533203
1047,906865,SKCM,4.262024,4.3557868003845215
1073,1298169,KIRC,4.947437,4.931607723236084
1190,713880,SCLC,-5.071554,-3.1133837699890137
1013,909753,OV,3.303188,4.364398956298828
1375,949090,OV,6.35355,6.6671247482299805
1053,1299081,SKCM,2.824543,2.7524681091308594
1918,906870,LAML,-0.222278,1.8769654035568237
1054,905957,BRCA,4.010133,3.9005908966064453
2047,905942,LUAD,3.025822,2.848304271697998
1786,946357,UNCLASSIFIED,0.656996,1.8559551239013672
1051,1240121,HNSC,-2.47713,0.09362512826919556
1853,906873,GBM,4.377757,4.825423717498779
1924,1322218,UNCLASSIFIED,2.701606,2.96842622756958
1996,687983,SCLC,2.758394,3.0284605026245117
1259,909754,UNCLASSIFIED,5.968485,6.089862823486328
1928,909975,UNCLASSIFIED,5.772672,5.356045722961426
1627,906863,HNSC,2.887433,2.547457218170166
1268,1298475,PAAD,4.203602,4.816531658172607
1510,908460,LUAD,5.89444,6.196693420410156
1563,907286,PAAD,5.618245,5.790273189544678
1089,910548,OV,3.526783,3.7338900566101074
1559,907311,LCML,-4.084425,-3.9670214653015137
1239,1298134,CESC,0.933722,2.285400629043579
1624,1240223,THCA,3.418198,3.6944713592529297
1190,753532,HNSC,-3.569069,1.2825913429260254
1614,909755,COREAD,6.042034,5.681321144104004
1594,1290808,MESO,5.974016,5.376737594604492
1010,910781,UCEC,3.59076,3.454033851623535
1093,907061,HNSC,4.407518,4.359081745147705
1615,688010,SCLC,4.738415,5.3568806648254395
1093,1503368,ESCA,4.970907,4.947221755981445
1553,1247873,LUAD,3.622624,3.34323787689209
1079,906826,BRCA,0.874833,1.2761893272399902
1933,1240172,BRCA,5.839141,5.579635143280029
1926,930298,CESC,-0.4411,1.0638389587402344
1996,910704,BRCA,2.671209,3.552548408508301
1931,1247871,ALL,4.598297,4.025902271270752
1853,907285,PAAD,5.312314,5.846567153930664
1057,905974,SKCM,-2.978016,-3.2583231925964355
1085,906795,THCA,3.50996,3.3617420196533203
1873,906862,BRCA,-0.007215,0.3253119885921478
1022,1240153,SKCM,-0.788835,1.450129747390747
1598,688014,SCLC,4.40514,4.743247985839844
1853,753584,BLCA,4.654393,4.442957878112793
1614,906830,SKCM,3.021999,3.490813732147217
1047,909769,UNCLASSIFIED,6.254209,5.294140815734863
1911,1298526,PAAD,-5.108707,-3.0923104286193848
1046,1240166,UNCLASSIFIED,-0.474998,0.3395901322364807
1096,749714,BRCA,4.818961,4.244697093963623
1372,907062,HNSC,0.829217,1.5640069246292114
1919,687452,BLCA,0.522533,0.27267274260520935
1054,949172,NB,4.3379,4.429998397827148
1593,1240208,PAAD,3.701569,3.2336931228637695
1594,906696,THCA,4.305037,4.408869743347168
1199,1240131,MESO,5.038772,4.872269630432129
1079,753612,MM,2.777448,3.2806925773620605
1010,753532,HNSC,2.387989,2.6777286529541016
1631,1331049,UNCLASSIFIED,2.885272,2.5985941886901855
2111,925347,PAAD,6.723353,6.629711627960205
2110,909702,ALL,2.71277,3.362342357635498
1511,908459,UNCLASSIFIED,1.915989,0.21992629766464233
1034,905989,COREAD,-4.910237,-3.399548053741455
1617,905970,LUAD,4.263909,3.5458602905273438
1179,753539,UNCLASSIFIED,0.892645,0.8382577896118164
1373,907064,UNCLASSIFIED,4.227137,2.9454731941223145
2044,1298350,LUAD,3.830779,4.193366527557373
1093,688006,SCLC,3.900927,3.4869842529296875
1199,925338,BRCA,4.84283,4.524754524230957
1624,905965,UNCLASSIFIED,0.337585,0.5495038628578186
1799,735784,ESCA,5.046471,4.253519535064697
1933,905979,KIRC,6.403328,5.46622896194458
1926,687506,CESC,0.905094,1.0994532108306885
1931,1240121,HNSC,4.892492,5.241969585418701
2046,1297446,ALL,0.118746,0.7377896904945374
1919,1240154,THCA,1.412698,2.7744150161743164
1084,925340,STAD,-0.297303,-3.4310102462768555
1191,1240223,THCA,-2.266775,-3.0742568969726562
1925,905991,OV,4.912478,4.16692590713501
1933,905939,COREAD,5.133473,4.787254810333252
1047,1298526,PAAD,7.140043,6.548402309417725
2111,687819,LUAD,5.232358,5.543509483337402
1911,1298146,LIHC,-0.58459,-2.758647918701172
2111,1240226,SKCM,5.422755,5.412317752838135
1036,910691,UCEC,4.81274,4.430685043334961
1852,1240167,ESCA,4.5061,4.724470615386963
1933,908460,LUAD,8.635665,7.678960800170898
1004,910926,BLCA,-6.33378,-5.3455610275268555
1908,906872,NB,3.927987,1.7896372079849243
1853,907169,SKCM,3.225734,3.2222237586975098
1012,1290810,MESO,2.241364,2.812093734741211
1512,1240193,SCLC,4.613488,4.242909908294678
1510,688006,SCLC,3.819937,4.518076419830322
2107,1298475,PAAD,6.018714,6.113910675048828
1237,909707,UNCLASSIFIED,5.298467,5.213488578796387
1054,1298223,LUSC,4.389385,3.3378944396972656
1190,688027,SCLC,0.013884,2.0329511165618896
1199,687562,GBM,2.683838,3.375002861022949
1051,907055,STAD,-1.324722,2.0520477294921875
1199,1240202,LUAD,4.509618,4.2653656005859375
1073,907172,SKCM,5.584529,5.522541046142578
1068,687787,LUSC,2.290524,1.8951936960220337
1930,908460,LUAD,5.21579,5.991586685180664
1259,906865,SKCM,3.02965,3.6583080291748047
1558,1240134,MESO,1.930795,3.154691696166992
1930,949153,ALL,-0.573557,-0.1478198766708374
1190,1290808,MESO,2.700372,0.5389449000358582
1578,724855,UNCLASSIFIED,5.295521,5.366556644439697
1005,1331039,UNCLASSIFIED,1.123838,1.3958041667938232
1621,687455,BLCA,3.994179,4.486522197723389
1239,688006,SCLC,2.501927,2.030888557434082
1622,906793,SKCM,3.924799,4.210916996002197
1624,909731,UNCLASSIFIED,2.288723,2.9085464477539062
1618,906835,GBM,6.224038,6.499299049377441
1088,906855,LCML,0.481316,1.765028715133667
1627,910569,COREAD,2.196513,2.375965118408203
1250,1330987,UNCLASSIFIED,-0.678513,-0.9123780727386475
1909,909779,UNCLASSIFIED,2.147597,1.4064931869506836
1088,908130,UCEC,3.083931,3.5837631225585938
1510,910781,UCEC,3.880449,4.265093803405762
1620,1674021,COREAD,6.188396,5.180480480194092
1910,1240219,PAAD,4.1579,3.520334243774414
1093,909720,UNCLASSIFIED,4.354229,4.180463790893555
1933,910924,STAD,5.04413,3.61820125579834
1200,688010,SCLC,2.717187,2.254133462905884
1873,905969,OV,1.281834,1.7586697340011597
1180,907058,SKCM,-2.662739,-2.403036594390869
1852,688011,SCLC,3.909314,5.031983852386475
1049,1240153,SKCM,3.861629,4.032039165496826
1068,1240222,OV,0.456205,1.9516335725784302
1085,1240190,LUAD,3.203446,3.2012338638305664
1625,910919,DLBC,2.457386,2.2564914226531982
1180,907320,ESCA,-3.677925,-3.008268356323242
1941,688027,SCLC,-6.566238,-6.278960704803467
1912,905965,UNCLASSIFIED,0.578992,1.6007704734802246
1200,735784,ESCA,4.002619,3.4184417724609375
2048,1240166,UNCLASSIFIED,-5.007486,-5.428658485412598
2043,724868,LUAD,3.695152,4.424768924713135
1249,1290722,THCA,3.800817,3.2618842124938965
1013,722046,LUAD,2.327551,2.3417370319366455
1618,1290905,BRCA,5.811837,5.772462368011475
1617,753615,MM,1.300669,1.919489860534668
1131,906805,LUAD,5.461535,4.280433654785156
1917,924110,UNCLASSIFIED,2.306835,2.822258949279785
1560,908142,UNCLASSIFIED,1.625714,2.1571621894836426
1933,688027,SCLC,3.677477,2.941051483154297
1560,1297449,DLBC,2.859996,1.9644001722335815
1593,949094,GBM,3.198862,3.146152973175049
1561,908447,NB,1.751004,1.8894563913345337
1248,753572,PAAD,-4.260299,-3.680655002593994
1060,924100,PRAD,0.641888,1.4498376846313477
2044,722066,LUAD,3.362113,4.058453559875488
1093,905960,BRCA,4.281477,3.74591064453125
1046,687777,LUAD,5.450709,3.1583213806152344
1549,1509073,KIRC,3.556844,4.477351188659668
1511,909718,COREAD,-1.364591,-1.1829651594161987
1060,910924,STAD,0.04408,-1.0914877653121948
1786,907064,UNCLASSIFIED,2.228483,3.207306385040283
1049,1327775,MM,3.692189,2.5336456298828125
1194,910569,COREAD,2.383712,1.2048096656799316
1131,1330993,PRAD,3.126553,3.6352553367614746
1549,1330973,SCLC,5.755244,5.260475158691406
2043,907295,SCLC,4.69537,4.952184200286865
2044,907058,SKCM,2.385382,3.133338451385498
1046,907169,SKCM,1.536918,1.668370008468628
1249,908467,UNCLASSIFIED,2.801605,2.7642669677734375
2040,1290795,UNCLASSIFIED,-0.106651,1.5239044427871704
1003,1330931,LCML,-2.731621,-4.0342607498168945
1191,907047,UNCLASSIFIED,-4.840627,-4.715941905975342
1012,907051,UCEC,1.790803,3.261486053466797
1512,910941,NB,5.25185,5.016715049743652
1373,907320,ESCA,5.6423,5.2507710456848145
1922,906869,STAD,2.046294,2.6158766746520996
1563,909720,UNCLASSIFIED,5.233715,5.27937650680542
1034,724825,MM,-4.887193,-5.252963542938232
2111,908443,LUSC,3.988632,5.3177714347839355
1918,1298219,UNCLASSIFIED,4.839402,4.2863054275512695
1268,907269,CLL,3.416228,3.4955568313598633
1910,687452,BLCA,2.631881,2.279125213623047
1375,946359,BRCA,8.260509,7.613531589508057
1005,908144,LGG,5.148468,5.519282817840576
1853,724859,LUAD,4.041734,4.278478145599365
1625,905958,ALL,4.909996,4.277050971984863
1631,924240,BRCA,2.726918,4.324761390686035
1372,909976,UNCLASSIFIED,2.08247,1.4100501537322998
1925,1299070,OV,3.96889,4.79747200012207
1259,1290814,MESO,5.388859,4.301129341125488
1510,907061,HNSC,4.168567,3.32944393157959
1200,908444,STAD,2.403364,2.7929000854492188
1862,753555,ESCA,-1.794178,-2.0647988319396973
1996,1240167,ESCA,3.692572,3.8931946754455566
1576,753584,BLCA,2.894229,2.195091485977173
1564,908476,LUAD,0.686338,0.11286771297454834
1089,910689,COREAD,7.732721,7.245964527130127
1057,1240217,LIHC,-1.748752,-2.390714168548584
1615,1330941,BRCA,5.681832,5.544858455657959
2111,1298151,LIHC,4.214578,5.6182355880737305
1511,910852,BRCA,0.529591,-0.4798763394355774
2110,1240159,LIHC,5.214093,5.019986629486084
1131,910944,ALL,2.594414,1.9944156408309937
1510,749714,BRCA,5.428731,4.381811618804932
1180,924244,LUAD,-2.232197,-3.1679282188415527
1036,1298352,UNCLASSIFIED,8.345098,7.004197597503662
1560,1240201,PAAD,5.326873,4.581565856933594
1622,688021,SCLC,4.435847,5.587369918823242
1634,1330950,MM,4.328039,3.828947067260742
1012,905933,OV,2.419501,1.607340693473816
1372,753566,BLCA,2.521118,2.0949082374572754
1088,1240162,HNSC,2.562024,2.4996676445007324
1910,908471,UNCLASSIFIED,2.177371,2.6648364067077637
1007,1240141,MESO,-2.392773,-2.4429454803466797
2044,687995,SCLC,2.262763,2.850172519683838
1025,1660034,COREAD,5.248294,3.9522929191589355
1626,949177,NB,1.768817,2.1284451484680176
1057,909779,UNCLASSIFIED,-2.048445,-0.4022073745727539
1248,946382,BRCA,-3.425445,-3.712224006652832
1576,1509073,KIRC,3.085438,2.9692482948303223
1624,1240226,SKCM,3.325085,4.77544641494751
1129,907045,BRCA,4.619796,2.4262301921844482
1088,1290922,BRCA,3.993548,3.644947052001953
1068,1503371,ESCA,2.816122,1.935447096824646
1088,905935,PRAD,2.31772,3.255594253540039
1057,908446,STAD,-2.331882,-1.6323221921920776
1012,906863,HNSC,2.141744,1.8555996417999268
1010,909250,KIRC,4.390378,3.8107352256774902
1507,924105,UNCLASSIFIED,3.288161,4.454975128173828
1010,753547,SCLC,3.361229,2.6583757400512695
1068,949171,NB,1.952629,1.0377373695373535
1621,1290908,LUAD,3.449717,4.8226399421691895
1054,909737,LIHC,3.903458,3.395639419555664
1799,753600,LUAD,5.66726,4.602156162261963
1549,908141,LAML,3.6454,3.797278881072998
1613,908131,UNCLASSIFIED,5.113956,3.9980392456054688
1375,1299050,HNSC,5.748866,6.145893573760986
1908,687780,UNCLASSIFIED,2.792907,3.138482093811035
1915,724825,MM,2.375614,2.2261438369750977
1918,1503365,ESCA,3.559616,3.4665818214416504
1853,924105,UNCLASSIFIED,5.488069,3.8652939796447754
1939,908149,UNCLASSIFIED,3.6087,2.1586904525756836
1930,687506,CESC,0.675907,-0.09876883029937744
1179,1322212,SCLC,0.65852,0.4131046533584595
1939,1240132,MESO,6.226418,5.070828437805176
1911,1330973,SCLC,-0.690802,-1.0765061378479004
1915,1240197,OV,3.77286,4.414183139801025
1635,909745,GBM,5.84005,5.6527910232543945
1010,909753,OV,4.794241,4.899533271789551
1510,909977,UNCLASSIFIED,4.903703,4.993806838989258
2045,724834,LUAD,5.206336,5.732080459594727
1051,907173,MESO,2.382722,1.857505202293396
2106,1330993,PRAD,3.055987,3.1281280517578125
1598,713880,SCLC,2.606826,3.4201126098632812
1200,925343,UNCLASSIFIED,3.178372,3.8553924560546875
1558,1330942,LAML,3.80309,4.042766094207764
1529,1298533,PAAD,0.227556,0.6303691864013672
1634,909721,LUAD,6.31785,5.597777843475342
1996,1298476,PAAD,5.578359,5.709684371948242
1259,753563,MM,0.339555,-0.16482192277908325
1004,1298218,PAAD,-1.592809,-1.1408499479293823
1511,1240186,SCLC,2.41244,2.6084938049316406
1873,910903,SKCM,0.488585,0.720684289932251
1239,905989,COREAD,0.878513,2.1615800857543945
1916,909781,KIRC,4.631022,4.785459995269775
1085,910546,PAAD,3.195842,2.875549793243408
1629,688058,MESO,4.768392,5.712711334228516
1557,908440,NB,4.347732,4.657647609710693
1911,1330947,LAML,-8.452436,-8.484289169311523
1057,905960,BRCA,-2.076579,-2.0564064979553223
1614,907314,NB,5.193039,4.3838791847229
1924,753583,HNSC,3.810545,4.1717000007629395
1089,753556,LUSC,3.441458,3.63897705078125
1915,907320,ESCA,0.197031,0.21546682715415955
1862,910932,SKCM,-1.882101,-1.9863511323928833
2043,906790,STAD,4.925836,4.5087738037109375
1924,688025,SCLC,3.908167,3.8087425231933594
1034,909778,BRCA,-2.277563,-1.8208993673324585
1634,906696,THCA,3.643972,3.245006561279297
1060,906763,ALL,-0.506167,-0.5043121576309204
1911,908455,STAD,-4.887315,-5.443088054656982
1928,724879,LUSC,5.818182,5.5994486808776855
1553,907065,BLCA,1.265114,2.348973035812378
1915,949155,UNCLASSIFIED,2.48567,2.0919246673583984
1930,930297,CESC,1.299154,1.9407886266708374
1909,1480362,OV,4.189076,3.8981852531433105
1510,907285,PAAD,2.967335,3.310037136077881
1073,1240129,OV,7.104364,6.949169635772705
1931,1240221,UNCLASSIFIED,4.679835,4.395079612731934
1060,1240155,STAD,0.195433,1.3424288034439087
1910,1240196,HNSC,4.938831,3.1341805458068848
1091,906877,ALL,0.261921,2.377441883087158
1168,910936,HNSC,-1.430074,-0.10071390867233276
1926,753589,SCLC,3.450944,3.589359760284424
1511,753612,MM,1.135699,-0.8243156671524048
1054,684052,UNCLASSIFIED,2.233636,2.7398681640625
1079,907795,COREAD,2.088014,1.7535113096237183
1852,1299075,PRAD,5.719275,4.830411434173584
1614,1290922,BRCA,3.88785,3.5452585220336914
1022,1322218,UNCLASSIFIED,-1.318866,-0.9555128812789917
1917,1331032,DLBC,2.2235,1.8779268264770508
1089,687798,LUAD,4.837487,3.5542244911193848
1624,1240181,NB,1.027749,1.070969820022583
1239,1240127,UCEC,2.886154,3.277552604675293
1614,1299050,HNSC,3.951825,3.154364585876465
1933,1240186,SCLC,4.457807,5.482888698577881
1054,1240149,UNCLASSIFIED,2.21736,2.3317646980285645
1079,687812,LUAD,-1.687975,-1.2373745441436768
1511,687995,SCLC,-2.416449,-2.1193175315856934
2045,1298476,PAAD,8.309232,7.048095703125
1631,908142,UNCLASSIFIED,0.672395,1.485160231590271
2043,753592,LUAD,4.319144,4.551482200622559
1250,724831,UNCLASSIFIED,1.365237,2.227304458618164
1168,910548,OV,3.054765,3.6797094345092773
1079,910937,SCLC,2.954719,2.9533910751342773
1373,1240167,ESCA,5.172231,4.669719696044922
1853,753575,ESCA,5.674943,5.99112606048584
2111,1503371,ESCA,5.093219,4.303989887237549
1626,1290722,THCA,2.047324,2.566432476043701
1036,908143,UNCLASSIFIED,5.112014,4.588231563568115
1563,908142,UNCLASSIFIED,4.47868,4.6220879554748535
1511,910935,DLBC,-4.121113,-3.7636055946350098
1630,910926,BLCA,2.922043,2.3901526927948
1561,1298529,HNSC,3.042003,2.7439770698547363
1922,909759,UNCLASSIFIED,2.189923,1.673963189125061
1930,909717,UNCLASSIFIED,0.095011,-0.33092278242111206
1634,1299070,OV,3.537961,3.1721301078796387
1557,910934,DLBC,4.356996,3.7603912353515625
1549,1298350,LUAD,1.337327,0.4142895042896271
1249,906873,GBM,2.995997,3.524061679840088
1089,905937,COREAD,2.161643,2.5765304565429688
1005,908474,UNCLASSIFIED,5.329051,2.597291946411133
1933,1240216,LIHC,4.763054,4.916210651397705
1620,1240130,SKCM,4.159219,4.216037273406982
2040,907287,COREAD,0.678663,1.4221298694610596
1910,687514,CESC,2.103416,1.779113531112671
1855,1290807,UNCLASSIFIED,6.826302,5.850698947906494
1922,925346,PAAD,3.362534,2.0763001441955566
1200,1479987,OV,2.053366,2.6754531860351562
1259,909255,UNCLASSIFIED,2.058919,1.087984561920166
1996,909721,LUAD,6.779268,5.100545883178711
2044,753575,ESCA,4.197467,4.192511081695557
1529,1290769,COREAD,2.519393,2.4920506477355957
1549,753538,HNSC,0.006154,1.0769319534301758
1561,753608,LUAD,2.207055,0.25929343700408936
1634,905975,SKCM,5.221212,4.617401123046875
1614,910546,PAAD,3.417492,4.137729644775391
1631,1330995,DLBC,4.583288,3.4420762062072754
1268,907320,ESCA,5.003528,4.517935752868652
1012,1240218,PAAD,6.033335,3.8354735374450684
1563,1240168,GBM,5.096962,5.635737419128418
1005,1240210,UNCLASSIFIED,3.708452,3.56256103515625
1177,924238,THCA,3.026193,4.093308448791504
1598,687561,GBM,3.566074,4.430071830749512
1559,713899,SCLC,-0.305991,-1.8736258745193481
1200,909702,ALL,0.499842,2.3003621101379395
1913,1290810,MESO,6.239029,6.408131122589111
1507,1240122,HNSC,5.177374,5.2917070388793945
1511,908443,LUSC,0.89857,-0.7943929433822632
1558,909746,COREAD,3.150247,3.5961928367614746
1635,1240217,LIHC,4.228312,4.932936191558838
1931,1330950,MM,4.394738,3.9727511405944824
1553,906838,UNCLASSIFIED,3.1726,1.6144965887069702
1051,688086,NB,-2.54506,-1.4244617223739624
1080,908460,LUAD,1.679558,2.661430835723877
1191,1240226,SKCM,-5.204245,-3.9833712577819824
1248,909780,BLCA,-6.068411,-4.284883975982666
1924,909755,COREAD,4.605532,4.586598873138428
1931,753561,HNSC,5.289889,5.123489856719971
1507,909774,UNCLASSIFIED,6.414807,5.148828983306885
1239,949178,NB,1.210997,0.7695215940475464
1549,909264,UNCLASSIFIED,5.293195,4.110118389129639
1372,909721,LUAD,0.302654,-0.554888129234314
1080,1303900,BRCA,-0.562589,-1.263597011566162
1622,753592,LUAD,4.232342,3.91127347946167
1917,1303900,BRCA,3.816773,3.8164806365966797
1931,907314,NB,5.86088,3.906439781188965
1622,949160,UNCLASSIFIED,4.053781,3.739497184753418
1179,909746,COREAD,1.981347,1.3116035461425781
1618,724859,LUAD,3.457336,4.320621013641357
2043,1503365,ESCA,6.81856,6.782781600952148
1918,910952,KIRC,-0.633664,1.5454440116882324
1239,907064,UNCLASSIFIED,1.509989,3.6355948448181152
1012,908129,UCEC,3.161835,2.134568691253662
1924,906871,LGG,3.339833,2.96160888671875
1564,1240187,LUAD,2.204234,2.0362112522125244
1997,906865,SKCM,3.400509,3.8198742866516113
1620,1290813,MESO,4.56323,5.2477593421936035
1190,906863,HNSC,-3.729282,-3.4245476722717285
1032,1298216,PAAD,2.149027,2.3666768074035645
1013,910691,UCEC,2.419823,3.223358631134033
1916,1298216,PAAD,4.595392,3.7150673866271973
1080,907291,COREAD,-4.80818,-3.506209373474121
1630,908151,BRCA,4.488501,4.04114294052124
1559,753618,NB,-1.544012,-2.5025835037231445
1190,909719,LIHC,1.21178,-1.933254361152649
1622,688011,SCLC,5.326862,4.110111713409424
1561,924105,UNCLASSIFIED,-1.202055,-1.2047909498214722
1852,1240158,LIHC,5.823762,5.6859517097473145
1199,905968,OV,2.709696,2.7860541343688965
1051,946382,BRCA,3.675519,3.0146212577819824
1237,1240157,LIHC,6.232116,5.316950798034668
2043,753623,ESCA,4.27068,5.003438949584961
1177,910851,UNCLASSIFIED,4.638282,4.698895454406738
1091,909723,SKCM,5.526929,3.779064178466797
1131,1503364,STAD,6.310301,4.683698654174805
2043,687780,UNCLASSIFIED,6.10999,5.047385215759277
1068,908127,UNCLASSIFIED,1.644491,0.7974123954772949
2109,908148,LAML,1.067172,1.4986906051635742
1854,907072,UNCLASSIFIED,4.672066,3.9091176986694336
1049,906821,PAAD,4.75796,4.704169273376465
1910,910937,SCLC,0.068197,-0.7159873247146606
1618,908123,BRCA,2.418085,2.016193389892578
1088,909749,BLCA,4.665315,4.5610432624816895
1625,949178,NB,4.592598,4.219121932983398
1005,687777,LUAD,5.775381,5.625148773193359
1512,924105,UNCLASSIFIED,4.571679,4.972775936126709
1032,753610,SCLC,1.701302,1.7166156768798828
1250,908139,STAD,2.921294,2.652757167816162
1911,910546,PAAD,-5.016534,-5.4260783195495605
1627,908476,LUAD,2.924429,3.220292091369629
1853,1240136,MESO,4.306657,4.6595635414123535
1630,1298352,UNCLASSIFIED,8.272922,6.740324974060059
1912,910900,LUAD,4.20722,3.5829992294311523
1852,949177,NB,3.601893,3.850675582885742
1561,1247871,ALL,3.475764,4.343760013580322
2040,687780,UNCLASSIFIED,0.624888,0.5486997365951538
1012,1240122,HNSC,0.412218,2.3128981590270996
1057,909745,GBM,-3.2772,-3.1095924377441406
1615,909709,HNSC,4.169251,5.116848945617676
1036,908131,UNCLASSIFIED,4.991165,4.973154544830322
1012,910695,UNCLASSIFIED,1.28811,1.52996027469635
1085,1240189,SCLC,1.522183,1.5072282552719116
2106,905973,UNCLASSIFIED,3.673986,3.4855170249938965
1932,753532,HNSC,-0.19102,1.0220513343811035
1561,753620,NB,1.853809,2.148423671722412
1593,905971,COREAD,1.546337,1.8789809942245483
1060,688023,SCLC,1.224331,0.49623826146125793
1131,687600,UNCLASSIFIED,4.371679,4.3897199630737305
1083,753552,BLCA,3.404121,2.8567585945129395
1557,910933,GBM,4.64654,3.7255330085754395
1011,753583,HNSC,2.229912,2.9409894943237305
1561,909781,KIRC,6.496064,4.451173782348633
1084,907271,LGG,-2.920276,-3.1896605491638184
1927,909699,UNCLASSIFIED,6.871444,5.702072620391846
1022,906798,BLCA,0.524482,-0.6403853893280029
1549,687807,LUAD,4.139211,5.1393632888793945
2040,1240183,LUSC,1.892511,1.9998853206634521
1924,909703,ALL,2.523953,3.1778793334960938
1250,753584,BLCA,1.483388,1.529995083808899
2046,907065,BLCA,5.154049,4.556497097015381
1058,908145,LGG,0.554387,0.30170491337776184
1576,1290807,UNCLASSIFIED,3.681316,3.2903904914855957
1622,906851,BRCA,3.433447,3.7371578216552734
1010,908472,LUAD,3.305469,3.83829927444458
1003,905937,COREAD,-2.869888,-3.001514434814453
1635,907269,CLL,4.614121,4.310157299041748
1862,946382,BRCA,-1.379262,-0.9385207891464233
1085,906805,LUAD,1.411202,3.075728416442871
1060,1327766,MM,-0.523715,-0.023832499980926514
1873,909770,STAD,1.067257,0.9371201992034912
1578,1331048,DLBC,2.577869,3.0929040908813477
1561,1327769,DLBC,2.722385,2.6757421493530273
1913,907287,COREAD,4.804639,4.864425182342529
1930,909781,KIRC,5.021386,3.7582311630249023
1011,909744,ACC,2.047286,2.0514345169067383
1931,910703,UNCLASSIFIED,2.233245,5.133439064025879
1578,906821,PAAD,5.13886,5.274623870849609
1190,907000,UNCLASSIFIED,-3.681984,-3.69781494140625
1237,909738,LIHC,5.561257,5.517919063568115
1553,910706,UNCLASSIFIED,2.141822,1.1829473972320557
1926,1240166,UNCLASSIFIED,-0.385445,-0.5262623429298401
1058,906862,BRCA,-0.541485,-0.5628488063812256
1940,1240212,CESC,3.344406,3.907132625579834
1046,753565,SCLC,0.595407,0.8409737348556519
1939,924240,BRCA,1.789827,1.710527777671814
1046,1327769,DLBC,0.125408,0.16547316312789917
2106,906824,CESC,1.156308,2.409909725189209
1941,1290722,THCA,-4.845887,-5.569453239440918
2044,753563,MM,2.611661,2.335477828979492
1022,1327773,DLBC,-2.441498,-1.1996737718582153
1036,688086,NB,4.024363,3.61653995513916
1054,949161,UNCLASSIFIED,2.439653,3.5580129623413086
1047,687588,GBM,5.702531,4.146742343902588
1622,910952,KIRC,5.283968,4.492944240570068
1629,909736,LIHC,6.126002,5.033970355987549
1862,910911,HNSC,-1.906668,-1.4969629049301147
1073,910952,KIRC,2.80974,3.425858974456787
1239,724863,UNCLASSIFIED,1.769343,1.2753525972366333
1576,924187,UCEC,4.178833,3.803523540496826
1557,910911,HNSC,5.127062,5.595367431640625
1073,687985,SCLC,5.683339,3.739285469055176
1003,753551,SCLC,-4.347583,-3.280466079711914
1563,1290809,MESO,6.721648,6.759461879730225
1510,717431,NB,2.852674,2.0235931873321533
1559,749714,BRCA,-2.241673,-0.805916428565979
1873,687985,SCLC,0.240648,0.536388099193573
1239,907274,DLBC,2.760168,1.3614308834075928
1179,909785,UNCLASSIFIED,-0.910671,-0.5927261114120483
2043,1240197,OV,5.489844,5.670343399047852
1621,907058,SKCM,3.425944,4.249356269836426
1088,909262,UNCLASSIFIED,0.236012,0.26475369930267334
1557,907069,UNCLASSIFIED,4.375568,5.3542022705078125
2111,910779,UNCLASSIFIED,5.910738,6.387031078338623
1613,907790,COREAD,2.868724,1.8515706062316895
2047,905969,OV,1.953933,2.3126840591430664
1512,905969,OV,6.889457,6.26948356628418
1190,1298226,LUSC,-0.028696,-1.5145676136016846
1630,1240158,LIHC,2.378058,3.644698143005371
1618,1298359,ESCA,3.880771,3.5697193145751953
1564,907056,UNCLASSIFIED,5.03399,4.044490337371826
1032,909785,UNCLASSIFIED,-0.199724,0.7525873780250549
1941,1298226,LUSC,-4.249766,-4.031288146972656
1996,907320,ESCA,4.477107,4.08786678314209
1091,949172,NB,-1.429595,-0.38724207878112793
1593,910915,PAAD,4.922554,4.490155220031738
1051,749709,BRCA,4.500316,3.613650321960449
1996,998184,ALL,1.426106,2.3692879676818848
1927,907281,MM,4.362101,3.558234691619873
1997,924100,PRAD,4.335838,4.488973140716553
1928,1240181,NB,3.395019,2.960049629211426
1916,910920,KIRC,3.433548,3.0310440063476562
2110,1674021,COREAD,4.607687,4.479674816131592
1375,907057,LIHC,5.412622,5.431877136230469
2107,909704,BLCA,5.277657,4.7213664054870605
1926,906864,THCA,1.375446,0.3578011691570282
1005,1298151,LIHC,5.279375,4.504091262817383
1559,1240184,UNCLASSIFIED,-4.055323,-1.7588118314743042
1916,908475,LUAD,2.198513,2.4934463500976562
1634,907268,UNCLASSIFIED,3.137384,3.2605414390563965
1786,905989,COREAD,-1.618393,3.6713900566101074
1925,924105,UNCLASSIFIED,5.065236,4.936987400054932
1932,907170,NB,1.821571,1.948870301246643
2047,925345,UNCLASSIFIED,2.928314,3.5239720344543457
1560,905964,MM,3.459587,2.708991527557373
1630,907300,LAML,3.164862,2.0989933013916016
1375,1290765,UNCLASSIFIED,6.571652,5.8251261711120605
1635,1240185,LUAD,6.062196,5.649881839752197
1634,909754,UNCLASSIFIED,5.868073,5.464599132537842
1634,1298358,STAD,4.434719,4.633493423461914
2046,907061,HNSC,2.557717,3.5104336738586426
1563,1503371,ESCA,5.213111,4.851566314697266
1190,909728,LUSC,-0.904876,-0.7440322637557983
1908,687798,LUAD,2.752074,3.192389488220215
1047,1298146,LIHC,6.35214,6.15286922454834
1908,909703,ALL,2.608686,1.7486323118209839
1011,687820,LUAD,2.876982,2.502689838409424
1003,1298529,HNSC,-1.922629,-2.866060733795166
1622,910922,KIRC,4.075539,3.742859363555908
1051,907169,SKCM,3.871069,3.014718532562256
1237,906861,UNCLASSIFIED,5.516382,5.238630771636963
1912,687829,UNCLASSIFIED,4.199272,3.4596047401428223
1191,909256,BRCA,-5.729105,-4.61619758605957
1853,1298352,UNCLASSIFIED,6.101802,7.3310160636901855
1908,907796,UNCLASSIFIED,2.517127,2.173926830291748
1939,688013,SCLC,1.151555,2.2318942546844482
1177,906853,UNCLASSIFIED,6.694209,6.726686477661133
1925,1331048,DLBC,4.0889,3.7088241577148438
1564,910694,GBM,4.794404,5.251333713531494
1012,930299,THCA,1.753067,3.0214285850524902
1073,905978,KIRC,5.805034,5.992278099060059
1168,1240145,LUAD,3.64882,2.931399345397949
1933,713899,SCLC,2.885803,3.383413791656494
2110,749714,BRCA,5.630582,4.938503265380859
1627,909904,PAAD,3.590406,3.801727771759033
1931,909770,STAD,5.360366,5.275095462799072
1005,911905,OV,7.971887,6.377303600311279
1047,753541,HNSC,4.636753,4.794239044189453
1373,1240185,LUAD,5.255263,5.712364673614502
1924,687506,CESC,4.113509,4.494156837463379
1036,909776,UNCLASSIFIED,6.035013,4.893375396728516
1034,1303897,DLBC,-2.325524,-2.9093470573425293
1576,909720,UNCLASSIFIED,2.265153,2.637983798980713
1046,1240181,NB,-0.16154,0.3091081976890564
2045,905971,COREAD,4.725866,4.707431316375732
1930,910934,DLBC,-1.039109,-0.8458027839660645
1091,1290813,MESO,0.798478,0.37106001377105713
1908,949167,UNCLASSIFIED,3.470815,2.9325180053710938
1936,907271,LGG,3.786733,3.454528331756592
1622,909745,GBM,5.009306,4.70860481262207
1625,924238,THCA,4.0426,4.212197780609131
1852,908141,LAML,4.315558,3.715470790863037
1561,909722,UNCLASSIFIED,1.295768,1.4775511026382446
2046,1290813,MESO,2.290708,4.044206619262695
1046,907787,ALL,1.210923,0.7771482467651367
1576,924239,MM,0.597755,1.159603238105774
1168,906793,SKCM,3.067472,2.993438243865967
1630,908143,UNCLASSIFIED,5.141392,3.5872530937194824
1911,908143,UNCLASSIFIED,-7.047198,-5.348484039306641
1624,909745,GBM,3.909667,2.9234814643859863
1625,1240146,LUAD,6.266363,5.48410701751709
1057,1331048,DLBC,-2.678551,-2.7737855911254883
1626,906863,HNSC,1.280799,2.4865097999572754
1622,1303900,BRCA,3.562821,3.809378147125244
1510,909745,GBM,5.118182,4.261903762817383
1003,908127,UNCLASSIFIED,-2.734509,-3.2376151084899902
1560,909770,STAD,2.926212,4.166695594787598
1931,906870,LAML,4.414426,4.3796186447143555
1010,924244,LUAD,2.598842,1.4762431383132935
1614,924240,BRCA,3.040043,4.645400524139404
1003,905968,OV,-2.717918,-2.2820076942443848
1049,1290724,HNSC,3.667131,3.282193660736084
1199,1240218,PAAD,5.270377,5.7300262451171875
1089,910932,SKCM,2.523914,3.5174622535705566
1036,908476,LUAD,4.767891,5.256781578063965
1060,1240216,LIHC,1.027939,1.8982137441635132
1786,1503367,ESCA,3.633155,4.048780918121338
1511,907062,HNSC,-1.07134,-0.6296067237854004
1091,917486,COREAD,2.027461,3.152860641479492
1634,1290807,UNCLASSIFIED,3.823327,4.617311000823975
1032,908462,MESO,1.156268,2.286115884780884
1928,905986,GBM,5.815822,5.2992143630981445
1054,753555,ESCA,4.993982,2.904449939727783
1560,1240141,MESO,6.015909,4.942140102386475
1560,905956,SKCM,4.626709,4.467862129211426
1553,946357,UNCLASSIFIED,3.261156,2.743116855621338
1190,907277,ALL,-4.80849,-3.3877644538879395
1627,724879,LUSC,3.627929,3.2548928260803223
1006,905937,COREAD,0.805468,-1.0657445192337036
1091,907055,STAD,1.449391,0.8442888855934143
1549,688014,SCLC,5.531643,5.17581844329834
1853,1298359,ESCA,4.32959,3.845407009124756
1576,1290722,THCA,3.022563,3.057751178741455
1003,907042,LGG,-4.847862,-3.6311521530151367
1529,753594,SCLC,-0.497442,0.3973146080970764
1036,907273,UNCLASSIFIED,2.622289,3.268775463104248
1593,907057,LIHC,2.866203,2.026850938796997
2110,908148,LAML,3.763997,2.505084991455078
1006,930299,THCA,4.143025,3.92111873626709
2109,1240166,UNCLASSIFIED,1.178899,2.006551504135132
1915,998184,ALL,2.058917,1.6939642429351807
1615,909708,HNSC,3.769361,4.29429292678833
1854,907300,LAML,3.320654,2.831667900085449
1032,910948,BRCA,3.117772,3.368239402770996
1036,753624,PAAD,5.44011,5.571263313293457
1630,908130,UCEC,5.178315,5.014460563659668
1558,907050,UNCLASSIFIED,6.029487,6.201694488525391
1598,909759,UNCLASSIFIED,5.762399,5.276141166687012
1854,1298537,LUAD,5.851922,4.718017578125
1079,713899,SCLC,3.630144,2.926586627960205
1911,908474,UNCLASSIFIED,-4.282444,-5.13433313369751
1910,909750,LGG,1.587005,1.5694135427474976
2043,1240160,LIHC,6.346963,5.900341987609863
1046,688001,SCLC,-0.131096,0.19541960954666138
1576,906763,ALL,1.12294,1.8175697326660156
1036,753547,SCLC,4.1654,4.010401248931885
1617,949160,UNCLASSIFIED,1.385723,2.3515381813049316
1853,713869,LUAD,3.247134,3.5151233673095703
1928,1290798,BRCA,5.333708,5.6353044509887695
1627,1240147,LIHC,2.069696,2.1043076515197754
1634,713880,SCLC,2.559493,2.9143285751342773
1054,907792,COREAD,5.273687,5.087040901184082
1060,906765,MM,-0.346271,0.25986579060554504
1006,753552,BLCA,1.027337,3.6655173301696777
1089,1503362,ESCA,3.936043,3.5425286293029785
2040,1240141,MESO,3.367777,3.6683244705200195
1614,1240216,LIHC,4.035582,5.615541458129883
2044,907069,UNCLASSIFIED,4.491581,3.927694320678711
1622,1290905,BRCA,5.568048,5.392725944519043
1375,907060,UNCLASSIFIED,5.314145,4.711583137512207
1614,1240124,COREAD,4.338486,4.201922416687012
1634,688014,SCLC,4.247082,5.264451026916504
1853,1674021,COREAD,5.815554,5.001145839691162
1549,907279,LGG,5.318147,5.31528377532959
1089,909721,LUAD,5.801557,6.000195026397705
1561,684052,UNCLASSIFIED,1.594148,1.6239502429962158
1049,1331032,DLBC,3.507887,3.439877986907959
1191,910702,PAAD,1.261405,-2.171156406402588
1054,909785,UNCLASSIFIED,0.10964,0.3513229191303253
1918,1298223,LUSC,4.005826,4.232337951660156
1011,908473,LUAD,4.517556,3.100274085998535
1936,910935,DLBC,0.936094,1.310347080230713
1922,1240141,MESO,3.351052,3.3510003089904785
1873,1240219,PAAD,2.275883,2.145772933959961
1093,946370,GBM,4.748853,4.409520149230957
1564,905976,SKCM,-1.445398,-1.489649772644043
1032,688006,SCLC,2.03659,2.885739803314209
1924,909976,UNCLASSIFIED,3.189694,3.794661045074463
1615,753563,MM,3.936489,3.3117594718933105
1627,908147,ALL,1.072798,1.3406503200531006
1046,1299050,HNSC,3.989317,3.162834644317627
1928,924102,THCA,4.403261,5.232504367828369
1635,1298357,STAD,6.540988,5.629644870758057
2043,753585,KIRC,5.048752,5.3226213455200195
1631,907300,LAML,1.026719,0.38418450951576233
1627,753555,ESCA,2.156612,2.7508926391601562
1054,909709,HNSC,5.014528,4.076309680938721
1053,910915,PAAD,5.137392,5.029214382171631
1250,910780,NB,-0.263172,-0.05595630407333374
1854,906847,UNCLASSIFIED,4.844839,4.280356407165527
1549,753616,NB,5.173338,4.444225311279297
1259,1240158,LIHC,3.323585,4.678730487823486
1786,909257,OV,3.217594,3.2690305709838867
1928,1299078,SKCM,4.119413,4.017970085144043
1912,910903,SKCM,1.698661,1.8912047147750854
1012,688026,SCLC,0.329591,0.7398668527603149
1036,1240210,UNCLASSIFIED,3.83901,4.1174798011779785
1250,910943,GBM,1.082641,1.1559053659439087
1799,1299080,SKCM,-0.607208,5.490658760070801
1928,724870,PAAD,3.205031,4.147542953491211
1924,717431,NB,3.741774,2.5516610145568848
1873,946359,BRCA,2.180279,2.06947660446167
2045,909779,UNCLASSIFIED,5.363645,5.522185802459717
1594,909722,UNCLASSIFIED,4.342643,4.470071315765381
1912,924244,LUAD,1.04883,1.403214693069458
1625,908122,BRCA,3.560125,4.271779537200928
2107,907062,HNSC,4.880045,5.12211275100708
1799,1290922,BRCA,2.38137,2.0223803520202637
1629,907792,COREAD,6.370413,5.961027145385742
1034,949160,UNCLASSIFIED,-1.601801,-2.607163906097412
1131,998184,ALL,3.00123,2.555572509765625
1561,688021,SCLC,3.433142,2.5011768341064453
1996,1290814,MESO,4.076582,4.831949234008789
1093,1480372,OV,4.681699,5.523430347442627
1631,909738,LIHC,3.128615,2.9137115478515625
1622,906693,PAAD,3.331571,3.613755702972412
1917,1659928,COREAD,2.49023,1.0882943868637085
1635,1240143,LUSC,5.900987,5.393631935119629
1912,753556,LUSC,1.074837,1.3094041347503662
2107,1240223,THCA,6.158249,6.574860095977783
1073,907169,SKCM,5.850272,6.183047294616699
1179,906877,ALL,-0.317966,-0.5073685050010681
2045,907298,UNCLASSIFIED,4.51809,3.7185773849487305
1057,905955,SKCM,0.317126,-1.5598620176315308
1083,908138,UNCLASSIFIED,3.440045,3.8904800415039062
1634,1327766,MM,3.476932,3.256896495819092
2107,1240216,LIHC,5.737151,6.165301322937012
1613,1240209,STAD,3.092119,3.3921375274658203
1058,1330942,LAML,3.519757,3.699375629425049
1913,908467,UNCLASSIFIED,3.762572,3.7038097381591797
1036,1303912,UNCLASSIFIED,2.843243,3.476278781890869
2110,1240190,LUAD,4.142227,5.009578227996826
1936,1240122,HNSC,3.290938,3.606349468231201
1617,1327771,LCML,-3.419208,1.6149953603744507
1054,906872,NB,3.130052,4.4560322761535645
1179,906833,MB,-0.746583,0.0946495532989502
1853,930298,CESC,3.873546,4.577718257904053
1013,905934,PRAD,5.685459,5.294038772583008
1593,1303912,UNCLASSIFIED,1.64444,2.6283230781555176
1199,905976,SKCM,3.906533,4.014744281768799
1911,905934,PRAD,-2.990555,-2.108030319213867
1053,753554,LUSC,1.866394,3.2484397888183594
1939,907062,HNSC,1.662512,1.9656431674957275
1910,909732,UNCLASSIFIED,3.141608,2.1882576942443848
2111,687787,LUSC,4.912821,5.03201150894165
1054,1240158,LIHC,4.163604,5.221549987792969
1911,909250,KIRC,-3.335457,-2.542774200439453
1080,946357,UNCLASSIFIED,-5.647269,-4.699553966522217
1908,910903,SKCM,2.295696,2.0125813484191895
1912,907042,LGG,1.889832,2.395676612854004
1512,906800,UNCLASSIFIED,3.438652,3.7512311935424805
1050,906851,BRCA,3.712114,3.9019265174865723
1003,909748,COREAD,-2.143157,-1.38245689868927
1084,1240127,UCEC,-1.798865,-0.480224609375
1006,906862,BRCA,1.381874,1.8935343027114868
1852,1298526,PAAD,6.104249,6.422666549682617
1617,907058,SKCM,1.815003,3.248044013977051
1553,1290810,MESO,3.416058,3.2776479721069336
1925,910781,UCEC,5.218648,4.165412425994873
2096,687820,LUAD,4.706627,5.130975246429443
1375,724855,UNCLASSIFIED,7.454389,7.238449573516846
1190,930298,CESC,2.699373,-2.4629950523376465
1529,907055,STAD,-1.551226,2.084019899368286
1915,924108,COREAD,2.41923,1.2443606853485107
1190,906801,BRCA,2.930021,3.508054256439209
1559,1240222,OV,-3.700367,-2.632467746734619
1928,910942,UNCLASSIFIED,4.086004,2.6155614852905273
1622,1330950,MM,4.09431,3.9567489624023438
1068,753589,SCLC,3.722382,3.362039566040039
1626,910935,DLBC,-2.047671,-1.8131340742111206
1091,1295741,MM,-0.373401,0.8760727643966675
1933,909252,ALL,2.562963,2.4193568229675293
1054,924151,THCA,3.01804,3.625138759613037
1925,909696,UNCLASSIFIED,4.134424,3.937340259552002
1799,907050,UNCLASSIFIED,6.098896,6.859314918518066
2045,909708,HNSC,4.181893,4.487305641174316
1849,908151,BRCA,-1.376374,-1.7276026010513306
1931,909756,UNCLASSIFIED,6.065276,5.824472904205322
1926,688006,SCLC,2.889562,1.129750370979309
1054,910900,LUAD,5.01662,4.009901523590088
1913,753563,MM,4.050631,3.4413795471191406
1250,1240167,ESCA,0.203947,1.3193660974502563
1057,907173,MESO,-0.744059,-1.6496680974960327
1564,687506,CESC,2.423555,1.996883749961853
1593,910850,LIHC,2.339548,4.129537582397461
1630,905984,LGG,1.902443,2.111724376678467
1922,1290813,MESO,-0.193964,1.5462604761123657
1375,910784,UNCLASSIFIED,7.166744,5.771639823913574
1917,949157,UNCLASSIFIED,2.514833,2.4850168228149414
1013,906851,BRCA,3.060762,3.3484835624694824
1012,1298218,PAAD,2.434043,1.9256236553192139
1849,946368,GBM,0.170654,-0.03401070833206177
1180,1297447,MM,-2.875488,-3.679947853088379
1177,1299050,HNSC,4.599917,4.499772548675537
1624,1299075,PRAD,1.730754,2.225715160369873
1004,1331032,DLBC,-5.964125,-5.57414436340332
1563,907069,UNCLASSIFIED,5.830875,5.810749053955078
1927,1298539,UNCLASSIFIED,6.426222,5.995441913604736
1624,687777,LUAD,4.060343,4.185649394989014
1003,1240144,UNCLASSIFIED,-3.501132,-1.6491256952285767
1022,910710,LCML,-1.574602,-1.8146768808364868
1268,909974,KIRC,6.103981,4.697360038757324
1375,1298136,PAAD,7.883995,7.3274126052856445
1873,949168,UNCLASSIFIED,0.758777,1.1013367176055908
1853,907048,BRCA,3.239501,2.744518756866455
1557,687816,LUAD,3.771158,4.990694046020508
1036,1297449,DLBC,4.544985,3.636197566986084
1131,925347,PAAD,4.323753,8.071883201599121
2043,1330985,LAML,3.387051,3.261873245239258
1939,687588,GBM,4.160299,2.7319722175598145
1025,909748,COREAD,5.189849,5.13615608215332
2043,909780,BLCA,4.406431,4.857248783111572
1549,1240149,UNCLASSIFIED,3.468342,3.6555862426757812
1627,1240143,LUSC,3.663291,3.2306337356567383
2109,684062,UNCLASSIFIED,2.439292,1.9649900197982788
1083,1240198,OV,4.681849,2.915585517883301
1005,907050,UNCLASSIFIED,6.157807,7.019618988037109
1931,910944,ALL,3.707264,3.5024304389953613
1909,1331037,DLBC,-0.738538,-2.455777168273926
1036,910944,ALL,2.382856,3.7764463424682617
1191,906831,UNCLASSIFIED,-5.229645,-5.1540021896362305
1909,753547,SCLC,2.29154,1.9684258699417114
1849,1290769,COREAD,0.578291,0.8903512954711914
1557,1297447,MM,5.125229,5.119750022888184
1239,1240141,MESO,5.615106,5.073788642883301
1617,909704,BLCA,1.749628,1.9393659830093384
1625,910569,COREAD,4.64659,4.875846862792969
1190,907320,ESCA,2.919191,0.194315105676651
1051,906801,BRCA,2.450158,3.6553025245666504
1613,908455,STAD,3.623412,4.938220500946045
1855,924104,THCA,6.536393,5.481647491455078
1941,905952,ALL,-3.526706,-2.186156749725342
1373,906765,MM,3.9736,0.7351871728897095
1259,910919,DLBC,2.990545,1.8728890419006348
1559,924187,UCEC,0.205471,-0.31756722927093506
1933,906824,CESC,5.669382,4.839020252227783
1239,924110,UNCLASSIFIED,0.847736,2.484466075897217
2111,1298157,BRCA,4.056456,4.600911617279053
1511,910948,BRCA,2.274333,0.464994877576828
1091,906804,UNCLASSIFIED,1.358592,1.2918431758880615
2045,1240127,UCEC,5.16682,5.324402809143066
1618,910705,UNCLASSIFIED,2.421511,2.8100643157958984
1191,1240142,LUSC,-5.419484,-5.37606954574585
1615,909779,UNCLASSIFIED,5.685921,5.23016357421875
1621,1330983,LAML,4.031467,4.861415386199951
1620,1240132,MESO,5.957503,6.305757999420166
1917,906856,UNCLASSIFIED,0.158226,0.18712636828422546
1549,905978,KIRC,4.060704,4.016193389892578
1558,907271,LGG,3.975353,3.4292025566101074
1576,909754,UNCLASSIFIED,4.427279,4.296773910522461
1626,909774,UNCLASSIFIED,3.353,2.1776340007781982
1617,724878,LUAD,6.996204,4.8556904792785645
1022,930298,CESC,0.915333,0.22006380558013916
1021,905945,BRCA,3.163802,3.729228973388672
1054,1240162,HNSC,5.097723,3.409390926361084
2096,905973,UNCLASSIFIED,2.819828,3.1118006706237793
1593,1240168,GBM,3.085608,1.8476228713989258
1617,1298359,ESCA,1.871343,4.1750946044921875
1932,905945,BRCA,2.675071,3.149106979370117
2111,1298365,OV,5.056509,4.250394821166992
1614,907321,ESCA,1.944157,2.7669787406921387
1051,905975,SKCM,2.500609,2.3883442878723145
1627,924104,THCA,3.496095,2.690267562866211
1873,924105,UNCLASSIFIED,0.197045,0.13793572783470154
1917,1240219,PAAD,2.821303,4.005105972290039
1047,909257,OV,4.927397,4.191761016845703
2046,906794,UNCLASSIFIED,4.022794,2.8993749618530273
1089,724831,UNCLASSIFIED,3.091657,3.8384299278259277
1010,907172,SKCM,4.419901,3.972022533416748
1200,687562,GBM,1.694775,2.0921730995178223
1200,1240121,HNSC,2.370449,2.8711776733398438
1003,910934,DLBC,-4.339042,-3.9829530715942383
1047,687780,UNCLASSIFIED,5.095357,5.6826171875
1089,687802,LUAD,5.93116,5.761880397796631
1012,909262,UNCLASSIFIED,-0.121517,1.2134976387023926
2096,749712,BRCA,2.980928,3.0912604331970215
1854,924151,THCA,3.932939,4.607515811920166
1511,909751,COREAD,-1.635898,-0.10401803255081177
1088,724869,PAAD,4.905698,4.32200813293457
1940,907066,BLCA,5.809672,3.8234968185424805
1177,907287,COREAD,5.605965,5.134519100189209
1625,1298538,LUSC,5.719279,5.307915210723877
1239,1290808,MESO,3.807729,4.374423980712891
1375,1299078,SKCM,6.023536,6.002299785614014
1180,687448,SKCM,-1.13017,-1.7284339666366577
1926,909698,COREAD,2.64653,0.27101340889930725
1912,1240173,COREAD,1.197378,1.5530823469161987
1927,1240132,MESO,6.409051,5.887524127960205
1598,905934,PRAD,3.972154,5.307070732116699
1179,1290808,MESO,3.224569,2.728362560272217
1627,688006,SCLC,3.20809,2.9913978576660156
1073,905962,COREAD,4.908481,4.515027046203613
1022,907323,UNCLASSIFIED,-1.096348,-1.9784826040267944
1553,1298157,BRCA,4.51881,4.160505294799805
2047,1331037,DLBC,1.387426,3.413534164428711
1268,946355,ESCA,3.914517,3.742218017578125
1022,753556,LUSC,-1.978115,-0.7599016427993774
1911,687568,GBM,-4.497197,-5.041944980621338
1084,1240190,LUAD,-1.838189,-0.9608728885650635
1372,1298141,PAAD,-0.906878,-0.213182270526886
1553,909746,COREAD,5.754491,5.132452487945557
1941,1290922,BRCA,-3.473357,-4.453453063964844
1060,924111,HNSC,-1.267309,-1.0502479076385498
1022,1240160,LIHC,2.919608,2.9635353088378906
1239,908136,UNCLASSIFIED,1.253113,2.0283751487731934
1614,749710,BRCA,5.415324,4.604499340057373
1624,909756,UNCLASSIFIED,3.951462,3.737638473510742
1013,907043,UNCLASSIFIED,1.284456,1.5966575145721436
1620,753586,UNCLASSIFIED,4.834218,5.315890312194824
1625,905990,OV,5.312607,6.0381550788879395
1917,1299062,SCLC,3.542347,3.5831737518310547
1593,1503366,ESCA,1.78168,1.9169219732284546
1928,1327775,MM,2.691971,2.2536964416503906
1922,909769,UNCLASSIFIED,2.613563,2.2551050186157227
1034,907319,ESCA,-4.105021,-3.0421271324157715
1057,907064,UNCLASSIFIED,-0.289175,-1.6372030973434448
1928,1240153,SKCM,4.751377,3.7634382247924805
1622,1503362,ESCA,5.053334,3.9913787841796875
1862,905946,BRCA,-1.626807,-1.114092230796814
1617,946382,BRCA,0.788116,0.7340826988220215
1909,908459,UNCLASSIFIED,3.154974,3.016144275665283
1073,1290810,MESO,5.449488,5.268321990966797
1025,908121,BRCA,5.489015,5.226892471313477
1624,1330942,LAML,2.78911,3.3420348167419434
1578,688001,SCLC,3.174923,3.654540538787842
1507,908156,UNCLASSIFIED,1.582169,1.9717745780944824
1012,910779,UNCLASSIFIED,2.955347,0.9482038021087646
2110,905969,OV,5.761819,6.079002380371094
1089,906849,UNCLASSIFIED,3.057096,2.9706363677978516
1091,905975,SKCM,1.387049,2.241236686706543
1553,1240217,LIHC,3.844947,4.4171833992004395
2109,713869,LUAD,3.665348,3.9525036811828613
2110,1322218,UNCLASSIFIED,5.265067,4.494970798492432
1576,906794,UNCLASSIFIED,2.525191,2.770933151245117
1941,1330942,LAML,-1.37255,-1.7471095323562622
1786,1330950,MM,2.992383,1.9418550729751587
1249,907065,BLCA,5.597354,4.786144256591797
1007,1240173,COREAD,-5.73514,-7.0907182693481445
1038,906844,BRCA,2.247878,1.0986411571502686
1510,909253,LAML,3.709006,3.394984722137451
1617,910948,BRCA,3.677751,1.5826938152313232
1549,910710,LCML,4.068984,3.1073355674743652
2048,907789,ALL,-5.065234,-5.206030368804932
1578,906831,UNCLASSIFIED,3.528874,3.2975821495056152
1091,925347,PAAD,1.995911,1.8997451066970825
1598,1327766,MM,2.565511,3.0642142295837402
1091,905955,SKCM,4.931224,4.2873101234436035
1576,713869,LUAD,3.072035,3.1605920791625977
1911,1660034,COREAD,-5.291157,-4.375692367553711
2045,1240181,NB,3.809079,4.04579496383667
1191,722066,LUAD,-3.799336,-4.513763904571533
1614,909251,ALL,2.478624,2.156468391418457
2107,687820,LUAD,7.635722,7.140964508056641
2106,753600,LUAD,3.22652,2.6771225929260254
1512,1331032,DLBC,4.711704,4.428224563598633
1003,908465,LUAD,-0.826978,-0.6626900434494019
1614,905938,LAML,3.580023,3.4974474906921387
1034,910941,NB,0.579543,-1.7404226064682007
1512,1240219,PAAD,6.488917,6.458256721496582
1032,909774,UNCLASSIFIED,2.616018,1.7994694709777832
1177,687821,LUAD,7.506722,7.13010311126709
1091,909699,UNCLASSIFIED,2.902896,2.648131847381592
1373,907279,LGG,5.608058,5.724682807922363
1928,908159,UNCLASSIFIED,2.181845,2.096935272216797
1053,907064,UNCLASSIFIED,4.756002,4.433006286621094
1060,908444,STAD,0.791711,0.5666061639785767
2043,687777,LUAD,6.426434,5.776418209075928
1931,1330931,LCML,4.748615,4.311157703399658
1049,905959,OV,6.211789,5.8675384521484375
1046,905984,LGG,-0.007504,1.1319968700408936
2040,909723,SKCM,1.975526,2.815018653869629
1051,905935,PRAD,4.965412,4.367263317108154
1191,905937,COREAD,-4.988229,-4.515831470489502
1594,910569,COREAD,4.267922,3.516571521759033
1089,924107,CESC,3.180023,2.485419750213623
1507,753586,UNCLASSIFIED,4.868399,4.278133869171143
1191,906693,PAAD,-4.406433,-4.480766773223877
1913,910903,SKCM,3.960305,4.200692176818848
1913,917486,COREAD,4.474714,4.3714447021484375
1073,908454,UNCLASSIFIED,2.800577,4.125234603881836
1634,749709,BRCA,4.425586,2.484443187713623
1051,724859,LUAD,1.98048,1.8786393404006958
1635,1330972,SCLC,5.224549,5.035094261169434
1928,688006,SCLC,5.154309,5.074551105499268
1621,687561,GBM,4.859961,4.129143238067627
1916,909745,GBM,1.223778,1.991790533065796
1909,905972,LUAD,2.757177,2.964066505432129
1022,910937,SCLC,-0.014254,0.32281428575515747
1011,1298350,LUAD,2.74027,2.842803955078125
1913,909697,STAD,4.3056,4.75994873046875
1564,906844,BRCA,-4.019831,-2.733567714691162
1168,1240186,SCLC,3.189304,3.754931926727295
2043,753569,LUSC,5.81563,5.460427284240723
1054,1290807,UNCLASSIFIED,5.216428,5.1695075035095215
1939,949161,UNCLASSIFIED,1.677408,1.5362350940704346
1057,908126,LCML,-1.723886,-2.0810985565185547
1799,753572,PAAD,5.253273,5.595452308654785
1079,909769,UNCLASSIFIED,-0.151669,0.021484464406967163
1012,908440,NB,-0.131895,0.15757489204406738
1925,907286,PAAD,5.818873,5.178723335266113
1630,906853,UNCLASSIFIED,6.419056,5.714776992797852
1925,753620,NB,5.53254,3.8926191329956055
1250,753546,SKCM,5.794819,5.244274616241455
1629,907068,CESC,4.180938,3.9489517211914062
1084,907169,SKCM,-1.674717,-1.7921000719070435
2040,1330950,MM,-0.356284,0.28365740180015564
1060,688014,SCLC,2.979504,1.75274658203125
1088,1240149,UNCLASSIFIED,-0.026028,1.4506251811981201
1854,1240155,STAD,3.672067,4.39678955078125
1873,906814,SKCM,0.57768,1.037761926651001
1046,906794,UNCLASSIFIED,2.705036,2.5243654251098633
1852,908143,UNCLASSIFIED,5.615965,5.415934085845947
1091,908444,STAD,2.337621,2.3153915405273438
1177,906793,SKCM,2.996524,3.417691230773926
1060,908448,LAML,-1.34576,-1.439252495765686
1375,688086,NB,5.782714,5.669273376464844
1931,909703,ALL,3.63995,3.2048888206481934
1910,1331049,UNCLASSIFIED,2.964052,2.4240336418151855
1083,905975,SKCM,3.907931,3.2542009353637695
1512,908471,UNCLASSIFIED,3.92445,4.4620680809021
1913,908473,LUAD,5.6952,5.579867362976074
1512,910936,HNSC,5.1515,5.180191993713379
1799,1331045,DLBC,4.633276,4.606772422790527
1088,909761,COREAD,3.293682,4.191812515258789
1931,906820,NB,5.326166,4.97039270401001
1549,1480364,OV,-1.411982,-0.5478410720825195
1626,907271,LGG,1.886231,3.2588696479797363
1925,687588,GBM,5.591166,4.877460479736328
1073,687586,GBM,4.802335,4.972702980041504
1926,749709,BRCA,0.098798,0.14158448576927185
1005,906862,BRCA,3.893768,3.9987754821777344
1925,905983,GBM,5.844621,5.2220282554626465
1032,1240155,STAD,2.134321,2.4609227180480957
1560,753554,LUSC,4.849971,3.940192222595215
2096,1299070,OV,2.616435,2.95721435546875
1925,907061,HNSC,4.016548,4.476068019866943
1529,909262,UNCLASSIFIED,-1.713168,-2.367436408996582
1084,753585,KIRC,-3.430402,-2.713900089263916
1916,1290795,UNCLASSIFIED,2.779504,3.2292895317077637
1853,1327773,DLBC,4.035319,4.328670501708984
1918,753575,ESCA,2.909392,1.9720009565353394
1560,907048,BRCA,3.089032,2.6003479957580566
1627,905948,KIRC,2.175516,3.594905376434326
1849,910924,STAD,-0.713452,-1.0505414009094238
1852,713878,SCLC,5.288299,5.121714115142822
1179,724872,SCLC,0.040247,0.14124411344528198
1919,905957,BRCA,2.99445,2.027283191680908
1017,907289,COREAD,4.944437,3.902744770050049
1635,909721,LUAD,6.170847,6.068307876586914
1909,687816,LUAD,3.417203,3.6725411415100098
1553,910936,HNSC,0.692492,0.5627385973930359
1930,724838,BLCA,-0.01012,-0.28894829750061035
1058,907286,PAAD,2.373015,2.747767925262451
1854,1290771,COREAD,4.16176,5.193318843841553
1627,909751,COREAD,3.489689,2.845585823059082
1051,908131,UNCLASSIFIED,0.003794,1.7989754676818848
1926,910706,UNCLASSIFIED,0.234704,-0.10255026817321777
1922,753586,UNCLASSIFIED,2.218316,2.894570827484131
1088,908144,LGG,2.470252,4.277246475219727
2043,949163,UNCLASSIFIED,2.255406,3.5636487007141113
1924,908152,MESO,4.054381,4.152418613433838
1079,905945,BRCA,1.983121,2.415698528289795
1177,907789,ALL,3.056828,2.363297939300537
1022,1327769,DLBC,-2.116242,-0.9441066980361938
1631,688010,SCLC,4.817516,3.980201244354248
1080,907789,ALL,-4.604601,-5.066283226013184
1084,910688,LAML,-3.911114,-4.0720648765563965
1925,1327773,DLBC,4.057096,4.044549465179443
2040,1240201,PAAD,1.776497,1.8265206813812256
1058,907064,UNCLASSIFIED,3.884317,3.0450406074523926
1131,998189,COREAD,4.950425,5.706742763519287
1006,907295,SCLC,1.795724,1.3123633861541748
1057,909263,COREAD,1.352361,-0.0036520957946777344
1635,909976,UNCLASSIFIED,4.962567,4.626981258392334
1622,905980,KIRC,5.276242,6.0976033210754395
1911,907268,UNCLASSIFIED,-6.610407,-5.625295162200928
1073,1299075,PRAD,6.098524,4.87986946105957
1922,724878,LUAD,4.372209,4.44851016998291
1088,1290809,MESO,2.156324,2.4101743698120117
1003,905948,KIRC,-0.524668,-1.1911413669586182
1268,1298219,UNCLASSIFIED,5.281387,4.285825252532959
1034,907047,UNCLASSIFIED,-4.426457,-3.6062374114990234
1200,909749,BLCA,2.434705,3.415802001953125
1199,908447,NB,5.053093,3.8549695014953613
1012,688027,SCLC,0.740384,1.0085136890411377
1908,753618,NB,1.520045,-0.22670114040374756
1786,1240159,LIHC,4.202842,4.145781517028809
1529,910947,LAML,-2.15348,-2.6770315170288086
1853,687780,UNCLASSIFIED,5.769385,4.452951431274414
1191,687799,LUAD,-4.297133,-4.19597864151001
2106,1240140,UNCLASSIFIED,2.959869,2.963613510131836
1910,753556,LUSC,2.631279,1.788602352142334
1032,909253,LAML,0.77883,2.1554765701293945
1011,905935,PRAD,2.562345,4.635279655456543
1017,910920,KIRC,3.146729,4.08650541305542
1237,687505,CESC,4.863741,4.533107280731201
1799,906836,UNCLASSIFIED,2.653845,2.9899492263793945
2111,1330993,PRAD,3.645898,3.971858024597168
1054,909728,LUSC,4.518823,3.8502540588378906
1908,1331038,DLBC,2.590185,2.1000800132751465
1996,909698,COREAD,3.775238,2.8777852058410645
1617,1298531,HNSC,1.687291,2.8172359466552734
1629,910932,SKCM,3.295859,4.440785884857178
1931,724872,SCLC,4.489991,4.18890380859375
1529,910703,UNCLASSIFIED,1.217141,-0.09320086240768433
1375,1327769,DLBC,1.492391,3.4654884338378906
1012,909720,UNCLASSIFIED,2.158467,1.4428274631500244
1593,949163,UNCLASSIFIED,1.330327,1.2144114971160889
2096,909709,HNSC,2.045729,2.6222729682922363
1925,905959,OV,6.616034,6.389583110809326
1631,905952,ALL,1.890807,2.175253391265869
1558,753592,LUAD,2.004425,2.224100351333618
1560,910569,COREAD,2.2824,3.9022817611694336
1919,906837,HNSC,0.484024,-0.10117143392562866
1915,908139,STAD,3.545497,3.1812305450439453
1250,910942,UNCLASSIFIED,0.961243,-0.014329135417938232
1036,1659818,MM,4.205503,3.6761221885681152
1012,907000,UNCLASSIFIED,1.643311,0.8041781187057495
1131,1240159,LIHC,6.93836,7.076394081115723
1168,753584,BLCA,3.32077,3.0547938346862793
1620,1240221,UNCLASSIFIED,3.759924,4.285106182098389
1268,910549,ESCA,3.192984,4.105306625366211
1259,1290809,MESO,2.878453,2.6393628120422363
1926,1298539,UNCLASSIFIED,2.739338,2.528012275695801
2109,946361,UNCLASSIFIED,3.490872,3.8018980026245117
1060,1330933,UNCLASSIFIED,-1.482773,-1.1080259084701538
1862,724834,LUAD,-0.79098,-1.4757581949234009
1085,910911,HNSC,2.932719,3.2473273277282715
1549,908148,LAML,3.394316,3.0014634132385254
1799,924107,CESC,-1.281644,-0.2643830180168152
1593,924107,CESC,1.527831,2.1836466789245605
1922,753594,SCLC,1.769602,1.8063277006149292
1559,925340,STAD,-1.986549,-2.5283217430114746
1631,1298538,LUSC,4.636405,3.7012991905212402
1855,907276,STAD,6.409582,5.098835468292236
1058,930082,UNCLASSIFIED,2.19348,1.685800552368164
1034,688087,NB,-2.461565,-2.341637134552002
1853,687829,UNCLASSIFIED,4.173101,4.319118976593018
1625,907277,ALL,3.363403,2.9895973205566406
1507,687561,GBM,3.999542,4.9411940574646
1919,909708,HNSC,0.266178,1.1134569644927979
1239,909732,UNCLASSIFIED,2.350955,1.3017287254333496
1088,907300,LAML,0.461612,0.6031655073165894
1924,906833,MB,4.284131,3.2932844161987305
1553,906820,NB,2.97762,1.3688507080078125
1930,753608,LUAD,1.357065,0.7165518999099731
1635,1240222,OV,5.577707,5.321783542633057
1576,1240183,LUSC,3.88848,3.566983222961426
1177,905948,KIRC,4.213006,4.768843650817871
1941,907311,LCML,-3.564003,-3.772176742553711
1073,906763,ALL,5.106344,3.448208808898926
1239,1298136,PAAD,3.257599,4.123276233673096
1919,906863,HNSC,-0.495608,0.6351777911186218
1529,910850,LIHC,6.327264,1.6555758714675903
1617,906870,LAML,-0.557524,1.1362812519073486
1089,724838,BLCA,3.93742,4.411601543426514
1622,687590,GBM,3.931356,4.354074001312256
1799,946353,ESCA,3.159153,4.232985496520996
1912,910916,HNSC,3.718253,3.105386257171631
1855,907057,LIHC,3.917095,4.403506755828857
1036,1240135,MESO,5.442153,4.54527473449707
2045,1298141,PAAD,5.68439,5.516424655914307
1563,753620,NB,5.029395,5.2658891677856445
1852,909748,COREAD,5.644711,5.301152229309082
1932,910936,HNSC,0.90204,1.2353575229644775
2109,910942,UNCLASSIFIED,1.675547,2.49045467376709
2048,906828,THCA,-3.862965,-3.072002410888672
1046,1298539,UNCLASSIFIED,3.686097,3.4264960289001465
1576,907072,UNCLASSIFIED,2.229168,2.5516233444213867
1918,906765,MM,0.593729,1.2595415115356445
1249,907789,ALL,1.539361,2.096806049346924
1093,907313,GBM,5.599831,4.941476345062256
1626,753576,ESCA,4.370677,4.7060041427612305
1918,910687,ALL,2.066438,2.608180046081543
1786,907069,UNCLASSIFIED,3.269067,3.079019069671631
1511,906790,STAD,-2.761091,-1.7018600702285767
1564,949161,UNCLASSIFIED,3.915575,3.7541465759277344
1007,1331036,DLBC,-6.841681,-7.019989013671875
1927,753575,ESCA,7.193305,6.228137016296387
1614,1240169,GBM,5.914666,5.071096897125244
1036,930298,CESC,3.821692,4.67363977432251
1911,909716,UNCLASSIFIED,-5.496043,-5.433765411376953
1250,946356,ESCA,2.193243,3.4908804893493652
1919,906797,BLCA,2.169254,1.9264158010482788
1511,909743,ALL,-1.869381,-1.868937611579895
1507,909751,COREAD,3.636485,4.796475410461426
1084,687562,GBM,-2.905466,-2.7558774948120117
1594,910688,LAML,3.104476,3.889174461364746
1635,905965,UNCLASSIFIED,3.575971,4.02834939956665
1032,907066,BLCA,3.854296,3.8141660690307617
1237,724873,LUAD,5.147903,5.140246868133545
2110,924107,CESC,3.169819,3.4226279258728027
1799,687457,BLCA,5.635863,5.4457011222839355
1091,906818,SKCM,3.723435,2.7239160537719727
1927,909253,LAML,4.986165,3.887197971343994
1022,1290814,MESO,2.41811,1.0300493240356445
1047,998189,COREAD,1.55833,2.766960620880127
1932,1479988,OV,3.46338,3.7151236534118652
2044,724878,LUAD,3.399173,5.65169095993042
1598,908475,LUAD,4.710657,4.996072292327881
2110,1240181,NB,3.564292,4.376469135284424
1561,906863,HNSC,1.183979,1.1882498264312744
1005,905967,LUAD,4.914132,4.294285297393799
1916,1240199,OV,6.06779,5.14329719543457
1932,924102,THCA,2.513113,3.58314847946167
1614,907044,UNCLASSIFIED,3.491178,3.4130897521972656
1054,906805,LUAD,3.501565,2.897383689880371
1529,905984,LGG,0.230846,-1.6443859338760376
1053,907271,LGG,2.861826,2.6340293884277344
1926,906838,UNCLASSIFIED,1.012845,0.2965945303440094
1614,905946,BRCA,5.803128,5.836234092712402
1006,906846,UNCLASSIFIED,0.511087,-1.5191580057144165
1625,753573,ESCA,3.945756,4.465364456176758
1852,906844,BRCA,2.96482,3.654783248901367
1564,908150,MESO,2.6071,2.7612452507019043
1191,1331037,DLBC,-6.091432,-5.455982685089111
1022,909781,KIRC,2.903196,3.302955150604248
1909,753585,KIRC,2.097259,2.5770411491394043
1068,908151,BRCA,0.758822,0.9410945177078247
1941,1298141,PAAD,-2.764018,-4.127191543579102
1191,1299052,HNSC,-4.078412,-4.223230361938477
1057,1331050,DLBC,-4.068686,-4.516562461853027
1004,925343,UNCLASSIFIED,-0.34942,-1.151315450668335
1057,905951,BRCA,-2.266315,-2.3457694053649902
2045,1290814,MESO,4.62648,5.791472434997559
1873,684072,UNCLASSIFIED,0.424004,0.23029711842536926
1615,1298359,ESCA,5.230113,5.273766994476318
1926,910695,UNCLASSIFIED,-1.640536,-0.4650747776031494
1006,905991,OV,-1.413968,0.35304468870162964
1918,1299059,HNSC,4.204757,4.477812767028809
1614,905989,COREAD,2.63284,2.320404529571533
1511,907067,SKCM,-0.986535,-1.0520511865615845
1032,910936,HNSC,-1.707964,-2.4912056922912598
1034,753608,LUAD,-4.189009,-3.5264196395874023
2040,906818,SKCM,1.310671,0.6346098780632019
1013,905933,OV,4.756794,4.635563850402832
1911,906812,BRCA,-4.510778,-4.242156505584717
1250,753556,LUSC,1.099228,1.5120457410812378
1916,905952,ALL,1.841295,0.8761453032493591
1006,687505,CESC,0.503132,0.5393214225769043
1032,949156,UNCLASSIFIED,1.738487,2.5000243186950684
1060,688006,SCLC,0.778222,1.2795953750610352
1560,910706,UNCLASSIFIED,2.409205,3.096493721008301
1996,1240151,STAD,4.110024,3.1979622840881348
1089,905967,LUAD,3.341687,4.178008556365967
1931,687452,BLCA,5.95337,5.528285980224609
1855,1240169,GBM,5.860554,5.826574802398682
1083,907319,ESCA,3.565721,3.3750810623168945
2048,687812,LUAD,-0.155926,-2.870382785797119
1199,1240187,LUAD,4.675927,4.159153461456299
1053,909740,COREAD,4.518929,4.635298728942871
1936,683665,MM,1.112411,1.0573668479919434
1373,1240215,UNCLASSIFIED,5.57612,5.004393577575684
1004,687983,SCLC,-4.292974,-4.3781232833862305
1862,1480372,OV,-1.528884,-1.6667767763137817
2096,910919,DLBC,1.089402,1.1008766889572144
1926,909773,DLBC,0.408836,-0.18438750505447388
1625,1240136,MESO,5.973405,5.392421722412109
1799,687455,BLCA,4.336029,4.768074035644531
1051,909746,COREAD,1.723372,4.646417617797852
1004,687459,BLCA,-1.360877,-1.8137654066085815
1179,1240128,UNCLASSIFIED,-0.093109,0.9815826416015625
1560,1240172,BRCA,4.650508,5.09677791595459
1058,908457,COREAD,1.011146,0.5337887406349182
1849,1299078,SKCM,-0.748754,0.2531176209449768
1507,907061,HNSC,4.464891,4.980587005615234
1620,687816,LUAD,6.843706,6.07288932800293
1560,1503362,ESCA,0.96049,1.334998607635498
1578,688086,NB,4.939402,4.775871753692627
1919,907273,UNCLASSIFIED,0.522,0.9802296757698059
1578,905935,PRAD,5.304128,5.407750606536865
1625,1331045,DLBC,4.612724,4.335211753845215
1091,753555,ESCA,3.127235,0.8529883623123169
1930,909720,UNCLASSIFIED,1.11617,0.2795376777648926
1613,724879,LUSC,5.294521,4.804623126983643
1007,1290814,MESO,-3.686175,-3.0407257080078125
1558,1331050,DLBC,1.895084,1.9431856870651245
2107,910947,LAML,1.852962,3.352203369140625
1924,910930,DLBC,3.401626,3.0553956031799316
1199,724859,LUAD,5.297516,4.754566669464111
1918,1327773,DLBC,1.096987,1.5644603967666626
1936,910941,NB,1.840317,2.0475239753723145
1085,910554,COREAD,2.079229,3.2377843856811523
1911,907790,COREAD,-6.012059,-5.763437271118164
1557,724866,LUAD,5.46408,4.606464862823486
1915,924240,BRCA,2.418289,2.0432605743408203
1259,908144,LGG,3.568137,3.603865623474121
1373,909773,DLBC,3.704261,3.630394458770752
2109,1298134,CESC,2.249621,2.693415641784668
1799,909745,GBM,5.345367,5.095691204071045
1598,905970,LUAD,3.475834,4.427136421203613
1046,687812,LUAD,1.403202,3.146514415740967
1615,910941,NB,4.585968,5.125870704650879
1012,908121,BRCA,1.129052,0.721183180809021
1631,906839,GBM,5.055778,3.916490077972412
1564,908471,UNCLASSIFIED,1.667213,1.4332008361816406
1593,753563,MM,0.401357,0.46356719732284546
1626,907291,COREAD,2.80595,2.0229568481445312
1529,1303900,BRCA,2.167302,1.1700701713562012
1511,687600,UNCLASSIFIED,0.757245,0.3701693117618561
1250,907000,UNCLASSIFIED,-0.13463,0.8743752241134644
2048,998184,ALL,-5.750528,-6.0253987312316895
1083,1290455,LAML,1.698191,1.5114909410476685
1624,909740,COREAD,3.132192,3.6947169303894043
1237,909751,COREAD,4.872798,4.787541389465332
1852,1240146,LUAD,5.279427,6.04799747467041
2043,1290809,MESO,6.239039,5.069047927856445
1919,1240149,UNCLASSIFIED,1.368809,1.9201329946517944
1372,906855,LCML,-1.547771,-2.1190991401672363
2047,753541,HNSC,2.429156,3.0302252769470215
2048,924186,UNCLASSIFIED,-4.122245,-4.143260478973389
1614,906827,UNCLASSIFIED,1.74026,3.7867679595947266
1047,906861,UNCLASSIFIED,5.61835,5.4393839836120605
1083,905983,GBM,4.710322,4.168613910675049
1578,906824,CESC,4.917688,5.456116676330566
2046,1331037,DLBC,2.389616,1.3799386024475098
1068,688121,UNCLASSIFIED,1.13239,1.832152247428894
1010,910937,SCLC,3.946236,3.318571090698242
2107,753616,NB,3.728412,4.852668285369873
1620,907285,PAAD,5.280598,5.944892883300781
1862,1240174,UCEC,-2.210259,-1.6344918012619019
1852,1298169,KIRC,5.499523,5.514087677001953
1194,1660034,COREAD,1.153149,3.182845115661621
2096,907268,UNCLASSIFIED,3.950229,3.103221893310547
1912,909748,COREAD,4.223834,2.6268105506896973
1199,906844,BRCA,2.002943,1.8586609363555908
1259,1240199,OV,7.672174,5.884100437164307
1005,905957,BRCA,4.200458,3.139402389526367
1617,905990,OV,0.306227,5.460693836212158
1511,925343,UNCLASSIFIED,-0.836807,-1.649572491645813
1932,753612,MM,2.141973,2.753075122833252
1131,905940,LCML,5.52987,4.847982406616211
2045,906861,UNCLASSIFIED,5.551706,4.8401360511779785
2043,930297,CESC,4.519889,4.788990497589111
1372,1240208,PAAD,-2.075857,-1.9055293798446655
1786,905959,OV,4.831966,4.631235122680664
1635,1298219,UNCLASSIFIED,5.99588,5.8509111404418945
1004,905965,UNCLASSIFIED,-6.299991,-6.996308326721191
1011,909784,SKCM,2.694316,3.467118740081787
1096,749715,BRCA,4.455014,3.9539670944213867
1915,905990,OV,3.986322,3.4475345611572266
2096,949153,ALL,1.981067,1.5867754220962524
1511,909719,LIHC,-1.108812,-1.2912088632583618
1053,1240226,SKCM,3.899192,3.770538806915283
1180,1298146,LIHC,-2.102942,-0.8435159921646118
1849,906836,UNCLASSIFIED,-3.903607,-3.3266592025756836
2044,909777,UNCLASSIFIED,1.855009,2.1982226371765137
1553,1240192,SCLC,4.937744,4.667301654815674
1630,908476,LUAD,3.088034,3.618058204650879
1549,1290769,COREAD,7.64047,6.151188850402832
2110,910689,COREAD,6.74634,7.229366779327393
1940,1240123,COREAD,3.294111,2.997746467590332
1854,753573,ESCA,3.134908,4.505580902099609
2106,688026,SCLC,1.600406,1.8497776985168457
1259,946355,ESCA,6.051116,4.316773414611816
1058,1298151,LIHC,2.133293,1.9453563690185547
1093,687562,GBM,4.155645,3.397982120513916
1918,713899,SCLC,4.304073,3.3899102210998535
1854,753532,HNSC,3.890646,4.265682220458984
1941,1298219,UNCLASSIFIED,-1.288496,-3.591756820678711
1012,1303896,UNCLASSIFIED,-0.048037,0.18528026342391968
1853,909753,OV,4.115308,4.431845664978027
1598,1240151,STAD,5.160993,5.178725242614746
2106,688087,NB,3.13792,1.8220624923706055
1926,1298359,ESCA,0.207127,0.43094947934150696
1855,910700,COREAD,6.241325,4.714756488800049
1853,909904,PAAD,3.874421,4.6428351402282715
1511,753589,SCLC,0.868417,1.3380546569824219
2048,687985,SCLC,-4.395508,-4.369393348693848
1168,908447,NB,2.404085,3.7283554077148438
1933,906848,UNCLASSIFIED,3.927349,2.378356456756592
1855,925338,BRCA,4.811686,4.747920513153076
1529,946353,ESCA,2.266982,-0.17850780487060547
1940,1330993,PRAD,4.806328,3.4326515197753906
1191,905973,UNCLASSIFIED,-4.533248,-4.194675445556641
2109,907320,ESCA,4.186971,2.554311752319336
1933,907311,LCML,4.574976,3.703784942626953
1913,910943,GBM,4.825336,5.0562663078308105
1050,749709,BRCA,2.835887,2.7799224853515625
1507,1290797,PAAD,4.53404,4.5301513671875
1007,1290908,LUAD,-4.15192,-4.735997676849365
1003,907000,UNCLASSIFIED,-4.997052,-4.3359503746032715
1091,906869,STAD,1.352886,1.4339499473571777
1939,687985,SCLC,2.326611,2.744250774383545
1799,724878,LUAD,7.168776,6.994698524475098
1629,906800,UNCLASSIFIED,3.21749,3.232776641845703
1036,910948,BRCA,5.344435,5.970278739929199
1936,753561,HNSC,2.692707,2.208007335662842
1931,909740,COREAD,8.163155,7.056830406188965
1046,1240179,CESC,1.949203,2.4358925819396973
1084,1240187,LUAD,-4.219238,-3.2344799041748047
1624,949165,UNCLASSIFIED,2.892357,3.0952062606811523
1598,1290795,UNCLASSIFIED,6.214052,4.555783271789551
1622,687800,LUAD,7.416511,7.384194374084473
1576,906875,NB,1.527788,2.5860652923583984
1051,753612,MM,-2.518519,2.915104389190674
2106,905974,SKCM,1.731649,2.1231954097747803
1624,753608,LUAD,4.712721,4.399989604949951
1054,910544,LCML,1.04444,0.31444573402404785
1563,906839,GBM,6.571112,6.5233941078186035
1561,1298168,KIRC,2.504364,3.1626200675964355
1614,1290455,LAML,2.641975,1.6197315454483032
2043,909754,UNCLASSIFIED,5.932692,6.100234031677246
1622,910689,COREAD,7.314439,7.71525764465332
1375,905989,COREAD,5.611992,5.484535217285156
1915,687561,GBM,2.934145,2.9160542488098145
1912,905979,KIRC,3.960119,3.5953898429870605
2040,910544,LCML,0.580268,0.24986912310123444
1853,906790,STAD,3.012948,4.1157145500183105
1053,910920,KIRC,1.839752,3.14363431930542
1932,909779,UNCLASSIFIED,1.955715,2.9412546157836914
1059,907794,COREAD,-1.334362,-1.069313883781433
2048,687800,LUAD,3.137689,0.7000373601913452
1630,909262,UNCLASSIFIED,3.078376,2.2234420776367188
1621,906872,NB,5.429788,4.840533256530762
1007,687983,SCLC,-4.403053,-4.9639716148376465
1854,1298134,CESC,4.460958,4.36415958404541
1917,908159,UNCLASSIFIED,0.173163,0.2987133264541626
2096,688014,SCLC,5.975601,5.245188236236572
1034,910779,UNCLASSIFIED,-0.96588,-2.1115384101867676
1933,687568,GBM,5.028393,4.40226936340332
2040,1330933,UNCLASSIFIED,-0.474717,-1.0151623487472534
1614,687506,CESC,3.911256,4.561062812805176
1080,910569,COREAD,-4.289964,-3.703033447265625
1073,906869,STAD,4.821212,4.647152423858643
1916,688086,NB,3.170843,3.220763683319092
1036,1240179,CESC,5.078584,4.416349411010742
1941,1295740,ALL,-0.0966,-2.576064109802246
1939,909780,BLCA,1.428261,2.449234962463379
1051,1674021,COREAD,2.008104,2.0984368324279785
1093,907290,UNCLASSIFIED,5.631611,5.900629997253418
1549,753615,MM,3.809303,3.9242210388183594
1939,905967,LUAD,5.656783,3.018588066101074
2096,909774,UNCLASSIFIED,2.909547,2.0859274864196777
1084,909253,LAML,-2.358832,-2.0311403274536133
1563,1330987,UNCLASSIFIED,4.124833,3.957371711730957
1200,908441,,2.292016,2.6634364128112793
1613,1240141,MESO,5.728909,4.601934909820557
1873,1240196,HNSC,1.623591,1.5965166091918945
1626,1240146,LUAD,6.286586,4.077238082885742
1372,749711,BRCA,2.741165,2.1324143409729004
1862,908454,UNCLASSIFIED,-2.380196,-2.3263816833496094
1060,1303897,DLBC,1.867189,2.0377025604248047
1529,906804,UNCLASSIFIED,0.790645,-0.9875288009643555
1249,908459,UNCLASSIFIED,3.729095,3.6392712593078613
2046,908463,LUAD,5.016123,5.777405261993408
1635,1290808,MESO,6.031735,5.564711570739746
1004,946360,OV,-1.325196,-1.2748291492462158
1022,1240154,THCA,0.009469,-0.8651604652404785
1085,687812,LUAD,3.935112,3.3167519569396973
1549,905961,COREAD,5.155819,5.090242385864258
1862,946361,UNCLASSIFIED,-1.416419,-1.430980920791626
1073,949164,UNCLASSIFIED,4.551458,5.392784118652344
1053,906853,UNCLASSIFIED,6.558765,5.886960506439209
1915,753575,ESCA,0.729568,1.4689754247665405
1926,905938,LAML,-0.304103,0.4949374198913574
1080,907323,UNCLASSIFIED,-3.833029,-3.5421690940856934
1852,1298538,LUSC,5.880194,5.539512634277344
1093,1290813,MESO,3.760564,4.065420150756836
1622,949168,UNCLASSIFIED,5.503089,4.721005916595459
1199,1240155,STAD,3.987876,2.862846851348877
1250,1240184,UNCLASSIFIED,1.719415,4.061017990112305
1852,930298,CESC,6.169489,5.091209888458252
1047,949171,NB,1.438737,1.6481317281723022
1073,946358,ALL,0.759572,1.1727845668792725
1617,906862,BRCA,-5.674883,0.43407219648361206
1022,1330985,LAML,-1.534381,-1.9531484842300415
1089,1330985,LAML,2.047824,2.3851773738861084
1924,910922,KIRC,4.748339,3.874551296234131
1013,910952,KIRC,1.937878,3.2772536277770996
1941,909757,COREAD,-0.67683,-1.4011738300323486
1849,907048,BRCA,0.256738,-0.09878748655319214
1561,1240134,MESO,2.113698,2.2737174034118652
2111,1240155,STAD,5.104981,5.05631160736084
1057,910900,LUAD,-1.074258,-1.0010857582092285
1564,1298157,BRCA,5.015643,3.113234519958496
1180,909975,UNCLASSIFIED,-0.49059,-1.6268805265426636
1625,910916,HNSC,5.069669,4.957887649536133
1079,908472,LUAD,3.312106,2.872100830078125
1557,908459,UNCLASSIFIED,5.01869,4.707502365112305
1624,724859,LUAD,5.376603,4.42269229888916
1017,910941,NB,3.074205,1.9235413074493408
1080,910687,ALL,-5.432212,-5.140983581542969
1622,753612,MM,2.390905,3.390408515930176
1997,909716,UNCLASSIFIED,3.834787,3.5266847610473633
1032,687798,LUAD,-0.935354,-0.2912774085998535
2107,687798,LUAD,5.134376,5.531099796295166
1191,909977,UNCLASSIFIED,-3.566044,-3.9550700187683105
1564,1503364,STAD,2.187281,1.0906784534454346
1058,1240179,CESC,2.465334,2.6214466094970703
1249,753532,HNSC,4.333848,3.3722286224365234
1593,1240147,LIHC,3.269035,1.8584649562835693
1013,1240159,LIHC,2.903587,4.595479488372803
1852,1247871,ALL,3.816711,4.243545055389404
1918,909750,LGG,1.545388,2.237058401107788
1930,1299070,OV,0.423109,-0.08982294797897339
1922,908455,STAD,2.707971,2.2264065742492676
1997,924250,STAD,0.722808,1.7285736799240112
1915,907300,LAML,1.843788,2.0070648193359375
1618,908467,UNCLASSIFIED,3.51093,3.483372211456299
1996,905952,ALL,2.551142,1.8772763013839722
1034,906999,UNCLASSIFIED,-4.924938,-2.088162422180176
1032,905990,OV,2.76842,4.814866065979004
1578,749711,BRCA,4.452589,4.773451805114746
1615,906812,BRCA,5.387876,5.023263931274414
2109,1298151,LIHC,3.884183,2.407723903656006
1621,910569,COREAD,3.763456,4.3979363441467285
1631,688018,SCLC,2.308838,4.925973892211914
1854,905955,SKCM,4.488958,4.204738140106201
1849,930298,CESC,-1.171499,0.10111451148986816
1053,907299,UNCLASSIFIED,0.890741,0.20178773999214172
1006,910915,PAAD,5.32454,5.114884853363037
2111,1240174,UCEC,2.943949,5.020532608032227
1927,1303900,BRCA,5.351501,4.4280476570129395
1786,905964,MM,2.043947,1.5174928903579712
1079,688058,MESO,0.639259,1.787192940711975
1939,909754,UNCLASSIFIED,1.923655,4.618913650512695
1034,949174,NB,-2.104366,-3.080061435699463
1237,909749,BLCA,5.419018,5.466418266296387
1626,1327774,UNCLASSIFIED,2.502189,2.447380542755127
1854,1299050,HNSC,3.62524,4.563969612121582
1060,1298531,HNSC,-0.857846,-0.476810097694397
1625,753585,KIRC,4.563856,5.495245933532715
1259,1240209,STAD,3.56136,4.605574131011963
1924,907058,SKCM,4.796601,4.459421157836914
1852,753615,MM,4.251702,4.850087642669678
1559,1331033,DLBC,-3.91398,-4.142877578735352
1873,909260,ALL,0.662282,0.8294404745101929
1034,1247871,ALL,-3.676418,-3.949963092803955
1180,1240127,UCEC,-3.308412,-2.6269044876098633
2045,687514,CESC,5.732518,4.75919771194458
1614,688058,MESO,6.134133,4.622227668762207
2044,906795,THCA,3.323126,2.5316600799560547
1375,1331038,DLBC,3.185067,4.085823059082031
1004,1659928,COREAD,-6.072786,-6.146032810211182
1928,753594,SCLC,3.343308,3.3433213233947754
1079,753575,ESCA,-0.921525,0.4392096996307373
1373,1327774,UNCLASSIFIED,3.729201,3.1946821212768555
1046,949158,UNCLASSIFIED,-1.257269,0.10319271683692932
2106,1240222,OV,-0.273799,-0.358456552028656
1558,1298226,LUSC,2.581982,2.5497870445251465
1073,1298533,PAAD,5.292896,4.459439754486084
1996,905980,KIRC,5.702012,6.242366790771484
1259,1298222,ESCA,5.311656,4.157853126525879
1930,924187,UCEC,1.882688,1.5977431535720825
1177,909761,COREAD,5.638636,5.323456764221191
1239,687457,BLCA,3.601277,3.3673458099365234
1930,753562,HNSC,-0.640386,-0.41530948877334595
1635,687787,LUSC,5.157425,5.039523601531982
1529,1240212,CESC,-1.263395,1.1058011054992676
1618,1240155,STAD,3.013932,3.4455666542053223
1558,907055,STAD,1.554754,3.2541613578796387
1593,1290455,LAML,-0.351623,0.07902956008911133
1912,1330942,LAML,3.791288,3.9780545234680176
1089,1240162,HNSC,5.662737,4.792024612426758
2048,924187,UCEC,0.712408,1.0124478340148926
2096,906792,SKCM,2.544676,1.5808634757995605
1997,906797,BLCA,3.299804,3.2613344192504883
1615,1290769,COREAD,5.280243,6.299227714538574
1083,683667,MB,1.103857,3.1029915809631348
1179,906693,PAAD,0.594115,1.3645217418670654
1054,1298357,STAD,5.816947,4.59075403213501
1917,1298350,LUAD,4.209766,2.7399096488952637
1073,1240142,LUSC,3.189174,2.801379680633545
1563,735784,ESCA,5.93868,5.953639030456543
1925,924238,THCA,3.780402,4.635322093963623
1068,906824,CESC,1.724547,1.7550456523895264
1051,1240143,LUSC,-0.856847,2.5167412757873535
1022,753538,HNSC,-0.361401,0.30879509449005127
1915,909703,ALL,2.22036,2.2233633995056152
1373,905947,KIRC,4.842018,3.7761383056640625
1613,907061,HNSC,4.28496,3.042797565460205
1036,946356,ESCA,5.063199,6.362716197967529
1553,1240212,CESC,5.244159,4.162168979644775
1560,1240127,UCEC,3.048444,3.423126220703125
1862,753532,HNSC,-2.562276,-1.8092292547225952
1631,910922,KIRC,3.62932,3.046609401702881
1941,909725,SKCM,-2.916299,-3.382894515991211
1620,908129,UCEC,5.75708,5.457767486572266
1940,749711,BRCA,3.288346,2.966122627258301
2110,687802,LUAD,6.434002,5.991064071655273
1594,753616,NB,4.47719,5.000232696533203
1549,688021,SCLC,4.252262,6.331932544708252
1190,906833,MB,-3.319749,-4.110752105712891
1635,749711,BRCA,5.315986,4.470953941345215
1046,908156,UNCLASSIFIED,-0.004533,-0.3583409786224365
1372,724838,BLCA,2.227388,0.7496678233146667
1003,1240192,SCLC,-0.828403,-0.8768002986907959
1919,908126,LCML,1.060509,1.6220945119857788
1627,949161,UNCLASSIFIED,3.072229,2.767871379852295
1911,1298219,UNCLASSIFIED,-2.299334,-2.595573902130127
1915,917486,COREAD,2.51588,2.174985408782959
1614,1659928,COREAD,3.681967,2.7938737869262695
1855,949160,UNCLASSIFIED,2.752086,3.649606704711914
1060,910941,NB,1.32574,1.1439094543457031
1093,949166,UNCLASSIFIED,5.039716,5.450034141540527
1006,909977,UNCLASSIFIED,4.637327,3.388976573944092
1909,998189,COREAD,1.259894,2.7446823120117188
1053,687787,LUSC,4.51165,3.996407985687256
1046,1240157,LIHC,2.396794,2.716052532196045
1091,1330973,SCLC,2.133732,1.8877873420715332
1862,949167,UNCLASSIFIED,-1.814557,-1.7820628881454468
1912,908148,LAML,-1.016008,0.4607182741165161
1593,1298151,LIHC,0.241705,3.111501693725586
1853,949164,UNCLASSIFIED,3.84834,3.6002535820007324
1007,1240158,LIHC,-3.386283,-3.608280658721924
1564,753548,LAML,2.570071,1.6177128553390503
1005,908141,LAML,0.181578,-0.0292813777923584
1060,910915,PAAD,-1.841831,0.40081697702407837
1852,905989,COREAD,2.746217,4.92891263961792
1032,909769,UNCLASSIFIED,1.810997,1.6946661472320557
1931,1290813,MESO,5.151849,4.790596961975098
1013,688014,SCLC,4.914232,4.916371822357178
1058,1298526,PAAD,1.266237,1.660058617591858
1925,1240189,SCLC,4.559643,3.815619468688965
1908,909731,UNCLASSIFIED,3.945416,3.1338000297546387
1855,905960,BRCA,3.956818,4.215616226196289
2046,753538,HNSC,3.498407,3.908358097076416
1873,910780,NB,0.426408,0.5052789449691772
1190,687819,LUAD,3.168234,3.950554847717285
1512,909907,BRCA,6.124966,6.547658443450928
2107,905936,COREAD,4.637564,4.28874397277832
1068,1240160,LIHC,3.779994,1.8422836065292358
1259,688025,SCLC,1.607014,0.7906984090805054
1177,905970,LUAD,5.727071,5.625113487243652
1004,908147,ALL,-6.278404,-6.57273006439209
1560,907287,COREAD,2.117469,2.1172053813934326
1259,910935,DLBC,-0.260653,-1.4224259853363037
1930,905964,MM,0.187133,0.026411831378936768
2106,1297446,ALL,2.500715,2.5237979888916016
1598,1240141,MESO,5.439623,4.970698356628418
1626,1330947,LAML,-1.472931,-0.9812537431716919
1057,908159,UNCLASSIFIED,-3.04383,-4.377806663513184
1190,910687,ALL,-5.908896,-4.141180992126465
1036,687798,LUAD,6.165209,5.066457271575928
1919,1290808,MESO,3.191488,3.1165452003479004
1047,909976,UNCLASSIFIED,2.284394,2.413130760192871
1057,949090,OV,-0.953079,-1.595136046409607
1561,1290809,MESO,1.811986,1.9137892723083496
2048,749714,BRCA,-1.381379,1.020119071006775
1057,724872,SCLC,-2.225467,-1.751898169517517
1635,688001,SCLC,4.886091,4.557811260223389
1563,907276,STAD,7.107506,6.213994979858398
1053,1331048,DLBC,1.866317,2.1667158603668213
2045,905952,ALL,3.108771,3.3892617225646973
1618,907043,UNCLASSIFIED,3.369132,3.286686897277832
1924,907057,LIHC,4.316042,4.4933600425720215
2096,908470,MESO,5.491192,3.1433629989624023
1932,687819,LUAD,3.507565,3.745120048522949
1940,906800,UNCLASSIFIED,2.584377,3.089780807495117
1997,687780,UNCLASSIFIED,2.107993,2.213812828063965
1854,907787,ALL,4.606632,3.734468460083008
1179,909750,LGG,0.103264,0.5607821941375732
1512,905974,SKCM,2.977459,4.37277364730835
2043,907276,STAD,5.799674,5.438148498535156
1622,753541,HNSC,4.708029,4.407392501831055
1927,713880,SCLC,4.483433,3.8494153022766113
1635,946382,BRCA,4.307391,4.409459590911865
1372,1303896,UNCLASSIFIED,0.75028,1.492625117301941
1916,907270,CLL,1.236091,0.2834768295288086
1017,930297,CESC,4.174321,5.066567897796631
1919,1659818,MM,0.811119,1.7191966772079468
1631,910694,GBM,5.731333,4.663308143615723
1007,753541,HNSC,-6.060866,-6.096859931945801
1375,1503367,ESCA,6.149307,5.695584774017334
1598,1299062,SCLC,5.270462,4.761878967285156
1089,907276,STAD,4.404094,4.5807671546936035
1941,908127,UNCLASSIFIED,-5.072788,-5.050587177276611
1250,1298539,UNCLASSIFIED,3.839812,2.5351486206054688
1549,905948,KIRC,5.28877,3.6741018295288086
1852,724866,LUAD,6.676656,5.824141502380371
1855,907279,LGG,7.493706,6.072667598724365
1058,924238,THCA,0.289685,0.7543354034423828
1249,906856,UNCLASSIFIED,1.502125,1.1900620460510254
1936,909776,UNCLASSIFIED,3.626612,2.7753396034240723
1512,909781,KIRC,7.431795,7.269189357757568
1912,1660034,COREAD,2.252575,1.5936514139175415
1936,906861,UNCLASSIFIED,2.326068,3.1279969215393066
1010,1330950,MM,3.094745,2.6875557899475098
1191,687588,GBM,-5.250825,-5.394084453582764
1626,1330995,DLBC,1.147938,1.5890095233917236
2109,906869,STAD,1.552032,1.6118278503417969
1799,906842,DLBC,0.483307,2.144587993621826
1561,910926,BLCA,0.872669,2.307995319366455
1631,687457,BLCA,3.754029,4.002192497253418
1237,906808,SCLC,5.03497,5.120034217834473
1022,1298348,LUAD,0.060076,0.9893513321876526
1068,907058,SKCM,2.525037,0.6083993315696716
1617,910569,COREAD,4.614237,2.4944186210632324
1259,724839,CESC,2.772051,3.9209470748901367
1786,906861,UNCLASSIFIED,3.892103,2.7150344848632812
1561,907071,LIHC,3.677859,3.397050380706787
1786,910951,LCML,2.527741,1.114581823348999
1053,1240140,UNCLASSIFIED,3.634366,3.6917710304260254
1012,910849,UNCLASSIFIED,0.765226,1.8204995393753052
1249,1299075,PRAD,3.25376,2.8996596336364746
1512,1298357,STAD,6.037177,6.184558868408203
1940,1330942,LAML,3.568826,3.659694194793701
1614,908123,BRCA,4.475125,3.0457100868225098
1375,910900,LUAD,5.658989,5.470220565795898
1931,910705,UNCLASSIFIED,2.221361,3.1578049659729004
1259,1299070,OV,0.289179,2.123383045196533
1927,909743,ALL,3.98079,3.87506103515625
1910,909260,ALL,-0.544297,1.1917619705200195
1932,905990,OV,4.676828,4.836429595947266
1561,907271,LGG,2.425833,2.572070598602295
1060,910952,KIRC,0.216178,-0.18321597576141357
2047,1298365,OV,3.647127,3.732102870941162
2107,1674021,COREAD,5.903746,5.109274387359619
1927,1290797,PAAD,5.21039,4.0514750480651855
1084,924238,THCA,-1.839115,-3.6368408203125
1512,906797,BLCA,5.532657,5.150506973266602
1910,907068,CESC,2.711626,2.535954475402832
1564,1290908,LUAD,2.731131,1.8257330656051636
1168,909728,LUSC,1.326556,1.2167154550552368
1373,1503367,ESCA,3.172744,4.574315071105957
1849,910933,GBM,0.502462,-0.22703182697296143
1634,1660034,COREAD,5.071325,3.886180877685547
1011,905944,LUAD,4.141739,3.7212471961975098
1563,1660034,COREAD,5.905139,5.2395501136779785
1916,1240210,UNCLASSIFIED,-0.710295,-1.2459965944290161
1249,909255,UNCLASSIFIED,2.420672,2.9483251571655273
1912,910936,HNSC,-0.490811,0.521007239818573
1624,1240173,COREAD,5.073289,4.396049976348877
1625,907173,MESO,4.26001,4.716178894042969
2048,905937,COREAD,-3.276101,-4.247311592102051
1177,907272,ALL,3.904922,3.283782958984375
1634,908138,UNCLASSIFIED,4.552892,5.005594730377197
1578,909744,ACC,4.776502,4.482975482940674
1049,906865,SKCM,3.462802,3.1545305252075195
1177,906795,THCA,5.926636,5.062546730041504
1622,907000,UNCLASSIFIED,4.130675,3.865884304046631
1032,907056,UNCLASSIFIED,2.521315,3.3043665885925293
1054,905935,PRAD,5.330999,5.071859836578369
1005,909729,GBM,5.376197,3.9905471801757812
2096,1299064,ESCA,2.030917,1.6411076784133911
1561,906838,UNCLASSIFIED,2.663013,2.92598295211792
1553,909975,UNCLASSIFIED,3.481366,5.192108631134033
1529,910689,COREAD,4.76648,7.177542686462402
1799,753555,ESCA,0.18168,1.2266616821289062
1618,1297449,DLBC,3.07058,3.2514615058898926
1915,909780,BLCA,2.70241,3.198875904083252
1199,908473,LUAD,3.702313,4.698280334472656
1627,908121,BRCA,2.52958,2.5372519493103027
1853,753620,NB,3.677595,4.0910491943359375
1249,906828,THCA,3.49222,3.777163028717041
1011,910705,UNCLASSIFIED,-2.805033,0.21638217568397522
1621,909252,ALL,2.462292,2.152254104614258
1928,909255,UNCLASSIFIED,3.603293,2.407411575317383
1931,1240193,SCLC,4.224082,3.501133441925049
2110,684059,UNCLASSIFIED,3.530686,4.0192036628723145
1131,906843,CESC,2.799646,6.127598762512207
1627,908151,BRCA,2.181791,1.9475021362304688
1005,909716,UNCLASSIFIED,3.260395,2.3892056941986084
1910,910915,PAAD,1.565612,3.9779586791992188
1005,907067,SKCM,3.362292,3.0154781341552734
1799,909251,ALL,3.429939,3.954324722290039
1930,1331037,DLBC,-1.895474,-0.24297171831130981
1510,1247871,ALL,4.297209,3.116492748260498
1631,1240147,LIHC,2.599194,2.044857978820801
1179,687800,LUAD,1.694838,1.8728078603744507
1179,924107,CESC,-0.38853,-0.9137699604034424
1079,688013,SCLC,1.877376,2.7392592430114746
1049,907170,NB,2.756105,2.8111300468444824
1249,753592,LUAD,2.512562,3.2334632873535156
1011,1240187,LUAD,4.583922,2.975790023803711
1190,908451,LAML,-4.324703,-3.0360989570617676
2045,1240189,SCLC,3.768175,4.199403285980225
1047,910933,GBM,3.567771,3.5873193740844727
1047,1298348,LUAD,7.184356,7.316374778747559
1996,687819,LUAD,5.494959,4.065079689025879
1051,1331049,UNCLASSIFIED,-3.340931,0.22058320045471191
1004,907792,COREAD,-1.406865,-0.7390859127044678
1626,687815,LUSC,3.599265,3.090416431427002
1910,908457,COREAD,1.638906,1.9084892272949219
1634,909264,UNCLASSIFIED,5.697803,4.214722156524658
1558,753584,BLCA,4.168839,3.909600257873535
1053,687819,LUAD,2.597824,2.9630355834960938
1529,1240132,MESO,3.329947,6.578824996948242
1373,753612,MM,2.983824,4.730634689331055
1191,1298475,PAAD,-4.622868,-4.215633392333984
1873,724855,UNCLASSIFIED,2.462182,2.3024401664733887
1915,909262,UNCLASSIFIED,2.590183,2.2760636806488037
1084,907062,HNSC,-1.75747,-1.5553938150405884
1079,688014,SCLC,4.297409,3.780547618865967
1849,1331048,DLBC,-1.763257,-2.628474235534668
1510,749713,BRCA,1.401273,4.837827682495117
1911,906861,UNCLASSIFIED,-5.540269,-4.8821797370910645
1939,687600,UNCLASSIFIED,2.44692,2.850578784942627
2045,713869,LUAD,5.707333,6.098647117614746
1933,1298218,PAAD,5.792292,5.72627067565918
1006,687563,GBM,0.881989,-0.7800147533416748
1052,905946,BRCA,3.19733,3.964449405670166
1614,1503367,ESCA,3.426272,5.546482086181641
1091,1331036,DLBC,0.457954,0.8845073580741882
1553,1240209,STAD,2.700509,2.215200901031494
1190,905980,KIRC,4.309419,1.6617166996002197
1615,753575,ESCA,6.805216,6.493374824523926
1563,1331032,DLBC,4.119641,4.309392929077148
1918,1240226,SKCM,4.151879,4.3210768699646
1005,907056,UNCLASSIFIED,5.303803,5.637040138244629
1558,909255,UNCLASSIFIED,1.911388,2.0576319694519043
1917,1330931,LCML,0.048093,0.688860297203064
1924,1240199,OV,5.406857,5.768284320831299
1631,924102,THCA,3.571334,3.7609410285949707
1051,1240184,UNCLASSIFIED,3.198364,3.1203970909118652
1940,1503371,ESCA,3.582849,3.607734203338623
1511,1524416,KIRC,-0.737714,-1.379071831703186
1073,906851,BRCA,4.38984,5.6494269371032715
2044,724859,LUAD,3.029134,3.0097298622131348
1559,910569,COREAD,-2.815898,-1.6472290754318237
1080,1524416,KIRC,-2.913006,-3.675826072692871
1017,909779,UNCLASSIFIED,5.241307,4.516325950622559
1372,907783,LCML,-4.366107,-3.850353240966797
1614,688010,SCLC,5.212561,4.0649237632751465
1622,905957,BRCA,3.826508,4.369812965393066
1053,1503363,ESCA,0.914912,1.0801457166671753
1941,1240218,PAAD,-5.258678,-3.7201457023620605
1084,909257,OV,-2.792764,-3.058864116668701
1507,906824,CESC,5.223315,5.078227996826172
1911,905968,OV,-6.112571,-6.214234352111816
1093,906872,NB,4.742184,5.636902332305908
1925,906868,LGG,4.523321,4.586141586303711
1084,1330987,UNCLASSIFIED,-3.700931,-4.194645881652832
1614,688021,SCLC,6.891165,5.554461479187012
1507,910906,UNCLASSIFIED,3.352905,3.653416633605957
2043,910704,BRCA,5.242059,4.63727331161499
2107,909785,UNCLASSIFIED,4.042124,3.808753490447998
2106,753624,PAAD,5.612885,5.306379795074463
1563,905939,COREAD,7.746404,6.684947967529297
1561,688023,SCLC,1.49012,0.5192356109619141
1908,722046,LUAD,0.721852,0.5954576730728149
1631,1290724,HNSC,2.889118,3.183861255645752
1558,906820,NB,3.842353,3.0193328857421875
1010,1524416,KIRC,3.585674,3.272125244140625
1911,946368,GBM,-5.054818,-4.589208602905273
1617,753554,LUSC,3.825071,1.4707790613174438
1926,1298537,LUAD,0.504056,0.9096865653991699
1928,908145,LGG,3.738845,4.159700870513916
1997,717431,NB,1.717375,3.0973634719848633
1005,908465,LUAD,4.794135,5.206954479217529
1512,924187,UCEC,6.490901,5.835352420806885
1032,1240131,MESO,3.949517,5.306797981262207
1917,753584,BLCA,4.168076,3.1441025733947754
1249,910779,UNCLASSIFIED,4.558897,5.095314979553223
1510,1290810,MESO,4.084198,3.5676894187927246
2047,908454,UNCLASSIFIED,2.788648,3.521434783935547
2096,687985,SCLC,2.346716,3.2174715995788574
1239,1240153,SKCM,1.407466,3.401808738708496
1022,910936,HNSC,-0.023937,0.15676754713058472
1630,749717,BRCA,5.487074,4.409358024597168
1912,1298151,LIHC,3.432997,3.1523423194885254
1017,906871,LGG,3.903034,3.8192853927612305
1941,910781,UCEC,-5.085597,-3.4126052856445312
1084,1674021,COREAD,-1.786201,-2.846707820892334
1249,909977,UNCLASSIFIED,5.415932,4.3701653480529785
1512,1331045,DLBC,4.318162,4.56354284286499
1939,910920,KIRC,5.384576,3.197762966156006
1912,909703,ALL,1.54823,2.0161399841308594
1927,908126,LCML,4.816501,3.800137519836426
2106,713869,LUAD,5.692061,5.005178928375244
1617,909697,STAD,1.466412,2.495814323425293
1936,1330973,SCLC,4.192745,4.050264358520508
1855,684072,UNCLASSIFIED,2.877607,3.3398170471191406
1873,713880,SCLC,0.046519,0.5849946141242981
1259,925340,STAD,3.692914,3.0437378883361816
1558,908443,LUSC,4.677942,3.0310850143432617
1862,908473,LUAD,-0.58452,-1.661413311958313
1093,908483,SCLC,4.317664,2.888904571533203
1629,908463,LUAD,6.177145,5.691309928894043
1917,753539,UNCLASSIFIED,0.182131,0.8527703285217285
2107,909703,ALL,4.513966,4.160277843475342
1915,687455,BLCA,2.537889,2.37739896774292
1012,906830,SKCM,3.622254,2.5367770195007324
1928,924244,LUAD,4.393547,4.727313995361328
1017,1240122,HNSC,4.989857,5.067627429962158
1996,908142,UNCLASSIFIED,2.95508,2.71042537689209
1372,1503361,ESCA,1.492002,1.7072163820266724
1093,907275,LAML,4.277777,3.401179790496826
1013,687455,BLCA,2.892243,3.1490097045898438
1053,905957,BRCA,1.148751,0.9279961585998535
2110,905967,LUAD,4.844963,4.129343509674072
1553,753612,MM,3.312528,2.0226478576660156
1560,925347,PAAD,4.091471,5.216371536254883
1930,905933,OV,0.407413,1.2232815027236938
1621,905938,LAML,4.286483,4.903974533081055
1908,925348,PAAD,3.047101,2.522554874420166
1593,687505,CESC,2.828562,3.3294849395751953
1862,908144,LGG,-2.372355,-1.7850629091262817
1910,1240141,MESO,5.004114,4.1825642585754395
1918,1303896,UNCLASSIFIED,0.219663,0.9418188333511353
1259,905973,UNCLASSIFIED,3.90856,3.955246925354004
1939,1290814,MESO,3.730778,3.593278408050537
1084,1290812,MESO,-0.621684,-1.313433289527893
1912,909720,UNCLASSIFIED,4.228546,3.607753276824951
1916,946382,BRCA,-0.04774,0.03311026096343994
1873,905979,KIRC,1.602308,1.9112048149108887
1922,905983,GBM,2.380406,2.2186532020568848
1909,949163,UNCLASSIFIED,1.581602,1.2486023902893066
1022,909263,COREAD,-0.522975,1.407146692276001
2109,1503361,ESCA,1.686054,2.4888205528259277
2040,753608,LUAD,1.017675,1.1184430122375488
2111,909719,LIHC,4.009135,4.585483551025391
1916,1299081,SKCM,3.117267,2.2557454109191895
1512,753608,LUAD,6.765654,5.961897373199463
1191,1240215,UNCLASSIFIED,-4.722199,-5.409493446350098
1559,909719,LIHC,-1.645452,-2.699227809906006
1091,906827,UNCLASSIFIED,2.385575,1.3160039186477661
1618,907072,UNCLASSIFIED,2.29607,3.777439594268799
1930,687505,CESC,-0.821289,-0.47542083263397217
1003,910784,UNCLASSIFIED,-1.720835,-2.434537887573242
1239,687819,LUAD,5.36674,5.3014068603515625
1941,1298529,HNSC,-3.52154,-3.759688377380371
1624,1330983,LAML,2.585884,1.7993148565292358
1259,949161,UNCLASSIFIED,-3.918793,-3.892505645751953
1200,1290812,MESO,4.935763,5.019543647766113
1924,909248,MB,3.975216,3.7505955696105957
1558,909737,LIHC,4.027927,3.3661904335021973
1046,1331049,UNCLASSIFIED,0.372306,0.2517070770263672
1057,683665,MM,-1.357325,-1.7470308542251587
1259,753575,ESCA,5.862305,5.471865177154541
1622,724859,LUAD,5.75669,4.3853607177734375
1563,753586,UNCLASSIFIED,5.893439,5.92893648147583
2044,907273,UNCLASSIFIED,2.428773,2.3543167114257812
1852,908126,LCML,3.541352,4.224186420440674
1578,908136,UNCLASSIFIED,4.199429,3.340928554534912
1925,753612,MM,5.098364,4.585736274719238
1911,1503364,STAD,-5.849646,-4.747008800506592
1191,907787,ALL,-5.600002,-5.7253336906433105
1634,1524416,KIRC,4.444858,4.918294906616211
1131,925348,PAAD,3.324556,4.435070991516113
1940,909759,UNCLASSIFIED,4.769303,2.8141446113586426
1909,925346,PAAD,3.014421,2.9531126022338867
1997,724828,NB,5.361315,4.399446964263916
2046,713869,LUAD,3.371807,4.955051898956299
1200,753612,MM,2.329291,3.0559492111206055
1916,1290813,MESO,2.802268,3.0789647102355957
1049,905941,LUSC,4.105109,6.148681640625
1557,909779,UNCLASSIFIED,5.703809,4.914450645446777
1919,1298538,LUSC,-0.150023,-0.19987177848815918
1259,949167,UNCLASSIFIED,-3.279943,-2.8880815505981445
1625,908146,ALL,3.192197,3.152801036834717
1093,907062,HNSC,4.324319,4.234529972076416
1561,1290905,BRCA,6.995479,6.9246344566345215
1237,688006,SCLC,5.201141,4.773289203643799
1372,1298350,LUAD,0.635987,0.978117048740387
1933,907042,LGG,4.99566,4.632596015930176
1630,906833,MB,2.530372,2.700439929962158
1873,687590,GBM,1.019326,1.4704382419586182
1083,753573,ESCA,3.787647,3.4435653686523438
1618,907320,ESCA,4.118994,3.634035587310791
1199,907172,SKCM,4.857483,4.015603065490723
1010,753621,ESCA,1.471203,1.3085222244262695
1049,907783,LCML,2.137736,2.712658405303955
1635,925338,BRCA,5.307832,4.87025785446167
1047,688013,SCLC,4.767949,4.346567153930664
1922,753621,ESCA,1.167473,1.7924854755401611
1249,909721,LUAD,6.232854,5.51363468170166
1799,907062,HNSC,3.985102,3.681614875793457
1786,1240142,LUSC,1.241409,2.2704310417175293
1634,687780,UNCLASSIFIED,5.278985,5.055517673492432
1593,1240131,MESO,4.944371,4.7675957679748535
1926,1331033,DLBC,-0.622575,-1.3126271963119507
1919,713880,SCLC,0.945111,0.9195080995559692
1558,1240215,UNCLASSIFIED,4.181628,3.4028096199035645
2044,946353,ESCA,2.444904,3.172144889831543
1909,1298539,UNCLASSIFIED,3.255298,4.176464557647705
1931,908127,UNCLASSIFIED,5.388569,5.194351673126221
1916,1322212,SCLC,1.197265,1.4207592010498047
1927,687807,LUAD,5.716265,6.589603900909424
1373,905977,SKCM,-0.035138,1.4167475700378418
1936,687563,GBM,1.88083,2.0390119552612305
1940,1503365,ESCA,5.900705,5.561748027801514
1939,1240146,LUAD,3.477456,3.0155811309814453
1034,724863,UNCLASSIFIED,-3.102145,-2.7894721031188965
1080,1298537,LUAD,-0.312367,-2.546041965484619
1576,908475,LUAD,3.082492,3.0224733352661133
1068,905960,BRCA,1.500671,1.3013057708740234
1578,724872,SCLC,4.851201,3.9741787910461426
1622,905946,BRCA,3.686547,4.476475238800049
1177,1503364,STAD,4.811693,4.471850395202637
1093,905945,BRCA,2.326731,3.8792052268981934
1598,905940,LCML,2.595315,2.5520224571228027
1917,687821,LUAD,3.545363,4.333165645599365
1853,1299050,HNSC,4.393906,4.361487865447998
1618,907042,LGG,2.374644,2.6699938774108887
1084,906839,GBM,-2.396888,-3.3429393768310547
1909,1660034,COREAD,2.069628,2.04124116897583
1617,906821,PAAD,1.420633,3.2087135314941406
1853,907796,UNCLASSIFIED,3.635951,4.098184585571289
1079,907317,ESCA,1.447155,-0.1696101427078247
1910,1298157,BRCA,2.568825,2.932086944580078
1910,908454,UNCLASSIFIED,-0.376665,0.5660843253135681
1620,1480371,OV,5.92399,5.398283004760742
1058,749714,BRCA,1.422593,1.9042588472366333
1620,1331033,DLBC,3.052183,3.7062535285949707
1786,687505,CESC,3.162985,1.7196561098098755
1561,906834,MB,1.920515,2.0009407997131348
1511,1330993,PRAD,-1.810417,-1.8369683027267456
1060,907065,BLCA,2.415268,1.6076892614364624
1924,909716,UNCLASSIFIED,1.051599,1.6550235748291016
1849,907788,PRAD,-2.213365,-1.7555989027023315
1852,949168,UNCLASSIFIED,6.077932,5.126430511474609
1237,905938,LAML,4.601222,4.309778213500977
1060,1298350,LUAD,1.309733,1.2504864931106567
2107,909719,LIHC,4.470937,4.603338718414307
1928,924110,UNCLASSIFIED,5.038426,4.427635192871094
1080,906824,CESC,-3.162286,-3.7296242713928223
1003,910548,OV,-2.945254,-1.6043897867202759
1909,907067,SKCM,2.423996,2.531951427459717
1853,910944,ALL,2.702683,4.084885597229004
1618,949167,UNCLASSIFIED,3.299551,2.9242005348205566
1559,906805,LUAD,-2.241583,-0.6549516916275024
1168,687448,SKCM,3.75616,4.440696716308594
1936,909248,MB,3.142003,2.899397373199463
1047,905949,LUAD,1.915025,2.1557064056396484
1564,1295741,MM,1.555661,1.6379284858703613
1268,724825,MM,3.906691,4.160813808441162
1373,1240160,LIHC,4.738526,5.930525302886963
1924,1290724,HNSC,2.751215,2.3235998153686523
1191,906861,UNCLASSIFIED,-4.898685,-5.014227867126465
1578,910932,SKCM,5.595028,5.138087272644043
1088,906873,GBM,1.058851,2.011965274810791
1084,1299050,HNSC,-2.492552,-3.003880500793457
1375,1290809,MESO,6.111045,7.018134117126465
1928,905971,COREAD,3.458354,4.099294185638428
1564,906808,SCLC,4.809355,4.387448787689209
1624,910952,KIRC,1.341796,1.871799111366272
1512,924250,STAD,6.161083,5.5814127922058105
1855,909748,COREAD,6.382831,5.218074798583984
1010,910907,PAAD,4.269643,4.35953426361084
1852,724863,UNCLASSIFIED,5.990279,5.570158004760742
1621,909745,GBM,5.071293,5.625213623046875
1940,724825,MM,4.001027,3.1707706451416016
1373,753561,HNSC,4.348953,3.7991886138916016
1578,1240128,UNCLASSIFIED,4.610061,4.43934440612793
1012,908131,UNCLASSIFIED,2.364166,1.874782681465149
1259,1247871,ALL,-3.669128,-0.41114187240600586
1249,1240137,MESO,4.444576,4.195758819580078
1625,1303896,UNCLASSIFIED,1.770651,2.6041054725646973
1200,905980,KIRC,4.051505,4.844943523406982
1191,749713,BRCA,-4.812146,-4.806687355041504
1083,908149,UNCLASSIFIED,2.156944,3.113041877746582
1083,687562,GBM,2.85454,1.8058183193206787
1510,905964,MM,2.57387,1.630202293395996
1553,924104,THCA,4.681187,3.553591251373291
1054,905933,OV,6.020365,5.945684432983398
1996,909977,UNCLASSIFIED,4.758931,5.588807106018066
1598,906872,NB,5.30718,4.8695220947265625
1862,909754,UNCLASSIFIED,-1.467488,-1.0455214977264404
1553,910903,SKCM,2.115835,1.9793250560760498
1080,907170,NB,-6.074243,-5.808016777038574
2096,908474,UNCLASSIFIED,2.888081,2.899907112121582
1239,753608,LUAD,1.790111,3.062161445617676
1034,909743,ALL,-3.207924,-2.50742769241333
1613,925341,UNCLASSIFIED,3.321719,3.8173394203186035
1038,1290922,BRCA,3.201106,2.934206008911133
1631,907000,UNCLASSIFIED,2.039934,2.473139762878418
2110,908121,BRCA,3.619789,4.025843143463135
1560,749712,BRCA,3.411042,2.505862236022949
1624,906847,UNCLASSIFIED,1.157085,1.295605182647705
1626,908447,NB,3.689801,4.513100624084473
1191,905969,OV,-3.764232,-4.312008857727051
1911,908145,LGG,-4.957704,-6.304879665374756
1911,906834,MB,-6.942002,-6.64048433303833
1786,905969,OV,4.565816,5.542057991027832
1511,925348,PAAD,1.679437,0.2437155544757843
1918,910948,BRCA,4.476672,2.9210262298583984
1854,908447,NB,5.405337,5.586331844329834
1564,907271,LGG,1.253983,2.4101953506469727
2111,949157,UNCLASSIFIED,4.358096,4.923776149749756
1005,949094,GBM,2.126732,2.5228257179260254
1007,1290722,THCA,-4.305977,-4.662780284881592
1849,906863,HNSC,-1.501785,-0.8367788791656494
1799,907300,LAML,3.140147,3.25850772857666
1004,909757,COREAD,-4.319812,-3.2235560417175293
1080,688121,UNCLASSIFIED,-3.505292,-1.7560077905654907
1093,905969,OV,5.89973,5.951274394989014
2111,749709,BRCA,4.904329,5.493194580078125
1080,1330973,SCLC,-2.826075,-0.5330191850662231
1088,724839,CESC,2.987953,4.215753078460693
1913,724859,LUAD,6.264995,5.490487098693848
1617,905952,ALL,-3.004634,0.2971765995025635
1259,909743,ALL,0.448344,1.3921514749526978
1613,946353,ESCA,3.94564,2.0449705123901367
1375,924110,UNCLASSIFIED,5.406687,5.944828987121582
1051,688010,SCLC,-1.504126,0.2378818690776825
1578,909761,COREAD,6.279888,5.143406867980957
1613,1299070,OV,2.943381,4.1270647048950195
1936,907299,UNCLASSIFIED,1.353531,2.226036548614502
1618,909701,UNCLASSIFIED,2.373889,2.210033893585205
1199,1240223,THCA,4.997431,5.790571212768555
1926,724839,CESC,2.548153,3.1859021186828613
1080,1240141,MESO,1.250204,1.5567361116409302
1932,1240157,LIHC,3.857169,2.615534782409668
2044,1240122,HNSC,3.737262,3.7531518936157227
2111,907787,ALL,2.691057,2.7586612701416016
1909,687997,SCLC,-0.106262,1.3318164348602295
1036,1327774,UNCLASSIFIED,3.810402,3.3262782096862793
1553,910702,PAAD,5.061346,4.087010860443115
2040,905949,LUAD,0.40368,0.30623558163642883
1553,908147,ALL,-0.038808,0.5042831897735596
1910,1240201,PAAD,2.534012,3.04250431060791
1046,905939,COREAD,1.682872,1.0714739561080933
1032,906847,UNCLASSIFIED,1.208492,1.3752295970916748
1940,906798,BLCA,3.719778,3.6588873863220215
2111,1240134,MESO,4.215205,4.3648810386657715
1060,909708,HNSC,-1.25526,-0.8875728845596313
1089,1503370,LUAD,2.304135,2.9780335426330566
1553,1298151,LIHC,5.088548,4.464117527008057
1917,724878,LUAD,4.047892,3.376312732696533
1553,909249,MM,0.829991,0.4576135575771332
1576,1330933,UNCLASSIFIED,1.908655,1.1690932512283325
1049,907313,GBM,4.475408,3.343759536743164
1549,1240198,OV,3.654886,2.4429409503936768
1005,905965,UNCLASSIFIED,0.57961,-0.39750444889068604
2106,724828,NB,5.572559,2.443777561187744
1927,930299,THCA,4.370925,5.894416809082031
1060,910933,GBM,-1.784238,-0.9579036235809326
1931,688121,UNCLASSIFIED,6.333002,5.534603118896484
1372,908144,LGG,1.373917,2.8349838256835938
1996,688086,NB,5.422179,2.345592498779297
1624,713899,SCLC,3.690524,3.4167656898498535
1046,724831,UNCLASSIFIED,1.842497,2.0808029174804688
1578,910905,COREAD,5.353363,6.221220970153809
1372,905947,KIRC,0.686185,1.5566763877868652
1617,1240128,UNCLASSIFIED,2.466269,2.9882445335388184
1634,906853,UNCLASSIFIED,5.303755,5.9518537521362305
1913,910852,BRCA,5.602607,4.836300849914551
2048,688001,SCLC,-3.94344,-3.9529476165771484
1932,1240198,OV,2.406028,3.4304280281066895
1908,908143,UNCLASSIFIED,2.616517,3.680868625640869
2044,1240123,COREAD,4.867971,4.161770343780518
1559,1240223,THCA,-0.658759,0.2030676007270813
1057,1240200,OV,-0.342593,-2.067878246307373
2040,909735,UCEC,1.44087,0.9771230816841125
1036,906835,GBM,3.192421,3.9074292182922363
1012,909719,LIHC,1.479274,2.175272226333618
1622,1298151,LIHC,4.421213,3.6053481101989746
1507,906847,UNCLASSIFIED,4.29311,4.018934726715088
2044,1299050,HNSC,3.965568,4.21635103225708
1084,907065,BLCA,-2.093394,-1.9571257829666138
1908,1330964,SCLC,4.793929,4.063263416290283
1909,909735,UCEC,1.535589,2.323831558227539
1259,905972,LUAD,2.272227,3.4467906951904297
1529,753561,HNSC,0.004598,-0.8185312747955322
1079,1240128,UNCLASSIFIED,2.043225,1.7552694082260132
1079,1330933,UNCLASSIFIED,1.643557,-0.8032758235931396
1180,724870,PAAD,-3.071943,-3.0993800163269043
2045,724878,LUAD,7.026735,6.265470027923584
1855,1247873,LUAD,4.196196,6.698118209838867
1093,906846,UNCLASSIFIED,4.274673,4.471599102020264
2111,910927,BRCA,2.103111,4.176218032836914
1005,1298538,LUSC,3.485417,4.335987091064453
1013,907276,STAD,4.914714,4.6073431968688965
1093,1298533,PAAD,4.726178,4.921991348266602
1511,907268,UNCLASSIFIED,-3.278646,-2.1234264373779297
1625,909746,COREAD,5.519364,6.0916643142700195
1007,906812,BRCA,-5.581017,-5.0370774269104
1626,908470,MESO,1.561537,1.7278988361358643
1032,909248,MB,2.244037,2.2629170417785645
1598,949166,UNCLASSIFIED,3.968535,3.5160975456237793
1091,753576,ESCA,3.289401,2.928605556488037
1049,1240217,LIHC,4.644611,3.309264659881592
1932,908151,BRCA,4.217501,3.308709144592285
1079,907051,UCEC,3.182841,2.779552459716797
1004,1240181,NB,-4.46524,-3.8995132446289062
1854,906804,UNCLASSIFIED,3.583016,3.9517569541931152
1564,753585,KIRC,4.406629,3.6922526359558105
1529,1295740,ALL,-1.067818,-2.0785059928894043
1615,908126,LCML,4.79897,4.5825276374816895
1918,909256,BRCA,3.472978,1.6028094291687012
1563,1331040,UNCLASSIFIED,3.915538,3.209362506866455
1032,905989,COREAD,1.237494,1.5013847351074219
1199,908457,COREAD,3.449471,3.369415760040283
1091,907071,LIHC,2.482211,1.6261281967163086
1022,724872,SCLC,-0.303031,0.24187543988227844
1913,908460,LUAD,8.149737,7.468546390533447
1553,949168,UNCLASSIFIED,1.563656,1.7459238767623901
1079,905991,OV,0.862705,0.662685751914978
1578,1480362,OV,4.155721,5.491819381713867
1593,687588,GBM,2.86475,2.985474109649658
1510,909744,ACC,2.247368,3.1429061889648438
1011,905939,COREAD,3.476255,0.5992004871368408
1553,753555,ESCA,1.60028,1.254626989364624
1058,724879,LUSC,2.302876,1.6258058547973633
2040,1299062,SCLC,1.470009,3.0414958000183105
1915,1240217,LIHC,3.253318,2.817589282989502
1512,906831,UNCLASSIFIED,3.693115,3.9103288650512695
1852,713869,LUAD,5.906085,5.38290548324585
1168,910849,UNCLASSIFIED,2.723079,2.5149283409118652
1620,1299080,SKCM,5.687431,4.984722137451172
1259,909728,LUSC,3.210268,3.738870143890381
1003,717431,NB,-2.89981,-2.1854734420776367
1578,753556,LUSC,4.867078,5.304904937744141
1594,905937,COREAD,3.898275,4.461332321166992
1053,1290807,UNCLASSIFIED,3.120262,2.013641834259033
1248,1299075,PRAD,-2.088495,-3.8924169540405273
1017,688023,SCLC,3.433604,3.498300075531006
1088,909716,UNCLASSIFIED,3.018882,2.901099681854248
1631,909250,KIRC,4.548293,4.186770915985107
1632,906851,BRCA,3.828688,3.251171588897705
1631,907314,NB,2.700418,3.2200231552124023
1088,688121,UNCLASSIFIED,1.451238,1.4380693435668945
1873,924250,STAD,2.433273,2.040602207183838
1563,1240217,LIHC,5.095718,5.575779438018799
1259,907170,NB,-2.069587,-2.5746288299560547
1375,924239,MM,5.539682,4.728487491607666
1007,906790,STAD,-4.826227,-5.642184734344482
2043,907270,CLL,4.716465,3.458531379699707
1557,687505,CESC,5.477898,4.45098352432251
1073,1290809,MESO,6.729679,5.65293025970459
1873,907790,COREAD,0.355689,0.3077458441257477
1926,910702,PAAD,1.959283,2.065946578979492
1560,924241,SCLC,4.368557,4.75703763961792
1915,909777,UNCLASSIFIED,2.258692,2.1265664100646973
1012,1240131,MESO,5.033211,4.045174598693848
1621,949165,UNCLASSIFIED,3.596949,3.5155539512634277
1375,1295741,MM,4.202144,3.7357420921325684
1578,753558,KIRC,6.812397,5.68931245803833
1047,925348,PAAD,5.898744,6.252475261688232
1996,909263,COREAD,3.57498,4.136075496673584
2111,713880,SCLC,3.694502,3.3319029808044434
2043,1290797,PAAD,4.542315,4.533823490142822
1012,687455,BLCA,2.852949,2.4058353900909424
1855,687812,LUAD,5.757769,5.900944709777832
1629,906820,NB,4.747607,4.631599426269531
1564,909770,STAD,0.314582,-0.015987098217010498
1190,1330947,LAML,-4.711571,-5.418201446533203
1997,930299,THCA,6.264993,6.163300037384033
1012,925346,PAAD,3.928924,2.3337998390197754
1249,909725,SKCM,4.675354,5.059188365936279
1561,910401,UNCLASSIFIED,3.098257,2.3565468788146973
1941,906826,BRCA,-6.863287,-5.9567155838012695
1919,1298537,LUAD,1.590912,1.1497631072998047
1786,1330995,DLBC,2.13857,2.3895039558410645
1177,924240,BRCA,4.543844,4.60207462310791
1930,908126,LCML,-0.442065,0.21825385093688965
1005,924107,CESC,2.422929,2.4138712882995605
1375,907044,UNCLASSIFIED,2.60275,3.9352149963378906
1932,1331048,DLBC,3.003819,2.0358500480651855
1168,1240202,LUAD,-1.515233,-1.976646065711975
1629,908471,UNCLASSIFIED,2.741525,3.4107627868652344
1507,1298136,PAAD,5.198405,5.207810878753662
1083,906836,UNCLASSIFIED,-2.641189,-0.886419415473938
1250,910947,LAML,-0.548844,0.011744379997253418
1060,1240196,HNSC,2.014603,1.0201163291931152
1529,713880,SCLC,-1.308827,-1.015019416809082
1911,908142,UNCLASSIFIED,-5.753227,-5.078688621520996
1939,753610,SCLC,2.460524,1.6645207405090332
1373,907000,UNCLASSIFIED,3.892975,4.182210922241211
1017,1674021,COREAD,4.563348,4.873260974884033
1059,1660034,COREAD,-0.787242,-0.3060026168823242
1060,1290724,HNSC,0.937301,1.4790558815002441
1032,909716,UNCLASSIFIED,1.397747,1.4711354970932007
1932,907796,UNCLASSIFIED,3.606492,3.704580307006836
1046,906844,BRCA,0.435697,0.6155501008033752
1630,688001,SCLC,4.072825,2.2600913047790527
1180,907173,MESO,-2.063108,-2.4530510902404785
1873,688006,SCLC,1.193852,1.4742133617401123
2096,1298219,UNCLASSIFIED,6.229769,5.246059417724609
2047,724866,LUAD,3.444087,3.1962814331054688
1620,924151,THCA,5.788212,5.405045986175537
1931,908465,LUAD,6.130769,6.232651233673096
1922,1299081,SKCM,2.035742,2.022075653076172
1259,909755,COREAD,3.999129,3.6757216453552246
1936,1503366,ESCA,1.541997,1.609933614730835
1058,946360,OV,2.948491,2.6120004653930664
1910,924151,THCA,1.886389,3.1097517013549805
1553,907069,UNCLASSIFIED,3.981289,3.933065414428711
1855,909719,LIHC,4.548834,4.960327625274658
1012,908447,NB,0.533533,0.7153369188308716
1510,906848,UNCLASSIFIED,2.613402,2.6137523651123047
1852,907071,LIHC,6.098082,5.841756343841553
1621,910947,LAML,2.976572,3.222036838531494
1593,910948,BRCA,5.076163,3.7628164291381836
1614,1240183,LUSC,3.315275,5.052623748779297
1089,749717,BRCA,6.380897,5.140377044677734
1910,907783,LCML,0.759054,0.2587916851043701
1912,905955,SKCM,4.512826,3.279265880584717
1997,1240169,GBM,4.486248,3.74330997467041
1529,1299052,HNSC,-2.493327,-0.3193654417991638
1068,687983,SCLC,1.066498,0.953952431678772
1083,925347,PAAD,5.011115,4.957433223724365
1034,749714,BRCA,-2.443285,-1.8425606489181519
1249,906763,ALL,1.405709,1.9631763696670532
1003,749715,BRCA,-1.728301,-0.08760303258895874
1996,910850,LIHC,6.607807,5.063287258148193
1561,1240159,LIHC,2.757061,2.26511812210083
1939,753572,PAAD,2.038768,1.9312083721160889
1088,1327769,DLBC,-0.010794,0.5010830760002136
1080,998189,COREAD,-1.504954,-1.68999183177948
1627,907787,ALL,2.306101,2.0799527168273926
1936,1240162,HNSC,3.860528,4.304605484008789
1558,1240223,THCA,5.998475,6.704404830932617
1557,907290,UNCLASSIFIED,6.530454,5.825498104095459
2109,724873,LUAD,1.899185,2.806804656982422
1032,753539,UNCLASSIFIED,1.734951,2.1922810077667236
1268,909716,UNCLASSIFIED,4.936742,3.878538131713867
1926,753574,ESCA,0.41413,1.4537789821624756
1917,909747,COREAD,3.591444,3.137392520904541
1180,907796,UNCLASSIFIED,-2.30929,-0.2031053900718689
1237,1240166,UNCLASSIFIED,4.011846,3.8811960220336914
1997,908462,MESO,4.946703,4.284505367279053
2110,907269,CLL,3.069294,2.9490833282470703
2111,1240210,UNCLASSIFIED,3.664402,4.267984867095947
2109,905973,UNCLASSIFIED,3.61039,3.49527645111084
1854,1240128,UNCLASSIFIED,5.615237,5.493940353393555
1615,910932,SKCM,4.381322,4.853613376617432
1624,909263,COREAD,3.393841,2.579802989959717
1511,906832,DLBC,-2.177879,-3.1095876693725586
1068,1299081,SKCM,-0.039866,0.9911082983016968
1622,906864,THCA,4.673104,4.934556007385254
1096,907048,BRCA,2.136671,3.0056028366088867
2045,909699,UNCLASSIFIED,6.892855,5.508225917816162
1010,906763,ALL,2.825688,2.331702470779419
1032,908130,UCEC,3.927774,3.338837146759033
1910,910546,PAAD,2.678436,2.8239870071411133
1093,749715,BRCA,5.912746,4.414461612701416
1932,908129,UCEC,5.495806,4.4418625831604
1200,909264,UNCLASSIFIED,3.381827,3.324613571166992
1085,998189,COREAD,3.388402,2.908628463745117
1089,907269,CLL,1.182621,0.7070797681808472
2047,907318,ESCA,2.902608,3.4911723136901855
1933,909907,BRCA,7.034367,6.129828453063965
1053,1298533,PAAD,5.070292,3.8099703788757324
1268,905964,MM,3.916863,3.394379138946533
1259,1240143,LUSC,3.745302,3.983694076538086
1239,1240167,ESCA,0.502871,1.1602542400360107
1916,910900,LUAD,4.123123,3.50848388671875
1549,908467,UNCLASSIFIED,4.441249,4.695414066314697
1927,1330972,SCLC,5.268583,4.399077892303467
2045,907291,COREAD,4.555005,4.6823906898498535
1553,906872,NB,5.159343,2.528519630432129
1917,910904,HNSC,3.257059,3.108950614929199
1622,930298,CESC,3.737294,4.697595119476318
1005,910907,PAAD,3.522298,4.890469551086426
1854,1240200,OV,4.244048,5.910810470581055
1926,1240219,PAAD,1.002614,3.057979106903076
1012,687505,CESC,0.405851,1.1202620267868042
1131,949177,NB,2.070477,2.253734588623047
1626,1299080,SKCM,3.673106,3.0513219833374023
1849,1240186,SCLC,2.393433,0.8576158285140991
1620,906797,BLCA,5.246002,5.517178535461426
1250,946353,ESCA,1.642322,2.8649044036865234
1940,910920,KIRC,3.042714,2.8441033363342285
1915,908483,SCLC,2.521793,1.9656890630722046
1053,905934,PRAD,4.626485,4.2759575843811035
1578,930297,CESC,5.704965,5.4672980308532715
1079,753555,ESCA,1.249856,-1.194513201713562
1996,909738,LIHC,5.315207,4.932498931884766
2107,753561,HNSC,3.909826,4.140552520751953
1922,910915,PAAD,3.288385,2.884636878967285
1131,1331049,UNCLASSIFIED,3.559862,2.5635623931884766
2043,906833,MB,4.165017,4.318288326263428
1032,909747,COREAD,5.79223,3.1428074836730957
1549,910689,COREAD,3.64616,3.2415924072265625
1373,910932,SKCM,3.843386,2.950294017791748
2107,907794,COREAD,5.630445,5.224985599517822
1624,1240212,CESC,4.826733,4.319977283477783
1086,1298157,BRCA,-3.631544,-0.29701101779937744
1060,907072,UNCLASSIFIED,0.820721,1.2685635089874268
2040,1503368,ESCA,2.044364,1.8317234516143799
1529,1298529,HNSC,2.411245,1.5005161762237549
2109,1240151,STAD,1.897663,2.2536020278930664
1022,905958,ALL,-1.17768,-1.349414348602295
1620,687777,LUAD,6.448499,5.898609638214111
1003,907790,COREAD,-3.221495,-3.313541889190674
1625,1240216,LIHC,6.260803,5.920207977294922
1079,907792,COREAD,-1.257819,-0.16310077905654907
1375,910850,LIHC,5.853265,7.339654922485352
1073,753574,ESCA,5.384428,7.129167079925537
1011,907787,ALL,-2.921973,-1.0318859815597534
1919,687586,GBM,2.39413,2.0349936485290527
1268,909743,ALL,4.971105,4.230545520782471
1932,924151,THCA,2.604948,3.6350150108337402
1085,905942,LUAD,2.062648,2.401003122329712
1190,905986,GBM,-2.141021,-0.7925277948379517
1003,908125,SKCM,0.292833,-1.2318514585494995
1250,684052,UNCLASSIFIED,1.275927,0.6978011727333069
2106,1322224,STAD,3.769778,1.2765065431594849
1996,687802,LUAD,4.911763,4.60910177230835
1635,907053,LAML,4.414077,4.121506690979004
1618,906872,NB,3.243931,3.872006893157959
1634,906864,THCA,4.960858,4.637430191040039
1179,687821,LUAD,3.660867,2.4097237586975098
1593,910784,UNCLASSIFIED,4.401,3.3603906631469727
1917,753618,NB,0.340317,0.10638785362243652
1913,1240123,COREAD,3.704544,3.681413173675537
1909,908148,LAML,0.435326,-3.2122087478637695
1005,1240223,THCA,6.749114,6.674990177154541
1060,949166,UNCLASSIFIED,2.506349,2.5979485511779785
1131,1240123,COREAD,5.189486,5.086574077606201
1613,905948,KIRC,4.327075,2.8743362426757812
1624,909722,UNCLASSIFIED,0.620231,-0.39710885286331177
2047,908130,UCEC,3.07572,4.327755451202393
1373,753554,LUSC,4.674752,3.5318145751953125
1855,906851,BRCA,3.811157,5.108979225158691
1005,909736,LIHC,6.171969,5.158031463623047
1060,753562,HNSC,0.33454,0.9063698053359985
1249,906805,LUAD,3.673675,4.578771591186523
1926,910688,LAML,-0.676298,0.027673333883285522
1034,1240132,MESO,-2.134616,-0.8624022006988525
1854,687600,UNCLASSIFIED,5.549125,5.5395307540893555
1578,906836,UNCLASSIFIED,2.90807,2.8533663749694824
1003,1503361,ESCA,-1.66711,-1.7060664892196655
1915,907173,MESO,3.151404,3.8281731605529785
1564,1240154,THCA,0.153123,1.0443267822265625
1997,684072,UNCLASSIFIED,2.469768,3.0003609657287598
1089,910704,BRCA,4.794872,3.806553363800049
1559,925347,PAAD,1.461843,-0.3436378240585327
1618,1290724,HNSC,4.125759,3.584738254547119
1626,906804,UNCLASSIFIED,-0.363208,1.2905179262161255
1068,753618,NB,-0.097877,0.7661558389663696
1510,908123,BRCA,3.003349,3.79335355758667
1922,1659928,COREAD,1.573576,1.592380404472351
1375,1298526,PAAD,7.786829,6.88016414642334
1057,1240131,MESO,-0.247896,0.364258348941803
1047,909262,UNCLASSIFIED,4.17914,3.8909945487976074
1051,753554,LUSC,2.682171,1.415391206741333
1017,908144,LGG,5.115402,4.785499095916748
2045,687812,LUAD,4.47704,4.833863258361816
1013,909974,KIRC,5.954862,5.464597702026367
1032,687812,LUAD,2.275246,2.2732906341552734
1191,1290810,MESO,-3.446455,-3.2864279747009277
1003,1298539,UNCLASSIFIED,-0.483348,-1.6764577627182007
1917,909780,BLCA,1.140902,1.8323580026626587
1598,909774,UNCLASSIFIED,4.610138,4.890998840332031
1131,906800,UNCLASSIFIED,1.172737,1.6664924621582031
1047,1331039,UNCLASSIFIED,1.276068,3.2980570793151855
1051,924102,THCA,4.962369,2.836036205291748
1004,910704,BRCA,-2.721654,-5.889568328857422
1618,688086,NB,3.536791,4.1922736167907715
1046,1240200,OV,3.451082,3.1838488578796387
1003,687586,GBM,-2.376573,-2.381716728210449
1268,908447,NB,4.925202,4.809344291687012
1621,1240210,UNCLASSIFIED,2.716346,3.102989673614502
1997,753538,HNSC,0.398311,3.6314940452575684
1620,1240186,SCLC,6.112544,5.888221740722656
1084,905976,SKCM,-0.695151,-2.3800668716430664
1853,1509073,KIRC,4.703122,4.771159648895264
1239,909740,COREAD,3.098997,3.0831403732299805
1511,1298146,LIHC,2.904738,1.638609766960144
2109,1240149,UNCLASSIFIED,1.181214,2.059339761734009
1073,906843,CESC,6.445768,5.710319519042969
1941,906869,STAD,-4.750694,-4.218393325805664
1598,717431,NB,4.57507,4.357089996337891
2106,1299080,SKCM,2.615523,2.7082695960998535
1615,910943,GBM,6.282298,5.43134880065918
1621,908475,LUAD,4.010473,3.8378982543945312
1557,909977,UNCLASSIFIED,5.676654,5.206490516662598
1093,724825,MM,4.102187,3.8319153785705566
1034,906871,LGG,-3.638017,-5.359808921813965
1615,1290730,BLCA,4.733337,5.34473991394043
2043,905971,COREAD,4.846194,4.256507396697998
1620,1299050,HNSC,5.860745,5.288707256317139
1927,1240159,LIHC,6.517286,5.516944885253906
2044,905991,OV,3.310078,2.1295433044433594
1047,907067,SKCM,2.206359,4.37534236907959
1558,925347,PAAD,5.661046,4.977912425994873
1559,753576,ESCA,-0.650609,-0.565276026725769
1853,1240134,MESO,4.225644,4.1954216957092285
2111,753610,SCLC,2.788066,3.1600985527038574
1510,1240197,OV,4.107655,4.203137397766113
1908,910941,NB,3.067973,3.125741958618164
1854,906821,PAAD,5.720624,5.255973815917969
1057,687820,LUAD,-0.024388,1.3958877325057983
1931,908131,UNCLASSIFIED,5.622046,5.3188652992248535
1190,908146,ALL,-1.140322,-2.4061408042907715
1931,1659818,MM,4.309966,4.200319766998291
1576,908483,SCLC,1.86572,1.5609551668167114
1131,949167,UNCLASSIFIED,4.014929,3.5132598876953125
1190,906847,UNCLASSIFIED,-0.54669,-3.645866870880127
1200,687820,LUAD,5.567814,4.974607467651367
1089,909729,GBM,4.846424,4.178552627563477
1093,1659818,MM,3.969731,3.6459078788757324
1250,908132,UNCLASSIFIED,1.200449,1.3077073097229004
1996,949163,UNCLASSIFIED,2.133095,2.6388468742370605
1004,930297,CESC,0.718061,-2.0534300804138184
1032,910569,COREAD,1.715276,1.1160383224487305
1237,1480362,OV,5.77442,5.669522285461426
1200,687505,CESC,2.591488,2.291196346282959
2040,907055,STAD,-0.201392,-0.2274187207221985
1621,908129,UCEC,4.051281,4.757426738739014
1259,907789,ALL,4.311489,1.908145785331726
1916,1298529,HNSC,3.06481,3.4497275352478027
1927,908144,LGG,5.482589,4.9517388343811035
1373,1298529,HNSC,5.202116,5.0937581062316895
1622,1674021,COREAD,5.819228,4.551985740661621
1613,906836,UNCLASSIFIED,0.226276,-0.7220540046691895
1593,687568,GBM,3.786982,1.9350658655166626
1932,910937,SCLC,2.051151,1.9775240421295166
1853,998184,ALL,1.35423,2.686814785003662
1375,907320,ESCA,6.770986,6.741878032684326
1177,753538,HNSC,4.464804,4.738856792449951
1249,753565,SCLC,3.082749,3.4643192291259766
1032,905933,OV,1.603618,2.662929058074951
1933,949153,ALL,3.083058,3.530581474304199
1635,1331040,UNCLASSIFIED,3.766922,3.5265121459960938
1620,753565,SCLC,4.88106,4.220610618591309
1917,1503365,ESCA,2.917852,2.97674560546875
1626,1240186,SCLC,4.274793,4.698771953582764
1549,925341,UNCLASSIFIED,4.960373,5.12739896774292
2096,905949,LUAD,0.742541,1.6286449432373047
2043,909761,COREAD,4.564807,4.863742351531982
2045,908159,UNCLASSIFIED,4.185092,2.7399892807006836
1049,1240192,SCLC,4.841751,4.770330429077148
1049,910907,PAAD,5.493602,5.353947639465332
1093,1297449,DLBC,2.944074,4.312618255615234
1910,905934,PRAD,1.998219,3.8817806243896484
1191,1240158,LIHC,-4.622793,-3.8277816772460938
1259,906801,BRCA,4.644595,3.6478567123413086
1512,946355,ESCA,5.30772,5.42881441116333
2040,1290814,MESO,0.959748,1.6935346126556396
1910,906851,BRCA,2.095327,1.8078376054763794
1620,909701,UNCLASSIFIED,3.254935,3.4853482246398926
1237,687563,GBM,4.548771,5.1700825691223145
1022,907055,STAD,-0.438459,-0.7216122150421143
1854,924107,CESC,4.934672,3.9650745391845703
1936,924238,THCA,2.779491,3.088690757751465
2107,946359,BRCA,6.620679,6.624415397644043
1507,687562,GBM,4.978966,3.8329954147338867
1131,753585,KIRC,6.927337,3.999136447906494
1191,907072,UNCLASSIFIED,-4.96468,-5.358414649963379
1578,910906,UNCLASSIFIED,4.165884,3.4079575538635254
2043,907273,UNCLASSIFIED,4.220648,3.8359451293945312
1560,905955,SKCM,4.630982,5.043944358825684
1911,906821,PAAD,-4.300577,-4.4665751457214355
1373,722046,LUAD,4.12614,3.2058935165405273
1576,753547,SCLC,2.298791,2.047982692718506
1511,1240179,CESC,-1.184615,-0.3340491056442261
1916,1240160,LIHC,4.828659,5.18296480178833
1013,909784,SKCM,3.992258,3.367987632751465
2109,910781,UCEC,2.199036,2.831390380859375
2096,905991,OV,4.861317,2.5390586853027344
1259,910948,BRCA,6.148863,6.164036273956299
1373,905975,SKCM,-3.534968,-2.93046236038208
1249,713899,SCLC,3.156968,2.9881720542907715
1032,722046,LUAD,0.732829,0.9428765773773193
1083,1660036,COREAD,3.748088,1.929413914680481
1799,724872,SCLC,4.811871,3.9927515983581543
1578,905960,BRCA,4.99709,5.066004276275635
1786,930082,UNCLASSIFIED,3.094149,2.289982318878174
1627,908443,LUSC,3.118845,3.2592339515686035
1593,905969,OV,1.467449,3.9316658973693848
1852,905971,COREAD,4.537483,4.6435699462890625
1917,925347,PAAD,4.290798,4.176851749420166
1190,1322212,SCLC,-2.759982,-0.32708436250686646
1936,753585,KIRC,2.426069,3.5419116020202637
1199,906868,LGG,4.2609,3.6394476890563965
1560,946358,ALL,2.12392,3.08200740814209
2106,753576,ESCA,5.393769,3.109935760498047
1913,1330987,UNCLASSIFIED,3.818377,3.385573387145996
2110,909757,COREAD,4.694226,5.188248634338379
1034,908128,SKCM,-1.18694,-1.6991738080978394
1849,1322218,UNCLASSIFIED,-0.734434,-1.0497348308563232
1375,909723,SKCM,6.055751,5.837427139282227
1915,1240184,UNCLASSIFIED,3.757363,4.038008213043213
1259,909702,ALL,-0.302789,0.4600391387939453
2106,910930,DLBC,2.096459,2.901249885559082
1068,906834,MB,0.265709,0.14928734302520752
1627,753539,UNCLASSIFIED,2.076715,2.3062891960144043
1372,753621,ESCA,-0.015576,0.09042856097221375
1168,905977,SKCM,2.870264,4.338240146636963
1852,724870,PAAD,4.929582,5.154961585998535
1613,1327774,UNCLASSIFIED,0.152166,0.048862963914871216
1576,908459,UNCLASSIFIED,2.386292,3.2452316284179688
1799,949165,UNCLASSIFIED,5.256043,5.1332621574401855
1915,724834,LUAD,4.169326,3.8699235916137695
1615,910704,BRCA,5.291388,4.7793707847595215
2046,687780,UNCLASSIFIED,2.532788,4.149672985076904
1017,909697,STAD,3.771034,3.796570301055908
1051,906871,LGG,0.897386,1.444452166557312
1924,908151,BRCA,3.948655,2.954813003540039
1510,910702,PAAD,4.102003,5.349367618560791
1941,722066,LUAD,-3.77677,-4.611672878265381
1558,909728,LUSC,2.782811,2.2822444438934326
1916,688031,SCLC,2.967577,3.462951183319092
1925,1331040,UNCLASSIFIED,2.719369,2.9296865463256836
1634,1240157,LIHC,4.841685,4.370646953582764
1917,1331037,DLBC,2.65785,0.914097011089325
1635,906821,PAAD,6.224447,5.486637115478516
2169,908121,BRCA,2.526756,1.4881587028503418
1926,905974,SKCM,-0.689296,-0.7271648645401001
2040,910916,HNSC,0.865059,-0.19834083318710327
1131,753541,HNSC,6.488037,6.249493598937988
1007,1240129,OV,-2.508898,-1.1372097730636597
1046,1298538,LUSC,2.244661,2.2806758880615234
1237,910927,BRCA,4.170669,4.734872817993164
1051,907289,COREAD,0.179361,1.8754812479019165
1564,1327769,DLBC,0.674124,0.8441038131713867
1624,908143,UNCLASSIFIED,1.426358,2.508772373199463
1560,1327774,UNCLASSIFIED,3.349735,3.1135330200195312
1631,1327773,DLBC,1.335727,1.7299318313598633
1022,1298168,KIRC,0.623113,0.12119859457015991
1621,906826,BRCA,7.08377,5.755621433258057
1873,908447,NB,0.942348,1.1641569137573242
1088,908441,,3.110463,3.1210808753967285
1239,688001,SCLC,0.730247,-0.04658341407775879
1011,907051,UCEC,0.348365,3.5587925910949707
1093,683665,MM,3.881052,3.019662857055664
1511,1298359,ESCA,0.182078,-0.2547021508216858
1625,1503362,ESCA,5.353351,5.068848133087158
1996,906844,BRCA,2.462552,2.24969744682312
1625,906869,STAD,4.588287,4.981398105621338
1248,909721,LUAD,2.266026,-3.075094223022461
1080,909699,UNCLASSIFIED,1.00219,0.4323674738407135
1625,687457,BLCA,5.256268,5.197576999664307
1909,907072,UNCLASSIFIED,0.508088,1.3528821468353271
1079,908443,LUSC,0.996376,4.098639488220215
1927,909770,STAD,4.740384,5.021822929382324
1617,1290765,UNCLASSIFIED,1.39341,0.8622289896011353
2043,688121,UNCLASSIFIED,5.939026,5.26622200012207
1912,905973,UNCLASSIFIED,3.679361,2.9958629608154297
1073,910698,KIRC,4.000838,4.41444206237793
1930,946368,GBM,-0.060027,-0.6598495244979858
1559,907291,COREAD,-3.269764,-2.1281991004943848
1013,905975,SKCM,2.168939,2.674123764038086
1910,908150,MESO,2.122212,2.1222894191741943
2045,907069,UNCLASSIFIED,3.482931,4.7743940353393555
1917,1330935,UNCLASSIFIED,1.03312,1.270058035850525
1004,910911,HNSC,-2.400366,-2.457228660583496
1003,753532,HNSC,-2.027031,-2.5113043785095215
1576,684059,UNCLASSIFIED,1.75131,2.1984095573425293
1563,910926,BLCA,4.994971,4.658226013183594
1012,907291,COREAD,1.48034,1.2104625701904297
1054,909905,GBM,2.900676,3.046419143676758
1620,1240226,SKCM,5.136787,5.6655192375183105
2044,1240159,LIHC,3.216122,5.114974498748779
1563,910781,UCEC,5.663901,5.252323150634766
1563,910710,LCML,3.849516,4.219512939453125
2110,687514,CESC,5.395918,4.777442932128906
1925,909698,COREAD,4.822716,4.199676513671875
1373,907058,SKCM,2.600714,-2.3686118125915527
1941,909780,BLCA,-5.666746,-5.0102643966674805
1930,906824,CESC,0.198211,0.4859278202056885
1080,753616,NB,-3.756141,-2.1613264083862305
1007,930299,THCA,0.126676,-0.9820550680160522
1786,906868,LGG,3.172619,1.9752901792526245
1996,1298347,LUAD,3.77687,4.54463529586792
1925,905990,OV,5.758261,5.09981632232666
1915,946382,BRCA,2.561856,2.439324140548706
1915,753532,HNSC,3.581696,2.486689567565918
1917,910935,DLBC,-0.81439,-0.3196181058883667
1191,907790,COREAD,-4.308116,-4.288687705993652
1917,1290922,BRCA,1.017821,2.520106792449951
1625,1240197,OV,5.294149,5.197787761688232
1910,917486,COREAD,2.451738,1.9843864440917969
1034,910568,THCA,-4.827579,-2.3916358947753906
1853,905947,KIRC,5.569891,4.702802658081055
2110,909723,SKCM,6.208223,5.4220356941223145
1855,924108,COREAD,5.165304,5.224344253540039
1622,905971,COREAD,4.501619,4.548203468322754
1629,905986,GBM,4.68379,5.0069708824157715
1922,1240132,MESO,4.453846,3.7460131645202637
1004,906843,CESC,-1.735291,-3.574917793273926
1079,1330985,LAML,1.439922,0.3571968674659729
1593,906693,PAAD,2.588952,3.009219169616699
1618,907313,GBM,4.500299,3.622286319732666
1510,908142,UNCLASSIFIED,3.911253,3.3308939933776855
1058,924106,BRCA,-0.145001,0.016959041357040405
1915,1240181,NB,2.090307,1.647554874420166
1036,724828,NB,5.552423,5.20363712310791
1012,909735,UCEC,2.047279,1.3123722076416016
1089,688027,SCLC,2.007321,3.4527297019958496
1852,753556,LUSC,4.897141,4.806768417358398
1613,909785,UNCLASSIFIED,0.445936,1.5662882328033447
1190,908151,BRCA,-1.502829,-0.16054517030715942
1911,908462,MESO,-3.414633,-5.257935523986816
1093,908475,LUAD,4.581679,4.280762195587158
1924,911905,OV,5.584503,5.373598575592041
1006,687995,SCLC,0.485038,0.566360592842102
1049,1240142,LUSC,2.30307,3.2004752159118652
1996,907299,UNCLASSIFIED,1.78372,3.229391098022461
1060,909759,UNCLASSIFIED,-0.610535,-0.17956072092056274
1622,909732,UNCLASSIFIED,3.564622,3.9574689865112305
1912,906853,UNCLASSIFIED,4.515302,4.311506748199463
2109,905959,OV,4.556762,4.04758358001709
1862,1290806,STAD,-0.762611,-1.5216219425201416
1036,905949,LUAD,3.40405,4.0147528648376465
1614,906763,ALL,1.346457,2.0028600692749023
1614,910687,ALL,4.296305,3.4252429008483887
1032,909738,LIHC,2.016491,2.2499446868896484
1051,907788,PRAD,4.365219,2.353330135345459
1268,906873,GBM,4.817344,3.4995784759521484
1933,1298537,LUAD,5.424977,5.306668758392334
2043,906844,BRCA,3.518858,3.840538501739502
1932,910921,SKCM,1.919374,2.090498924255371
1932,906693,PAAD,3.450669,2.4673383235931396
1080,909264,UNCLASSIFIED,-2.963612,-2.4195194244384766
1558,688006,SCLC,4.065726,5.256007194519043
2096,906833,MB,3.662168,2.9051074981689453
1561,998189,COREAD,0.952395,1.1639747619628906
2047,905938,LAML,1.520633,0.9160908460617065
1862,905940,LCML,-1.287675,-1.4264358282089233
1931,907055,STAD,4.838407,4.960855960845947
1013,753607,UNCLASSIFIED,2.263813,1.8942595720291138
1373,924102,THCA,2.967638,4.845771789550781
1941,910692,SCLC,-1.286733,-1.942428708076477
1239,910932,SKCM,3.307995,3.165475845336914
2096,930083,THCA,6.402223,5.265897750854492
1939,910900,LUAD,1.743422,3.3021788597106934
2096,910853,SKCM,4.566325,2.0281219482421875
1510,1298533,PAAD,3.995866,3.851555824279785
1248,949174,NB,-4.750752,-4.261752605438232
1578,909974,KIRC,5.58686,5.803282737731934
1179,910933,GBM,1.907001,0.7517192959785461
1239,907796,UNCLASSIFIED,4.60373,2.3603439331054688
1089,753621,ESCA,4.07428,4.5927863121032715
1047,1297446,ALL,3.907351,3.870819091796875
1996,724873,LUAD,5.419555,3.967574119567871
1913,909759,UNCLASSIFIED,5.192551,4.417413711547852
1179,688031,SCLC,-0.33981,-0.4884082078933716
1068,1240190,LUAD,2.154478,1.6771045923233032
1013,907042,LGG,2.036686,2.697597026824951
1928,908146,ALL,2.036946,2.371664047241211
1625,1240130,SKCM,3.362557,3.435770034790039
1089,907043,UNCLASSIFIED,2.046847,1.625667929649353
1919,1297447,MM,2.504067,1.7921375036239624
1931,724868,LUAD,4.79493,4.596741676330566
1620,1240151,STAD,5.64717,5.6384968757629395
1032,1240187,LUAD,1.843774,1.9240448474884033
1549,908143,UNCLASSIFIED,5.552064,3.452212333679199
1598,1240196,HNSC,4.576738,4.505838871002197
1046,906817,ESCA,5.385295,4.961596488952637
1047,910932,SKCM,3.778892,3.8716859817504883
1010,724878,LUAD,5.547477,5.583120346069336
1549,907319,ESCA,1.516007,1.8372015953063965
1634,907321,ESCA,3.255857,3.490354061126709
1372,910710,LCML,-0.660461,-1.2766484022140503
1576,905944,LUAD,2.416553,2.843745231628418
2047,687821,LUAD,1.382421,1.7680654525756836
2048,1299075,PRAD,-3.166565,-3.1648406982421875
1631,908132,UNCLASSIFIED,1.61506,2.5395030975341797
1909,724834,LUAD,3.282633,3.000520706176758
1928,908445,STAD,4.730992,4.245583534240723
1613,909738,LIHC,4.738112,3.1985549926757812
2110,1240216,LIHC,4.447954,5.487888813018799
1011,909977,UNCLASSIFIED,4.838559,3.238255023956299
1919,1240158,LIHC,1.61537,2.2041878700256348
1922,908471,UNCLASSIFIED,1.103294,2.3391366004943848
1088,713880,SCLC,1.341064,1.9632655382156372
2109,1503366,ESCA,2.925046,2.7523322105407715
1190,907314,NB,-2.954125,-1.4487472772598267
1079,1290908,LUAD,2.096046,0.626430869102478
1083,907073,UNCLASSIFIED,1.500793,2.9200892448425293
1006,908441,,1.490623,2.848634719848633
1617,910911,HNSC,3.453593,3.619925022125244
1036,1290809,MESO,5.303105,5.149255275726318
1629,1240153,SKCM,4.077197,4.107898712158203
1259,908461,STAD,3.709501,3.539217948913574
1177,1659823,COREAD,5.699862,5.2107625007629395
1003,1240160,LIHC,0.950818,-0.342957079410553
1933,909777,UNCLASSIFIED,1.62422,2.8415746688842773
1908,909264,UNCLASSIFIED,3.499956,1.760521650314331
1248,908462,MESO,-0.281139,-3.4928183555603027
1927,1322212,SCLC,4.497212,4.18934965133667
1926,908446,STAD,0.446738,1.2806615829467773
1017,907796,UNCLASSIFIED,3.497839,3.690944194793701
1634,907044,UNCLASSIFIED,3.416623,3.3359122276306152
1060,909769,UNCLASSIFIED,1.501377,1.020980954170227
2111,908141,LAML,2.051448,2.6351637840270996
1594,1298169,KIRC,5.084466,4.749926567077637
1932,1503363,ESCA,1.998225,1.8374897241592407
1032,724868,LUAD,1.701617,1.357584834098816
1624,1240155,STAD,2.311958,2.176246166229248
1627,906837,HNSC,1.912278,1.8620213270187378
1034,907787,ALL,-4.255214,-3.800797462463379
1507,949178,NB,3.308232,4.096790790557861
1936,906830,SKCM,3.772463,3.416325092315674
1873,724834,LUAD,1.920635,2.1165428161621094
1199,907268,UNCLASSIFIED,1.616964,2.981365203857422
1630,905990,OV,5.971616,4.998479843139648
1941,688010,SCLC,-4.990215,-3.828603744506836
1613,724878,LUAD,6.114754,5.3436665534973145
1179,909754,UNCLASSIFIED,3.654145,2.7423181533813477
1936,909718,COREAD,3.071171,2.1402435302734375
1799,908470,MESO,2.812958,4.947629928588867
1510,1240135,MESO,3.593174,4.047200679779053
1560,906849,UNCLASSIFIED,4.391882,4.0385422706604
1862,1290797,PAAD,-1.995834,-2.227509021759033
1051,1240196,HNSC,2.356851,2.8614659309387207
1854,687787,LUSC,5.473311,4.346585750579834
1529,998189,COREAD,0.974376,1.257839322090149
1927,905990,OV,5.902295,5.598626613616943
1022,910906,UNCLASSIFIED,-1.416226,-1.1895915269851685
1005,1247871,ALL,0.511695,-0.28866201639175415
1046,910691,UCEC,1.376604,2.2204198837280273
1941,905942,LUAD,-6.036941,-5.136899471282959
2107,910944,ALL,3.606828,4.052185535430908
1510,753558,KIRC,4.631227,4.110860824584961
1615,908127,UNCLASSIFIED,5.063373,4.811866760253906
1615,1240190,LUAD,5.796982,5.883936405181885
1054,905949,LUAD,2.06274,2.116852283477783
1179,753562,HNSC,1.006788,0.7048410177230835
1007,1322224,STAD,-7.189439,-6.558638095855713
1557,910935,DLBC,4.240947,3.820924758911133
1007,909975,UNCLASSIFIED,-0.896913,-1.9517182111740112
1058,909721,LUAD,2.403686,3.126450538635254
1080,909757,COREAD,-3.635514,-2.3093295097351074
1913,910934,DLBC,4.274707,2.987942695617676
1060,909904,PAAD,2.613167,1.286109209060669
1614,930083,THCA,6.210976,6.529040813446045
2106,687455,BLCA,5.525097,3.7104358673095703
1259,908448,LAML,0.543416,-0.12754815816879272
1936,753548,LAML,1.008287,1.7173048257827759
1578,910853,SKCM,4.763033,4.890205383300781
1510,907065,BLCA,4.359192,4.223090171813965
1622,908146,ALL,3.249558,3.4211649894714355
1852,906794,UNCLASSIFIED,4.127438,4.480654716491699
1627,907322,UNCLASSIFIED,1.643528,1.9962304830551147
1017,907320,ESCA,4.960615,4.81500244140625
1085,907290,UNCLASSIFIED,3.201244,3.0162863731384277
1928,753592,LUAD,4.836829,3.380448818206787
1529,687600,UNCLASSIFIED,0.902865,1.5519636869430542
1012,910926,BLCA,1.693507,0.4158448576927185
1799,949157,UNCLASSIFIED,5.503956,4.667316913604736
1854,1503368,ESCA,5.226872,4.678216934204102
1512,1298136,PAAD,6.705146,6.394230842590332
1190,1240140,UNCLASSIFIED,-3.14215,-0.2528281807899475
1004,908121,BRCA,-5.964192,-3.5855369567871094
1032,1299075,PRAD,3.019935,2.442753314971924
1560,688023,SCLC,3.756637,1.6750390529632568
2047,1240223,THCA,3.194894,2.777991771697998
1510,684052,UNCLASSIFIED,1.766885,1.749890685081482
1931,1240173,COREAD,5.432882,4.6904144287109375
1620,908139,STAD,5.782946,5.61959981918335
1561,753554,LUSC,2.491105,1.7693372964859009
1626,753562,HNSC,0.433403,1.851003885269165
1091,1327775,MM,0.461982,-0.8963741064071655
1557,909728,LUSC,5.417715,4.763286113739014
1511,908131,UNCLASSIFIED,-0.851002,-1.4938229322433472
1036,1660036,COREAD,3.544796,4.727663040161133
1621,1298146,LIHC,5.224903,5.406774520874023
1054,735784,ESCA,4.626067,5.0746870040893555
1909,1240196,HNSC,3.059679,2.9261016845703125
1036,722046,LUAD,3.184837,2.9534292221069336
1179,906763,ALL,-1.773012,-1.1515461206436157
1004,687812,LUAD,-2.004142,-2.9204158782958984
1564,910401,UNCLASSIFIED,3.133553,3.764747142791748
1615,749711,BRCA,5.338676,5.2646613121032715
1853,910915,PAAD,6.139499,5.081154823303223
1375,1298222,ESCA,5.457476,6.569764614105225
2040,749711,BRCA,0.283817,2.3082265853881836
1085,924105,UNCLASSIFIED,2.91394,2.585721969604492
1032,724870,PAAD,2.300992,2.367941379547119
1083,905980,KIRC,5.780141,5.080524444580078
1012,1240162,HNSC,2.243267,1.8308061361312866
1089,687800,LUAD,7.003333,6.909971237182617
2046,1479988,OV,4.752118,4.385470390319824
1593,907300,LAML,-0.432257,-0.6284500360488892
1576,907289,COREAD,3.12272,3.06162166595459
1936,905941,LUSC,5.290397,4.056740760803223
1010,753615,MM,3.485738,3.2614026069641113
1084,946359,BRCA,-1.571408,-1.2699416875839233
1917,688025,SCLC,4.760314,2.2481842041015625
1250,924238,THCA,0.808609,1.3125581741333008
1910,909251,ALL,-1.673315,-0.6355574131011963
1939,909756,UNCLASSIFIED,1.998327,3.4196205139160156
1006,1298136,PAAD,5.541161,3.387885570526123
1093,910554,COREAD,4.634655,3.7775044441223145
1919,1330972,SCLC,1.416266,1.6259205341339111
1011,910932,SKCM,2.110821,2.626401901245117
1073,910079,ESCA,2.856666,6.118046760559082
1507,724831,UNCLASSIFIED,5.155763,4.440885543823242
1624,917486,COREAD,5.353569,5.269504547119141
1559,683665,MM,-1.699887,-2.874967098236084
1558,1480362,OV,5.953455,5.138205528259277
2110,949161,UNCLASSIFIED,5.096766,3.0254974365234375
1854,909743,ALL,4.535527,4.742377758026123
2043,908123,BRCA,3.612514,4.123480319976807
1510,1290455,LAML,2.797062,0.8024056553840637
1559,908455,STAD,-2.664953,-2.920781135559082
1259,905961,COREAD,3.526682,3.324458122253418
1239,910910,BRCA,4.473449,3.712286949157715
2096,949171,NB,1.817937,2.4275565147399902
2040,907056,UNCLASSIFIED,3.065052,2.107937812805176
2106,949179,NB,0.422143,1.1311440467834473
1564,687455,BLCA,1.253466,2.8256397247314453
1180,722066,LUAD,-2.862001,-2.7936487197875977
1913,724872,SCLC,3.72654,3.0762343406677246
1190,688023,SCLC,-1.882784,2.2166647911071777
1917,688023,SCLC,1.642139,1.0250062942504883
1853,906814,SKCM,3.143107,3.4138712882995605
2044,687802,LUAD,5.06098,4.8425517082214355
1915,906790,STAD,2.199135,2.350620746612549
2048,907313,GBM,-2.689022,-2.497218608856201
1047,907270,CLL,-0.4927,0.8955881595611572
