DRUG_ID,COSMIC_ID,TCGA_DESC,Label,Pred
1084,909255,UNCLASSIFIED,-4.75034,-3.8612160682678223
2109,906853,UNCLASSIFIED,5.667806,4.180525302886963
2040,907322,UNCLASSIFIED,2.082331,1.1249386072158813
1627,1298352,UNCLASSIFIED,5.41378,5.264100074768066
1549,724831,UNCLASSIFIED,4.717477,4.522895812988281
1511,1240128,UNCLASSIFIED,-1.286472,-1.7019459009170532
1614,1240221,UNCLASSIFIED,2.943233,3.2152256965637207
1931,909977,UNCLASSIFIED,6.198902,6.0782694816589355
1237,907060,UNCLASSIFIED,4.146943,4.45231819152832
1873,909720,UNCLASSIFIED,1.421396,1.2482037544250488
1180,687829,UNCLASSIFIED,-2.803489,-1.576813817024231
1563,908138,UNCLASSIFIED,6.537797,5.936216831207275
1073,907050,UNCLASSIFIED,7.666173,8.44525146484375
1268,906861,UNCLASSIFIED,5.440873,4.37978458404541
1093,1331040,UNCLASSIFIED,2.467258,2.5803780555725098
1916,910906,UNCLASSIFIED,3.875388,2.454946517944336
1054,684059,UNCLASSIFIED,1.918923,2.4988555908203125
1936,910706,UNCLASSIFIED,0.682102,1.3272490501403809
1613,909262,UNCLASSIFIED,0.97694,1.6765944957733154
1051,925345,UNCLASSIFIED,2.79037,3.4944722652435303
1003,684062,UNCLASSIFIED,-4.372936,-3.758143186569214
1629,1331040,UNCLASSIFIED,2.977582,2.666189193725586
1917,907273,UNCLASSIFIED,-0.884797,0.07012681663036346
1083,906849,UNCLASSIFIED,4.027243,3.3736021518707275
1084,908131,UNCLASSIFIED,-2.744228,-3.122452974319458
1909,905973,UNCLASSIFIED,2.166299,2.9589309692382812
1084,1298219,UNCLASSIFIED,0.297708,-0.6259146332740784
1873,906999,UNCLASSIFIED,1.631319,1.299207329750061
1191,906804,UNCLASSIFIED,-5.193107,-5.622386455535889
1248,910706,UNCLASSIFIED,-7.157177,-7.157764911651611
1168,724831,UNCLASSIFIED,3.832673,3.029527425765991
1626,909701,UNCLASSIFIED,1.1491,2.1001811027526855
2107,1240210,UNCLASSIFIED,4.493572,4.742878437042236
1249,949164,UNCLASSIFIED,2.275649,2.965229034423828
1930,909776,UNCLASSIFIED,1.013173,1.5205378532409668
2046,909699,UNCLASSIFIED,5.823349,5.373209476470947
1177,909976,UNCLASSIFIED,2.896935,4.405465602874756
1032,908136,UNCLASSIFIED,2.060299,1.4920954704284668
1576,1298539,UNCLASSIFIED,3.870348,4.007852554321289
1618,1240210,UNCLASSIFIED,2.879726,3.2277188301086426
2048,907298,UNCLASSIFIED,-2.454248,-4.319394111633301
1250,907796,UNCLASSIFIED,2.06628,2.2389461994171143
1012,924186,UNCLASSIFIED,1.378592,1.8071812391281128
1625,909731,UNCLASSIFIED,3.876258,4.006163120269775
1997,1298539,UNCLASSIFIED,4.728318,3.8917102813720703
1004,908131,UNCLASSIFIED,-5.377213,-4.124307632446289
2047,906794,UNCLASSIFIED,3.4919,3.0736610889434814
1017,907796,UNCLASSIFIED,3.497839,4.094809055328369
1909,909696,UNCLASSIFIED,-2.770738,-2.578535795211792
1191,910849,UNCLASSIFIED,-3.689308,-5.106788158416748
1512,949155,UNCLASSIFIED,3.62205,4.101173400878906
1010,910906,UNCLASSIFIED,2.929821,2.336803436279297
1939,1327774,UNCLASSIFIED,1.600091,1.7443182468414307
1931,688121,UNCLASSIFIED,6.333002,6.227535247802734
2109,925345,UNCLASSIFIED,1.772901,2.126884937286377
1006,1240221,UNCLASSIFIED,0.3971,-0.7591997385025024
1010,910695,UNCLASSIFIED,0.790106,1.6926078796386719
1634,949166,UNCLASSIFIED,4.954474,4.642889022827148
1919,971773,UNCLASSIFIED,0.876755,1.5108100175857544
1625,949168,UNCLASSIFIED,4.551107,5.4010329246521
1557,687600,UNCLASSIFIED,4.603964,5.33840799331665
1268,906846,UNCLASSIFIED,5.226646,3.838456153869629
1916,908132,UNCLASSIFIED,2.643216,2.6170833110809326
1131,907322,UNCLASSIFIED,2.91029,3.7033116817474365
1557,906853,UNCLASSIFIED,6.732534,6.061938285827637
1199,906794,UNCLASSIFIED,3.786873,3.5457797050476074
1237,907290,UNCLASSIFIED,6.21355,6.259104251861572
1909,1330935,UNCLASSIFIED,1.865361,-3.369474411010742
1060,949160,UNCLASSIFIED,0.591483,1.0499249696731567
1940,684052,UNCLASSIFIED,3.178083,3.2017126083374023
1933,1303912,UNCLASSIFIED,3.980291,4.6468634605407715
1179,924105,UNCLASSIFIED,-0.099911,0.044760316610336304
2096,907047,UNCLASSIFIED,1.870174,2.627208709716797
1053,909976,UNCLASSIFIED,3.060147,3.08046555519104
1615,1330933,UNCLASSIFIED,4.105655,3.409467935562134
1625,908467,UNCLASSIFIED,5.346011,4.287416934967041
1046,946357,UNCLASSIFIED,0.840808,0.12909698486328125
1017,1331049,UNCLASSIFIED,3.173921,2.432396650314331
1924,930082,UNCLASSIFIED,1.056614,2.1399950981140137
2045,1298539,UNCLASSIFIED,5.525463,5.6842217445373535
2107,907290,UNCLASSIFIED,5.959501,5.858469009399414
1553,1331039,UNCLASSIFIED,2.756428,2.6861839294433594
1084,909976,UNCLASSIFIED,-3.61784,-2.2800025939941406
1006,908138,UNCLASSIFIED,4.565659,3.347949743270874
1375,910401,UNCLASSIFIED,4.801592,5.305816650390625
1916,907290,UNCLASSIFIED,1.785039,1.6173642873764038
1913,687829,UNCLASSIFIED,5.359776,4.857899188995361
1085,949155,UNCLASSIFIED,1.939617,1.7977982759475708
1852,908132,UNCLASSIFIED,3.735744,4.169260025024414
1372,949164,UNCLASSIFIED,2.209204,2.3385815620422363
1239,906831,UNCLASSIFIED,2.556917,0.9079591631889343
2111,971773,UNCLASSIFIED,3.09396,2.6347711086273193
1177,909756,UNCLASSIFIED,5.168016,5.301601409912109
1004,1331039,UNCLASSIFIED,-5.165852,-4.988879680633545
1928,907299,UNCLASSIFIED,3.724563,3.368082284927368
1613,908132,UNCLASSIFIED,-0.726722,2.0970304012298584
1091,908131,UNCLASSIFIED,1.90377,2.210758686065674
1248,910849,UNCLASSIFIED,-5.546095,-4.249444484710693
1073,1303896,UNCLASSIFIED,3.615309,2.493758201599121
1626,909754,UNCLASSIFIED,3.743158,3.940952777862549
1915,907268,UNCLASSIFIED,2.68517,1.937018871307373
1083,905973,UNCLASSIFIED,3.096353,3.404167890548706
1620,910705,UNCLASSIFIED,4.388148,4.240373134613037
1017,907273,UNCLASSIFIED,3.477901,3.086148500442505
1933,687780,UNCLASSIFIED,4.070368,4.971381664276123
1512,930082,UNCLASSIFIED,5.358742,4.82965612411499
1620,907273,UNCLASSIFIED,4.416593,3.96061635017395
1618,909264,UNCLASSIFIED,3.85473,4.362271308898926
1085,949160,UNCLASSIFIED,1.976638,2.0857715606689453
1046,906848,UNCLASSIFIED,1.304883,1.2871326208114624
1073,907043,UNCLASSIFIED,2.438243,3.066077470779419
1625,909720,UNCLASSIFIED,4.387282,4.891166687011719
1372,909779,UNCLASSIFIED,2.583667,2.655534029006958
1927,684059,UNCLASSIFIED,4.249765,3.883795738220215
2047,687780,UNCLASSIFIED,3.464066,2.050583600997925
1799,1330987,UNCLASSIFIED,0.947663,2.1929683685302734
1239,907044,UNCLASSIFIED,0.291893,1.150822401046753
1925,908131,UNCLASSIFIED,4.986221,5.216031551361084
1034,910906,UNCLASSIFIED,-3.732584,-3.7847142219543457
1249,1240210,UNCLASSIFIED,2.07482,2.862239122390747
1908,949163,UNCLASSIFIED,2.519935,1.5702894926071167
1593,1298534,UNCLASSIFIED,1.814089,3.8222453594207764
1068,1240210,UNCLASSIFIED,0.700598,1.172587275505066
2096,687780,UNCLASSIFIED,2.188887,2.417470693588257
2048,907056,UNCLASSIFIED,-1.014455,-2.6246888637542725
1578,906848,UNCLASSIFIED,4.564126,4.77949333190918
1617,909754,UNCLASSIFIED,0.189052,4.363623142242432
1627,909732,UNCLASSIFIED,3.021484,2.708037853240967
1553,1331049,UNCLASSIFIED,1.646024,1.3196953535079956
1510,907273,UNCLASSIFIED,3.478913,3.057483673095703
1593,909732,UNCLASSIFIED,3.802167,2.525885820388794
1912,724831,UNCLASSIFIED,3.928564,3.3748388290405273
2047,1330987,UNCLASSIFIED,1.232264,2.0023398399353027
2048,688121,UNCLASSIFIED,-2.396043,-2.964989423751831
1057,909707,UNCLASSIFIED,0.132994,-1.7969512939453125
1932,946357,UNCLASSIFIED,0.975195,1.2267578840255737
1561,909701,UNCLASSIFIED,-0.801795,0.35028010606765747
1190,906861,UNCLASSIFIED,0.161844,-2.6819612979888916
1080,909262,UNCLASSIFIED,-5.098188,-4.486799716949463
1563,906853,UNCLASSIFIED,7.554408,6.912583827972412
1131,909716,UNCLASSIFIED,2.367175,4.336301326751709
1854,909976,UNCLASSIFIED,4.962302,4.398406982421875
2040,924186,UNCLASSIFIED,-0.138068,0.0721403956413269
1510,908127,UNCLASSIFIED,3.638172,3.337595224380493
1557,949166,UNCLASSIFIED,5.593118,5.336867809295654
1091,909774,UNCLASSIFIED,2.782897,2.2363545894622803
1053,724831,UNCLASSIFIED,3.973761,4.088474750518799
1053,949165,UNCLASSIFIED,3.331853,2.933614492416382
1615,925341,UNCLASSIFIED,5.210446,4.947038650512695
2045,909731,UNCLASSIFIED,3.752911,3.558638334274292
1620,908467,UNCLASSIFIED,5.346011,4.791496276855469
1908,909759,UNCLASSIFIED,1.778591,2.6515917778015137
1007,1240210,UNCLASSIFIED,-5.004011,-5.695788383483887
1559,907273,UNCLASSIFIED,-3.180897,-3.832813262939453
2107,684062,UNCLASSIFIED,5.322928,4.700155735015869
1614,909731,UNCLASSIFIED,4.398567,2.83960223197937
1563,949165,UNCLASSIFIED,5.798568,5.447240829467773
1507,909722,UNCLASSIFIED,4.358466,3.110795736312866
1060,909977,UNCLASSIFIED,2.918718,2.9976699352264404
1622,910851,UNCLASSIFIED,3.297608,3.83280873298645
1854,906848,UNCLASSIFIED,4.479954,4.991506099700928
1180,906838,UNCLASSIFIED,-2.381161,-3.4042108058929443
1853,1303896,UNCLASSIFIED,4.611722,3.506760358810425
2048,909720,UNCLASSIFIED,-4.038643,-2.7709102630615234
1006,949166,UNCLASSIFIED,2.797743,-0.5785315036773682
1916,949155,UNCLASSIFIED,2.660534,1.8975672721862793
1093,907043,UNCLASSIFIED,4.623149,3.002387285232544
1022,687600,UNCLASSIFIED,0.80071,0.5983061194419861
1006,909699,UNCLASSIFIED,4.15154,4.791675090789795
1630,908149,UNCLASSIFIED,5.345354,3.6454641819000244
1916,907322,UNCLASSIFIED,2.952992,2.966423749923706
2096,909977,UNCLASSIFIED,5.323741,4.645157337188721
1627,1240184,UNCLASSIFIED,2.738071,3.4302773475646973
1621,906999,UNCLASSIFIED,4.920286,4.736316204071045
1913,1322218,UNCLASSIFIED,4.28917,4.367912769317627
1058,909776,UNCLASSIFIED,2.192479,2.210411548614502
1088,907268,UNCLASSIFIED,0.778132,0.274822473526001
1936,906831,UNCLASSIFIED,1.268849,1.5742191076278687
1180,910703,UNCLASSIFIED,-3.257321,-3.37998628616333
2045,908467,UNCLASSIFIED,3.970319,4.342078685760498
1559,949158,UNCLASSIFIED,-4.055649,-3.972423553466797
1088,906800,UNCLASSIFIED,-0.176903,-0.7064498662948608
2046,906831,UNCLASSIFIED,1.177097,1.4043552875518799
1549,910851,UNCLASSIFIED,3.991337,4.897248268127441
1799,907056,UNCLASSIFIED,3.944835,5.354150295257568
1931,909262,UNCLASSIFIED,4.004708,4.091512680053711
1621,906861,UNCLASSIFIED,5.582815,4.856330871582031
1997,949157,UNCLASSIFIED,4.221033,2.312784194946289
1629,905973,UNCLASSIFIED,4.474114,4.997208595275879
1249,949155,UNCLASSIFIED,1.906373,2.0373849868774414
1249,906848,UNCLASSIFIED,1.944321,2.660132646560669
1622,907044,UNCLASSIFIED,3.978953,3.617100954055786
1931,909975,UNCLASSIFIED,6.977518,6.566866874694824
1053,908454,UNCLASSIFIED,3.332599,2.1632838249206543
1200,909975,UNCLASSIFIED,4.402084,4.377141952514648
1940,906861,UNCLASSIFIED,3.439935,3.7979607582092285
1553,684062,UNCLASSIFIED,1.359855,1.2549314498901367
1010,949156,UNCLASSIFIED,2.656174,3.4416608810424805
1909,906861,UNCLASSIFIED,3.342726,2.8185806274414062
1088,907299,UNCLASSIFIED,1.475658,1.6820828914642334
1180,724855,UNCLASSIFIED,1.149971,-1.148620367050171
1560,949163,UNCLASSIFIED,1.766158,2.2022290229797363
1786,909776,UNCLASSIFIED,0.67134,4.010937690734863
1940,910906,UNCLASSIFIED,4.518837,3.257097005844116
1053,906846,UNCLASSIFIED,1.254515,1.7306689023971558
1564,910851,UNCLASSIFIED,0.615966,3.0745749473571777
1862,906999,UNCLASSIFIED,-1.030756,-1.7545069456100464
1918,907299,UNCLASSIFIED,0.947089,1.5320560932159424
1529,907056,UNCLASSIFIED,0.396632,1.7230024337768555
1594,906831,UNCLASSIFIED,4.347215,3.9902501106262207
1786,688121,UNCLASSIFIED,4.501578,3.3281869888305664
1561,907290,UNCLASSIFIED,1.267754,2.2984485626220703
1621,1331049,UNCLASSIFIED,2.608427,2.7703683376312256
1930,910942,UNCLASSIFIED,-0.573964,-0.7170190811157227
1512,949166,UNCLASSIFIED,5.575586,5.425184726715088
1080,1240184,UNCLASSIFIED,-1.628514,-1.2170045375823975
1199,1240215,UNCLASSIFIED,4.105359,4.069055557250977
2109,1240128,UNCLASSIFIED,1.930674,2.9724037647247314
2047,907796,UNCLASSIFIED,2.623544,2.3560433387756348
1511,684072,UNCLASSIFIED,-3.154563,-3.5357327461242676
1191,1303912,UNCLASSIFIED,-5.129625,-4.949645519256592
1200,907268,UNCLASSIFIED,2.617776,2.2591445446014404
1010,909701,UNCLASSIFIED,2.612688,2.9899516105651855
1093,906804,UNCLASSIFIED,3.286782,2.949458599090576
1249,724831,UNCLASSIFIED,2.256532,3.2462847232818604
1913,949158,UNCLASSIFIED,3.915107,3.6083927154541016
1564,1330935,UNCLASSIFIED,3.533426,2.802278757095337
1088,910784,UNCLASSIFIED,2.726639,2.0465424060821533
1089,724863,UNCLASSIFIED,3.086507,3.6397972106933594
1032,949157,UNCLASSIFIED,1.799798,2.334319829940796
1036,908454,UNCLASSIFIED,0.461423,3.5850307941436768
1941,930082,UNCLASSIFIED,-4.316974,-3.9462599754333496
1549,908142,UNCLASSIFIED,2.322164,2.7765848636627197
1559,1331039,UNCLASSIFIED,-2.672327,-3.122985363006592
1621,925345,UNCLASSIFIED,3.130853,2.635989189147949
1511,909759,UNCLASSIFIED,-2.850968,-1.7267966270446777
1010,1322218,UNCLASSIFIED,2.527004,2.8430075645446777
1088,946357,UNCLASSIFIED,-0.438016,0.44297969341278076
1622,946361,UNCLASSIFIED,5.109417,4.481149196624756
1578,1303896,UNCLASSIFIED,3.176803,3.0614302158355713
1058,908467,UNCLASSIFIED,1.638272,2.386381149291992
1559,1298539,UNCLASSIFIED,-0.543438,-1.4420011043548584
2040,1298219,UNCLASSIFIED,3.919143,2.7795023918151855
1549,924105,UNCLASSIFIED,-1.011404,0.2652692198753357
1930,1298539,UNCLASSIFIED,1.245323,2.406914710998535
1088,908156,UNCLASSIFIED,-1.10639,-0.3587214946746826
1625,909777,UNCLASSIFIED,4.683573,3.5371804237365723
1003,909699,UNCLASSIFIED,-0.141942,0.3887206017971039
1191,906827,UNCLASSIFIED,-5.370169,-5.415320873260498
1004,906794,UNCLASSIFIED,-2.86716,-3.116678237915039
1507,910401,UNCLASSIFIED,3.681281,3.6414570808410645
1553,905973,UNCLASSIFIED,2.676003,4.515598773956299
1939,907298,UNCLASSIFIED,3.496791,2.689419984817505
2107,905965,UNCLASSIFIED,4.039446,3.7847237586975098
2045,908138,UNCLASSIFIED,5.07726,4.889703273773193
1576,1298352,UNCLASSIFIED,6.299405,5.541207790374756
2110,1331039,UNCLASSIFIED,4.51117,4.451117515563965
1617,949168,UNCLASSIFIED,2.161774,1.9581801891326904
1617,906852,UNCLASSIFIED,2.108191,3.569187879562378
1576,909701,UNCLASSIFIED,0.995909,2.13142728805542
1249,909756,UNCLASSIFIED,5.081642,4.619730472564697
1624,905973,UNCLASSIFIED,4.467233,2.692638874053955
1549,1240215,UNCLASSIFIED,4.461076,4.644338607788086
1622,1322218,UNCLASSIFIED,5.038595,3.766615390777588
1912,1298539,UNCLASSIFIED,5.042239,4.345682144165039
1549,907268,UNCLASSIFIED,2.196203,2.8885610103607178
1012,908131,UNCLASSIFIED,2.364166,1.946135401725769
1091,909975,UNCLASSIFIED,3.700729,3.2238383293151855
1529,687829,UNCLASSIFIED,2.140564,1.5750237703323364
1057,908158,UNCLASSIFIED,-2.559847,-3.308650255203247
1553,909731,UNCLASSIFIED,1.454223,2.266536235809326
1054,908459,UNCLASSIFIED,5.998958,5.051013469696045
1249,907290,UNCLASSIFIED,5.927142,4.785687446594238
1190,909717,UNCLASSIFIED,-2.326716,-2.26334810256958
1248,909707,UNCLASSIFIED,-4.299799,-1.5930135250091553
1618,1322218,UNCLASSIFIED,3.17542,3.3961262702941895
1927,908136,UNCLASSIFIED,4.074941,4.290937423706055
1928,949166,UNCLASSIFIED,5.456058,5.624712944030762
1931,1290765,UNCLASSIFIED,4.804552,5.308043956756592
1036,1240144,UNCLASSIFIED,4.854434,4.12446403503418
1916,910705,UNCLASSIFIED,1.965651,2.288984537124634
1250,753539,UNCLASSIFIED,0.65111,3.0366623401641846
1576,906847,UNCLASSIFIED,1.986834,2.2866923809051514
1930,949168,UNCLASSIFIED,0.631739,1.7805434465408325
1559,907056,UNCLASSIFIED,-0.45071,-0.8555700778961182
1926,1298539,UNCLASSIFIED,2.739338,1.7810310125350952
1933,949155,UNCLASSIFIED,3.647408,2.825228691101074
1916,1322218,UNCLASSIFIED,0.945664,2.157021999359131
1618,908158,UNCLASSIFIED,2.137828,2.313443899154663
1510,684052,UNCLASSIFIED,1.766885,1.610373854637146
1561,906804,UNCLASSIFIED,-2.588772,0.24057623744010925
1918,1240215,UNCLASSIFIED,2.636256,2.733142375946045
1053,906831,UNCLASSIFIED,1.796593,2.1224989891052246
1630,724831,UNCLASSIFIED,3.462552,3.6268980503082275
1635,909731,UNCLASSIFIED,4.520654,4.262502670288086
1620,946361,UNCLASSIFIED,4.954404,5.42997932434082
1613,908159,UNCLASSIFIED,0.897952,1.4545979499816895
1049,907064,UNCLASSIFIED,4.81262,4.745727062225342
1557,905973,UNCLASSIFIED,5.815118,4.468858242034912
1915,684072,UNCLASSIFIED,2.522884,2.2748143672943115
1631,909777,UNCLASSIFIED,1.880383,1.7089998722076416
1249,908127,UNCLASSIFIED,2.698815,3.093425750732422
1007,907072,UNCLASSIFIED,-5.199044,-5.671956539154053
1005,908127,UNCLASSIFIED,2.264585,2.747323989868164
1190,684072,UNCLASSIFIED,-5.020614,-4.925208568572998
1047,908474,UNCLASSIFIED,4.212999,5.325438022613525
1613,724831,UNCLASSIFIED,3.840584,4.308141231536865
1088,684072,UNCLASSIFIED,-0.31505,-0.9306677579879761
1941,907322,UNCLASSIFIED,-3.304776,-3.882124900817871
1908,1240221,UNCLASSIFIED,2.433933,2.1225998401641846
1512,909759,UNCLASSIFIED,4.399589,4.65920877456665
1615,908136,UNCLASSIFIED,4.577982,4.276131629943848
1786,909756,UNCLASSIFIED,4.87355,2.2433359622955322
1089,906852,UNCLASSIFIED,5.04076,5.0904951095581055
1083,907322,UNCLASSIFIED,3.372289,2.064037561416626
1047,949166,UNCLASSIFIED,5.671127,5.302409648895264
1003,1240221,UNCLASSIFIED,-4.517578,-4.896356105804443
1564,907000,UNCLASSIFIED,0.855572,2.7759995460510254
2046,724855,UNCLASSIFIED,3.437384,2.8225460052490234
1049,930082,UNCLASSIFIED,4.245096,3.5645251274108887
1593,906848,UNCLASSIFIED,-0.408302,1.0966517925262451
1058,907043,UNCLASSIFIED,2.696374,1.156303882598877
1997,906827,UNCLASSIFIED,3.969348,3.683666706085205
1049,910705,UNCLASSIFIED,3.217905,2.1013786792755127
1853,905965,UNCLASSIFIED,3.825096,3.116745948791504
1928,909696,UNCLASSIFIED,2.721466,3.0164170265197754
1854,1303896,UNCLASSIFIED,4.622667,3.9869256019592285
1622,687600,UNCLASSIFIED,5.195873,4.53436803817749
1068,906794,UNCLASSIFIED,1.127749,1.621917963027954
1614,909777,UNCLASSIFIED,2.115834,2.584699869155884
1852,949156,UNCLASSIFIED,6.065069,5.688815593719482
1089,1331049,UNCLASSIFIED,0.950956,1.274723768234253
1561,906831,UNCLASSIFIED,1.922963,2.257363796234131
1930,907050,UNCLASSIFIED,2.028872,3.2342329025268555
1168,908142,UNCLASSIFIED,2.579212,2.185481071472168
1079,908471,UNCLASSIFIED,3.725155,1.9663180112838745
1259,909264,UNCLASSIFIED,4.996274,3.776965856552124
2106,906847,UNCLASSIFIED,2.561362,2.2726595401763916
1626,1303896,UNCLASSIFIED,-0.484033,-1.040764331817627
1629,908459,UNCLASSIFIED,5.461704,5.0616912841796875
1083,909731,UNCLASSIFIED,0.910731,1.8600724935531616
1057,910942,UNCLASSIFIED,-0.417185,-2.870959520339966
1248,907050,UNCLASSIFIED,-4.849435,-1.4144362211227417
1594,688121,UNCLASSIFIED,5.572995,5.816237926483154
1046,949165,UNCLASSIFIED,3.28346,2.00766921043396
1239,908159,UNCLASSIFIED,0.589801,0.27432799339294434
1622,905965,UNCLASSIFIED,2.067723,2.3103160858154297
1372,909701,UNCLASSIFIED,0.280414,0.7706185579299927
1613,1240221,UNCLASSIFIED,1.903889,2.558701276779175
1932,908471,UNCLASSIFIED,3.791053,3.4381065368652344
1630,684072,UNCLASSIFIED,4.765681,3.6395606994628906
1268,906847,UNCLASSIFIED,4.464255,4.639520168304443
1080,909769,UNCLASSIFIED,-1.202252,0.3466702699661255
1613,1330987,UNCLASSIFIED,-0.755985,1.0539443492889404
1268,907056,UNCLASSIFIED,4.146844,4.23803186416626
1932,907268,UNCLASSIFIED,1.779639,2.0163636207580566
1926,1290765,UNCLASSIFIED,1.353083,1.477447509765625
1873,908149,UNCLASSIFIED,2.370419,1.625077247619629
1007,908474,UNCLASSIFIED,-5.633858,-5.927917957305908
1046,724855,UNCLASSIFIED,1.412657,4.587093830108643
1930,949163,UNCLASSIFIED,0.693457,0.31018757820129395
1941,1240215,UNCLASSIFIED,-6.051831,-3.7304368019104004
1003,907043,UNCLASSIFIED,-4.676639,-5.01293420791626
2043,1298539,UNCLASSIFIED,6.030684,5.863893508911133
1053,909785,UNCLASSIFIED,-1.395978,-0.8192775249481201
1615,907290,UNCLASSIFIED,6.463651,6.227785110473633
1912,906836,UNCLASSIFIED,1.796472,1.0829368829727173
1936,909720,UNCLASSIFIED,2.038353,2.9523327350616455
1561,925343,UNCLASSIFIED,3.708071,2.79679012298584
1017,1240210,UNCLASSIFIED,3.793847,3.1648480892181396
1549,906846,UNCLASSIFIED,3.046374,3.5426645278930664
1004,1330935,UNCLASSIFIED,-2.743061,-4.065857887268066
1620,1240144,UNCLASSIFIED,5.157275,5.065782070159912
1873,907060,UNCLASSIFIED,0.753029,0.6257138252258301
1925,909720,UNCLASSIFIED,5.46658,5.024288654327393
1559,949157,UNCLASSIFIED,-2.905206,-2.184852123260498
1249,684052,UNCLASSIFIED,2.613217,2.4289538860321045
1010,1331049,UNCLASSIFIED,2.970969,2.849958896636963
1624,907043,UNCLASSIFIED,-0.412493,1.119078516960144
1179,724831,UNCLASSIFIED,0.006694,0.718804657459259
2110,905973,UNCLASSIFIED,6.06457,4.9874162673950195
1558,1240210,UNCLASSIFIED,2.125313,1.4168275594711304
1007,907064,UNCLASSIFIED,-4.229242,-4.0568718910217285
1617,687829,UNCLASSIFIED,3.190459,5.018748760223389
1003,687600,UNCLASSIFIED,0.782097,-0.6928769946098328
1079,753586,UNCLASSIFIED,0.458247,0.4286709427833557
1057,753539,UNCLASSIFIED,-2.862114,-0.7985645532608032
2096,971773,UNCLASSIFIED,2.788159,2.7837095260620117
1559,909731,UNCLASSIFIED,-2.941807,-3.24576735496521
1093,1240128,UNCLASSIFIED,3.832119,4.138102054595947
1862,949158,UNCLASSIFIED,-2.049772,-2.111107587814331
1005,910706,UNCLASSIFIED,0.924491,0.6747180819511414
1047,930082,UNCLASSIFIED,4.78305,5.224709510803223
1089,909977,UNCLASSIFIED,6.610563,5.653625011444092
1375,909756,UNCLASSIFIED,6.901006,6.305737018585205
1088,909717,UNCLASSIFIED,1.387363,1.7089287042617798
1912,924186,UNCLASSIFIED,2.752971,2.3037517070770264
1047,910942,UNCLASSIFIED,0.564332,2.9234836101531982
1911,1240184,UNCLASSIFIED,-4.244497,-4.313517093658447
1168,684062,UNCLASSIFIED,3.198964,2.4355320930480957
1054,924105,UNCLASSIFIED,3.099588,1.9899197816848755
1936,1331040,UNCLASSIFIED,0.592379,1.0871597528457642
1910,909262,UNCLASSIFIED,2.969647,2.6686506271362305
2040,1240166,UNCLASSIFIED,0.492258,0.26083043217658997
1073,925343,UNCLASSIFIED,6.423733,5.844872951507568
1930,1330933,UNCLASSIFIED,-1.085476,-0.2985498309135437
1862,908149,UNCLASSIFIED,-1.937999,-1.4315056800842285
1615,906838,UNCLASSIFIED,5.168888,4.290637016296387
1560,906804,UNCLASSIFIED,0.091883,0.8499513268470764
1936,1330933,UNCLASSIFIED,0.370352,1.21821928024292
1017,909701,UNCLASSIFIED,2.418824,2.316948652267456
1625,1240210,UNCLASSIFIED,3.684437,4.422823905944824
1088,930082,UNCLASSIFIED,5.229353,3.2770071029663086
1036,909255,UNCLASSIFIED,2.106184,3.5905117988586426
1511,949161,UNCLASSIFIED,-2.998816,-3.2935047149658203
2107,1298219,UNCLASSIFIED,5.800396,6.527245998382568
1060,907273,UNCLASSIFIED,-0.507934,-0.13833148777484894
1911,908156,UNCLASSIFIED,-8.294532,-7.755453109741211
1239,908459,UNCLASSIFIED,3.719282,3.7910823822021484
1553,909774,UNCLASSIFIED,3.463687,3.9949913024902344
2096,907298,UNCLASSIFIED,2.691914,2.4573304653167725
1924,1240149,UNCLASSIFIED,3.625086,3.0393927097320557
1940,906827,UNCLASSIFIED,4.052455,3.860821008682251
1091,908149,UNCLASSIFIED,5.344167,2.2487943172454834
1372,1330987,UNCLASSIFIED,0.541221,1.496147632598877
1618,909701,UNCLASSIFIED,2.373889,2.211500406265259
1006,1290795,UNCLASSIFIED,3.782002,1.0159183740615845
1093,724831,UNCLASSIFIED,4.266488,4.230038642883301
1625,910401,UNCLASSIFIED,3.213065,3.224271535873413
1622,907298,UNCLASSIFIED,4.707265,3.7449591159820557
1635,907298,UNCLASSIFIED,5.059188,4.7043352127075195
1855,1240215,UNCLASSIFIED,4.436626,5.80711030960083
1624,907056,UNCLASSIFIED,2.833632,3.5170722007751465
1598,1240144,UNCLASSIFIED,4.692084,4.352601528167725
1909,949164,UNCLASSIFIED,1.21096,1.586151361465454
2045,1240149,UNCLASSIFIED,4.169237,3.9567086696624756
1933,906848,UNCLASSIFIED,3.927349,3.053049087524414
2106,908132,UNCLASSIFIED,3.577233,1.8740270137786865
1011,688121,UNCLASSIFIED,5.68873,5.0656914710998535
1085,1322218,UNCLASSIFIED,1.648534,1.8893576860427856
1912,949165,UNCLASSIFIED,4.257959,2.8552427291870117
1928,1240128,UNCLASSIFIED,5.669952,4.00883150100708
1912,906853,UNCLASSIFIED,4.515302,4.67728853225708
1239,1240166,UNCLASSIFIED,-0.29799,0.23250533640384674
1873,908136,UNCLASSIFIED,0.284877,0.6455885767936707
1085,908156,UNCLASSIFIED,-5.463442,-4.7634711265563965
1068,906804,UNCLASSIFIED,0.684463,1.1148836612701416
2096,909754,UNCLASSIFIED,5.868984,5.158694744110107
1939,908136,UNCLASSIFIED,2.247927,2.1456634998321533
1022,906856,UNCLASSIFIED,-5.655122,-4.328135013580322
1635,908459,UNCLASSIFIED,5.915962,5.366972923278809
1131,1240210,UNCLASSIFIED,2.739125,5.152414798736572
1913,906846,UNCLASSIFIED,3.975036,4.125611782073975
1786,905965,UNCLASSIFIED,2.431543,0.8442296385765076
1634,946361,UNCLASSIFIED,3.564349,4.4494309425354
1180,949167,UNCLASSIFIED,-3.506542,-3.149853229522705
1004,909732,UNCLASSIFIED,-4.692018,-4.092060089111328
1909,909776,UNCLASSIFIED,2.546144,2.777406692504883
1131,1240140,UNCLASSIFIED,6.656998,6.366610527038574
1614,905965,UNCLASSIFIED,1.324787,1.4257785081863403
1635,909756,UNCLASSIFIED,5.820213,5.5077972412109375
1553,907060,UNCLASSIFIED,2.796741,3.132026433944702
2044,909769,UNCLASSIFIED,5.626888,4.617546558380127
1558,909696,UNCLASSIFIED,2.691211,1.9498298168182373
1549,908132,UNCLASSIFIED,4.532323,3.7254059314727783
1093,724855,UNCLASSIFIED,4.804837,5.116762638092041
1054,909776,UNCLASSIFIED,4.002316,4.624220371246338
1928,906848,UNCLASSIFIED,1.926687,3.7024986743927
1933,909785,UNCLASSIFIED,2.148421,1.975663423538208
1927,909754,UNCLASSIFIED,6.45531,6.074830055236816
1036,906794,UNCLASSIFIED,4.696627,4.39101505279541
1854,910906,UNCLASSIFIED,4.401397,3.926830530166626
1046,907796,UNCLASSIFIED,2.718375,2.951796531677246
1013,925345,UNCLASSIFIED,1.44308,1.9504226446151733
1916,906804,UNCLASSIFIED,1.003975,0.1116357296705246
1549,909732,UNCLASSIFIED,5.097835,4.237693786621094
1799,753539,UNCLASSIFIED,5.135233,4.508367538452148
1997,949165,UNCLASSIFIED,3.657419,3.074709892272949
1919,908142,UNCLASSIFIED,0.318157,1.5723068714141846
1621,909776,UNCLASSIFIED,5.059284,5.299252033233643
1563,687780,UNCLASSIFIED,6.504486,6.078896522521973
2040,910906,UNCLASSIFIED,-0.735645,0.21351097524166107
1529,684052,UNCLASSIFIED,-1.872448,-1.8242042064666748
1563,907273,UNCLASSIFIED,4.564442,4.19077730178833
1917,910906,UNCLASSIFIED,0.937987,0.9398369193077087
1046,753539,UNCLASSIFIED,1.389873,0.7034684419631958
1088,949155,UNCLASSIFIED,-0.750553,-0.2505899667739868
1786,907322,UNCLASSIFIED,0.961967,1.7018799781799316
1630,909720,UNCLASSIFIED,3.60839,3.6417627334594727
1046,907322,UNCLASSIFIED,-0.082237,0.3193954527378082
1084,910695,UNCLASSIFIED,-0.573847,-0.9556803703308105
1375,908467,UNCLASSIFIED,4.584408,5.372132301330566
1930,908471,UNCLASSIFIED,-0.000128,-0.6791501045227051
1080,908142,UNCLASSIFIED,-4.506375,-4.0779266357421875
1051,1330935,UNCLASSIFIED,2.198118,0.17368772625923157
1036,907299,UNCLASSIFIED,5.31033,3.4692800045013428
1036,909756,UNCLASSIFIED,3.463009,5.075000762939453
1614,1330933,UNCLASSIFIED,2.435891,3.089968204498291
1529,930082,UNCLASSIFIED,-1.967208,0.11596642434597015
1922,724831,UNCLASSIFIED,4.183768,2.6255431175231934
1622,949160,UNCLASSIFIED,4.053781,4.073706150054932
1088,907043,UNCLASSIFIED,0.015444,0.06462185084819794
1862,905965,UNCLASSIFIED,-1.699307,-2.528027057647705
1237,949165,UNCLASSIFIED,5.432829,4.982772350311279
1926,687780,UNCLASSIFIED,-0.58466,0.7628911137580872
1617,724831,UNCLASSIFIED,0.883501,1.1298565864562988
2110,909777,UNCLASSIFIED,3.146075,2.68058180809021
1629,907073,UNCLASSIFIED,2.561452,3.2698843479156494
1004,925345,UNCLASSIFIED,-2.464038,-3.0148704051971436
1908,908136,UNCLASSIFIED,2.291124,2.6712937355041504
2048,909716,UNCLASSIFIED,-3.198638,-3.4566900730133057
1854,1330935,UNCLASSIFIED,2.753908,3.5242409706115723
1036,1298534,UNCLASSIFIED,7.02135,5.701005935668945
2107,909777,UNCLASSIFIED,4.965807,3.7926316261291504
1089,1240140,UNCLASSIFIED,4.512921,3.1256093978881836
1549,910942,UNCLASSIFIED,3.990013,3.878675699234009
1005,684052,UNCLASSIFIED,-0.085933,0.7959876656532288
1630,908136,UNCLASSIFIED,4.364464,3.0579142570495605
1933,909769,UNCLASSIFIED,6.430588,4.856994152069092
1190,1290807,UNCLASSIFIED,4.229703,3.1687095165252686
1034,909732,UNCLASSIFIED,-2.434753,-2.8078901767730713
1855,1240221,UNCLASSIFIED,2.814175,3.113649606704712
1091,905965,UNCLASSIFIED,-0.62554,0.44522228837013245
1873,907056,UNCLASSIFIED,2.222374,1.9872455596923828
1036,949157,UNCLASSIFIED,4.676265,4.623354434967041
1917,909785,UNCLASSIFIED,0.093863,-0.1670089215040207
1093,908131,UNCLASSIFIED,4.811716,4.690532207489014
1036,908127,UNCLASSIFIED,4.293254,4.348373889923096
1578,906794,UNCLASSIFIED,5.413545,4.989128112792969
1622,924105,UNCLASSIFIED,4.126668,4.3741912841796875
1852,906794,UNCLASSIFIED,4.127438,4.844184398651123
1058,909696,UNCLASSIFIED,0.176664,1.0223439931869507
1622,907000,UNCLASSIFIED,4.130675,3.9770123958587646
2044,949155,UNCLASSIFIED,1.626125,2.247089385986328
1918,909696,UNCLASSIFIED,2.534505,2.191290855407715
1007,907299,UNCLASSIFIED,-4.649537,-5.607979774475098
1375,906856,UNCLASSIFIED,2.697014,5.145336627960205
1855,909977,UNCLASSIFIED,6.216963,6.220529556274414
1553,909722,UNCLASSIFIED,3.037282,2.759310483932495
1933,910706,UNCLASSIFIED,3.363105,2.83341646194458
1559,908149,UNCLASSIFIED,-3.629513,-3.111713409423828
1630,1298534,UNCLASSIFIED,3.906206,5.51409912109375
1926,907060,UNCLASSIFIED,1.508636,-0.11159779131412506
1088,724831,UNCLASSIFIED,2.872415,2.3969202041625977
1854,1330933,UNCLASSIFIED,4.372716,4.280885696411133
1191,1331039,UNCLASSIFIED,-5.771196,-5.677270412445068
1512,910706,UNCLASSIFIED,3.362994,3.6444342136383057
1089,910401,UNCLASSIFIED,3.222152,2.5236825942993164
2106,907298,UNCLASSIFIED,2.371995,1.9087077379226685
1190,1331040,UNCLASSIFIED,-3.82487,-4.391835689544678
1091,908454,UNCLASSIFIED,0.369006,0.722842812538147
1004,1322218,UNCLASSIFIED,-5.036329,-6.0737409591674805
1561,1240166,UNCLASSIFIED,1.962772,2.1954379081726074
1799,909696,UNCLASSIFIED,4.028377,3.7894978523254395
1629,1330933,UNCLASSIFIED,3.560234,3.0474236011505127
1939,949165,UNCLASSIFIED,1.921285,2.0895822048187256
1629,949164,UNCLASSIFIED,4.166241,4.376734733581543
1996,753586,UNCLASSIFIED,4.113592,3.720287561416626
1259,925343,UNCLASSIFIED,1.95323,3.5582685470581055
1855,1303912,UNCLASSIFIED,6.389979,5.520266056060791
1996,907069,UNCLASSIFIED,5.918704,4.05474328994751
1248,924186,UNCLASSIFIED,-4.043289,-5.035295486450195
1034,909769,UNCLASSIFIED,-2.606376,-1.6121186017990112
1005,906861,UNCLASSIFIED,3.657736,3.0361998081207275
1053,909699,UNCLASSIFIED,3.852915,4.31588888168335
1618,724831,UNCLASSIFIED,4.26021,3.797084331512451
1912,906800,UNCLASSIFIED,1.073273,0.3860856592655182
1922,753607,UNCLASSIFIED,1.300999,1.2824749946594238
1930,1240128,UNCLASSIFIED,0.598226,0.07410965859889984
1007,909776,UNCLASSIFIED,-4.058146,-3.988682270050049
1084,910784,UNCLASSIFIED,-2.678283,-3.1160569190979004
2106,909975,UNCLASSIFIED,5.969174,4.108404636383057
2046,1298219,UNCLASSIFIED,5.741753,5.002026557922363
1239,906804,UNCLASSIFIED,1.035109,1.0101933479309082
1512,909699,UNCLASSIFIED,5.912815,6.933182716369629
1873,949156,UNCLASSIFIED,1.01914,1.4983631372451782
1852,908142,UNCLASSIFIED,3.659029,4.52714729309082
1915,925341,UNCLASSIFIED,2.894863,2.791524887084961
1051,910695,UNCLASSIFIED,0.583678,3.2692878246307373
1908,907043,UNCLASSIFIED,1.172025,0.8273494243621826
1598,1327774,UNCLASSIFIED,3.103772,2.5514233112335205
1511,907000,UNCLASSIFIED,-3.174194,-2.5291223526000977
1022,907323,UNCLASSIFIED,-1.096348,-1.3405123949050903
1034,909756,UNCLASSIFIED,-3.131557,-3.341010093688965
1908,909264,UNCLASSIFIED,3.499956,2.317013740539551
1873,907299,UNCLASSIFIED,-0.409351,0.08653482794761658
1036,1240128,UNCLASSIFIED,2.943145,2.7210936546325684
1375,908127,UNCLASSIFIED,5.518905,5.805611610412598
1010,949163,UNCLASSIFIED,2.291467,2.3210954666137695
2048,684059,UNCLASSIFIED,-5.536014,-5.359991073608398
1621,1290795,UNCLASSIFIED,4.934905,4.792426109313965
1049,910695,UNCLASSIFIED,3.893533,5.201958179473877
1079,907796,UNCLASSIFIED,1.102236,1.7105958461761475
1011,906846,UNCLASSIFIED,1.788274,2.666947841644287
1010,753586,UNCLASSIFIED,4.000034,3.5141587257385254
1908,949167,UNCLASSIFIED,3.470815,2.4127197265625
1047,949156,UNCLASSIFIED,3.718635,5.0580878257751465
1855,910849,UNCLASSIFIED,4.150094,4.6051836013793945
1933,908454,UNCLASSIFIED,2.139664,3.771512746810913
1549,1331049,UNCLASSIFIED,3.924993,3.6175684928894043
1268,910703,UNCLASSIFIED,3.835474,4.5466413497924805
1936,687780,UNCLASSIFIED,2.96803,2.4047224521636963
1375,924110,UNCLASSIFIED,5.406687,5.688892364501953
1928,908159,UNCLASSIFIED,2.181845,2.2808847427368164
1089,906847,UNCLASSIFIED,2.385228,2.26301908493042
1620,906852,UNCLASSIFIED,6.053309,5.7140583992004395
1909,909264,UNCLASSIFIED,3.257275,2.2850770950317383
1011,1298539,UNCLASSIFIED,3.278871,2.0930213928222656
1614,1298534,UNCLASSIFIED,4.409151,5.492125034332275
1248,1240140,UNCLASSIFIED,-7.203366,-4.559860706329346
1617,1240184,UNCLASSIFIED,1.886025,2.5268163681030273
1557,910695,UNCLASSIFIED,5.552562,5.363614082336426
1561,924105,UNCLASSIFIED,-1.202055,-0.7959336042404175
1036,907072,UNCLASSIFIED,3.575979,3.491100549697876
1085,684062,UNCLASSIFIED,1.895232,2.426072120666504
1908,949166,UNCLASSIFIED,5.186823,4.165111064910889
1083,907000,UNCLASSIFIED,1.637963,2.3980932235717773
1560,1331039,UNCLASSIFIED,3.790789,3.6699330806732178
1925,909717,UNCLASSIFIED,4.134229,4.8457560539245605
1911,907290,UNCLASSIFIED,-4.194836,-3.4085047245025635
1085,925345,UNCLASSIFIED,1.921725,2.2058210372924805
1940,909699,UNCLASSIFIED,5.126756,3.957608699798584
1180,724863,UNCLASSIFIED,-2.900987,-3.130937099456787
1373,909769,UNCLASSIFIED,4.99029,5.6857171058654785
1916,909720,UNCLASSIFIED,3.97648,3.385491371154785
1373,925345,UNCLASSIFIED,4.784029,4.318005084991455
1618,909975,UNCLASSIFIED,5.454991,5.122954845428467
1047,909759,UNCLASSIFIED,0.71928,1.1144276857376099
1912,909759,UNCLASSIFIED,2.983716,2.3396401405334473
1083,1240144,UNCLASSIFIED,2.426394,3.5362637042999268
1593,724863,UNCLASSIFIED,2.908723,2.101022243499756
1918,724863,UNCLASSIFIED,5.58946,3.246283531188965
1564,1240184,UNCLASSIFIED,0.910962,2.092902421951294
1564,909716,UNCLASSIFIED,3.900687,2.4790613651275635
1564,1240144,UNCLASSIFIED,2.564274,3.443382978439331
1047,1240184,UNCLASSIFIED,5.965442,5.4222588539123535
1613,1240166,UNCLASSIFIED,2.082006,1.6940886974334717
1003,907268,UNCLASSIFIED,-3.36021,-4.902328968048096
1259,946361,UNCLASSIFIED,5.143228,2.7649245262145996
2048,906848,UNCLASSIFIED,-3.856946,-4.233578681945801
1598,908459,UNCLASSIFIED,5.103476,4.68470573425293
1512,906827,UNCLASSIFIED,4.632237,4.961742401123047
1036,907073,UNCLASSIFIED,2.924886,3.8802027702331543
1025,907047,UNCLASSIFIED,4.020308,4.500089645385742
1578,971773,UNCLASSIFIED,4.254997,4.306492328643799
1909,906848,UNCLASSIFIED,-0.986968,0.9123625755310059
1239,907069,UNCLASSIFIED,2.375268,2.3963825702667236
1855,909759,UNCLASSIFIED,4.578103,4.962045669555664
1873,908159,UNCLASSIFIED,0.248825,0.12392663955688477
1618,908131,UNCLASSIFIED,4.62272,4.345315456390381
1627,908471,UNCLASSIFIED,1.611418,2.465963125228882
1034,908467,UNCLASSIFIED,-3.01306,-2.5028340816497803
1629,909976,UNCLASSIFIED,4.18599,3.8277738094329834
1997,907000,UNCLASSIFIED,3.599221,3.4086663722991943
1576,906831,UNCLASSIFIED,1.430154,1.8590360879898071
1996,907796,UNCLASSIFIED,4.707239,4.504173278808594
1168,925345,UNCLASSIFIED,1.265036,2.367286443710327
1093,1240184,UNCLASSIFIED,6.300984,4.818148612976074
1873,949167,UNCLASSIFIED,0.550156,0.19776754081249237
1005,910906,UNCLASSIFIED,1.878861,1.2927991151809692
2111,906794,UNCLASSIFIED,4.037785,4.287832260131836
1852,1330987,UNCLASSIFIED,3.988306,4.146244525909424
1250,930082,UNCLASSIFIED,4.622004,1.9532179832458496
1617,949161,UNCLASSIFIED,1.351699,1.429491639137268
1928,909720,UNCLASSIFIED,5.443007,4.696386814117432
2044,909976,UNCLASSIFIED,2.697447,3.2205216884613037
1873,1330933,UNCLASSIFIED,0.274019,-0.14391525089740753
1512,971773,UNCLASSIFIED,4.014359,4.008883476257324
1939,687780,UNCLASSIFIED,1.854165,2.446336030960083
1622,910784,UNCLASSIFIED,4.789507,5.203691482543945
1799,908467,UNCLASSIFIED,4.46806,5.299105167388916
1629,909977,UNCLASSIFIED,5.92579,5.2845845222473145
1593,909707,UNCLASSIFIED,3.351812,2.7408204078674316
1613,907073,UNCLASSIFIED,2.764732,2.151057243347168
1080,949165,UNCLASSIFIED,-2.096625,-3.994296073913574
1927,909255,UNCLASSIFIED,3.664869,3.9843318462371826
1617,1330935,UNCLASSIFIED,1.128649,1.07083261013031
1629,906836,UNCLASSIFIED,3.32919,2.784299612045288
1931,905965,UNCLASSIFIED,3.968116,3.023825168609619
1036,909779,UNCLASSIFIED,5.700978,4.898870468139648
1939,908158,UNCLASSIFIED,3.716628,2.520693063735962
1022,910849,UNCLASSIFIED,-0.629131,-0.012927040457725525
1631,909785,UNCLASSIFIED,0.733982,0.1651972234249115
1510,949168,UNCLASSIFIED,2.495843,2.2560067176818848
1563,909769,UNCLASSIFIED,6.448001,6.317117214202881
1620,925341,UNCLASSIFIED,4.432993,5.117798805236816
1626,1298219,UNCLASSIFIED,4.687615,3.17287015914917
1096,907047,UNCLASSIFIED,3.487739,2.5472218990325928
1012,971773,UNCLASSIFIED,0.151278,0.835562527179718
1091,907069,UNCLASSIFIED,2.1065,1.5019595623016357
1079,908467,UNCLASSIFIED,3.631248,2.7288119792938232
1928,910942,UNCLASSIFIED,4.086004,2.999053478240967
1057,906853,UNCLASSIFIED,1.470514,0.7722784876823425
1936,925345,UNCLASSIFIED,1.1553,2.594528913497925
2047,1240215,UNCLASSIFIED,3.422574,3.9986302852630615
2048,906794,UNCLASSIFIED,-2.084343,-2.560638904571533
1088,1298539,UNCLASSIFIED,4.874976,4.238643169403076
1558,949166,UNCLASSIFIED,5.853639,4.121600151062012
1559,753607,UNCLASSIFIED,-2.607781,-1.1447614431381226
1068,924110,UNCLASSIFIED,3.499912,1.4631054401397705
1373,908138,UNCLASSIFIED,5.19224,4.8785223960876465
1849,1240221,UNCLASSIFIED,-2.576993,-1.248141884803772
1917,930082,UNCLASSIFIED,1.734858,1.7747970819473267
2040,1298539,UNCLASSIFIED,3.872611,2.2844762802124023
1634,724863,UNCLASSIFIED,3.945946,3.8484508991241455
1046,906831,UNCLASSIFIED,1.236726,0.7368983030319214
1510,1303912,UNCLASSIFIED,4.677192,4.025327682495117
1854,907298,UNCLASSIFIED,4.560785,4.253468990325928
1932,684052,UNCLASSIFIED,1.30453,1.0282083749771118
1559,684057,UNCLASSIFIED,-2.985962,-2.905397891998291
2096,1290795,UNCLASSIFIED,3.262264,2.8239617347717285
1910,1240215,UNCLASSIFIED,3.389175,2.9400670528411865
1057,909754,UNCLASSIFIED,-0.378874,1.3514598608016968
1058,906846,UNCLASSIFIED,0.544107,0.2817474603652954
1268,910851,UNCLASSIFIED,3.898924,4.647626876831055
1080,906847,UNCLASSIFIED,-2.743021,-3.5952343940734863
1091,908142,UNCLASSIFIED,1.89493,1.2401186227798462
1005,1240215,UNCLASSIFIED,3.916077,4.445869445800781
1529,946361,UNCLASSIFIED,2.448777,0.035361990332603455
1553,1240166,UNCLASSIFIED,3.01756,2.4016189575195312
1799,906831,UNCLASSIFIED,4.33701,3.4994215965270996
1047,908132,UNCLASSIFIED,2.168895,0.27258816361427307
1010,906800,UNCLASSIFIED,2.307113,2.564871072769165
1629,1327774,UNCLASSIFIED,2.854376,3.0790600776672363
1004,1240128,UNCLASSIFIED,-4.155677,-3.648448944091797
1200,946357,UNCLASSIFIED,2.312719,2.1877613067626953
1996,906836,UNCLASSIFIED,1.912599,1.432060956954956
1615,687829,UNCLASSIFIED,5.329666,5.847288608551025
1249,906846,UNCLASSIFIED,2.580896,2.361048936843872
1928,907064,UNCLASSIFIED,5.352155,4.8961710929870605
1926,909720,UNCLASSIFIED,1.035901,-0.018634364008903503
1073,910849,UNCLASSIFIED,5.90048,4.945522785186768
1932,1240215,UNCLASSIFIED,4.452354,2.9866573810577393
1558,905973,UNCLASSIFIED,5.118041,4.893600940704346
1010,909977,UNCLASSIFIED,4.699578,4.457066535949707
1013,907056,UNCLASSIFIED,3.992116,3.016201972961426
1006,907299,UNCLASSIFIED,-1.213494,-1.794440507888794
2106,908467,UNCLASSIFIED,2.235947,3.3726515769958496
1012,924110,UNCLASSIFIED,0.869367,1.361222267150879
1849,906800,UNCLASSIFIED,-2.740388,-2.5955069065093994
1996,908149,UNCLASSIFIED,4.615819,4.010566234588623
1630,906804,UNCLASSIFIED,1.992454,2.424985647201538
1996,905973,UNCLASSIFIED,4.115485,4.340089321136475
1022,909975,UNCLASSIFIED,1.603409,2.0700290203094482
1918,906831,UNCLASSIFIED,2.945175,3.3041040897369385
2040,908138,UNCLASSIFIED,1.271042,0.6206278800964355
1909,909262,UNCLASSIFIED,1.812538,1.8058072328567505
1621,1240140,UNCLASSIFIED,5.047171,4.820925235748291
1054,1240210,UNCLASSIFIED,4.296581,2.846862554550171
1631,906794,UNCLASSIFIED,3.812808,4.068874835968018
1093,909699,UNCLASSIFIED,5.470987,6.013343811035156
1561,925345,UNCLASSIFIED,1.509439,1.1734490394592285
2044,949157,UNCLASSIFIED,2.560568,2.82619047164917
1941,909699,UNCLASSIFIED,-4.237246,-3.0576324462890625
1621,907050,UNCLASSIFIED,7.794095,7.197137832641602
1180,949155,UNCLASSIFIED,-3.986548,-3.893631935119629
1564,906999,UNCLASSIFIED,2.374955,2.082012891769409
1060,908143,UNCLASSIFIED,2.686567,1.531718134880066
1034,906856,UNCLASSIFIED,-5.273603,-5.119244575500488
1057,949167,UNCLASSIFIED,-2.51332,-2.912437915802002
1093,906856,UNCLASSIFIED,3.226415,3.3544881343841553
1190,907323,UNCLASSIFIED,-4.665161,-3.9209818840026855
1617,949160,UNCLASSIFIED,1.385723,1.8089076280593872
1013,1240149,UNCLASSIFIED,3.187058,3.289463520050049
1593,907044,UNCLASSIFIED,1.498193,1.348495602607727
1011,909756,UNCLASSIFIED,4.915993,3.624222993850708
1032,907273,UNCLASSIFIED,1.30232,1.1588362455368042
1917,909777,UNCLASSIFIED,1.255423,1.1937671899795532
1529,906856,UNCLASSIFIED,-1.770184,-1.720913290977478
1036,906838,UNCLASSIFIED,4.614316,5.0439133644104
1598,1290795,UNCLASSIFIED,6.214052,4.703446865081787
1036,1303896,UNCLASSIFIED,3.392514,3.253960371017456
1073,949161,UNCLASSIFIED,2.910484,2.9327447414398193
1564,907796,UNCLASSIFIED,1.580138,2.163483142852783
1057,946357,UNCLASSIFIED,-1.434272,-2.4302480220794678
1559,930082,UNCLASSIFIED,0.972561,-3.3071634769439697
1618,724855,UNCLASSIFIED,4.383896,5.367327690124512
1091,907072,UNCLASSIFIED,0.419757,0.2828212082386017
1200,908156,UNCLASSIFIED,1.138781,1.230162501335144
1089,907073,UNCLASSIFIED,3.379314,1.7096960544586182
1511,906827,UNCLASSIFIED,-1.495478,-1.3399285078048706
1620,908471,UNCLASSIFIED,3.652125,4.83239221572876
1006,909759,UNCLASSIFIED,-3.861837,-0.7915568351745605
1919,908143,UNCLASSIFIED,2.816234,2.2629568576812744
2109,724831,UNCLASSIFIED,2.04713,3.1666994094848633
1620,1331049,UNCLASSIFIED,4.680475,4.365479946136475
1559,906852,UNCLASSIFIED,-1.678281,-2.364893913269043
1557,906847,UNCLASSIFIED,3.945945,4.533288955688477
1927,909976,UNCLASSIFIED,4.961736,4.5015764236450195
2109,1290765,UNCLASSIFIED,1.950381,2.69119930267334
1873,906831,UNCLASSIFIED,1.08102,0.5318982601165771
1614,907000,UNCLASSIFIED,2.487724,2.8882408142089844
2045,908149,UNCLASSIFIED,3.994489,4.828012943267822
2110,949165,UNCLASSIFIED,5.453671,4.5120134353637695
1091,949168,UNCLASSIFIED,2.326731,2.444812536239624
1558,908136,UNCLASSIFIED,2.085177,2.0241036415100098
1621,908132,UNCLASSIFIED,0.740715,2.886298418045044
1512,949157,UNCLASSIFIED,4.756842,5.77247953414917
1624,1331049,UNCLASSIFIED,4.518394,2.806922674179077
1598,908143,UNCLASSIFIED,3.078211,2.814338445663452
1855,908467,UNCLASSIFIED,2.203891,4.176454544067383
1941,949155,UNCLASSIFIED,-5.372146,-5.5071306228637695
1268,907323,UNCLASSIFIED,2.150293,3.648338794708252
1912,1330933,UNCLASSIFIED,2.041613,2.0911033153533936
1529,949157,UNCLASSIFIED,-0.222111,2.4593966007232666
2046,909255,UNCLASSIFIED,3.278862,2.600574016571045
1239,906827,UNCLASSIFIED,2.501381,1.8750311136245728
1913,724863,UNCLASSIFIED,5.784937,4.6421380043029785
1620,684062,UNCLASSIFIED,4.198751,5.059168338775635
1190,724831,UNCLASSIFIED,-1.836697,-0.50034099817276
1177,909779,UNCLASSIFIED,5.17727,4.7532734870910645
1011,909759,UNCLASSIFIED,1.83936,2.314444065093994
1017,949164,UNCLASSIFIED,3.623011,3.161369562149048
1932,949157,UNCLASSIFIED,1.545605,1.3006951808929443
1177,910849,UNCLASSIFIED,2.738032,4.583542823791504
1630,1330987,UNCLASSIFIED,2.39761,1.0813350677490234
1849,1298534,UNCLASSIFIED,-0.846289,0.32821527123451233
1054,687780,UNCLASSIFIED,4.510648,4.017426013946533
1927,907072,UNCLASSIFIED,4.828957,3.9620633125305176
1060,925345,UNCLASSIFIED,1.670196,1.4604912996292114
1996,909696,UNCLASSIFIED,3.611049,2.7850096225738525
1927,909779,UNCLASSIFIED,5.29282,4.863846302032471
1073,1330987,UNCLASSIFIED,2.659087,2.954751491546631
1630,908143,UNCLASSIFIED,5.141392,3.983492612838745
1615,1240128,UNCLASSIFIED,4.198253,4.722906589508057
1049,1240149,UNCLASSIFIED,2.994143,2.94366717338562
1047,908158,UNCLASSIFIED,0.722509,1.7520081996917725
1057,1330987,UNCLASSIFIED,-3.479812,-2.7617335319519043
1091,909699,UNCLASSIFIED,2.902896,3.846339225769043
1511,906794,UNCLASSIFIED,-0.235387,-1.0710152387619019
1634,906794,UNCLASSIFIED,3.991335,4.37743616104126
1629,687600,UNCLASSIFIED,5.635853,4.5143303871154785
1512,910695,UNCLASSIFIED,5.696197,5.6605401039123535
2043,908156,UNCLASSIFIED,-0.492995,2.6591203212738037
1916,909716,UNCLASSIFIED,1.038153,1.4844599962234497
1618,906838,UNCLASSIFIED,3.776029,3.4911065101623535
1996,908471,UNCLASSIFIED,4.029324,2.424943447113037
1091,1303912,UNCLASSIFIED,1.766551,1.5259767770767212
1032,906838,UNCLASSIFIED,0.584276,1.5334796905517578
2109,908474,UNCLASSIFIED,2.515035,1.9028435945510864
1853,907322,UNCLASSIFIED,4.578562,3.6918118000030518
1093,1303912,UNCLASSIFIED,5.574115,4.6454901695251465
1932,949167,UNCLASSIFIED,0.530459,0.8258833885192871
1924,909716,UNCLASSIFIED,1.051599,1.772756814956665
2106,906838,UNCLASSIFIED,1.372019,2.19702410697937
1576,906849,UNCLASSIFIED,1.053345,2.328536033630371
2040,949168,UNCLASSIFIED,0.581289,0.38209837675094604
1635,908149,UNCLASSIFIED,4.242776,5.103918075561523
1529,971773,UNCLASSIFIED,-2.925456,-2.2228310108184814
1593,905973,UNCLASSIFIED,1.759314,2.798292398452759
2044,910784,UNCLASSIFIED,3.800253,4.002641677856445
1032,909975,UNCLASSIFIED,3.520301,3.565218687057495
1630,910849,UNCLASSIFIED,2.914439,3.3355867862701416
1634,909707,UNCLASSIFIED,3.756304,4.7862043380737305
1200,930082,UNCLASSIFIED,2.869364,2.5162856578826904
2045,909716,UNCLASSIFIED,4.251654,4.787158966064453
1005,907299,UNCLASSIFIED,1.429331,1.4329028129577637
1913,924110,UNCLASSIFIED,3.17268,4.2206902503967285
1853,910401,UNCLASSIFIED,2.93835,3.1251673698425293
1918,908138,UNCLASSIFIED,2.937907,2.817248821258545
1032,1330933,UNCLASSIFIED,1.049986,0.7783234119415283
1852,907060,UNCLASSIFIED,4.657363,4.44449520111084
2111,930082,UNCLASSIFIED,5.335937,3.823552131652832
1084,1303912,UNCLASSIFIED,-3.552096,-1.7986810207366943
1529,910706,UNCLASSIFIED,-2.185956,-1.6837658882141113
1576,687780,UNCLASSIFIED,3.682789,3.36148738861084
2106,908131,UNCLASSIFIED,3.195141,3.1527891159057617
1560,909699,UNCLASSIFIED,3.854923,4.6309494972229
2046,907044,UNCLASSIFIED,0.46896,0.7750146985054016
1940,906831,UNCLASSIFIED,3.444306,3.548264503479004
1091,930082,UNCLASSIFIED,2.606717,1.9996745586395264
1200,1331040,UNCLASSIFIED,0.746502,1.3826483488082886
1910,909756,UNCLASSIFIED,3.094197,2.7173104286193848
1615,1298539,UNCLASSIFIED,5.992938,5.836405277252197
2040,906848,UNCLASSIFIED,0.540463,0.4585743844509125
1091,910906,UNCLASSIFIED,2.564743,1.3711944818496704
1578,753539,UNCLASSIFIED,4.083912,3.9195327758789062
1909,909731,UNCLASSIFIED,1.458762,1.4745087623596191
1005,1240140,UNCLASSIFIED,1.940108,3.5963408946990967
2106,949163,UNCLASSIFIED,1.796328,2.2085931301116943
1083,724831,UNCLASSIFIED,3.205733,3.4406991004943848
1006,906861,UNCLASSIFIED,1.03835,2.342038631439209
1168,908149,UNCLASSIFIED,3.472645,2.6592657566070557
1630,1240140,UNCLASSIFIED,2.857446,3.534888982772827
1089,909262,UNCLASSIFIED,2.784874,1.5711631774902344
1922,908471,UNCLASSIFIED,1.103294,1.96086585521698
1941,949156,UNCLASSIFIED,-6.441556,-4.884836196899414
1373,909975,UNCLASSIFIED,7.036285,6.362404823303223
1908,684052,UNCLASSIFIED,2.894025,1.6321440935134888
1908,753586,UNCLASSIFIED,5.52954,2.884688377380371
1615,910779,UNCLASSIFIED,5.663151,5.519006252288818
1003,906831,UNCLASSIFIED,-3.69488,-3.9407176971435547
1131,906999,UNCLASSIFIED,3.423646,4.415192604064941
1259,1240149,UNCLASSIFIED,2.514155,1.406275987625122
1012,909699,UNCLASSIFIED,1.951121,1.926439642906189
1561,930082,UNCLASSIFIED,3.104825,1.2817023992538452
1576,907323,UNCLASSIFIED,2.184219,1.8859755992889404
1512,906846,UNCLASSIFIED,5.356898,4.582969665527344
2044,1327774,UNCLASSIFIED,2.887442,2.951761484146118
1003,1303896,UNCLASSIFIED,-3.310458,-5.392233848571777
1079,949166,UNCLASSIFIED,3.796025,4.291488170623779
1918,949166,UNCLASSIFIED,3.378257,4.035045146942139
1168,908136,UNCLASSIFIED,2.563212,2.2007713317871094
1936,909976,UNCLASSIFIED,1.598071,1.6571534872055054
1557,909264,UNCLASSIFIED,5.690854,4.740972518920898
1630,908158,UNCLASSIFIED,1.522212,1.3400378227233887
2046,910784,UNCLASSIFIED,2.951874,3.868168830871582
1911,907047,UNCLASSIFIED,-6.47563,-5.479438304901123
1913,909701,UNCLASSIFIED,3.628387,4.1557841300964355
1051,909977,UNCLASSIFIED,4.855942,3.1347756385803223
1032,1240184,UNCLASSIFIED,2.1068,3.3375186920166016
1558,949160,UNCLASSIFIED,1.378659,1.697062611579895
1563,908142,UNCLASSIFIED,4.47868,4.840688228607178
1563,907322,UNCLASSIFIED,5.028782,4.776984214782715
1032,1240166,UNCLASSIFIED,1.647862,1.3798136711120605
2040,906999,UNCLASSIFIED,0.976885,1.839248776435852
1855,908131,UNCLASSIFIED,4.65905,5.602370262145996
1083,910703,UNCLASSIFIED,3.333867,2.320887565612793
1190,905965,UNCLASSIFIED,-4.652375,-5.400805950164795
1576,949165,UNCLASSIFIED,2.493628,2.7897934913635254
1085,907298,UNCLASSIFIED,0.176501,2.0252885818481445
1911,687780,UNCLASSIFIED,-6.25623,-3.985105037689209
1997,925345,UNCLASSIFIED,1.754078,1.3732562065124512
2109,946361,UNCLASSIFIED,3.490872,3.0875792503356934
1925,925345,UNCLASSIFIED,4.634425,4.427487850189209
1873,908467,UNCLASSIFIED,0.551531,0.6908610463142395
1849,910695,UNCLASSIFIED,2.744329,1.252285361289978
1054,908156,UNCLASSIFIED,-0.74033,0.9601309299468994
1249,907073,UNCLASSIFIED,1.870993,2.295985221862793
1080,906856,UNCLASSIFIED,-4.999153,-4.955558776855469
1004,908142,UNCLASSIFIED,-4.982367,-5.407440662384033
1131,909720,UNCLASSIFIED,1.842551,4.999072551727295
1557,909777,UNCLASSIFIED,3.781496,4.060070037841797
1629,907290,UNCLASSIFIED,4.942334,5.744212627410889
1852,930082,UNCLASSIFIED,5.332546,4.871077060699463
1131,949165,UNCLASSIFIED,5.378587,4.612891674041748
1248,905965,UNCLASSIFIED,-4.07807,-6.116759777069092
1916,906847,UNCLASSIFIED,3.617362,2.7719039916992188
1853,924105,UNCLASSIFIED,5.488069,4.1189680099487305
1629,909759,UNCLASSIFIED,4.293674,5.568625450134277
1563,909759,UNCLASSIFIED,5.230881,5.1316328048706055
1054,907290,UNCLASSIFIED,3.846006,5.303327560424805
1091,906800,UNCLASSIFIED,0.983949,1.2878798246383667
1916,684072,UNCLASSIFIED,1.574755,2.5987792015075684
1004,909769,UNCLASSIFIED,-1.60496,-0.05022512376308441
1625,949164,UNCLASSIFIED,4.802039,4.61321496963501
1073,1331039,UNCLASSIFIED,1.891128,3.9271562099456787
1558,907044,UNCLASSIFIED,2.773766,3.5007259845733643
1915,906846,UNCLASSIFIED,2.364359,2.424001693725586
1046,908138,UNCLASSIFIED,2.595083,2.3408429622650146
1598,1331040,UNCLASSIFIED,2.334113,2.1269733905792236
1510,687600,UNCLASSIFIED,3.883286,2.9526641368865967
1248,908143,UNCLASSIFIED,-5.877088,-4.389951705932617
1615,724863,UNCLASSIFIED,5.374375,4.818662166595459
1560,907298,UNCLASSIFIED,2.484813,3.279839038848877
1088,907322,UNCLASSIFIED,2.288421,1.2333078384399414
1013,684062,UNCLASSIFIED,4.191511,3.164276599884033
1190,909701,UNCLASSIFIED,-5.077929,-4.893612384796143
1561,907060,UNCLASSIFIED,2.773171,2.2871177196502686
1630,906846,UNCLASSIFIED,1.907282,2.596482992172241
1594,1303896,UNCLASSIFIED,3.295151,3.4538984298706055
1200,907056,UNCLASSIFIED,3.642627,3.1376254558563232
1917,925341,UNCLASSIFIED,1.791176,2.2433276176452637
1799,910849,UNCLASSIFIED,2.928203,5.038299560546875
1013,909756,UNCLASSIFIED,5.128832,4.8541364669799805
1911,909699,UNCLASSIFIED,-4.397962,-2.8091304302215576
1073,910705,UNCLASSIFIED,2.154868,3.1603281497955322
1237,909255,UNCLASSIFIED,4.490921,4.4486775398254395
1625,910906,UNCLASSIFIED,2.733318,3.1350021362304688
1799,949168,UNCLASSIFIED,5.999768,5.239645481109619
1177,908127,UNCLASSIFIED,3.981385,3.83276629447937
1621,724855,UNCLASSIFIED,4.696042,5.301212310791016
2043,1327774,UNCLASSIFIED,2.861891,3.118006706237793
1626,908149,UNCLASSIFIED,3.288297,3.1948063373565674
1248,949160,UNCLASSIFIED,-5.874054,-6.417248249053955
1919,924110,UNCLASSIFIED,2.618772,1.7373969554901123
1917,910706,UNCLASSIFIED,-0.004837,0.7177935838699341
1614,949157,UNCLASSIFIED,2.313547,2.4218764305114746
1598,907073,UNCLASSIFIED,2.399696,3.108945369720459
1084,1322218,UNCLASSIFIED,-2.328985,-3.314431667327881
1080,910401,UNCLASSIFIED,-2.203619,-3.5689148902893066
1997,908156,UNCLASSIFIED,3.455694,2.0873327255249023
1088,906861,UNCLASSIFIED,3.372493,2.4751784801483154
1909,908136,UNCLASSIFIED,2.455262,2.1788172721862793
1924,909262,UNCLASSIFIED,2.68035,2.779794692993164
1058,907298,UNCLASSIFIED,0.126874,0.6749241948127747
1625,684062,UNCLASSIFIED,5.347966,4.806680679321289
1918,907000,UNCLASSIFIED,2.452842,2.390235185623169
1557,908156,UNCLASSIFIED,2.770136,2.962306022644043
1239,906848,UNCLASSIFIED,1.423121,1.2976449728012085
1915,907000,UNCLASSIFIED,1.887197,2.209723472595215
1997,1290765,UNCLASSIFIED,3.536766,3.6458754539489746
1084,949164,UNCLASSIFIED,-2.682261,-3.1259026527404785
2045,684052,UNCLASSIFIED,4.804032,4.014267444610596
1854,949157,UNCLASSIFIED,5.676644,4.947495937347412
1180,908142,UNCLASSIFIED,-4.186746,-3.8985328674316406
1925,949156,UNCLASSIFIED,4.902844,5.499290466308594
1996,949156,UNCLASSIFIED,2.799803,3.9815845489501953
1598,907056,UNCLASSIFIED,3.540255,4.367234230041504
1873,907290,UNCLASSIFIED,1.760492,1.7439510822296143
1559,908459,UNCLASSIFIED,-0.201481,-1.4271081686019897
1068,910849,UNCLASSIFIED,0.951535,1.2026547193527222
1621,949167,UNCLASSIFIED,2.174769,3.262476682662964
1936,910705,UNCLASSIFIED,0.646627,1.2733782529830933
1079,906804,UNCLASSIFIED,3.396926,1.5487765073776245
1925,971773,UNCLASSIFIED,3.43181,4.028501033782959
1634,908149,UNCLASSIFIED,3.348877,4.260971546173096
1594,906861,UNCLASSIFIED,4.915793,5.056169033050537
1922,908159,UNCLASSIFIED,1.115509,1.4276280403137207
1032,908158,UNCLASSIFIED,1.042834,0.5760716199874878
1512,909264,UNCLASSIFIED,5.381699,5.691170692443848
1625,925341,UNCLASSIFIED,3.944756,4.675931930541992
1190,949155,UNCLASSIFIED,-5.34798,-4.285303115844727
1017,684072,UNCLASSIFIED,0.574785,1.525962471961975
1564,910784,UNCLASSIFIED,3.082408,2.2635350227355957
1626,724831,UNCLASSIFIED,1.044905,2.4210572242736816
1034,924186,UNCLASSIFIED,-5.190697,-5.783121585845947
2045,907056,UNCLASSIFIED,3.839492,4.378870964050293
1036,906800,UNCLASSIFIED,2.135134,2.731292486190796
1862,907322,UNCLASSIFIED,-1.459815,-1.8275408744812012
1047,906856,UNCLASSIFIED,0.372648,-0.031591370701789856
1932,907273,UNCLASSIFIED,1.902598,2.1052331924438477
1191,910942,UNCLASSIFIED,-5.560555,-4.523229598999023
1926,909717,UNCLASSIFIED,0.152596,-0.4361521601676941
1855,908142,UNCLASSIFIED,2.168189,3.063086748123169
1997,907047,UNCLASSIFIED,3.792049,2.8577404022216797
1003,949163,UNCLASSIFIED,-4.616095,-5.135984420776367
1873,908474,UNCLASSIFIED,0.247284,0.7069188952445984
1373,909696,UNCLASSIFIED,4.25664,3.469980001449585
1093,908467,UNCLASSIFIED,2.873594,3.558823347091675
1022,924105,UNCLASSIFIED,-0.218655,0.1458015888929367
1629,910942,UNCLASSIFIED,3.643766,3.5590922832489014
1621,906852,UNCLASSIFIED,3.72555,5.384225368499756
1084,924105,UNCLASSIFIED,-4.575529,-2.8460519313812256
1017,909699,UNCLASSIFIED,6.715373,6.7030720710754395
1168,1290807,UNCLASSIFIED,4.102989,3.5630533695220947
1089,908158,UNCLASSIFIED,0.264699,0.08596250414848328
1054,907299,UNCLASSIFIED,0.703207,0.46321967244148254
1046,909717,UNCLASSIFIED,1.497513,2.0670135021209717
1917,1330987,UNCLASSIFIED,0.844538,0.4021637439727783
1089,909716,UNCLASSIFIED,3.410852,2.855626344680786
1598,906999,UNCLASSIFIED,3.94256,4.579159736633301
1593,907069,UNCLASSIFIED,2.626184,2.3994662761688232
1593,909777,UNCLASSIFIED,2.213791,0.3765318989753723
1933,906856,UNCLASSIFIED,2.788552,1.9915218353271484
1617,907073,UNCLASSIFIED,1.50299,-0.07162867486476898
1916,907047,UNCLASSIFIED,2.53866,2.357224225997925
1912,1240210,UNCLASSIFIED,-1.585892,0.2128996104001999
1631,907047,UNCLASSIFIED,2.817927,2.739640712738037
2106,910706,UNCLASSIFIED,1.3912,2.319251537322998
1046,909696,UNCLASSIFIED,1.580827,1.2371137142181396
1507,1240128,UNCLASSIFIED,4.164793,4.165568828582764
1180,907072,UNCLASSIFIED,-3.680018,-3.2573418617248535
1088,909779,UNCLASSIFIED,3.416668,3.170685291290283
1931,908136,UNCLASSIFIED,1.920588,4.194797039031982
1199,1240210,UNCLASSIFIED,2.982559,2.322821617126465
1626,910849,UNCLASSIFIED,0.466798,2.4979591369628906
1022,906853,UNCLASSIFIED,2.795907,1.7417012453079224
1049,909262,UNCLASSIFIED,3.063142,2.865852117538452
1854,909701,UNCLASSIFIED,4.883629,4.406650066375732
1941,908459,UNCLASSIFIED,-0.487969,-3.8598899841308594
1083,910906,UNCLASSIFIED,0.922694,1.4029568433761597
1239,1330987,UNCLASSIFIED,-1.09946,0.3975788354873657
1529,907273,UNCLASSIFIED,-0.466354,-0.33604496717453003
1634,906856,UNCLASSIFIED,1.782667,2.115987539291382
1190,910703,UNCLASSIFIED,-2.755974,-3.2219419479370117
1046,1330935,UNCLASSIFIED,-0.087766,0.9425777792930603
1634,909777,UNCLASSIFIED,1.971367,2.5964977741241455
1248,910906,UNCLASSIFIED,-7.486382,-7.03626012802124
1507,724855,UNCLASSIFIED,5.767534,5.234866619110107
1560,909720,UNCLASSIFIED,4.915885,4.45554256439209
1005,925343,UNCLASSIFIED,5.603623,3.598332643508911
1925,907047,UNCLASSIFIED,4.718998,4.189274311065674
1003,930082,UNCLASSIFIED,-0.802766,-2.061258316040039
1088,906838,UNCLASSIFIED,2.646727,1.66813063621521
2048,906831,UNCLASSIFIED,-4.781196,-4.2413649559021
1177,907072,UNCLASSIFIED,3.897891,2.401930809020996
1057,1240210,UNCLASSIFIED,-3.415032,-2.866392135620117
1625,906836,UNCLASSIFIED,2.558451,2.9151251316070557
1799,949156,UNCLASSIFIED,6.008377,5.17213773727417
1053,1303896,UNCLASSIFIED,-0.649437,0.6562276482582092
1622,1327774,UNCLASSIFIED,2.903431,2.808683395385742
1068,907298,UNCLASSIFIED,0.757415,0.8742228150367737
1852,1290807,UNCLASSIFIED,5.830394,6.262251853942871
2046,907056,UNCLASSIFIED,3.173947,2.4697623252868652
1910,924110,UNCLASSIFIED,-1.529694,-0.25639837980270386
1941,687780,UNCLASSIFIED,-5.632621,-4.110229969024658
1268,906794,UNCLASSIFIED,3.890661,4.155303001403809
1873,925341,UNCLASSIFIED,2.056404,1.366956114768982
1049,906847,UNCLASSIFIED,3.270499,3.5293171405792236
1911,909707,UNCLASSIFIED,-2.912087,-3.7872257232666016
2045,907047,UNCLASSIFIED,4.933436,4.537392616271973
1004,908467,UNCLASSIFIED,-4.440108,-3.912496566772461
1089,908138,UNCLASSIFIED,3.322077,4.7138237953186035
1913,909731,UNCLASSIFIED,3.716347,3.8877129554748535
1268,908136,UNCLASSIFIED,3.320775,3.9427571296691895
1627,910401,UNCLASSIFIED,0.838643,1.8484432697296143
2045,910705,UNCLASSIFIED,3.484223,2.5644352436065674
1854,909975,UNCLASSIFIED,6.856078,5.717443466186523
2047,1240166,UNCLASSIFIED,2.113494,2.449676036834717
1250,906838,UNCLASSIFIED,0.994859,2.6671738624572754
1088,908459,UNCLASSIFIED,4.991933,4.696593284606934
1925,925341,UNCLASSIFIED,3.987637,4.62537145614624
1625,906827,UNCLASSIFIED,5.341394,4.397449493408203
1911,1330987,UNCLASSIFIED,-5.479634,-6.550405025482178
1250,946361,UNCLASSIFIED,1.588439,2.533252239227295
1615,949165,UNCLASSIFIED,4.826936,5.039752960205078
1268,908159,UNCLASSIFIED,3.268502,3.4441919326782227
1624,910906,UNCLASSIFIED,-0.045724,1.1782962083816528
1004,907043,UNCLASSIFIED,-5.859068,-5.957818508148193
1034,949158,UNCLASSIFIED,-3.758419,-3.508176803588867
1862,910401,UNCLASSIFIED,-2.069739,-1.9737625122070312
1849,908143,UNCLASSIFIED,-0.005361,-0.5649226903915405
1088,907073,UNCLASSIFIED,1.305002,0.7030620574951172
1375,688121,UNCLASSIFIED,6.606272,6.438313007354736
1010,909699,UNCLASSIFIED,0.970043,2.176563024520874
1036,906804,UNCLASSIFIED,3.698807,3.0268287658691406
1089,907322,UNCLASSIFIED,3.502012,2.2567031383514404
1190,909707,UNCLASSIFIED,0.452037,2.1921088695526123
1614,908467,UNCLASSIFIED,5.344317,4.697028636932373
2096,1240210,UNCLASSIFIED,2.918289,2.896061658859253
1060,909779,UNCLASSIFIED,2.391411,1.7910720109939575
1553,1290807,UNCLASSIFIED,5.144365,3.325934886932373
1911,910706,UNCLASSIFIED,-5.90355,-6.784206390380859
1131,724855,UNCLASSIFIED,6.906194,7.095344066619873
1559,909720,UNCLASSIFIED,-3.715285,-2.2570559978485107
1558,907043,UNCLASSIFIED,1.906176,2.055266857147217
2111,949157,UNCLASSIFIED,4.358096,5.02182149887085
1622,1331049,UNCLASSIFIED,3.081909,3.4590368270874023
1621,909701,UNCLASSIFIED,2.227762,2.313295602798462
1046,910906,UNCLASSIFIED,0.493888,0.25752145051956177
1034,910705,UNCLASSIFIED,-4.939155,-4.1184983253479
2045,1240215,UNCLASSIFIED,4.96263,4.608925819396973
1931,909264,UNCLASSIFIED,5.169473,5.664955139160156
1873,908156,UNCLASSIFIED,0.545131,-0.09461085498332977
1375,753539,UNCLASSIFIED,5.627123,5.376162528991699
1003,906861,UNCLASSIFIED,-1.191764,-3.017103433609009
1996,949165,UNCLASSIFIED,3.669537,3.5005650520324707
1922,907290,UNCLASSIFIED,1.243671,2.9833593368530273
1051,908467,UNCLASSIFIED,-0.761837,0.41350287199020386
1013,910784,UNCLASSIFIED,1.74092,4.422299385070801
1853,949164,UNCLASSIFIED,3.84834,3.9106638431549072
1057,908138,UNCLASSIFIED,-2.008876,-1.3972556591033936
1047,753607,UNCLASSIFIED,3.615881,4.632991790771484
1091,1240140,UNCLASSIFIED,-0.125207,1.2654569149017334
1032,906847,UNCLASSIFIED,1.208492,1.541825771331787
1068,1240144,UNCLASSIFIED,2.080946,1.1550862789154053
1190,908474,UNCLASSIFIED,-4.595917,-1.860525131225586
1862,909255,UNCLASSIFIED,-2.178727,-1.5018435716629028
1022,908142,UNCLASSIFIED,-2.024488,-1.5588350296020508
1268,906838,UNCLASSIFIED,4.986204,4.796490669250488
1022,910695,UNCLASSIFIED,0.480672,0.5526998043060303
1022,1290807,UNCLASSIFIED,0.323067,0.5369114875793457
1635,905973,UNCLASSIFIED,6.423856,5.38525390625
1073,907056,UNCLASSIFIED,5.868527,6.348678112030029
1199,907050,UNCLASSIFIED,6.412132,5.8627424240112305
1593,949161,UNCLASSIFIED,0.517225,1.529508352279663
1634,909975,UNCLASSIFIED,4.494928,5.4511919021606445
1625,909264,UNCLASSIFIED,4.824051,4.774423599243164
1635,1240144,UNCLASSIFIED,4.870558,5.0380964279174805
1529,906861,UNCLASSIFIED,0.631922,0.8925771713256836
1036,724831,UNCLASSIFIED,4.693674,4.588608741760254
1093,949166,UNCLASSIFIED,5.039716,5.062659740447998
1615,907056,UNCLASSIFIED,4.519962,5.0861592292785645
1915,1303912,UNCLASSIFIED,3.278847,2.9030094146728516
1080,906853,UNCLASSIFIED,1.296037,1.2924271821975708
1620,909707,UNCLASSIFIED,5.131741,5.595251560211182
1180,1240166,UNCLASSIFIED,-3.622725,-3.739419937133789
1047,909701,UNCLASSIFIED,0.16433,0.4085984230041504
1925,909976,UNCLASSIFIED,4.593069,4.358763217926025
1011,724863,UNCLASSIFIED,2.873506,1.6563282012939453
1931,910401,UNCLASSIFIED,3.702946,3.86040997505188
1799,906852,UNCLASSIFIED,3.199023,4.060985565185547
1250,908143,UNCLASSIFIED,2.961379,2.185730218887329
1200,909716,UNCLASSIFIED,2.770864,2.482304096221924
1625,908159,UNCLASSIFIED,1.845377,2.8254995346069336
1558,753607,UNCLASSIFIED,1.475609,2.422555446624756
1057,907072,UNCLASSIFIED,-2.993442,-3.351999044418335
1557,910784,UNCLASSIFIED,6.258462,5.187264919281006
1017,753586,UNCLASSIFIED,5.626996,4.568802356719971
1941,907268,UNCLASSIFIED,-5.614319,-5.6966023445129395
1084,909717,UNCLASSIFIED,-2.166566,-3.8347158432006836
1013,906999,UNCLASSIFIED,3.57402,3.383418321609497
1180,906999,UNCLASSIFIED,-0.814324,-3.037526845932007
1510,688121,UNCLASSIFIED,4.773488,4.909703254699707
1003,925343,UNCLASSIFIED,-2.441699,-2.480254650115967
1614,908132,UNCLASSIFIED,1.969741,2.692988634109497
1918,906847,UNCLASSIFIED,3.202107,3.3927645683288574
1011,909754,UNCLASSIFIED,5.596168,4.619753360748291
1560,909707,UNCLASSIFIED,2.589677,2.867486000061035
2110,925345,UNCLASSIFIED,4.03724,4.121964931488037
1004,909707,UNCLASSIFIED,-2.69026,-2.0530788898468018
1936,909756,UNCLASSIFIED,4.077637,2.8985226154327393
1131,949164,UNCLASSIFIED,5.285577,5.102888584136963
1918,1240166,UNCLASSIFIED,2.614669,2.508601188659668
2110,909976,UNCLASSIFIED,5.011433,4.262340068817139
1068,1240140,UNCLASSIFIED,1.882851,1.0094728469848633
1047,946361,UNCLASSIFIED,5.649236,5.408362865447998
1620,1331040,UNCLASSIFIED,3.600812,3.556858539581299
1940,909975,UNCLASSIFIED,4.498878,4.407588005065918
1003,906849,UNCLASSIFIED,-1.707809,-2.996342182159424
1511,946357,UNCLASSIFIED,-1.982992,-2.333238363265991
1626,909716,UNCLASSIFIED,3.051871,2.47696852684021
1927,1290795,UNCLASSIFIED,3.947009,4.865752696990967
1927,909759,UNCLASSIFIED,5.379237,4.50905704498291
1627,905965,UNCLASSIFIED,1.084756,1.5093190670013428
1635,949157,UNCLASSIFIED,5.206307,5.742649555206299
1924,909696,UNCLASSIFIED,1.913935,2.1899232864379883
2048,909975,UNCLASSIFIED,-0.916932,-0.048754289746284485
1560,905965,UNCLASSIFIED,2.287934,2.642005681991577
1248,1290807,UNCLASSIFIED,-3.892293,-2.1643166542053223
1924,949158,UNCLASSIFIED,1.852513,2.132234811782837
1250,909977,UNCLASSIFIED,2.110855,2.7298874855041504
1910,1240210,UNCLASSIFIED,0.280601,0.07260751724243164
2096,910849,UNCLASSIFIED,3.582642,3.300607681274414
1013,909701,UNCLASSIFIED,2.100163,1.6030539274215698
1248,684052,UNCLASSIFIED,-6.322549,-6.84608268737793
1563,753586,UNCLASSIFIED,5.893439,5.565833568572998
1862,1290795,UNCLASSIFIED,-2.390027,-1.7464137077331543
1614,1240128,UNCLASSIFIED,5.00628,2.8326573371887207
1936,907323,UNCLASSIFIED,2.159714,1.7512521743774414
1199,909731,UNCLASSIFIED,3.532234,3.0601725578308105
1057,907060,UNCLASSIFIED,-1.414421,-2.4412713050842285
1180,971773,UNCLASSIFIED,-3.291366,-3.788969039916992
1559,684072,UNCLASSIFIED,-3.044577,-3.209393262863159
1635,753586,UNCLASSIFIED,5.094254,5.062199592590332
1553,906849,UNCLASSIFIED,3.367593,3.9406373500823975
1626,910706,UNCLASSIFIED,-1.156202,-0.6469981670379639
1614,907290,UNCLASSIFIED,4.449086,5.126177787780762
1180,684072,UNCLASSIFIED,-3.715164,-3.842514991760254
1621,907298,UNCLASSIFIED,3.208609,2.994635820388794
1613,907060,UNCLASSIFIED,2.762456,3.202291488647461
1005,949161,UNCLASSIFIED,-2.175805,-1.1788263320922852
1088,910703,UNCLASSIFIED,2.535742,1.427461862564087
1057,925345,UNCLASSIFIED,-2.161482,-2.2409369945526123
1931,908138,UNCLASSIFIED,6.158828,5.8085455894470215
2045,907000,UNCLASSIFIED,3.970076,4.107797622680664
1046,906847,UNCLASSIFIED,1.609324,1.1209608316421509
1627,909707,UNCLASSIFIED,2.386564,3.670729637145996
1936,684059,UNCLASSIFIED,2.193869,2.3291141986846924
1627,1298539,UNCLASSIFIED,4.061846,4.031894207000732
1635,949164,UNCLASSIFIED,4.98849,4.81337308883667
1259,907323,UNCLASSIFIED,0.662008,2.2414941787719727
1248,906856,UNCLASSIFIED,-6.774903,-5.521232604980469
1011,1298219,UNCLASSIFIED,6.113203,4.88833475112915
1054,907323,UNCLASSIFIED,3.127798,2.485182285308838
2048,1303896,UNCLASSIFIED,-5.622617,-5.844223976135254
1563,908132,UNCLASSIFIED,4.959892,4.372776031494141
1005,949168,UNCLASSIFIED,2.344971,1.840686559677124
1940,907298,UNCLASSIFIED,2.991552,3.065776824951172
1614,1240184,UNCLASSIFIED,3.186045,3.582915782928467
2047,909716,UNCLASSIFIED,2.721134,2.1772429943084717
1559,906827,UNCLASSIFIED,-3.709242,-3.3468408584594727
1621,906847,UNCLASSIFIED,2.451688,4.19191837310791
1563,910779,UNCLASSIFIED,6.169053,6.10282564163208
1916,905965,UNCLASSIFIED,1.498964,1.5197532176971436
1625,1240140,UNCLASSIFIED,5.611336,5.004767417907715
1034,1322218,UNCLASSIFIED,-4.308773,-3.7546534538269043
2048,1330987,UNCLASSIFIED,-6.567958,-5.637912750244141
1549,925343,UNCLASSIFIED,5.766176,5.217676162719727
1913,1290765,UNCLASSIFIED,4.850604,4.611126899719238
2106,910779,UNCLASSIFIED,5.704094,4.9975810050964355
1919,949164,UNCLASSIFIED,1.108903,1.5668833255767822
1051,909722,UNCLASSIFIED,1.861588,-0.7090897560119629
1091,910401,UNCLASSIFIED,3.702975,1.9992843866348267
2096,1240221,UNCLASSIFIED,3.039348,2.899343252182007
1855,684052,UNCLASSIFIED,2.661317,2.974067449569702
1939,684072,UNCLASSIFIED,1.500213,1.1722675561904907
1933,908131,UNCLASSIFIED,5.775774,5.09942102432251
1239,1327774,UNCLASSIFIED,1.338474,1.447175145149231
1013,1303896,UNCLASSIFIED,0.443519,2.0384042263031006
1375,909785,UNCLASSIFIED,4.490797,4.7693071365356445
1925,906794,UNCLASSIFIED,5.044784,4.6226654052734375
1011,925341,UNCLASSIFIED,1.913161,1.189455509185791
1046,907056,UNCLASSIFIED,2.50164,2.4634811878204346
1873,687829,UNCLASSIFIED,1.82302,1.6716830730438232
2046,925343,UNCLASSIFIED,4.868046,4.237210273742676
2043,910784,UNCLASSIFIED,5.931445,5.1627631187438965
1058,908474,UNCLASSIFIED,-0.085327,1.1587471961975098
1627,924105,UNCLASSIFIED,2.763869,1.8214998245239258
1614,684057,UNCLASSIFIED,1.531761,2.4780690670013428
2109,684062,UNCLASSIFIED,2.439292,1.8449828624725342
1925,908454,UNCLASSIFIED,4.919571,4.242447853088379
1911,908142,UNCLASSIFIED,-5.753227,-5.901711940765381
2048,1240140,UNCLASSIFIED,-5.661266,-4.501224040985107
1853,910695,UNCLASSIFIED,1.613074,3.943115234375
1199,910705,UNCLASSIFIED,3.087686,2.338374376296997
1091,946361,UNCLASSIFIED,1.326655,2.49395489692688
1089,909785,UNCLASSIFIED,0.782035,0.37172427773475647
1047,908159,UNCLASSIFIED,4.419791,2.5116212368011475
1617,753539,UNCLASSIFIED,3.767818,2.3995249271392822
1180,909779,UNCLASSIFIED,-3.05312,-2.817183256149292
2045,906804,UNCLASSIFIED,3.981208,4.484144687652588
1168,724863,UNCLASSIFIED,2.526311,3.1332640647888184
1613,909696,UNCLASSIFIED,2.312834,2.384564161300659
1936,909769,UNCLASSIFIED,3.575297,3.295419454574585
2040,753607,UNCLASSIFIED,-0.175617,0.5256232023239136
1626,907000,UNCLASSIFIED,2.297799,1.6464954614639282
1093,907323,UNCLASSIFIED,2.68376,3.797731399536133
1239,907298,UNCLASSIFIED,2.689234,0.9739051461219788
1930,1331049,UNCLASSIFIED,-0.587591,-0.6330516934394836
1926,909707,UNCLASSIFIED,4.082275,0.440434992313385
1564,909722,UNCLASSIFIED,-1.877406,-0.33402198553085327
1032,908149,UNCLASSIFIED,1.515064,2.808715581893921
1131,905973,UNCLASSIFIED,3.776869,5.596354961395264
1862,908474,UNCLASSIFIED,-1.967639,-1.6507574319839478
1941,946361,UNCLASSIFIED,-5.3073,-4.8714280128479
1068,909776,UNCLASSIFIED,1.831505,1.771781325340271
1022,946361,UNCLASSIFIED,0.067861,0.258246511220932
1855,906861,UNCLASSIFIED,5.980314,4.495286464691162
1004,684059,UNCLASSIFIED,-5.768236,-5.949389457702637
1060,909722,UNCLASSIFIED,-4.454066,-2.9154410362243652
1549,1298539,UNCLASSIFIED,5.540538,5.539862155914307
2046,908127,UNCLASSIFIED,2.481992,2.8696227073669434
1259,910706,UNCLASSIFIED,1.109975,2.5321879386901855
1941,908474,UNCLASSIFIED,-4.800649,-5.013935089111328
1259,909716,UNCLASSIFIED,2.894032,1.9663279056549072
1068,1298534,UNCLASSIFIED,2.468848,2.612560272216797
1922,906853,UNCLASSIFIED,3.403125,3.3213396072387695
1563,907047,UNCLASSIFIED,5.05934,4.806167125701904
1036,949160,UNCLASSIFIED,4.827627,3.4788050651550293
1237,906838,UNCLASSIFIED,4.653332,4.440511226654053
1849,1240210,UNCLASSIFIED,-2.126834,-2.323765754699707
1191,909696,UNCLASSIFIED,-4.462024,-5.674873352050781
1561,1327774,UNCLASSIFIED,3.42553,4.407083034515381
1853,909262,UNCLASSIFIED,2.780244,3.617746353149414
1625,908136,UNCLASSIFIED,4.762546,4.128938674926758
1912,925343,UNCLASSIFIED,3.580575,3.2401082515716553
1613,1303896,UNCLASSIFIED,-0.509778,1.4700462818145752
1011,908136,UNCLASSIFIED,4.519492,2.847724199295044
1996,949167,UNCLASSIFIED,2.510349,3.465789556503296
1932,910401,UNCLASSIFIED,3.702979,2.11012864112854
1179,910849,UNCLASSIFIED,-0.007738,0.3587830066680908
2046,906838,UNCLASSIFIED,1.763867,1.8321284055709839
1918,687829,UNCLASSIFIED,4.360527,4.511897087097168
1013,753586,UNCLASSIFIED,3.807844,3.454010009765625
2096,925341,UNCLASSIFIED,3.309467,3.0785446166992188
2047,1290765,UNCLASSIFIED,3.037383,3.5756473541259766
1563,910942,UNCLASSIFIED,3.716404,4.31789493560791
1049,910706,UNCLASSIFIED,2.026812,2.367387294769287
1913,924186,UNCLASSIFIED,4.608041,4.633432388305664
1237,684062,UNCLASSIFIED,4.942652,4.698629379272461
1007,908149,UNCLASSIFIED,-4.688886,-4.24233865737915
1908,1240210,UNCLASSIFIED,2.549154,2.196647882461548
1012,908149,UNCLASSIFIED,0.809465,2.0735325813293457
1091,906831,UNCLASSIFIED,2.388954,1.2703256607055664
1561,906846,UNCLASSIFIED,1.073552,1.1395564079284668
1268,905973,UNCLASSIFIED,4.30228,4.474846363067627
1594,687780,UNCLASSIFIED,6.002486,5.24361515045166
1557,909732,UNCLASSIFIED,5.255257,4.479511737823486
2045,949168,UNCLASSIFIED,4.554595,5.099250316619873
1564,949168,UNCLASSIFIED,5.657045,4.894588947296143
1933,909774,UNCLASSIFIED,4.138715,4.7668986320495605
1939,905965,UNCLASSIFIED,1.486886,2.012511968612671
1131,910705,UNCLASSIFIED,2.5736,2.051067590713501
1925,949155,UNCLASSIFIED,3.526587,3.9750912189483643
1627,909255,UNCLASSIFIED,1.907744,1.9307469129562378
1911,949157,UNCLASSIFIED,-3.50207,-3.760922908782959
1931,907273,UNCLASSIFIED,4.134945,3.954235553741455
1852,949161,UNCLASSIFIED,4.165337,4.673338413238525
1933,946361,UNCLASSIFIED,3.429748,4.856169700622559
1017,906846,UNCLASSIFIED,4.226481,2.7143502235412598
1909,909699,UNCLASSIFIED,2.556819,2.675889492034912
1004,909720,UNCLASSIFIED,-3.737061,-3.5346148014068604
1259,908131,UNCLASSIFIED,2.308219,2.53383207321167
1079,1298539,UNCLASSIFIED,1.021006,1.4002339839935303
1614,946361,UNCLASSIFIED,3.952652,3.985421895980835
1849,909255,UNCLASSIFIED,-0.896029,-2.182576894760132
1003,908467,UNCLASSIFIED,-4.554415,-4.614445209503174
1917,906804,UNCLASSIFIED,1.672449,0.978596031665802
1909,906847,UNCLASSIFIED,2.624837,2.1615521907806396
1631,910849,UNCLASSIFIED,2.803552,3.5333073139190674
1594,907268,UNCLASSIFIED,4.859351,3.7127273082733154
1932,1330935,UNCLASSIFIED,2.488529,1.3949030637741089
1057,909759,UNCLASSIFIED,-2.838906,-3.2531113624572754
1051,1322218,UNCLASSIFIED,1.089508,0.6343308091163635
1512,909975,UNCLASSIFIED,6.185015,6.538044452667236
1916,906861,UNCLASSIFIED,2.823309,2.9262566566467285
1549,909756,UNCLASSIFIED,3.792939,4.8520684242248535
1917,908131,UNCLASSIFIED,3.146033,2.0341856479644775
1941,684062,UNCLASSIFIED,-5.69778,-5.265142440795898
1618,1240166,UNCLASSIFIED,3.364156,2.307842969894409
1507,1298219,UNCLASSIFIED,5.692224,5.7979302406311035
1558,684072,UNCLASSIFIED,2.319185,1.8345788717269897
1085,909262,UNCLASSIFIED,1.490697,1.7701694965362549
1925,949166,UNCLASSIFIED,4.994906,5.3064703941345215
2046,1303912,UNCLASSIFIED,4.93001,4.389595985412598
1931,949158,UNCLASSIFIED,4.089506,3.9712913036346436
1012,909262,UNCLASSIFIED,-0.121517,0.7015557289123535
1622,906848,UNCLASSIFIED,2.974881,3.9222564697265625
1375,906827,UNCLASSIFIED,5.868626,5.69814395904541
1058,1322218,UNCLASSIFIED,1.457856,1.8520599603652954
1093,930082,UNCLASSIFIED,4.382389,3.674602746963501
1626,753539,UNCLASSIFIED,2.456449,2.6997485160827637
1190,906794,UNCLASSIFIED,-2.533484,-1.681012511253357
1239,684072,UNCLASSIFIED,0.224983,0.4547176957130432
1576,909759,UNCLASSIFIED,2.855722,2.681934118270874
1862,908156,UNCLASSIFIED,-2.510018,-2.1541035175323486
1168,908156,UNCLASSIFIED,0.565841,0.8172725439071655
1047,1331049,UNCLASSIFIED,3.284731,1.874788522720337
1853,724863,UNCLASSIFIED,4.610346,4.1050543785095215
1620,949156,UNCLASSIFIED,5.389076,5.817357540130615
1249,906827,UNCLASSIFIED,3.326639,3.4829728603363037
1046,949160,UNCLASSIFIED,1.739546,1.3870315551757812
1085,753607,UNCLASSIFIED,1.544272,1.7430013418197632
1617,1240215,UNCLASSIFIED,1.970141,2.0663156509399414
1011,909720,UNCLASSIFIED,2.151058,2.1673314571380615
1855,907064,UNCLASSIFIED,5.554592,4.799450397491455
1912,688121,UNCLASSIFIED,2.289791,3.289682626724243
1060,907298,UNCLASSIFIED,1.284281,0.1999732106924057
1786,949158,UNCLASSIFIED,2.105082,-0.0713900774717331
2043,1303896,UNCLASSIFIED,3.580637,4.096435070037842
1073,724831,UNCLASSIFIED,3.411608,4.976433277130127
1559,907290,UNCLASSIFIED,-0.76082,-3.284912586212158
1005,909732,UNCLASSIFIED,2.551798,1.6766856908798218
1620,724831,UNCLASSIFIED,5.090924,5.213898181915283
1373,907290,UNCLASSIFIED,6.374108,4.298916339874268
1853,907290,UNCLASSIFIED,5.693324,4.859608173370361
2040,1322218,UNCLASSIFIED,1.513913,1.5406430959701538
1012,907047,UNCLASSIFIED,1.682321,1.307525396347046
1047,908127,UNCLASSIFIED,2.025243,4.654762268066406
1614,724863,UNCLASSIFIED,2.262467,3.9067494869232178
1631,909756,UNCLASSIFIED,4.21836,4.608425617218018
1199,684072,UNCLASSIFIED,3.291044,2.7305123805999756
1512,907290,UNCLASSIFIED,6.006516,6.292684555053711
1911,907273,UNCLASSIFIED,-6.268802,-6.178631782531738
1918,924186,UNCLASSIFIED,1.787142,2.4277234077453613
1054,908158,UNCLASSIFIED,0.348878,-0.46484869718551636
2107,910705,UNCLASSIFIED,3.962289,4.2120537757873535
1576,924110,UNCLASSIFIED,2.256185,2.351767063140869
1563,724855,UNCLASSIFIED,6.379462,6.422904014587402
1085,906847,UNCLASSIFIED,1.826824,1.8252549171447754
1627,908159,UNCLASSIFIED,0.246137,1.7780786752700806
1997,1331049,UNCLASSIFIED,3.294813,3.9779574871063232
1249,907044,UNCLASSIFIED,3.242543,2.819236993789673
1635,909975,UNCLASSIFIED,6.043801,6.219588279724121
1091,688121,UNCLASSIFIED,3.202475,2.785053014755249
1259,907299,UNCLASSIFIED,-0.148047,0.43536651134490967
1996,907323,UNCLASSIFIED,3.110666,3.465146780014038
1786,1303896,UNCLASSIFIED,0.67432,2.0476818084716797
1919,908136,UNCLASSIFIED,1.816317,1.674332857131958
1510,910705,UNCLASSIFIED,2.495446,2.4633617401123047
1060,906836,UNCLASSIFIED,-0.42463,-0.5900775194168091
1558,908131,UNCLASSIFIED,3.660559,3.645338296890259
1911,1303896,UNCLASSIFIED,-6.586664,-6.9973530769348145
1057,949164,UNCLASSIFIED,-1.910571,-2.6292052268981934
1854,684057,UNCLASSIFIED,4.374749,4.741176605224609
1177,908156,UNCLASSIFIED,0.620375,1.9029725790023804
1093,687600,UNCLASSIFIED,3.335982,4.16879940032959
1926,907796,UNCLASSIFIED,1.039954,0.5693393349647522
2040,910849,UNCLASSIFIED,1.118576,0.7898587584495544
1084,924186,UNCLASSIFIED,-3.137469,-3.693788528442383
1512,924186,UNCLASSIFIED,5.220625,4.909580230712891
1199,907044,UNCLASSIFIED,2.415837,3.9643867015838623
1621,925341,UNCLASSIFIED,3.753687,4.189282417297363
1179,908131,UNCLASSIFIED,1.057501,1.561126470565796
1593,907056,UNCLASSIFIED,2.751353,2.870382785797119
2045,909699,UNCLASSIFIED,6.892855,5.85467004776001
1022,907268,UNCLASSIFIED,-1.647891,-2.244328260421753
1375,949163,UNCLASSIFIED,2.952818,4.649332046508789
1054,1290795,UNCLASSIFIED,3.737451,4.222262382507324
1915,909975,UNCLASSIFIED,3.234364,3.697323799133301
1564,908471,UNCLASSIFIED,1.667213,2.649397373199463
1614,1290807,UNCLASSIFIED,3.785409,3.449632406234741
1177,930082,UNCLASSIFIED,5.059455,4.77086877822876
1615,909264,UNCLASSIFIED,4.8695,5.154183387756348
1529,949158,UNCLASSIFIED,-2.566942,-2.757864475250244
1168,906838,UNCLASSIFIED,2.782557,2.6883769035339355
1910,1240184,UNCLASSIFIED,3.371755,2.8121187686920166
1927,1303896,UNCLASSIFIED,4.280641,3.659950017929077
2046,907043,UNCLASSIFIED,0.294984,0.5769949555397034
1017,687600,UNCLASSIFIED,4.377469,5.239680290222168
1060,1303912,UNCLASSIFIED,0.292541,1.4992529153823853
1179,949167,UNCLASSIFIED,0.492496,0.19333764910697937
1079,909776,UNCLASSIFIED,2.112711,1.3428709506988525
1180,684057,UNCLASSIFIED,-3.878039,-3.3998124599456787
1010,907064,UNCLASSIFIED,4.101245,3.844395875930786
1529,909779,UNCLASSIFIED,1.764559,2.5726003646850586
1022,930082,UNCLASSIFIED,0.44214,-0.6038721799850464
1624,906838,UNCLASSIFIED,1.737408,2.0084640979766846
1613,910784,UNCLASSIFIED,4.789333,4.566840171813965
1996,907064,UNCLASSIFIED,3.843161,4.112600803375244
1259,906838,UNCLASSIFIED,3.638628,3.490689516067505
1553,924110,UNCLASSIFIED,3.536892,3.552638530731201
1909,909785,UNCLASSIFIED,-0.729955,-0.6211482286453247
1180,906827,UNCLASSIFIED,-2.221766,-3.3015289306640625
1873,1331039,UNCLASSIFIED,0.673971,1.222225308418274
1559,909722,UNCLASSIFIED,-4.132629,-3.900700569152832
1373,906846,UNCLASSIFIED,4.425656,3.190990447998047
1561,906794,UNCLASSIFIED,2.563337,2.404200792312622
1559,949155,UNCLASSIFIED,-3.639379,-3.818901538848877
1034,906794,UNCLASSIFIED,-1.495185,-2.7620344161987305
1621,906831,UNCLASSIFIED,2.334604,2.5343308448791504
2107,910849,UNCLASSIFIED,5.306457,4.972511291503906
1249,946357,UNCLASSIFIED,2.475857,2.555536985397339
1578,906804,UNCLASSIFIED,4.912415,5.156097888946533
1918,906861,UNCLASSIFIED,2.577362,2.5977730751037598
2044,949161,UNCLASSIFIED,2.081569,1.7938464879989624
1091,907050,UNCLASSIFIED,5.277682,3.9916698932647705
1017,684052,UNCLASSIFIED,1.831549,2.039100170135498
1627,910849,UNCLASSIFIED,2.157738,2.582514524459839
1936,908143,UNCLASSIFIED,3.322943,1.9886101484298706
1913,949160,UNCLASSIFIED,3.305637,3.8535637855529785
1239,908156,UNCLASSIFIED,0.151326,-0.09710575640201569
1560,909696,UNCLASSIFIED,2.205425,1.8831974267959595
1032,925343,UNCLASSIFIED,3.586364,2.845271110534668
1931,907298,UNCLASSIFIED,4.459534,5.035950183868408
1180,908136,UNCLASSIFIED,-2.197549,-2.9372174739837646
1873,910779,UNCLASSIFIED,3.157038,2.0261690616607666
1011,684059,UNCLASSIFIED,0.991757,1.214796543121338
1927,908158,UNCLASSIFIED,3.677545,3.7631571292877197
1631,907064,UNCLASSIFIED,4.936395,3.5571956634521484
1598,684052,UNCLASSIFIED,3.424138,3.078753709793091
1928,949155,UNCLASSIFIED,3.094381,3.155188798904419
1933,907290,UNCLASSIFIED,6.571901,5.847083568572998
1613,1331040,UNCLASSIFIED,-1.031054,0.9735167026519775
1553,908459,UNCLASSIFIED,2.344815,2.778743267059326
1622,724831,UNCLASSIFIED,4.053791,4.263070583343506
1558,910942,UNCLASSIFIED,2.98035,2.179314374923706
1177,949157,UNCLASSIFIED,5.81326,4.327428340911865
2096,909717,UNCLASSIFIED,2.734389,2.8047749996185303
1911,910779,UNCLASSIFIED,0.151239,-2.063175916671753
1200,924105,UNCLASSIFIED,3.713585,2.5596165657043457
1925,907298,UNCLASSIFIED,5.23738,4.667365550994873
1004,908136,UNCLASSIFIED,-5.896445,-4.506325721740723
1259,906827,UNCLASSIFIED,2.41778,3.1649668216705322
1005,1303896,UNCLASSIFIED,0.13014,0.2108687311410904
2045,908136,UNCLASSIFIED,4.459048,3.8458354473114014
1051,906852,UNCLASSIFIED,3.212876,2.4554946422576904
1940,724831,UNCLASSIFIED,4.857624,4.015376091003418
1034,908143,UNCLASSIFIED,-1.389957,0.042489081621170044
1926,907056,UNCLASSIFIED,2.120987,1.8142379522323608
1940,949158,UNCLASSIFIED,4.896824,3.0840768814086914
1936,910703,UNCLASSIFIED,1.639248,2.122514009475708
1079,1240184,UNCLASSIFIED,1.815426,4.22544002532959
1012,909769,UNCLASSIFIED,2.353776,2.1655962467193604
1912,909769,UNCLASSIFIED,1.96295,2.9412126541137695
1006,687600,UNCLASSIFIED,3.325996,3.268233299255371
2044,1330935,UNCLASSIFIED,0.91579,2.2160189151763916
1635,906999,UNCLASSIFIED,4.902405,5.136796951293945
1036,909699,UNCLASSIFIED,4.314449,5.998451232910156
1250,907298,UNCLASSIFIED,1.459435,0.19313597679138184
1941,924186,UNCLASSIFIED,-4.210331,-4.496937274932861
1510,909779,UNCLASSIFIED,4.302895,3.5019192695617676
1191,907050,UNCLASSIFIED,-1.808105,-3.216900110244751
1512,908459,UNCLASSIFIED,5.785018,5.502889156341553
1862,971773,UNCLASSIFIED,-1.919291,-2.0145492553710938
1931,909732,UNCLASSIFIED,5.434096,5.14970064163208
1997,906836,UNCLASSIFIED,2.53233,2.02915358543396
1941,907323,UNCLASSIFIED,-4.688486,-4.40225887298584
1625,907060,UNCLASSIFIED,4.687358,4.1073102951049805
1553,688121,UNCLASSIFIED,2.201902,4.024855613708496
1908,949156,UNCLASSIFIED,4.13501,4.015987873077393
1614,909977,UNCLASSIFIED,3.511298,4.379005432128906
1576,909707,UNCLASSIFIED,3.442281,3.629929304122925
1627,684059,UNCLASSIFIED,2.600346,2.3107738494873047
1909,925341,UNCLASSIFIED,1.440842,1.2377302646636963
1372,909754,UNCLASSIFIED,0.67951,1.8562672138214111
1057,1303896,UNCLASSIFIED,-4.702681,-3.434640645980835
1091,1290765,UNCLASSIFIED,2.137092,2.3659253120422363
1091,1330987,UNCLASSIFIED,1.773763,1.426262617111206
1179,1240221,UNCLASSIFIED,0.905675,-0.3609316945075989
2096,907290,UNCLASSIFIED,3.767232,3.512812614440918
1862,910706,UNCLASSIFIED,-3.178724,-2.078320026397705
1941,910401,UNCLASSIFIED,-4.795943,-5.357052803039551
1248,1298539,UNCLASSIFIED,-0.308912,-1.2324097156524658
1180,907069,UNCLASSIFIED,-1.977045,-2.623424768447876
1372,724831,UNCLASSIFIED,0.140811,-0.1914411038160324
1621,1240166,UNCLASSIFIED,2.951989,3.0266788005828857
1618,909776,UNCLASSIFIED,3.549729,4.456422328948975
1936,1240221,UNCLASSIFIED,1.692024,2.3035566806793213
1926,906853,UNCLASSIFIED,1.146767,1.9878132343292236
1177,906831,UNCLASSIFIED,1.627905,2.695859432220459
1249,909977,UNCLASSIFIED,5.415932,4.87175989151001
1928,909731,UNCLASSIFIED,2.998068,3.579516649246216
1512,688121,UNCLASSIFIED,6.003449,6.0529351234436035
2111,1240140,UNCLASSIFIED,4.040575,3.4931154251098633
1006,906800,UNCLASSIFIED,-5.322397,-5.778998374938965
1010,949164,UNCLASSIFIED,3.222374,3.4530584812164307
1093,1290807,UNCLASSIFIED,6.324193,5.126564979553223
1918,1322218,UNCLASSIFIED,3.149602,2.826584577560425
2111,905973,UNCLASSIFIED,5.579181,5.167949199676514
1996,908459,UNCLASSIFIED,5.009974,4.300450801849365
1786,949166,UNCLASSIFIED,4.016302,2.6414177417755127
1912,906856,UNCLASSIFIED,1.992226,2.053706407546997
1578,1298539,UNCLASSIFIED,5.126571,5.6283392906188965
1011,907299,UNCLASSIFIED,0.158203,2.369471549987793
1168,684052,UNCLASSIFIED,2.302944,1.7848013639450073
1034,909977,UNCLASSIFIED,-3.82561,-3.575268030166626
1248,909732,UNCLASSIFIED,-5.904853,-4.540228366851807
2044,971773,UNCLASSIFIED,1.660399,2.584083318710327
2046,906794,UNCLASSIFIED,4.022794,3.503000497817993
1924,910906,UNCLASSIFIED,4.135332,2.6480889320373535
1051,1240215,UNCLASSIFIED,1.679629,2.2533860206604004
1131,687829,UNCLASSIFIED,6.698117,6.864747524261475
1046,909779,UNCLASSIFIED,1.26508,2.454404354095459
1093,906838,UNCLASSIFIED,4.662377,3.928436279296875
1930,906846,UNCLASSIFIED,-1.544545,-0.38711977005004883
1786,907064,UNCLASSIFIED,2.228483,3.8642525672912598
1239,906847,UNCLASSIFIED,2.26399,0.9734085202217102
1911,949158,UNCLASSIFIED,-5.245889,-6.722744941711426
2043,910779,UNCLASSIFIED,4.33312,5.363124370574951
1006,909977,UNCLASSIFIED,4.637327,4.987504482269287
1553,1330987,UNCLASSIFIED,0.254585,1.5337034463882446
1007,1240149,UNCLASSIFIED,-6.429921,-5.790740489959717
1854,907273,UNCLASSIFIED,4.132154,3.887956142425537
1626,909707,UNCLASSIFIED,1.506987,3.2855916023254395
1510,1303896,UNCLASSIFIED,2.969467,3.239504098892212
1786,909696,UNCLASSIFIED,2.836154,2.2153210639953613
1168,1298539,UNCLASSIFIED,4.314203,4.265965461730957
1909,910401,UNCLASSIFIED,1.319193,1.144867181777954
1080,910849,UNCLASSIFIED,-4.525131,-3.175004482269287
1022,949160,UNCLASSIFIED,-2.175317,-0.907679557800293
1911,910942,UNCLASSIFIED,-7.990442,-5.769031524658203
1073,908459,UNCLASSIFIED,4.425098,5.821126937866211
1936,1298539,UNCLASSIFIED,4.196884,3.584913492202759
1083,908132,UNCLASSIFIED,2.875708,1.6299713850021362
1507,910703,UNCLASSIFIED,3.547379,4.550933361053467
2111,1240221,UNCLASSIFIED,3.819106,2.9810986518859863
1919,908127,UNCLASSIFIED,1.36499,1.5658087730407715
1626,949157,UNCLASSIFIED,6.138596,3.049299716949463
2107,949164,UNCLASSIFIED,4.991161,4.604864120483398
1179,905973,UNCLASSIFIED,1.920471,1.601579189300537
1079,908127,UNCLASSIFIED,3.601452,0.5156433582305908
1925,907299,UNCLASSIFIED,5.072972,5.123444557189941
2096,684072,UNCLASSIFIED,3.740556,3.06671404838562
1924,909732,UNCLASSIFIED,3.253859,4.33533239364624
1007,907069,UNCLASSIFIED,-4.144449,-4.336440563201904
1615,907044,UNCLASSIFIED,4.590293,4.2303385734558105
1089,909699,UNCLASSIFIED,5.259042,5.928481578826904
1007,907000,UNCLASSIFIED,-5.710162,-6.051447868347168
1085,909720,UNCLASSIFIED,3.275106,2.386592388153076
1017,909716,UNCLASSIFIED,3.023951,3.3663525581359863
1908,949158,UNCLASSIFIED,2.694209,1.901904821395874
1372,1298219,UNCLASSIFIED,2.763748,2.4192283153533936
1249,908459,UNCLASSIFIED,3.729095,4.106888294219971
1259,908159,UNCLASSIFIED,-1.221087,-0.542364776134491
1786,907290,UNCLASSIFIED,1.036272,2.6138365268707275
2096,925343,UNCLASSIFIED,3.899098,3.891193389892578
1996,906853,UNCLASSIFIED,4.036537,5.455206871032715
1630,1322218,UNCLASSIFIED,4.03868,3.265260934829712
1615,908467,UNCLASSIFIED,5.06566,4.59778356552124
1239,1298219,UNCLASSIFIED,3.967514,4.919683933258057
1529,907298,UNCLASSIFIED,1.62768,0.11366461217403412
1068,909731,UNCLASSIFIED,-0.346046,0.5099598169326782
1560,908156,UNCLASSIFIED,1.898271,2.243173122406006
1625,910784,UNCLASSIFIED,6.243182,5.67190408706665
1563,909264,UNCLASSIFIED,5.994323,6.080965995788574
1928,684052,UNCLASSIFIED,3.798647,3.6109912395477295
1578,910779,UNCLASSIFIED,6.707922,5.284801006317139
1006,949168,UNCLASSIFIED,0.455916,1.04616117477417
1911,909255,UNCLASSIFIED,-5.991169,-6.162971019744873
1912,1331040,UNCLASSIFIED,2.218302,1.7643908262252808
1926,907268,UNCLASSIFIED,-1.104206,-0.604080855846405
1003,907056,UNCLASSIFIED,1.692486,1.2231574058532715
1849,907273,UNCLASSIFIED,-2.066157,-1.8405177593231201
1046,906846,UNCLASSIFIED,0.439403,0.7020248770713806
1054,1331039,UNCLASSIFIED,4.509105,3.961376667022705
1510,906848,UNCLASSIFIED,2.613402,2.130950689315796
1926,908136,UNCLASSIFIED,-0.729007,0.10323438048362732
1191,925345,UNCLASSIFIED,-3.951286,-4.555521488189697
1635,908132,UNCLASSIFIED,4.678993,4.414323806762695
2106,909707,UNCLASSIFIED,2.131637,2.706068754196167
1084,909699,UNCLASSIFIED,-0.859189,-1.1691168546676636
1873,971773,UNCLASSIFIED,0.186684,0.44029027223587036
1910,684072,UNCLASSIFIED,0.206022,0.4168204665184021
1926,949157,UNCLASSIFIED,-0.339025,0.1227177157998085
1060,684052,UNCLASSIFIED,0.493415,0.9148172736167908
1598,687829,UNCLASSIFIED,3.531352,4.1788530349731445
1629,1240144,UNCLASSIFIED,5.868543,4.851925849914551
1873,949165,UNCLASSIFIED,1.225885,0.61719810962677
1925,909707,UNCLASSIFIED,5.632068,5.34478235244751
2044,924110,UNCLASSIFIED,2.713863,3.708040475845337
2111,908474,UNCLASSIFIED,2.379827,3.737764358520508
1259,908142,UNCLASSIFIED,3.002651,1.4395278692245483
1926,753539,UNCLASSIFIED,0.088753,1.3171907663345337
1635,907323,UNCLASSIFIED,3.830145,4.202830791473389
1854,908459,UNCLASSIFIED,3.61486,4.859909534454346
1375,1240184,UNCLASSIFIED,7.391552,6.316256523132324
1003,909779,UNCLASSIFIED,0.673478,-1.165426254272461
1529,724831,UNCLASSIFIED,-0.449844,-0.1887231320142746
1926,688121,UNCLASSIFIED,1.377047,0.1657542586326599
1799,907000,UNCLASSIFIED,4.001557,4.116477966308594
2046,906999,UNCLASSIFIED,3.465772,3.460050344467163
1046,910942,UNCLASSIFIED,0.575826,0.70096355676651
1626,909720,UNCLASSIFIED,1.329405,3.220956563949585
2111,684072,UNCLASSIFIED,3.326614,2.769761800765991
1083,1303896,UNCLASSIFIED,1.095125,1.321228265762329
1089,1290807,UNCLASSIFIED,6.356093,5.320362091064453
1054,1303896,UNCLASSIFIED,-0.14592,1.177512764930725
1372,908159,UNCLASSIFIED,2.119067,0.9088324308395386
1375,949167,UNCLASSIFIED,5.730637,5.162729740142822
1191,1303896,UNCLASSIFIED,-5.939919,-5.909071922302246
1936,1303896,UNCLASSIFIED,1.232921,1.1955562829971313
1013,684052,UNCLASSIFIED,3.681138,2.2047030925750732
1179,1290765,UNCLASSIFIED,0.063649,0.9304858446121216
1011,724831,UNCLASSIFIED,3.208511,2.184023380279541
1915,1240140,UNCLASSIFIED,0.101862,0.22170725464820862
1614,724831,UNCLASSIFIED,3.006441,3.8990840911865234
1011,724855,UNCLASSIFIED,1.805264,1.0939199924468994
1622,907796,UNCLASSIFIED,6.012431,5.855205059051514
1017,688121,UNCLASSIFIED,4.350696,4.363906383514404
1003,909769,UNCLASSIFIED,-1.001839,-0.05849291384220123
1910,907323,UNCLASSIFIED,1.419668,-0.1432415395975113
1940,906800,UNCLASSIFIED,2.584377,3.235668659210205
1022,949161,UNCLASSIFIED,0.661196,-1.0935982465744019
1873,909777,UNCLASSIFIED,0.329715,0.3162247836589813
2107,908127,UNCLASSIFIED,5.387871,5.181318759918213
2043,1240128,UNCLASSIFIED,5.183045,4.653555393218994
1630,724855,UNCLASSIFIED,4.511171,5.130487442016602
1180,906836,UNCLASSIFIED,-4.130174,-4.201168537139893
1060,1240210,UNCLASSIFIED,1.288466,1.7421883344650269
1853,1290807,UNCLASSIFIED,4.542261,5.201774597167969
1511,1331040,UNCLASSIFIED,-4.18467,-3.7713985443115234
1593,1331039,UNCLASSIFIED,1.007084,0.9939565658569336
1908,906999,UNCLASSIFIED,3.591138,2.1598117351531982
1941,907060,UNCLASSIFIED,-5.866124,-5.259995937347412
1939,907323,UNCLASSIFIED,1.677342,1.6547399759292603
1557,1298352,UNCLASSIFIED,8.6834,8.486074447631836
1614,909722,UNCLASSIFIED,2.82098,2.908612012863159
1560,909785,UNCLASSIFIED,1.081946,1.2471051216125488
1916,906800,UNCLASSIFIED,0.988186,0.814280092716217
1617,909262,UNCLASSIFIED,1.575032,1.3745735883712769
1908,724855,UNCLASSIFIED,0.871392,1.682969570159912
1049,1240184,UNCLASSIFIED,5.399899,5.141659736633301
1849,910706,UNCLASSIFIED,-3.849033,-2.3684115409851074
1237,949166,UNCLASSIFIED,4.796217,5.182421684265137
1375,1240140,UNCLASSIFIED,6.425442,6.189538955688477
1996,724855,UNCLASSIFIED,4.736043,4.859021186828613
1564,906804,UNCLASSIFIED,-0.193621,1.1446963548660278
2043,908471,UNCLASSIFIED,5.135192,4.084296226501465
1933,909255,UNCLASSIFIED,2.242582,3.570039749145508
1911,1327774,UNCLASSIFIED,-5.673045,-6.015025615692139
1849,907050,UNCLASSIFIED,1.031697,0.4573265314102173
1088,907047,UNCLASSIFIED,1.222632,1.3552452325820923
1630,1298219,UNCLASSIFIED,4.446386,4.8579230308532715
1618,925345,UNCLASSIFIED,1.558217,2.6153194904327393
1622,908138,UNCLASSIFIED,4.679574,4.531063556671143
1190,909731,UNCLASSIFIED,-0.55823,-4.8021745681762695
1559,1298352,UNCLASSIFIED,1.975046,3.118584156036377
2110,906800,UNCLASSIFIED,2.460389,3.2274715900421143
1239,1303912,UNCLASSIFIED,3.373305,2.6583826541900635
1617,906838,UNCLASSIFIED,3.39845,1.417572021484375
1058,909777,UNCLASSIFIED,0.399431,1.6402649879455566
1073,906849,UNCLASSIFIED,5.093403,5.020785808563232
1054,909699,UNCLASSIFIED,4.210526,4.733596324920654
2096,907323,UNCLASSIFIED,2.813863,2.181570291519165
1017,909976,UNCLASSIFIED,3.167208,3.7005503177642822
1940,909774,UNCLASSIFIED,3.803476,4.213335990905762
1058,907299,UNCLASSIFIED,-0.014803,-0.6823400259017944
1054,910906,UNCLASSIFIED,2.112994,1.7293671369552612
2045,907323,UNCLASSIFIED,3.828782,2.8845019340515137
1131,908158,UNCLASSIFIED,1.727907,1.5067155361175537
1933,909707,UNCLASSIFIED,5.472691,5.632269859313965
1852,908136,UNCLASSIFIED,4.325728,4.814465522766113
1177,949160,UNCLASSIFIED,1.636715,1.4992679357528687
1013,1331039,UNCLASSIFIED,2.414234,3.0689139366149902
1049,909720,UNCLASSIFIED,4.422435,3.601224184036255
1558,949164,UNCLASSIFIED,3.756994,2.296482801437378
2043,906838,UNCLASSIFIED,4.342533,4.305980205535889
1559,907050,UNCLASSIFIED,0.491095,-0.58608078956604
1939,907290,UNCLASSIFIED,1.677364,3.952242851257324
1079,909756,UNCLASSIFIED,1.515592,1.027266263961792
1004,910906,UNCLASSIFIED,-6.161162,-6.163236618041992
1598,906827,UNCLASSIFIED,4.849377,4.450608253479004
1936,1290765,UNCLASSIFIED,2.923407,2.76438307762146
1786,909720,UNCLASSIFIED,3.930518,2.6824443340301514
1510,1298352,UNCLASSIFIED,8.747069,7.3052167892456055
1849,906827,UNCLASSIFIED,-0.653442,0.07727748155593872
1621,688121,UNCLASSIFIED,4.267894,5.496761798858643
1613,909774,UNCLASSIFIED,3.117861,3.424581527709961
1004,907796,UNCLASSIFIED,-1.758556,-0.5868187546730042
1022,949157,UNCLASSIFIED,-0.087199,0.636544942855835
1512,949164,UNCLASSIFIED,4.752197,4.740289211273193
1933,687829,UNCLASSIFIED,5.315292,5.439093589782715
1928,908158,UNCLASSIFIED,2.387569,2.353538990020752
1627,906831,UNCLASSIFIED,1.241549,2.05688214302063
1259,909756,UNCLASSIFIED,2.692854,3.0844147205352783
1911,907298,UNCLASSIFIED,-6.543401,-6.2826313972473145
1011,907047,UNCLASSIFIED,1.596137,2.406512498855591
1093,907273,UNCLASSIFIED,3.827459,3.437062978744507
1564,949155,UNCLASSIFIED,2.592405,3.2452940940856934
1190,687600,UNCLASSIFIED,4.220816,1.6896977424621582
1372,908127,UNCLASSIFIED,1.472893,1.1974116563796997
1564,724831,UNCLASSIFIED,1.737493,1.9289449453353882
1036,910695,UNCLASSIFIED,4.958413,6.014278411865234
1012,909977,UNCLASSIFIED,3.095262,3.550987958908081
1912,910706,UNCLASSIFIED,1.625497,2.0289101600646973
1924,907000,UNCLASSIFIED,3.407868,2.744541883468628
1908,1240215,UNCLASSIFIED,4.552383,3.9986302852630615
1558,753586,UNCLASSIFIED,3.866656,3.272512435913086
1919,1290807,UNCLASSIFIED,1.859119,2.2925171852111816
1089,907047,UNCLASSIFIED,2.119288,2.910776138305664
1259,684052,UNCLASSIFIED,-1.422785,-0.8276505470275879
1625,910705,UNCLASSIFIED,2.970214,3.5288500785827637
1022,909701,UNCLASSIFIED,-2.057135,-2.316267490386963
1559,910706,UNCLASSIFIED,-3.874568,-4.346306324005127
1928,907044,UNCLASSIFIED,3.643104,4.108755111694336
1558,684052,UNCLASSIFIED,3.659382,2.4377734661102295
1618,971773,UNCLASSIFIED,2.830314,2.220329523086548
1560,949155,UNCLASSIFIED,2.2234,1.612146019935608
1862,907050,UNCLASSIFIED,-1.410732,-1.3164684772491455
1259,949161,UNCLASSIFIED,-3.918793,-4.5270256996154785
1862,688121,UNCLASSIFIED,-0.603341,-1.571978211402893
1862,906861,UNCLASSIFIED,-1.553725,-1.8363370895385742
1930,908131,UNCLASSIFIED,0.22625,-0.0337710827589035
1558,949161,UNCLASSIFIED,4.780466,2.1210103034973145
1085,925341,UNCLASSIFIED,1.231578,2.294407367706299
1036,909769,UNCLASSIFIED,4.228144,5.196260452270508
1853,910705,UNCLASSIFIED,3.872316,3.3349785804748535
1936,907060,UNCLASSIFIED,2.452348,2.1257243156433105
1529,910906,UNCLASSIFIED,-0.854382,-1.0821654796600342
1940,684062,UNCLASSIFIED,5.389411,3.980747699737549
1068,909785,UNCLASSIFIED,0.802375,0.04698546230792999
1180,1298219,UNCLASSIFIED,-0.960165,0.3422994613647461
1862,1240184,UNCLASSIFIED,-1.17562,-1.4181747436523438
1598,949163,UNCLASSIFIED,2.529928,3.296598196029663
1004,907299,UNCLASSIFIED,-5.979328,-4.738818168640137
1564,949158,UNCLASSIFIED,2.458942,3.05285382270813
1936,909785,UNCLASSIFIED,1.615404,1.5907914638519287
1034,1240140,UNCLASSIFIED,-3.954028,-3.579752206802368
1849,908471,UNCLASSIFIED,-0.404071,-1.1431034803390503
1852,1330935,UNCLASSIFIED,4.741368,4.008735179901123
1854,907069,UNCLASSIFIED,3.868905,4.712594985961914
1010,907796,UNCLASSIFIED,6.139252,4.986623287200928
1936,949155,UNCLASSIFIED,2.275254,2.3242275714874268
1047,949157,UNCLASSIFIED,5.40567,4.931988716125488
1932,909701,UNCLASSIFIED,1.945658,1.7131978273391724
1250,906827,UNCLASSIFIED,2.041399,1.314673900604248
1373,910779,UNCLASSIFIED,4.764897,5.609149932861328
1007,1290807,UNCLASSIFIED,-2.659885,-1.9150986671447754
1200,907299,UNCLASSIFIED,3.190031,2.3845810890197754
1997,949158,UNCLASSIFIED,5.297045,3.436734676361084
1372,909759,UNCLASSIFIED,-0.120307,-0.3230280876159668
1168,907069,UNCLASSIFIED,1.367599,1.7100893259048462
1089,910705,UNCLASSIFIED,0.416519,0.2724001407623291
1249,907322,UNCLASSIFIED,2.541188,2.434722423553467
1625,1331049,UNCLASSIFIED,4.37124,3.8870654106140137
1010,1298539,UNCLASSIFIED,4.55604,4.722167491912842
1873,905965,UNCLASSIFIED,-0.514588,-0.2428387850522995
1557,1240140,UNCLASSIFIED,5.571311,4.6482744216918945
1084,949156,UNCLASSIFIED,-0.560981,-1.0461366176605225
1593,905965,UNCLASSIFIED,0.249007,0.016700461506843567
1852,907000,UNCLASSIFIED,4.359451,4.119140625
1248,925343,UNCLASSIFIED,-4.358854,-3.375836133956909
1621,909754,UNCLASSIFIED,6.383705,6.0382795333862305
1558,908143,UNCLASSIFIED,1.897431,4.046424388885498
1560,906836,UNCLASSIFIED,3.804935,2.971184015274048
1560,1298219,UNCLASSIFIED,5.644029,4.941705703735352
1093,1330933,UNCLASSIFIED,2.740719,2.6349902153015137
1635,908143,UNCLASSIFIED,5.121739,5.114341735839844
1005,753539,UNCLASSIFIED,0.818349,0.3495537340641022
1940,687829,UNCLASSIFIED,3.583774,3.7971856594085693
1862,907796,UNCLASSIFIED,-0.533293,-1.3819904327392578
1927,753539,UNCLASSIFIED,3.514581,4.815712928771973
1249,1303896,UNCLASSIFIED,1.789436,2.004833221435547
1553,949155,UNCLASSIFIED,1.541225,1.5565986633300781
1088,908471,UNCLASSIFIED,2.282243,2.929532289505005
1200,1327774,UNCLASSIFIED,1.486263,1.8328161239624023
1918,684072,UNCLASSIFIED,2.227831,2.6550145149230957
2044,909264,UNCLASSIFIED,4.187968,4.335914134979248
1634,930082,UNCLASSIFIED,3.74023,3.5896573066711426
1057,908132,UNCLASSIFIED,-1.043673,-1.0673644542694092
1032,924186,UNCLASSIFIED,1.850555,2.0274453163146973
1912,907056,UNCLASSIFIED,1.674195,1.9642342329025269
1049,907298,UNCLASSIFIED,0.170945,2.995497703552246
1925,1298219,UNCLASSIFIED,5.578376,6.166214466094971
1004,909696,UNCLASSIFIED,-6.204791,-5.383468151092529
1932,909774,UNCLASSIFIED,2.526645,3.9300458431243896
1510,1330935,UNCLASSIFIED,3.200837,1.734521746635437
1849,949161,UNCLASSIFIED,-0.998215,-1.867706537246704
1017,949168,UNCLASSIFIED,4.375531,2.755924701690674
1617,949166,UNCLASSIFIED,2.613998,1.8275166749954224
1017,924110,UNCLASSIFIED,5.197998,4.164229393005371
1510,1331039,UNCLASSIFIED,3.279307,3.340805768966675
1910,949161,UNCLASSIFIED,-2.417616,-0.8727965354919434
1179,907000,UNCLASSIFIED,-0.428258,-0.6768118739128113
1375,924105,UNCLASSIFIED,5.9887,5.33079719543457
1084,1330933,UNCLASSIFIED,-2.337256,-4.25218391418457
1918,906827,UNCLASSIFIED,4.145725,3.24069881439209
1375,909774,UNCLASSIFIED,4.637191,5.711203098297119
1060,909732,UNCLASSIFIED,1.219791,1.5511186122894287
1529,949166,UNCLASSIFIED,-0.905694,1.4884908199310303
1080,946361,UNCLASSIFIED,-3.803581,-1.6228868961334229
1598,910703,UNCLASSIFIED,3.869128,3.444265604019165
2048,930082,UNCLASSIFIED,-4.541932,-3.7480008602142334
1006,1330933,UNCLASSIFIED,-3.454683,-4.530083656311035
1073,949158,UNCLASSIFIED,1.082356,3.4458227157592773
1799,907290,UNCLASSIFIED,5.331199,6.1128106117248535
1915,1240221,UNCLASSIFIED,2.542204,2.6080663204193115
1237,906847,UNCLASSIFIED,4.324099,4.3178205490112305
1088,909255,UNCLASSIFIED,1.571296,1.5981112718582153
1268,724855,UNCLASSIFIED,5.165016,5.164659023284912
1630,724863,UNCLASSIFIED,3.655645,4.255375385284424
1912,909776,UNCLASSIFIED,3.694423,3.811232089996338
1049,724831,UNCLASSIFIED,4.692716,4.335132122039795
1928,1290795,UNCLASSIFIED,4.43939,4.438958644866943
1931,687600,UNCLASSIFIED,5.494476,5.240408420562744
1910,1290807,UNCLASSIFIED,0.977033,1.627465009689331
1940,907064,UNCLASSIFIED,3.494158,4.079126358032227
1911,908131,UNCLASSIFIED,-4.269104,-5.227377414703369
1561,910779,UNCLASSIFIED,4.657665,4.5161356925964355
1631,753539,UNCLASSIFIED,3.235863,3.917051076889038
1617,1240166,UNCLASSIFIED,-5.995527,-0.6457259654998779
1373,907000,UNCLASSIFIED,3.892975,4.198530673980713
1940,907273,UNCLASSIFIED,2.905344,3.56247615814209
1559,907322,UNCLASSIFIED,-2.770867,-2.6317625045776367
1564,949167,UNCLASSIFIED,4.371327,3.8561031818389893
1560,909975,UNCLASSIFIED,5.43143,4.9260711669921875
1931,1331049,UNCLASSIFIED,4.85592,3.7826709747314453
2046,949165,UNCLASSIFIED,3.785088,2.7486612796783447
1631,906999,UNCLASSIFIED,2.914511,3.1851131916046143
1615,925345,UNCLASSIFIED,3.743527,3.8455240726470947
1618,909722,UNCLASSIFIED,2.665511,2.6463117599487305
1004,906804,UNCLASSIFIED,-6.079265,-5.372231960296631
1928,907796,UNCLASSIFIED,6.631525,5.98868465423584
1862,907268,UNCLASSIFIED,-2.124889,-1.840768814086914
1003,924186,UNCLASSIFIED,-4.209384,-3.6721880435943604
1268,1240144,UNCLASSIFIED,3.027698,3.8525478839874268
1564,909717,UNCLASSIFIED,1.949779,2.153597593307495
1017,687780,UNCLASSIFIED,3.742389,4.803257465362549
1997,907299,UNCLASSIFIED,4.199827,5.384706020355225
1558,908156,UNCLASSIFIED,1.642346,1.6312549114227295
1622,909754,UNCLASSIFIED,5.937954,5.931352615356445
1558,906861,UNCLASSIFIED,1.776105,2.2884109020233154
1200,908149,UNCLASSIFIED,2.975703,3.152721881866455
1068,907069,UNCLASSIFIED,1.460171,1.6171728372573853
1919,1240128,UNCLASSIFIED,2.661018,2.1911733150482178
1006,1240140,UNCLASSIFIED,-0.10577,1.544764518737793
1512,909769,UNCLASSIFIED,5.895163,5.750933647155762
1073,753586,UNCLASSIFIED,4.344835,5.00290060043335
1080,909731,UNCLASSIFIED,-5.359627,-4.672593593597412
1089,1298534,UNCLASSIFIED,7.045078,5.943966865539551
2109,924105,UNCLASSIFIED,1.324612,1.6680632829666138
1613,687780,UNCLASSIFIED,3.050359,3.573533773422241
1576,906827,UNCLASSIFIED,3.343498,2.658034563064575
1997,907060,UNCLASSIFIED,2.693786,3.942309856414795
1010,906804,UNCLASSIFIED,1.853959,3.1050045490264893
1010,907268,UNCLASSIFIED,3.027045,2.8691108226776123
1068,906846,UNCLASSIFIED,0.192091,0.3935433030128479
1058,909716,UNCLASSIFIED,0.124294,0.6876131296157837
1629,1298539,UNCLASSIFIED,5.689915,5.769540309906006
1051,910942,UNCLASSIFIED,0.531614,-0.4311027526855469
1191,909731,UNCLASSIFIED,-5.076066,-4.646198272705078
1786,1331040,UNCLASSIFIED,0.576399,0.8596903085708618
1200,684062,UNCLASSIFIED,2.821882,2.3612797260284424
1917,753607,UNCLASSIFIED,2.77888,2.3534724712371826
1507,971773,UNCLASSIFIED,4.25405,4.027369022369385
1373,924110,UNCLASSIFIED,1.882988,3.9383013248443604
1855,909722,UNCLASSIFIED,2.95078,3.2169370651245117
1558,910779,UNCLASSIFIED,4.888053,5.180675983428955
1922,684072,UNCLASSIFIED,1.525459,1.5979831218719482
1177,909977,UNCLASSIFIED,4.323701,5.352720737457275
1010,908138,UNCLASSIFIED,3.061174,3.5615131855010986
1634,906800,UNCLASSIFIED,2.819839,3.076140880584717
1924,906836,UNCLASSIFIED,2.472803,2.7451272010803223
2106,909699,UNCLASSIFIED,6.593562,4.791269779205322
1250,906861,UNCLASSIFIED,3.028718,2.073394775390625
1046,924105,UNCLASSIFIED,2.02766,1.3694919347763062
1190,907290,UNCLASSIFIED,0.722125,0.36888426542282104
1922,949160,UNCLASSIFIED,1.375042,1.7183035612106323
1622,908459,UNCLASSIFIED,5.826469,4.947826385498047
1034,909759,UNCLASSIFIED,-6.683516,-5.397742748260498
1553,908156,UNCLASSIFIED,1.678808,1.6948919296264648
1622,907064,UNCLASSIFIED,4.06775,4.864462375640869
1615,907298,UNCLASSIFIED,4.41212,4.279747009277344
1931,907323,UNCLASSIFIED,4.514908,4.307235240936279
1073,906853,UNCLASSIFIED,7.576252,6.895621299743652
1924,1290807,UNCLASSIFIED,2.522488,3.8259365558624268
1017,1330933,UNCLASSIFIED,0.750303,0.835116982460022
1594,949165,UNCLASSIFIED,4.90596,4.885136127471924
1511,909777,UNCLASSIFIED,-1.301548,-2.2450408935546875
2107,907064,UNCLASSIFIED,5.849485,5.433081150054932
1004,908454,UNCLASSIFIED,-5.572896,-3.610793352127075
1034,906847,UNCLASSIFIED,-1.737412,-3.0961222648620605
1912,1331049,UNCLASSIFIED,0.177879,1.2668068408966064
1085,909731,UNCLASSIFIED,2.522931,1.758155107498169
1931,909701,UNCLASSIFIED,4.880612,3.6922292709350586
2110,907047,UNCLASSIFIED,3.545211,3.6625940799713135
1083,971773,UNCLASSIFIED,2.634893,1.8365225791931152
1005,907796,UNCLASSIFIED,5.521797,4.070000171661377
1012,687829,UNCLASSIFIED,1.598744,2.966769218444824
1578,684072,UNCLASSIFIED,4.597746,4.541112899780273
1373,909716,UNCLASSIFIED,5.074074,5.149072647094727
1005,908132,UNCLASSIFIED,0.750881,0.5679548978805542
1047,1303896,UNCLASSIFIED,4.025278,3.1314399242401123
1012,1331049,UNCLASSIFIED,0.786123,0.4442955553531647
1511,909779,UNCLASSIFIED,-0.415162,-0.5889219045639038
1190,909785,UNCLASSIFIED,-5.630266,-5.598819732666016
1922,910784,UNCLASSIFIED,-0.594229,2.207760810852051
1561,1331039,UNCLASSIFIED,1.162085,3.0594897270202637
1054,909255,UNCLASSIFIED,3.104676,1.908208966255188
1053,906847,UNCLASSIFIED,2.871265,2.156665563583374
1190,910784,UNCLASSIFIED,-1.887435,-1.7271703481674194
1058,907072,UNCLASSIFIED,-1.194525,-0.039466097950935364
1049,908138,UNCLASSIFIED,5.108981,4.126412391662598
1085,1330933,UNCLASSIFIED,1.213821,1.485195517539978
1924,724863,UNCLASSIFIED,3.738353,2.3077332973480225
1635,908159,UNCLASSIFIED,3.543821,4.079781532287598
1918,905973,UNCLASSIFIED,3.675147,4.20649528503418
2109,1327774,UNCLASSIFIED,1.808223,1.9915109872817993
1191,908127,UNCLASSIFIED,-5.570657,-4.954537391662598
1512,946361,UNCLASSIFIED,5.402218,5.487122058868408
1924,1240221,UNCLASSIFIED,4.326749,3.4544525146484375
1372,949160,UNCLASSIFIED,1.982889,1.7409847974777222
1924,1330987,UNCLASSIFIED,1.416889,1.6720105409622192
1634,1330935,UNCLASSIFIED,2.226305,2.2647905349731445
1626,907796,UNCLASSIFIED,5.534337,4.3390092849731445
1627,753586,UNCLASSIFIED,1.562614,2.7142128944396973
1862,906853,UNCLASSIFIED,-1.055373,0.2642382085323334
1073,724855,UNCLASSIFIED,7.354567,6.776549816131592
1873,910705,UNCLASSIFIED,0.197345,-0.09047983586788177
1051,949160,UNCLASSIFIED,0.33698,-0.854367733001709
1553,910906,UNCLASSIFIED,2.400246,2.0396807193756104
1003,949157,UNCLASSIFIED,-1.143252,-1.8583228588104248
1083,907044,UNCLASSIFIED,2.882266,1.8436359167099
2111,724863,UNCLASSIFIED,3.826927,3.4087138175964355
1093,946357,UNCLASSIFIED,3.259466,3.257416248321533
1199,906853,UNCLASSIFIED,4.543565,5.1116042137146
1239,910779,UNCLASSIFIED,6.577925,4.707926273345947
1625,907056,UNCLASSIFIED,4.209235,4.665550708770752
1908,909701,UNCLASSIFIED,2.313697,2.570613145828247
1621,909262,UNCLASSIFIED,3.047812,2.606600284576416
1199,907273,UNCLASSIFIED,2.519277,2.878542423248291
1996,907043,UNCLASSIFIED,2.702574,3.288346290588379
1909,724855,UNCLASSIFIED,3.701295,2.5244789123535156
1083,909976,UNCLASSIFIED,2.66039,2.7765495777130127
2109,684052,UNCLASSIFIED,1.16004,2.100160837173462
1799,910779,UNCLASSIFIED,5.992471,5.9097208976745605
1576,906804,UNCLASSIFIED,2.869929,2.532135009765625
2045,949156,UNCLASSIFIED,6.098917,4.803218364715576
1058,930082,UNCLASSIFIED,2.19348,1.356034517288208
1068,909777,UNCLASSIFIED,-0.689305,0.13914403319358826
1598,946357,UNCLASSIFIED,2.947182,3.8335914611816406
1553,906794,UNCLASSIFIED,2.253346,2.7713334560394287
1080,906804,UNCLASSIFIED,-4.954093,-4.607438564300537
1559,906999,UNCLASSIFIED,-1.949795,-2.9457144737243652
1873,1240149,UNCLASSIFIED,0.600101,0.4489409923553467
1049,909779,UNCLASSIFIED,4.683512,3.7621541023254395
1051,684062,UNCLASSIFIED,2.461716,-1.287003517150879
1088,1290795,UNCLASSIFIED,1.846414,2.291628837585449
1179,910784,UNCLASSIFIED,1.916023,2.1962101459503174
1373,905965,UNCLASSIFIED,4.241586,2.467582941055298
1873,908143,UNCLASSIFIED,1.338984,0.8520360589027405
1625,684072,UNCLASSIFIED,4.961361,4.39241361618042
1915,908142,UNCLASSIFIED,2.149367,2.192748546600342
1631,907043,UNCLASSIFIED,2.051711,2.2685811519622803
2043,684059,UNCLASSIFIED,3.698551,3.79133939743042
1510,909975,UNCLASSIFIED,5.476068,5.210110187530518
1621,930082,UNCLASSIFIED,4.033076,4.474192142486572
1080,907056,UNCLASSIFIED,-0.391328,-1.8878898620605469
1853,684059,UNCLASSIFIED,3.156598,3.823643684387207
1862,908127,UNCLASSIFIED,-2.292724,-1.4938421249389648
1032,906999,UNCLASSIFIED,2.21732,2.3758604526519775
1191,906836,UNCLASSIFIED,-6.658972,-5.702408790588379
1559,684062,UNCLASSIFIED,-3.319458,-2.3958277702331543
1017,907047,UNCLASSIFIED,3.3338,3.9896767139434814
1053,949167,UNCLASSIFIED,1.71881,1.4731336832046509
1627,907290,UNCLASSIFIED,3.798098,4.113296985626221
1190,925341,UNCLASSIFIED,-2.010723,-1.2511236667633057
1168,1290765,UNCLASSIFIED,3.261606,3.1160330772399902
1559,908158,UNCLASSIFIED,-4.030221,-4.230315685272217
1073,908149,UNCLASSIFIED,4.80603,4.231186389923096
1553,907298,UNCLASSIFIED,3.962185,1.9087077379226685
1916,1330987,UNCLASSIFIED,1.210841,1.4320746660232544
1908,949155,UNCLASSIFIED,3.038743,1.6435532569885254
1190,1240210,UNCLASSIFIED,1.235885,0.5862938165664673
1560,1240166,UNCLASSIFIED,3.130193,2.8546571731567383
1941,724855,UNCLASSIFIED,-3.010756,-0.8634917736053467
2106,1330987,UNCLASSIFIED,0.672212,1.5337034463882446
1372,908149,UNCLASSIFIED,1.693614,2.546840190887451
1924,946357,UNCLASSIFIED,3.014373,3.0830583572387695
1598,1240221,UNCLASSIFIED,3.066301,2.999328136444092
1932,1330987,UNCLASSIFIED,1.68484,1.5704251527786255
1576,1303912,UNCLASSIFIED,2.17875,2.9626059532165527
1005,907268,UNCLASSIFIED,2.417991,0.7128003239631653
1049,908459,UNCLASSIFIED,2.471192,4.265614032745361
1012,949157,UNCLASSIFIED,1.465306,1.8449907302856445
1007,909720,UNCLASSIFIED,-4.884309,-4.42890739440918
1996,924186,UNCLASSIFIED,4.244391,3.500920057296753
2111,909264,UNCLASSIFIED,5.681469,4.313508987426758
1375,906838,UNCLASSIFIED,4.863512,6.205176830291748
1507,925345,UNCLASSIFIED,5.111572,4.2253522872924805
1084,1290795,UNCLASSIFIED,-1.214596,-2.724599838256836
1080,908454,UNCLASSIFIED,-5.308541,-2.4894638061523438
1131,949167,UNCLASSIFIED,4.014929,4.386573791503906
1259,1330987,UNCLASSIFIED,-0.627131,0.8396084308624268
1927,907000,UNCLASSIFIED,4.867822,4.0186262130737305
1853,949163,UNCLASSIFIED,3.31711,3.321657657623291
1057,908149,UNCLASSIFIED,0.156626,-0.22732360661029816
1635,906848,UNCLASSIFIED,4.476791,4.596731662750244
1919,906847,UNCLASSIFIED,0.776243,1.8943859338760376
1046,1240210,UNCLASSIFIED,1.563537,2.079853057861328
2048,906846,UNCLASSIFIED,-3.940413,-5.416917324066162
1036,949165,UNCLASSIFIED,4.603652,4.211637496948242
1060,1298534,UNCLASSIFIED,-1.35022,1.1674238443374634
1576,684059,UNCLASSIFIED,1.75131,2.2198798656463623
1613,907072,UNCLASSIFIED,0.386182,2.7000839710235596
1036,909717,UNCLASSIFIED,4.820339,3.48399019241333
1576,907072,UNCLASSIFIED,2.229168,2.2503111362457275
1057,910784,UNCLASSIFIED,-0.806369,-1.7795608043670654
1576,684057,UNCLASSIFIED,2.720727,2.29949951171875
1931,949165,UNCLASSIFIED,5.659243,5.191596508026123
2110,907322,UNCLASSIFIED,4.743524,3.9122297763824463
1372,949157,UNCLASSIFIED,2.322308,2.5533125400543213
1578,688121,UNCLASSIFIED,5.468474,5.650986194610596
1088,1298352,UNCLASSIFIED,7.508074,5.385900020599365
1093,910906,UNCLASSIFIED,3.339216,3.092698812484741
1925,909785,UNCLASSIFIED,2.828037,3.808070421218872
1022,909717,UNCLASSIFIED,-0.24788,0.12935519218444824
1046,753586,UNCLASSIFIED,2.05864,1.9443888664245605
2045,1330933,UNCLASSIFIED,3.453458,2.043987512588501
1910,1240128,UNCLASSIFIED,3.798627,3.62019681930542
1922,688121,UNCLASSIFIED,2.878354,3.1664376258850098
1930,909720,UNCLASSIFIED,1.11617,-0.18832163512706757
1004,909262,UNCLASSIFIED,-5.661731,-5.944602966308594
1936,908138,UNCLASSIFIED,3.941738,2.643864154815674
1054,946357,UNCLASSIFIED,2.707048,3.391441583633423
1615,910703,UNCLASSIFIED,4.826906,4.1287360191345215
1237,907323,UNCLASSIFIED,4.480264,4.045567989349365
1613,907050,UNCLASSIFIED,6.930217,6.490302562713623
1634,907323,UNCLASSIFIED,2.138976,3.109848737716675
1017,906831,UNCLASSIFIED,2.46875,3.5054397583007812
1559,908136,UNCLASSIFIED,-3.364717,-1.8713865280151367
2047,909701,UNCLASSIFIED,1.05624,2.570613145828247
2043,909717,UNCLASSIFIED,4.865219,4.566319942474365
1529,910705,UNCLASSIFIED,-0.745563,-1.1893997192382812
1936,907000,UNCLASSIFIED,2.376211,1.6994646787643433
1912,906846,UNCLASSIFIED,1.013289,1.4454485177993774
1563,908159,UNCLASSIFIED,4.156452,4.649868011474609
1091,909717,UNCLASSIFIED,1.101031,2.3321914672851562
1561,949164,UNCLASSIFIED,0.70858,-0.0931844562292099
1855,687829,UNCLASSIFIED,4.458121,5.73055362701416
1068,907290,UNCLASSIFIED,1.865236,2.3895339965820312
1239,909717,UNCLASSIFIED,1.850352,1.4966914653778076
1912,946357,UNCLASSIFIED,1.872294,2.5467395782470703
1917,907796,UNCLASSIFIED,2.422478,3.6802589893341064
1034,906861,UNCLASSIFIED,-3.80809,-3.04965877532959
1933,1298219,UNCLASSIFIED,7.010282,6.228145599365234
1054,1240215,UNCLASSIFIED,3.576838,4.4392852783203125
1630,906827,UNCLASSIFIED,2.569497,3.7277801036834717
1073,906836,UNCLASSIFIED,-0.050631,0.2336730808019638
1553,908143,UNCLASSIFIED,3.45135,3.28763484954834
1268,684062,UNCLASSIFIED,5.363786,4.403147220611572
1939,924110,UNCLASSIFIED,2.205608,2.2780590057373047
1259,1331040,UNCLASSIFIED,-3.513934,-1.5370830297470093
1593,684052,UNCLASSIFIED,2.086288,1.547157645225525
1631,910784,UNCLASSIFIED,6.031359,3.9387197494506836
1190,909759,UNCLASSIFIED,-2.792371,-3.383023262023926
1909,909975,UNCLASSIFIED,3.715073,2.814893960952759
2046,908131,UNCLASSIFIED,3.895057,3.4708194732666016
1017,908127,UNCLASSIFIED,3.061079,3.8415591716766357
1006,908142,UNCLASSIFIED,-2.111924,-0.2178291529417038
1512,687600,UNCLASSIFIED,5.515179,5.105470180511475
2107,908149,UNCLASSIFIED,4.947048,4.818681240081787
1618,908467,UNCLASSIFIED,3.51093,3.7949275970458984
1549,908138,UNCLASSIFIED,2.212817,3.863929510116577
1083,909722,UNCLASSIFIED,2.67459,1.7450858354568481
1919,909696,UNCLASSIFIED,0.99304,1.4838032722473145
1558,907000,UNCLASSIFIED,1.819426,2.3759520053863525
1085,907268,UNCLASSIFIED,0.999329,1.9799261093139648
1593,908142,UNCLASSIFIED,0.470276,1.0243592262268066
1073,907268,UNCLASSIFIED,3.679761,2.890899658203125
1032,949156,UNCLASSIFIED,1.738487,1.682679295539856
1627,909759,UNCLASSIFIED,2.635566,2.525113105773926
1598,907043,UNCLASSIFIED,2.829632,3.2709708213806152
1088,910695,UNCLASSIFIED,5.906612,4.89015531539917
1093,906999,UNCLASSIFIED,4.444026,4.358181476593018
1011,908474,UNCLASSIFIED,2.783501,2.75079083442688
1013,909779,UNCLASSIFIED,4.483288,3.667975425720215
1854,1290807,UNCLASSIFIED,5.268757,5.122490406036377
1613,906831,UNCLASSIFIED,-0.375629,1.3841913938522339
1576,909779,UNCLASSIFIED,3.310041,2.108804225921631
1786,924186,UNCLASSIFIED,1.226077,3.008613348007202
1054,724831,UNCLASSIFIED,2.638785,3.7274680137634277
1190,910849,UNCLASSIFIED,-3.129946,1.32831609249115
1093,1322218,UNCLASSIFIED,3.695784,4.238194942474365
1932,909776,UNCLASSIFIED,3.695087,4.169508934020996
1925,909977,UNCLASSIFIED,5.971172,5.588979721069336
1553,1240128,UNCLASSIFIED,3.70221,3.140252113342285
1997,909769,UNCLASSIFIED,-0.43301,2.290766954421997
2048,908158,UNCLASSIFIED,-5.730662,-4.363894939422607
1007,908467,UNCLASSIFIED,-5.672077,-4.437296390533447
1622,1240166,UNCLASSIFIED,2.911514,3.0015506744384766
1237,909769,UNCLASSIFIED,5.720396,5.792196750640869
1507,906836,UNCLASSIFIED,1.961052,2.9572572708129883
1053,907322,UNCLASSIFIED,3.486829,2.9042136669158936
1168,908474,UNCLASSIFIED,3.485897,2.524341583251953
1852,684072,UNCLASSIFIED,4.960383,4.227700710296631
1799,909975,UNCLASSIFIED,5.993018,5.959203243255615
2044,724855,UNCLASSIFIED,5.074616,4.138583660125732
1013,905973,UNCLASSIFIED,5.237952,4.478726863861084
1598,909975,UNCLASSIFIED,5.101257,5.674713134765625
1930,909716,UNCLASSIFIED,0.87253,-0.08175332844257355
1017,909777,UNCLASSIFIED,4.095276,3.8924169540405273
1629,1240128,UNCLASSIFIED,4.810617,4.402990341186523
1558,946357,UNCLASSIFIED,2.409764,1.927682638168335
1054,909754,UNCLASSIFIED,5.669981,5.963625431060791
1598,909717,UNCLASSIFIED,5.151171,4.856471538543701
1093,906852,UNCLASSIFIED,5.808022,4.94290828704834
1622,688121,UNCLASSIFIED,5.958461,5.826889991760254
1190,1331049,UNCLASSIFIED,-4.854471,-5.431966781616211
1080,909976,UNCLASSIFIED,-3.586042,-3.499155282974243
1626,688121,UNCLASSIFIED,3.152783,3.9274098873138428
1003,909977,UNCLASSIFIED,-1.221927,0.9129534363746643
2111,907072,UNCLASSIFIED,0.969959,3.4779698848724365
1996,905965,UNCLASSIFIED,2.014963,1.375646948814392
1922,1240128,UNCLASSIFIED,3.239502,2.5201525688171387
1006,906838,UNCLASSIFIED,0.710197,1.2031867504119873
2096,1240128,UNCLASSIFIED,1.584328,1.8322408199310303
2107,906848,UNCLASSIFIED,4.88936,4.279994010925293
1915,906800,UNCLASSIFIED,2.107766,1.682247281074524
1093,907050,UNCLASSIFIED,7.192147,6.687834739685059
1911,907056,UNCLASSIFIED,-3.311807,-2.6371259689331055
1191,924186,UNCLASSIFIED,-4.741349,-5.335509300231934
1053,910401,UNCLASSIFIED,2.759602,1.7576651573181152
1849,907056,UNCLASSIFIED,2.248014,1.4348708391189575
1012,907323,UNCLASSIFIED,0.753784,0.46497854590415955
1036,908459,UNCLASSIFIED,5.207579,4.500494003295898
2109,684072,UNCLASSIFIED,1.830332,1.8456767797470093
2110,1330933,UNCLASSIFIED,3.33286,3.3381221294403076
1915,906853,UNCLASSIFIED,4.284007,3.7084076404571533
1010,924110,UNCLASSIFIED,3.467277,3.0112497806549072
1908,908127,UNCLASSIFIED,2.151447,2.162989616394043
1799,907073,UNCLASSIFIED,1.657666,3.3008337020874023
1131,1240166,UNCLASSIFIED,2.692263,2.4177331924438477
1177,906849,UNCLASSIFIED,3.143757,4.628630638122559
1617,684057,UNCLASSIFIED,0.99103,1.6706500053405762
1054,949165,UNCLASSIFIED,3.531091,3.372501850128174
1560,949157,UNCLASSIFIED,2.008952,2.2386999130249023
1629,909722,UNCLASSIFIED,3.574506,3.8980581760406494
1191,1298539,UNCLASSIFIED,-2.462992,-3.7914371490478516
1054,1330933,UNCLASSIFIED,0.985929,0.6747459769248962
1013,924110,UNCLASSIFIED,2.504393,3.2385315895080566
1373,908127,UNCLASSIFIED,5.177462,4.966651439666748
1180,949160,UNCLASSIFIED,-3.945302,-3.480431318283081
1239,907796,UNCLASSIFIED,4.60373,3.694403648376465
2096,909701,UNCLASSIFIED,1.949165,2.718244791030884
1373,949161,UNCLASSIFIED,4.884881,4.421071529388428
1083,907064,UNCLASSIFIED,4.506284,3.4030487537384033
1507,908159,UNCLASSIFIED,3.974624,3.4969611167907715
2046,687780,UNCLASSIFIED,2.532788,3.2117385864257812
1089,910906,UNCLASSIFIED,1.695187,1.4878183603286743
1916,724863,UNCLASSIFIED,2.200588,1.8540359735488892
1997,907290,UNCLASSIFIED,6.155915,4.600550651550293
1909,907064,UNCLASSIFIED,2.582802,2.81032395362854
1003,925345,UNCLASSIFIED,0.587864,-1.0470733642578125
1054,906999,UNCLASSIFIED,3.670735,3.9438490867614746
1051,909262,UNCLASSIFIED,0.823708,1.3217899799346924
1190,1240140,UNCLASSIFIED,-3.14215,1.5803519487380981
1593,909720,UNCLASSIFIED,1.661292,2.831059694290161
1917,908127,UNCLASSIFIED,1.891059,1.4603140354156494
1559,906804,UNCLASSIFIED,-4.220664,-4.399826526641846
1862,906827,UNCLASSIFIED,-1.887309,-1.7733757495880127
1068,907044,UNCLASSIFIED,1.239409,0.6609781384468079
1915,925343,UNCLASSIFIED,3.384781,3.542269229888916
1849,906846,UNCLASSIFIED,-3.166258,-1.6246123313903809
2107,949163,UNCLASSIFIED,4.941715,4.331813812255859
1179,949165,UNCLASSIFIED,0.672722,2.149400472640991
2110,908136,UNCLASSIFIED,4.103889,4.003542900085449
1003,909976,UNCLASSIFIED,-3.229047,-3.446136236190796
1085,907064,UNCLASSIFIED,2.218189,2.8006856441497803
1564,1330933,UNCLASSIFIED,1.440254,1.0716333389282227
1925,907064,UNCLASSIFIED,5.138503,5.314829349517822
1622,909255,UNCLASSIFIED,3.049839,3.3363564014434814
1047,910401,UNCLASSIFIED,3.372991,3.941704034805298
1022,909759,UNCLASSIFIED,-0.626946,-0.33402401208877563
1200,924110,UNCLASSIFIED,1.63543,2.6495604515075684
1862,949163,UNCLASSIFIED,-1.907001,-1.9668877124786377
1058,907796,UNCLASSIFIED,2.092422,2.0763776302337646
1916,949164,UNCLASSIFIED,1.829755,1.4034547805786133
1939,909776,UNCLASSIFIED,4.479072,3.8087847232818604
1911,906847,UNCLASSIFIED,-5.645314,-5.751455307006836
1576,949155,UNCLASSIFIED,2.052541,2.0824501514434814
1083,905965,UNCLASSIFIED,-2.5777,-1.4715049266815186
1068,949157,UNCLASSIFIED,1.345633,1.6762771606445312
1926,1290795,UNCLASSIFIED,0.081211,0.04278387129306793
1618,908127,UNCLASSIFIED,2.654088,3.313528537750244
1614,1303912,UNCLASSIFIED,1.848412,3.419769763946533
1613,1322218,UNCLASSIFIED,1.900167,1.9108480215072632
1849,910784,UNCLASSIFIED,-0.669511,-0.26387494802474976
1179,910906,UNCLASSIFIED,-1.292336,-0.6072857975959778
1512,908159,UNCLASSIFIED,4.59322,4.091716289520264
1060,906853,UNCLASSIFIED,2.499528,1.9096463918685913
1250,910851,UNCLASSIFIED,1.272167,1.6838585138320923
1862,684062,UNCLASSIFIED,-1.450256,-1.396012783050537
1853,907047,UNCLASSIFIED,4.000736,3.8672680854797363
1177,907000,UNCLASSIFIED,1.585132,2.7878048419952393
2044,909696,UNCLASSIFIED,1.914362,2.317206621170044
1635,910705,UNCLASSIFIED,4.09846,4.407336711883545
1873,949157,UNCLASSIFIED,1.324144,1.2282230854034424
1940,949166,UNCLASSIFIED,4.822328,5.388317108154297
1180,906800,UNCLASSIFIED,-3.820049,-4.175904273986816
1079,907056,UNCLASSIFIED,2.455922,2.9958863258361816
1930,910695,UNCLASSIFIED,2.199235,1.9060440063476562
2045,684072,UNCLASSIFIED,4.207138,3.989736795425415
1093,1298219,UNCLASSIFIED,5.266221,5.476308822631836
1578,1327774,UNCLASSIFIED,3.743363,3.257075548171997
1630,907047,UNCLASSIFIED,3.387903,2.8436529636383057
1088,908159,UNCLASSIFIED,-0.782535,-0.031031981110572815
1084,753539,UNCLASSIFIED,-3.259922,-1.0982455015182495
1936,908158,UNCLASSIFIED,2.101764,1.6323469877243042
2048,908136,UNCLASSIFIED,-4.72535,-3.8213815689086914
1010,1290807,UNCLASSIFIED,4.756651,3.960395336151123
1005,906848,UNCLASSIFIED,3.384277,3.107008457183838
1926,930082,UNCLASSIFIED,1.77445,0.36427202820777893
1177,1240128,UNCLASSIFIED,3.521438,3.7233731746673584
2046,906856,UNCLASSIFIED,-3.590156,0.08246089518070221
2109,684059,UNCLASSIFIED,1.715296,1.774627447128296
1915,906804,UNCLASSIFIED,3.246819,2.8786561489105225
2110,907000,UNCLASSIFIED,3.934425,3.653886318206787
1010,949158,UNCLASSIFIED,2.941023,2.3876378536224365
2047,724855,UNCLASSIFIED,0.330177,1.682969570159912
1576,908142,UNCLASSIFIED,2.361119,1.6618074178695679
1855,949163,UNCLASSIFIED,4.429669,2.916353702545166
1168,684059,UNCLASSIFIED,2.861423,1.7819972038269043
1177,946361,UNCLASSIFIED,5.011822,4.87886905670166
1085,910706,UNCLASSIFIED,1.747025,1.3687763214111328
2109,908467,UNCLASSIFIED,2.772781,2.270401954650879
1507,906800,UNCLASSIFIED,4.140655,3.6110546588897705
1625,1240128,UNCLASSIFIED,5.530353,4.575230121612549
1915,924186,UNCLASSIFIED,2.295868,2.574950933456421
1916,724831,UNCLASSIFIED,4.477687,3.6048433780670166
1080,906999,UNCLASSIFIED,-2.29595,-2.9063148498535156
1060,910942,UNCLASSIFIED,-0.110608,-0.45674264430999756
1049,908158,UNCLASSIFIED,1.725644,1.8431607484817505
1073,910706,UNCLASSIFIED,4.319236,1.9906595945358276
1910,908142,UNCLASSIFIED,1.379408,1.37244713306427
1598,949155,UNCLASSIFIED,3.616064,3.6431169509887695
1007,909975,UNCLASSIFIED,-0.896913,-1.8470008373260498
1635,908467,UNCLASSIFIED,5.219605,4.631289482116699
1915,949164,UNCLASSIFIED,2.07562,2.6776204109191895
2045,930082,UNCLASSIFIED,4.927526,4.648800849914551
1054,907273,UNCLASSIFIED,1.19284,1.8160723447799683
1248,908131,UNCLASSIFIED,-6.885869,-4.565115451812744
1529,909776,UNCLASSIFIED,1.153286,1.0528525114059448
1089,1240144,UNCLASSIFIED,4.405291,3.6352133750915527
1559,907044,UNCLASSIFIED,-3.214023,-3.906041145324707
1004,1327774,UNCLASSIFIED,-5.693745,-5.039423942565918
2106,1290765,UNCLASSIFIED,2.565465,3.2355072498321533
1625,910695,UNCLASSIFIED,4.227099,5.245518684387207
2106,909774,UNCLASSIFIED,3.497491,3.9949913024902344
1928,905973,UNCLASSIFIED,6.047525,5.073741912841797
1941,909732,UNCLASSIFIED,-3.24027,-4.626139163970947
1083,906999,UNCLASSIFIED,4.35434,3.194354772567749
1250,925341,UNCLASSIFIED,2.722845,2.578160285949707
1004,908132,UNCLASSIFIED,-4.453225,-5.033895492553711
1913,906847,UNCLASSIFIED,3.651852,3.9350130558013916
1598,753607,UNCLASSIFIED,3.705668,3.720924139022827
1627,684052,UNCLASSIFIED,2.335958,2.354057550430298
1918,909716,UNCLASSIFIED,2.833817,2.051114320755005
1926,1240215,UNCLASSIFIED,0.573616,0.5772672891616821
1051,910703,UNCLASSIFIED,1.499852,2.215242624282837
1249,949166,UNCLASSIFIED,3.279145,4.006774425506592
1199,909977,UNCLASSIFIED,4.26943,4.641292095184326
1085,925343,UNCLASSIFIED,3.699536,3.9950926303863525
1046,1240184,UNCLASSIFIED,2.674926,2.492213726043701
1007,907043,UNCLASSIFIED,-4.609701,-6.096114158630371
1854,906831,UNCLASSIFIED,4.34804,3.5551822185516357
1614,971773,UNCLASSIFIED,4.515576,2.9381699562072754
1093,909717,UNCLASSIFIED,5.244791,4.634756565093994
2096,1240149,UNCLASSIFIED,0.842301,2.134943723678589
1613,905965,UNCLASSIFIED,1.592485,1.1268004179000854
1046,910401,UNCLASSIFIED,0.657934,0.9683393836021423
1559,1298219,UNCLASSIFIED,-0.445721,1.232005000114441
1932,1322218,UNCLASSIFIED,3.399382,2.7242233753204346
1919,687829,UNCLASSIFIED,2.496058,2.2679359912872314
1060,971773,UNCLASSIFIED,0.804564,1.0175143480300903
1057,908467,UNCLASSIFIED,-2.512167,-0.7166266441345215
1179,949166,UNCLASSIFIED,3.482797,2.9522359371185303
1563,924186,UNCLASSIFIED,5.48942,5.348201274871826
1373,684062,UNCLASSIFIED,3.811266,4.497869968414307
1635,909732,UNCLASSIFIED,5.434096,4.868841171264648
1622,949157,UNCLASSIFIED,5.398826,4.8043670654296875
1057,910779,UNCLASSIFIED,0.479425,-0.13268108665943146
1017,724831,UNCLASSIFIED,5.75903,4.430163860321045
1622,907056,UNCLASSIFIED,3.696545,4.671269416809082
1924,906848,UNCLASSIFIED,4.463218,3.053713321685791
1004,909699,UNCLASSIFIED,-2.156768,-0.6222022175788879
1051,908143,UNCLASSIFIED,3.054797,1.7755168676376343
1913,905965,UNCLASSIFIED,3.347371,3.1267123222351074
1916,908142,UNCLASSIFIED,1.983082,2.259216070175171
1013,1290765,UNCLASSIFIED,4.145081,3.496778726577759
1598,949158,UNCLASSIFIED,3.956352,3.28273344039917
1093,1298352,UNCLASSIFIED,8.592591,7.751573085784912
2111,909777,UNCLASSIFIED,2.629291,1.9570366144180298
1557,910779,UNCLASSIFIED,5.986846,4.83564567565918
1085,907043,UNCLASSIFIED,2.169291,1.6135740280151367
1558,1327774,UNCLASSIFIED,3.780827,3.2791380882263184
1131,909779,UNCLASSIFIED,6.642355,5.722740650177002
1053,949166,UNCLASSIFIED,5.16295,3.2755930423736572
1630,907000,UNCLASSIFIED,1.580291,2.2102603912353516
1004,909977,UNCLASSIFIED,-0.104809,-0.33033478260040283
1032,909255,UNCLASSIFIED,1.358834,1.8211215734481812
1034,1330935,UNCLASSIFIED,-3.348973,-4.294087886810303
1625,909707,UNCLASSIFIED,4.812742,4.91943883895874
1084,1290807,UNCLASSIFIED,-0.375798,-1.3560106754302979
1012,949163,UNCLASSIFIED,0.089988,0.8656775951385498
1054,908454,UNCLASSIFIED,3.470359,2.8872487545013428
1634,906852,UNCLASSIFIED,5.60958,5.157823085784912
2106,949165,UNCLASSIFIED,3.152329,3.0865261554718018
1511,1240184,UNCLASSIFIED,0.778779,-0.29183316230773926
1624,909732,UNCLASSIFIED,3.951203,3.3498075008392334
1873,1290765,UNCLASSIFIED,1.346311,1.243419885635376
1047,907290,UNCLASSIFIED,4.196282,4.597098350524902
1564,907273,UNCLASSIFIED,2.898353,2.6634185314178467
1073,910906,UNCLASSIFIED,3.55631,3.236708641052246
2107,908467,UNCLASSIFIED,5.346011,4.61066198348999
1013,946357,UNCLASSIFIED,3.140833,2.224177122116089
1011,684072,UNCLASSIFIED,-0.034106,0.32379040122032166
1034,909696,UNCLASSIFIED,-2.066729,-3.8805160522460938
1913,687600,UNCLASSIFIED,5.118227,4.133645057678223
1932,687600,UNCLASSIFIED,1.386397,2.035771608352661
2107,1240166,UNCLASSIFIED,3.102121,4.177212238311768
1375,909769,UNCLASSIFIED,7.242138,6.6842360496521
1598,724855,UNCLASSIFIED,4.065321,4.5312042236328125
1017,1290807,UNCLASSIFIED,3.312327,5.405209064483643
1549,684052,UNCLASSIFIED,4.634573,4.380107879638672
1007,949163,UNCLASSIFIED,-6.588696,-7.1756672859191895
1625,906853,UNCLASSIFIED,6.634627,6.522777557373047
1190,908138,UNCLASSIFIED,0.173491,2.885230302810669
1006,909255,UNCLASSIFIED,0.638218,-1.0107340812683105
2047,1290795,UNCLASSIFIED,3.444147,2.5227718353271484
1248,909699,UNCLASSIFIED,1.547823,-3.751072406768799
1631,724863,UNCLASSIFIED,2.410035,3.1243157386779785
1635,907268,UNCLASSIFIED,3.704028,4.2780961990356445
1852,907047,UNCLASSIFIED,3.132013,4.49959135055542
2047,724863,UNCLASSIFIED,0.590365,0.5863494873046875
1916,907298,UNCLASSIFIED,2.988134,2.020570993423462
1558,908454,UNCLASSIFIED,1.921365,1.9746283292770386
1034,908159,UNCLASSIFIED,-2.419133,-4.218279838562012
1786,909264,UNCLASSIFIED,4.260164,3.8668720722198486
1916,908156,UNCLASSIFIED,1.448646,0.6103171706199646
1561,907047,UNCLASSIFIED,1.78295,0.4944555163383484
1005,906846,UNCLASSIFIED,0.274615,0.9127911329269409
1012,907060,UNCLASSIFIED,1.039217,1.258689522743225
1940,909977,UNCLASSIFIED,5.087004,4.84223747253418
2110,909769,UNCLASSIFIED,5.923795,5.416134834289551
1925,909759,UNCLASSIFIED,5.074439,4.87910270690918
1529,909732,UNCLASSIFIED,-0.822683,-0.7228614687919617
1618,949166,UNCLASSIFIED,3.515052,4.8317155838012695
1011,910784,UNCLASSIFIED,1.624976,3.6995887756347656
1093,909976,UNCLASSIFIED,3.168554,3.837599754333496
1873,909717,UNCLASSIFIED,0.804515,0.7007846832275391
1996,1240215,UNCLASSIFIED,4.423798,4.234597206115723
1268,907047,UNCLASSIFIED,3.998306,3.830944299697876
2040,909716,UNCLASSIFIED,0.196582,0.2715103328227997
1249,971773,UNCLASSIFIED,2.366328,2.4595143795013428
1558,907298,UNCLASSIFIED,1.693439,2.4287331104278564
1594,906853,UNCLASSIFIED,6.239776,5.788792133331299
1855,909264,UNCLASSIFIED,3.592223,5.569709777832031
1512,909754,UNCLASSIFIED,6.831198,6.5688581466674805
1996,1298219,UNCLASSIFIED,4.084165,5.16762638092041
1927,1303912,UNCLASSIFIED,4.424275,4.604874134063721
1928,909262,UNCLASSIFIED,2.961491,3.0426595211029053
1919,908131,UNCLASSIFIED,3.394714,2.068530797958374
1930,930082,UNCLASSIFIED,-0.179928,0.11772698163986206
1249,908467,UNCLASSIFIED,2.801605,3.3510520458221436
1051,1240140,UNCLASSIFIED,3.277982,2.2008914947509766
2044,907072,UNCLASSIFIED,2.576673,2.0941572189331055
1926,906847,UNCLASSIFIED,-0.459545,0.39144307374954224
1925,908156,UNCLASSIFIED,3.930059,2.895012378692627
2043,910705,UNCLASSIFIED,4.143426,4.111003875732422
1049,908159,UNCLASSIFIED,1.821555,2.707313299179077
1624,909774,UNCLASSIFIED,3.213698,4.356296539306641
1915,906847,UNCLASSIFIED,3.00314,2.8000028133392334
1919,684072,UNCLASSIFIED,1.688423,1.1280391216278076
1862,684072,UNCLASSIFIED,-1.585093,-1.7556952238082886
1910,1303912,UNCLASSIFIED,0.829175,1.4315351247787476
1060,909717,UNCLASSIFIED,-0.36284,0.7556689977645874
1507,925341,UNCLASSIFIED,5.175682,4.4666056632995605
2110,1290795,UNCLASSIFIED,3.883154,4.6000285148620605
1916,909779,UNCLASSIFIED,3.798652,4.44404411315918
1259,906800,UNCLASSIFIED,-4.125738,-3.01790452003479
1068,1330935,UNCLASSIFIED,1.625255,1.5451065301895142
1375,906853,UNCLASSIFIED,8.108557,7.442452907562256
1853,906831,UNCLASSIFIED,3.238817,3.1487855911254883
1053,908136,UNCLASSIFIED,1.972872,2.02201771736145
1558,908467,UNCLASSIFIED,4.353433,3.6258325576782227
1909,907268,UNCLASSIFIED,1.534275,1.4120638370513916
1862,906838,UNCLASSIFIED,-2.448867,-1.8854315280914307
1068,949168,UNCLASSIFIED,1.518067,1.3053867816925049
1558,909720,UNCLASSIFIED,4.07911,3.7974798679351807
1372,949167,UNCLASSIFIED,2.357882,2.730724811553955
2046,1240184,UNCLASSIFIED,3.434741,3.230180025100708
1618,1331049,UNCLASSIFIED,3.871863,2.7806992530822754
1091,949155,UNCLASSIFIED,0.319084,-0.11816810071468353
1627,1290807,UNCLASSIFIED,2.53477,3.6568026542663574
1091,909732,UNCLASSIFIED,3.725809,2.606137752532959
1199,909776,UNCLASSIFIED,4.048677,4.400215148925781
1049,1322218,UNCLASSIFIED,3.861738,3.523951292037964
1558,925341,UNCLASSIFIED,3.726774,3.0607807636260986
1047,908143,UNCLASSIFIED,2.169156,2.663444995880127
1910,906856,UNCLASSIFIED,-3.800903,-4.037171840667725
1786,1330987,UNCLASSIFIED,0.615082,1.9155093431472778
1079,946361,UNCLASSIFIED,3.585876,1.93394136428833
1051,688121,UNCLASSIFIED,1.708969,3.353012800216675
1239,724831,UNCLASSIFIED,2.834921,2.5022151470184326
2046,684062,UNCLASSIFIED,2.831504,1.917008399963379
1180,1303896,UNCLASSIFIED,-3.872666,-4.012465000152588
1799,909720,UNCLASSIFIED,5.490381,5.311457633972168
1372,910695,UNCLASSIFIED,-0.313337,0.3872341215610504
1372,909262,UNCLASSIFIED,-0.241324,1.7398781776428223
1010,930082,UNCLASSIFIED,2.292074,2.6735281944274902
1088,908454,UNCLASSIFIED,-0.782109,1.3238857984542847
1913,907043,UNCLASSIFIED,4.534263,3.169396162033081
1529,909785,UNCLASSIFIED,-1.31142,-1.787111759185791
1060,949157,UNCLASSIFIED,2.63579,2.2603962421417236
1091,909262,UNCLASSIFIED,3.250497,1.6046741008758545
1058,1240149,UNCLASSIFIED,0.842408,0.9423738718032837
1918,909720,UNCLASSIFIED,3.423824,3.3754069805145264
1917,1240149,UNCLASSIFIED,1.092422,1.0533061027526855
1927,906800,UNCLASSIFIED,4.193955,3.2488884925842285
1558,907290,UNCLASSIFIED,4.290911,5.4638848304748535
1855,1298219,UNCLASSIFIED,7.033837,6.684701919555664
1249,946361,UNCLASSIFIED,2.880997,3.8038852214813232
1928,684072,UNCLASSIFIED,4.072568,3.3560585975646973
1925,910401,UNCLASSIFIED,3.574459,3.6204347610473633
1936,908459,UNCLASSIFIED,3.127455,2.93064022064209
1512,907043,UNCLASSIFIED,4.473556,4.036468505859375
1051,906831,UNCLASSIFIED,0.39269,0.06947791576385498
1259,1331039,UNCLASSIFIED,0.151925,1.3293663263320923
1036,907796,UNCLASSIFIED,5.736198,4.582180023193359
1553,909785,UNCLASSIFIED,-1.390018,-1.195944905281067
2043,909716,UNCLASSIFIED,3.921015,4.265182018280029
1627,910851,UNCLASSIFIED,3.227173,3.08255672454834
1941,949161,UNCLASSIFIED,-4.143261,-3.6290102005004883
1036,910942,UNCLASSIFIED,3.606019,3.5233230590820312
1259,907060,UNCLASSIFIED,3.230765,1.2545430660247803
1563,908471,UNCLASSIFIED,5.159839,5.111815929412842
1073,909722,UNCLASSIFIED,1.489258,3.347386360168457
1564,753539,UNCLASSIFIED,3.67582,3.6796255111694336
1179,908142,UNCLASSIFIED,-0.934813,-0.3498207926750183
1168,907273,UNCLASSIFIED,2.891176,1.9885730743408203
1915,1303896,UNCLASSIFIED,2.020623,1.8737298250198364
1930,906848,UNCLASSIFIED,-0.329412,-0.9067021608352661
1250,1240184,UNCLASSIFIED,1.719415,3.996385097503662
1512,907064,UNCLASSIFIED,5.286192,5.525816917419434
1510,909696,UNCLASSIFIED,2.177844,2.7688660621643066
1626,687829,UNCLASSIFIED,5.669372,4.145552158355713
1005,924110,UNCLASSIFIED,2.717969,1.7502598762512207
1177,908138,UNCLASSIFIED,5.195802,4.836950302124023
1915,1240166,UNCLASSIFIED,2.274238,2.354454755783081
1012,949168,UNCLASSIFIED,1.046794,1.334815263748169
1916,971773,UNCLASSIFIED,3.019595,2.7458655834198
1058,907044,UNCLASSIFIED,0.674177,1.5038117170333862
1557,907043,UNCLASSIFIED,4.185119,3.357703924179077
1624,1298534,UNCLASSIFIED,1.912731,3.880826234817505
1855,1240144,UNCLASSIFIED,4.82537,4.336360454559326
1928,906853,UNCLASSIFIED,6.186778,6.887478351593018
1051,1290807,UNCLASSIFIED,3.648046,2.3349356651306152
1862,1298539,UNCLASSIFIED,-1.086504,-1.1822707653045654
1922,949166,UNCLASSIFIED,2.298117,3.8087291717529297
2110,1240128,UNCLASSIFIED,3.589711,4.529816150665283
1928,906804,UNCLASSIFIED,3.254223,3.17797589302063
1925,909754,UNCLASSIFIED,4.924786,6.285665988922119
1022,684052,UNCLASSIFIED,-0.486324,-0.7518430352210999
1558,1298539,UNCLASSIFIED,6.030222,5.573921203613281
1919,1330933,UNCLASSIFIED,1.338456,0.5096069574356079
1613,906846,UNCLASSIFIED,1.406367,1.5009032487869263
1036,910703,UNCLASSIFIED,4.439856,4.676729202270508
1051,906849,UNCLASSIFIED,3.425168,4.280113220214844
2044,908158,UNCLASSIFIED,1.294018,2.0831563472747803
1593,909731,UNCLASSIFIED,-0.179254,1.4916669130325317
1620,909977,UNCLASSIFIED,6.175323,5.713079929351807
1926,949167,UNCLASSIFIED,-0.412279,-0.38298749923706055
1512,907069,UNCLASSIFIED,4.969546,5.342072010040283
1618,909756,UNCLASSIFIED,4.508181,4.3277907371521
2047,684059,UNCLASSIFIED,-0.004279,1.8337162733078003
1622,909722,UNCLASSIFIED,3.979345,3.4996190071105957
1557,724855,UNCLASSIFIED,5.583729,6.390254020690918
1034,684059,UNCLASSIFIED,-3.087494,-3.2280616760253906
2040,946357,UNCLASSIFIED,-0.473479,0.29245442152023315
1054,1240140,UNCLASSIFIED,2.361978,3.2650909423828125
1088,907060,UNCLASSIFIED,1.872904,0.7393081188201904
1088,684062,UNCLASSIFIED,-0.313072,0.6089327335357666
1013,907273,UNCLASSIFIED,3.441685,2.6850593090057373
1529,684062,UNCLASSIFIED,-0.916735,-0.5037484765052795
1933,908138,UNCLASSIFIED,6.240365,4.869472980499268
1925,1290765,UNCLASSIFIED,4.992433,4.835104465484619
1939,909977,UNCLASSIFIED,5.509815,3.488797426223755
1996,908159,UNCLASSIFIED,3.376812,2.2314116954803467
1912,1240215,UNCLASSIFIED,2.239681,2.879837989807129
1873,907043,UNCLASSIFIED,-0.287775,0.20522618293762207
1799,684057,UNCLASSIFIED,3.63044,4.65183162689209
1615,949163,UNCLASSIFIED,4.145135,4.541770935058594
1561,910703,UNCLASSIFIED,2.154553,2.043259859085083
1512,910401,UNCLASSIFIED,3.702979,3.9919345378875732
1237,907069,UNCLASSIFIED,5.377575,5.411598205566406
1004,907047,UNCLASSIFIED,-4.932335,-4.451019763946533
1053,909759,UNCLASSIFIED,3.144374,2.9372618198394775
1862,925341,UNCLASSIFIED,-1.182347,-0.313517689704895
1177,907796,UNCLASSIFIED,6.22133,4.885596752166748
1852,949157,UNCLASSIFIED,5.703508,5.9665679931640625
1627,684072,UNCLASSIFIED,2.646251,2.346776247024536
1507,1240166,UNCLASSIFIED,4.204855,3.8038933277130127
2110,906856,UNCLASSIFIED,3.819955,3.0384204387664795
2044,907056,UNCLASSIFIED,5.591276,3.214524269104004
1598,909756,UNCLASSIFIED,4.000378,4.189195156097412
1080,1330935,UNCLASSIFIED,-2.74688,-3.4655110836029053
1618,907299,UNCLASSIFIED,2.688241,1.7899247407913208
1268,907072,UNCLASSIFIED,4.402917,4.195084571838379
1559,1322218,UNCLASSIFIED,-3.218466,-3.7119009494781494
1855,906831,UNCLASSIFIED,4.08249,2.851055383682251
1621,909716,UNCLASSIFIED,5.068052,3.678834915161133
2044,907000,UNCLASSIFIED,2.582176,2.7020211219787598
1032,909262,UNCLASSIFIED,1.200606,0.813168466091156
1933,1331039,UNCLASSIFIED,4.207688,4.495726108551025
1373,1331039,UNCLASSIFIED,5.608958,4.50144100189209
1507,924105,UNCLASSIFIED,3.288161,4.103091239929199
1626,1290765,UNCLASSIFIED,1.765545,2.358029842376709
1003,907322,UNCLASSIFIED,-3.402329,-3.920159339904785
2111,907323,UNCLASSIFIED,2.774069,2.720097064971924
1190,906853,UNCLASSIFIED,4.925232,4.972531318664551
1010,687600,UNCLASSIFIED,3.796755,3.7199079990386963
1053,908127,UNCLASSIFIED,2.138348,3.00612735748291
1916,753586,UNCLASSIFIED,3.343584,3.0463826656341553
1080,724831,UNCLASSIFIED,-2.385117,-2.574969530105591
1085,908127,UNCLASSIFIED,2.044922,1.9886184930801392
1060,949164,UNCLASSIFIED,1.060479,1.5929971933364868
1088,910779,UNCLASSIFIED,4.939091,4.970518589019775
1083,753539,UNCLASSIFIED,1.911976,1.7075799703598022
1093,907069,UNCLASSIFIED,4.74437,4.216552257537842
1511,909756,UNCLASSIFIED,-0.967416,-0.8548825979232788
1853,909722,UNCLASSIFIED,3.248104,3.536104202270508
1558,910401,UNCLASSIFIED,1.472903,1.579546570777893
1917,906847,UNCLASSIFIED,1.020549,1.3550268411636353
1017,908467,UNCLASSIFIED,2.127509,2.545382499694824
1013,687829,UNCLASSIFIED,3.652274,5.143257141113281
1626,908143,UNCLASSIFIED,0.897957,3.3304622173309326
1006,1322218,UNCLASSIFIED,-2.324651,0.6754326820373535
1936,924110,UNCLASSIFIED,2.277847,1.169578194618225
2048,909717,UNCLASSIFIED,-3.705102,-3.8847341537475586
1560,909756,UNCLASSIFIED,3.766647,4.7425618171691895
1250,906848,UNCLASSIFIED,-0.019347,0.03588326275348663
1940,908138,UNCLASSIFIED,3.777709,3.4101641178131104
1614,909776,UNCLASSIFIED,3.694151,4.586838722229004
2106,949156,UNCLASSIFIED,3.625848,3.739683151245117
1854,753539,UNCLASSIFIED,4.835528,4.21609354019165
1614,909976,UNCLASSIFIED,3.600639,3.4435184001922607
1268,1240215,UNCLASSIFIED,3.607155,4.394160747528076
1089,949163,UNCLASSIFIED,3.061316,2.9748263359069824
1593,909779,UNCLASSIFIED,1.29369,2.984365463256836
1093,908474,UNCLASSIFIED,4.748907,3.8708980083465576
1005,1290807,UNCLASSIFIED,4.342992,5.710452079772949
1916,925345,UNCLASSIFIED,3.286791,3.0716211795806885
1080,924105,UNCLASSIFIED,-4.160817,-5.295595169067383
1068,906847,UNCLASSIFIED,0.75452,0.5180321931838989
2109,909707,UNCLASSIFIED,2.917167,2.966597080230713
1088,1240128,UNCLASSIFIED,1.100591,1.423288106918335
1786,949157,UNCLASSIFIED,3.016083,2.1646535396575928
2110,1303896,UNCLASSIFIED,1.7728,2.445270299911499
1635,909777,UNCLASSIFIED,3.767636,4.107173442840576
1199,687600,UNCLASSIFIED,2.709318,2.902416229248047
1909,909756,UNCLASSIFIED,2.770397,2.7110488414764404
1083,684052,UNCLASSIFIED,2.460314,2.3282763957977295
1080,909756,UNCLASSIFIED,-1.082958,-1.2659189701080322
1925,1240140,UNCLASSIFIED,5.611336,4.615980625152588
1930,910779,UNCLASSIFIED,1.068398,2.478337049484253
1853,1330935,UNCLASSIFIED,2.203237,3.2117128372192383
1576,910779,UNCLASSIFIED,3.321907,3.6138222217559814
1553,907323,UNCLASSIFIED,2.931992,3.5129640102386475
1005,1303912,UNCLASSIFIED,4.089607,5.487194061279297
1080,949168,UNCLASSIFIED,-1.773746,-0.9144134521484375
1563,1303896,UNCLASSIFIED,4.083493,4.531777381896973
1932,909699,UNCLASSIFIED,3.421207,4.778228282928467
1620,907323,UNCLASSIFIED,4.564508,4.089741230010986
1909,907290,UNCLASSIFIED,3.129273,2.3924036026000977
1913,906836,UNCLASSIFIED,3.866707,2.673870086669922
1179,908474,UNCLASSIFIED,-1.372816,-0.26825475692749023
1854,946361,UNCLASSIFIED,4.547943,4.836348533630371
1786,908159,UNCLASSIFIED,1.413728,2.2227225303649902
2040,1240149,UNCLASSIFIED,0.236869,0.2997397184371948
1511,906847,UNCLASSIFIED,-2.703803,-2.017899990081787
1199,907047,UNCLASSIFIED,3.262478,3.029587984085083
1873,753539,UNCLASSIFIED,0.770256,1.16768217086792
1084,925343,UNCLASSIFIED,-2.30146,-2.6134653091430664
1997,924105,UNCLASSIFIED,4.043438,2.5595154762268066
2109,907069,UNCLASSIFIED,2.177903,2.405066967010498
1852,753586,UNCLASSIFIED,5.626996,5.109461307525635
1057,687829,UNCLASSIFIED,1.090176,1.2509400844573975
1046,908143,UNCLASSIFIED,1.84555,1.3434664011001587
1190,908142,UNCLASSIFIED,-4.193118,-3.975527763366699
2040,949158,UNCLASSIFIED,-0.244559,-0.4871498942375183
1510,924186,UNCLASSIFIED,3.917303,4.7830810546875
1046,1298539,UNCLASSIFIED,3.686097,3.915456533432007
1237,909977,UNCLASSIFIED,5.738876,5.786962985992432
2111,724831,UNCLASSIFIED,3.940178,4.722714424133301
1268,1327774,UNCLASSIFIED,2.95198,2.9239115715026855
1034,907268,UNCLASSIFIED,-4.020325,-4.001204967498779
1927,910849,UNCLASSIFIED,4.567147,4.692942142486572
1022,925341,UNCLASSIFIED,-0.121156,0.5827727913856506
1089,906849,UNCLASSIFIED,3.057096,3.372692584991455
1939,909731,UNCLASSIFIED,2.251671,2.202514886856079
1631,1331049,UNCLASSIFIED,2.885272,1.565447211265564
1578,907047,UNCLASSIFIED,4.628107,4.733670234680176
1908,906838,UNCLASSIFIED,2.421615,2.59140682220459
2048,909776,UNCLASSIFIED,-1.983447,-2.4026849269866943
2047,949161,UNCLASSIFIED,0.746987,3.2163031101226807
1936,906999,UNCLASSIFIED,2.825903,2.697389841079712
1373,1240128,UNCLASSIFIED,0.341756,0.7451707720756531
1084,909785,UNCLASSIFIED,-6.272228,-4.722195148468018
1940,906836,UNCLASSIFIED,3.902671,2.5277624130249023
1079,906853,UNCLASSIFIED,3.538862,3.5822863578796387
1051,1298219,UNCLASSIFIED,3.770566,4.457292079925537
1079,906794,UNCLASSIFIED,1.526321,-0.8366941213607788
1873,909701,UNCLASSIFIED,0.125924,-0.18118269741535187
1560,908127,UNCLASSIFIED,3.458505,3.4465577602386475
2107,910906,UNCLASSIFIED,4.533004,3.951477527618408
1268,910779,UNCLASSIFIED,5.93515,4.634003162384033
1131,908131,UNCLASSIFIED,3.709769,4.9534592628479
1060,949156,UNCLASSIFIED,2.818269,2.0856611728668213
2046,1298539,UNCLASSIFIED,5.256139,4.545963287353516
1200,908459,UNCLASSIFIED,2.892192,3.339132785797119
1047,906800,UNCLASSIFIED,0.279019,0.25031206011772156
1073,908143,UNCLASSIFIED,5.492377,4.642447471618652
1557,908142,UNCLASSIFIED,3.807021,4.065503120422363
1630,908159,UNCLASSIFIED,1.000447,1.0865641832351685
1922,906847,UNCLASSIFIED,1.616638,1.7730010747909546
1199,909255,UNCLASSIFIED,2.524683,2.7834832668304443
1200,907290,UNCLASSIFIED,3.798431,4.141226768493652
1940,687600,UNCLASSIFIED,4.248563,3.5468621253967285
1635,906794,UNCLASSIFIED,5.034141,4.921133518218994
1578,908159,UNCLASSIFIED,3.213513,3.059129238128662
2109,910695,UNCLASSIFIED,1.941266,3.267214775085449
2040,909717,UNCLASSIFIED,1.250732,0.5014853477478027
1085,907072,UNCLASSIFIED,1.663904,1.540241003036499
1933,924186,UNCLASSIFIED,5.24391,4.4566168785095215
1928,909777,UNCLASSIFIED,2.547152,2.4963419437408447
1372,908471,UNCLASSIFIED,-0.014484,1.64043390750885
1625,908471,UNCLASSIFIED,3.840793,4.712305545806885
1012,949161,UNCLASSIFIED,0.350565,1.2569093704223633
1936,949163,UNCLASSIFIED,1.60463,2.3261961936950684
1919,910703,UNCLASSIFIED,1.298598,1.6506081819534302
1507,684059,UNCLASSIFIED,4.759947,4.356132507324219
1852,1240210,UNCLASSIFIED,4.845152,4.619946479797363
1621,910706,UNCLASSIFIED,2.687182,1.611032247543335
1928,907069,UNCLASSIFIED,4.903716,4.903872489929199
1620,906831,UNCLASSIFIED,4.347953,4.055233478546143
1083,908156,UNCLASSIFIED,-0.076666,0.06484302878379822
1017,909756,UNCLASSIFIED,4.526554,4.474487781524658
1576,910695,UNCLASSIFIED,3.419314,2.7770004272460938
2107,684059,UNCLASSIFIED,4.901242,4.211541175842285
1849,907290,UNCLASSIFIED,-0.762027,-0.10913760960102081
1916,1331039,UNCLASSIFIED,2.392546,2.865063428878784
1630,907796,UNCLASSIFIED,6.166744,4.244302749633789
1012,910705,UNCLASSIFIED,0.060178,-0.00932641327381134
1915,909701,UNCLASSIFIED,2.638415,2.355741024017334
1621,724831,UNCLASSIFIED,3.979932,4.66355562210083
1179,949161,UNCLASSIFIED,1.308001,0.3312581181526184
1010,925341,UNCLASSIFIED,3.436961,3.031832218170166
1017,1331040,UNCLASSIFIED,1.117492,1.9335753917694092
1060,909716,UNCLASSIFIED,0.987479,1.1950184106826782
1931,949155,UNCLASSIFIED,4.622561,4.0230817794799805
1620,688121,UNCLASSIFIED,5.30115,6.101135730743408
1613,924110,UNCLASSIFIED,2.634678,2.607245922088623
1786,930082,UNCLASSIFIED,3.094149,2.5386791229248047
1932,905973,UNCLASSIFIED,3.887391,3.683290958404541
1925,1330987,UNCLASSIFIED,3.049317,3.5454323291778564
1507,909255,UNCLASSIFIED,3.800542,4.012012481689453
1237,909696,UNCLASSIFIED,3.99552,4.289818286895752
1068,909977,UNCLASSIFIED,1.65081,2.213467836380005
1922,907268,UNCLASSIFIED,1.271604,1.0887644290924072
1237,1298352,UNCLASSIFIED,8.741712,7.8011794090271
1862,949166,UNCLASSIFIED,-0.806406,-1.6541647911071777
1190,909720,UNCLASSIFIED,-3.071356,-0.7586192488670349
1199,908471,UNCLASSIFIED,2.824659,2.9790754318237305
1852,1240166,UNCLASSIFIED,3.724174,3.9899380207061768
2096,753539,UNCLASSIFIED,2.619787,3.9833438396453857
1594,949156,UNCLASSIFIED,5.931076,5.822109222412109
1199,909756,UNCLASSIFIED,3.353585,4.14120626449585
1924,687600,UNCLASSIFIED,0.276209,0.5370655059814453
1553,1331040,UNCLASSIFIED,2.681859,2.2429773807525635
1180,909716,UNCLASSIFIED,-3.397246,-3.429328441619873
1922,909717,UNCLASSIFIED,1.584531,1.9263532161712646
1915,906827,UNCLASSIFIED,2.260837,2.57635235786438
1578,906999,UNCLASSIFIED,5.559327,5.03447961807251
1939,753607,UNCLASSIFIED,1.480418,2.56007981300354
1179,949155,UNCLASSIFIED,-0.223823,-0.956088662147522
1239,753607,UNCLASSIFIED,2.301944,2.4134092330932617
2046,684052,UNCLASSIFIED,2.704866,2.1325552463531494
1911,909976,UNCLASSIFIED,-6.55209,-5.72161865234375
1559,906853,UNCLASSIFIED,1.191078,2.6132893562316895
2096,909776,UNCLASSIFIED,2.080893,3.8482718467712402
1507,908138,UNCLASSIFIED,5.093717,4.84498929977417
2107,909976,UNCLASSIFIED,4.684531,4.662075996398926
1635,684072,UNCLASSIFIED,4.961361,4.662074089050293
1598,909976,UNCLASSIFIED,3.11499,3.305375814437866
1199,907322,UNCLASSIFIED,2.367976,3.220669984817505
1249,906849,UNCLASSIFIED,2.541438,3.6897101402282715
1268,910695,UNCLASSIFIED,4.073118,4.676077842712402
1916,949163,UNCLASSIFIED,2.227773,2.4750685691833496
1561,908156,UNCLASSIFIED,1.194986,1.1266417503356934
1634,909756,UNCLASSIFIED,3.90425,4.534602642059326
1852,1240140,UNCLASSIFIED,4.798566,5.176409721374512
1634,684072,UNCLASSIFIED,4.676373,3.5836615562438965
1799,906800,UNCLASSIFIED,3.209795,3.9881012439727783
1559,1290765,UNCLASSIFIED,-3.774478,-2.9822778701782227
1529,909759,UNCLASSIFIED,0.266883,0.2593596577644348
1626,905965,UNCLASSIFIED,-0.380368,-1.1280711889266968
1913,1240221,UNCLASSIFIED,4.129439,3.696282386779785
1190,949167,UNCLASSIFIED,-5.11278,-4.927704811096191
1799,1298219,UNCLASSIFIED,6.419593,6.288933277130127
1180,906848,UNCLASSIFIED,-3.80792,-3.0974912643432617
1200,906861,UNCLASSIFIED,3.101563,3.053358316421509
1507,908143,UNCLASSIFIED,5.514798,4.817999839782715
1911,1240149,UNCLASSIFIED,-4.934896,-5.8206353187561035
1034,1240221,UNCLASSIFIED,-2.288976,-2.9976816177368164
1926,946357,UNCLASSIFIED,-0.489361,-0.2707176208496094
1559,905965,UNCLASSIFIED,-4.739111,-4.692280292510986
1873,910906,UNCLASSIFIED,0.505101,0.3906140923500061
1635,906800,UNCLASSIFIED,3.759904,4.2779669761657715
1625,924110,UNCLASSIFIED,5.196825,4.764313697814941
1089,971773,UNCLASSIFIED,1.962487,2.9529805183410645
1560,1298539,UNCLASSIFIED,5.338608,5.447812080383301
1060,908159,UNCLASSIFIED,-0.023222,-0.07329179346561432
1177,1303912,UNCLASSIFIED,4.860397,4.055166721343994
1200,1303896,UNCLASSIFIED,2.191105,2.182608127593994
1996,924110,UNCLASSIFIED,2.326723,3.253572463989258
1626,908159,UNCLASSIFIED,-2.018082,-0.9778580665588379
1615,949168,UNCLASSIFIED,4.617343,5.164178848266602
1093,684059,UNCLASSIFIED,2.327016,3.355748176574707
1200,909779,UNCLASSIFIED,3.406748,2.304621934890747
1615,949167,UNCLASSIFIED,4.897574,4.6080780029296875
1011,1240149,UNCLASSIFIED,1.77436,1.25039803981781
2096,909255,UNCLASSIFIED,2.711281,2.4960803985595703
1259,908143,UNCLASSIFIED,2.986558,2.6229043006896973
1083,909975,UNCLASSIFIED,5.329448,4.777450084686279
1199,909701,UNCLASSIFIED,2.604783,2.950784921646118
1635,907290,UNCLASSIFIED,6.216136,6.294907093048096
1917,1331049,UNCLASSIFIED,0.315626,0.38505077362060547
1635,909701,UNCLASSIFIED,4.217906,4.206291675567627
1852,1298539,UNCLASSIFIED,6.122956,5.957655429840088
1873,907000,UNCLASSIFIED,0.410063,0.3508796989917755
1634,949163,UNCLASSIFIED,4.045328,3.364755153656006
1940,753607,UNCLASSIFIED,4.915236,4.032615661621094
1200,925343,UNCLASSIFIED,3.178372,3.994779348373413
2044,684072,UNCLASSIFIED,2.003739,2.246361494064331
1046,909759,UNCLASSIFIED,2.069755,1.148004174232483
2109,971773,UNCLASSIFIED,1.826991,1.6458745002746582
1932,724831,UNCLASSIFIED,4.016787,3.479221820831299
1926,949155,UNCLASSIFIED,-1.151075,-0.9473258256912231
1017,908454,UNCLASSIFIED,2.04058,3.080713987350464
1563,908467,UNCLASSIFIED,5.631853,5.161611557006836
1919,910942,UNCLASSIFIED,1.756287,1.3777812719345093
1557,949156,UNCLASSIFIED,5.686984,5.256006240844727
2110,1298539,UNCLASSIFIED,5.349429,5.67547082901001
2109,910906,UNCLASSIFIED,1.749915,1.8674134016036987
1058,1290807,UNCLASSIFIED,0.598235,0.5929429531097412
1918,907072,UNCLASSIFIED,1.396749,2.2980780601501465
2047,1298219,UNCLASSIFIED,3.543559,4.6800737380981445
1561,909785,UNCLASSIFIED,-3.719256,-2.1757426261901855
1578,949167,UNCLASSIFIED,5.305616,4.665963649749756
1930,1240149,UNCLASSIFIED,-1.018607,0.07351218163967133
1933,1240140,UNCLASSIFIED,5.162958,4.765063762664795
1036,908156,UNCLASSIFIED,1.847454,2.052424430847168
1007,909759,UNCLASSIFIED,-5.405769,-5.895902156829834
1563,910851,UNCLASSIFIED,5.189014,5.710597038269043
1853,1298352,UNCLASSIFIED,6.101802,7.098301887512207
1635,930082,UNCLASSIFIED,4.150843,4.753036975860596
1034,1331049,UNCLASSIFIED,-3.41056,-3.83833646774292
1799,907796,UNCLASSIFIED,4.069725,5.911815643310547
1054,907047,UNCLASSIFIED,4.012229,3.4047768115997314
1631,909716,UNCLASSIFIED,3.079946,2.4275238513946533
1036,906848,UNCLASSIFIED,3.492691,5.11253023147583
1626,949163,UNCLASSIFIED,3.017913,2.946305990219116
1928,907043,UNCLASSIFIED,2.30869,2.268667221069336
1011,906848,UNCLASSIFIED,-2.289524,-0.7994674444198608
1131,910906,UNCLASSIFIED,1.860982,1.6426748037338257
1268,906827,UNCLASSIFIED,3.375961,4.124932765960693
1011,924110,UNCLASSIFIED,-1.236387,-0.6282978057861328
1006,906836,UNCLASSIFIED,-1.776327,-1.6809370517730713
1093,949158,UNCLASSIFIED,1.848594,2.716326951980591
1855,906847,UNCLASSIFIED,3.031203,3.838575839996338
1259,908467,UNCLASSIFIED,-0.083361,-0.08457325398921967
1936,908131,UNCLASSIFIED,3.439989,2.983891010284424
1046,909769,UNCLASSIFIED,3.448423,3.785398244857788
1068,907050,UNCLASSIFIED,3.520559,3.035738945007324
1199,1331049,UNCLASSIFIED,2.920507,3.1968445777893066
1941,949158,UNCLASSIFIED,-6.142407,-5.4268693923950195
2096,907796,UNCLASSIFIED,2.173357,3.97633957862854
1912,949167,UNCLASSIFIED,1.74239,1.6921154260635376
1561,909754,UNCLASSIFIED,2.111047,3.654449224472046
1930,908138,UNCLASSIFIED,0.927251,1.4198561906814575
1089,684059,UNCLASSIFIED,2.131609,2.9791741371154785
1089,924186,UNCLASSIFIED,2.297627,2.82144832611084
1855,1240128,UNCLASSIFIED,6.258841,3.8676233291625977
2107,907056,UNCLASSIFIED,5.224994,5.21291971206665
1049,688121,UNCLASSIFIED,5.375254,5.025590896606445
1927,925345,UNCLASSIFIED,4.23584,3.7137160301208496
1621,910705,UNCLASSIFIED,2.587951,2.2311155796051025
1932,906838,UNCLASSIFIED,1.717149,2.6610450744628906
1054,906861,UNCLASSIFIED,2.618796,4.693687915802002
1910,906846,UNCLASSIFIED,2.284844,2.1535937786102295
1036,910401,UNCLASSIFIED,3.781187,4.072257995605469
1996,907000,UNCLASSIFIED,2.756331,2.824723958969116
2107,909785,UNCLASSIFIED,4.042124,4.053992748260498
1622,907323,UNCLASSIFIED,2.879668,3.308899402618408
1511,925345,UNCLASSIFIED,-0.279844,-0.7293561100959778
1855,909720,UNCLASSIFIED,6.012602,4.912939071655273
2106,909732,UNCLASSIFIED,3.268882,4.054989337921143
1083,909777,UNCLASSIFIED,0.918413,1.659549355506897
1933,949160,UNCLASSIFIED,4.668831,3.319659471511841
1626,906831,UNCLASSIFIED,-0.352992,1.1261321306228638
1614,924110,UNCLASSIFIED,3.33107,4.364067554473877
1631,924110,UNCLASSIFIED,4.092258,4.288764953613281
1558,908459,UNCLASSIFIED,5.935418,3.829355478286743
1940,906846,UNCLASSIFIED,5.254768,3.5409042835235596
1085,1240140,UNCLASSIFIED,2.542909,2.535065174102783
1932,684062,UNCLASSIFIED,-0.315168,1.460654854774475
1036,909777,UNCLASSIFIED,3.455459,3.4769299030303955
1936,688121,UNCLASSIFIED,2.225363,3.882359504699707
1919,907290,UNCLASSIFIED,1.676127,2.9889705181121826
1060,910779,UNCLASSIFIED,0.457746,1.4884026050567627
1932,1327774,UNCLASSIFIED,3.784432,2.355872631072998
1627,907322,UNCLASSIFIED,1.643528,2.0390141010284424
1017,909732,UNCLASSIFIED,4.664757,3.8263943195343018
1003,909756,UNCLASSIFIED,-3.816316,-2.4974496364593506
1372,909717,UNCLASSIFIED,-0.061512,0.18014368414878845
1913,907323,UNCLASSIFIED,3.941493,3.7550647258758545
1561,907268,UNCLASSIFIED,1.071611,0.12201565504074097
1051,1290765,UNCLASSIFIED,0.276687,1.9243652820587158
1594,910703,UNCLASSIFIED,5.363353,4.052618503570557
1852,909774,UNCLASSIFIED,6.309133,5.24575662612915
1549,910779,UNCLASSIFIED,5.368075,5.088554859161377
1058,753607,UNCLASSIFIED,0.796131,0.6512740254402161
1997,1240128,UNCLASSIFIED,4.439101,3.668788433074951
1941,910779,UNCLASSIFIED,-6.265342,-2.872501850128174
1073,924105,UNCLASSIFIED,3.846313,3.4284005165100098
1007,946361,UNCLASSIFIED,-3.815648,-4.50491189956665
1996,1240140,UNCLASSIFIED,5.506319,4.425492286682129
1200,908131,UNCLASSIFIED,2.349611,2.986809492111206
1917,949165,UNCLASSIFIED,1.954046,1.5952227115631104
1615,1330935,UNCLASSIFIED,2.545676,3.70847749710083
1862,909716,UNCLASSIFIED,-0.689705,-1.4289084672927856
1930,907069,UNCLASSIFIED,0.42574,0.9738492965698242
1634,907064,UNCLASSIFIED,3.713659,4.709573745727539
1613,1298534,UNCLASSIFIED,5.866591,5.032972812652588
1012,909717,UNCLASSIFIED,1.755351,1.4359009265899658
2110,909701,UNCLASSIFIED,2.981813,3.4483048915863037
1615,909779,UNCLASSIFIED,5.685921,5.310307025909424
2044,1331040,UNCLASSIFIED,2.650408,2.180433750152588
1507,1330987,UNCLASSIFIED,3.443702,3.651252269744873
1083,1240128,UNCLASSIFIED,3.003457,3.3486452102661133
1549,949168,UNCLASSIFIED,5.02712,4.571590423583984
2096,910784,UNCLASSIFIED,3.465695,3.348395824432373
1615,910705,UNCLASSIFIED,3.800714,3.824540853500366
1010,909777,UNCLASSIFIED,3.019682,2.3441808223724365
1068,908136,UNCLASSIFIED,-0.152991,0.38900309801101685
1620,908142,UNCLASSIFIED,4.079953,4.211623668670654
1922,924110,UNCLASSIFIED,2.129997,2.186394453048706
1918,946361,UNCLASSIFIED,3.527805,3.4296326637268066
1091,909707,UNCLASSIFIED,1.988878,1.681516170501709
1083,1240184,UNCLASSIFIED,3.983213,3.235133409500122
1177,910942,UNCLASSIFIED,2.145447,2.674520492553711
1011,1240166,UNCLASSIFIED,1.90032,1.8926348686218262
2096,906848,UNCLASSIFIED,2.476512,1.931986927986145
2045,910784,UNCLASSIFIED,4.36702,5.337813854217529
2096,907056,UNCLASSIFIED,3.209374,3.225709915161133
1613,946361,UNCLASSIFIED,2.004467,3.7447969913482666
1073,907064,UNCLASSIFIED,6.835649,5.343642234802246
1917,949166,UNCLASSIFIED,1.735609,2.147556781768799
1927,1240210,UNCLASSIFIED,3.351826,3.3641138076782227
1034,949160,UNCLASSIFIED,-1.601801,-3.5488791465759277
1629,906846,UNCLASSIFIED,3.970932,3.9980270862579346
1560,753539,UNCLASSIFIED,4.558136,4.261575222015381
1179,1290807,UNCLASSIFIED,3.38716,2.4718494415283203
1034,1240215,UNCLASSIFIED,-4.996167,-4.492546081542969
1997,909264,UNCLASSIFIED,3.706521,3.5594940185546875
1057,906827,UNCLASSIFIED,-3.145611,-2.4593312740325928
1177,909774,UNCLASSIFIED,5.27928,4.253437042236328
1032,924105,UNCLASSIFIED,-1.403651,-0.8365747928619385
1549,687780,UNCLASSIFIED,4.751963,3.7476048469543457
1372,930082,UNCLASSIFIED,-0.684353,1.2193560600280762
2048,907299,UNCLASSIFIED,-2.12054,-4.441681385040283
1924,907323,UNCLASSIFIED,3.290035,3.8711771965026855
1915,905973,UNCLASSIFIED,4.030738,3.8926565647125244
1915,909769,UNCLASSIFIED,1.805795,2.803508996963501
1621,949160,UNCLASSIFIED,4.813089,3.3857641220092773
1010,910779,UNCLASSIFIED,4.082503,4.339991092681885
1200,908158,UNCLASSIFIED,2.352267,2.218822956085205
1930,909732,UNCLASSIFIED,-0.271214,0.9200996160507202
1022,906827,UNCLASSIFIED,-1.054905,0.19736766815185547
1199,909732,UNCLASSIFIED,4.047063,3.629558563232422
1909,906853,UNCLASSIFIED,1.999173,3.3050131797790527
1624,1298219,UNCLASSIFIED,5.74932,4.199265480041504
1927,949161,UNCLASSIFIED,4.308741,4.628243446350098
1615,906804,UNCLASSIFIED,4.073794,4.826481819152832
1614,907322,UNCLASSIFIED,4.573915,3.136375904083252
1079,909777,UNCLASSIFIED,-0.540131,1.0190417766571045
1933,909756,UNCLASSIFIED,6.36555,5.035759449005127
2106,1331049,UNCLASSIFIED,-0.06517,1.3196953535079956
1005,909977,UNCLASSIFIED,5.276883,5.707951545715332
1375,909731,UNCLASSIFIED,5.530112,4.492936611175537
1629,907047,UNCLASSIFIED,4.940292,4.290095329284668
2110,1240140,UNCLASSIFIED,3.200276,4.016233444213867
1933,1303896,UNCLASSIFIED,1.944387,2.881282091140747
1047,907268,UNCLASSIFIED,3.450428,3.5760092735290527
1941,909774,UNCLASSIFIED,-4.728786,-4.371870517730713
1928,684059,UNCLASSIFIED,3.35958,3.5105326175689697
1635,910401,UNCLASSIFIED,3.099126,3.824007511138916
1191,1327774,UNCLASSIFIED,-4.483034,-5.687808990478516
1922,910705,UNCLASSIFIED,1.702821,2.0579378604888916
1932,909732,UNCLASSIFIED,5.185067,3.5914828777313232
1933,949166,UNCLASSIFIED,5.781967,4.633628845214844
1512,909777,UNCLASSIFIED,4.686212,4.0259881019592285
1091,908136,UNCLASSIFIED,1.595649,2.4132468700408936
1010,909774,UNCLASSIFIED,4.649576,4.244735240936279
1190,909696,UNCLASSIFIED,-3.275783,-3.422250270843506
1622,949155,UNCLASSIFIED,4.565473,3.7032980918884277
1928,907268,UNCLASSIFIED,1.930674,2.6318907737731934
1996,907060,UNCLASSIFIED,3.039515,3.202436685562134
1007,1240140,UNCLASSIFIED,-5.535991,-5.93645715713501
2045,906853,UNCLASSIFIED,7.086069,6.565511703491211
2047,909699,UNCLASSIFIED,4.655556,4.12452507019043
1629,910779,UNCLASSIFIED,4.946878,5.218594551086426
1549,909720,UNCLASSIFIED,4.863186,4.953653335571289
1249,1330935,UNCLASSIFIED,1.862202,1.7656903266906738
1180,949165,UNCLASSIFIED,-1.974274,-2.999335765838623
1917,1331040,UNCLASSIFIED,-0.725249,-0.7095894813537598
1060,688121,UNCLASSIFIED,2.4271,2.652492046356201
1088,1331049,UNCLASSIFIED,-0.590119,0.020268961787223816
2110,909720,UNCLASSIFIED,5.097088,4.5402727127075195
1852,906847,UNCLASSIFIED,3.793842,4.936926364898682
1529,907047,UNCLASSIFIED,-2.210647,0.11659255623817444
2109,909701,UNCLASSIFIED,1.548499,2.074273109436035
1510,909977,UNCLASSIFIED,4.903703,4.507008075714111
1620,949160,UNCLASSIFIED,4.606814,4.520468235015869
1617,908142,UNCLASSIFIED,0.460011,0.9085993766784668
1912,924105,UNCLASSIFIED,2.822662,1.3761049509048462
1931,908474,UNCLASSIFIED,5.161664,5.006674289703369
1131,906856,UNCLASSIFIED,3.657487,2.55680513381958
1549,907043,UNCLASSIFIED,2.08457,3.585545301437378
1006,909754,UNCLASSIFIED,3.42416,5.693575382232666
1054,909720,UNCLASSIFIED,4.494422,4.116495609283447
1631,906852,UNCLASSIFIED,3.410082,3.8395118713378906
1908,906800,UNCLASSIFIED,1.172316,1.6172605752944946
1259,909701,UNCLASSIFIED,0.051349,-0.7150529623031616
1553,907056,UNCLASSIFIED,1.848142,1.784445881843567
1373,908459,UNCLASSIFIED,5.709472,5.306996822357178
1237,1322218,UNCLASSIFIED,4.835014,4.6937689781188965
1511,924110,UNCLASSIFIED,0.407961,-1.597460150718689
1563,906852,UNCLASSIFIED,6.209502,5.926514148712158
2111,1330935,UNCLASSIFIED,1.743339,2.5104193687438965
1036,908136,UNCLASSIFIED,4.510386,4.124417781829834
2043,971773,UNCLASSIFIED,2.95066,3.5907931327819824
1624,906853,UNCLASSIFIED,6.868703,6.109777450561523
1191,971773,UNCLASSIFIED,-5.830709,-5.229307174682617
1941,906831,UNCLASSIFIED,-1.859736,-4.992518901824951
2045,909717,UNCLASSIFIED,5.135294,4.332396030426025
1854,906861,UNCLASSIFIED,5.258381,4.987710952758789
1615,910942,UNCLASSIFIED,3.085529,3.8987765312194824
1940,684072,UNCLASSIFIED,3.142458,3.58596134185791
1007,906800,UNCLASSIFIED,-6.832959,-6.540910243988037
1924,949161,UNCLASSIFIED,1.956675,2.8165981769561768
1529,910942,UNCLASSIFIED,1.762647,0.28855764865875244
1799,949166,UNCLASSIFIED,5.860681,5.246774673461914
1085,905973,UNCLASSIFIED,2.95225,4.016967296600342
1058,949161,UNCLASSIFIED,0.534649,0.41513723134994507
1005,906831,UNCLASSIFIED,0.980791,1.6976054906845093
1624,1240221,UNCLASSIFIED,1.928064,3.1994290351867676
1006,1298219,UNCLASSIFIED,4.318062,5.218820095062256
1622,724863,UNCLASSIFIED,4.916778,3.8714613914489746
1512,907044,UNCLASSIFIED,4.248554,4.578060626983643
1909,908459,UNCLASSIFIED,3.154974,2.7818691730499268
1046,909977,UNCLASSIFIED,3.833784,4.890335559844971
1918,907064,UNCLASSIFIED,4.346603,4.114243507385254
1068,684059,UNCLASSIFIED,0.359041,1.1197954416275024
1559,1330987,UNCLASSIFIED,-3.951622,-3.934354782104492
1068,684057,UNCLASSIFIED,1.21802,0.9477317333221436
1013,907000,UNCLASSIFIED,1.704721,2.8136274814605713
1005,906836,UNCLASSIFIED,-0.267635,0.06386183202266693
1558,687600,UNCLASSIFIED,4.801944,2.7649340629577637
1005,753586,UNCLASSIFIED,3.952592,3.800734519958496
1559,909779,UNCLASSIFIED,3.313237,-0.3268392086029053
1549,1240166,UNCLASSIFIED,3.963773,3.4313063621520996
1512,910703,UNCLASSIFIED,3.887045,4.71593713760376
1940,924105,UNCLASSIFIED,1.945609,2.498105049133301
1510,909976,UNCLASSIFIED,3.410147,3.4168474674224854
2096,949165,UNCLASSIFIED,3.677471,3.4819087982177734
1911,907044,UNCLASSIFIED,-7.928816,-6.6734795570373535
1913,1290795,UNCLASSIFIED,4.953611,4.5874247550964355
1191,906999,UNCLASSIFIED,-3.34087,-5.333150863647461
1576,684052,UNCLASSIFIED,2.434809,2.3957345485687256
2109,1290807,UNCLASSIFIED,3.764642,2.8999454975128174
1089,907072,UNCLASSIFIED,3.925223,2.8969388008117676
1614,724855,UNCLASSIFIED,6.016055,4.976279258728027
1593,910942,UNCLASSIFIED,-0.287683,0.7241863012313843
1010,908143,UNCLASSIFIED,3.713713,3.3576347827911377
1046,684052,UNCLASSIFIED,1.570353,1.0939792394638062
1200,724831,UNCLASSIFIED,3.608159,3.0446109771728516
1088,909769,UNCLASSIFIED,4.459308,5.416925430297852
1631,908459,UNCLASSIFIED,3.132502,4.004786968231201
1933,909732,UNCLASSIFIED,5.427781,4.164475440979004
1068,1330933,UNCLASSIFIED,-0.437533,0.5487745404243469
1913,908131,UNCLASSIFIED,4.438657,4.845938205718994
1089,949167,UNCLASSIFIED,1.562147,2.2792580127716064
1873,1330987,UNCLASSIFIED,-0.589575,0.27596744894981384
2044,909754,UNCLASSIFIED,4.388204,4.886040687561035
1003,684072,UNCLASSIFIED,-5.109751,-5.236507892608643
1190,907000,UNCLASSIFIED,-3.681984,-4.274015426635742
1910,908131,UNCLASSIFIED,3.579692,3.0437798500061035
1786,949163,UNCLASSIFIED,1.001181,0.27752789855003357
1372,946357,UNCLASSIFIED,-0.584121,0.06693205237388611
1617,909759,UNCLASSIFIED,1.707682,0.41294166445732117
1561,1331049,UNCLASSIFIED,1.081169,1.1934247016906738
1913,905973,UNCLASSIFIED,4.780524,4.918206691741943
1131,907050,UNCLASSIFIED,6.814636,7.973922252655029
1131,949168,UNCLASSIFIED,3.70294,5.396383762359619
2046,1331039,UNCLASSIFIED,1.18733,1.9642876386642456
1627,906848,UNCLASSIFIED,2.048478,2.629903793334961
1512,908474,UNCLASSIFIED,5.255104,4.793909549713135
2044,909707,UNCLASSIFIED,4.511627,3.1383724212646484
1924,908131,UNCLASSIFIED,4.064362,3.372344970703125
1631,924105,UNCLASSIFIED,1.682591,2.0178346633911133
1239,905973,UNCLASSIFIED,4.340577,4.335955619812012
1933,906794,UNCLASSIFIED,5.03249,4.287776947021484
1091,908471,UNCLASSIFIED,2.1879,2.5747804641723633
1563,1298539,UNCLASSIFIED,6.366601,6.534693241119385
1932,908142,UNCLASSIFIED,2.547332,1.46811842918396
1057,925343,UNCLASSIFIED,-2.156941,-2.0861544609069824
1510,687829,UNCLASSIFIED,4.796236,4.957652568817139
1940,946361,UNCLASSIFIED,4.010201,3.912283182144165
2043,1240140,UNCLASSIFIED,5.60548,5.443044662475586
1625,1290807,UNCLASSIFIED,6.235771,4.935259819030762
1375,908142,UNCLASSIFIED,5.033588,5.2750067710876465
1625,724831,UNCLASSIFIED,3.907086,4.724698543548584
1635,946361,UNCLASSIFIED,5.163002,5.390628337860107
1799,906848,UNCLASSIFIED,4.934363,4.542182445526123
1941,909769,UNCLASSIFIED,-5.344927,-4.095701217651367
1032,907064,UNCLASSIFIED,3.691317,2.9326395988464355
1563,924110,UNCLASSIFIED,5.468183,5.472398281097412
1199,906999,UNCLASSIFIED,4.25135,3.9198555946350098
1909,910779,UNCLASSIFIED,3.625888,3.162933826446533
1084,907268,UNCLASSIFIED,-6.699022,-4.611771106719971
1248,753586,UNCLASSIFIED,-3.703877,-3.9941301345825195
1375,909777,UNCLASSIFIED,5.155458,5.514510154724121
1931,909699,UNCLASSIFIED,7.085387,6.9516754150390625
1006,907322,UNCLASSIFIED,-0.938455,-0.008508935570716858
1560,907000,UNCLASSIFIED,1.517729,3.2071163654327393
1093,909720,UNCLASSIFIED,4.354229,4.461815357208252
1084,1331049,UNCLASSIFIED,-6.59469,-4.895010471343994
1036,949155,UNCLASSIFIED,4.453995,3.774611473083496
1634,909759,UNCLASSIFIED,4.926883,5.114290714263916
1622,909701,UNCLASSIFIED,2.547033,3.2406976222991943
1512,909785,UNCLASSIFIED,3.182427,3.8662936687469482
1003,908454,UNCLASSIFIED,-3.995591,-2.93192458152771
1131,1240215,UNCLASSIFIED,3.153705,4.651146411895752
1068,908132,UNCLASSIFIED,0.622194,1.8715157508850098
1057,1327774,UNCLASSIFIED,0.088121,-0.7063270211219788
1093,905965,UNCLASSIFIED,2.648507,2.668158769607544
1613,909732,UNCLASSIFIED,2.491622,3.1708247661590576
1237,908142,UNCLASSIFIED,3.579992,3.845576524734497
1855,684062,UNCLASSIFIED,3.844115,3.3413243293762207
2107,688121,UNCLASSIFIED,6.342535,6.058910846710205
1624,907073,UNCLASSIFIED,3.115983,1.986349105834961
1248,909769,UNCLASSIFIED,-0.54734,-3.684950351715088
1200,906800,UNCLASSIFIED,1.410647,2.3549015522003174
1932,684059,UNCLASSIFIED,1.588427,0.7102195024490356
1627,909977,UNCLASSIFIED,3.835865,3.6207094192504883
1006,687829,UNCLASSIFIED,4.651491,4.310227870941162
1180,909696,UNCLASSIFIED,-3.663064,-1.4662607908248901
1004,684072,UNCLASSIFIED,-5.162206,-6.201138019561768
1529,909774,UNCLASSIFIED,-0.955596,-0.2276027649641037
1620,909976,UNCLASSIFIED,4.295688,4.948704719543457
1529,906846,UNCLASSIFIED,-2.037758,-1.1967909336090088
1862,1331039,UNCLASSIFIED,-2.338746,-2.1206202507019043
1080,949163,UNCLASSIFIED,-4.900067,-5.95542573928833
1635,907073,UNCLASSIFIED,4.095944,4.434545993804932
1054,949163,UNCLASSIFIED,2.588883,2.0650761127471924
2111,907322,UNCLASSIFIED,3.477608,1.9204890727996826
1249,909731,UNCLASSIFIED,2.192208,2.397198438644409
1083,906836,UNCLASSIFIED,-2.641189,-2.209955930709839
1180,1298539,UNCLASSIFIED,0.40821,0.25462591648101807
1578,1298219,UNCLASSIFIED,5.872201,5.774775981903076
1617,930082,UNCLASSIFIED,1.826723,-4.048177242279053
1614,910703,UNCLASSIFIED,4.332653,3.4012444019317627
1507,907299,UNCLASSIFIED,5.20443,4.684598922729492
2110,909262,UNCLASSIFIED,2.012141,3.1455514430999756
1862,1330933,UNCLASSIFIED,-2.101779,-2.1304662227630615
1910,1298539,UNCLASSIFIED,3.944734,2.812059164047241
1940,909776,UNCLASSIFIED,3.444082,4.335662364959717
1259,910401,UNCLASSIFIED,3.702979,3.9671144485473633
1939,930082,UNCLASSIFIED,4.615954,2.920896291732788
1620,907322,UNCLASSIFIED,4.089932,4.528443336486816
1249,1331049,UNCLASSIFIED,3.072195,2.2974019050598145
1017,910703,UNCLASSIFIED,3.023819,4.289092540740967
1529,925341,UNCLASSIFIED,1.164683,1.7419703006744385
1635,1303896,UNCLASSIFIED,4.1693,3.9776687622070312
1594,910784,UNCLASSIFIED,5.702668,5.9647016525268555
1631,925341,UNCLASSIFIED,3.900591,3.963592767715454
1559,971773,UNCLASSIFIED,-2.743037,-3.699652671813965
1177,905965,UNCLASSIFIED,1.098205,1.0553399324417114
1940,907047,UNCLASSIFIED,3.364048,3.751488208770752
1853,905973,UNCLASSIFIED,3.87955,4.602694988250732
1005,910703,UNCLASSIFIED,3.521056,2.45929217338562
1558,949165,UNCLASSIFIED,3.108263,2.5586965084075928
1553,949167,UNCLASSIFIED,1.447485,1.6043455600738525
1909,1240221,UNCLASSIFIED,0.591866,1.5435476303100586
1557,908136,UNCLASSIFIED,3.94669,4.379578590393066
1549,907273,UNCLASSIFIED,4.499286,3.5453994274139404
1915,949157,UNCLASSIFIED,3.658275,3.0698225498199463
1634,907050,UNCLASSIFIED,5.538667,6.383350849151611
1372,909776,UNCLASSIFIED,-1.402244,1.5977734327316284
1615,1303896,UNCLASSIFIED,2.982728,3.256716728210449
1925,906846,UNCLASSIFIED,5.356898,4.55128812789917
1051,724831,UNCLASSIFIED,1.517501,2.333871603012085
1005,909777,UNCLASSIFIED,1.221649,1.6335325241088867
1939,1240215,UNCLASSIFIED,1.915183,3.1585662364959717
1010,909754,UNCLASSIFIED,5.306631,4.926929473876953
1022,925343,UNCLASSIFIED,0.789772,1.0028483867645264
1005,909731,UNCLASSIFIED,0.915941,0.7374680042266846
1629,905965,UNCLASSIFIED,1.904842,2.994150161743164
1085,906846,UNCLASSIFIED,1.860074,2.1726372241973877
1058,1240140,UNCLASSIFIED,-0.202948,0.38289666175842285
1032,1331040,UNCLASSIFIED,1.667095,0.7399375438690186
1622,907050,UNCLASSIFIED,6.579155,6.753294467926025
1854,908149,UNCLASSIFIED,5.345354,4.8806562423706055
1622,1240128,UNCLASSIFIED,4.746409,3.994180917739868
1512,925341,UNCLASSIFIED,4.658166,4.8523478507995605
1010,684052,UNCLASSIFIED,3.242263,2.208604335784912
1558,909756,UNCLASSIFIED,4.641891,4.343990802764893
1624,906831,UNCLASSIFIED,1.059666,1.7141060829162598
1916,909717,UNCLASSIFIED,2.377439,2.4584085941314697
1060,906827,UNCLASSIFIED,2.422412,0.9970904588699341
1239,1290795,UNCLASSIFIED,2.000941,2.73759126663208
1003,910401,UNCLASSIFIED,-2.313078,-2.8363547325134277
2110,949160,UNCLASSIFIED,4.776051,3.7828664779663086
1249,907072,UNCLASSIFIED,2.51666,3.0702383518218994
1060,910784,UNCLASSIFIED,1.405106,0.9371604919433594
1912,949160,UNCLASSIFIED,0.819758,1.5513458251953125
1618,1327774,UNCLASSIFIED,2.932283,2.9223313331604004
2109,908143,UNCLASSIFIED,2.754823,3.200028419494629
1177,1330935,UNCLASSIFIED,3.297131,3.024862766265869
1007,930082,UNCLASSIFIED,-5.339297,-5.28603982925415
1927,949168,UNCLASSIFIED,4.150199,4.750572681427002
1013,1331040,UNCLASSIFIED,1.91962,2.303471803665161
1625,1240166,UNCLASSIFIED,3.202218,3.3460781574249268
1617,1290807,UNCLASSIFIED,2.000026,0.7590125799179077
1083,906852,UNCLASSIFIED,4.726072,4.294669151306152
2106,906848,UNCLASSIFIED,3.544114,2.6624300479888916
1560,907299,UNCLASSIFIED,1.801042,1.5442503690719604
1873,949161,UNCLASSIFIED,0.915437,0.37704432010650635
1854,907047,UNCLASSIFIED,4.472454,4.2194318771362305
1190,925343,UNCLASSIFIED,2.508258,-0.8608843088150024
1006,1240166,UNCLASSIFIED,-0.034803,-1.4723527431488037
1854,1303912,UNCLASSIFIED,4.160324,4.607917308807373
1085,910779,UNCLASSIFIED,2.641402,4.15753173828125
1046,907323,UNCLASSIFIED,0.193942,-0.0752907544374466
1068,907043,UNCLASSIFIED,0.942874,0.40512728691101074
1786,1240128,UNCLASSIFIED,2.670676,2.990108013153076
1594,1290765,UNCLASSIFIED,3.540475,4.738612651824951
1620,925345,UNCLASSIFIED,5.114631,4.465204238891602
1915,909776,UNCLASSIFIED,4.059564,3.365159273147583
1053,909774,UNCLASSIFIED,2.690915,4.2094550132751465
1091,905973,UNCLASSIFIED,1.234188,2.8752572536468506
1199,908131,UNCLASSIFIED,3.838343,4.096590995788574
1849,909716,UNCLASSIFIED,-0.635076,-2.6438353061676025
1849,724855,UNCLASSIFIED,3.784612,0.9435330629348755
1618,910706,UNCLASSIFIED,2.647492,2.4137372970581055
1054,684072,UNCLASSIFIED,1.505626,2.44990611076355
1168,906856,UNCLASSIFIED,1.270527,0.9096874594688416
1855,753539,UNCLASSIFIED,4.27306,3.2206318378448486
1250,909255,UNCLASSIFIED,0.081753,0.27892953157424927
1910,1240221,UNCLASSIFIED,0.138821,0.7984616160392761
1578,909701,UNCLASSIFIED,4.169854,3.7799510955810547
2111,949156,UNCLASSIFIED,3.316901,3.752617597579956
1177,1331039,UNCLASSIFIED,2.684183,3.250565528869629
2043,1330933,UNCLASSIFIED,2.881817,3.4025795459747314
2110,753607,UNCLASSIFIED,3.237076,4.240382194519043
1594,906999,UNCLASSIFIED,5.152662,4.315210819244385
2111,909732,UNCLASSIFIED,3.492433,3.873046398162842
1088,688121,UNCLASSIFIED,1.451238,1.5063468217849731
2045,907072,UNCLASSIFIED,5.040068,4.279721260070801
1017,724855,UNCLASSIFIED,6.19689,5.206749439239502
1563,753539,UNCLASSIFIED,4.084255,4.625823974609375
1051,1240144,UNCLASSIFIED,2.803672,2.0110015869140625
1046,908454,UNCLASSIFIED,-0.039184,2.491767168045044
1239,925345,UNCLASSIFIED,3.857344,2.535101890563965
1032,906800,UNCLASSIFIED,0.284832,0.36529743671417236
1624,1322218,UNCLASSIFIED,4.660405,3.472862482070923
1250,909779,UNCLASSIFIED,1.924995,2.0008161067962646
1932,1240128,UNCLASSIFIED,2.924274,2.9564881324768066
1916,907060,UNCLASSIFIED,2.775618,2.8172760009765625
1060,1298539,UNCLASSIFIED,0.188206,0.21442608535289764
1177,687829,UNCLASSIFIED,6.08029,5.703823566436768
1013,930082,UNCLASSIFIED,4.123487,2.5311927795410156
1576,907064,UNCLASSIFIED,3.321412,3.169060707092285
1372,687600,UNCLASSIFIED,3.45877,2.3029680252075195
1930,687780,UNCLASSIFIED,0.240669,0.9791697263717651
1625,910851,UNCLASSIFIED,5.389785,5.176366329193115
1051,949155,UNCLASSIFIED,-2.908948,-0.6803830862045288
1928,910906,UNCLASSIFIED,2.290414,2.397646188735962
1507,1330935,UNCLASSIFIED,-1.694018,3.344498872756958
1563,724863,UNCLASSIFIED,5.760337,5.497780799865723
1191,909264,UNCLASSIFIED,-4.048717,-5.186211109161377
1011,910401,UNCLASSIFIED,1.272884,1.4245402812957764
1873,907050,UNCLASSIFIED,2.676771,2.9042856693267822
1924,909774,UNCLASSIFIED,4.493835,4.859673023223877
2110,908138,UNCLASSIFIED,5.039042,4.868173122406006
1373,949164,UNCLASSIFIED,4.540705,4.591926574707031
1852,688121,UNCLASSIFIED,6.276229,5.892879962921143
1622,949168,UNCLASSIFIED,5.503089,4.517119884490967
1996,909732,UNCLASSIFIED,3.47906,3.607819080352783
1073,908142,UNCLASSIFIED,3.679199,3.6019511222839355
1259,907072,UNCLASSIFIED,0.456788,1.2321832180023193
1918,906800,UNCLASSIFIED,1.786289,2.00999116897583
1939,907064,UNCLASSIFIED,3.211156,3.1991159915924072
1060,1330933,UNCLASSIFIED,-1.482773,-0.5910540223121643
1635,910779,UNCLASSIFIED,5.713675,5.388936519622803
1079,909785,UNCLASSIFIED,-4.752071,-1.6833641529083252
1849,688121,UNCLASSIFIED,-0.410846,-0.17034123837947845
1917,909717,UNCLASSIFIED,1.985116,1.5587985515594482
1051,907073,UNCLASSIFIED,0.313562,0.6091828346252441
1941,924105,UNCLASSIFIED,-4.169625,-4.0405497550964355
1032,910942,UNCLASSIFIED,1.833159,1.4833232164382935
1200,949168,UNCLASSIFIED,2.242084,3.5169031620025635
2048,909977,UNCLASSIFIED,-3.851689,-0.7107765078544617
1085,1298219,UNCLASSIFIED,5.657086,5.198578357696533
1620,910906,UNCLASSIFIED,4.294935,3.844278335571289
1053,949156,UNCLASSIFIED,4.91763,3.4349722862243652
2044,907796,UNCLASSIFIED,6.338453,3.421222686767578
1634,910401,UNCLASSIFIED,2.905847,2.956019401550293
1996,906827,UNCLASSIFIED,2.924323,3.739082098007202
1250,1322218,UNCLASSIFIED,2.977586,0.7744916081428528
1239,949168,UNCLASSIFIED,3.081616,3.827763795852661
1940,1298219,UNCLASSIFIED,4.565704,4.391815662384033
1373,909262,UNCLASSIFIED,3.979079,2.6742475032806396
1557,909754,UNCLASSIFIED,6.851283,5.859526634216309
1911,949155,UNCLASSIFIED,-6.263725,-6.600038528442383
1084,909720,UNCLASSIFIED,-3.997117,-2.640197515487671
1180,908127,UNCLASSIFIED,-3.955625,-3.6547999382019043
1911,906856,UNCLASSIFIED,-7.511804,-6.898045063018799
1068,684072,UNCLASSIFIED,1.472478,0.9721009731292725
1634,687829,UNCLASSIFIED,5.902911,4.688859939575195
1553,1330935,UNCLASSIFIED,1.134691,1.5875693559646606
1249,909707,UNCLASSIFIED,2.992109,3.699291467666626
1936,910779,UNCLASSIFIED,3.461458,2.932220458984375
1199,949155,UNCLASSIFIED,3.20053,2.57246470451355
1047,909769,UNCLASSIFIED,6.254209,5.951028347015381
1017,909779,UNCLASSIFIED,5.241307,3.797741174697876
1615,907273,UNCLASSIFIED,4.354895,3.717165946960449
1080,908159,UNCLASSIFIED,-5.058998,-4.826381206512451
1179,753607,UNCLASSIFIED,0.360941,1.1437212228775024
1046,930082,UNCLASSIFIED,1.417575,1.2543249130249023
2048,907069,UNCLASSIFIED,0.131082,-2.4992382526397705
1786,910779,UNCLASSIFIED,2.568013,3.8568363189697266
1168,949168,UNCLASSIFIED,3.842968,2.6289985179901123
1032,1240149,UNCLASSIFIED,1.499261,2.0399460792541504
1529,910703,UNCLASSIFIED,1.217141,-0.7794108390808105
1927,1298219,UNCLASSIFIED,6.060658,6.09682559967041
1853,909707,UNCLASSIFIED,4.745534,4.843188762664795
1598,909731,UNCLASSIFIED,3.8429,3.46860671043396
1512,1290807,UNCLASSIFIED,5.147973,6.006290435791016
1630,907064,UNCLASSIFIED,4.142056,4.169284343719482
2043,909769,UNCLASSIFIED,5.941048,5.618856430053711
1621,910695,UNCLASSIFIED,5.730636,5.4999189376831055
1239,908138,UNCLASSIFIED,3.39104,2.7768962383270264
1913,1330935,UNCLASSIFIED,4.250035,4.034541606903076
1051,908131,UNCLASSIFIED,0.003794,1.3381661176681519
1191,1240221,UNCLASSIFIED,-4.61996,-5.251296043395996
1510,684057,UNCLASSIFIED,1.331291,1.4659112691879272
1910,1331039,UNCLASSIFIED,-3.587115,-3.101142406463623
1199,1240140,UNCLASSIFIED,5.214479,3.3407483100891113
1626,1303912,UNCLASSIFIED,3.285371,1.167535662651062
1560,924186,UNCLASSIFIED,2.769457,3.257549524307251
1529,909975,UNCLASSIFIED,2.670184,5.411837100982666
1873,924110,UNCLASSIFIED,0.357592,0.8049135804176331
1627,909976,UNCLASSIFIED,1.940371,2.5056209564208984
1564,909777,UNCLASSIFIED,2.674567,2.75459885597229
1191,925341,UNCLASSIFIED,-4.335719,-4.242542743682861
1131,907323,UNCLASSIFIED,3.15664,2.9999420642852783
1036,909759,UNCLASSIFIED,1.28071,2.2502286434173584
1559,908454,UNCLASSIFIED,-3.81608,-2.589909791946411
1046,909976,UNCLASSIFIED,0.491225,1.0564513206481934
1177,753539,UNCLASSIFIED,1.815947,1.6140286922454834
1558,908158,UNCLASSIFIED,2.061541,1.9203437566757202
1932,908143,UNCLASSIFIED,2.74167,3.249030590057373
1084,907273,UNCLASSIFIED,-2.976597,-3.5906829833984375
1932,910705,UNCLASSIFIED,1.323718,1.1545628309249878
1558,1330935,UNCLASSIFIED,1.333073,3.0871851444244385
1003,1290765,UNCLASSIFIED,-2.605106,-2.052873134613037
1996,1240221,UNCLASSIFIED,2.599208,2.7802393436431885
1933,906847,UNCLASSIFIED,4.870854,3.6383004188537598
1799,910695,UNCLASSIFIED,5.048424,2.7242321968078613
1941,909701,UNCLASSIFIED,-6.019593,-4.9739484786987305
1925,1327774,UNCLASSIFIED,3.421,3.654059648513794
1375,909776,UNCLASSIFIED,6.585264,6.903843402862549
1621,946361,UNCLASSIFIED,4.627564,5.080271244049072
1629,908136,UNCLASSIFIED,4.63284,3.6234323978424072
1022,909785,UNCLASSIFIED,-3.069422,-2.187260866165161
1017,1303896,UNCLASSIFIED,2.315985,2.5645127296447754
1036,909732,UNCLASSIFIED,4.7633,4.34196138381958
2106,910849,UNCLASSIFIED,4.535164,3.602494478225708
1080,908143,UNCLASSIFIED,-2.951343,-2.0893611907958984
1911,946361,UNCLASSIFIED,-4.536834,-5.193453788757324
2048,724831,UNCLASSIFIED,-3.189994,-2.980015277862549
2047,910779,UNCLASSIFIED,0.366649,3.81073260307312
1927,687600,UNCLASSIFIED,5.447645,4.140753746032715
1529,949168,UNCLASSIFIED,0.163155,1.2705419063568115
1003,906836,UNCLASSIFIED,-5.358062,-5.810179233551025
1093,924105,UNCLASSIFIED,4.359672,4.141829490661621
1180,909785,UNCLASSIFIED,-4.022299,-4.039289951324463
1618,907273,UNCLASSIFIED,2.723083,2.736767292022705
1034,910779,UNCLASSIFIED,-0.96588,-1.2888102531433105
1058,949157,UNCLASSIFIED,0.886824,0.7283741235733032
2046,1290807,UNCLASSIFIED,5.568091,4.302007675170898
2046,910705,UNCLASSIFIED,0.094482,0.8460050225257874
1927,908143,UNCLASSIFIED,5.157811,4.7601399421691895
1635,906856,UNCLASSIFIED,3.472704,3.976871967315674
1511,910705,UNCLASSIFIED,-3.098272,-3.9552950859069824
1626,949164,UNCLASSIFIED,2.54815,2.207329750061035
1911,924186,UNCLASSIFIED,-5.811267,-5.945016860961914
1620,949166,UNCLASSIFIED,5.861876,5.6548686027526855
1022,908143,UNCLASSIFIED,0.215308,1.0819898843765259
1046,907298,UNCLASSIFIED,2.239434,1.3312742710113525
1625,925345,UNCLASSIFIED,4.614818,3.845249652862549
1011,908159,UNCLASSIFIED,2.563456,3.956618309020996
2047,925343,UNCLASSIFIED,4.193518,3.2073984146118164
1060,909769,UNCLASSIFIED,1.501377,1.7585819959640503
1939,946357,UNCLASSIFIED,0.998112,2.011582136154175
1079,908156,UNCLASSIFIED,0.59119,-0.32588082551956177
1191,906846,UNCLASSIFIED,-5.459828,-5.337544918060303
1997,908142,UNCLASSIFIED,2.222189,3.496187686920166
1561,909732,UNCLASSIFIED,2.145442,2.9375979900360107
2045,910695,UNCLASSIFIED,5.688654,5.936727046966553
1625,1298534,UNCLASSIFIED,5.800133,6.508265495300293
1011,1331049,UNCLASSIFIED,2.117203,2.2471654415130615
1855,1240140,UNCLASSIFIED,4.88252,3.755606174468994
1922,909262,UNCLASSIFIED,1.627779,1.3544940948486328
2040,908142,UNCLASSIFIED,1.643989,0.14266440272331238
1529,907323,UNCLASSIFIED,-0.437612,0.10018587112426758
1559,906846,UNCLASSIFIED,-2.923715,-4.05275297164917
1011,753586,UNCLASSIFIED,4.531358,2.5028624534606934
2047,924105,UNCLASSIFIED,2.24209,1.1045715808868408
1911,909731,UNCLASSIFIED,-5.680602,-5.965058326721191
1620,908131,UNCLASSIFIED,5.218943,5.505505084991455
1507,906853,UNCLASSIFIED,6.818876,5.618866920471191
1630,908459,UNCLASSIFIED,3.886468,3.54443359375
1625,910942,UNCLASSIFIED,2.91849,3.4024176597595215
2044,1290765,UNCLASSIFIED,1.78592,3.199753999710083
1093,949156,UNCLASSIFIED,4.822828,4.557961463928223
2106,925343,UNCLASSIFIED,4.565865,4.013747215270996
1854,906847,UNCLASSIFIED,4.844839,4.3196702003479
1561,909707,UNCLASSIFIED,0.716752,1.6639677286148071
1559,909716,UNCLASSIFIED,-2.112288,-2.56571626663208
1054,1303912,UNCLASSIFIED,5.393289,4.2471089363098145
1576,1330933,UNCLASSIFIED,1.908655,1.756711721420288
2045,905973,UNCLASSIFIED,6.107762,5.047934532165527
1928,724831,UNCLASSIFIED,3.689815,4.41903018951416
1614,949167,UNCLASSIFIED,2.305106,2.668109893798828
1918,907796,UNCLASSIFIED,3.330998,3.5598244667053223
1614,908131,UNCLASSIFIED,4.490675,4.568353652954102
1614,908142,UNCLASSIFIED,2.459894,2.354907274246216
1190,949157,UNCLASSIFIED,-1.482745,2.4197511672973633
1085,906861,UNCLASSIFIED,2.469787,3.0780253410339355
1080,910706,UNCLASSIFIED,-5.147703,-4.798523426055908
1560,1330935,UNCLASSIFIED,2.56561,1.8644564151763916
1799,907043,UNCLASSIFIED,3.801125,3.723416805267334
1057,949168,UNCLASSIFIED,-2.005369,-1.1878381967544556
1558,908474,UNCLASSIFIED,3.151121,2.9377601146698
1561,907299,UNCLASSIFIED,0.201592,0.912178099155426
1627,1298219,UNCLASSIFIED,4.709726,4.237738609313965
1510,906852,UNCLASSIFIED,6.098996,4.502102375030518
1549,1298352,UNCLASSIFIED,8.241155,7.832154750823975
1936,1298219,UNCLASSIFIED,4.813163,4.005339622497559
1557,925345,UNCLASSIFIED,4.054081,4.068460464477539
2048,907050,UNCLASSIFIED,-2.646736,1.192259669303894
1913,1240215,UNCLASSIFIED,5.301301,4.986339569091797
1625,946357,UNCLASSIFIED,3.576024,3.7914865016937256
1375,909720,UNCLASSIFIED,5.024183,5.894791603088379
1051,909975,UNCLASSIFIED,4.636842,4.531209468841553
1131,1327774,UNCLASSIFIED,4.882823,4.108119964599609
1635,910849,UNCLASSIFIED,4.95406,4.9235405921936035
1932,909975,UNCLASSIFIED,5.46619,5.076249599456787
1624,906846,UNCLASSIFIED,3.517531,3.0986244678497314
1177,906846,UNCLASSIFIED,3.204394,2.0547754764556885
1626,909696,UNCLASSIFIED,2.755083,0.9955164790153503
1862,906846,UNCLASSIFIED,-1.99988,-2.11366868019104
1927,949166,UNCLASSIFIED,5.602569,5.450292110443115
2047,909759,UNCLASSIFIED,1.452672,2.6515917778015137
2109,688121,UNCLASSIFIED,2.422331,3.4810807704925537
1553,908142,UNCLASSIFIED,2.26144,1.6796880960464478
1615,930082,UNCLASSIFIED,5.004492,4.6763410568237305
1259,924110,UNCLASSIFIED,4.503592,3.1525847911834717
1013,1303912,UNCLASSIFIED,2.204008,3.253667116165161
1179,949160,UNCLASSIFIED,-0.925961,0.1584530770778656
1091,907299,UNCLASSIFIED,-0.203982,1.092883825302124
1512,1331049,UNCLASSIFIED,4.855639,4.613758563995361
1005,910849,UNCLASSIFIED,1.466676,3.130248546600342
1007,949166,UNCLASSIFIED,-2.789391,-2.6253297328948975
1089,910851,UNCLASSIFIED,4.214596,3.955005407333374
1908,1298219,UNCLASSIFIED,4.512696,4.6800737380981445
1996,906861,UNCLASSIFIED,4.544998,4.329704761505127
2096,908149,UNCLASSIFIED,2.432862,3.4945220947265625
2045,1240140,UNCLASSIFIED,5.438724,5.111144542694092
1259,907056,UNCLASSIFIED,5.592508,5.858837604522705
1250,1330935,UNCLASSIFIED,-2.972877,-0.02435271441936493
1908,909975,UNCLASSIFIED,4.276647,4.121683597564697
1073,949165,UNCLASSIFIED,4.457952,4.537938594818115
1927,924105,UNCLASSIFIED,5.114062,4.766611099243164
1932,1298539,UNCLASSIFIED,6.160283,4.357713222503662
1560,909976,UNCLASSIFIED,3.510096,4.348274230957031
1559,1331040,UNCLASSIFIED,-3.563962,-4.2769060134887695
1553,1303896,UNCLASSIFIED,0.848838,0.9252170920372009
1084,1327774,UNCLASSIFIED,-2.430176,-2.0654704570770264
2110,908127,UNCLASSIFIED,4.660449,4.511454105377197
1617,684072,UNCLASSIFIED,1.845513,1.5258582830429077
1930,909976,UNCLASSIFIED,0.392566,-0.45613938570022583
1079,1240166,UNCLASSIFIED,2.238893,1.8525285720825195
2110,906836,UNCLASSIFIED,2.415382,2.3630764484405518
1629,910705,UNCLASSIFIED,3.068772,3.2869107723236084
1855,907056,UNCLASSIFIED,4.384609,5.09036111831665
1011,908132,UNCLASSIFIED,3.356488,-2.6774682998657227
1873,909759,UNCLASSIFIED,1.009605,0.5201551914215088
1563,949157,UNCLASSIFIED,6.611587,6.141899108886719
1557,753586,UNCLASSIFIED,3.454428,4.401552677154541
1915,909699,UNCLASSIFIED,0.906127,1.422920823097229
1576,1240184,UNCLASSIFIED,3.767474,3.2105817794799805
1630,909707,UNCLASSIFIED,2.214075,2.765805244445801
1862,909717,UNCLASSIFIED,-1.271589,-1.4888577461242676
1928,909701,UNCLASSIFIED,3.135822,2.9556994438171387
1625,906794,UNCLASSIFIED,4.367227,4.96746301651001
1626,907050,UNCLASSIFIED,6.462503,5.292481899261475
2048,949160,UNCLASSIFIED,-4.118272,-4.772036552429199
1918,949158,UNCLASSIFIED,2.319133,2.1838998794555664
1553,1240210,UNCLASSIFIED,-1.555187,0.2829797565937042
2043,924186,UNCLASSIFIED,4.721882,4.771250247955322
1576,687829,UNCLASSIFIED,3.475639,3.3432326316833496
1578,910695,UNCLASSIFIED,5.359713,5.455756664276123
1180,905965,UNCLASSIFIED,-4.575835,-4.022274971008301
1549,906852,UNCLASSIFIED,1.794887,2.906057596206665
1511,910849,UNCLASSIFIED,-1.163657,-1.1012768745422363
1799,1331040,UNCLASSIFIED,3.621151,2.844658136367798
1862,906847,UNCLASSIFIED,-2.416398,-1.8553738594055176
1199,1240166,UNCLASSIFIED,2.354429,2.2576658725738525
1006,949165,UNCLASSIFIED,-0.246996,1.443995714187622
1941,908142,UNCLASSIFIED,-5.20504,-5.365311145782471
2048,908131,UNCLASSIFIED,-4.348975,-3.4243295192718506
1034,907000,UNCLASSIFIED,-4.919809,-5.075906753540039
1910,909255,UNCLASSIFIED,0.566002,1.3323636054992676
2109,949168,UNCLASSIFIED,4.185837,2.543156862258911
1017,907268,UNCLASSIFIED,2.811669,2.873795509338379
1614,1240210,UNCLASSIFIED,1.559695,2.253826856613159
1005,724863,UNCLASSIFIED,3.174271,4.126373291015625
1786,1331039,UNCLASSIFIED,3.612823,2.2729382514953613
1932,908138,UNCLASSIFIED,4.313807,2.696194887161255
1372,906848,UNCLASSIFIED,-0.155032,0.10470505058765411
1563,910705,UNCLASSIFIED,4.330947,4.575482368469238
1997,684052,UNCLASSIFIED,3.183117,2.682752847671509
1621,909731,UNCLASSIFIED,3.257968,3.367737293243408
1191,924110,UNCLASSIFIED,-5.304421,-4.984134674072266
1635,925341,UNCLASSIFIED,5.18867,4.868388652801514
1085,687600,UNCLASSIFIED,2.176757,2.365758180618286
1622,906861,UNCLASSIFIED,4.536429,4.7415690422058105
1558,1322218,UNCLASSIFIED,5.036821,3.848156690597534
1930,909779,UNCLASSIFIED,0.625184,0.5446124076843262
1529,1330933,UNCLASSIFIED,-1.51156,-1.2813661098480225
1631,687829,UNCLASSIFIED,5.701814,5.425783157348633
1578,909776,UNCLASSIFIED,5.792511,5.569411277770996
1849,753586,UNCLASSIFIED,-0.1345,0.11540153622627258
2045,909779,UNCLASSIFIED,5.363645,5.081294536590576
1191,1240128,UNCLASSIFIED,-4.933839,-4.592393398284912
1131,687600,UNCLASSIFIED,4.371679,5.250373363494873
1911,908158,UNCLASSIFIED,-7.71432,-6.669538974761963
1011,906999,UNCLASSIFIED,3.808214,1.1705273389816284
1563,949166,UNCLASSIFIED,5.480829,5.765300273895264
1786,909759,UNCLASSIFIED,3.161943,3.3347575664520264
1618,909716,UNCLASSIFIED,3.851745,3.5431442260742188
2047,949165,UNCLASSIFIED,2.681179,2.5436766147613525
1032,906853,UNCLASSIFIED,6.015747,3.6654956340789795
1862,909731,UNCLASSIFIED,-1.075483,-1.7028658390045166
1919,909777,UNCLASSIFIED,0.524702,0.9893693923950195
1093,909264,UNCLASSIFIED,5.643004,5.023833751678467
1084,906861,UNCLASSIFIED,-3.572955,-1.9935762882232666
1375,687829,UNCLASSIFIED,5.262174,6.66133451461792
1010,1303912,UNCLASSIFIED,3.782844,3.697711706161499
2106,906856,UNCLASSIFIED,2.594498,2.2021372318267822
1051,1331040,UNCLASSIFIED,-3.287291,-2.531041383743286
1873,909977,UNCLASSIFIED,1.636448,1.7843291759490967
2040,908474,UNCLASSIFIED,-1.085038,0.8149170875549316
1131,907056,UNCLASSIFIED,3.118002,5.148512363433838
1936,971773,UNCLASSIFIED,0.21708,2.1097769737243652
1634,1240221,UNCLASSIFIED,2.505638,3.1533520221710205
1940,907323,UNCLASSIFIED,3.534127,3.6138219833374023
1088,907050,UNCLASSIFIED,7.212461,4.9055352210998535
1873,930082,UNCLASSIFIED,1.637753,0.6315451860427856
1910,924105,UNCLASSIFIED,3.174147,0.9478752613067627
1940,753586,UNCLASSIFIED,4.569304,3.7015628814697266
2109,910705,UNCLASSIFIED,1.698701,2.123805522918701
1190,906999,UNCLASSIFIED,-1.379634,0.3875119686126709
1239,908454,UNCLASSIFIED,0.510079,2.164907932281494
1168,909777,UNCLASSIFIED,3.056763,2.0139472484588623
1910,688121,UNCLASSIFIED,5.390796,4.733404636383057
1179,909707,UNCLASSIFIED,1.110406,1.3641220331192017
2111,907069,UNCLASSIFIED,4.519909,3.7952544689178467
1559,753586,UNCLASSIFIED,-1.533924,-3.134263753890991
1085,949158,UNCLASSIFIED,1.939227,1.5942714214324951
1373,906853,UNCLASSIFIED,7.520384,6.998104572296143
1051,908138,UNCLASSIFIED,1.039809,2.584049701690674
1529,909717,UNCLASSIFIED,1.419222,0.012569501996040344
1930,1240140,UNCLASSIFIED,0.250218,0.5374531149864197
1918,909701,UNCLASSIFIED,-0.08762,0.8765615820884705
2046,1290765,UNCLASSIFIED,2.011312,2.8914475440979004
1512,907072,UNCLASSIFIED,4.377796,4.638399124145508
1049,909975,UNCLASSIFIED,5.198517,5.578731536865234
1512,1298539,UNCLASSIFIED,6.148025,6.070572376251221
1598,906852,UNCLASSIFIED,5.428186,4.931915283203125
2109,949167,UNCLASSIFIED,1.378379,1.8804113864898682
1873,907064,UNCLASSIFIED,0.831508,1.7059049606323242
2043,906856,UNCLASSIFIED,-3.347146,3.08489990234375
1613,907322,UNCLASSIFIED,1.611713,0.15290382504463196
1873,753586,UNCLASSIFIED,1.172127,0.924379825592041
1179,910779,UNCLASSIFIED,3.167321,2.191653251647949
1003,909720,UNCLASSIFIED,-3.815215,-2.717520236968994
1089,909976,UNCLASSIFIED,1.759882,2.503840208053589
1996,909977,UNCLASSIFIED,4.758931,4.964181900024414
1200,910784,UNCLASSIFIED,3.529708,3.570228338241577
1625,684057,UNCLASSIFIED,5.038696,4.523415565490723
1512,908127,UNCLASSIFIED,4.710789,5.064528942108154
1930,1330935,UNCLASSIFIED,-1.700829,0.19905367493629456
1010,907072,UNCLASSIFIED,3.523307,3.464057683944702
1046,1331040,UNCLASSIFIED,-0.200834,-0.5872408747673035
1925,906838,UNCLASSIFIED,5.25169,4.303616046905518
1057,910705,UNCLASSIFIED,-2.325426,-2.63602876663208
1022,909255,UNCLASSIFIED,0.296631,-0.6302756071090698
1529,909777,UNCLASSIFIED,-0.297285,-1.3040612936019897
2106,946361,UNCLASSIFIED,2.828976,4.390017986297607
1237,909264,UNCLASSIFIED,5.866901,5.5775604248046875
2046,909976,UNCLASSIFIED,2.51422,2.365633487701416
1925,906847,UNCLASSIFIED,4.795051,4.189388751983643
1936,908474,UNCLASSIFIED,3.271524,2.2158586978912354
1933,907273,UNCLASSIFIED,4.653208,3.1174252033233643
1013,907047,UNCLASSIFIED,2.865491,3.1133735179901123
1083,906846,UNCLASSIFIED,3.468236,1.846605896949768
1933,908143,UNCLASSIFIED,5.365301,3.699878215789795
1910,906800,UNCLASSIFIED,-2.455585,-1.5276298522949219
1248,949157,UNCLASSIFIED,-6.213381,-2.3542089462280273
1200,906856,UNCLASSIFIED,1.114748,1.4674135446548462
1080,1322218,UNCLASSIFIED,-4.620257,-4.865866184234619
1032,909701,UNCLASSIFIED,0.431386,1.1185945272445679
1034,907072,UNCLASSIFIED,-4.269059,-5.283214092254639
1578,908136,UNCLASSIFIED,4.199429,3.993396282196045
2046,924110,UNCLASSIFIED,2.72518,2.152714967727661
1049,925345,UNCLASSIFIED,1.996248,2.389183521270752
1915,909696,UNCLASSIFIED,2.010756,2.6083688735961914
1549,908136,UNCLASSIFIED,3.343443,4.152396202087402
1852,1240128,UNCLASSIFIED,4.699673,4.820345878601074
1036,1240215,UNCLASSIFIED,3.651297,4.300021648406982
1564,909699,UNCLASSIFIED,3.248147,2.9904136657714844
1915,906999,UNCLASSIFIED,3.784072,2.8189327716827393
1928,910705,UNCLASSIFIED,1.991001,2.460961103439331
1915,909716,UNCLASSIFIED,1.984231,2.4635417461395264
1200,907044,UNCLASSIFIED,2.318293,2.037625789642334
1852,909785,UNCLASSIFIED,4.377957,4.088577747344971
1372,909975,UNCLASSIFIED,2.12832,1.8560304641723633
1259,949156,UNCLASSIFIED,0.430283,1.063595175743103
1913,949163,UNCLASSIFIED,3.785718,3.722735643386841
1620,910703,UNCLASSIFIED,5.232001,4.693306922912598
1200,753539,UNCLASSIFIED,2.254317,2.4483349323272705
1862,1240149,UNCLASSIFIED,-2.021936,-1.436460256576538
2106,1240166,UNCLASSIFIED,2.087867,2.4016189575195312
1853,907072,UNCLASSIFIED,4.325756,4.837833404541016
1932,908149,UNCLASSIFIED,3.615363,3.561385154724121
2040,684052,UNCLASSIFIED,-0.5266,-0.14858998358249664
1913,908158,UNCLASSIFIED,2.941658,3.4124844074249268
2107,724863,UNCLASSIFIED,3.966559,4.767147064208984
1912,949164,UNCLASSIFIED,1.518696,0.5872176289558411
2110,907299,UNCLASSIFIED,5.968045,4.770741939544678
1510,910906,UNCLASSIFIED,3.748391,2.851243495941162
1549,1290795,UNCLASSIFIED,4.66471,4.748579978942871
1053,909777,UNCLASSIFIED,1.672461,2.0568838119506836
1786,1240184,UNCLASSIFIED,3.413064,4.195652484893799
1634,1322218,UNCLASSIFIED,5.026791,3.9147963523864746
1631,1240166,UNCLASSIFIED,2.16629,1.9459705352783203
2096,906999,UNCLASSIFIED,2.742826,2.7812438011169434
1032,1290765,UNCLASSIFIED,1.843657,2.3673601150512695
1578,905965,UNCLASSIFIED,2.7512,3.1437172889709473
2109,1330987,UNCLASSIFIED,1.518909,1.678083062171936
1200,907322,UNCLASSIFIED,2.612158,2.0494165420532227
1089,684052,UNCLASSIFIED,3.366447,3.4844553470611572
1558,909716,UNCLASSIFIED,4.197466,1.701852798461914
1862,910705,UNCLASSIFIED,-2.699516,-1.9699468612670898
1190,909977,UNCLASSIFIED,-0.059265,5.208957672119141
2047,1240184,UNCLASSIFIED,1.899017,2.898731231689453
2107,908132,UNCLASSIFIED,3.538327,4.161235332489014
1613,908467,UNCLASSIFIED,4.19608,3.224696636199951
1561,1240184,UNCLASSIFIED,5.995336,4.805760383605957
1913,909262,UNCLASSIFIED,3.798858,3.8447134494781494
1507,908131,UNCLASSIFIED,5.68252,5.119128704071045
1563,909777,UNCLASSIFIED,3.955149,4.430127143859863
1634,908132,UNCLASSIFIED,3.668416,3.121372938156128
1617,910779,UNCLASSIFIED,4.787817,4.275182723999023
1073,909756,UNCLASSIFIED,3.899463,5.914127349853516
1032,949166,UNCLASSIFIED,3.332497,2.841897487640381
1630,1327774,UNCLASSIFIED,3.050565,3.4673824310302734
2110,909756,UNCLASSIFIED,4.029176,4.9695024490356445
1924,687780,UNCLASSIFIED,2.230748,4.2866902351379395
1083,909262,UNCLASSIFIED,2.913689,1.5946714878082275
1916,909731,UNCLASSIFIED,1.468577,2.015094518661499
1084,930082,UNCLASSIFIED,-2.394176,-2.4433822631835938
1563,684059,UNCLASSIFIED,4.426438,4.547243595123291
1073,910942,UNCLASSIFIED,2.473252,1.6587132215499878
1192,907047,UNCLASSIFIED,3.814502,2.516343116760254
1051,908158,UNCLASSIFIED,-2.704429,-1.1304399967193604
1049,908156,UNCLASSIFIED,2.4629,2.494816780090332
1849,1240215,UNCLASSIFIED,-0.880146,0.15602052211761475
1058,1240210,UNCLASSIFIED,-0.485809,-0.6322190165519714
1060,909731,UNCLASSIFIED,0.247931,1.13129723072052
1268,909774,UNCLASSIFIED,5.181441,4.848697662353516
1912,907072,UNCLASSIFIED,1.152799,1.3882166147232056
1507,909716,UNCLASSIFIED,4.887802,4.806591033935547
1051,1240210,UNCLASSIFIED,1.3036,1.7532737255096436
1179,906861,UNCLASSIFIED,0.822643,1.0742299556732178
1799,909779,UNCLASSIFIED,5.628407,5.07144021987915
1510,910401,UNCLASSIFIED,3.779276,3.0817434787750244
2044,909759,UNCLASSIFIED,2.204752,2.7402544021606445
1011,909976,UNCLASSIFIED,4.785562,2.5276296138763428
1626,909779,UNCLASSIFIED,3.80016,3.8202834129333496
1034,910849,UNCLASSIFIED,-3.361054,-3.7884950637817383
1931,684072,UNCLASSIFIED,4.18373,4.073513984680176
1058,687829,UNCLASSIFIED,2.050348,3.1127874851226807
1560,907050,UNCLASSIFIED,6.89628,6.229307174682617
1925,909769,UNCLASSIFIED,5.263807,5.277950763702393
1177,907060,UNCLASSIFIED,3.736908,3.20399808883667
1917,908143,UNCLASSIFIED,2.319134,2.0425100326538086
1004,910942,UNCLASSIFIED,-3.974216,-4.532384395599365
1237,907056,UNCLASSIFIED,5.597252,5.509018898010254
1622,1298352,UNCLASSIFIED,7.997893,7.825846195220947
1060,1298352,UNCLASSIFIED,-2.162845,0.8621010184288025
1621,906853,UNCLASSIFIED,6.728449,6.37694787979126
1925,907796,UNCLASSIFIED,5.722899,5.934228897094727
1191,907072,UNCLASSIFIED,-4.96468,-5.197789192199707
2043,908474,UNCLASSIFIED,4.863756,4.3601226806640625
1912,1240128,UNCLASSIFIED,4.334607,3.1150615215301514
1013,908142,UNCLASSIFIED,2.593037,1.6170436143875122
1621,924105,UNCLASSIFIED,5.400369,4.189667701721191
1557,1240221,UNCLASSIFIED,4.57933,4.022036552429199
2107,910706,UNCLASSIFIED,3.363064,3.452782392501831
1852,909977,UNCLASSIFIED,4.808259,6.262547492980957
1022,909732,UNCLASSIFIED,-0.767803,0.48468708992004395
1933,1240128,UNCLASSIFIED,4.411366,4.084763050079346
1011,925343,UNCLASSIFIED,2.75509,4.267662525177002
1855,1240210,UNCLASSIFIED,2.81948,3.9293644428253174
1199,1330987,UNCLASSIFIED,1.866312,2.6278305053710938
1617,910906,UNCLASSIFIED,0.460287,1.2170143127441406
1924,907298,UNCLASSIFIED,2.772357,2.753648519515991
1046,908471,UNCLASSIFIED,1.343265,1.5064728260040283
1931,1290807,UNCLASSIFIED,5.117448,5.933169364929199
1036,1298352,UNCLASSIFIED,8.345098,7.263628005981445
1564,924110,UNCLASSIFIED,4.211293,3.8178954124450684
2043,1240149,UNCLASSIFIED,3.88826,4.4260334968566895
1179,909769,UNCLASSIFIED,2.398139,1.8094756603240967
1057,1240184,UNCLASSIFIED,-0.953874,-1.0282186269760132
1915,906856,UNCLASSIFIED,1.385457,1.4827606678009033
1080,909754,UNCLASSIFIED,1.102646,0.8466246724128723
1083,910695,UNCLASSIFIED,4.722915,2.7349562644958496
1093,684072,UNCLASSIFIED,3.322558,3.4598259925842285
1004,906848,UNCLASSIFIED,-4.826142,-4.908156394958496
2096,684052,UNCLASSIFIED,2.590178,2.9016504287719727
2109,687829,UNCLASSIFIED,3.101735,3.86013126373291
1259,724855,UNCLASSIFIED,6.135048,3.526001214981079
1168,905973,UNCLASSIFIED,2.406212,3.8874666690826416
1083,949155,UNCLASSIFIED,0.798981,2.1155333518981934
1561,906848,UNCLASSIFIED,2.74794,1.9834843873977661
1549,1240149,UNCLASSIFIED,3.468342,3.9427311420440674
1922,907298,UNCLASSIFIED,-1.10015,1.7403225898742676
1852,907323,UNCLASSIFIED,4.565291,3.770521402359009
1559,909754,UNCLASSIFIED,-1.933253,0.3969185948371887
1093,908156,UNCLASSIFIED,3.389971,3.034423828125
1598,906838,UNCLASSIFIED,3.512608,3.512911558151245
1006,910849,UNCLASSIFIED,0.841896,2.499929428100586
2043,907273,UNCLASSIFIED,4.220648,3.8029892444610596
1622,1303896,UNCLASSIFIED,2.843647,2.8074870109558105
1908,909754,UNCLASSIFIED,4.56897,4.2592692375183105
1507,907072,UNCLASSIFIED,5.031377,4.513139724731445
1057,906838,UNCLASSIFIED,-1.510053,-3.1344995498657227
1034,906804,UNCLASSIFIED,-3.148408,-4.151764869689941
1852,1240144,UNCLASSIFIED,5.725674,4.9273247718811035
1560,1298352,UNCLASSIFIED,8.236707,8.508872032165527
1627,910706,UNCLASSIFIED,0.862867,1.2962045669555664
1940,1330935,UNCLASSIFIED,4.049945,3.661405324935913
1852,907299,UNCLASSIFIED,5.294711,5.289893627166748
1630,909777,UNCLASSIFIED,2.845675,2.459911346435547
1507,949168,UNCLASSIFIED,5.264094,5.321967601776123
1250,1303896,UNCLASSIFIED,-0.061836,-0.379844069480896
1180,907268,UNCLASSIFIED,-2.838476,-3.815817356109619
1560,1290795,UNCLASSIFIED,3.39622,4.260372161865234
1200,909262,UNCLASSIFIED,1.462453,1.978933334350586
1200,684072,UNCLASSIFIED,2.729138,2.100257158279419
1239,908136,UNCLASSIFIED,1.253113,1.6697444915771484
1630,907056,UNCLASSIFIED,3.885965,3.880960464477539
1852,907298,UNCLASSIFIED,3.610153,4.694116115570068
1621,909756,UNCLASSIFIED,4.787016,5.384064674377441
1093,1298534,UNCLASSIFIED,6.731178,5.473700523376465
1058,908132,UNCLASSIFIED,2.103354,1.2903308868408203
1563,906856,UNCLASSIFIED,4.431971,3.3153114318847656
1578,1290807,UNCLASSIFIED,6.461588,6.121621131896973
1911,910784,UNCLASSIFIED,-5.786295,-4.649857521057129
1179,684072,UNCLASSIFIED,-1.043082,-0.6155397295951843
1191,1331040,UNCLASSIFIED,-5.767375,-5.72709846496582
1927,946357,UNCLASSIFIED,3.721712,4.197325229644775
1180,1298534,UNCLASSIFIED,-2.523458,0.9831005930900574
1917,684062,UNCLASSIFIED,1.358093,1.336483120918274
1926,949163,UNCLASSIFIED,-1.392297,-0.5951341390609741
1553,971773,UNCLASSIFIED,3.45799,2.976854085922241
1046,949167,UNCLASSIFIED,1.346442,1.0021246671676636
1073,1298352,UNCLASSIFIED,8.789866,9.294045448303223
1625,907050,UNCLASSIFIED,7.427953,7.252072811126709
1079,908454,UNCLASSIFIED,-0.066334,1.7700552940368652
1932,908131,UNCLASSIFIED,4.672013,3.8052074909210205
1049,949168,UNCLASSIFIED,3.535382,4.296779632568359
1928,907290,UNCLASSIFIED,4.485898,5.703022480010986
1005,910695,UNCLASSIFIED,6.183767,4.859839916229248
1268,908131,UNCLASSIFIED,4.931079,4.5993242263793945
1854,753586,UNCLASSIFIED,4.599812,4.574592113494873
2107,684072,UNCLASSIFIED,4.13712,4.503462791442871
1080,909975,UNCLASSIFIED,1.204529,0.2536803185939789
1053,949158,UNCLASSIFIED,0.705417,1.5867902040481567
1578,908471,UNCLASSIFIED,5.518537,4.533562183380127
1936,907796,UNCLASSIFIED,2.424813,2.9330942630767822
1932,906848,UNCLASSIFIED,1.583046,1.8843568563461304
1561,949155,UNCLASSIFIED,0.10975,-0.2403232306241989
1006,949163,UNCLASSIFIED,-2.693551,-1.1289165019989014
1593,925345,UNCLASSIFIED,1.082107,1.8713672161102295
1629,949156,UNCLASSIFIED,6.475517,5.372269630432129
2043,909776,UNCLASSIFIED,6.166399,5.8091206550598145
1926,1303912,UNCLASSIFIED,0.907586,-0.13543011248111725
1553,946357,UNCLASSIFIED,3.261156,2.8435637950897217
1053,684072,UNCLASSIFIED,2.395709,2.2129178047180176
1250,687829,UNCLASSIFIED,3.510307,4.476817607879639
1179,906853,UNCLASSIFIED,3.136767,2.8970844745635986
1036,909754,UNCLASSIFIED,7.258972,6.2229485511779785
1614,906846,UNCLASSIFIED,2.71327,3.3180434703826904
1237,908131,UNCLASSIFIED,4.963779,5.3201141357421875
1083,910784,UNCLASSIFIED,4.662604,3.1692709922790527
1922,910401,UNCLASSIFIED,1.824474,1.1938062906265259
1011,949165,UNCLASSIFIED,1.83425,1.3743070363998413
1036,907064,UNCLASSIFIED,4.105965,3.7421114444732666
1629,1330987,UNCLASSIFIED,3.574571,3.3606417179107666
1862,1290807,UNCLASSIFIED,-1.015565,-1.593595266342163
1177,907299,UNCLASSIFIED,2.601038,1.7158925533294678
2045,908142,UNCLASSIFIED,2.252926,2.5831618309020996
1561,949160,UNCLASSIFIED,-1.412012,0.7905816435813904
1012,1327774,UNCLASSIFIED,0.710634,0.12416837364435196
1529,925345,UNCLASSIFIED,2.3192,3.5078444480895996
1924,925343,UNCLASSIFIED,4.253953,3.9570956230163574
1561,949166,UNCLASSIFIED,2.346844,2.3380184173583984
1593,907268,UNCLASSIFIED,1.405167,0.8994759321212769
1936,909264,UNCLASSIFIED,3.35061,3.109879493713379
1177,1322218,UNCLASSIFIED,3.487228,3.360684633255005
2109,909732,UNCLASSIFIED,2.119087,2.9595022201538086
1933,906827,UNCLASSIFIED,4.268274,4.445645332336426
1084,907069,UNCLASSIFIED,-1.477161,-2.1968231201171875
1191,907268,UNCLASSIFIED,-5.674393,-5.778996467590332
1936,1330987,UNCLASSIFIED,0.653793,1.044912576675415
1915,1298219,UNCLASSIFIED,3.419524,4.016346454620361
1017,1330987,UNCLASSIFIED,2.65717,2.9233763217926025
1873,687600,UNCLASSIFIED,0.801493,0.6235294938087463
1622,909756,UNCLASSIFIED,5.756115,4.941451549530029
1613,687829,UNCLASSIFIED,3.831685,4.682514667510986
1088,949158,UNCLASSIFIED,-0.746348,-0.3238843083381653
2096,908467,UNCLASSIFIED,3.742766,3.5527918338775635
1553,1298352,UNCLASSIFIED,8.505007,6.959745407104492
1940,909255,UNCLASSIFIED,2.783762,2.724463939666748
1512,949158,UNCLASSIFIED,4.957663,4.052244663238525
1908,684062,UNCLASSIFIED,4.50054,1.7252918481826782
1927,909732,UNCLASSIFIED,5.003396,4.804892539978027
2096,1240140,UNCLASSIFIED,-0.141634,1.1636521816253662
1558,909264,UNCLASSIFIED,3.943091,3.6128251552581787
1855,1240184,UNCLASSIFIED,4.629594,5.194042205810547
1629,907069,UNCLASSIFIED,5.059196,4.584289073944092
1576,910849,UNCLASSIFIED,2.767715,2.3866050243377686
1996,925343,UNCLASSIFIED,3.866607,4.877315521240234
1250,1298352,UNCLASSIFIED,8.376382,7.612253189086914
1013,907290,UNCLASSIFIED,5.360432,4.978989601135254
1191,684062,UNCLASSIFIED,-4.587976,-4.680794715881348
1909,946361,UNCLASSIFIED,3.016956,2.471118688583374
1617,906804,UNCLASSIFIED,1.265919,2.0105135440826416
1549,909777,UNCLASSIFIED,2.856075,3.566518545150757
1003,687780,UNCLASSIFIED,-1.403354,-2.171692371368408
1058,908158,UNCLASSIFIED,-1.35864,-1.7896099090576172
1613,906800,UNCLASSIFIED,1.295032,-0.6092348694801331
1617,1330933,UNCLASSIFIED,0.437144,-0.11615438759326935
1624,907299,UNCLASSIFIED,1.705544,1.2203714847564697
1593,906827,UNCLASSIFIED,3.967935,2.4234256744384766
2109,908459,UNCLASSIFIED,2.621374,2.9364664554595947
1057,1303912,UNCLASSIFIED,-0.645816,-1.248884677886963
1057,753586,UNCLASSIFIED,-1.189911,-1.4800289869308472
1237,907299,UNCLASSIFIED,4.862831,5.453893184661865
1005,907064,UNCLASSIFIED,5.37228,3.554319381713867
1557,1240144,UNCLASSIFIED,4.596257,4.414499282836914
1084,909777,UNCLASSIFIED,-4.281433,-4.5879058837890625
1372,949165,UNCLASSIFIED,0.82183,2.2759571075439453
1249,925341,UNCLASSIFIED,4.879318,3.5435256958007812
1372,1290807,UNCLASSIFIED,0.592887,2.1724627017974854
1627,907056,UNCLASSIFIED,3.145903,2.681304454803467
1083,1290807,UNCLASSIFIED,5.02177,3.7628724575042725
1630,908138,UNCLASSIFIED,3.546812,3.2358667850494385
1057,909255,UNCLASSIFIED,-2.24379,-2.9723567962646484
1005,908454,UNCLASSIFIED,0.402937,1.8805170059204102
1553,908467,UNCLASSIFIED,1.840194,3.3726515769958496
1179,907796,UNCLASSIFIED,1.569489,1.7249886989593506
1618,946361,UNCLASSIFIED,4.474178,3.7681758403778076
1017,907060,UNCLASSIFIED,4.047264,3.1671969890594482
1058,910784,UNCLASSIFIED,1.695769,1.5648001432418823
1930,724863,UNCLASSIFIED,0.038199,0.6962233781814575
1593,909722,UNCLASSIFIED,0.082202,1.1393463611602783
1003,909774,UNCLASSIFIED,-3.611969,-3.3084702491760254
1049,1290807,UNCLASSIFIED,0.661396,4.223373889923096
1627,907069,UNCLASSIFIED,3.616119,3.1548361778259277
1200,724834,LUAD,3.962259,4.066725730895996
1085,910900,LUAD,3.253801,2.552910804748535
1083,687777,LUAD,4.011774,4.887877941131592
1916,724866,LUAD,4.227147,4.037657260894775
1013,908473,LUAD,6.023487,5.277169704437256
1615,687816,LUAD,6.853662,5.804410934448242
2043,905944,LUAD,5.35704,4.997120380401611
1007,1240185,LUAD,-4.223765,-3.7183635234832764
1168,905967,LUAD,-1.214042,-0.5469348430633545
1053,1290908,LUAD,2.100668,3.3811614513397217
1996,908460,LUAD,6.745453,6.0839457511901855
1080,1240202,LUAD,-0.921097,-0.9806421995162964
1941,687799,LUAD,-2.352958,-3.2670340538024902
1855,753600,LUAD,5.586881,5.972733974456787
1089,1240145,LUAD,3.309928,3.8598074913024902
1060,908465,LUAD,-0.994719,-1.084656000137329
1259,905944,LUAD,4.997092,4.7078657150268555
1006,687807,LUAD,5.188565,5.261739253997803
1629,1247873,LUAD,5.607912,4.453787326812744
1917,908463,LUAD,3.27681,4.602509498596191
1011,908475,LUAD,2.817616,3.203803062438965
1625,906805,LUAD,4.215725,5.28140926361084
1268,905949,LUAD,4.083935,4.225736141204834
1013,687799,LUAD,3.134403,3.1540162563323975
2048,1298347,LUAD,0.48118,0.013833805918693542
1088,687802,LUAD,4.415149,5.440629482269287
1191,905949,LUAD,-4.828058,-4.8116679191589355
1561,724868,LUAD,1.627364,1.6206083297729492
1924,687812,LUAD,4.427321,3.908790111541748
1372,724873,LUAD,-2.101922,-0.41191422939300537
1598,722046,LUAD,3.130744,3.593435287475586
1006,1240202,LUAD,1.903922,2.8609509468078613
1614,908460,LUAD,6.222579,6.889896392822266
1560,908473,LUAD,2.695887,2.5712180137634277
1939,687816,LUAD,5.671513,4.082953929901123
1200,724878,LUAD,4.687565,4.7455291748046875
2111,908476,LUAD,3.491413,3.4070792198181152
1927,1240187,LUAD,4.795948,5.050367832183838
1200,753592,LUAD,1.828539,2.461329221725464
1248,1240190,LUAD,-2.614569,-3.951260566711426
2045,687819,LUAD,6.032441,5.590481758117676
1085,687798,LUAD,3.594726,3.2403924465179443
1854,905972,LUAD,4.362124,5.152409076690674
1529,905944,LUAD,2.475053,1.2791498899459839
1936,687802,LUAD,2.906408,3.6959590911865234
1997,724873,LUAD,4.381549,3.9277303218841553
2110,1503370,LUAD,4.711715,3.904371738433838
2111,1240146,LUAD,3.0631,5.35789155960083
2048,687777,LUAD,1.518765,0.7534629702568054
2109,687816,LUAD,3.068312,3.0006625652313232
1912,910900,LUAD,4.20722,3.2647385597229004
1553,713869,LUAD,5.517192,5.588575839996338
1034,724866,LUAD,-1.242844,-2.3253984451293945
1613,724859,LUAD,1.927016,2.977684736251831
1060,1298348,LUAD,0.396737,1.6312975883483887
1511,908463,LUAD,0.936093,2.1119279861450195
1259,1240190,LUAD,4.45009,2.1131644248962402
1919,753608,LUAD,-3.151018,-1.7224558591842651
1598,905967,LUAD,4.720301,4.339347839355469
1179,905944,LUAD,1.559912,0.25288480520248413
1529,753600,LUAD,5.612652,5.102550983428955
1191,905944,LUAD,-4.207661,-4.690098285675049
1559,724859,LUAD,-1.950357,-3.5418758392333984
1060,1240190,LUAD,-0.727086,-0.7456530928611755
1620,908476,LUAD,5.091858,5.487300395965576
1561,753592,LUAD,1.904596,1.2621409893035889
1561,687807,LUAD,3.608528,3.9443516731262207
1615,1298347,LUAD,4.238939,4.8152923583984375
1032,1240145,LUAD,1.816952,1.6526273488998413
1631,1503370,LUAD,2.603523,2.522489547729492
1922,908465,LUAD,2.10987,2.4628825187683105
1091,1240190,LUAD,0.974384,2.668790102005005
2106,687798,LUAD,2.114803,2.1220295429229736
1558,753592,LUAD,2.004425,2.6251161098480225
1925,905972,LUAD,5.608123,5.476848125457764
1250,1240185,LUAD,2.58064,2.749907970428467
1079,687777,LUAD,3.616543,0.47583073377609253
1079,687807,LUAD,0.868519,3.1438686847686768
1180,753600,LUAD,-2.546478,-1.6528258323669434
2046,908475,LUAD,0.999448,2.694279909133911
1085,1298347,LUAD,4.507071,2.7019875049591064
1007,713869,LUAD,-4.670826,-3.802725315093994
1012,687819,LUAD,2.692498,2.463972806930542
1618,1298347,LUAD,4.630246,3.6091599464416504
1180,687812,LUAD,0.04032,-1.838392972946167
1941,753608,LUAD,-4.145093,-5.7161431312561035
1549,724873,LUAD,4.009143,3.110320568084717
1917,687816,LUAD,3.54697,2.2311227321624756
1558,687820,LUAD,7.102814,6.632803916931152
1046,906805,LUAD,2.207459,3.412721872329712
1093,1503370,LUAD,4.78608,4.021110534667969
2045,724878,LUAD,7.026735,6.660728454589844
2106,1298348,LUAD,6.064533,4.878342628479004
1564,909721,LUAD,2.293049,3.6323885917663574
1373,924244,LUAD,4.795358,4.585995197296143
1932,753608,LUAD,3.132002,3.1826555728912354
2048,905942,LUAD,-3.916225,-3.5855727195739746
1051,906791,LUAD,3.102992,5.490029811859131
1916,1240146,LUAD,4.19448,3.8927836418151855
2040,910900,LUAD,1.869745,0.7632107734680176
1511,1298537,LUAD,-1.262971,-0.3069073557853699
1011,687802,LUAD,5.368973,3.6486551761627197
1085,724878,LUAD,4.298846,4.910282135009766
1179,687819,LUAD,2.877969,2.1904356479644775
1179,724866,LUAD,1.384046,1.545588731765747
1011,724859,LUAD,0.346134,2.418161153793335
1563,753608,LUAD,7.291948,6.216156005859375
1996,908472,LUAD,5.883696,4.449132442474365
1558,753600,LUAD,5.111859,4.256229400634766
1614,687800,LUAD,7.149676,5.529595375061035
1996,906805,LUAD,5.366692,4.423009395599365
1564,1503370,LUAD,1.25901,1.9215564727783203
1199,687802,LUAD,3.567885,4.805647373199463
2106,724834,LUAD,4.974846,5.51257848739624
1005,724834,LUAD,2.114554,4.153906345367432
1576,905949,LUAD,3.942222,2.826291084289551
1057,724866,LUAD,-1.071239,-0.5990660190582275
1058,1298347,LUAD,2.359636,3.188276767730713
1057,1298350,LUAD,-0.919481,-0.38440757989883423
1168,908460,LUAD,3.542632,4.343111991882324
1630,909721,LUAD,3.557629,5.063675880432129
1060,687802,LUAD,2.233316,2.945662021636963
1614,1240146,LUAD,3.084567,4.499176025390625
1060,908473,LUAD,-1.533001,-1.4667807817459106
1168,687777,LUAD,2.912715,1.6972640752792358
1625,753608,LUAD,7.006307,5.201743125915527
1011,724866,LUAD,3.159075,3.4839835166931152
1053,687812,LUAD,3.792571,3.4744691848754883
1917,1298350,LUAD,4.209766,2.2223927974700928
1511,1240187,LUAD,-1.414574,-1.3147448301315308
1621,906805,LUAD,3.541883,5.341149806976318
1199,1298537,LUAD,2.998145,3.6003854274749756
1927,722066,LUAD,3.984394,5.356399059295654
1853,908460,LUAD,8.157342,6.348018646240234
1617,1240146,LUAD,2.958154,3.187654972076416
1560,906805,LUAD,2.817275,3.2441956996917725
2048,722046,LUAD,-5.999447,-5.176003932952881
1873,924244,LUAD,0.020924,0.6987072229385376
1557,724878,LUAD,7.032692,6.353625774383545
1239,905967,LUAD,2.947779,1.5273374319076538
1928,687800,LUAD,7.096198,6.242166996002197
1046,924244,LUAD,3.300914,1.5262709856033325
1918,722066,LUAD,5.075243,4.279055595397949
1047,1298350,LUAD,5.633487,4.831644058227539
1925,1240146,LUAD,6.516692,5.323648452758789
2043,753608,LUAD,6.902214,6.058775901794434
1512,908475,LUAD,4.630008,5.425434112548828
1912,908472,LUAD,5.750678,3.976072311401367
1629,906791,LUAD,4.493534,5.432351112365723
1005,1240187,LUAD,0.624908,3.156775951385498
1631,908465,LUAD,2.836097,3.4494974613189697
1511,687812,LUAD,1.066724,0.48394113779067993
1239,687807,LUAD,7.011725,5.157328128814697
1593,906791,LUAD,3.916161,4.694202899932861
1922,906805,LUAD,0.42611,0.12743665277957916
1080,713869,LUAD,-3.810891,-1.6872022151947021
1079,905942,LUAD,3.605939,1.0611670017242432
1131,1298537,LUAD,6.860162,5.738366603851318
1927,908460,LUAD,7.129419,8.014914512634277
1088,908465,LUAD,3.966037,3.3182766437530518
1635,1298350,LUAD,5.653035,5.416009902954102
1635,687812,LUAD,5.439893,5.729980945587158
1626,908463,LUAD,4.57054,3.5426454544067383
1912,1298537,LUAD,1.21775,2.4936413764953613
1058,1298348,LUAD,2.416444,1.6712217330932617
1849,909721,LUAD,1.501877,0.34645161032676697
1083,908475,LUAD,3.044834,3.168379783630371
1510,908472,LUAD,3.203914,4.567370891571045
2044,687812,LUAD,4.169444,4.534151554107666
1058,687800,LUAD,2.635001,1.9641152620315552
1557,1298537,LUAD,1.541358,4.770455360412598
1786,906805,LUAD,4.991905,3.689244031906128
1931,687777,LUAD,6.153798,6.357093334197998
1564,1298350,LUAD,2.90469,3.5727245807647705
1006,722066,LUAD,3.588083,2.4197232723236084
1997,1298347,LUAD,3.754881,4.946958541870117
1057,1290908,LUAD,-2.437532,-2.0282866954803467
1373,722046,LUAD,4.12614,4.696560859680176
1630,722066,LUAD,2.443574,4.192096710205078
1927,1503370,LUAD,4.508745,4.558485507965088
2048,753600,LUAD,1.391504,0.36366114020347595
1239,687821,LUAD,6.860546,5.679040431976318
1250,713869,LUAD,1.650977,1.5535120964050293
1614,1240185,LUAD,4.76591,4.084496974945068
1085,1503370,LUAD,2.960069,2.3383097648620605
1083,1240187,LUAD,3.352245,2.66707444190979
1925,1240190,LUAD,6.045939,5.328963279724121
1250,687798,LUAD,3.056042,3.384866952896118
1373,724878,LUAD,6.647848,6.9227423667907715
1598,713869,LUAD,3.742614,3.5669233798980713
1007,905944,LUAD,-4.563211,-4.996548175811768
1558,908463,LUAD,6.483637,5.617544174194336
1093,724873,LUAD,4.052284,4.142732620239258
1598,908475,LUAD,4.710657,4.8240814208984375
1054,1240146,LUAD,6.745139,4.898338794708252
1249,905949,LUAD,2.505596,3.0433740615844727
1057,905967,LUAD,-2.705706,-2.111403465270996
2048,722066,LUAD,-2.850581,-2.474351167678833
1996,722066,LUAD,5.583534,4.0413498878479
1239,905944,LUAD,2.551514,1.7679466009140015
1931,910900,LUAD,5.284119,5.437421798706055
1529,908460,LUAD,7.383567,5.098059177398682
1553,1298348,LUAD,5.153201,4.878342628479004
1046,908476,LUAD,2.710886,1.885358214378357
1926,908473,LUAD,0.839142,0.8326484560966492
2043,687802,LUAD,6.653162,6.231719970703125
1012,1298348,LUAD,3.939763,2.8059191703796387
2109,905967,LUAD,2.266097,2.099581718444824
1004,909721,LUAD,-1.001604,-1.6461029052734375
1003,910900,LUAD,-3.985139,-2.787475824356079
1093,905967,LUAD,5.788726,4.954073429107666
1576,687821,LUAD,5.751728,5.032108306884766
1620,687777,LUAD,6.448499,6.1586689949035645
1034,909721,LUAD,-0.556772,-2.235625743865967
1168,908475,LUAD,2.782669,3.322019100189209
1621,687816,LUAD,6.800138,5.233000755310059
1093,1240185,LUAD,3.986284,4.440185546875
1249,724834,LUAD,5.265562,4.18833065032959
1089,722066,LUAD,4.052454,4.801681995391846
2040,906805,LUAD,0.924435,1.8062744140625
1084,1240202,LUAD,-1.174053,-1.9380772113800049
1268,1240146,LUAD,3.156941,4.722219944000244
1085,753592,LUAD,2.217845,2.4986584186553955
1941,905942,LUAD,-6.036941,-5.438116550445557
1375,753600,LUAD,6.994335,7.183265209197998
1006,1298348,LUAD,4.273895,3.985868453979492
1941,687800,LUAD,-5.040398,-5.15559720993042
1507,910900,LUAD,4.740167,4.501431465148926
1627,924244,LUAD,3.357765,2.8973448276519775
1559,1298347,LUAD,2.698668,0.9765275120735168
1930,724868,LUAD,0.197621,0.22687256336212158
1007,905972,LUAD,-3.578549,-3.937981128692627
1060,724868,LUAD,-0.4478,-1.0920162200927734
1512,687821,LUAD,6.075994,7.122714042663574
1786,724866,LUAD,5.199903,3.9646170139312744
1560,1298348,LUAD,5.42951,4.767330169677734
2044,687821,LUAD,6.129223,6.158455848693848
1854,1240187,LUAD,4.764518,4.931055545806885
1013,905972,LUAD,4.903299,4.71159553527832
1629,722046,LUAD,2.562933,4.088962078094482
1627,905972,LUAD,3.790247,3.595367431640625
1079,1503370,LUAD,0.192043,-1.6875046491622925
1576,687798,LUAD,2.482465,3.0265867710113525
1549,724859,LUAD,4.611835,5.787378311157227
1936,1298350,LUAD,3.039392,2.137653112411499
2047,908465,LUAD,1.906239,2.25630784034729
1091,724866,LUAD,2.111838,2.6710305213928223
1932,687802,LUAD,2.762816,5.321053504943848
1939,724878,LUAD,6.077539,3.384068727493286
1053,908472,LUAD,3.742001,5.026320934295654
1617,724834,LUAD,3.858417,4.5003156661987305
1200,753608,LUAD,4.021287,3.928846836090088
2096,1240202,LUAD,4.984389,3.323838710784912
1910,1240202,LUAD,1.490198,3.80820894241333
1630,722046,LUAD,2.746009,3.208463668823242
1036,1298347,LUAD,4.737759,4.665917873382568
1190,1298350,LUAD,-3.462355,-0.11507917940616608
1529,909721,LUAD,3.174411,2.4260499477386475
1941,1240187,LUAD,-4.545456,-3.902646541595459
1932,905942,LUAD,3.179356,3.394402027130127
1627,908463,LUAD,3.798994,4.483473300933838
1849,713869,LUAD,1.696091,0.13697165250778198
1932,724873,LUAD,2.288725,2.523348093032837
1553,753592,LUAD,2.266628,2.1329076290130615
1624,724866,LUAD,5.260833,3.711542844772339
1626,753600,LUAD,3.803654,2.696059226989746
1941,908460,LUAD,-2.508427,-2.4130630493164062
1249,722066,LUAD,3.853475,3.5017666816711426
1511,905967,LUAD,-1.435372,-1.2344318628311157
1191,724834,LUAD,-3.651476,-4.659985065460205
1022,908472,LUAD,1.949356,1.4867926836013794
1911,687799,LUAD,-5.398411,-6.2343573570251465
1908,687798,LUAD,2.752074,3.1492302417755127
1910,687807,LUAD,3.178106,3.5983152389526367
1559,1290908,LUAD,-1.089397,-2.113147258758545
1011,1290908,LUAD,2.342777,4.082799434661865
1058,1298537,LUAD,1.258373,1.8540911674499512
1017,687777,LUAD,5.636505,5.600279331207275
1083,908465,LUAD,4.233223,3.25876522064209
1200,1240202,LUAD,3.123321,3.862476110458374
1168,908472,LUAD,1.406675,3.1154232025146484
2046,724866,LUAD,4.937068,4.326106548309326
1237,687807,LUAD,7.253268,6.625137805938721
1849,724859,LUAD,-1.596949,0.03366588056087494
1007,1240190,LUAD,-4.562102,-4.706778049468994
1918,687800,LUAD,2.488583,3.497807741165161
1091,1240146,LUAD,2.055261,2.7558963298797607
1786,908463,LUAD,4.413392,5.176629066467285
1908,905972,LUAD,2.841003,3.2284538745880127
1561,1298348,LUAD,3.93453,2.162534475326538
1558,687800,LUAD,3.300461,3.6885628700256348
1047,722066,LUAD,5.64989,5.572046756744385
1617,905944,LUAD,1.474203,3.851097583770752
1624,908460,LUAD,6.584437,5.774236679077148
1005,713869,LUAD,5.632977,5.473019599914551
1941,687798,LUAD,-2.062684,-3.1502749919891357
1598,1290908,LUAD,4.204774,4.286218166351318
1854,1290908,LUAD,4.325941,4.958324909210205
2047,753592,LUAD,2.282464,2.884735107421875
1013,687820,LUAD,6.745734,5.924064636230469
1507,905949,LUAD,4.064184,4.834166526794434
1621,908463,LUAD,6.855867,6.147361755371094
1088,1298537,LUAD,3.667217,4.416179180145264
2040,905944,LUAD,2.755982,1.6393159627914429
1613,1240190,LUAD,3.010008,2.7944324016571045
1200,724859,LUAD,3.865201,3.7535288333892822
1634,687816,LUAD,4.948086,5.0532755851745605
1936,906805,LUAD,4.16402,2.9264302253723145
1073,1240190,LUAD,3.998874,3.359795570373535
1634,687812,LUAD,5.441733,5.224898338317871
1558,687819,LUAD,4.891935,2.5666394233703613
1626,906791,LUAD,6.357502,3.7402472496032715
1091,1240202,LUAD,0.910336,2.1215367317199707
1005,908460,LUAD,6.548302,8.175273895263672
1933,1298348,LUAD,6.308495,6.070450305938721
2107,908463,LUAD,6.869744,6.95164155960083
1058,1240185,LUAD,0.881701,1.5413249731063843
1936,908475,LUAD,3.491132,2.3243823051452637
1073,905949,LUAD,2.298731,2.9158287048339844
1626,910900,LUAD,2.745967,3.1298365592956543
1091,722046,LUAD,-1.466512,-0.8302061557769775
1010,1503370,LUAD,2.159047,2.632096767425537
1250,722046,LUAD,0.005183,0.057165712118148804
1930,724859,LUAD,0.406192,0.15177422761917114
1549,753592,LUAD,4.765097,3.249237060546875
1036,753608,LUAD,4.769548,4.681888103485107
1853,724868,LUAD,3.665219,4.129446983337402
1932,1298350,LUAD,5.040995,4.130971908569336
1924,687816,LUAD,3.575207,4.165945529937744
1913,908460,LUAD,8.149737,6.979385852813721
2047,724866,LUAD,3.444087,3.335421323776245
1618,908463,LUAD,6.732559,5.570858478546143
1629,724859,LUAD,3.940319,5.262997150421143
1051,905972,LUAD,2.301789,3.4809775352478027
1131,687802,LUAD,3.081722,6.454092502593994
1629,905972,LUAD,5.969959,5.493967533111572
1578,905949,LUAD,5.423314,5.200603008270264
1006,908463,LUAD,5.938314,5.11604118347168
1049,924244,LUAD,4.716818,4.048928260803223
1854,687816,LUAD,4.456749,5.306819438934326
1060,722046,LUAD,-2.280791,-1.3416143655776978
1936,1240202,LUAD,4.598019,3.9182329177856445
1854,687802,LUAD,4.201722,5.806119441986084
1930,906805,LUAD,0.76748,0.9105554223060608
1854,1503370,LUAD,3.116763,4.312089920043945
1635,905944,LUAD,4.840104,5.361413478851318
1079,1298347,LUAD,2.112578,2.5225095748901367
1563,908465,LUAD,6.607396,6.46184778213501
1131,1240190,LUAD,6.397986,3.6155357360839844
1073,724873,LUAD,4.462445,3.523970365524292
1855,724878,LUAD,7.726056,6.630728244781494
1930,687807,LUAD,3.061257,2.901984214782715
1873,753592,LUAD,0.841612,0.8467049598693848
1908,724834,LUAD,2.174377,2.5544257164001465
1131,713869,LUAD,6.658574,6.605485439300537
1250,687812,LUAD,0.703532,2.7059242725372314
1085,724868,LUAD,2.201334,2.042654514312744
1560,1298537,LUAD,3.278461,3.6883130073547363
1005,687821,LUAD,7.510074,6.409567356109619
1093,1298350,LUAD,4.064193,4.664712905883789
1093,713869,LUAD,4.017069,5.086264133453369
1930,1240190,LUAD,1.056637,0.9682329893112183
1629,1240185,LUAD,4.062705,4.441348075866699
1047,724878,LUAD,5.28535,6.759487152099609
1626,753592,LUAD,0.353549,2.0680253505706787
1852,1240145,LUAD,5.417676,5.134757995605469
1908,924244,LUAD,1.348959,2.4298675060272217
1259,1240146,LUAD,5.384837,4.499456405639648
1091,1290908,LUAD,0.096986,1.7564494609832764
1190,1240145,LUAD,-0.639657,1.1675910949707031
1032,1298348,LUAD,0.47483,0.948790967464447
1862,687821,LUAD,0.947835,0.2682628035545349
1635,753600,LUAD,5.359209,5.801695823669434
1925,905967,LUAD,4.241152,5.349532604217529
1249,908475,LUAD,3.977004,3.225846529006958
1873,1240185,LUAD,0.368586,1.0619651079177856
1593,905972,LUAD,2.912846,3.676262855529785
1928,1240185,LUAD,4.885794,5.281637668609619
1085,722046,LUAD,1.970341,1.6961358785629272
1617,1240145,LUAD,0.421157,1.4570780992507935
1177,1247873,LUAD,5.745947,4.83101749420166
1615,687798,LUAD,6.29065,5.62202787399292
1507,1298348,LUAD,4.968188,6.469696998596191
1049,1298347,LUAD,4.118088,3.7953245639801025
2107,905972,LUAD,4.972049,5.714502811431885
1085,905967,LUAD,3.1568,2.6624526977539062
1927,908475,LUAD,5.291631,4.809044361114502
1927,687798,LUAD,6.184105,5.606619358062744
1559,687807,LUAD,4.150183,1.9310544729232788
1190,908463,LUAD,1.960069,4.6850972175598145
1631,910900,LUAD,2.49235,4.369603633880615
1248,724866,LUAD,-4.027545,-3.1150524616241455
1621,908465,LUAD,4.350287,5.153058052062988
1908,724868,LUAD,0.931632,1.4139333963394165
1179,687812,LUAD,1.773286,1.9563087224960327
1620,906805,LUAD,6.32683,5.768787860870361
1786,909721,LUAD,5.56036,4.598617076873779
1250,1240145,LUAD,2.104973,2.183870553970337
1046,1240202,LUAD,2.703184,2.7593777179718018
1927,724873,LUAD,4.684743,4.782714366912842
1626,1240187,LUAD,2.261634,1.855034351348877
1085,724859,LUAD,1.958463,3.2325754165649414
1910,909721,LUAD,3.837338,3.5973153114318848
1854,908476,LUAD,5.439215,5.010007381439209
1091,687821,LUAD,3.264138,3.8882107734680176
1630,905970,LUAD,4.158944,3.7464168071746826
1561,908473,LUAD,0.883114,0.7057569622993469
1013,909721,LUAD,5.788893,4.940100193023682
1941,687821,LUAD,-3.334241,-4.698114395141602
1852,753608,LUAD,5.584421,5.41148567199707
1919,908473,LUAD,0.441851,0.09663057327270508
2109,753608,LUAD,2.502244,2.9719972610473633
1997,1240202,LUAD,3.935393,4.9134039878845215
1010,1240185,LUAD,3.338177,3.6191153526306152
1613,1298348,LUAD,1.786683,5.444675922393799
1617,687812,LUAD,-1.158141,3.1756420135498047
1088,713869,LUAD,4.972914,5.597266674041748
1578,724866,LUAD,4.529323,5.279224872589111
1088,753592,LUAD,2.572525,2.573561668395996
2043,1240185,LUAD,5.306849,5.4943952560424805
1249,1240185,LUAD,2.838504,3.627816677093506
1373,687777,LUAD,6.273602,5.827180862426758
1918,906805,LUAD,2.697713,2.5429604053497314
1996,1240202,LUAD,4.384577,4.644640922546387
1088,753608,LUAD,3.638112,2.6365034580230713
1930,905967,LUAD,1.074355,0.6513984203338623
1630,1298347,LUAD,3.863944,3.7810587882995605
1912,724859,LUAD,5.045197,4.165574073791504
1941,724878,LUAD,-4.334613,-5.981827259063721
1922,687820,LUAD,4.535395,4.334150791168213
1932,713869,LUAD,4.072156,4.375087261199951
1912,906805,LUAD,2.052043,2.8461029529571533
1940,724878,LUAD,4.355456,4.755420207977295
1060,908463,LUAD,3.05671,3.1425869464874268
2044,908476,LUAD,2.654831,2.8938636779785156
1598,1247873,LUAD,4.286916,4.092887878417969
2047,687802,LUAD,3.769521,4.671634674072266
1936,1240145,LUAD,1.898343,1.7513854503631592
1249,724866,LUAD,4.224376,4.5115742683410645
1617,1298347,LUAD,1.91845,2.243530511856079
1936,724878,LUAD,3.367377,3.9058926105499268
1060,905972,LUAD,-0.793191,1.0908148288726807
1931,924244,LUAD,5.973337,5.68268346786499
1168,724834,LUAD,4.106846,4.3130106925964355
1199,687812,LUAD,4.466861,4.362603187561035
1190,687799,LUAD,2.892263,-2.9148905277252197
1854,905942,LUAD,4.29372,5.040816307067871
1924,687799,LUAD,2.121319,2.1834237575531006
1849,1298350,LUAD,-0.582959,-0.3253304362297058
2110,1290908,LUAD,4.224583,4.6357421875
1191,908476,LUAD,-3.858513,-4.553104877471924
1553,908463,LUAD,5.067513,5.324769973754883
1853,687798,LUAD,3.408308,3.623600721359253
2046,1298350,LUAD,4.337686,3.9404001235961914
1558,908460,LUAD,8.060205,6.437819004058838
2044,905942,LUAD,4.403368,3.2558634281158447
2106,713869,LUAD,5.692061,5.588575839996338
1249,1240187,LUAD,3.471488,3.1504950523376465
1131,687800,LUAD,7.194528,5.840079307556152
1925,908465,LUAD,6.044401,5.562263011932373
1873,905949,LUAD,0.453093,0.4546862244606018
1512,909721,LUAD,6.808591,6.3597869873046875
1011,687799,LUAD,1.385482,1.8982080221176147
1928,1298348,LUAD,7.444829,5.951808929443359
1613,753600,LUAD,5.459292,5.002191066741943
1022,1240146,LUAD,-0.263113,0.3434443473815918
1017,1240185,LUAD,3.967405,4.69929838180542
1083,753592,LUAD,3.310826,3.3467307090759277
1634,905967,LUAD,4.757669,4.644585609436035
1912,905944,LUAD,4.996024,3.5272767543792725
1372,908475,LUAD,-0.887158,0.20902550220489502
1634,1240187,LUAD,4.181958,4.250123023986816
1936,905949,LUAD,3.77977,2.7333974838256836
1057,1240145,LUAD,-1.746567,-2.7878222465515137
1615,905949,LUAD,5.863219,5.069679260253906
1560,905972,LUAD,5.566195,4.832179069519043
1941,753600,LUAD,-3.075747,-4.740177154541016
1053,687802,LUAD,4.532242,4.564976692199707
1268,724834,LUAD,6.116135,5.214556694030762
1630,905972,LUAD,5.245105,4.426518440246582
1032,1298350,LUAD,-1.792715,0.4559917449951172
1564,724834,LUAD,0.597246,1.783799648284912
1908,1240190,LUAD,1.317886,1.7603861093521118
1618,1240145,LUAD,3.587778,3.5874180793762207
1928,687816,LUAD,5.901064,5.246197700500488
1627,1290908,LUAD,1.234427,2.753305673599243
1799,1240145,LUAD,4.025101,4.4525275230407715
1621,1240187,LUAD,5.81061,4.180231094360352
1618,1298350,LUAD,3.228466,4.199149131774902
1614,1240190,LUAD,4.539595,3.5898451805114746
1083,908460,LUAD,5.988383,6.331839084625244
2110,724859,LUAD,5.567292,4.806951999664307
1925,910900,LUAD,5.022293,4.450500011444092
1131,724868,LUAD,5.21509,3.108499050140381
1053,906805,LUAD,2.126309,3.0085227489471436
1268,908460,LUAD,7.64863,6.718702793121338
1627,1298348,LUAD,3.957597,4.433451175689697
1854,687800,LUAD,5.993182,6.381491661071777
1007,722046,LUAD,-6.687051,-6.3366851806640625
1931,753592,LUAD,4.836829,5.487209796905518
1913,687807,LUAD,7.331464,5.745493412017822
2111,687812,LUAD,4.768523,5.103461742401123
1010,724873,LUAD,3.111647,2.95448637008667
1916,724878,LUAD,4.020952,3.739980697631836
1853,753608,LUAD,4.472858,5.334124565124512
1239,1290908,LUAD,1.815695,1.9293544292449951
1179,753608,LUAD,-0.763924,0.6919090151786804
1507,687821,LUAD,7.653304,6.840089797973633
1799,1247873,LUAD,-1.862695,0.0612519234418869
1563,687819,LUAD,6.189587,6.219898700714111
1564,753600,LUAD,5.388293,4.4669036865234375
1634,687777,LUAD,4.078589,4.711090564727783
1928,905944,LUAD,5.294501,4.658938884735107
1268,905967,LUAD,4.252716,4.551900863647461
1931,687802,LUAD,7.329307,6.867855072021484
1613,909721,LUAD,4.068882,5.284310340881348
1511,713869,LUAD,1.044995,1.310982584953308
1924,753592,LUAD,4.036099,2.377079486846924
1131,687812,LUAD,2.530774,4.52504301071167
1080,1298348,LUAD,1.724076,0.6835048198699951
1079,1240145,LUAD,-2.03917,-0.8075675964355469
1054,906805,LUAD,3.501565,4.185497760772705
1237,908473,LUAD,6.635246,6.260921001434326
1373,753608,LUAD,5.885851,4.670648097991943
1634,905972,LUAD,4.912231,4.986923694610596
1854,1247873,LUAD,2.91808,4.89810848236084
1931,724859,LUAD,6.202609,6.360966205596924
1177,713869,LUAD,5.565032,5.391839027404785
1022,908465,LUAD,-0.246823,-0.17195303738117218
2044,924244,LUAD,4.271254,3.511301040649414
1013,910900,LUAD,3.935618,3.9299073219299316
1849,908463,LUAD,1.594532,1.8012093305587769
1997,1298350,LUAD,3.49321,3.0126402378082275
1549,908465,LUAD,1.15284,2.0871567726135254
1375,909721,LUAD,7.211357,6.749646186828613
1080,724834,LUAD,-2.085738,-1.3678996562957764
1046,687798,LUAD,4.765295,2.7022335529327393
1614,753608,LUAD,3.06713,3.8649768829345703
2046,905972,LUAD,4.392075,4.041390419006348
1032,722066,LUAD,2.818737,2.9737744331359863
1862,1240146,LUAD,-1.875543,-1.4398140907287598
1912,687799,LUAD,0.013845,1.7037993669509888
1799,753608,LUAD,0.383855,1.6586700677871704
1250,724878,LUAD,3.255425,3.733555555343628
1578,753608,LUAD,5.915051,5.86543607711792
1936,687816,LUAD,3.236686,3.655600070953369
1047,1298537,LUAD,5.130095,5.019484043121338
1932,687799,LUAD,0.742874,1.9622255563735962
1191,722066,LUAD,-3.799336,-4.944453239440918
2107,1240187,LUAD,5.100252,5.533164024353027
1624,724878,LUAD,5.730194,5.762695789337158
1933,687798,LUAD,4.912305,4.732297897338867
1553,722046,LUAD,1.048509,1.480271339416504
1060,906791,LUAD,3.277487,2.478196859359741
1931,753608,LUAD,7.630208,6.260761260986328
1928,1240146,LUAD,6.939931,4.853699207305908
2096,687807,LUAD,3.777671,5.520644664764404
1624,905944,LUAD,3.359614,4.301695823669434
1058,905967,LUAD,-0.28418,0.5276391506195068
2107,724873,LUAD,3.730631,5.1432671546936035
1615,908475,LUAD,3.650823,4.830665111541748
1564,687798,LUAD,1.744786,3.3765058517456055
1046,753608,LUAD,1.8712,2.0334575176239014
1627,905949,LUAD,3.412262,2.693976402282715
1011,687807,LUAD,2.724454,4.071511745452881
1940,908472,LUAD,3.199107,3.905543327331543
1563,905967,LUAD,5.397809,5.950558185577393
1012,908475,LUAD,1.293302,1.8259457349777222
1634,908465,LUAD,5.197709,4.929320335388184
1250,908476,LUAD,3.658218,2.567168712615967
1917,1298348,LUAD,2.525031,3.806375026702881
1004,687802,LUAD,-0.975067,0.11026424169540405
1620,1298350,LUAD,6.284604,5.508184432983398
1622,908473,LUAD,5.271569,5.603437423706055
1549,753600,LUAD,3.532081,3.8389813899993896
1911,1298350,LUAD,-5.309691,-4.587485313415527
1558,713869,LUAD,3.811868,4.275669574737549
1854,724868,LUAD,3.553317,4.229366779327393
1849,908476,LUAD,-0.274079,-1.460850715637207
1034,687807,LUAD,-1.626769,-1.2184233665466309
1578,722066,LUAD,5.826724,5.157637119293213
1852,908463,LUAD,6.699915,6.829762935638428
1073,908472,LUAD,7.428605,5.744266986846924
1057,722066,LUAD,-0.49146,-1.2567859888076782
1200,905949,LUAD,3.340778,2.6167540550231934
1598,753600,LUAD,4.391702,5.006155490875244
1613,753592,LUAD,4.138729,2.9505980014801025
1578,908476,LUAD,5.118982,5.290546894073486
1620,724859,LUAD,6.011214,5.705992221832275
1873,687807,LUAD,4.575686,2.378303289413452
1909,906805,LUAD,4.158723,2.1880741119384766
2040,724868,LUAD,0.501356,0.5631937384605408
1930,713869,LUAD,0.759668,1.6590752601623535
1507,908460,LUAD,7.420899,7.440471649169922
1004,1290908,LUAD,-3.137716,-3.1339118480682373
1372,687802,LUAD,0.636868,3.020397186279297
1854,1298537,LUAD,5.851922,4.731052875518799
1918,908463,LUAD,3.880929,4.629471778869629
1068,1240145,LUAD,1.217628,1.06686270236969
1849,753608,LUAD,-0.799752,0.007156878709793091
1873,724868,LUAD,0.394799,0.6337112188339233
1013,753608,LUAD,5.738602,4.904776573181152
1853,687802,LUAD,4.994763,5.392528533935547
1017,713869,LUAD,5.054643,5.519559860229492
1084,687802,LUAD,-1.119667,-1.9578297138214111
1933,905967,LUAD,2.397945,5.488663196563721
1007,753608,LUAD,-4.832008,-4.899487495422363
1593,1503370,LUAD,3.009663,2.1409852504730225
2043,1290908,LUAD,6.171974,5.383795261383057
1085,905944,LUAD,3.560751,2.6079678535461426
1268,909721,LUAD,5.19364,5.231904983520508
1615,905970,LUAD,6.40596,5.681962966918945
1928,924244,LUAD,4.393547,4.289634704589844
1010,1298537,LUAD,1.907038,3.1143641471862793
1529,1290908,LUAD,-1.094827,0.17969681322574615
1922,724868,LUAD,1.542994,1.7022645473480225
1564,908465,LUAD,1.049243,1.559912919998169
1613,722046,LUAD,-0.157822,2.4188778400421143
1936,687807,LUAD,4.750784,4.155917167663574
1799,753592,LUAD,2.921298,3.579972505569458
1054,687821,LUAD,5.588066,6.749632835388184
1190,687798,LUAD,-1.305265,-1.1241706609725952
1017,1298348,LUAD,5.185704,6.138279914855957
1561,905944,LUAD,3.79219,3.7082877159118652
1239,687812,LUAD,4.52377,3.8628439903259277
1036,724873,LUAD,2.582041,3.9125349521636963
1634,908460,LUAD,7.688215,6.935344219207764
1561,1240145,LUAD,0.696552,1.0979841947555542
1511,908475,LUAD,0.371604,-1.0562199354171753
1036,905967,LUAD,3.29933,3.5778324604034424
1507,908463,LUAD,6.636822,6.1761064529418945
1047,687821,LUAD,8.469076,7.398227214813232
1003,905972,LUAD,-2.544042,-2.780677318572998
1941,908472,LUAD,-2.252689,-3.133929967880249
1912,753608,LUAD,2.632393,3.0356056690216064
1928,724866,LUAD,5.626338,5.230550765991211
1915,908472,LUAD,3.533944,3.084266185760498
1022,1240145,LUAD,-0.25609,-0.7163712978363037
1168,687798,LUAD,0.664607,1.6272010803222656
1049,1240187,LUAD,3.581565,4.571376800537109
1916,1240145,LUAD,1.372947,2.047661781311035
1918,1290908,LUAD,1.038802,2.6880009174346924
1621,908475,LUAD,4.010473,4.11574125289917
1375,687812,LUAD,6.619499,6.3958024978637695
1926,724866,LUAD,1.25032,1.6244908571243286
1560,905970,LUAD,5.092941,3.789781093597412
1940,908473,LUAD,3.750418,3.617075204849243
1931,908465,LUAD,6.130769,6.3679680824279785
1917,909721,LUAD,3.730077,4.308276653289795
1911,1240185,LUAD,-4.391143,-4.079823970794678
1010,1240190,LUAD,4.303477,4.307260990142822
1073,687802,LUAD,7.199333,7.054450988769531
1549,908476,LUAD,5.687435,4.801084518432617
1626,687821,LUAD,5.042522,3.235147476196289
2040,687819,LUAD,1.221637,2.0893588066101074
1046,687812,LUAD,1.403202,3.590214252471924
2047,924244,LUAD,2.498226,2.4298675060272217
2106,1503370,LUAD,3.076877,2.2845847606658936
1926,724834,LUAD,2.063684,1.4743162393569946
1559,905944,LUAD,-0.438503,-1.9804158210754395
1131,906805,LUAD,5.461535,5.126675128936768
1073,687816,LUAD,4.875581,4.602984428405762
1561,1298537,LUAD,2.88778,2.067432165145874
1180,1503370,LUAD,-3.906675,-2.859198808670044
1012,905967,LUAD,1.306298,1.7357542514801025
1005,909721,LUAD,3.021274,4.973145008087158
1997,905967,LUAD,4.42784,4.667295932769775
1529,687799,LUAD,3.205957,0.5454344153404236
1036,1240185,LUAD,6.077365,4.982831954956055
1373,1298350,LUAD,5.44744,4.811760425567627
1239,906805,LUAD,3.607402,3.9806857109069824
1917,1298347,LUAD,5.085547,3.5554397106170654
1512,905967,LUAD,3.915006,5.6107048988342285
2046,908463,LUAD,5.016123,5.399797439575195
1629,1298348,LUAD,7.103599,6.193799018859863
1049,1298537,LUAD,4.549618,4.36044454574585
1855,687800,LUAD,7.718934,6.897150039672852
1909,1240146,LUAD,4.056047,2.529489517211914
1926,905967,LUAD,1.372886,-0.41188544034957886
1036,687777,LUAD,5.839925,5.124220848083496
1036,1240190,LUAD,5.867904,5.167454242706299
1908,687820,LUAD,4.119502,4.486454486846924
1996,753592,LUAD,2.99459,3.633720874786377
1168,1240202,LUAD,-1.515233,-1.253661870956421
1916,908463,LUAD,5.71448,4.9242939949035645
1926,1240185,LUAD,1.734773,0.08140434324741364
1250,909721,LUAD,1.898992,3.378114700317383
1615,906805,LUAD,5.740442,5.503306865692139
1004,905949,LUAD,-4.453105,-4.3306498527526855
1068,906805,LUAD,3.545164,1.3022266626358032
1200,687802,LUAD,3.376252,4.103157043457031
1034,1240202,LUAD,-2.96065,-2.7549586296081543
1022,1240187,LUAD,-1.212905,-0.42238545417785645
1910,687777,LUAD,1.355868,1.0815863609313965
1507,753592,LUAD,3.735861,4.640034198760986
1940,905967,LUAD,3.044209,3.5277273654937744
2110,1240146,LUAD,4.310373,5.352367877960205
1372,908460,LUAD,3.442716,1.103186845779419
1511,724834,LUAD,0.05258,-0.1960197538137436
1630,908473,LUAD,3.91958,4.576292991638184
1560,908460,LUAD,6.984405,6.80027961730957
1053,924244,LUAD,1.797359,2.690701961517334
1924,908472,LUAD,4.602222,4.872741222381592
1529,1240187,LUAD,-0.382768,1.7597301006317139
2040,1240190,LUAD,1.083039,0.11105862259864807
1908,687816,LUAD,2.966959,2.633087158203125
1849,905972,LUAD,0.305369,0.07311354577541351
1927,724866,LUAD,6.373357,5.429014205932617
1250,908463,LUAD,3.881693,4.628437519073486
1003,1240187,LUAD,-3.632207,-2.509329080581665
1799,906805,LUAD,-0.317465,2.996326446533203
1997,908475,LUAD,3.817364,4.005858421325684
1049,687820,LUAD,6.941915,6.546317100524902
1250,908475,LUAD,1.392118,1.3266732692718506
1036,687812,LUAD,4.958904,5.082757472991943
1926,905944,LUAD,3.908014,1.0970242023468018
1512,724859,LUAD,5.665656,5.96411657333374
1191,1503370,LUAD,-4.838637,-4.9212751388549805
1089,910900,LUAD,3.605462,3.9559638500213623
1512,687816,LUAD,6.794211,6.10557222366333
1630,724866,LUAD,3.443228,4.316888332366943
1034,687820,LUAD,0.060639,-0.529850423336029
1512,687799,LUAD,5.375875,4.98593807220459
1375,908475,LUAD,6.736164,6.359330654144287
1918,687807,LUAD,4.865374,4.5752854347229
1180,724859,LUAD,-1.503295,-2.5413029193878174
1853,908465,LUAD,6.004903,5.214329719543457
1928,724868,LUAD,3.787742,3.4016313552856445
1618,1298537,LUAD,3.245804,3.9954912662506104
1997,687820,LUAD,2.760604,4.718364238739014
1022,1240185,LUAD,0.766477,0.46523261070251465
1073,687807,LUAD,6.602734,7.3774213790893555
1940,687799,LUAD,3.344868,2.1229043006896973
1237,724866,LUAD,5.63074,5.81947660446167
1512,908473,LUAD,6.881525,6.170065402984619
1622,687812,LUAD,4.49124,5.336031436920166
1006,687821,LUAD,2.992292,4.202452659606934
1909,908472,LUAD,1.849055,2.320457696914673
1631,905970,LUAD,5.800699,3.8859198093414307
1931,905944,LUAD,5.598306,5.715461254119873
1615,905944,LUAD,3.827287,5.346168041229248
1928,753600,LUAD,4.352195,5.016290664672852
1617,908476,LUAD,1.525554,2.5450518131256104
1003,1240190,LUAD,-2.989968,-3.262991189956665
1936,1240190,LUAD,3.336543,1.9235761165618896
1131,905949,LUAD,3.342423,4.321269989013672
1003,908465,LUAD,-0.826978,-1.908994436264038
1908,724873,LUAD,3.161121,2.2150802612304688
2044,1503370,LUAD,2.199256,2.65783953666687
1190,1240187,LUAD,-2.646308,-2.5494930744171143
1996,724878,LUAD,5.000599,4.835196018218994
1131,908463,LUAD,7.246779,7.472214698791504
2043,1298537,LUAD,4.807109,4.871994972229004
1852,905949,LUAD,4.505885,5.445318698883057
1088,724873,LUAD,0.948865,2.9759490489959717
1930,908460,LUAD,5.21579,4.288061141967773
1060,1298350,LUAD,1.309733,0.5042255520820618
1873,1240187,LUAD,0.578709,0.8928910493850708
1849,1290908,LUAD,-0.210389,-0.7273268103599548
1054,753592,LUAD,3.040871,3.3721256256103516
1626,905942,LUAD,2.405827,3.442355155944824
1079,905949,LUAD,-0.463314,-0.3000994324684143
1631,753592,LUAD,2.268972,2.6372005939483643
1939,687800,LUAD,5.068195,4.316036224365234
1249,905944,LUAD,3.435566,4.042181491851807
2096,1240185,LUAD,1.921185,2.880122423171997
1928,724834,LUAD,5.207487,5.509374141693115
1511,687799,LUAD,-0.001375,-1.4947535991668701
1012,722046,LUAD,0.779224,0.7825554013252258
1091,724878,LUAD,3.235901,2.9460840225219727
1558,687821,LUAD,6.350279,7.292642116546631
1578,1298537,LUAD,4.745026,5.035867691040039
1629,1298350,LUAD,4.80172,4.626729488372803
1617,910900,LUAD,2.272148,3.0482404232025146
1191,687807,LUAD,-0.875531,-2.9788131713867188
1910,908475,LUAD,2.638768,2.636838912963867
1168,724878,LUAD,5.411465,4.311962604522705
1930,905942,LUAD,-0.065372,-0.45911455154418945
1549,687819,LUAD,4.145899,3.3364338874816895
1259,687777,LUAD,4.747838,5.4917378425598145
2111,1290908,LUAD,6.196333,3.8974525928497314
1996,687821,LUAD,6.106147,5.307362079620361
1179,1240187,LUAD,0.747588,0.17759962379932404
1927,908476,LUAD,5.425883,5.127163410186768
1089,908465,LUAD,4.490463,3.9370059967041016
1799,1298348,LUAD,1.609427,4.229482173919678
1917,753608,LUAD,1.222737,2.2891581058502197
1635,724834,LUAD,5.72231,6.1208415031433105
1598,906791,LUAD,3.893253,4.849810600280762
1079,724868,LUAD,0.323956,-0.6180194020271301
1250,905972,LUAD,1.898691,2.7286059856414795
1915,687799,LUAD,0.162034,-0.0556575208902359
2047,724873,LUAD,2.923446,2.2150802612304688
1930,1298348,LUAD,1.353909,1.7057864665985107
1006,908472,LUAD,3.427731,4.165311813354492
1375,905972,LUAD,6.842173,6.429720878601074
1620,1290908,LUAD,4.907383,5.556221008300781
1010,905972,LUAD,4.383215,4.227363586425781
1629,905942,LUAD,2.636912,3.577876567840576
1855,1240145,LUAD,3.903096,4.172091484069824
1908,910900,LUAD,3.765123,3.04774808883667
1614,924244,LUAD,3.536534,3.2924373149871826
1011,753608,LUAD,5.772304,4.395468711853027
1560,905967,LUAD,4.030595,2.6284682750701904
1068,1240146,LUAD,1.41707,2.2515625953674316
1620,905972,LUAD,6.094847,5.892904281616211
2096,1298347,LUAD,3.59139,3.4154369831085205
1084,1240145,LUAD,-2.561601,-2.9787259101867676
1854,905949,LUAD,4.61839,4.468346118927002
1007,1298350,LUAD,-3.629512,-3.7335517406463623
1614,1247873,LUAD,3.05495,4.781428813934326
1598,1240145,LUAD,3.989534,4.062574863433838
1928,753608,LUAD,6.115732,4.488163948059082
1621,753600,LUAD,4.057886,4.955130100250244
2107,724834,LUAD,5.957728,6.212498188018799
1854,906805,LUAD,5.750583,4.961882591247559
2111,687807,LUAD,5.802383,6.030697345733643
1179,1298348,LUAD,0.854728,2.2946877479553223
1250,905967,LUAD,3.868564,2.1290202140808105
1919,1240187,LUAD,2.68767,2.0054938793182373
1239,724866,LUAD,2.767179,3.207031011581421
1630,1298348,LUAD,2.713746,4.736173152923584
1997,905972,LUAD,3.669379,4.925013065338135
1622,722046,LUAD,2.984487,4.030312538146973
1553,753600,LUAD,2.683555,3.4505741596221924
1237,687802,LUAD,6.642406,6.5319061279296875
1563,722066,LUAD,5.56089,5.79573392868042
1911,722066,LUAD,-4.40361,-4.590822219848633
1372,753608,LUAD,0.128755,-1.111838936805725
1073,908475,LUAD,5.261307,4.984936237335205
1933,908475,LUAD,5.491786,4.803247451782227
1012,905942,LUAD,1.670307,2.065908908843994
1926,1240202,LUAD,-0.104594,1.0807629823684692
1925,1240145,LUAD,4.467129,4.583178520202637
1916,908476,LUAD,1.227956,1.7221574783325195
1799,687798,LUAD,-1.18594,0.6325225830078125
2106,905942,LUAD,5.396262,3.974625825881958
1372,753600,LUAD,2.377423,2.3657472133636475
1558,753608,LUAD,0.83406,0.6487547755241394
1375,1290908,LUAD,6.856404,6.284642219543457
1091,908476,LUAD,3.487875,1.7880550622940063
1908,905967,LUAD,0.443806,0.7228781580924988
1909,905972,LUAD,2.757177,3.0752921104431152
1249,1247873,LUAD,4.929118,4.02811861038208
1190,905967,LUAD,-1.924381,0.848385751247406
1624,724868,LUAD,2.593389,2.179736375808716
1259,905942,LUAD,2.688068,3.431713581085205
1179,908463,LUAD,2.507942,2.97514009475708
1179,924244,LUAD,1.301374,-0.1888471096754074
1561,905949,LUAD,0.894536,1.3878049850463867
1559,908476,LUAD,-2.582327,-2.21903657913208
1005,753592,LUAD,3.978089,2.7950997352600098
1553,908465,LUAD,2.813409,3.731184720993042
1940,1298348,LUAD,4.281464,4.450333118438721
2046,753600,LUAD,5.058904,4.805772304534912
1631,1240146,LUAD,4.572819,4.072150707244873
1928,908463,LUAD,5.390571,6.206304550170898
1084,724866,LUAD,-0.550464,-0.8781917095184326
1083,909721,LUAD,4.566349,4.299292087554932
1873,687821,LUAD,2.542461,2.8513622283935547
1051,905944,LUAD,1.670402,2.4270055294036865
1068,753600,LUAD,2.550023,1.9010298252105713
1908,1298537,LUAD,3.417219,3.1034693717956543
1191,753592,LUAD,-5.222117,-5.341514587402344
1036,724866,LUAD,4.945192,5.344088554382324
1911,909721,LUAD,-0.956116,-2.8757593631744385
1259,905972,LUAD,2.272227,2.8695390224456787
1046,687816,LUAD,5.012811,3.313903331756592
1854,905970,LUAD,4.71046,5.159363269805908
1854,924244,LUAD,4.278031,4.583043575286865
1916,1298350,LUAD,2.441961,2.0999958515167236
1853,905949,LUAD,4.244605,4.200733661651611
1931,908476,LUAD,5.66412,6.0759124755859375
1004,722066,LUAD,-2.316396,-2.917365789413452
1177,724868,LUAD,2.865326,3.454512596130371
1004,1298537,LUAD,-2.580986,-2.7742342948913574
1559,687777,LUAD,0.424303,0.8334909677505493
1375,905942,LUAD,5.817608,5.650908946990967
1237,687820,LUAD,7.4265,6.98197603225708
1627,908465,LUAD,4.018428,3.5336968898773193
1177,1290908,LUAD,3.320647,4.407942771911621
1073,1240185,LUAD,3.527473,3.929704189300537
2048,906805,LUAD,0.783485,-1.1845016479492188
1248,724868,LUAD,-3.984282,-4.371208667755127
1615,687802,LUAD,7.142096,6.482978343963623
1553,1240187,LUAD,2.536157,2.3257930278778076
2046,905942,LUAD,3.163966,4.013838291168213
1006,905942,LUAD,0.364191,1.5694032907485962
1922,905944,LUAD,3.737459,2.844536542892456
1630,724878,LUAD,7.082665,5.4358320236206055
1068,909721,LUAD,2.40243,1.971360683441162
1051,906805,LUAD,3.116477,3.1128387451171875
1618,906791,LUAD,6.150568,5.369142532348633
1060,687819,LUAD,1.99021,2.1972827911376953
1615,713869,LUAD,5.907749,5.636000633239746
1631,1290908,LUAD,2.582703,3.23776912689209
1239,687820,LUAD,6.59034,6.691120147705078
1909,687800,LUAD,3.16638,3.0432631969451904
1936,713869,LUAD,3.729939,3.6351592540740967
1911,1240146,LUAD,-4.746565,-4.424963474273682
1620,1247873,LUAD,6.037436,5.7093610763549805
1598,906805,LUAD,4.073676,4.483829975128174
1933,687816,LUAD,6.507286,5.906139850616455
1068,687800,LUAD,3.754683,3.062297821044922
1073,724834,LUAD,5.695136,5.40975284576416
1553,1240190,LUAD,2.093253,3.173837661743164
1199,1240190,LUAD,5.824066,4.059996604919434
2044,724859,LUAD,3.029134,4.333277225494385
1631,1298348,LUAD,5.629136,4.544398784637451
1928,908472,LUAD,5.531171,5.1709885597229
1917,906805,LUAD,3.283194,3.014836549758911
1372,722066,LUAD,0.508913,-0.1850815862417221
1091,753600,LUAD,1.836834,2.525712251663208
1248,908460,LUAD,0.328044,-2.0634679794311523
1997,908476,LUAD,2.468401,5.132755279541016
1088,724859,LUAD,2.48525,2.282474994659424
1922,687799,LUAD,1.713488,0.4888741970062256
1180,905944,LUAD,-3.539691,-3.3590877056121826
1057,687800,LUAD,2.079312,0.1158522441983223
1853,906805,LUAD,3.999617,4.367881774902344
1997,908463,LUAD,4.900816,4.536904335021973
1510,1240145,LUAD,3.094894,3.3701701164245605
1563,724868,LUAD,4.521592,4.836404800415039
1053,724873,LUAD,2.852349,3.126643657684326
1928,905967,LUAD,5.05647,4.195406436920166
1917,905944,LUAD,5.055727,2.706894636154175
1852,1247873,LUAD,5.974705,5.825924873352051
1849,687800,LUAD,2.54734,1.6953308582305908
1922,722066,LUAD,2.913251,3.0665464401245117
1093,908460,LUAD,8.531499,7.408756256103516
2107,1240145,LUAD,5.351481,5.02703332901001
1177,908476,LUAD,3.737317,4.744699478149414
1922,722046,LUAD,2.049508,0.7178854942321777
1003,753600,LUAD,1.035792,0.5061379671096802
1931,906805,LUAD,6.199416,6.2933244705200195
1564,1240190,LUAD,0.066022,1.2071728706359863
2046,687820,LUAD,5.735126,6.394365310668945
1560,722046,LUAD,1.161286,1.4661957025527954
1624,908463,LUAD,6.013556,4.693872928619385
1549,1290908,LUAD,2.808509,3.383721113204956
1088,905972,LUAD,2.466647,2.466170310974121
1177,1240185,LUAD,4.5745,4.689000129699707
1852,910900,LUAD,5.358572,5.106510162353516
1925,908473,LUAD,6.333792,5.426791667938232
1927,924244,LUAD,4.19337,4.981442928314209
1997,687798,LUAD,3.63728,3.538914442062378
1007,687816,LUAD,-3.977599,-2.965824604034424
1068,1298348,LUAD,2.593676,2.8772850036621094
1873,908463,LUAD,0.712137,2.3594486713409424
1006,687798,LUAD,-0.913926,2.12609601020813
1131,905970,LUAD,6.962866,5.0070576667785645
1620,1240145,LUAD,5.462288,5.039866924285889
1034,905972,LUAD,-3.660091,-3.172882318496704
1933,1240190,LUAD,6.06549,4.789247512817383
1559,687821,LUAD,0.178822,2.211317777633667
1373,1503370,LUAD,3.927581,3.9153101444244385
1559,1240190,LUAD,-3.205155,-1.5093111991882324
1996,687802,LUAD,4.911763,5.146186828613281
2045,1503370,LUAD,4.800774,4.600311279296875
1939,687802,LUAD,1.789286,4.02025842666626
1060,909721,LUAD,-0.848827,1.1276302337646484
1034,905944,LUAD,-1.910586,-2.274372100830078
1598,687820,LUAD,6.607483,5.800561904907227
1022,905949,LUAD,0.104302,-0.7877641916275024
1060,687807,LUAD,3.941915,3.183039903640747
1507,905972,LUAD,5.939072,5.154688358306885
1249,753600,LUAD,5.498419,5.1263957023620605
1512,687777,LUAD,5.669545,6.000266075134277
1372,1298537,LUAD,1.706497,1.5353724956512451
1191,687819,LUAD,-2.623447,-4.349306106567383
2046,905949,LUAD,4.499147,3.1129355430603027
1237,908472,LUAD,5.95954,5.6679863929748535
1853,1298537,LUAD,4.647475,3.440976142883301
1558,1240185,LUAD,4.053638,3.5082902908325195
1259,908475,LUAD,3.309542,4.092166900634766
2106,722066,LUAD,5.508053,4.421490669250488
1036,687807,LUAD,6.272844,6.205173969268799
1613,1503370,LUAD,2.629329,2.1513986587524414
1006,1240185,LUAD,0.296788,1.2648892402648926
1091,713869,LUAD,5.769142,2.624178409576416
1053,687799,LUAD,1.207119,2.1823883056640625
1631,905944,LUAD,3.052878,4.8564324378967285
1926,687798,LUAD,0.200243,1.4156419038772583
1862,687820,LUAD,-0.959696,1.0656079053878784
1622,724878,LUAD,6.221431,6.282534122467041
1911,713869,LUAD,-1.933185,-2.9114089012145996
1375,753608,LUAD,7.174765,6.191260814666748
1051,924244,LUAD,2.555422,1.842968463897705
1909,905949,LUAD,1.876542,2.2240259647369385
1852,687812,LUAD,6.020275,5.653753757476807
1249,905972,LUAD,3.48085,4.615485668182373
1004,724834,LUAD,-2.832915,-2.77195143699646
1618,924244,LUAD,3.358694,3.5507304668426514
2045,753608,LUAD,6.110047,5.749405384063721
1561,908472,LUAD,6.008428,3.735389232635498
1620,687816,LUAD,6.843706,6.014724254608154
1936,687821,LUAD,3.068159,3.607435941696167
1635,909721,LUAD,6.170847,6.240445613861084
1919,908463,LUAD,3.958747,3.1169841289520264
1578,905972,LUAD,6.310862,5.40985631942749
1047,905949,LUAD,1.915025,2.403531312942505
1259,687799,LUAD,2.906722,1.9150021076202393
1079,1298537,LUAD,2.435756,2.786836624145508
1926,687819,LUAD,1.885666,1.3484816551208496
1088,687798,LUAD,0.58394,1.6041152477264404
1553,906805,LUAD,2.132048,3.0904839038848877
2109,724866,LUAD,4.892489,3.4681556224823
1007,724859,LUAD,-5.318745,-4.07389497756958
2110,687799,LUAD,5.329208,3.6867482662200928
2044,1298350,LUAD,3.830779,4.452094554901123
1915,1298350,LUAD,2.944875,1.5869674682617188
1631,687812,LUAD,2.154308,3.8413140773773193
1079,908476,LUAD,2.662316,3.4928665161132812
1563,908463,LUAD,7.414612,7.404356479644775
1576,905942,LUAD,1.906792,2.8339309692382812
1922,1240202,LUAD,0.567106,1.552855372428894
1613,1240145,LUAD,3.924719,2.2690014839172363
1563,1298537,LUAD,4.495796,5.80033540725708
1239,724859,LUAD,1.839538,2.064192295074463
1553,905972,LUAD,5.037237,4.319100379943848
1915,713869,LUAD,3.75579,3.8458151817321777
1799,687777,LUAD,-0.120651,3.9954991340637207
1593,1298347,LUAD,5.054964,3.6070823669433594
2111,906805,LUAD,6.074166,5.085514545440674
1941,908473,LUAD,-2.926326,-5.179794788360596
1190,1298537,LUAD,4.836557,4.220503807067871
1620,1240185,LUAD,6.300609,5.7260918617248535
1922,1240146,LUAD,0.030818,1.752777099609375
1940,1503370,LUAD,2.523308,3.104675531387329
1620,1240146,LUAD,6.087823,5.942955017089844
1917,1240187,LUAD,1.414149,1.7849164009094238
1180,687816,LUAD,-1.062609,-1.5320791006088257
1849,1240187,LUAD,-0.085433,-0.990097165107727
1006,905949,LUAD,-1.233325,0.510735273361206
1849,906791,LUAD,0.238088,1.0286951065063477
1916,1298348,LUAD,3.759178,4.597907543182373
1060,1240146,LUAD,-0.484209,0.11898226290941238
1618,905944,LUAD,3.624752,4.096351623535156
1268,1298350,LUAD,5.601923,4.500844955444336
1091,906805,LUAD,0.535364,2.277482509613037
1918,1240146,LUAD,2.954682,3.2291131019592285
1179,1290908,LUAD,1.359325,0.020755603909492493
1578,1240185,LUAD,5.548624,5.224184036254883
1079,687816,LUAD,1.754496,0.2113795131444931
1080,1298347,LUAD,-0.517967,0.27555638551712036
1558,687798,LUAD,1.625034,0.965025782585144
1931,722046,LUAD,4.820945,4.285274505615234
1631,908476,LUAD,3.126205,2.3549489974975586
1625,1503370,LUAD,4.177214,4.272489547729492
1634,687821,LUAD,7.624418,6.74852180480957
1060,908475,LUAD,1.515061,0.4264487326145172
1012,905949,LUAD,0.86315,1.6549128293991089
1917,687800,LUAD,3.056418,4.8605523109436035
1079,905972,LUAD,-0.511704,0.9292186498641968
2106,1240190,LUAD,2.148647,3.173837661743164
1507,1298347,LUAD,4.585935,4.318424701690674
1563,687812,LUAD,6.267705,5.952094554901123
1933,1240187,LUAD,5.766117,5.0561347007751465
1635,753608,LUAD,6.286178,5.786645412445068
1373,687821,LUAD,4.431031,3.7235453128814697
1624,1298348,LUAD,4.746653,5.067237854003906
1593,713869,LUAD,1.545721,3.6351847648620605
1922,908476,LUAD,2.390628,2.9429593086242676
1855,908465,LUAD,5.535725,4.980930805206299
1510,1240146,LUAD,4.772032,4.3082051277160645
1927,687802,LUAD,6.440029,6.17915153503418
1079,908475,LUAD,-1.935323,-0.8553807735443115
2040,908475,LUAD,-0.402189,0.41947293281555176
1005,908465,LUAD,4.794135,4.072024822235107
1915,908465,LUAD,2.185846,2.5006749629974365
1927,1240190,LUAD,5.495188,5.394702911376953
1626,905967,LUAD,2.55018,2.498735189437866
1919,908460,LUAD,6.09956,3.0848212242126465
1862,687819,LUAD,-0.494971,-0.2568020224571228
1047,905967,LUAD,5.61994,4.634435176849365
1553,724868,LUAD,3.093481,2.944896697998047
2043,1240190,LUAD,5.796155,5.553543567657471
1922,905967,LUAD,1.393976,0.2172171175479889
1855,908476,LUAD,3.138597,4.0025224685668945
1249,753608,LUAD,3.170076,3.8003463745117188
2045,1240146,LUAD,4.750495,5.706757068634033
1618,687800,LUAD,6.654467,6.252757549285889
1618,713869,LUAD,4.973286,3.700521230697632
1576,1247873,LUAD,3.727995,3.3663244247436523
1268,1240185,LUAD,3.898663,4.540791988372803
2111,724834,LUAD,4.880646,5.72829532623291
1922,1240190,LUAD,3.076275,2.853849411010742
1557,687777,LUAD,5.776953,5.323171615600586
1085,908473,LUAD,4.618374,3.9522902965545654
1919,687812,LUAD,1.666524,1.8597338199615479
1057,908465,LUAD,-1.831274,-0.857546329498291
1561,905970,LUAD,2.63513,2.0152587890625
2107,687807,LUAD,6.713098,6.797079086303711
1625,908476,LUAD,4.281391,4.924073696136475
1560,1290908,LUAD,2.731965,3.241241216659546
1010,687798,LUAD,1.720732,1.1869655847549438
1926,1240190,LUAD,0.503729,-0.43234091997146606
1085,924244,LUAD,3.057138,2.5914578437805176
1927,687821,LUAD,5.848217,7.4188947677612305
1561,924244,LUAD,0.412128,0.8820840120315552
1013,1298347,LUAD,4.026396,3.5389578342437744
1190,687821,LUAD,2.025576,1.430908441543579
1927,906805,LUAD,5.339089,5.64597749710083
2046,908465,LUAD,5.370299,4.087499141693115
1916,1240187,LUAD,3.003906,2.6684632301330566
1510,906791,LUAD,3.949403,5.0448527336120605
1131,908476,LUAD,3.404842,4.769686698913574
1786,1298350,LUAD,3.100964,3.2702689170837402
1058,687798,LUAD,0.275923,1.9356528520584106
1553,687800,LUAD,4.158051,4.678749084472656
1564,908463,LUAD,5.676609,5.354928493499756
1375,924244,LUAD,6.794646,6.224764347076416
1561,1240187,LUAD,0.928161,2.0418753623962402
1007,687800,LUAD,-2.08498,-2.0956873893737793
1080,905942,LUAD,-0.909474,-3.0952022075653076
1068,1503370,LUAD,1.437702,0.8062459826469421
1564,908472,LUAD,3.117397,2.522874116897583
2106,908475,LUAD,2.131934,2.48755145072937
1088,687812,LUAD,4.877618,4.847583770751953
1549,905949,LUAD,2.800145,3.7007927894592285
1032,753600,LUAD,1.624119,2.5219340324401855
1620,753600,LUAD,4.530193,5.923027515411377
1598,910900,LUAD,2.947966,3.484386682510376
1268,687798,LUAD,2.307135,4.376197338104248
1003,687802,LUAD,0.889164,-0.2331283837556839
1012,687812,LUAD,2.877805,2.20320200920105
1939,924244,LUAD,3.434351,2.998438835144043
1928,908465,LUAD,4.446086,5.317636966705322
1068,687812,LUAD,0.163427,2.1392507553100586
1940,905944,LUAD,4.61029,3.8735711574554443
1930,687802,LUAD,0.820529,2.2700159549713135
1017,908475,LUAD,5.465179,4.6680827140808105
1010,687821,LUAD,5.134012,5.34853458404541
1088,908476,LUAD,3.793447,2.384516716003418
1372,1298348,LUAD,0.129244,1.135634183883667
2043,713869,LUAD,6.194142,5.270142555236816
1625,724859,LUAD,5.732106,5.572808265686035
1005,753600,LUAD,5.937948,5.909608840942383
1578,1298347,LUAD,5.306602,5.087281703948975
1629,906805,LUAD,4.441462,4.794184684753418
1058,753608,LUAD,1.669798,0.26329249143600464
1629,1298537,LUAD,5.041186,4.136825084686279
1510,687821,LUAD,6.96857,6.485106945037842
1578,924244,LUAD,5.436375,5.262284755706787
1060,724873,LUAD,-1.579361,-0.23539595305919647
1507,908473,LUAD,6.316824,5.938437461853027
1013,908460,LUAD,7.382129,5.74220609664917
1618,722046,LUAD,2.015124,3.480902671813965
1017,1240202,LUAD,5.552709,5.495203971862793
1924,1240187,LUAD,2.848454,3.061284065246582
1630,724868,LUAD,2.505857,2.657684803009033
1553,905970,LUAD,5.960949,3.450234889984131
1849,724878,LUAD,0.119896,0.3959740400314331
2109,908463,LUAD,4.095454,4.8625969886779785
1933,1240202,LUAD,6.368452,5.600104331970215
1057,905949,LUAD,-3.738725,-3.4792659282684326
1089,905972,LUAD,3.151496,4.692184925079346
1051,687777,LUAD,2.494903,3.8566830158233643
1563,908472,LUAD,6.126502,6.133795738220215
1268,722066,LUAD,4.983952,4.791707992553711
1626,905949,LUAD,1.096702,2.547860860824585
1558,908475,LUAD,2.052872,3.0673465728759766
1054,908476,LUAD,2.552266,2.966757297515869
1510,905949,LUAD,3.213013,3.413572311401367
1916,905944,LUAD,4.452351,3.8617143630981445
1918,687821,LUAD,4.730684,4.310791015625
1924,1290908,LUAD,2.096028,3.6097776889801025
1088,906805,LUAD,4.201459,5.100935459136963
1614,905949,LUAD,2.696123,2.303117036819458
1047,908475,LUAD,5.237896,4.681614875793457
1862,1298350,LUAD,-1.591945,-1.6192189455032349
1047,1298347,LUAD,5.011221,4.982828140258789
1200,1240145,LUAD,3.455762,2.873629570007324
1933,905972,LUAD,5.600993,5.5545172691345215
1549,687816,LUAD,3.938598,3.9147539138793945
1179,724873,LUAD,-0.178808,-0.15618233382701874
1179,687798,LUAD,1.432135,0.3130825161933899
1915,1240187,LUAD,1.993858,2.8486554622650146
1911,908472,LUAD,-1.692394,-2.262396812438965
2096,753592,LUAD,2.009647,2.7211952209472656
1093,905972,LUAD,5.051451,5.058703422546387
1053,908475,LUAD,2.188826,2.4655189514160156
1007,905967,LUAD,-4.431392,-5.067582607269287
1237,753608,LUAD,6.03641,5.993327617645264
2107,1298350,LUAD,3.910759,5.393950462341309
1200,1503370,LUAD,2.828573,2.6289970874786377
1510,1240190,LUAD,4.173095,3.955097198486328
1614,724866,LUAD,3.088432,4.671952247619629
1073,905972,LUAD,5.323009,5.362399101257324
1852,724866,LUAD,6.676656,5.885119438171387
2047,1240146,LUAD,4.792385,2.893132448196411
1549,906791,LUAD,5.781991,4.59881591796875
1630,905967,LUAD,2.453377,2.9755682945251465
1190,687777,LUAD,0.208166,3.5151150226593018
2047,724868,LUAD,1.239037,1.4139333963394165
1593,905970,LUAD,5.761923,2.844362735748291
1932,1290908,LUAD,1.672113,3.1138153076171875
2047,687816,LUAD,3.911903,2.633087158203125
1057,687820,LUAD,-0.024388,2.278010606765747
1853,722046,LUAD,3.564367,3.764688730239868
1855,753592,LUAD,3.708003,4.546764850616455
1913,687802,LUAD,5.647126,5.545740604400635
1910,908463,LUAD,4.177428,3.649259328842163
1910,1290908,LUAD,2.234715,3.5822513103485107
1034,905967,LUAD,-3.633029,-3.4157097339630127
1073,687799,LUAD,3.675815,2.6291909217834473
1919,687802,LUAD,1.106933,1.1973321437835693
1924,687820,LUAD,6.443308,5.830043792724609
1939,1240185,LUAD,4.536083,4.3774237632751465
1259,908472,LUAD,4.488362,4.649039268493652
1922,687800,LUAD,1.072325,2.9988300800323486
1615,1240145,LUAD,5.157982,4.779226779937744
1080,753608,LUAD,-3.222824,-1.7646067142486572
1799,753600,LUAD,5.66726,4.7941718101501465
1626,687816,LUAD,5.479755,2.5410852432250977
1908,753592,LUAD,2.633101,2.884735107421875
1576,753600,LUAD,3.651974,3.606055498123169
1512,908476,LUAD,5.106051,5.454221725463867
1375,687799,LUAD,5.706865,4.698482513427734
1799,908473,LUAD,3.181212,4.018374443054199
1926,909721,LUAD,1.824302,1.6297025680541992
1563,1298347,LUAD,5.362195,5.5124688148498535
1013,687807,LUAD,5.434855,5.883100509643555
1179,1503370,LUAD,1.120136,0.1527819037437439
1626,722066,LUAD,2.970107,2.4943931102752686
1191,1240146,LUAD,-4.759751,-4.743175029754639
1511,1290908,LUAD,-2.156334,-1.4571987390518188
1168,905944,LUAD,2.788051,2.982893466949463
2111,724866,LUAD,4.148477,5.141972541809082
1924,687798,LUAD,5.136042,3.454559803009033
1088,1240202,LUAD,1.419528,3.3088736534118652
1912,1240202,LUAD,4.124218,4.152106285095215
1919,687799,LUAD,-0.750157,-0.7740751504898071
1931,905949,LUAD,6.570424,5.8251633644104
1630,1247873,LUAD,2.256478,3.911773443222046
1191,687777,LUAD,-4.249376,-4.748645782470703
1919,1298347,LUAD,2.26351,2.599959135055542
1004,1298348,LUAD,1.522774,-0.5883381366729736
1512,908465,LUAD,5.023704,6.002824306488037
1177,905942,LUAD,4.135785,4.515748977661133
1080,1240146,LUAD,-0.132427,-0.7762118577957153
1627,908475,LUAD,2.83111,2.8907108306884766
1873,1240190,LUAD,0.245344,0.9207557439804077
1085,908465,LUAD,4.37387,3.5289175510406494
1529,905972,LUAD,-0.019394,0.250205934047699
1630,910900,LUAD,2.540931,3.7813589572906494
1634,753592,LUAD,3.1583,4.439786911010742
1786,687816,LUAD,4.681384,4.442175388336182
2106,905972,LUAD,3.955612,4.319100379943848
1557,687802,LUAD,5.159158,5.81473445892334
1916,1240185,LUAD,2.310548,3.416996955871582
1559,713869,LUAD,1.631828,-1.1756988763809204
1918,687799,LUAD,1.340468,0.9199684262275696
1549,1298348,LUAD,0.665557,1.4720098972320557
1563,722046,LUAD,4.989025,4.676803112030029
1940,687816,LUAD,3.039638,3.9923675060272217
1177,910900,LUAD,1.845041,4.331410884857178
1068,722066,LUAD,1.471142,1.6070290803909302
1624,1240146,LUAD,4.077828,4.187041759490967
1941,1240185,LUAD,-2.979255,-3.383272886276245
1862,1298347,LUAD,0.22227,-0.21781812608242035
2109,753600,LUAD,2.090265,3.497837781906128
1179,905972,LUAD,1.564874,1.9910461902618408
1168,753600,LUAD,2.320024,2.967358350753784
1507,905942,LUAD,5.092802,4.711053371429443
1093,1290908,LUAD,5.103076,4.523581027984619
1375,908473,LUAD,7.556743,7.231081962585449
1873,910900,LUAD,1.135087,1.0654772520065308
1913,924244,LUAD,4.368846,4.783644676208496
2043,753600,LUAD,5.851639,5.661198616027832
1852,687816,LUAD,6.692083,6.049761772155762
1032,687799,LUAD,-1.650567,-1.9648361206054688
1237,1298348,LUAD,6.949845,6.846575736999512
1913,1290908,LUAD,4.399968,4.993183135986328
1624,687812,LUAD,4.94841,4.40477180480957
1510,908473,LUAD,2.799138,4.296928882598877
1057,1298348,LUAD,1.912427,-1.4482035636901855
1180,722046,LUAD,-3.574333,-2.7246007919311523
1054,905942,LUAD,5.497279,3.7168400287628174
1909,905967,LUAD,2.267164,2.7315175533294678
2048,687799,LUAD,-4.137041,-5.0680108070373535
1617,722046,LUAD,1.311175,2.056579828262329
1918,753592,LUAD,2.843522,2.144268035888672
1549,687821,LUAD,5.290316,6.920989990234375
1622,909721,LUAD,5.638658,5.7961225509643555
1936,687819,LUAD,3.214597,3.0071659088134766
2047,1240187,LUAD,3.587256,2.1907174587249756
1036,908475,LUAD,3.35193,3.8377535343170166
1563,1298350,LUAD,6.177473,5.791262149810791
1930,1240145,LUAD,0.157958,1.136940360069275
1873,905972,LUAD,1.119917,1.566258430480957
1620,1240187,LUAD,5.065009,5.530406951904297
1940,1240190,LUAD,4.234786,4.140185356140137
1512,1290908,LUAD,5.392574,5.559707164764404
1007,687821,LUAD,-0.9926,-0.38579779863357544
1620,687798,LUAD,5.817187,5.576648712158203
1046,687802,LUAD,4.838819,4.706050872802734
1614,908473,LUAD,3.663797,4.560366153717041
1510,905972,LUAD,5.282147,4.457741737365723
1091,1240187,LUAD,2.29475,1.7219858169555664
1010,908460,LUAD,5.500689,5.858545780181885
1079,1240202,LUAD,-0.596159,-1.159716010093689
2046,1290908,LUAD,5.503186,3.0253489017486572
1925,687802,LUAD,6.333691,6.062737464904785
1237,687800,LUAD,7.787509,7.040550708770752
1131,1298350,LUAD,3.743596,5.669891834259033
1939,724866,LUAD,3.135774,4.231393337249756
1085,753600,LUAD,2.643568,4.486156463623047
1564,687802,LUAD,3.202688,5.2307939529418945
1930,908475,LUAD,0.17467,1.2228922843933105
1624,724859,LUAD,5.376603,4.2938361167907715
1088,905967,LUAD,3.870432,2.555370807647705
1622,722066,LUAD,5.303681,4.7685866355896
1594,753592,LUAD,4.039028,5.114634990692139
1561,1298350,LUAD,1.724526,1.5307178497314453
1060,753592,LUAD,0.94961,0.819712221622467
1375,906805,LUAD,6.757377,6.732671737670898
1017,908463,LUAD,7.307173,6.037600994110107
1083,722046,LUAD,1.079485,0.98142009973526
1925,687816,LUAD,6.492584,5.8658013343811035
1058,924244,LUAD,0.20054,0.9067174792289734
1034,724873,LUAD,-3.297568,-3.733398199081421
2107,908465,LUAD,5.909801,5.8996148109436035
1004,905972,LUAD,-3.081071,-2.4474451541900635
1852,905942,LUAD,5.233043,5.051851749420166
2044,1290908,LUAD,2.938376,2.983304023742676
1912,753600,LUAD,2.356368,3.25368332862854
1614,1240145,LUAD,3.012171,3.2340903282165527
1561,687798,LUAD,-0.187163,1.42115318775177
1200,905967,LUAD,3.526082,3.6147994995117188
1004,724873,LUAD,-3.652152,-3.5016701221466064
1925,724834,LUAD,6.108991,6.047893524169922
1615,909721,LUAD,5.431629,6.2269697189331055
1190,687802,LUAD,2.292594,3.934102773666382
1073,724878,LUAD,7.184354,7.255862712860107
1199,687816,LUAD,5.342178,4.402009963989258
1613,905972,LUAD,4.896045,4.821168899536133
1915,1298347,LUAD,2.488679,2.9194602966308594
1930,1298347,LUAD,2.854466,3.3357419967651367
1557,924244,LUAD,4.742234,4.736448764801025
1928,724873,LUAD,3.853695,4.50347375869751
1058,687799,LUAD,-0.891107,-0.4385601282119751
1930,924244,LUAD,1.467088,0.9186119437217712
1786,1298347,LUAD,3.476831,2.2479963302612305
1046,908473,LUAD,4.693771,3.2806899547576904
2048,1240146,LUAD,-1.847007,-1.7293126583099365
2046,687799,LUAD,2.585054,2.580150842666626
1091,1298347,LUAD,3.972274,2.3918347358703613
1618,908460,LUAD,7.544647,6.955296993255615
1922,687819,LUAD,3.137845,2.780930280685425
2046,724859,LUAD,1.35606,2.673844575881958
2040,753600,LUAD,0.803768,2.2039167881011963
1054,1298537,LUAD,5.19494,4.879331111907959
1083,906805,LUAD,3.81041,3.816608428955078
1918,905972,LUAD,3.43947,4.012844562530518
1559,687816,LUAD,-1.972807,-0.8858052492141724
1908,908463,LUAD,3.95697,5.170511245727539
2110,687777,LUAD,5.33648,5.564751148223877
1088,1298348,LUAD,4.926031,5.023179054260254
1084,905967,LUAD,-2.145148,-2.6216366291046143
1249,1240190,LUAD,2.585516,3.2373876571655273
1373,1240145,LUAD,4.469521,4.406132698059082
1617,722066,LUAD,1.947156,2.202037811279297
1036,724859,LUAD,3.006958,4.704164981842041
1930,724873,LUAD,0.076935,1.0743091106414795
1012,908460,LUAD,4.396985,3.837512969970703
1852,687802,LUAD,6.027837,6.388490676879883
1933,905942,LUAD,5.201678,4.618248462677002
1941,687812,LUAD,-5.925974,-4.155979156494141
1855,905967,LUAD,4.099235,3.730203866958618
1093,924244,LUAD,4.334452,4.118185997009277
1625,1290908,LUAD,4.233789,4.996060848236084
1054,908465,LUAD,3.348328,4.27694034576416
1614,687802,LUAD,7.150166,5.50189733505249
1179,905946,BRCA,3.968648,2.010507345199585
1853,1240172,BRCA,2.894008,4.1845903396606445
2111,924240,BRCA,4.919727,4.330507278442383
1940,910704,BRCA,3.370494,3.3634326457977295
1073,924240,BRCA,5.326592,4.9221062660217285
1549,925338,BRCA,3.116075,4.517674446105957
1073,749712,BRCA,5.841372,4.906349182128906
1006,905945,BRCA,3.949093,3.8907899856567383
1030,1290905,BRCA,6.626914,6.069321632385254
1036,924106,BRCA,4.405102,5.550078392028809
1190,906812,BRCA,3.243616,2.5016367435455322
1375,908151,BRCA,6.027724,6.266170024871826
1624,906862,BRCA,1.149011,0.41122734546661377
1010,749711,BRCA,3.502215,3.4376187324523926
1594,946382,BRCA,0.740265,0.7598953247070312
1578,1298157,BRCA,5.514655,5.539121150970459
1068,906826,BRCA,2.103435,1.3281217813491821
2169,749710,BRCA,4.183403,3.7728188037872314
1916,749710,BRCA,3.554112,3.487295627593994
1093,1290905,BRCA,5.451989,5.641127109527588
1908,924240,BRCA,3.0865,2.439828872680664
1635,905960,BRCA,5.257366,5.173459529876709
1507,905951,BRCA,6.383989,4.759054660797119
1190,1240172,BRCA,0.835353,2.635059356689453
1179,907046,BRCA,1.64695,0.027868643403053284
1052,749712,BRCA,2.531165,1.7312591075897217
1086,906826,BRCA,0.614485,0.9534170031547546
1621,749715,BRCA,5.260578,4.9662394523620605
1179,906844,BRCA,0.056093,-0.6091769337654114
1373,749709,BRCA,5.957892,4.370148181915283
1191,905957,BRCA,-6.004333,-4.76302433013916
1620,909256,BRCA,4.087113,4.088808536529541
1199,749710,BRCA,3.741235,3.422311305999756
1594,905945,BRCA,1.289217,2.37103009223938
1512,1290905,BRCA,7.271582,6.636847972869873
1632,905957,BRCA,4.303794,4.102263927459717
1025,749717,BRCA,6.773728,6.111645221710205
1919,749714,BRCA,1.277829,2.1810617446899414
1049,1298157,BRCA,4.956169,4.674637794494629
2111,749711,BRCA,5.30403,3.8806312084198
1200,946359,BRCA,3.506564,4.124571800231934
1558,1298157,BRCA,1.642622,2.538032054901123
1996,749717,BRCA,3.96796,4.952759265899658
1632,749709,BRCA,4.254618,2.9962799549102783
1085,907045,BRCA,1.931062,1.9678784608840942
1924,905957,BRCA,1.648256,2.569019079208374
1854,749709,BRCA,3.483681,4.227279186248779
1563,749715,BRCA,5.36291,5.613829135894775
1932,905946,BRCA,3.873231,3.5203306674957275
1088,906801,BRCA,3.193829,4.080571174621582
1911,1303900,BRCA,-3.774434,-3.376835346221924
1558,908122,BRCA,0.707376,1.8480905294418335
1080,949093,BRCA,1.750526,1.683943510055542
1057,905951,BRCA,-2.266315,-1.787135124206543
1786,946359,BRCA,2.778521,3.983854055404663
2047,1298157,BRCA,3.388463,3.2617361545562744
1054,946382,BRCA,3.274864,3.920797109603882
1007,906844,BRCA,-5.711603,-4.893651485443115
1936,906812,BRCA,2.217251,2.8035409450531006
1177,907045,BRCA,5.280516,4.078134059906006
1912,909907,BRCA,3.313706,3.4284799098968506
1237,1290922,BRCA,4.266843,5.133871555328369
1022,925338,BRCA,-1.981769,1.1008888483047485
1010,907045,BRCA,2.265505,2.5616838932037354
1510,906851,BRCA,5.467471,4.7767653465271
1621,905945,BRCA,3.819682,4.777085781097412
1046,946359,BRCA,2.918898,3.8129234313964844
1559,907048,BRCA,-2.080449,-1.782438039779663
1168,905945,BRCA,2.538444,3.0888864994049072
1089,907046,BRCA,4.598752,4.509964942932129
1927,910948,BRCA,5.851729,5.281217575073242
1922,924106,BRCA,1.592659,1.9349172115325928
1561,749713,BRCA,0.288934,0.8029952049255371
1560,906844,BRCA,3.683013,2.6916708946228027
1629,1290922,BRCA,5.082262,4.9041571617126465
1199,946359,BRCA,5.622806,5.134988784790039
1557,1290798,BRCA,1.734617,4.8886823654174805
1089,907048,BRCA,4.427511,4.471868515014648
1179,749715,BRCA,1.537185,0.8481349945068359
1553,907046,BRCA,-0.528888,2.604688882827759
1631,910927,BRCA,3.399465,3.209733724594116
1049,906844,BRCA,3.241444,2.359370470046997
1249,906812,BRCA,3.535289,3.047537326812744
1927,1240172,BRCA,4.72248,5.594130039215088
1091,905946,BRCA,3.928561,2.9452035427093506
1007,1330941,BRCA,-2.246963,-4.174960613250732
1372,905957,BRCA,0.278872,0.7637349367141724
2044,1290798,BRCA,4.348396,4.554002285003662
1941,1290922,BRCA,-3.473357,-4.566628456115723
1631,925338,BRCA,5.221343,5.113707542419434
1997,910927,BRCA,3.170138,3.974179267883301
2043,749714,BRCA,5.328588,5.273125648498535
1561,749717,BRCA,3.629126,3.1469619274139404
1913,749711,BRCA,4.188793,4.373331069946289
1088,905946,BRCA,5.441412,4.074355125427246
1084,1240172,BRCA,-1.568237,-0.5761052370071411
1594,1290905,BRCA,2.855298,5.201937675476074
1557,909256,BRCA,-0.738787,2.530879497528076
1192,1240172,BRCA,5.916894,3.861520767211914
1549,749716,BRCA,0.789987,0.39086174964904785
1073,1298157,BRCA,5.883282,5.36885929107666
2044,910927,BRCA,3.637404,2.7499165534973145
1006,910927,BRCA,-1.082517,0.05601346492767334
1629,1303900,BRCA,4.431877,3.5955941677093506
1050,946359,BRCA,4.181466,3.8145813941955566
1046,949093,BRCA,3.335111,6.153291702270508
1053,946382,BRCA,1.027062,0.11457076668739319
1613,924240,BRCA,4.271584,3.275653123855591
1560,946382,BRCA,4.133809,1.9834662675857544
1131,1298157,BRCA,5.117455,5.348788261413574
1034,946382,BRCA,-1.183125,-2.3973453044891357
2096,908122,BRCA,1.95243,2.48689341545105
1054,749712,BRCA,3.310621,3.5752651691436768
1624,907046,BRCA,1.862369,2.6580607891082764
1177,910704,BRCA,4.601194,3.5996150970458984
1910,905957,BRCA,2.24152,3.1107044219970703
1054,1240172,BRCA,4.831673,5.527639865875244
1004,1303900,BRCA,-3.469972,-1.4037954807281494
1003,949093,BRCA,2.115236,3.0219342708587646
2109,1298157,BRCA,3.264225,2.5542430877685547
1873,907045,BRCA,2.123758,1.807091236114502
1799,906801,BRCA,3.977474,3.042379856109619
1922,910704,BRCA,1.838257,2.096667528152466
1909,905951,BRCA,4.570137,3.1417672634124756
1557,749709,BRCA,5.209158,4.53850793838501
2109,925338,BRCA,3.91271,3.063509225845337
1928,907045,BRCA,4.239246,4.118996620178223
1855,1330941,BRCA,2.720208,4.944092750549316
1613,905951,BRCA,2.515168,4.0443949699401855
1549,749717,BRCA,3.970892,4.344497203826904
1512,907048,BRCA,4.370309,4.654052257537842
1926,749710,BRCA,0.019675,1.0998339653015137
1052,1290798,BRCA,4.365193,3.8758628368377686
1507,924240,BRCA,4.492037,4.546027660369873
1594,949093,BRCA,2.682929,5.537834167480469
2111,749709,BRCA,4.904329,5.049205303192139
1939,908122,BRCA,1.968796,3.4856479167938232
1598,749712,BRCA,3.905567,4.409172534942627
1237,1330941,BRCA,5.318383,4.9513726234436035
2111,1298157,BRCA,4.056456,4.6068315505981445
1919,906844,BRCA,0.470463,1.624504804611206
1635,906826,BRCA,6.858601,7.116136074066162
1250,906862,BRCA,1.104086,3.61596941947937
1940,905951,BRCA,2.658615,4.4101152420043945
1089,924106,BRCA,0.905533,1.0217002630233765
1022,910704,BRCA,0.357283,-0.24113483726978302
1924,907048,BRCA,0.69506,1.1043076515197754
1249,1330941,BRCA,4.950366,4.186757564544678
1614,905960,BRCA,4.111484,3.385662078857422
1919,906862,BRCA,1.948236,0.36013126373291016
1507,1298157,BRCA,5.560462,5.3737053871154785
1050,907045,BRCA,2.857178,4.219313621520996
1058,906826,BRCA,1.932982,1.9651637077331543
1997,1298157,BRCA,4.892157,4.163930892944336
1922,1290798,BRCA,2.967853,2.8873963356018066
1012,906862,BRCA,0.756165,0.21309243142604828
1042,908123,BRCA,5.106313,4.020506858825684
1853,908151,BRCA,2.247645,2.7618494033813477
1620,749711,BRCA,5.342821,4.927532196044922
1083,907048,BRCA,2.61353,3.5340638160705566
1046,905945,BRCA,2.832213,3.0023117065429688
1908,907048,BRCA,2.923634,2.715528964996338
1553,749712,BRCA,1.859264,1.8237831592559814
1052,906844,BRCA,0.591896,2.060365676879883
1192,906826,BRCA,4.834843,4.806713581085205
1936,910910,BRCA,4.282613,2.7469162940979004
1873,906851,BRCA,0.722791,0.7349496483802795
1088,925338,BRCA,4.308597,3.4595253467559814
1939,908121,BRCA,3.890014,1.9816495180130005
1073,749717,BRCA,4.015417,5.573090076446533
1911,749717,BRCA,-3.311317,-3.6953606605529785
1932,1240172,BRCA,5.102744,4.138651371002197
1919,910927,BRCA,1.674584,1.813779592514038
2109,908121,BRCA,2.431312,2.5270462036132812
1622,905957,BRCA,3.826508,5.427577495574951
1180,905960,BRCA,-3.422975,-2.9262075424194336
1578,910704,BRCA,5.248218,4.630791187286377
1054,1330941,BRCA,4.51008,4.2748284339904785
1933,908122,BRCA,2.461619,3.3582725524902344
1512,905960,BRCA,5.275851,5.174318790435791
1199,908122,BRCA,2.868764,3.4139962196350098
1926,749712,BRCA,1.082789,0.16067221760749817
1038,908121,BRCA,2.199403,2.375732421875
1912,908151,BRCA,3.642125,1.6826975345611572
1032,749714,BRCA,2.3266,2.430567741394043
1624,910948,BRCA,4.708731,4.698675632476807
1629,907046,BRCA,4.332468,3.746319055557251
1507,905946,BRCA,5.530682,5.055027484893799
1922,906812,BRCA,2.10873,1.8743181228637695
2111,907048,BRCA,4.544514,4.402748107910156
1849,924240,BRCA,-0.660635,0.23043200373649597
1625,906826,BRCA,7.313432,7.230371475219727
1853,909907,BRCA,4.724958,4.998072147369385
1913,908123,BRCA,3.366798,3.672004461288452
2096,908151,BRCA,3.092427,2.7795965671539307
1375,1240172,BRCA,6.297803,6.447386741638184
1939,906844,BRCA,1.578696,1.8285865783691406
1052,906826,BRCA,3.388095,4.849686145782471
1192,907046,BRCA,2.522375,1.7860528230667114
1005,908123,BRCA,1.346241,1.9970043897628784
1909,908151,BRCA,2.046099,2.3685290813446045
1909,910910,BRCA,3.863955,3.571552276611328
1854,925338,BRCA,4.457349,5.047604084014893
2044,749717,BRCA,3.192351,4.352267265319824
1168,749710,BRCA,2.056593,1.716597318649292
1578,924240,BRCA,4.521233,4.5817952156066895
2046,749714,BRCA,1.877531,4.24014139175415
1511,910910,BRCA,-0.350013,-0.04072542488574982
1179,924240,BRCA,3.175208,1.6339023113250732
1549,906812,BRCA,4.519009,4.118702411651611
1017,1290798,BRCA,4.503029,5.1361165046691895
1085,906801,BRCA,2.099914,3.056544780731201
1913,949093,BRCA,7.277745,6.70289421081543
1089,910704,BRCA,4.794872,2.797539472579956
1620,749709,BRCA,5.24432,4.889599323272705
1931,1290798,BRCA,5.95027,5.92188024520874
1179,946382,BRCA,2.275073,1.3187272548675537
1561,906862,BRCA,0.499757,-2.2626750469207764
2046,905945,BRCA,4.807165,4.373302936553955
1911,910704,BRCA,-3.465757,-5.256541728973389
1617,749711,BRCA,2.108214,1.151533842086792
1615,1290922,BRCA,4.860434,4.8842668533325195
1007,907045,BRCA,-0.984553,-0.6416375637054443
1005,1290905,BRCA,7.472223,6.849516868591309
1939,1298157,BRCA,2.500008,3.365971088409424
1373,1290798,BRCA,5.506516,5.841905117034912
1561,909907,BRCA,2.513473,2.5810046195983887
1560,905946,BRCA,2.25542,3.2228667736053467
1375,905945,BRCA,6.87187,7.360466003417969
1047,909778,BRCA,5.075261,5.344662666320801
1191,906851,BRCA,-5.346493,-5.272297382354736
1053,1290905,BRCA,6.320276,5.896527290344238
1576,910704,BRCA,2.120306,2.6251986026763916
1922,909907,BRCA,5.798937,3.756439447402954
1013,946359,BRCA,3.020439,2.509459972381592
1563,749709,BRCA,5.727014,5.238785266876221
1096,749709,BRCA,4.080924,3.5463075637817383
1564,905951,BRCA,3.58713,4.080129623413086
1529,905960,BRCA,0.72928,-0.011956170201301575
1854,946382,BRCA,5.204403,3.7251224517822266
1926,1290905,BRCA,3.922907,4.005696773529053
1862,905946,BRCA,-1.626807,-1.2719075679779053
1913,1303900,BRCA,3.787976,4.5280442237854
1908,924106,BRCA,4.134872,2.6045641899108887
1932,949093,BRCA,8.021981,4.664656162261963
2044,1240172,BRCA,2.6363,4.35254430770874
1558,749709,BRCA,1.789904,2.671961784362793
1622,1290905,BRCA,5.568048,5.245934963226318
1560,906851,BRCA,1.177257,2.338637351989746
1629,1330941,BRCA,4.420276,4.03391695022583
1918,910927,BRCA,3.36002,2.5169785022735596
1931,910948,BRCA,7.195819,6.39467191696167
1005,909778,BRCA,3.248483,4.969510078430176
1191,907046,BRCA,-6.036086,-4.636119365692139
1054,910704,BRCA,3.258484,3.6065561771392822
1036,749712,BRCA,4.042838,3.75557541847229
1854,905946,BRCA,5.585008,5.012989521026611
1047,749712,BRCA,4.666221,4.7732062339782715
1013,1330941,BRCA,2.536719,2.880270004272461
1250,749709,BRCA,3.385134,4.488132953643799
1926,749717,BRCA,1.122491,0.9993319511413574
1249,907048,BRCA,3.298801,3.172273874282837
1091,749712,BRCA,1.489239,1.1179611682891846
1025,1290922,BRCA,4.79581,5.165727138519287
1932,910927,BRCA,3.912415,3.273793935775757
1052,910852,BRCA,4.008933,3.1742186546325684
1634,907045,BRCA,2.953214,3.759877920150757
1034,905957,BRCA,-5.100336,-6.063704013824463
1614,907046,BRCA,1.758144,3.361266613006592
1786,946382,BRCA,3.235554,1.9939157962799072
1011,910927,BRCA,1.398764,2.865865707397461
1925,906844,BRCA,3.953856,3.6631321907043457
1005,908122,BRCA,4.183536,3.4802615642547607
1917,1290922,BRCA,1.017821,2.791659355163574
1622,908123,BRCA,2.349271,2.3523292541503906
2172,1303900,BRCA,2.767916,2.231170654296875
1549,908121,BRCA,1.728644,2.380674362182617
1912,906851,BRCA,1.315808,1.125197172164917
1017,909256,BRCA,3.497044,3.719008684158325
1085,908122,BRCA,1.822385,1.9158730506896973
1177,749717,BRCA,5.98943,5.432430267333984
2111,909907,BRCA,7.065288,6.55194091796875
1085,749711,BRCA,2.289262,1.8824797868728638
1853,907046,BRCA,5.08176,4.085814476013184
1057,910704,BRCA,-1.630949,-2.9319775104522705
1941,946382,BRCA,-5.677928,-3.310091495513916
1634,749715,BRCA,5.213384,4.343545436859131
1925,749717,BRCA,5.882279,5.643268585205078
2106,905946,BRCA,1.710931,2.0424365997314453
2172,905945,BRCA,3.49621,2.899341583251953
1613,910852,BRCA,2.641943,4.015832424163818
1617,946359,BRCA,2.270474,1.4507006406784058
1032,910948,BRCA,3.117772,2.6318864822387695
1593,1290905,BRCA,1.081593,3.4583945274353027
1560,749717,BRCA,4.143153,4.721278667449951
1936,749712,BRCA,3.017017,2.7370283603668213
1933,906801,BRCA,3.5828,3.999079704284668
1372,1240172,BRCA,1.900266,2.093759298324585
1626,924240,BRCA,3.755604,2.5830042362213135
2106,905960,BRCA,3.536629,3.7636096477508545
1853,946359,BRCA,4.087169,4.168111801147461
1050,749711,BRCA,2.229085,3.6315574645996094
2107,905957,BRCA,4.881595,4.649219512939453
1932,907048,BRCA,3.204402,3.8898372650146484
1594,749713,BRCA,1.958467,2.801114082336426
1168,905951,BRCA,4.21896,4.211020469665527
1373,924240,BRCA,4.359399,4.157578468322754
1268,1290922,BRCA,3.827078,4.184450149536133
1941,946359,BRCA,-3.559094,-2.1773781776428223
1047,908151,BRCA,1.767561,3.5586729049682617
1908,925338,BRCA,3.865341,2.619093418121338
1034,906851,BRCA,-2.436383,-2.4474356174468994
1916,1298157,BRCA,3.624755,3.5288302898406982
1017,906851,BRCA,5.186683,5.1728515625
1053,749712,BRCA,1.34357,1.8388118743896484
1011,908122,BRCA,2.352062,4.303908348083496
1180,905951,BRCA,-1.879449,-3.2530832290649414
1908,908151,BRCA,3.752799,0.4977768659591675
1594,1240172,BRCA,2.103838,4.99758768081665
1593,906812,BRCA,1.414237,1.6109459400177002
1191,908123,BRCA,-6.124305,-6.099070072174072
1913,749715,BRCA,3.355473,4.332880973815918
1054,905957,BRCA,4.010133,4.360332489013672
1624,910927,BRCA,5.56391,3.595486640930176
1855,910927,BRCA,3.222763,3.9685750007629395
1635,906844,BRCA,4.095558,4.101107597351074
1073,910704,BRCA,2.736257,3.7311601638793945
1168,946359,BRCA,2.864461,4.388526916503906
1631,749717,BRCA,4.935365,4.78073787689209
1917,909907,BRCA,5.234665,6.02883768081665
1932,749715,BRCA,1.891164,3.2452898025512695
1131,749717,BRCA,5.622753,5.88364839553833
1032,1290922,BRCA,0.326535,-0.04235951602458954
1576,906812,BRCA,2.960089,2.4865880012512207
1084,749709,BRCA,-3.040542,-2.222804069519043
1932,910910,BRCA,3.954215,4.0505781173706055
1052,749713,BRCA,4.134639,2.613677740097046
2047,907048,BRCA,2.434315,2.715528964996338
1013,1290922,BRCA,2.284125,3.7495462894439697
1073,1330941,BRCA,6.175894,5.707920074462891
2047,905951,BRCA,4.78051,5.0484771728515625
1631,905960,BRCA,3.773301,3.24406099319458
1916,906862,BRCA,-1.263874,-0.9831365346908569
1634,924240,BRCA,4.193012,3.584480047225952
2107,905960,BRCA,4.618944,5.1148810386657715
1089,910852,BRCA,4.759225,4.725736618041992
1622,910927,BRCA,3.841277,3.9584879875183105
1635,946359,BRCA,5.957966,6.001337051391602
1913,910927,BRCA,4.767701,4.467652797698975
1259,908121,BRCA,5.072851,3.394848108291626
1011,924240,BRCA,-0.046899,-0.012623056769371033
1625,905946,BRCA,6.000223,5.2118401527404785
1191,749709,BRCA,-5.487986,-5.335562705993652
1553,906826,BRCA,6.511333,4.57930326461792
1922,910910,BRCA,2.126805,2.918820858001709
2106,749711,BRCA,4.882649,3.433354377746582
1034,908121,BRCA,-2.624069,-1.9114947319030762
1855,910704,BRCA,3.175201,3.592200517654419
1050,924106,BRCA,0.67992,3.457383394241333
1553,749716,BRCA,2.832373,2.7509074211120605
1925,924106,BRCA,4.307528,4.096563339233398
1621,905957,BRCA,4.533511,4.174798488616943
2172,905946,BRCA,0.713623,2.772704601287842
1853,906826,BRCA,6.974723,4.8167548179626465
1177,906812,BRCA,5.458886,4.879965305328369
1922,905946,BRCA,3.75772,2.965430736541748
1036,1240172,BRCA,6.060956,5.425296783447266
1086,749717,BRCA,1.941447,1.3289669752120972
1559,1290922,BRCA,-3.166615,-2.517040252685547
1268,749710,BRCA,3.850098,4.441460609436035
1017,908122,BRCA,5.515897,3.961595296859741
1924,910704,BRCA,2.411441,2.3029348850250244
1007,924240,BRCA,-4.337736,-4.702288627624512
1928,1303900,BRCA,4.700215,4.397679805755615
1011,749710,BRCA,1.613497,2.5545129776000977
1928,749715,BRCA,2.375128,3.5794103145599365
1635,749717,BRCA,5.923401,5.8981404304504395
1190,1330941,BRCA,5.042018,4.880645751953125
1578,908121,BRCA,5.515135,5.045388698577881
1038,907048,BRCA,2.567169,2.5601654052734375
1635,1290905,BRCA,6.167914,6.188819408416748
2106,1303900,BRCA,5.209944,4.639292240142822
1922,908122,BRCA,2.605511,2.2903456687927246
1559,905960,BRCA,-3.457536,-2.98313570022583
1200,749709,BRCA,2.800542,2.476924180984497
1012,749709,BRCA,3.045067,2.297499895095825
1259,906862,BRCA,2.94952,3.8758621215820312
1085,749715,BRCA,2.532946,2.6872899532318115
1909,1303900,BRCA,-3.589562,-1.8011648654937744
1073,906844,BRCA,2.571143,2.481318473815918
1862,949093,BRCA,1.865416,4.0107808113098145
1250,908151,BRCA,4.249946,2.284795045852661
1042,907046,BRCA,3.815234,3.5371673107147217
1096,749711,BRCA,2.716952,4.50020170211792
1059,905957,BRCA,-1.747574,-1.7632954120635986
1086,1330941,BRCA,1.420224,1.8185913562774658
2106,906812,BRCA,1.039041,1.355169415473938
1507,1290922,BRCA,5.597296,4.931180000305176
1854,1298157,BRCA,4.766306,5.248786449432373
1083,910910,BRCA,3.879638,3.7162692546844482
1052,749716,BRCA,4.125093,3.266831398010254
1032,946382,BRCA,3.289331,1.3865280151367188
1930,749715,BRCA,0.587733,0.3443300724029541
1010,906851,BRCA,4.134787,3.8443541526794434
1922,910927,BRCA,1.467573,1.8997199535369873
1913,749717,BRCA,5.175473,5.336810111999512
1618,749717,BRCA,5.120772,4.711091995239258
1632,749717,BRCA,4.642447,4.916817665100098
2047,906844,BRCA,-1.570589,-1.356984257698059
1046,905946,BRCA,2.289252,2.9442527294158936
1080,946359,BRCA,-2.095657,0.08477160334587097
1911,905957,BRCA,-3.041352,-4.716535568237305
1996,910704,BRCA,2.671209,3.544898271560669
1909,749715,BRCA,2.64215,0.5154359340667725
1131,909256,BRCA,5.841867,2.5359609127044678
2045,906851,BRCA,4.604857,5.207496166229248
1021,924240,BRCA,3.859141,3.3714101314544678
2109,907048,BRCA,3.018459,2.9717845916748047
1917,749714,BRCA,2.889054,3.536592721939087
1036,906801,BRCA,3.869234,3.9097983837127686
1012,910704,BRCA,0.611266,1.2001383304595947
1635,906862,BRCA,4.316646,4.401719093322754
1910,1290922,BRCA,-0.409071,1.5002100467681885
1598,908122,BRCA,2.199234,2.502251148223877
1083,749716,BRCA,4.622847,3.891667366027832
1630,1240172,BRCA,5.436194,4.699609279632568
1620,909907,BRCA,6.67469,6.217926025390625
2110,910852,BRCA,5.147909,4.907582759857178
1050,749714,BRCA,2.80526,3.1525626182556152
1931,749715,BRCA,3.879743,5.359216690063477
2044,908123,BRCA,2.852798,2.628429889678955
1129,749709,BRCA,3.072131,2.6716227531433105
1634,749709,BRCA,4.425586,3.201706647872925
1083,906826,BRCA,4.580418,5.488571643829346
1578,749717,BRCA,6.882867,5.740190029144287
1996,909256,BRCA,2.899353,3.789994716644287
1996,908123,BRCA,3.143454,3.375221014022827
1997,908151,BRCA,3.592792,3.4258084297180176
1372,946359,BRCA,4.003131,4.002613544464111
1925,910852,BRCA,4.400524,5.051821708679199
1622,1330941,BRCA,4.516521,3.8107783794403076
1613,946359,BRCA,6.163539,4.9460554122924805
1052,924240,BRCA,2.695548,2.662869453430176
2044,910948,BRCA,4.227642,4.990879058837891
1083,1298157,BRCA,3.054825,4.120665073394775
1941,749710,BRCA,-2.349973,-3.9104652404785156
2044,906826,BRCA,4.801958,4.130937099456787
1177,905960,BRCA,3.010579,4.685971736907959
1862,908122,BRCA,-0.857288,-2.122178316116333
1192,905957,BRCA,2.388199,2.2034049034118652
1011,946382,BRCA,1.142873,0.9133328199386597
1529,749717,BRCA,1.641309,1.468394160270691
1091,949093,BRCA,5.026978,4.644184589385986
1006,908122,BRCA,1.44949,2.574582815170288
1017,909778,BRCA,3.907036,4.730093479156494
1093,946359,BRCA,3.788883,5.225121021270752
1030,907048,BRCA,2.978435,3.902874708175659
1786,1303900,BRCA,2.203029,2.225855827331543
1030,906812,BRCA,4.297503,4.216459274291992
1013,908122,BRCA,2.498962,1.3899142742156982
1598,910852,BRCA,3.642311,4.519646167755127
1622,749714,BRCA,4.211057,4.571282386779785
1060,749711,BRCA,2.242383,2.2736175060272217
1627,906801,BRCA,2.320622,2.7093605995178223
1073,905946,BRCA,3.580482,4.5199294090271
1004,905957,BRCA,-4.90257,-4.289576053619385
1925,908121,BRCA,4.071049,3.6867105960845947
2169,1290905,BRCA,7.345834,5.893941879272461
1625,1290922,BRCA,4.732026,4.593334674835205
1191,749710,BRCA,-4.167982,-5.078516960144043
1918,906851,BRCA,1.666082,2.2607645988464355
1913,1290905,BRCA,6.854596,5.922034740447998
1553,908122,BRCA,-0.461584,-0.028580591082572937
1507,905957,BRCA,5.074394,4.553296089172363
1786,749717,BRCA,2.106706,3.3545403480529785
1129,906862,BRCA,3.269373,1.6077439785003662
1913,906862,BRCA,3.519164,3.295109748840332
2111,949093,BRCA,7.99915,7.264200210571289
2172,749714,BRCA,3.415598,2.817345142364502
1046,749717,BRCA,1.990916,3.7553319931030273
1373,924106,BRCA,5.674619,4.5084147453308105
1635,749710,BRCA,5.778088,5.464324474334717
1053,908121,BRCA,1.31184,0.1352909505367279
1932,906851,BRCA,4.062768,3.3996503353118896
1511,1298157,BRCA,0.617179,-0.4673675298690796
1558,905960,BRCA,2.356312,3.0172314643859863
1629,925338,BRCA,3.114395,4.077536106109619
1088,906826,BRCA,3.767719,3.5515995025634766
2110,905945,BRCA,4.283207,4.598249912261963
1624,905957,BRCA,1.510299,1.9985475540161133
2043,946359,BRCA,5.387909,5.5828399658203125
1034,749715,BRCA,-1.785212,-3.009462833404541
1862,946382,BRCA,-1.379262,-0.9510675668716431
1852,908122,BRCA,5.239916,5.076050281524658
1093,946382,BRCA,3.958061,3.7320594787597656
1917,906826,BRCA,3.163007,4.0692901611328125
1510,1303900,BRCA,5.619437,3.2552266120910645
1052,905951,BRCA,1.803904,2.5407941341400146
1926,910852,BRCA,0.242539,0.35085761547088623
1005,749717,BRCA,4.978177,2.9228014945983887
1786,908121,BRCA,2.68355,2.0809884071350098
1091,910852,BRCA,1.237884,2.1364283561706543
1852,906844,BRCA,2.96482,3.9433279037475586
1913,1290922,BRCA,5.326131,4.624475955963135
2096,910948,BRCA,3.224206,3.6995818614959717
1855,908121,BRCA,4.307363,4.483404159545898
1096,905960,BRCA,2.732498,3.1054351329803467
1928,910704,BRCA,3.714983,4.165054798126221
1615,1330941,BRCA,5.681832,4.746070861816406
1940,1298157,BRCA,3.647493,4.132013320922852
1017,905960,BRCA,4.135779,4.5031208992004395
1012,1290906,BRCA,1.004464,0.7054042816162109
1083,908123,BRCA,1.335302,3.4993386268615723
1021,749714,BRCA,4.365708,3.959921360015869
1373,1303900,BRCA,6.037306,4.200381755828857
2106,909907,BRCA,2.975906,3.3116419315338135
1007,1298157,BRCA,-5.589613,-4.580302715301514
1025,1290905,BRCA,7.510264,7.494724273681641
1168,924240,BRCA,2.717565,2.405050039291382
1054,908122,BRCA,2.289858,3.3434643745422363
1631,908123,BRCA,2.587616,2.914668321609497
1916,905951,BRCA,2.647607,3.105201244354248
2048,910948,BRCA,-1.551478,-3.169177770614624
1617,1240172,BRCA,5.064884,4.987337589263916
1192,1290922,BRCA,3.459528,3.433253765106201
1909,905945,BRCA,2.062908,2.7750682830810547
1624,908121,BRCA,2.519547,2.6499037742614746
1625,905951,BRCA,3.63249,4.494124889373779
1192,749710,BRCA,4.934319,3.2149689197540283
1053,1290798,BRCA,2.624951,2.002959966659546
1924,910927,BRCA,1.362114,2.478611946105957
1021,1290798,BRCA,5.43934,4.012260437011719
1617,906826,BRCA,5.335711,6.030988693237305
1168,946382,BRCA,3.348287,2.4392752647399902
1925,925338,BRCA,4.315948,4.803762912750244
1068,1290922,BRCA,1.930425,1.522417664527893
1576,924240,BRCA,1.859807,2.5711028575897217
1250,905957,BRCA,0.411308,0.9558877944946289
1909,907048,BRCA,2.164248,2.1397650241851807
1003,909778,BRCA,-0.524717,0.9814671277999878
2040,908151,BRCA,1.121337,1.3993914127349854
1512,910910,BRCA,5.557049,5.466561317443848
2107,909256,BRCA,3.639121,4.24197244644165
1073,1290798,BRCA,6.880987,6.172089099884033
1576,910927,BRCA,3.292673,2.6848578453063965
1578,749714,BRCA,5.693719,5.384591102600098
1268,1240172,BRCA,4.33124,5.062939643859863
1594,1298157,BRCA,1.3525,5.5077080726623535
1030,905951,BRCA,3.685844,4.192948818206787
1910,946382,BRCA,2.598195,2.0987443923950195
1940,749715,BRCA,1.883831,2.837617874145508
1080,910948,BRCA,-2.390429,-3.267849922180176
1918,906801,BRCA,3.527805,2.2203733921051025
1083,749715,BRCA,3.472391,3.3054637908935547
1011,908151,BRCA,1.754743,3.2313132286071777
1051,749712,BRCA,2.750769,3.002276659011841
1933,906851,BRCA,4.113968,4.615996837615967
1036,749717,BRCA,5.918882,5.583676815032959
1249,906826,BRCA,4.306344,5.748103618621826
2109,749714,BRCA,2.640397,3.424281597137451
1936,910927,BRCA,1.857881,2.188093423843384
1032,906862,BRCA,1.904104,0.5376092195510864
1799,1298157,BRCA,4.523191,4.00822639465332
1259,906801,BRCA,4.644595,3.7691001892089844
1915,1298157,BRCA,3.36155,2.507662296295166
1372,924106,BRCA,2.429133,3.3874876499176025
1560,949093,BRCA,3.74657,5.956045627593994
1013,906812,BRCA,2.412069,2.4168193340301514
1006,749710,BRCA,3.841265,2.383087635040283
1089,1298157,BRCA,3.877089,4.844452381134033
1621,906844,BRCA,3.958478,2.633551597595215
1594,749711,BRCA,3.065625,2.9047977924346924
1621,946359,BRCA,6.28877,5.717078685760498
1073,910948,BRCA,6.680041,5.442608833312988
1927,924106,BRCA,3.915456,4.532250881195068
1598,909907,BRCA,3.643226,4.95488977432251
1131,906801,BRCA,3.948406,5.623558521270752
1059,909256,BRCA,-2.866176,-2.623051643371582
2107,1290905,BRCA,7.328274,6.82843017578125
2048,1290922,BRCA,-1.705823,-1.1323230266571045
1507,749711,BRCA,3.213919,4.399779796600342
1237,925338,BRCA,5.624549,5.2985148429870605
1862,905960,BRCA,-1.747138,-1.9470634460449219
1626,1240172,BRCA,4.534122,3.9126694202423096
1635,910927,BRCA,5.279961,5.146050930023193
1564,749710,BRCA,2.432928,2.4140830039978027
1924,906812,BRCA,2.036516,1.385966181755066
1047,906812,BRCA,5.222275,5.010868549346924
1004,924106,BRCA,-5.559847,-4.5959086418151855
1630,910927,BRCA,3.945207,2.77266526222229
2043,906801,BRCA,4.587674,4.509026050567627
1022,949093,BRCA,2.273661,5.277098655700684
1079,749712,BRCA,0.91007,-0.20121769607067108
1199,749712,BRCA,2.214766,3.984135150909424
1180,905945,BRCA,-1.285986,-2.81013560295105
1564,910927,BRCA,2.782229,2.658080577850342
1625,908151,BRCA,4.488821,4.360558986663818
2107,907048,BRCA,4.779842,4.902622222900391
1625,1240172,BRCA,5.933891,5.530592918395996
1375,906826,BRCA,9.644137,7.215189456939697
1131,906844,BRCA,5.33888,2.7643320560455322
1510,906812,BRCA,2.109371,3.2249538898468018
1631,749709,BRCA,4.981678,4.66802978515625
1629,749715,BRCA,4.757922,4.600755214691162
1594,908151,BRCA,-0.457172,3.507964611053467
1613,909907,BRCA,6.156256,5.033660888671875
1924,908121,BRCA,1.701174,0.2052168995141983
1507,905945,BRCA,5.206654,4.861061096191406
1618,905945,BRCA,3.698402,3.6919236183166504
1917,749709,BRCA,2.596935,2.888488531112671
1059,1303900,BRCA,-0.027968,1.9948238134384155
1625,925338,BRCA,5.268304,5.056665897369385
1088,1290922,BRCA,3.993548,3.8728408813476562
2040,749709,BRCA,1.840634,2.592780113220215
1034,749717,BRCA,-3.01584,-2.3475124835968018
1086,749715,BRCA,2.760033,0.31898176670074463
1939,749714,BRCA,2.612399,2.66725492477417
1908,905957,BRCA,3.476866,3.4525527954101562
1919,906812,BRCA,0.759885,1.5810377597808838
1073,749710,BRCA,5.747062,4.75910758972168
1022,946382,BRCA,2.480218,1.6722650527954102
1051,749713,BRCA,4.283587,1.9774962663650513
1093,925338,BRCA,4.040979,4.145467758178711
1635,905951,BRCA,5.51242,5.344058990478516
1632,909256,BRCA,3.455612,3.2199535369873047
1598,906862,BRCA,3.026766,3.1913490295410156
1618,908151,BRCA,3.012273,3.655421257019043
1032,905960,BRCA,1.678167,2.055046558380127
1615,910948,BRCA,7.418883,5.664317607879639
1578,909256,BRCA,5.074649,4.391368865966797
1200,906812,BRCA,3.375089,2.5534677505493164
1003,1303900,BRCA,-1.085408,-0.8360439538955688
1936,749711,BRCA,0.92577,2.6851415634155273
1003,910948,BRCA,2.776031,-0.11248348653316498
1511,905951,BRCA,-0.777686,-0.10606054961681366
1073,946382,BRCA,4.737846,5.221222400665283
1996,749712,BRCA,4.22136,3.6558332443237305
1237,749709,BRCA,5.151336,5.008444309234619
1799,909907,BRCA,2.752501,2.940415382385254
1549,908122,BRCA,2.481582,1.8974043130874634
2045,906826,BRCA,7.513549,7.112129211425781
1168,906812,BRCA,1.938571,2.6861014366149902
1058,946382,BRCA,0.446671,0.014115378260612488
1050,909778,BRCA,3.971916,1.9649943113327026
1626,905951,BRCA,2.680217,2.956916332244873
1622,906862,BRCA,3.587705,2.870626926422119
1059,906801,BRCA,-0.278838,-0.5872013568878174
1786,906801,BRCA,3.158767,3.233804225921631
1862,1330941,BRCA,0.425902,-0.3784714937210083
2107,908122,BRCA,5.241426,5.150649070739746
1012,1330941,BRCA,1.923712,1.3924446105957031
1553,910948,BRCA,0.48784,0.6515305042266846
1373,749710,BRCA,5.788494,4.700924873352051
2048,924240,BRCA,-2.982611,-2.9146807193756104
1614,749711,BRCA,5.341254,4.731321811676025
1862,925338,BRCA,-1.276915,-1.3454210758209229
1239,749714,BRCA,5.643058,4.468635559082031
1083,949093,BRCA,5.70508,5.266323566436768
2043,910927,BRCA,4.610818,4.9901838302612305
1248,946382,BRCA,-3.425445,-3.022310733795166
1553,749709,BRCA,2.29347,1.0161621570587158
1373,905951,BRCA,5.499138,5.706564426422119
1250,905946,BRCA,5.497601,2.4548304080963135
1096,910948,BRCA,1.557344,5.090329170227051
1996,1290905,BRCA,7.339606,5.647364139556885
1941,749711,BRCA,-2.641047,-5.3143768310546875
1059,1298157,BRCA,-0.406781,0.5229634046554565
1855,909907,BRCA,7.329198,6.1161675453186035
1180,946382,BRCA,-1.840057,-3.6077113151550293
1007,749714,BRCA,-2.902607,-2.377323865890503
1936,910704,BRCA,2.704437,2.4500327110290527
1047,906862,BRCA,4.553548,3.521672487258911
1073,906812,BRCA,5.587042,5.744626998901367
1058,909778,BRCA,-0.611968,-0.09237481653690338
1626,749714,BRCA,4.237603,2.680026054382324
1625,749711,BRCA,5.326391,4.601628303527832
1012,749716,BRCA,1.783942,1.4069422483444214
1053,910910,BRCA,1.689717,2.2561609745025635
1059,906862,BRCA,-1.091506,-1.7142034769058228
1058,749709,BRCA,0.785105,0.48040199279785156
1086,1298157,BRCA,-3.631544,0.21275275945663452
1615,1303900,BRCA,4.699903,4.969513416290283
1786,906812,BRCA,0.997373,2.9062469005584717
1010,908151,BRCA,2.792826,2.8713486194610596
1927,924240,BRCA,4.307667,4.020635604858398
1926,924106,BRCA,-0.74844,-0.5926523208618164
1933,910852,BRCA,5.102445,3.574429750442505
1908,749710,BRCA,1.501654,2.5018763542175293
1564,910852,BRCA,1.802664,3.0956852436065674
1912,906862,BRCA,-1.978411,-1.6698001623153687
1079,906826,BRCA,0.874833,0.2213306576013565
1932,906862,BRCA,1.739129,3.317577838897705
1058,949093,BRCA,3.912258,3.8014516830444336
1179,925338,BRCA,1.045456,0.15972231328487396
2045,909907,BRCA,6.496613,5.731210708618164
2047,749710,BRCA,3.18289,2.5018763542175293
1613,749711,BRCA,4.065627,3.9325473308563232
1936,925338,BRCA,3.359357,2.7474348545074463
1620,905951,BRCA,6.131844,5.344048023223877
2040,908121,BRCA,1.386493,1.97146737575531
1013,905957,BRCA,1.12184,2.721143960952759
1511,906851,BRCA,-0.070722,0.0696110874414444
1199,906801,BRCA,4.116528,4.123918533325195
2048,749711,BRCA,-5.634141,-2.0539612770080566
1080,909907,BRCA,0.508504,1.5623364448547363
1626,906844,BRCA,2.146804,0.9583842158317566
1926,908123,BRCA,0.422017,0.1782328337430954
2111,905951,BRCA,4.598306,4.412962913513184
1237,907048,BRCA,4.318523,4.6413960456848145
1079,1240172,BRCA,4.388026,0.8518204092979431
1192,949093,BRCA,4.572195,5.89401388168335
1179,908123,BRCA,1.328256,0.2569419741630554
1560,905951,BRCA,4.095551,3.3363494873046875
1576,946359,BRCA,3.139449,3.563937187194824
1511,1290922,BRCA,-0.913339,-0.29838913679122925
1926,906844,BRCA,0.560125,0.4981868267059326
1558,907048,BRCA,2.73863,2.728482246398926
1553,910852,BRCA,4.564861,3.6262879371643066
1005,910948,BRCA,6.876465,5.605659484863281
1131,906826,BRCA,4.415085,7.411679267883301
1799,907046,BRCA,2.747192,2.8621602058410645
1620,910852,BRCA,3.958168,5.260747909545898
1058,749710,BRCA,0.915536,1.3374927043914795
1057,906826,BRCA,-3.026167,-0.6920605301856995
1096,906801,BRCA,3.054177,3.6772046089172363
1940,907045,BRCA,4.108726,4.701849937438965
1852,905945,BRCA,3.106229,5.724267482757568
1032,910852,BRCA,2.761687,2.689757823944092
1927,906826,BRCA,7.310751,7.023645877838135
1621,1290905,BRCA,5.573467,6.3277058601379395
1034,908122,BRCA,-2.056429,-3.1391942501068115
1786,910852,BRCA,4.268178,3.2477567195892334
1909,749716,BRCA,3.3219,2.249711513519287
1091,1290922,BRCA,1.048409,1.1698243618011475
1853,749717,BRCA,5.368398,5.107058525085449
1004,907048,BRCA,-2.35452,-2.198659896850586
1005,905957,BRCA,4.200458,3.100618839263916
1192,925338,BRCA,3.327796,3.2815518379211426
2111,910852,BRCA,5.284174,4.57108211517334
1620,908121,BRCA,4.900884,4.992729187011719
1052,909778,BRCA,3.334233,3.4606409072875977
1372,749713,BRCA,3.703033,2.336010456085205
1922,910852,BRCA,2.237157,2.3812036514282227
2169,749717,BRCA,4.258851,4.35973596572876
1916,909256,BRCA,-1.048845,-1.17117440700531
1006,1290905,BRCA,5.193723,4.69114875793457
1060,908123,BRCA,0.930316,0.4136039614677429
1624,749710,BRCA,5.440815,4.354121685028076
1549,946382,BRCA,3.970361,3.3554203510284424
1054,749709,BRCA,4.887773,4.302972316741943
2047,910948,BRCA,3.696659,3.657061815261841
2045,905945,BRCA,4.73666,5.482238292694092
1625,946359,BRCA,5.405221,5.476686000823975
1049,905945,BRCA,3.632196,4.253618240356445
1192,749709,BRCA,2.752556,2.336276054382324
2040,905960,BRCA,1.593969,1.0630379915237427
1560,924106,BRCA,1.017433,2.571021556854248
2048,910927,BRCA,-4.522387,-3.7854232788085938
1050,1290798,BRCA,3.721554,3.7871322631835938
1051,1290905,BRCA,4.429538,5.536375522613525
1549,909778,BRCA,0.162331,0.8402036428451538
1593,749714,BRCA,2.798588,3.7648706436157227
1553,908151,BRCA,2.460834,1.8146165609359741
1926,908151,BRCA,-1.329083,0.38193780183792114
1924,909907,BRCA,4.976353,3.483579635620117
1073,907046,BRCA,4.622059,5.123798370361328
1915,749714,BRCA,2.719827,2.611445426940918
1930,905946,BRCA,1.05481,1.039603352546692
1786,924106,BRCA,3.709676,3.079495429992676
1096,906844,BRCA,-0.003313,2.2468738555908203
1086,905960,BRCA,-1.191102,-1.1072050333023071
1046,749713,BRCA,0.321683,1.1498810052871704
1557,907045,BRCA,5.301937,4.148942470550537
1089,925338,BRCA,5.54103,4.605075836181641
1259,906851,BRCA,4.057363,4.796862602233887
1630,749711,BRCA,5.337967,4.123898506164551
1910,910948,BRCA,2.274209,3.3430442810058594
1088,910910,BRCA,2.87051,3.7658705711364746
1913,907045,BRCA,3.31358,4.199935436248779
1617,910948,BRCA,3.677751,0.719012439250946
2043,907045,BRCA,3.943039,4.565462589263916
1564,910948,BRCA,3.419362,4.772819995880127
1057,906851,BRCA,-1.05085,-1.2117010354995728
2107,924240,BRCA,4.774658,4.381836891174316
1085,1290905,BRCA,3.12488,2.7733380794525146
1558,749715,BRCA,0.778416,2.0855679512023926
1931,946382,BRCA,5.030292,4.5103068351745605
1096,907046,BRCA,2.09696,2.8884575366973877
1922,908121,BRCA,3.181034,2.2483913898468018
1786,906851,BRCA,2.012316,1.1322810649871826
1997,1240172,BRCA,4.090791,3.787743091583252
1932,908122,BRCA,3.970263,2.8933470249176025
1373,906826,BRCA,6.3011,6.825502872467041
1634,906851,BRCA,3.707124,3.860889434814453
1179,910852,BRCA,1.426274,1.802027940750122
1918,1290922,BRCA,1.368791,2.0171403884887695
1007,910852,BRCA,-4.264956,-4.161654472351074
1933,910927,BRCA,2.499568,3.8758304119110107
1553,749713,BRCA,1.630858,0.8654248714447021
1549,905957,BRCA,3.899561,4.404212474822998
1073,907045,BRCA,6.399234,5.745561122894287
1030,910948,BRCA,5.102906,5.213022232055664
1615,946359,BRCA,6.658911,6.030648708343506
2040,907048,BRCA,2.366832,2.1531147956848145
1634,1240172,BRCA,4.279135,5.010281085968018
1625,910704,BRCA,5.38197,4.439034461975098
1852,907048,BRCA,4.954303,5.200863838195801
2096,749709,BRCA,2.491053,3.130587339401245
1030,910704,BRCA,3.816371,3.7178807258605957
1625,749714,BRCA,5.808953,5.174650192260742
1249,905946,BRCA,5.168817,4.136650085449219
1507,749709,BRCA,4.740569,4.604437828063965
1372,909778,BRCA,-0.868618,1.0571740865707397
1096,905957,BRCA,2.388517,2.252725601196289
1512,910948,BRCA,6.639315,5.95065450668335
2111,1290905,BRCA,7.237569,6.376185894012451
2107,905951,BRCA,5.930169,5.581052780151367
1930,905945,BRCA,1.4361,0.6512867212295532
1578,749710,BRCA,5.163138,5.420262813568115
1032,906851,BRCA,1.865122,1.9129503965377808
1085,949093,BRCA,4.358306,4.583409786224365
1007,906801,BRCA,-4.190114,-3.6039655208587646
1249,905957,BRCA,3.294283,3.5088741779327393
1625,905960,BRCA,5.249771,4.515717506408691
1922,1290922,BRCA,1.684791,1.3072929382324219
1051,906862,BRCA,2.065272,3.160980701446533
1621,749710,BRCA,5.372001,5.254123687744141
1086,906801,BRCA,2.505063,0.626697838306427
1852,905957,BRCA,5.096069,4.429891109466553
1558,946382,BRCA,3.633911,2.4401838779449463
1563,749710,BRCA,6.300371,5.680318355560303
1051,909778,BRCA,5.632746,4.337685585021973
1004,908121,BRCA,-5.964192,-3.297321081161499
1613,905946,BRCA,5.337489,5.412958145141602
1618,908123,BRCA,2.418085,2.893683910369873
1199,909907,BRCA,4.738827,5.471444606781006
1593,907048,BRCA,0.333865,2.3749403953552246
1916,908121,BRCA,2.093665,0.44714996218681335
1510,946382,BRCA,4.396507,3.983304262161255
1925,910948,BRCA,5.930411,5.040915489196777
1036,1330941,BRCA,4.706709,4.75879430770874
1190,909907,BRCA,4.86883,7.002655029296875
1996,907048,BRCA,4.12898,3.7357139587402344
1085,749714,BRCA,3.86979,2.9179511070251465
1510,749711,BRCA,3.466814,4.821091175079346
1930,749712,BRCA,1.060489,1.6292312145233154
1007,946382,BRCA,-5.064987,-4.8663411140441895
1615,906844,BRCA,3.296582,3.874138832092285
1054,905945,BRCA,3.401869,4.051792621612549
1594,905946,BRCA,0.735587,3.5138981342315674
1085,946359,BRCA,1.682216,2.303717851638794
1372,925338,BRCA,2.067071,2.6671810150146484
1630,905960,BRCA,2.88804,3.504960298538208
1089,906851,BRCA,5.542379,4.6368536949157715
1559,925338,BRCA,-2.005913,-1.2101532220840454
1855,906844,BRCA,2.270739,2.6103856563568115
1237,909256,BRCA,4.151627,3.884039878845215
1630,907045,BRCA,4.450472,4.471132755279541
1177,1303900,BRCA,5.2175,4.67287540435791
1054,910927,BRCA,3.016134,2.7717607021331787
1563,908151,BRCA,4.733394,4.761708736419678
1594,749715,BRCA,0.695383,1.115579605102539
1559,1303900,BRCA,-1.270058,0.6354491710662842
1091,910910,BRCA,5.325781,3.661999225616455
1507,749717,BRCA,5.676367,5.523346900939941
2040,905957,BRCA,0.445806,-0.9967970848083496
1627,910704,BRCA,3.072808,3.0221714973449707
1268,907046,BRCA,3.305516,3.75032377243042
1578,1290798,BRCA,4.84635,5.2999958992004395
1918,906812,BRCA,1.991528,2.6636788845062256
2048,905946,BRCA,-2.338434,-3.120783805847168
1852,749714,BRCA,4.648791,5.62772798538208
2169,905951,BRCA,3.448554,3.4050700664520264
1006,1298157,BRCA,1.977999,3.0552823543548584
1038,924106,BRCA,2.157007,1.0758861303329468
1237,1303900,BRCA,5.530369,5.024425983428955
1912,925338,BRCA,3.094347,3.387331962585449
1553,1290798,BRCA,2.692164,2.065267562866211
1080,905957,BRCA,-5.858111,-3.7524352073669434
1372,906851,BRCA,2.861231,1.4005855321884155
1913,1298157,BRCA,5.075201,5.124695777893066
1007,749712,BRCA,-4.460405,-4.43563175201416
1057,946359,BRCA,0.410027,-0.1080460399389267
1941,905960,BRCA,-5.576514,-4.977610111236572
1052,1298157,BRCA,3.041711,3.6232402324676514
1559,749717,BRCA,-2.249847,-0.7784360647201538
1917,910927,BRCA,0.172217,1.348695158958435
1578,910852,BRCA,4.554003,5.280961513519287
1179,949093,BRCA,5.005426,3.397305727005005
1930,949093,BRCA,3.098072,2.986398220062256
2096,949093,BRCA,7.416325,6.255813121795654
1941,949093,BRCA,-6.624792,-0.34518641233444214
1915,924106,BRCA,2.763542,2.4121408462524414
1529,910852,BRCA,1.477673,2.9727835655212402
1013,906801,BRCA,2.43117,3.4091928005218506
1042,906844,BRCA,4.479585,3.007108688354492
1237,924106,BRCA,3.724853,4.936503887176514
2109,908122,BRCA,2.474976,2.8718390464782715
1924,1298157,BRCA,3.611288,3.9268712997436523
1373,909256,BRCA,2.57658,3.191220998764038
1931,1290922,BRCA,5.747173,5.377003192901611
2109,906844,BRCA,1.317109,1.9156628847122192
1068,1330941,BRCA,1.256709,2.0253586769104004
1909,908122,BRCA,3.325923,3.113638401031494
2110,905951,BRCA,5.14899,4.847096920013428
1053,905951,BRCA,2.02158,2.647155523300171
2048,905957,BRCA,-4.629119,-2.8831381797790527
1191,910852,BRCA,-5.657204,-5.218977928161621
1625,909907,BRCA,6.320127,5.820283889770508
1918,907048,BRCA,0.20884,2.573888063430786
1177,1330941,BRCA,5.453905,5.142794132232666
1003,907046,BRCA,0.104913,-0.9210243225097656
1084,924240,BRCA,-4.615687,-1.7905309200286865
1578,905957,BRCA,5.066608,5.520662784576416
1930,924106,BRCA,-0.808381,0.23813709616661072
1558,924240,BRCA,2.068063,2.5406880378723145
1248,949093,BRCA,2.116407,-0.3154914975166321
1054,749716,BRCA,1.976144,4.37661600112915
1927,907045,BRCA,4.899057,4.360379695892334
1908,906826,BRCA,3.284041,4.796408176422119
1191,908121,BRCA,-4.239762,-4.430211067199707
1005,1290922,BRCA,5.689933,3.85526704788208
1057,749709,BRCA,-0.577732,-0.4751213788986206
1011,946359,BRCA,2.849717,1.802839756011963
1093,749709,BRCA,4.20704,4.354509353637695
1940,908121,BRCA,4.278592,3.1905157566070557
2040,1290798,BRCA,2.675162,2.34000563621521
1613,905945,BRCA,3.504315,4.3079423904418945
1941,906801,BRCA,-3.985483,-2.439887762069702
1559,749715,BRCA,-3.580668,-3.1741504669189453
1003,1298157,BRCA,-0.897835,-2.47275447845459
1191,1330941,BRCA,-3.338782,-5.399263381958008
2107,749717,BRCA,6.076942,5.964836120605469
1131,1240172,BRCA,5.437379,6.603273868560791
1913,906851,BRCA,4.599327,4.45079231262207
1022,908121,BRCA,-0.47445,0.6367070078849792
1038,749709,BRCA,3.695321,2.9118833541870117
1553,946359,BRCA,1.949562,2.5785670280456543
1624,1290905,BRCA,4.597876,4.482418537139893
1012,749710,BRCA,1.665005,1.9955590963363647
1849,906851,BRCA,0.481536,-0.6707559823989868
1578,1240172,BRCA,5.172777,5.729087829589844
1191,749717,BRCA,-6.172317,-4.339393138885498
1375,906801,BRCA,6.269784,5.789422035217285
1190,749715,BRCA,4.307266,3.7838337421417236
1853,906812,BRCA,4.188774,4.435152530670166
1626,908123,BRCA,2.226177,2.915292501449585
1268,925338,BRCA,4.493771,4.542355060577393
1598,925338,BRCA,3.108148,3.5373613834381104
1613,905960,BRCA,0.873576,4.0286455154418945
1799,946382,BRCA,5.181966,3.399141550064087
1093,749710,BRCA,5.460884,4.182101726531982
1576,908123,BRCA,2.075458,2.1902949810028076
1022,909907,BRCA,6.307613,5.138579845428467
1862,749713,BRCA,-0.889507,-1.691428780555725
1011,905946,BRCA,1.464123,4.216421127319336
1559,906844,BRCA,-4.295916,-3.15561580657959
1050,1290922,BRCA,3.245906,2.466062307357788
1068,749709,BRCA,4.45293,2.2350592613220215
1910,749711,BRCA,2.633195,2.3422646522521973
1096,946382,BRCA,3.681331,3.61855411529541
1058,905946,BRCA,-0.512542,1.3676598072052002
1631,907046,BRCA,1.071013,2.0248281955718994
1908,1303900,BRCA,4.567054,2.669105291366577
1060,749709,BRCA,1.761033,0.5159170031547546
2172,749711,BRCA,2.245472,3.239169120788574
1052,909256,BRCA,0.844649,2.412747621536255
1083,925338,BRCA,3.872488,4.189411640167236
2045,908121,BRCA,5.081731,4.4919843673706055
1060,946359,BRCA,3.552785,3.4023332595825195
1928,905951,BRCA,3.667043,4.378708839416504
1786,907045,BRCA,0.969277,3.54941987991333
1177,906862,BRCA,4.035306,3.7844231128692627
2046,910910,BRCA,5.452645,4.518367767333984
1862,906826,BRCA,-1.809035,-1.9366865158081055
1093,907045,BRCA,3.427893,4.372581481933594
1091,908151,BRCA,3.207228,3.7172415256500244
1615,905960,BRCA,5.230726,4.937106132507324
1079,905945,BRCA,1.983121,2.4675328731536865
2046,749715,BRCA,4.478938,3.215209722518921
1373,910704,BRCA,4.54304,3.014164924621582
1910,749717,BRCA,0.770257,2.122257947921753
1634,749714,BRCA,3.675561,4.455138683319092
1057,924240,BRCA,-3.629983,-2.4358925819396973
1093,949093,BRCA,5.472655,6.491359710693359
1010,910852,BRCA,3.71924,3.704120635986328
2046,910852,BRCA,4.948208,3.6651663780212402
1849,749710,BRCA,1.243287,0.3826572597026825
1614,946359,BRCA,5.55168,5.81632661819458
1924,1290798,BRCA,2.877181,2.3482511043548584
1926,910704,BRCA,-0.15687,-0.08477179706096649
2043,749711,BRCA,4.510852,4.554228782653809
1855,905951,BRCA,4.946753,5.48477840423584
2043,749715,BRCA,4.529982,4.289572715759277
1017,925338,BRCA,4.499037,4.804685592651367
1372,924240,BRCA,1.028988,1.4775656461715698
1047,910948,BRCA,6.984656,4.511196613311768
1632,906826,BRCA,6.988548,5.774606227874756
1057,949093,BRCA,1.196801,1.0846084356307983
2110,749715,BRCA,4.850026,4.845539569854736
1373,910948,BRCA,5.006273,5.576472282409668
1129,924240,BRCA,3.731036,3.269477128982544
1036,910910,BRCA,4.263361,5.248478412628174
1239,906812,BRCA,2.32348,2.3976526260375977
1918,925338,BRCA,4.724839,3.9304795265197754
1179,749709,BRCA,1.771727,1.9053263664245605
1372,749710,BRCA,-0.419657,0.17115986347198486
1079,924106,BRCA,2.543819,3.93814754486084
1922,908151,BRCA,3.59575,2.2048659324645996
1854,908123,BRCA,2.952409,3.940284252166748
1006,906862,BRCA,1.381874,2.745210886001587
1594,749717,BRCA,3.692368,4.464423179626465
1054,906862,BRCA,3.047136,3.98400616645813
2169,910927,BRCA,5.497304,3.281553268432617
1624,910704,BRCA,5.371232,4.823829174041748
1529,910704,BRCA,2.45749,0.6557779312133789
1853,905945,BRCA,2.176438,3.583467483520508
1096,909256,BRCA,1.467025,3.293808937072754
1852,749711,BRCA,3.570015,5.149085521697998
1625,1298157,BRCA,5.353597,5.389974594116211
1373,1290905,BRCA,8.195362,5.593272686004639
1079,749710,BRCA,0.671456,-0.10591356456279755
1058,905957,BRCA,-0.28384,0.5272111296653748
1080,1290798,BRCA,-0.800833,-1.4324768781661987
1025,906812,BRCA,5.295734,5.340948581695557
1558,906844,BRCA,0.846912,1.455353021621704
1854,749711,BRCA,1.675061,4.4978156089782715
1003,749713,BRCA,-3.106684,-2.4094085693359375
1012,1290798,BRCA,1.689853,2.25256609916687
1180,910852,BRCA,-3.179327,-2.296400785446167
1624,905951,BRCA,1.962072,3.884225368499756
1060,906801,BRCA,-0.470223,0.4160202741622925
1925,909256,BRCA,3.679617,3.628964900970459
1190,910852,BRCA,1.550511,2.845984697341919
1021,909907,BRCA,4.821298,3.999901294708252
1010,949093,BRCA,6.296963,5.856744289398193
1561,905951,BRCA,2.611017,2.0689282417297363
1073,907048,BRCA,5.238826,5.091729640960693
2109,946359,BRCA,5.066541,4.222960472106934
1005,924106,BRCA,1.471124,2.0122716426849365
1084,909256,BRCA,-4.508145,-3.731503963470459
1912,749710,BRCA,3.088475,2.8867053985595703
1091,906826,BRCA,2.471729,2.3830487728118896
1927,1303900,BRCA,5.351501,4.56806755065918
1059,924106,BRCA,-2.031838,-1.0002918243408203
1017,907045,BRCA,4.743871,4.449604511260986
1373,908121,BRCA,5.55071,4.1530537605285645
1617,910852,BRCA,-1.970919,1.9716089963912964
2107,910704,BRCA,4.907507,4.700753211975098
1624,749709,BRCA,3.924331,5.0780534744262695
1373,907048,BRCA,5.490026,4.297298431396484
1559,910852,BRCA,-3.288078,-1.617668628692627
1372,910927,BRCA,0.240322,0.874484658241272
1627,910948,BRCA,4.693751,3.7381129264831543
1050,906801,BRCA,2.58155,2.209829330444336
1200,906844,BRCA,2.257963,1.3811744451522827
2040,749710,BRCA,1.30707,0.9859371185302734
1593,749710,BRCA,1.616458,2.8203775882720947
1052,910927,BRCA,2.346667,2.82742977142334
1239,906851,BRCA,1.457151,3.468524694442749
1049,908123,BRCA,4.949137,4.180246829986572
1924,949093,BRCA,6.179317,6.14382791519165
1931,925338,BRCA,5.411981,5.773519992828369
1237,905957,BRCA,4.445818,4.631994724273682
2048,905951,BRCA,-2.00822,-2.2348926067352295
1060,905957,BRCA,0.063895,0.05903537571430206
1096,1240172,BRCA,4.115571,4.002622604370117
1038,749717,BRCA,3.109241,4.033989429473877
1085,749712,BRCA,2.385908,2.847790479660034
1038,907045,BRCA,3.110945,3.5946555137634277
1131,905945,BRCA,3.39341,5.012085914611816
1190,1298157,BRCA,2.757754,0.44765061140060425
1627,910927,BRCA,3.094767,2.37851881980896
1085,749709,BRCA,2.374438,2.534036159515381
2043,749709,BRCA,4.7026,4.698124408721924
2107,910852,BRCA,5.573636,5.159552574157715
1578,907048,BRCA,5.248426,4.896362781524658
1047,907048,BRCA,5.409259,5.326548099517822
1010,749710,BRCA,2.874589,2.07381010055542
1054,908121,BRCA,2.679477,3.8920819759368896
2111,907045,BRCA,5.224529,4.857285022735596
1559,1330941,BRCA,-3.181965,-2.2563047409057617
1913,908121,BRCA,5.122615,4.188885688781738
1561,910910,BRCA,0.872107,1.1860357522964478
1576,906801,BRCA,1.518154,2.8833327293395996
1912,905960,BRCA,3.49255,3.095463514328003
1053,905945,BRCA,2.163639,2.3432111740112305
1086,1290798,BRCA,3.21432,1.5790823698043823
1625,906862,BRCA,3.487472,3.6328258514404297
1559,907045,BRCA,-2.31035,-0.7367554903030396
2107,906801,BRCA,4.978261,4.837267875671387
1085,905951,BRCA,2.81765,3.6040914058685303
1049,1290906,BRCA,5.114623,4.478142738342285
1634,1290922,BRCA,3.630475,4.26918888092041
1928,906851,BRCA,4.709952,4.854306221008301
1917,910910,BRCA,3.322349,3.0650906562805176
1996,906862,BRCA,2.547812,3.9921464920043945
1030,910927,BRCA,5.191993,4.375157833099365
1916,906812,BRCA,1.61321,1.3923479318618774
1916,908151,BRCA,2.39481,2.1953213214874268
1786,909907,BRCA,5.611505,3.9655187129974365
1191,749716,BRCA,-3.580972,-4.906023979187012
1917,907048,BRCA,1.093042,2.0793673992156982
2040,1290905,BRCA,2.241124,4.616605758666992
1054,905946,BRCA,3.768087,4.482783794403076
1085,906826,BRCA,3.34388,3.9825963973999023
1529,906862,BRCA,-0.977763,3.8516292572021484
1918,1240172,BRCA,3.330717,4.264969348907471
1085,1298157,BRCA,2.247334,3.5259804725646973
1259,907048,BRCA,3.312951,4.247837543487549
1259,1240172,BRCA,3.793542,4.730807304382324
1168,1298157,BRCA,3.021845,2.44735050201416
1058,749714,BRCA,1.422593,2.036393165588379
1013,749713,BRCA,3.51786,2.246304988861084
1563,905945,BRCA,5.660973,5.569751262664795
1510,906826,BRCA,6.648189,5.387758731842041
1557,906851,BRCA,0.855963,4.833917617797852
2106,910910,BRCA,4.585462,1.8359301090240479
1621,946382,BRCA,4.219352,4.1713056564331055
2172,905957,BRCA,-0.653065,2.4055464267730713
1511,749711,BRCA,2.601406,2.224949836730957
1373,749716,BRCA,3.354503,4.8973870277404785
1916,905960,BRCA,4.45356,3.4630722999572754
1911,1290922,BRCA,-6.741127,-4.436911106109619
1250,906812,BRCA,4.766407,1.764583945274353
1917,905960,BRCA,2.780347,2.5528414249420166
1005,905946,BRCA,4.583545,4.770679950714111
2048,749709,BRCA,-4.109168,-1.3812230825424194
1854,906801,BRCA,4.966799,4.27310848236084
1941,749709,BRCA,-3.920698,-2.312544345855713
1855,925338,BRCA,4.811686,4.833287715911865
1259,749717,BRCA,3.632806,3.8725905418395996
1085,907046,BRCA,2.354399,2.7587974071502686
1925,905957,BRCA,5.120532,4.805410385131836
1083,906851,BRCA,3.420676,2.9711265563964844
2172,908121,BRCA,0.682933,2.975855827331543
1052,946359,BRCA,5.474518,5.033995151519775
1912,910852,BRCA,2.855265,2.8692262172698975
1199,905946,BRCA,2.874194,4.294424533843994
1930,906844,BRCA,-1.225936,-1.5822741985321045
1996,905957,BRCA,3.993599,3.8126509189605713
1627,906812,BRCA,2.78031,2.5030925273895264
1598,1303900,BRCA,3.563039,4.000559329986572
1614,905946,BRCA,5.803128,5.772015571594238
1873,905945,BRCA,0.284541,0.8190438151359558
1598,906826,BRCA,7.210185,5.519942760467529
2111,905945,BRCA,5.1722,5.248836517333984
1626,907046,BRCA,0.875503,2.057375907897949
1558,1290922,BRCA,0.73339,1.7472952604293823
1088,1240172,BRCA,3.995491,4.020733833312988
1635,905957,BRCA,5.223712,4.420968055725098
1853,749711,BRCA,1.866175,3.4100310802459717
1916,949093,BRCA,6.172491,5.8071818351745605
1910,905951,BRCA,3.154388,3.742896556854248
1927,910704,BRCA,3.937666,4.736811637878418
1915,910910,BRCA,3.8851,3.129317283630371
1025,1330941,BRCA,6.252207,5.600059986114502
1915,905945,BRCA,2.090129,2.8245341777801514
1372,910910,BRCA,2.963364,2.02235746383667
1086,749709,BRCA,2.80255,0.9476730227470398
1248,910852,BRCA,-4.596658,-3.3033549785614014
1091,1240172,BRCA,4.114343,2.463449716567993
1614,925338,BRCA,4.249605,5.1191582679748535
1049,905957,BRCA,2.635561,3.365770101547241
1510,749710,BRCA,3.197062,4.171592712402344
1250,749710,BRCA,4.146559,2.7159881591796875
1799,1303900,BRCA,4.468189,5.512397766113281
1598,909778,BRCA,2.665019,3.000415086746216
1933,905957,BRCA,5.316044,5.000779628753662
2048,946359,BRCA,-1.084444,1.3320353031158447
1032,910910,BRCA,1.384646,2.097076654434204
2047,909256,BRCA,3.140232,2.56618595123291
1928,905957,BRCA,3.92463,4.1690850257873535
1375,749714,BRCA,8.105522,6.725167274475098
1529,749714,BRCA,3.017183,3.625330686569214
1940,906844,BRCA,2.595787,2.37213134765625
1259,910927,BRCA,-0.245385,0.9557479619979858
1007,910948,BRCA,-3.401556,-4.302279949188232
1557,924240,BRCA,4.714126,3.497807502746582
1034,907046,BRCA,-3.52174,-3.742436647415161
2040,924106,BRCA,0.062932,1.134784460067749
1248,907048,BRCA,-3.802795,-2.397113561630249
1372,1330941,BRCA,3.541753,2.1483614444732666
1011,905957,BRCA,-0.627924,2.433302164077759
1559,910704,BRCA,-1.822944,-3.2925784587860107
2172,946382,BRCA,2.77005,3.1446619033813477
1911,906844,BRCA,-7.305859,-5.9425578117370605
1085,906862,BRCA,1.378856,1.3017300367355347
1560,1290798,BRCA,2.249805,1.6676579713821411
1940,909256,BRCA,3.54272,3.4430959224700928
2040,910927,BRCA,1.186553,0.5436236262321472
1615,906851,BRCA,5.760927,4.967081546783447
1593,1303900,BRCA,0.50449,1.7251991033554077
1912,907048,BRCA,0.365633,1.1588867902755737
1625,906851,BRCA,4.967502,4.931776523590088
1268,749714,BRCA,5.950202,4.375417232513428
1621,906851,BRCA,3.913005,5.032531261444092
1052,906862,BRCA,1.69621,1.0851048231124878
1626,910704,BRCA,5.38197,4.476686954498291
1021,908123,BRCA,0.651698,2.908066749572754
1085,749716,BRCA,0.823544,2.5181703567504883
1557,925338,BRCA,5.010812,5.208456039428711
1618,1290905,BRCA,5.811837,5.438376426696777
1030,908122,BRCA,4.882258,4.5982346534729
2110,905960,BRCA,3.238574,4.5576019287109375
1004,925338,BRCA,-4.24999,-4.378441333770752
1622,1290922,BRCA,4.62606,4.36236047744751
2046,924240,BRCA,4.057882,2.6202468872070312
1927,907048,BRCA,4.017229,4.6515278816223145
1563,1330941,BRCA,5.139627,5.3776350021362305
1199,908121,BRCA,3.195997,3.4692916870117188
1004,909256,BRCA,-4.714955,-3.6667609214782715
1073,946359,BRCA,7.667027,6.512879371643066
1191,905945,BRCA,-5.243277,-4.933337211608887
1511,905945,BRCA,-0.841496,-0.22739262878894806
1089,1330941,BRCA,5.891757,5.04356575012207
1561,946382,BRCA,2.125975,-0.660248339176178
1624,1240172,BRCA,5.107584,4.52250862121582
1928,906862,BRCA,2.968875,2.3273186683654785
1622,946359,BRCA,4.464474,4.531097888946533
1199,905945,BRCA,2.843773,3.5406734943389893
1050,1290905,BRCA,5.810523,4.710150718688965
1621,906826,BRCA,7.08377,7.199102878570557
1511,910948,BRCA,2.274333,0.004021957516670227
1036,749710,BRCA,4.509351,4.417731761932373
2110,749712,BRCA,3.955558,4.889554977416992
1578,1290905,BRCA,6.451634,6.676032066345215
1578,1290922,BRCA,4.97144,5.05407190322876
1190,907046,BRCA,3.589971,5.106576442718506
1919,749717,BRCA,2.856725,2.594189405441284
1049,949093,BRCA,6.875866,5.932226181030273
2043,908151,BRCA,4.357265,3.6403648853302
1873,749710,BRCA,0.575135,1.1017621755599976
1083,906844,BRCA,1.043922,1.605352759361267
1936,906826,BRCA,2.813051,3.114729166030884
1239,909907,BRCA,6.484139,6.145473957061768
1060,749714,BRCA,1.724074,0.6951771378517151
1190,908123,BRCA,-1.711802,0.36058735847473145
1576,907046,BRCA,2.190254,2.4976792335510254
1032,910704,BRCA,-1.595518,-1.3827037811279297
1799,910704,BRCA,-0.557038,-0.6190966963768005
1013,906851,BRCA,3.060762,3.309981346130371
1635,908122,BRCA,4.865489,4.934185028076172
1911,910948,BRCA,-3.480706,-4.521886825561523
1096,908123,BRCA,1.168082,2.4843780994415283
1799,907048,BRCA,4.936189,3.369385004043579
1919,925338,BRCA,2.950788,1.9912877082824707
1129,905945,BRCA,4.16321,3.976714611053467
1913,910948,BRCA,5.949597,5.435962677001953
1129,910704,BRCA,4.739509,3.141942024230957
1372,905945,BRCA,2.341676,1.9764858484268188
1372,910852,BRCA,-0.557471,1.1188743114471436
1997,909256,BRCA,1.692437,2.8944058418273926
2109,946382,BRCA,3.054421,2.3457651138305664
1630,946382,BRCA,3.526628,4.431605815887451
1558,910704,BRCA,-0.8194,0.16615821421146393
1626,910927,BRCA,3.740107,2.4242300987243652
1593,910948,BRCA,5.076163,4.040568828582764
1249,924240,BRCA,4.935507,3.9506704807281494
1089,906801,BRCA,5.248075,4.724649429321289
1549,906862,BRCA,3.173727,2.6915230751037598
1940,909907,BRCA,6.828554,5.256961822509766
1032,925338,BRCA,3.791044,2.431673526763916
1191,924106,BRCA,-3.177077,-5.621500015258789
1017,908123,BRCA,3.125469,3.838688850402832
1561,749715,BRCA,0.027952,-0.5392605066299438
1083,924106,BRCA,1.777121,2.2662928104400635
1010,1298157,BRCA,3.927934,2.690601348876953
2107,906851,BRCA,5.836574,5.2963032722473145
2040,946382,BRCA,1.949387,2.0822982788085938
1630,905945,BRCA,3.746726,3.8279857635498047
1025,1240172,BRCA,6.116939,6.448643207550049
1237,906844,BRCA,3.935777,3.956238269805908
1940,749714,BRCA,3.09485,3.6918718814849854
1058,910852,BRCA,1.17214,1.1397809982299805
1913,905945,BRCA,4.323528,4.332743167877197
1096,949093,BRCA,6.857446,5.760011196136475
1012,924106,BRCA,0.294378,0.15007871389389038
1632,908151,BRCA,2.861346,3.5218918323516846
1855,906826,BRCA,5.372197,6.738943099975586
1021,906862,BRCA,1.565715,1.9131338596343994
2107,906862,BRCA,4.325951,4.152505874633789
2047,749711,BRCA,3.734766,3.5524723529815674
1084,749715,BRCA,-2.536617,-2.152252197265625
1025,905945,BRCA,5.626134,5.5315752029418945
1626,749711,BRCA,2.446118,3.4162065982818604
2046,907045,BRCA,2.961976,4.304376602172852
1089,909907,BRCA,7.136197,6.476894855499268
1021,910948,BRCA,1.135354,3.4169504642486572
1091,924106,BRCA,4.766254,1.075523853302002
1086,949093,BRCA,2.904397,1.8333377838134766
1909,749710,BRCA,3.960334,2.3009469509124756
1088,749717,BRCA,3.362269,2.8419814109802246
2048,910910,BRCA,-1.736598,-2.434640884399414
1557,906826,BRCA,6.861841,6.764199256896973
1908,909907,BRCA,6.955146,5.257404327392578
1915,909256,BRCA,1.35955,2.1263999938964844
1004,946359,BRCA,-2.140396,0.7675937414169312
1084,905960,BRCA,-3.39179,-2.335343599319458
1190,906826,BRCA,1.782823,-0.6988903880119324
1007,905960,BRCA,-4.457622,-4.935114860534668
1510,1290798,BRCA,4.99145,4.693281173706055
1375,749717,BRCA,8.01232,6.455800533294678
1624,907048,BRCA,4.968142,3.948603391647339
1930,1290798,BRCA,2.460691,1.4623359441757202
1249,1240172,BRCA,3.707592,4.9207000732421875
1057,924106,BRCA,-2.863873,-3.5043535232543945
1930,910910,BRCA,2.068417,1.4631786346435547
1507,906844,BRCA,3.140983,3.5771284103393555
1549,949093,BRCA,5.386595,5.299136638641357
1916,910910,BRCA,2.976326,2.561579942703247
1917,925338,BRCA,0.150703,2.599510908126831
1919,910910,BRCA,-0.078132,1.7488394975662231
1630,906826,BRCA,5.460342,5.729341506958008
2044,905946,BRCA,4.687606,4.012451171875
1017,749717,BRCA,6.37254,5.160926342010498
1010,905945,BRCA,3.960961,3.609069585800171
1557,905946,BRCA,5.95679,5.700837135314941
1047,749715,BRCA,5.296254,4.992982864379883
1089,905946,BRCA,5.380027,4.772601127624512
1079,905960,BRCA,0.097407,0.7882401943206787
1618,1298157,BRCA,4.166386,4.172680854797363
1634,905957,BRCA,3.798534,5.016976356506348
1050,908122,BRCA,2.506968,3.043097972869873
1042,908122,BRCA,4.226855,2.3793113231658936
1634,906801,BRCA,3.741316,3.385202407836914
1025,906844,BRCA,4.045344,4.4833855628967285
1919,908151,BRCA,2.194324,1.7097042798995972
1375,909256,BRCA,5.478579,6.111663818359375
1129,907045,BRCA,4.619796,2.5232720375061035
1007,946359,BRCA,-2.921773,-2.1431477069854736
1168,924106,BRCA,2.550313,3.40124249458313
1086,906844,BRCA,-3.111002,-2.3466055393218994
2096,906812,BRCA,2.520431,3.00642728805542
1012,906851,BRCA,0.600801,1.671856164932251
1091,905960,BRCA,2.830194,2.4719767570495605
1564,905960,BRCA,0.965824,2.0809757709503174
1057,909907,BRCA,1.307923,0.5806146264076233
1373,1240172,BRCA,5.117141,5.733312129974365
1192,909256,BRCA,1.279581,2.263871192932129
1849,749714,BRCA,2.40613,0.3281514346599579
1059,749717,BRCA,0.833599,0.22859792411327362
1613,749715,BRCA,2.356693,3.376706123352051
1918,909256,BRCA,3.472978,-1.8514397144317627
1036,949093,BRCA,7.583826,6.883934020996094
1192,910948,BRCA,4.717588,3.920013427734375
1909,909907,BRCA,5.23186,4.217477321624756
1620,905945,BRCA,5.599033,5.237066268920898
1909,909256,BRCA,1.364959,1.6015510559082031
1549,1298157,BRCA,2.345897,2.6959125995635986
1561,905960,BRCA,2.966106,2.854724407196045
1634,906812,BRCA,3.576258,3.7436063289642334
1059,949093,BRCA,1.120505,3.3343346118927
1618,907289,COREAD,3.511436,4.037777900695801
1237,910554,COREAD,5.472377,5.113609790802002
1058,1240173,COREAD,1.039626,0.8879645466804504
1259,910689,COREAD,6.927009,7.803965091705322
1006,998189,COREAD,0.854659,1.741847038269043
1615,910689,COREAD,7.699222,7.773036003112793
1936,905961,COREAD,2.72605,3.6891820430755615
1922,905962,COREAD,3.630315,3.008169412612915
1997,909718,COREAD,1.946245,1.9081335067749023
1853,1660036,COREAD,2.353037,3.625995397567749
1613,910905,COREAD,2.601207,3.0012080669403076
1512,907792,COREAD,7.060253,6.825997829437256
1915,909751,COREAD,-1.059856,0.8216875195503235
1618,910700,COREAD,4.149488,4.419440269470215
1529,908458,COREAD,0.860807,1.6719493865966797
1013,909698,COREAD,1.785854,3.973670244216919
2045,1659928,COREAD,4.669309,4.7197184562683105
1576,909751,COREAD,2.95364,2.7308647632598877
1911,909757,COREAD,-1.465978,-3.3773269653320312
1578,1660036,COREAD,4.893064,5.099002361297607
1529,909748,COREAD,2.899636,3.4518139362335205
1199,909746,COREAD,5.014604,4.741145133972168
1080,905989,COREAD,-4.277918,-3.8745875358581543
1997,910554,COREAD,3.65829,3.745021104812622
1912,1290769,COREAD,4.019863,3.375833749771118
1180,910569,COREAD,-3.341037,-3.3833627700805664
1635,907794,COREAD,5.75887,5.331182956695557
1925,908458,COREAD,5.891431,5.301544189453125
1849,907291,COREAD,-1.167067,-2.513880968093872
1250,909698,COREAD,1.511971,1.100542664527893
1239,1674021,COREAD,1.911292,1.990922212600708
1915,1240173,COREAD,2.593697,3.1415152549743652
1237,1290769,COREAD,6.493903,6.483840465545654
1917,917486,COREAD,2.487842,1.6677250862121582
1054,909755,COREAD,5.211663,5.123952388763428
1629,1660034,COREAD,3.543883,4.575888633728027
1511,1240123,COREAD,0.242624,-0.6872588992118835
1010,1290769,COREAD,5.393628,5.1563239097595215
1919,905961,COREAD,2.440259,2.6102826595306396
1908,1240173,COREAD,0.083975,1.3532072305679321
1996,917486,COREAD,3.872365,4.839988708496094
1007,910905,COREAD,-1.321092,-3.988654613494873
1373,1660036,COREAD,4.942435,5.227772235870361
2107,1674021,COREAD,5.903746,5.014915943145752
1614,1660034,COREAD,5.029344,3.732497453689575
1073,908457,COREAD,5.366362,5.227775573730469
1084,910569,COREAD,-1.433511,-2.6487088203430176
2045,924108,COREAD,5.105616,4.648138523101807
1786,907792,COREAD,6.726239,5.445188522338867
1626,907795,COREAD,1.981048,2.272730827331543
1930,907790,COREAD,0.51384,0.7768055200576782
1168,924108,COREAD,2.053871,2.2829947471618652
1022,907794,COREAD,-1.105931,0.4874308109283447
1625,1240123,COREAD,3.218396,4.569334030151367
1799,1240173,COREAD,5.386342,5.575616359710693
1194,905936,COREAD,2.449411,1.8018693923950195
1017,905961,COREAD,3.603916,5.701234340667725
1918,1674021,COREAD,3.027721,3.0104570388793945
1012,905961,COREAD,0.63773,1.2779953479766846
1083,905937,COREAD,1.817349,2.3265697956085205
2047,910554,COREAD,2.688163,2.473292350769043
1058,910569,COREAD,-0.103633,1.1384210586547852
1911,905961,COREAD,-6.139517,-5.313467025756836
1594,907792,COREAD,6.612464,6.879616737365723
1088,1659823,COREAD,5.207791,3.5353128910064697
1088,905989,COREAD,3.385565,1.8533387184143066
1912,1240173,COREAD,1.197378,2.1895720958709717
1060,910689,COREAD,0.185063,0.5721504092216492
1909,1240123,COREAD,1.362624,2.0082924365997314
1549,907291,COREAD,2.607261,2.324345350265503
1011,905939,COREAD,3.476255,0.07074390351772308
1059,907794,COREAD,-1.334362,-0.5108555555343628
1373,1240123,COREAD,5.56307,4.302905082702637
1249,1290771,COREAD,3.13163,3.4532649517059326
1510,1660036,COREAD,4.442269,3.8765358924865723
1168,1660034,COREAD,2.007847,2.067772150039673
1373,910905,COREAD,4.18346,4.766648292541504
1057,907291,COREAD,-1.129319,-2.6270782947540283
1558,909755,COREAD,4.239155,4.692684173583984
1036,908457,COREAD,6.717246,4.737720489501953
2040,907287,COREAD,0.678663,1.6319293975830078
1510,905961,COREAD,0.689615,3.2400193214416504
1025,909755,COREAD,5.270392,6.204434871673584
1511,909751,COREAD,-1.635898,-0.7455564141273499
1786,910569,COREAD,2.104537,0.8346202373504639
1003,1660035,COREAD,1.967806,1.2205839157104492
1626,905939,COREAD,0.192846,1.9154115915298462
1549,1240173,COREAD,5.097348,4.967025279998779
1179,905971,COREAD,-0.214966,-0.4103098511695862
1046,909263,COREAD,3.936006,3.4236669540405273
1564,1240124,COREAD,0.498963,-0.5640792846679688
1079,1674021,COREAD,1.469302,1.4002246856689453
1057,909755,COREAD,-0.40522,0.0289725661277771
1057,1659928,COREAD,-1.134584,-2.655359983444214
1194,907289,COREAD,3.541046,2.4374606609344482
1373,905936,COREAD,2.2643,3.128985643386841
1022,907287,COREAD,0.639448,0.7087638974189758
1510,909748,COREAD,2.95176,3.8203983306884766
1594,905936,COREAD,3.636206,4.389988899230957
1853,1659823,COREAD,3.843762,3.968823194503784
1004,1240123,COREAD,-4.046563,-3.284909248352051
1561,907291,COREAD,-0.165438,1.1408761739730835
1013,910905,COREAD,3.691919,4.091015338897705
1614,998189,COREAD,4.435366,4.541080951690674
1017,905989,COREAD,4.462806,4.808557510375977
1005,1659928,COREAD,1.233198,3.1825168132781982
1912,909747,COREAD,4.187116,4.264964580535889
1635,905939,COREAD,6.09672,5.658566951751709
1624,907790,COREAD,2.715995,2.6491761207580566
1922,1240124,COREAD,2.65311,3.1234347820281982
1917,907794,COREAD,0.440502,1.6420505046844482
1073,909718,COREAD,2.589523,1.7593189477920532
1635,907291,COREAD,4.596139,5.172345161437988
1925,917486,COREAD,5.413974,5.530747890472412
1557,905961,COREAD,5.310588,5.255373477935791
1852,910700,COREAD,6.936229,6.533062934875488
1051,909263,COREAD,5.26079,2.524317979812622
1259,905939,COREAD,5.039215,3.857991933822632
1047,924108,COREAD,5.793391,5.178255081176758
1529,910700,COREAD,2.700938,5.327035427093506
1624,907792,COREAD,4.975242,3.721571922302246
1372,1240123,COREAD,-1.009697,-0.9504464864730835
1268,910554,COREAD,4.277723,4.6349639892578125
1373,908457,COREAD,6.908944,4.779417037963867
1908,910700,COREAD,2.46649,3.5258560180664062
1853,1290769,COREAD,5.516027,5.673259735107422
1237,908457,COREAD,6.532896,6.0083746910095215
1006,909746,COREAD,4.491727,4.674405574798584
2048,907287,COREAD,-4.368906,-3.3816394805908203
1853,905937,COREAD,4.74546,4.201436996459961
1563,910554,COREAD,5.032504,5.3806047439575195
2106,907794,COREAD,-0.253494,1.897277593612671
1268,1240173,COREAD,4.521404,5.037397384643555
1034,1674021,COREAD,-2.910912,-3.2236599922180176
1799,909718,COREAD,3.854781,4.739966869354248
1177,905989,COREAD,5.225666,4.438689231872559
1593,907287,COREAD,1.440903,2.018634080886841
1910,905939,COREAD,2.593014,1.438047170639038
1093,909755,COREAD,4.906227,4.905402660369873
1928,909748,COREAD,5.273118,5.099769115447998
1563,905971,COREAD,4.669775,5.414360046386719
1862,907795,COREAD,-1.415295,-1.4255331754684448
1854,905936,COREAD,4.397593,4.249477386474609
1557,1660036,COREAD,4.052978,4.850377082824707
1594,1674021,COREAD,3.31245,5.075798034667969
1036,924108,COREAD,4.192569,4.325075626373291
1614,910554,COREAD,5.393958,4.615696430206299
1512,909263,COREAD,6.727704,6.195684909820557
1025,905937,COREAD,4.528575,4.717276096343994
1131,905936,COREAD,3.005123,3.305298328399658
1916,905937,COREAD,2.181741,1.9447360038757324
1996,1290769,COREAD,5.287014,5.33228063583374
1799,909747,COREAD,7.547321,6.626425266265869
1561,998189,COREAD,0.952395,1.1956543922424316
1928,905971,COREAD,3.458354,3.9719133377075195
1047,909718,COREAD,1.320309,0.9308320879936218
1855,1659928,COREAD,4.413045,3.2865686416625977
1083,909740,COREAD,3.526413,4.070115089416504
2047,905939,COREAD,0.215332,0.04414066672325134
1032,910554,COREAD,-0.238455,1.2513854503631592
1615,1290769,COREAD,5.280243,6.390861511230469
1913,909746,COREAD,4.945016,5.525403022766113
1084,909263,COREAD,-0.853347,-1.206709623336792
1922,917486,COREAD,1.701558,2.932295560836792
1375,907794,COREAD,5.806355,6.87294864654541
1510,908458,COREAD,1.41006,1.901017189025879
1625,909263,COREAD,5.482591,5.660481929779053
1083,998189,COREAD,2.440594,1.2148311138153076
1006,1674021,COREAD,1.298974,1.1711721420288086
1939,907287,COREAD,4.369885,4.8000969886779785
1563,1240123,COREAD,5.616963,5.126558780670166
1911,909746,COREAD,-1.527545,-2.808128595352173
1618,1674021,COREAD,4.231091,3.560884714126587
1057,1290769,COREAD,0.519334,0.0127391517162323
1909,907794,COREAD,2.878123,2.510037422180176
1854,910700,COREAD,6.65202,5.516292095184326
2111,905937,COREAD,2.640005,2.841543436050415
1553,910569,COREAD,4.759438,2.158275604248047
1854,905989,COREAD,4.703624,4.80330753326416
1931,910905,COREAD,6.089147,6.314398288726807
1913,1674021,COREAD,5.279006,4.74575662612915
1032,910569,COREAD,1.715276,1.039465308189392
1079,909747,COREAD,3.269625,2.1867809295654297
1060,905937,COREAD,0.463606,-0.3230912685394287
1512,909757,COREAD,5.747388,5.6970601081848145
1059,909740,COREAD,3.493561,0.37728351354599
1614,909751,COREAD,5.866155,4.231018543243408
1931,905961,COREAD,5.072799,6.358546257019043
1010,909755,COREAD,3.775139,3.9843175411224365
1089,907790,COREAD,1.889973,2.4473941326141357
1051,909757,COREAD,-0.702711,1.648078203201294
1924,905961,COREAD,2.075539,2.8267879486083984
1855,1660034,COREAD,4.628123,4.468508243560791
1089,907792,COREAD,5.079674,4.6899261474609375
1046,907287,COREAD,3.187492,1.9866305589675903
1614,908457,COREAD,3.211369,3.9639830589294434
1022,909718,COREAD,-1.13246,0.25238126516342163
1933,908458,COREAD,3.449318,5.060637474060059
1563,907291,COREAD,4.894164,5.299136638641357
1854,909751,COREAD,3.570602,4.563870906829834
1852,905971,COREAD,4.537483,5.194677829742432
1549,909747,COREAD,4.507349,4.52794075012207
2096,917486,COREAD,0.97228,1.5123015642166138
1007,907790,COREAD,-5.159703,-5.738615989685059
1617,907790,COREAD,3.516277,2.592223882675171
1268,1659823,COREAD,4.474996,4.67556619644165
1932,910689,COREAD,3.780458,5.872110366821289
1093,910569,COREAD,4.20208,3.470482110977173
1576,1290769,COREAD,4.353022,4.057476043701172
1084,905971,COREAD,-2.250034,-3.8319993019104004
1011,909751,COREAD,-0.192302,0.34993764758110046
1873,905937,COREAD,0.347521,0.561001718044281
2047,907287,COREAD,0.84242,0.6464127898216248
1615,1659928,COREAD,4.96448,4.603872776031494
1237,909747,COREAD,7.280427,7.447257041931152
1924,909748,COREAD,4.234523,4.693585395812988
1034,1660036,COREAD,-1.814853,-2.7153284549713135
1928,907291,COREAD,4.296729,3.5541558265686035
1912,1659928,COREAD,2.279134,1.099443793296814
1006,907287,COREAD,2.900842,1.6998047828674316
1936,905971,COREAD,1.556777,2.884963035583496
1047,909755,COREAD,6.166847,6.419874668121338
1005,910689,COREAD,8.094005,8.659383773803711
1996,910905,COREAD,4.825705,5.484858989715576
1873,1240124,COREAD,1.23998,1.707114815711975
1908,909746,COREAD,2.262593,2.849609851837158
1561,909748,COREAD,3.00321,3.05124568939209
1629,909761,COREAD,5.280493,4.718998908996582
1621,910689,COREAD,8.02815,7.706563949584961
2111,907792,COREAD,6.674771,6.0938591957092285
1624,909740,COREAD,3.132192,4.139651298522949
1622,909718,COREAD,4.096691,5.221358776092529
1168,905989,COREAD,2.171695,3.085848569869995
1916,909740,COREAD,4.390794,4.0975565910339355
1634,907291,COREAD,3.685211,3.5933144092559814
1909,1674021,COREAD,2.286764,2.3850793838500977
1626,1674021,COREAD,2.425903,1.6151386499404907
1011,917486,COREAD,1.607397,0.21493211388587952
1558,909751,COREAD,-0.169167,2.213592290878296
1925,909740,COREAD,5.660146,5.722445964813232
1168,909748,COREAD,1.935363,2.9909117221832275
1598,905936,COREAD,3.31984,3.6985113620758057
1799,1660035,COREAD,6.379377,5.860694408416748
1873,905936,COREAD,0.502397,0.5507779717445374
1613,907289,COREAD,4.413961,3.5958402156829834
1068,910554,COREAD,1.754959,1.6524224281311035
1084,907795,COREAD,-1.348233,-2.9996073246002197
1941,909698,COREAD,-4.811973,-4.7993693351745605
1199,905936,COREAD,4.153835,3.373852252960205
1529,1240173,COREAD,-0.435241,-0.18940289318561554
1268,907289,COREAD,5.24152,4.714413166046143
1916,998189,COREAD,3.219286,2.7378220558166504
1032,1240123,COREAD,-2.571922,-0.5210269689559937
1003,910689,COREAD,4.132475,0.5351040363311768
1512,909748,COREAD,5.625147,5.4930315017700195
1058,905989,COREAD,1.531489,1.0400888919830322
1873,909746,COREAD,2.815162,2.1072354316711426
1563,905961,COREAD,5.552752,6.15074348449707
1997,907794,COREAD,5.147987,5.499948024749756
1180,1290769,COREAD,-0.104801,-0.6198837757110596
1598,909761,COREAD,3.353002,3.9390292167663574
1529,1659928,COREAD,-0.60807,0.49049127101898193
1615,909718,COREAD,5.260343,5.219499588012695
1010,907287,COREAD,2.226313,1.9981886148452759
1372,909698,COREAD,-2.412466,-1.8703994750976562
1191,907291,COREAD,-4.897605,-5.102665424346924
1917,907792,COREAD,4.967173,3.0170931816101074
1853,905961,COREAD,4.389137,4.162771224975586
2048,905962,COREAD,-3.067904,-3.800405502319336
1941,909761,COREAD,-1.779889,-2.117570638656616
1627,1290771,COREAD,3.585884,3.11580753326416
1507,1660034,COREAD,4.651489,4.7823333740234375
1615,998189,COREAD,5.86061,5.682823181152344
1089,917486,COREAD,2.859539,3.501276969909668
2096,905971,COREAD,-0.484738,-0.39533501863479614
1010,1660034,COREAD,3.912275,2.204359531402588
1003,909748,COREAD,-2.143157,-2.216099262237549
1911,909761,COREAD,-2.305995,-4.403482437133789
1239,910689,COREAD,8.357383,7.790978908538818
1032,1240173,COREAD,1.892428,2.355043411254883
1510,910689,COREAD,6.523635,5.583790302276611
1578,907792,COREAD,5.901842,6.239415168762207
1919,998189,COREAD,1.735224,1.770068645477295
1091,909747,COREAD,2.903796,2.745443344116211
1786,909747,COREAD,7.23959,6.383997440338135
1177,909747,COREAD,7.248113,7.1126508712768555
1924,908457,COREAD,1.823639,3.0939555168151855
1180,1240124,COREAD,-3.479281,-2.6820216178894043
1005,924108,COREAD,5.439774,3.3512048721313477
1941,907792,COREAD,-6.348287,-4.185144424438477
1560,907792,COREAD,4.028388,3.9912383556365967
1003,909746,COREAD,-0.260577,0.2955717444419861
1922,1290769,COREAD,2.860393,3.9892032146453857
1624,905961,COREAD,3.456221,2.149761199951172
1250,910700,COREAD,2.568523,3.6690640449523926
1910,909747,COREAD,0.791664,2.3795199394226074
1012,909718,COREAD,1.249649,1.1686010360717773
1919,1674021,COREAD,2.363727,1.7156891822814941
1625,1659823,COREAD,5.757528,5.30464506149292
1627,1290769,COREAD,4.294925,4.23310661315918
1627,909748,COREAD,2.878909,2.8544178009033203
1618,909761,COREAD,3.910745,4.321749687194824
1786,905961,COREAD,3.086121,3.639183521270752
1373,905989,COREAD,2.946561,3.036667823791504
1003,905962,COREAD,-3.092858,-3.029646635055542
1057,909748,COREAD,-1.239899,-0.0800333172082901
1059,909748,COREAD,0.374838,1.6536933183670044
1630,909718,COREAD,5.128355,5.4220147132873535
1011,908458,COREAD,-1.238756,1.074776291847229
1912,905961,COREAD,1.376069,1.5984408855438232
1936,909761,COREAD,3.162771,2.5180256366729736
1578,909761,COREAD,6.279888,5.292506694793701
2043,909761,COREAD,4.564807,5.353693962097168
1375,909761,COREAD,6.559468,6.447124004364014
1930,905939,COREAD,1.103293,0.16549304127693176
1059,998189,COREAD,-0.486963,0.4830154776573181
1862,1660036,COREAD,-0.784818,-1.5751031637191772
1080,905962,COREAD,-3.661734,-3.630221128463745
1068,910569,COREAD,0.072797,0.6101123690605164
1922,1660035,COREAD,4.310539,3.6302855014801025
1561,905937,COREAD,1.041854,0.5041003823280334
1049,909751,COREAD,4.705334,4.535909652709961
1910,909698,COREAD,4.52713,2.9386260509490967
1631,907794,COREAD,3.033328,2.3049514293670654
1080,908458,COREAD,-0.199539,-2.1921887397766113
1919,1659928,COREAD,-0.282183,0.6955624222755432
2106,1660034,COREAD,0.929262,1.9669551849365234
1093,905962,COREAD,5.031496,4.883706569671631
1036,910554,COREAD,5.017266,5.272645950317383
1927,1240123,COREAD,4.022036,4.39388370513916
1631,1659928,COREAD,2.578802,2.1778690814971924
1053,1659928,COREAD,2.093807,1.6521258354187012
1053,1290769,COREAD,4.992153,3.7207913398742676
1085,910905,COREAD,3.933793,2.344278573989868
1563,910689,COREAD,8.022046,8.051976203918457
1025,910905,COREAD,4.218797,5.404653549194336
1237,909761,COREAD,4.305983,5.43316125869751
1625,909746,COREAD,5.519364,5.9890875816345215
1180,909718,COREAD,1.89618,-3.2579147815704346
1372,910700,COREAD,0.48445,0.0035490989685058594
1089,905971,COREAD,2.65944,1.9626028537750244
1079,907792,COREAD,-1.257819,-0.30851179361343384
1853,1660035,COREAD,5.339552,4.339125156402588
1627,910569,COREAD,2.196513,2.163928270339966
1576,909698,COREAD,3.217824,2.349250078201294
1618,909755,COREAD,4.786402,4.378448009490967
1594,998189,COREAD,4.832108,5.503865718841553
1512,1659928,COREAD,4.788659,4.712932109832764
1049,909718,COREAD,4.166101,4.4904704093933105
1259,905961,COREAD,3.526682,4.81487512588501
1912,1660034,COREAD,2.252575,1.8259280920028687
1088,907795,COREAD,1.746199,2.4779927730560303
1618,909747,COREAD,4.650409,6.731278419494629
2044,909740,COREAD,5.534753,4.253864288330078
1855,909718,COREAD,4.577207,2.951902389526367
1927,910554,COREAD,5.055738,4.960893154144287
1932,910569,COREAD,-0.637062,2.2862939834594727
1012,907792,COREAD,1.744826,2.499526023864746
1615,909761,COREAD,4.941664,5.514692783355713
1373,908458,COREAD,4.054077,4.745711803436279
1624,998189,COREAD,5.075917,3.935849189758301
1073,910569,COREAD,3.698119,4.938077449798584
1010,907792,COREAD,3.879647,3.3557493686676025
1091,909761,COREAD,2.154148,3.105426788330078
1034,907790,COREAD,-4.967772,-3.926661968231201
1022,908457,COREAD,1.777896,0.5464580059051514
1626,907287,COREAD,0.879046,2.6756246089935303
1626,909718,COREAD,5.343037,2.94710111618042
1010,909751,COREAD,0.262197,1.0342814922332764
1853,998189,COREAD,4.711458,5.104757308959961
1017,1659823,COREAD,5.260362,5.059226036071777
1627,909698,COREAD,2.787634,2.2154414653778076
1088,907794,COREAD,3.769711,2.457246780395508
1511,908457,COREAD,-0.048428,-0.40814119577407837
1083,1290771,COREAD,1.211475,0.07330687344074249
1913,909751,COREAD,4.040712,4.558547019958496
1855,908457,COREAD,4.318681,5.316876411437988
1131,905937,COREAD,2.548699,4.070487022399902
2110,909755,COREAD,5.182179,5.229244709014893
1916,908457,COREAD,1.367738,2.7004024982452393
1939,910905,COREAD,5.266117,3.0974678993225098
1924,905939,COREAD,1.778609,2.307154655456543
1625,910569,COREAD,4.64659,4.48945951461792
1068,1659823,COREAD,2.903036,1.7515774965286255
1084,1240173,COREAD,-5.52091,-3.002612590789795
1626,924108,COREAD,3.17288,3.2714126110076904
2111,909755,COREAD,5.678278,5.59449577331543
1786,1240123,COREAD,3.399852,3.6462948322296143
2107,1290769,COREAD,5.567888,6.3122992515563965
1560,905939,COREAD,2.350621,3.614654541015625
1005,910700,COREAD,4.028824,6.272690296173096
1933,909751,COREAD,3.628708,5.004878997802734
1563,1240124,COREAD,5.572921,6.211043357849121
1854,909740,COREAD,6.101321,5.326897144317627
2046,907790,COREAD,3.055746,2.4785633087158203
1634,1674021,COREAD,5.272264,4.163970947265625
2096,909746,COREAD,2.123104,3.044851541519165
1576,1659928,COREAD,2.784846,2.3019707202911377
1849,907794,COREAD,-1.532862,-0.9864950180053711
1200,909746,COREAD,3.361174,3.9752919673919678
1928,1240124,COREAD,4.761723,4.99379301071167
1036,909757,COREAD,4.311319,4.991347312927246
1560,1660036,COREAD,4.347568,3.8856241703033447
1933,910700,COREAD,3.592033,5.8288798332214355
1931,910700,COREAD,6.694965,6.501169681549072
1862,908458,COREAD,-1.859028,-2.1906020641326904
1933,1240124,COREAD,4.429478,4.795807361602783
1561,909755,COREAD,3.477877,3.0647459030151367
1561,917486,COREAD,2.310934,2.567870855331421
1017,905971,COREAD,3.838692,4.574102878570557
1529,909698,COREAD,-1.957547,-1.366771936416626
1507,910905,COREAD,5.217872,4.905202865600586
1925,910905,COREAD,5.867811,5.6258978843688965
1936,910700,COREAD,3.154531,3.7944281101226807
1073,909748,COREAD,4.627982,4.267786502838135
1089,1659823,COREAD,5.24059,4.2320122718811035
1012,1240123,COREAD,0.510106,1.2048752307891846
1180,1290771,COREAD,-1.120329,-2.8697116374969482
1036,1240123,COREAD,4.767184,4.798691749572754
1615,905939,COREAD,6.373591,5.784006118774414
1613,908458,COREAD,5.215593,2.401334762573242
1239,905961,COREAD,0.646663,2.8814356327056885
1915,910700,COREAD,2.705293,2.5966813564300537
1561,909718,COREAD,0.095966,0.836946427822113
1373,907795,COREAD,4.236314,3.224642753601074
2047,910689,COREAD,3.029219,3.098236322402954
1017,1240124,COREAD,5.115566,4.836468696594238
1598,909747,COREAD,5.869203,6.368728160858154
1013,905962,COREAD,4.809712,4.132458686828613
1996,907794,COREAD,4.332153,3.5538101196289062
1915,907790,COREAD,1.290419,1.5794416666030884
1051,905937,COREAD,0.446464,1.6100236177444458
1624,909757,COREAD,3.607368,4.085486888885498
1622,910905,COREAD,4.878355,5.540381908416748
1634,905971,COREAD,4.466676,4.0090789794921875
1594,1659928,COREAD,4.817747,3.4836673736572266
1908,909751,COREAD,0.743156,0.18532097339630127
1594,1660034,COREAD,3.787241,4.874570369720459
1852,1290769,COREAD,6.597646,6.863819599151611
2048,909757,COREAD,-4.230877,-2.8581151962280273
1627,909746,COREAD,2.244132,3.95320463180542
1012,908458,COREAD,2.325215,1.3069367408752441
1084,1290769,COREAD,-2.477813,-0.5262050032615662
1627,907289,COREAD,2.456494,2.944002151489258
1047,907790,COREAD,0.954568,3.363356351852417
1005,908458,COREAD,4.283805,2.9952845573425293
1006,908457,COREAD,3.259434,3.56337308883667
1060,907792,COREAD,1.068094,-0.41033482551574707
1034,909698,COREAD,-2.874867,-3.0901851654052734
1910,909761,COREAD,-0.926619,3.4251108169555664
1786,1290771,COREAD,3.759613,3.635105848312378
1088,909757,COREAD,1.382478,3.6150643825531006
1199,910554,COREAD,4.130303,3.5878329277038574
1051,907794,COREAD,1.735235,1.320875883102417
1180,910689,COREAD,0.425547,1.7888288497924805
1940,909755,COREAD,4.222356,4.081685543060303
1598,910569,COREAD,3.74793,2.907893657684326
1060,908458,COREAD,-0.878589,-1.326798439025879
2043,908458,COREAD,5.344322,5.377077102661133
1598,907795,COREAD,4.308252,4.171585559844971
1618,907792,COREAD,4.738272,5.110696792602539
1910,910554,COREAD,3.303081,2.067884683609009
1046,998189,COREAD,2.757175,1.69737708568573
1194,1240173,COREAD,1.478459,2.2295422554016113
2047,909761,COREAD,1.6789,2.0167911052703857
1928,905961,COREAD,4.842924,4.263764381408691
1511,909747,COREAD,2.083497,1.9614297151565552
1013,910689,COREAD,7.698671,4.999606609344482
1372,909740,COREAD,0.164359,-0.40539979934692383
1058,924108,COREAD,0.228538,0.7671290636062622
1268,905937,COREAD,4.258245,4.310349941253662
1915,905936,COREAD,2.577562,2.6825551986694336
1594,909263,COREAD,5.501924,5.173907279968262
1560,909740,COREAD,4.927606,3.7671408653259277
1926,907790,COREAD,-0.304401,-0.5614274144172668
1927,910569,COREAD,4.359425,4.198550701141357
1068,1240124,COREAD,-0.487842,0.7360162734985352
1908,909761,COREAD,2.868462,2.0167911052703857
1618,907795,COREAD,3.452854,4.467472553253174
1930,905961,COREAD,1.261622,0.12253431975841522
2109,905939,COREAD,2.116363,1.5679088830947876
1191,909755,COREAD,-4.480364,-4.405139446258545
1862,909263,COREAD,-0.663937,-1.113922357559204
1854,909757,COREAD,3.529958,4.9814581871032715
1032,1290769,COREAD,3.387408,3.1400222778320312
1060,907287,COREAD,-2.108414,-1.6246761083602905
1613,1660035,COREAD,3.947227,4.975847244262695
1080,907790,COREAD,-2.094821,-3.862417221069336
1080,905961,COREAD,-4.203874,-3.6148152351379395
1873,1290769,COREAD,1.960415,2.4010496139526367
1237,907289,COREAD,5.192203,5.077177047729492
1786,1660035,COREAD,4.05149,3.933742046356201
1051,907291,COREAD,0.922675,-0.5487475395202637
1924,1660034,COREAD,2.877386,2.743358612060547
1939,998189,COREAD,4.355534,3.584480047225952
1177,909718,COREAD,3.371266,2.0716917514801025
1915,909757,COREAD,3.870621,3.0906033515930176
1576,909748,COREAD,3.136114,2.788757801055908
1931,1240173,COREAD,5.432882,5.485256195068359
1373,1660034,COREAD,4.513701,5.03016996383667
1017,910554,COREAD,5.219021,4.235981464385986
1068,905961,COREAD,0.265706,0.05364172160625458
1529,905937,COREAD,0.37096,0.880953311920166
1237,909757,COREAD,6.18334,5.782063007354736
1005,1660034,COREAD,3.072982,3.0044775009155273
1941,905939,COREAD,-3.6852,-5.599743843078613
1911,1674021,COREAD,-5.775221,-5.120952606201172
1553,907287,COREAD,2.20934,1.4434751272201538
1620,909746,COREAD,5.923003,6.166028022766113
1919,909718,COREAD,0.677033,0.6821663975715637
1007,907794,COREAD,-3.518699,-5.338411808013916
1047,910700,COREAD,6.172385,5.509544372558594
1852,910905,COREAD,5.408669,5.761859893798828
1250,905937,COREAD,0.346806,1.5445016622543335
1931,1240123,COREAD,4.745331,4.813788890838623
1931,909746,COREAD,6.541725,6.6767096519470215
2047,909740,COREAD,3.294696,2.682866334915161
1239,1290769,COREAD,2.468303,4.1800408363342285
1926,910689,COREAD,5.592184,4.05760383605957
1936,908458,COREAD,0.959264,2.635709524154663
1010,905971,COREAD,3.332305,2.5978760719299316
1199,909740,COREAD,4.579645,4.480950832366943
1941,908458,COREAD,0.115425,-1.3041667938232422
1248,909718,COREAD,-3.701627,-5.139420986175537
2109,909698,COREAD,1.987853,2.037071943283081
1940,905937,COREAD,3.255709,3.9658403396606445
1629,908457,COREAD,5.151388,5.348043441772461
1557,909755,COREAD,5.191837,5.581024646759033
2096,907291,COREAD,1.95561,0.969060480594635
1940,924108,COREAD,1.035219,3.6789233684539795
1625,1659928,COREAD,3.554561,4.237451553344727
1249,909718,COREAD,4.971724,3.7530276775360107
1088,909740,COREAD,5.007365,3.839694023132324
1194,907291,COREAD,3.098071,2.648421049118042
1059,909755,COREAD,3.326957,1.615174412727356
1629,910569,COREAD,3.302036,3.6083996295928955
1011,905989,COREAD,2.077276,1.4126585721969604
1932,907790,COREAD,2.732342,2.0470290184020996
1073,1290769,COREAD,7.560484,5.85903787612915
1630,907792,COREAD,5.817891,4.438207626342773
1561,907795,COREAD,0.693687,1.1359671354293823
1634,905962,COREAD,4.125736,4.549617767333984
1634,910700,COREAD,5.192668,4.842445373535156
2045,910700,COREAD,6.813383,6.003422260284424
1931,909263,COREAD,6.501328,6.461800575256348
1004,1240173,COREAD,-6.611332,-4.873232841491699
1003,998189,COREAD,-2.866705,-2.5948169231414795
1593,924108,COREAD,2.217114,2.875159502029419
1918,905936,COREAD,3.343332,3.1435632705688477
1631,909755,COREAD,5.58678,4.400223731994629
1004,910569,COREAD,-5.301333,-5.47769021987915
1507,910569,COREAD,3.660502,4.207881927490234
1549,909757,COREAD,5.564385,4.214476108551025
1083,905961,COREAD,0.912522,2.8306539058685303
1179,909757,COREAD,-0.216121,0.21527856588363647
1179,1660034,COREAD,0.359436,-0.1314551681280136
1926,1240123,COREAD,1.216405,1.397050142288208
1786,908458,COREAD,-5.23256,-0.2789387106895447
1922,907287,COREAD,1.799443,1.615573525428772
1922,1659928,COREAD,1.573576,1.9713903665542603
1179,909761,COREAD,-0.269498,0.355474054813385
2106,907291,COREAD,0.440047,1.1732795238494873
1634,910689,COREAD,7.903756,7.102097988128662
1080,907287,COREAD,-0.869245,-2.945004463195801
1918,1660034,COREAD,2.818994,3.1307713985443115
1091,917486,COREAD,2.027461,2.600597381591797
1926,905971,COREAD,0.548869,0.17046111822128296
1939,907792,COREAD,2.711101,3.994101047515869
1631,905962,COREAD,3.637013,3.75874924659729
1060,909747,COREAD,-0.33459,-1.1783299446105957
1615,1240124,COREAD,5.346265,5.665355205535889
1911,909263,COREAD,-2.855979,-2.514979600906372
1017,907291,COREAD,4.879917,4.26739501953125
2043,910554,COREAD,5.268684,4.921037673950195
1631,1290769,COREAD,5.098536,4.031886100769043
1268,909746,COREAD,5.974155,5.172297477722168
1854,909748,COREAD,5.520477,4.933834075927734
1598,1240173,COREAD,4.171438,4.391831874847412
1614,907289,COREAD,4.379779,4.826015472412109
1786,1290769,COREAD,6.475661,5.002385139465332
1054,909746,COREAD,5.769764,5.4157257080078125
1799,1660036,COREAD,4.838358,4.424036502838135
1180,907291,COREAD,-3.818113,-2.9374489784240723
1594,924108,COREAD,4.798381,4.689092636108398
1249,1240173,COREAD,2.83329,4.473863124847412
1924,909746,COREAD,5.704866,5.005483627319336
1598,905971,COREAD,4.620595,4.046107292175293
1007,909698,COREAD,-5.435876,-5.405170917510986
1047,1240123,COREAD,3.234088,2.5948541164398193
1927,909698,COREAD,4.174127,4.411037445068359
1093,907287,COREAD,4.684601,4.103140830993652
1909,905962,COREAD,3.550553,3.0084893703460693
1557,905939,COREAD,6.845794,5.615107536315918
1510,909747,COREAD,4.8114,4.150012969970703
1179,910905,COREAD,1.297186,2.8959908485412598
1560,909746,COREAD,4.2487,4.448482036590576
1631,910689,COREAD,6.713778,5.479471683502197
1919,910700,COREAD,1.719612,1.7687053680419922
1022,909747,COREAD,2.158942,1.4817934036254883
1852,1240124,COREAD,5.623135,5.734543800354004
1553,905937,COREAD,0.978715,1.657955527305603
1047,909746,COREAD,5.567695,7.042006492614746
1237,910689,COREAD,8.244326,7.762809753417969
1012,910689,COREAD,5.12451,3.7286009788513184
1375,910569,COREAD,5.722772,5.169560432434082
1034,1660034,COREAD,-3.715778,-3.0572707653045654
1631,910554,COREAD,5.021361,4.40632963180542
1936,909698,COREAD,2.809942,2.1488335132598877
1058,909755,COREAD,3.348736,2.368175745010376
1083,909698,COREAD,1.696033,2.117356300354004
1036,905939,COREAD,1.969446,2.4007248878479004
1372,1240173,COREAD,-5.324974,-3.696638822555542
2048,1659928,COREAD,-5.828635,-4.690547943115234
1013,909748,COREAD,3.489339,4.0967912673950195
1614,909698,COREAD,4.013353,2.5879268646240234
1180,909747,COREAD,1.507779,-0.17057783901691437
1025,908457,COREAD,3.625345,5.88724422454834
1997,909755,COREAD,3.291494,2.9565696716308594
1083,905939,COREAD,1.666054,2.372373104095459
1239,907792,COREAD,6.094365,4.62508487701416
1034,907792,COREAD,-4.30502,-1.3502914905548096
1191,1660035,COREAD,-3.106674,-3.357048749923706
1190,998189,COREAD,-2.367117,-1.1661502122879028
1919,905962,COREAD,3.425189,2.678961992263794
2096,905939,COREAD,-0.101392,0.04950830340385437
1933,907794,COREAD,2.295711,4.823066711425781
1631,905939,COREAD,1.955773,1.9376307725906372
1576,908458,COREAD,3.603408,2.6713480949401855
1557,908458,COREAD,5.90874,5.19446325302124
1620,1659928,COREAD,5.065423,5.197179794311523
2046,910905,COREAD,3.081929,3.5355095863342285
1862,909751,COREAD,-1.817946,-1.7620854377746582
1004,1290769,COREAD,0.106859,-0.15510772168636322
1936,909751,COREAD,3.328718,2.627927303314209
1507,1660035,COREAD,5.909031,5.321260929107666
2096,910689,COREAD,2.118635,3.7736711502075195
1560,924108,COREAD,2.90715,3.5373005867004395
1007,910554,COREAD,-2.385317,-4.487019062042236
1918,1659928,COREAD,3.008588,2.398017644882202
1853,924108,COREAD,2.954392,4.436192035675049
1375,1290769,COREAD,8.333756,7.563597679138184
2096,1659928,COREAD,1.512623,0.7614659667015076
1051,1240173,COREAD,4.151914,1.0308548212051392
1194,917486,COREAD,1.356203,2.6561551094055176
1594,909748,COREAD,5.692705,5.673051357269287
1854,909718,COREAD,3.0659,4.418957710266113
1615,1240173,COREAD,5.382003,4.938502788543701
1559,1660036,COREAD,1.625,-0.33647215366363525
1194,910700,COREAD,-0.853153,1.439183235168457
2048,910554,COREAD,-2.432162,-3.185074806213379
1635,907287,COREAD,3.657489,4.934667110443115
1618,907287,COREAD,2.429043,3.656830072402954
2045,905962,COREAD,6.78967,5.961418151855469
2040,905936,COREAD,0.53451,0.32773908972740173
1022,905939,COREAD,-1.186251,0.644419252872467
1010,910689,COREAD,3.823699,3.99442195892334
1919,909747,COREAD,3.500326,2.939167022705078
1630,909755,COREAD,5.573853,4.8723063468933105
1598,909740,COREAD,5.503892,4.734969139099121
2043,905937,COREAD,4.428253,4.957364559173584
1926,909746,COREAD,3.138564,1.4949910640716553
1200,909748,COREAD,3.469821,2.8442039489746094
1560,910905,COREAD,3.883027,1.9563478231430054
1909,909740,COREAD,3.885763,2.4434590339660645
1259,1240123,COREAD,3.142331,2.880918502807617
1080,905937,COREAD,-0.217848,-3.371814727783203
1626,1290771,COREAD,2.106962,2.6835811138153076
1553,909746,COREAD,5.754491,5.064871788024902
1046,910905,COREAD,3.26407,2.1321938037872314
1013,905961,COREAD,2.106232,2.96454119682312
1190,909751,COREAD,2.804319,-2.0935449600219727
1932,1240173,COREAD,1.458993,2.1122045516967773
1511,907287,COREAD,-0.636629,-0.10253147780895233
1917,909718,COREAD,0.394912,0.7348082065582275
1237,998189,COREAD,5.366704,5.701401710510254
1854,909755,COREAD,5.494338,5.327249526977539
1073,909755,COREAD,4.05826,5.610570430755615
1060,910700,COREAD,-0.301174,0.5904053449630737
1034,909740,COREAD,-3.621352,-2.128124713897705
1997,909761,COREAD,1.647562,4.757897853851318
1594,1660036,COREAD,4.810743,5.163004398345947
1925,1659928,COREAD,4.390234,4.137740135192871
1553,910700,COREAD,2.905664,4.086104869842529
1786,909718,COREAD,2.394914,3.5372416973114014
1168,910700,COREAD,3.031785,2.226119041442871
1268,1290771,COREAD,5.971577,4.76149320602417
1622,907794,COREAD,4.970353,4.7067179679870605
1852,1660034,COREAD,5.118624,5.167452335357666
1917,907291,COREAD,1.161245,1.8654683828353882
2110,910700,COREAD,4.244615,5.749911785125732
1559,910700,COREAD,-1.843,-0.12146945297718048
1621,909755,COREAD,5.498403,5.420448303222656
1051,905962,COREAD,1.924987,1.6233673095703125
1622,1240123,COREAD,4.924392,3.7211344242095947
2045,907287,COREAD,6.121072,5.274393081665039
1918,909740,COREAD,4.629568,3.8552613258361816
1936,924108,COREAD,3.316417,2.413888692855835
2046,909757,COREAD,4.608066,3.0239105224609375
1631,1240123,COREAD,3.382421,3.8610851764678955
1093,1660035,COREAD,4.598925,5.121345520019531
1558,905939,COREAD,2.367229,2.892556667327881
1614,907792,COREAD,6.853475,4.652085781097412
1046,1660035,COREAD,5.577851,4.66910982131958
1631,908457,COREAD,2.792068,3.3606274127960205
1180,1240123,COREAD,-3.545964,-1.5780404806137085
1046,1240124,COREAD,2.14651,1.7079378366470337
1373,907792,COREAD,6.293142,6.3385419845581055
1199,907291,COREAD,3.836882,3.233959197998047
1510,909757,COREAD,3.512485,2.699953556060791
1908,905939,COREAD,0.073504,0.04414066672325134
1614,909740,COREAD,4.95498,4.689823150634766
1190,907794,COREAD,-0.242803,1.5068484544754028
1563,910905,COREAD,6.300741,5.92888879776001
1613,910569,COREAD,2.929654,2.4252142906188965
1553,907795,COREAD,1.267269,1.4188408851623535
1931,905962,COREAD,7.756666,6.301514148712158
1926,1240124,COREAD,0.37039,0.6739137768745422
1941,909740,COREAD,-2.01152,-4.348023891448975
1635,909263,COREAD,6.385799,5.704894065856934
1131,905961,COREAD,3.393358,5.497683048248291
2111,910700,COREAD,5.764498,5.782981872558594
1925,910569,COREAD,1.004197,4.279719829559326
1915,909755,COREAD,2.790767,3.0822503566741943
1634,909746,COREAD,6.1676,4.73520040512085
1631,910905,COREAD,3.211379,3.7608375549316406
1237,909746,COREAD,6.123329,6.191983699798584
1372,909757,COREAD,-2.616504,-3.696124792098999
1557,907291,COREAD,2.857745,4.681942462921143
1931,909740,COREAD,8.163155,6.427412033081055
1997,907287,COREAD,5.349506,4.167616844177246
1594,1290769,COREAD,6.925369,5.844192981719971
1799,905971,COREAD,5.176114,5.480251789093018
1510,905939,COREAD,1.897883,3.526531219482422
1629,1659928,COREAD,3.836681,3.9194529056549072
1559,1240173,COREAD,-3.478115,-3.9571690559387207
1925,907792,COREAD,6.84089,6.4413957595825195
1557,910905,COREAD,4.975062,5.70868444442749
1049,905961,COREAD,3.839497,4.301743507385254
2046,905971,COREAD,2.898516,2.2261359691619873
1627,907790,COREAD,3.357388,2.8568572998046875
1079,907794,COREAD,4.348467,4.034482002258301
1925,905939,COREAD,4.855538,5.347886562347412
1909,907792,COREAD,3.908404,3.533402919769287
2044,910554,COREAD,5.073406,4.220926761627197
1510,907792,COREAD,4.961852,4.4342780113220215
1085,909747,COREAD,5.051123,5.84419584274292
1925,909746,COREAD,5.846058,5.829488277435303
1511,910700,COREAD,0.800841,0.3054400086402893
1598,1290771,COREAD,4.445367,4.233839988708496
1560,1659928,COREAD,3.300677,2.210709810256958
1922,909755,COREAD,2.583783,3.183122158050537
1034,910689,COREAD,1.862786,0.3398990035057068
1578,907795,COREAD,4.990176,4.745351314544678
1131,1674021,COREAD,3.417606,5.279115200042725
1913,905937,COREAD,4.52694,4.486001968383789
1047,1240124,COREAD,6.390269,5.576309680938721
1007,1240173,COREAD,-5.73514,-5.728696823120117
1939,910554,COREAD,2.938145,4.57198429107666
1559,907795,COREAD,-3.744073,-2.4261183738708496
1511,909755,COREAD,0.309297,1.3535693883895874
1375,910700,COREAD,7.066957,7.408108234405518
2048,909263,COREAD,0.137118,-0.32881176471710205
1786,909698,COREAD,4.289559,2.7140378952026367
1179,1240124,COREAD,0.40859,0.6714906096458435
1239,1240123,COREAD,0.634746,1.7713875770568848
1199,1660034,COREAD,3.252046,3.6794230937957764
1190,905989,COREAD,-1.500255,-2.5000295639038086
1578,909747,COREAD,6.813917,7.283461570739746
1529,905962,COREAD,1.137714,0.396556556224823
1005,909263,COREAD,4.498649,5.386453628540039
1088,907287,COREAD,4.359945,3.7171125411987305
1180,909748,COREAD,-2.360602,-1.782160758972168
2047,909757,COREAD,2.123845,0.9327680468559265
1618,909748,COREAD,5.254042,4.281417369842529
1034,909761,COREAD,-1.366318,-2.5949742794036865
1083,910554,COREAD,3.229372,1.4833576679229736
1507,907790,COREAD,5.445705,4.942915916442871
2043,909751,COREAD,5.336984,5.024962902069092
1012,909698,COREAD,2.066443,1.0247498750686646
1918,910554,COREAD,4.648188,3.177565574645996
1179,1659823,COREAD,0.030014,0.3586771786212921
1855,908458,COREAD,3.969866,3.9026222229003906
1621,998189,COREAD,5.875081,4.2549824714660645
1925,1660034,COREAD,4.148358,4.6973981857299805
2111,1240124,COREAD,3.662008,3.9081857204437256
2046,998189,COREAD,3.823952,2.838987350463867
1259,909757,COREAD,3.445202,3.515920639038086
1997,909751,COREAD,2.743842,3.315197706222534
1853,905971,COREAD,4.135596,3.9086713790893555
1180,909263,COREAD,-1.718411,-0.652106523513794
1578,909718,COREAD,5.606566,4.677062034606934
1032,910905,COREAD,3.229012,3.5240795612335205
1179,1674021,COREAD,-0.733867,0.18495458364486694
2044,907790,COREAD,5.644218,3.1671271324157715
1249,998189,COREAD,3.286488,3.8047902584075928
1917,924108,COREAD,3.427794,2.302854537963867
1931,1660034,COREAD,5.669541,5.33659029006958
1635,908457,COREAD,6.277144,5.809235095977783
1558,905962,COREAD,5.653178,5.199812889099121
1927,909751,COREAD,4.828406,4.698765277862549
1053,1660034,COREAD,2.438398,2.046952724456787
1936,905989,COREAD,1.144329,1.1679257154464722
1939,909263,COREAD,1.572356,2.6970677375793457
2096,1240124,COREAD,1.175148,0.18150225281715393
1786,909748,COREAD,5.917941,3.5290539264678955
1799,910554,COREAD,2.512283,3.419003486633301
1190,909761,COREAD,0.075323,-0.34306591749191284
1057,907792,COREAD,-1.595717,-1.2422431707382202
1004,909751,COREAD,-4.792971,-5.829391956329346
1576,909755,COREAD,3.150815,3.3431601524353027
1549,905937,COREAD,3.501895,2.916022777557373
1635,908458,COREAD,5.880549,5.11284065246582
1007,909751,COREAD,-5.928079,-6.128788471221924
1091,907291,COREAD,1.760949,1.4199424982070923
1598,910700,COREAD,3.886907,5.158458232879639
1786,905939,COREAD,2.333895,4.039067268371582
1529,1240123,COREAD,2.302327,0.1290440708398819
1852,1659928,COREAD,4.336333,5.218537330627441
1057,905989,COREAD,-2.420077,-2.3238368034362793
1852,909748,COREAD,5.644711,5.5817742347717285
1908,917486,COREAD,2.481922,1.6663033962249756
2106,1240124,COREAD,5.232469,4.957009315490723
1629,1240173,COREAD,4.746646,4.867437839508057
1614,1240123,COREAD,5.131643,4.051681995391846
1559,1240124,COREAD,-3.178032,-1.7122693061828613
2040,910905,COREAD,1.441305,1.020969033241272
1046,1674021,COREAD,1.199311,1.9172419309616089
2096,909718,COREAD,-0.177554,-0.2969619631767273
1010,910569,COREAD,3.325338,2.814661979675293
1012,905989,COREAD,1.372737,1.2454490661621094
1060,917486,COREAD,0.048561,-1.4791662693023682
1004,908457,COREAD,-0.723151,-2.331524610519409
1930,905936,COREAD,0.490605,-0.1783996969461441
1630,909757,COREAD,4.611298,4.33236837387085
1190,1660035,COREAD,4.148161,4.514562606811523
1177,910569,COREAD,5.077977,3.994246006011963
1259,910700,COREAD,5.45175,5.332170009613037
1512,1240123,COREAD,4.506212,4.651478290557861
1561,924108,COREAD,0.687504,1.5703823566436768
1918,909757,COREAD,4.251862,3.5866479873657227
1618,905971,COREAD,3.9909,4.1914191246032715
1924,998189,COREAD,3.254447,3.1561548709869385
1083,910689,COREAD,4.980518,6.558352947235107
1249,909698,COREAD,1.918324,2.559556245803833
1131,909755,COREAD,7.177546,5.9607977867126465
1598,907289,COREAD,3.418577,3.484971284866333
1936,1240173,COREAD,2.287901,2.654148817062378
1091,907792,COREAD,3.754882,2.4028055667877197
1913,909757,COREAD,5.929097,5.489412307739258
1919,910689,COREAD,2.963439,2.6885993480682373
1051,905936,COREAD,0.638277,1.2345380783081055
1909,905939,COREAD,2.694805,2.4962918758392334
1017,907794,COREAD,6.031847,5.542919635772705
1091,908457,COREAD,1.001145,1.7751250267028809
1085,1660034,COREAD,2.046899,2.7744321823120117
1249,909757,COREAD,3.490443,3.725074052810669
1862,905989,COREAD,-1.93626,-1.464367151260376
1563,1660034,COREAD,5.905139,5.490082263946533
2045,910689,COREAD,7.980148,7.617367267608643
1926,905962,COREAD,0.879071,0.4964301586151123
1560,909755,COREAD,5.525077,4.237900733947754
1011,910554,COREAD,2.688711,1.2643076181411743
1373,909740,COREAD,7.723059,6.105989933013916
1032,1659823,COREAD,0.642952,2.255598545074463
1919,907291,COREAD,0.909165,1.0165647268295288
1036,1240124,COREAD,5.04644,4.874330043792725
1373,1290769,COREAD,5.445201,3.988757610321045
1010,909747,COREAD,5.42672,4.802968978881836
1925,909748,COREAD,4.323009,5.356025218963623
1852,909718,COREAD,4.580185,4.720346450805664
1177,909755,COREAD,5.931458,5.327247142791748
2106,907792,COREAD,2.757713,4.57282829284668
1194,907287,COREAD,0.245617,2.1773595809936523
1079,917486,COREAD,3.328635,3.467040538787842
2107,1660034,COREAD,4.841629,5.094317436218262
1909,910905,COREAD,3.337458,3.5514919757843018
1199,998189,COREAD,3.678134,3.960454225540161
1622,1674021,COREAD,5.819228,4.154208183288574
1022,910905,COREAD,-0.863789,1.5518558025360107
2046,1240124,COREAD,4.269362,3.923248529434204
1200,909740,COREAD,4.493455,3.73199725151062
1997,1240173,COREAD,1.263874,3.045610189437866
1617,909748,COREAD,-0.426721,2.579451322555542
1549,907792,COREAD,4.002219,2.18780517578125
1622,909748,COREAD,5.393282,4.655856609344482
1924,909761,COREAD,2.163959,3.9184062480926514
1053,909698,COREAD,2.893271,2.702805757522583
1268,907287,COREAD,4.952532,4.219747066497803
1049,1659928,COREAD,3.890708,3.211420774459839
1248,909698,COREAD,-4.303829,-5.176611423492432
1093,909740,COREAD,5.631454,5.005261421203613
1635,909718,COREAD,5.106154,5.14171838760376
1237,1240173,COREAD,5.688402,5.236201763153076
1084,907792,COREAD,-1.842664,-1.0578056573867798
1248,909755,COREAD,-2.941337,-3.812682628631592
1190,910689,COREAD,4.179505,1.9858793020248413
1010,905939,COREAD,5.161437,3.651296377182007
1924,910689,COREAD,7.232949,6.017641544342041
1375,924108,COREAD,6.80712,5.932621479034424
1917,1240124,COREAD,2.403932,1.3536237478256226
1179,907291,COREAD,-0.337227,-0.1482330709695816
1131,907790,COREAD,6.888863,5.0899457931518555
1622,909740,COREAD,5.6803,4.826314926147461
1194,1659823,COREAD,3.75021,2.3243753910064697
1080,910689,COREAD,2.828695,2.5425446033477783
1630,909746,COREAD,5.544335,5.0361480712890625
1618,1659928,COREAD,3.91809,2.995976686477661
1239,907291,COREAD,0.698812,1.4425486326217651
1559,910905,COREAD,3.330698,-0.42868107557296753
1918,909751,COREAD,1.436824,1.613397479057312
1080,909746,COREAD,0.674445,0.23711733520030975
1085,909740,COREAD,4.03118,3.7532641887664795
1862,910569,COREAD,-0.760863,-1.3392030000686646
1559,1659823,COREAD,0.165037,0.31496086716651917
1200,1290769,COREAD,4.863102,4.42180061340332
2044,917486,COREAD,4.425818,5.044610023498535
1168,917486,COREAD,2.883763,3.0712194442749023
1179,1290771,COREAD,0.511179,-0.5610953569412231
1199,905962,COREAD,4.217253,4.466109752655029
1631,909263,COREAD,3.939966,4.737412929534912
1613,907794,COREAD,3.141166,2.5268197059631348
1089,909746,COREAD,3.73624,4.964906215667725
1910,1674021,COREAD,3.404366,2.9806580543518066
1919,909746,COREAD,1.702042,2.246532917022705
1511,1660034,COREAD,-0.86221,-0.7362843155860901
1375,905939,COREAD,7.382881,7.297482967376709
1563,1240173,COREAD,5.43562,5.636389255523682
1025,910689,COREAD,8.785175,8.635019302368164
1932,909718,COREAD,0.194997,2.042081117630005
1853,1240123,COREAD,4.393835,3.462425708770752
1618,910689,COREAD,6.664858,7.27492618560791
2044,905962,COREAD,3.690747,4.1798858642578125
1259,907790,COREAD,4.030089,2.5758824348449707
1237,905936,COREAD,4.51585,4.602665424346924
1634,1290771,COREAD,5.726573,4.340347766876221
1168,905962,COREAD,5.192439,4.260130882263184
1091,909698,COREAD,2.709165,1.870367169380188
1054,905989,COREAD,0.522593,2.969054937362671
1854,905962,COREAD,6.774746,5.332178592681885
1194,910905,COREAD,2.769806,3.4523417949676514
1558,909740,COREAD,3.254093,3.973994016647339
1799,1659928,COREAD,3.691047,3.2670040130615234
1013,910700,COREAD,2.623225,5.375000953674316
1179,1659928,COREAD,-0.446352,-0.25406551361083984
1912,910569,COREAD,0.287656,1.2143491506576538
1930,1240173,COREAD,-0.988308,-0.6813660264015198
1560,1240123,COREAD,2.163268,2.348268508911133
1911,908458,COREAD,-3.715199,-3.8182992935180664
1034,905961,COREAD,-4.129442,-3.020122766494751
2048,910569,COREAD,-2.923783,-4.098141670227051
1194,909751,COREAD,3.362488,1.6510761976242065
1564,909755,COREAD,1.217753,1.6794493198394775
1909,907287,COREAD,3.187874,2.727912425994873
1268,907790,COREAD,5.291235,4.569794178009033
1025,1240123,COREAD,3.209793,4.389065265655518
1621,910569,COREAD,3.763456,4.133091449737549
1558,908458,COREAD,5.870787,3.5622286796569824
1630,905989,COREAD,0.881216,3.786926031112671
1005,907794,COREAD,4.699966,3.7858290672302246
1996,905961,COREAD,4.371892,3.454761505126953
1996,905962,COREAD,5.957098,4.481873989105225
1933,909748,COREAD,3.155126,5.412477970123291
1046,908457,COREAD,3.668828,3.20007061958313
1053,910689,COREAD,7.570848,6.278890609741211
1614,1240173,COREAD,4.680193,3.142328977584839
2111,909748,COREAD,4.133434,3.52384614944458
1997,905936,COREAD,2.261979,3.7732093334198
1557,905989,COREAD,5.538498,4.814356803894043
1068,1240173,COREAD,0.217709,0.2792274057865143
1012,905937,COREAD,1.848663,1.2820838689804077
1910,910905,COREAD,2.175928,2.1186625957489014
1180,907792,COREAD,0.460518,-1.8169898986816406
1507,905971,COREAD,4.961718,5.067173480987549
1912,907790,COREAD,0.907623,1.0808689594268799
1618,905989,COREAD,0.869595,3.7468833923339844
1549,1674021,COREAD,5.502051,3.4242241382598877
2111,909698,COREAD,3.081871,3.191702365875244
1068,909748,COREAD,2.479449,1.9390265941619873
1913,907790,COREAD,3.721,4.728415012359619
2096,910569,COREAD,3.240091,2.709272623062134
1625,1674021,COREAD,4.714563,4.683729648590088
1629,905962,COREAD,3.95317,4.770817279815674
1922,907790,COREAD,1.254536,2.163869857788086
2044,905971,COREAD,2.597496,2.3733062744140625
1939,1240124,COREAD,2.530004,2.1318092346191406
1507,924108,COREAD,4.906204,4.772868633270264
1032,1290771,COREAD,4.271923,1.8962761163711548
1059,910700,COREAD,0.946324,-0.62449049949646
2044,910700,COREAD,4.67731,5.037475109100342
1925,909761,COREAD,3.654164,5.033486366271973
1618,1660036,COREAD,3.372403,3.7103426456451416
1059,907287,COREAD,-1.220664,-0.6243839859962463
1620,905937,COREAD,5.352602,4.962774753570557
1911,909748,COREAD,-3.656465,-3.050493001937866
1032,909747,COREAD,5.79223,2.8058128356933594
1553,909263,COREAD,3.50259,4.538435459136963
1091,924108,COREAD,0.533814,2.304090738296509
1873,905961,COREAD,0.410269,1.0926767587661743
2045,1240124,COREAD,5.420616,5.607887268066406
1091,1660035,COREAD,4.393553,3.1591989994049072
1576,907794,COREAD,3.439046,2.9941678047180176
1621,1659823,COREAD,5.073425,5.394218921661377
1594,1240173,COREAD,5.166887,4.932085990905762
1512,909751,COREAD,5.635728,5.161427974700928
1057,908458,COREAD,-0.226776,-1.8262248039245605
1559,909718,COREAD,-2.118896,-3.1949143409729004
1630,910569,COREAD,4.547873,3.216721296310425
1852,907794,COREAD,5.316433,5.792513370513916
1626,910905,COREAD,3.070748,4.001555919647217
1997,1240124,COREAD,2.687908,2.8439390659332275
1634,909718,COREAD,5.213701,4.582863807678223
1047,905962,COREAD,6.744544,5.270505428314209
1598,909757,COREAD,3.805016,4.307285308837891
1799,1240123,COREAD,1.76358,1.5634033679962158
1559,917486,COREAD,-0.708637,-0.7204835414886475
1190,1290769,COREAD,-1.091636,1.264715552330017
1593,907794,COREAD,2.670863,2.127166986465454
2109,1240123,COREAD,3.508768,2.0575497150421143
1060,909755,COREAD,-0.107218,-0.5231890082359314
2109,905961,COREAD,2.595169,1.4795289039611816
1073,905989,COREAD,2.486282,2.4737563133239746
1089,905962,COREAD,2.101779,3.1992461681365967
2096,905989,COREAD,0.806167,0.49224239587783813
1372,905962,COREAD,-2.821501,-2.9651224613189697
1053,909747,COREAD,6.145294,4.425248622894287
1578,1659823,COREAD,6.226274,5.3426432609558105
1032,907287,COREAD,0.876162,0.900852620601654
1553,1240123,COREAD,2.331177,2.943084478378296
1557,1240173,COREAD,5.325207,4.640859127044678
2047,905971,COREAD,-0.712298,-0.07997553050518036
1563,907289,COREAD,5.231952,5.395967960357666
1529,907794,COREAD,0.207871,0.016636565327644348
1003,905971,COREAD,-1.265275,-2.583820104598999
1908,907291,COREAD,2.129635,1.2967816591262817
1799,905939,COREAD,4.930673,6.14916467666626
1085,909757,COREAD,3.59077,2.0886151790618896
1036,907287,COREAD,3.534895,3.7355620861053467
1034,907794,COREAD,-3.282907,-3.0730857849121094
1058,908458,COREAD,1.058261,1.3074543476104736
1036,910700,COREAD,5.260426,5.569096565246582
1564,907289,COREAD,2.174053,1.1267688274383545
1849,907795,COREAD,-0.210147,-0.7487087249755859
1085,909751,COREAD,4.116346,2.3334240913391113
1615,1660036,COREAD,4.184776,5.25410270690918
1930,909698,COREAD,0.160272,-1.1453250646591187
1011,1240123,COREAD,1.454105,1.8208810091018677
1025,1659928,COREAD,4.049538,4.043732166290283
1918,910700,COREAD,-0.10867,3.106989860534668
1058,910554,COREAD,1.517602,0.9527703523635864
1022,905989,COREAD,-2.264723,-0.47004586458206177
1034,909757,COREAD,-3.052753,-2.4860939979553223
1510,910700,COREAD,4.02682,4.572746753692627
1259,909747,COREAD,6.467964,6.0304741859436035
1557,909698,COREAD,4.765845,4.461791038513184
1053,909718,COREAD,2.929579,3.72434663772583
1177,1659823,COREAD,5.699862,5.246027946472168
1853,909755,COREAD,3.74917,4.158054828643799
1004,909718,COREAD,-5.73858,-5.416530132293701
1073,908458,COREAD,6.01594,4.618270397186279
1919,909263,COREAD,1.57359,1.8376569747924805
1375,907792,COREAD,7.554814,7.6742844581604
1093,910700,COREAD,4.501002,5.220644474029541
1005,909748,COREAD,5.055969,4.05675745010376
1032,905936,COREAD,1.25578,1.5635461807250977
2110,905936,COREAD,4.008211,3.9452197551727295
1922,909751,COREAD,1.050001,1.404990792274475
1997,1674021,COREAD,4.342376,4.42301607131958
1085,905936,COREAD,2.087598,1.8022063970565796
1853,909263,COREAD,5.494833,4.875474452972412
1180,907795,COREAD,-2.929153,-3.055569887161255
1180,1659928,COREAD,-3.905949,-2.6098520755767822
1627,924108,COREAD,2.441471,2.7718870639801025
1786,907287,COREAD,2.611874,3.801046371459961
1936,910689,COREAD,4.741361,5.208760738372803
1915,909748,COREAD,1.286906,2.523712635040283
2046,905962,COREAD,5.894231,4.446049213409424
1936,910905,COREAD,3.201558,2.094517707824707
1199,1240124,COREAD,3.159823,3.661062479019165
1932,1240124,COREAD,3.452845,2.7995266914367676
1630,905971,COREAD,3.339688,3.7975668907165527
1909,1240173,COREAD,2.007375,1.8127446174621582
1624,910689,COREAD,7.599555,6.760921955108643
1013,907790,COREAD,3.906623,3.475928544998169
1194,1660034,COREAD,1.153149,2.85634708404541
1089,907795,COREAD,0.934835,1.5347747802734375
1849,905971,COREAD,-0.158102,-1.5755397081375122
1047,905971,COREAD,5.316763,3.3368868827819824
1237,907794,COREAD,6.169918,5.69345760345459
1620,1660036,COREAD,4.798311,5.274290561676025
1557,907792,COREAD,6.491513,6.384488582611084
1046,924108,COREAD,2.612979,2.8409106731414795
1558,1290769,COREAD,5.69274,5.968942642211914
1927,910689,COREAD,8.562294,8.008684158325195
1854,907289,COREAD,5.148139,4.446689605712891
1799,998189,COREAD,5.475847,5.863408088684082
1849,909698,COREAD,-0.800261,-2.2918241024017334
1626,909747,COREAD,2.890358,3.654381513595581
1918,909263,COREAD,4.209055,4.293186664581299
1036,998189,COREAD,6.024662,5.297268390655518
1849,1674021,COREAD,-1.351914,-0.3332655429840088
1593,1660035,COREAD,1.148901,4.800827980041504
1073,905961,COREAD,2.060363,4.210050106048584
1615,907792,COREAD,6.213587,6.4638352394104
1059,908458,COREAD,-0.575412,-1.1001660823822021
2111,909740,COREAD,4.389593,5.217414855957031
1179,905937,COREAD,-0.25529,0.35402989387512207
1250,909755,COREAD,4.405857,3.9428610801696777
1511,909740,COREAD,1.112367,-0.06813482940196991
1849,1660035,COREAD,2.00182,1.866683840751648
1563,909748,COREAD,6.006562,5.851084232330322
1931,905971,COREAD,4.948295,5.322386741638184
1250,1659928,COREAD,2.259522,1.3478617668151855
1004,907291,COREAD,-5.646879,-5.431360244750977
1620,905962,COREAD,6.049276,6.234107494354248
1005,907287,COREAD,4.689168,4.239469528198242
2043,907287,COREAD,4.900991,5.403282165527344
2111,905939,COREAD,2.583502,4.427916049957275
1909,917486,COREAD,1.721307,3.2664952278137207
1624,908457,COREAD,2.052104,2.1166751384735107
1873,1240123,COREAD,0.668936,0.4757404029369354
1849,1659823,COREAD,0.24959,1.0864063501358032
1060,909757,COREAD,-0.862972,-0.9914193153381348
1177,909748,COREAD,5.468088,4.780379295349121
1593,908457,COREAD,2.971966,2.2553014755249023
1068,1660036,COREAD,2.860835,1.3786460161209106
2043,909698,COREAD,5.061475,4.020089626312256
1088,905939,COREAD,3.811331,2.922400951385498
1190,910569,COREAD,-2.260258,-1.3011996746063232
1617,998189,COREAD,5.389316,3.5158534049987793
1557,909757,COREAD,5.897032,5.479386329650879
1375,1674021,COREAD,6.541718,6.25136661529541
1559,910554,COREAD,-2.540891,-0.7551283836364746
1853,910700,COREAD,3.705396,4.97491979598999
1626,917486,COREAD,5.318725,2.92026424407959
1941,910569,COREAD,0.438642,-5.053874492645264
1013,907792,COREAD,5.973003,5.7004714012146
1853,905962,COREAD,3.891339,4.429136276245117
1634,908457,COREAD,4.722418,4.970207691192627
1559,905961,COREAD,0.037417,-1.8590798377990723
1010,998189,COREAD,3.330434,3.4652271270751953
1057,1660034,COREAD,-0.34238,-1.7014719247817993
1022,907289,COREAD,2.527556,0.1345025897026062
1615,909748,COREAD,5.690014,5.587297439575195
1190,924108,COREAD,0.877277,-1.9527738094329834
1936,909747,COREAD,5.753313,5.174285411834717
1168,905939,COREAD,4.171451,3.9063668251037598
1927,1659928,COREAD,4.598396,4.281164169311523
1922,909748,COREAD,2.338857,2.3678979873657227
1620,905936,COREAD,4.775246,4.732019424438477
1168,909698,COREAD,3.577672,2.5730860233306885
1047,909698,COREAD,2.65409,3.4986205101013184
1250,907795,COREAD,2.563698,1.9642717838287354
1786,1660034,COREAD,4.118921,3.5213897228240967
1025,909751,COREAD,4.280788,4.2645769119262695
1034,1240173,COREAD,-5.296227,-3.476304531097412
1561,910905,COREAD,0.041827,0.24071259796619415
1855,909263,COREAD,6.471656,5.812106132507324
1053,907792,COREAD,3.558763,3.9717049598693848
2109,910689,COREAD,2.606854,4.175173282623291
1613,905962,COREAD,3.898304,3.9247076511383057
1560,909761,COREAD,1.961359,3.8529751300811768
1915,909746,COREAD,2.492151,2.660071849822998
1054,910905,COREAD,3.79149,3.56258487701416
1852,905989,COREAD,2.746217,5.0536208152771
1849,905936,COREAD,-2.086306,-1.6921589374542236
1091,910569,COREAD,-1.496209,2.184485673904419
1917,909757,COREAD,1.873595,1.3145654201507568
2106,905971,COREAD,0.663517,1.382445216178894
1089,908457,COREAD,4.65107,4.176047325134277
1034,905936,COREAD,-3.643665,-3.7558000087738037
2048,1240124,COREAD,-2.816021,-3.3806662559509277
1179,998189,COREAD,0.699618,0.34553447365760803
1620,909761,COREAD,4.708389,5.576506614685059
2046,905989,COREAD,3.790265,1.4982264041900635
1615,908457,COREAD,5.523641,5.685257434844971
1034,924108,COREAD,-4.683707,-3.1250815391540527
1057,909747,COREAD,1.341328,0.411714106798172
1190,908458,COREAD,3.695926,2.526020050048828
1088,910554,COREAD,2.715019,2.9982447624206543
1635,1240123,COREAD,4.615061,4.674926280975342
1373,917486,COREAD,3.570896,5.0052995681762695
1053,907790,COREAD,-0.123441,1.6708362102508545
1013,905971,COREAD,2.835501,3.125861406326294
1510,1290769,COREAD,4.53498,3.738670825958252
1373,907287,COREAD,3.735628,2.6364212036132812
1049,1290769,COREAD,6.230272,5.751335144042969
1908,1240124,COREAD,1.297743,0.3931996822357178
1913,910905,COREAD,4.889395,5.768951416015625
1932,1660034,COREAD,2.292872,2.902028799057007
1053,910569,COREAD,2.163768,2.6828088760375977
1598,910554,COREAD,3.52997,3.3326706886291504
1626,1659928,COREAD,1.618397,1.8317919969558716
1594,907795,COREAD,4.451812,4.8331403732299805
1931,909751,COREAD,5.076856,5.19597864151001
1941,909718,COREAD,-3.365198,-3.9224777221679688
1919,1240123,COREAD,-1.43404,-0.9485307931900024
1047,917486,COREAD,4.763346,5.771463394165039
1191,998189,COREAD,-3.780246,-4.574138164520264
1615,905936,COREAD,4.384836,4.378693103790283
1922,910905,COREAD,5.960427,1.5535885095596313
1915,907291,COREAD,1.928565,1.3237477540969849
1190,917486,COREAD,0.511899,3.4500887393951416
1011,909748,COREAD,2.413515,0.10983948409557343
1625,1290771,COREAD,5.993097,5.312341690063477
1564,1660036,COREAD,2.168135,1.7334589958190918
1564,910689,COREAD,1.746081,2.2636663913726807
1191,907287,COREAD,-4.076752,-4.7710862159729
1854,905937,COREAD,4.577554,4.602798938751221
1093,905939,COREAD,5.084165,4.415940284729004
1852,909761,COREAD,4.376479,5.458009719848633
1068,907287,COREAD,1.391912,1.4287492036819458
1012,924108,COREAD,0.819261,1.7945590019226074
1085,910554,COREAD,2.079229,2.3735013008117676
1564,905962,COREAD,0.370098,0.3691851496696472
1786,905936,COREAD,2.663502,2.828619956970215
1931,1659928,COREAD,5.102646,4.900747299194336
1614,905961,COREAD,5.021004,2.7353851795196533
1912,909746,COREAD,5.303333,4.271217346191406
1058,1322212,SCLC,0.621516,0.07548870146274567
1930,687985,SCLC,-0.348638,-0.18663258850574493
1250,1330972,SCLC,0.218214,2.21055006980896
1180,713878,SCLC,-1.985699,-1.9982409477233887
1854,688010,SCLC,2.979649,4.3242058753967285
1908,688014,SCLC,4.389278,3.9332892894744873
1268,713899,SCLC,5.282148,4.542560577392578
2110,910937,SCLC,3.671274,3.8964855670928955
1012,1330972,SCLC,1.091162,0.7493986487388611
1199,1330973,SCLC,4.49177,4.50876522064209
1576,688021,SCLC,3.042804,4.002285003662109
2048,688014,SCLC,-2.698891,-2.0919089317321777
1617,687980,SCLC,1.946447,1.1301753520965576
1634,688011,SCLC,4.320883,3.7333643436431885
1003,687997,SCLC,-0.57976,-0.7177056670188904
1003,906808,SCLC,-1.586349,-0.5228316187858582
1013,688023,SCLC,1.342193,1.9654951095581055
2044,1240189,SCLC,1.507591,2.4434871673583984
1918,687985,SCLC,1.067691,2.210890769958496
1557,753610,SCLC,4.432167,3.4660778045654297
1919,1240189,SCLC,0.379819,1.64673912525177
1091,908483,SCLC,3.158203,1.856856346130371
1922,688010,SCLC,1.851506,2.2311086654663086
1560,1330964,SCLC,4.649813,4.131565570831299
1510,688018,SCLC,4.564499,4.88417911529541
1626,688021,SCLC,5.602884,6.666733741760254
1855,1299062,SCLC,5.628894,5.800400733947754
1916,688010,SCLC,5.000722,3.6907448768615723
1563,687997,SCLC,5.852899,6.026751518249512
1168,753610,SCLC,3.014733,2.0434019565582275
1622,1240189,SCLC,3.200879,3.4218976497650146
1507,1240186,SCLC,6.018455,5.417764663696289
1634,688023,SCLC,3.783135,3.590367078781128
1060,688013,SCLC,1.013701,0.8905953168869019
2040,713878,SCLC,1.095854,0.5690543055534363
2106,687983,SCLC,2.57674,3.13266658782959
1561,753589,SCLC,3.180629,3.211867094039917
1854,687983,SCLC,4.456736,4.832208156585693
1089,724872,SCLC,2.842385,2.743525743484497
2044,687980,SCLC,2.269589,2.0923590660095215
1576,688014,SCLC,3.237552,3.4990882873535156
1560,688031,SCLC,2.410813,3.010899543762207
1168,907295,SCLC,2.514164,3.056596040725708
1022,713899,SCLC,0.725438,0.1406422257423401
1268,753551,SCLC,4.529541,4.183245658874512
1085,713880,SCLC,1.884666,1.7483534812927246
1060,753551,SCLC,0.876247,1.0036662817001343
1168,687997,SCLC,2.573318,3.581040382385254
1249,688018,SCLC,4.140039,4.492440700531006
1372,724872,SCLC,1.303819,0.8856201767921448
1924,688023,SCLC,1.478883,2.2816126346588135
1940,688027,SCLC,4.11423,4.365505695343018
1613,713899,SCLC,3.678563,3.6514406204223633
1248,1297439,SCLC,-4.809861,-4.613790988922119
1007,1330964,SCLC,-4.153596,-3.160169839859009
1051,688014,SCLC,2.27459,1.2790147066116333
1557,688025,SCLC,4.932075,3.887815475463867
1507,687983,SCLC,5.483997,4.783332347869873
1091,687980,SCLC,1.507058,2.1340858936309814
1168,1240193,SCLC,1.943273,2.5953516960144043
1873,1299062,SCLC,2.222651,2.0098519325256348
2047,713878,SCLC,2.107977,2.6166296005249023
1918,907295,SCLC,5.357488,4.584985256195068
1046,687980,SCLC,1.956297,1.5324411392211914
1614,688010,SCLC,5.212561,3.5244991779327393
2048,1330964,SCLC,-1.165334,-2.18774151802063
1593,688001,SCLC,-1.441591,-0.6055218577384949
1557,713899,SCLC,5.052942,4.965306758880615
1928,1322212,SCLC,2.253244,3.71673846244812
1593,687985,SCLC,2.059754,2.295419931411743
1578,688023,SCLC,4.940962,4.681978702545166
2046,1240186,SCLC,3.246514,4.013800621032715
2048,910692,SCLC,-0.519887,-0.5681479573249817
1032,713899,SCLC,1.036823,2.0516653060913086
1915,687995,SCLC,2.792738,3.139481782913208
1068,713878,SCLC,0.571477,1.938598871231079
1553,753565,SCLC,-0.332357,1.1453707218170166
1372,688011,SCLC,1.772415,2.086580991744995
1624,687983,SCLC,4.003067,4.291400909423828
1375,713899,SCLC,5.187133,5.966310501098633
1627,907295,SCLC,3.603439,3.455505132675171
1559,1330973,SCLC,1.996556,1.184401035308838
1200,910937,SCLC,2.417961,2.514444589614868
1012,687995,SCLC,3.057292,1.321017861366272
1925,753547,SCLC,2.56487,4.409643650054932
2048,688025,SCLC,-4.795629,-4.937178611755371
1621,687980,SCLC,3.590983,3.4999706745147705
1624,688023,SCLC,1.599492,3.343435287475586
1852,908483,SCLC,4.173371,4.304592132568359
1049,906808,SCLC,3.106165,4.436785697937012
2044,910937,SCLC,2.066644,1.488378643989563
1268,753610,SCLC,4.650882,3.447087526321411
1873,753610,SCLC,0.701151,0.45070022344589233
1012,688013,SCLC,-0.653112,0.2846337854862213
1529,688031,SCLC,-0.329181,0.8382219076156616
1922,910692,SCLC,2.138228,2.5712785720825195
1558,1240192,SCLC,3.313627,4.211554050445557
1615,688006,SCLC,5.44083,5.0760722160339355
1049,687997,SCLC,5.200158,4.892220497131348
1557,753565,SCLC,3.777161,4.135143756866455
1630,908483,SCLC,4.153323,3.7304446697235107
1631,688013,SCLC,1.691272,2.564739465713501
1594,688021,SCLC,6.490452,5.145689010620117
1373,1330964,SCLC,5.795835,5.788273334503174
2107,906808,SCLC,5.712944,5.207887649536133
1557,1330972,SCLC,5.253856,4.636714458465576
1003,924241,SCLC,1.576814,-1.8617424964904785
1168,688025,SCLC,2.658483,2.5599472522735596
1036,1299062,SCLC,5.694454,5.19859504699707
1629,688006,SCLC,4.279879,4.759055137634277
1910,753565,SCLC,-1.067714,-1.8670117855072021
1372,1322212,SCLC,2.614483,1.978524088859558
1373,1299062,SCLC,5.384602,5.235630035400391
1563,687995,SCLC,5.003377,5.121810436248779
1034,910692,SCLC,-2.675595,-1.8664309978485107
1268,687995,SCLC,4.158162,4.42826509475708
2109,1240193,SCLC,0.889704,1.7841334342956543
1593,1240189,SCLC,1.262579,0.496742844581604
1593,908483,SCLC,0.911729,0.47715774178504944
1620,713899,SCLC,5.315234,5.322534561157227
1511,910937,SCLC,-1.5376,-1.7157697677612305
1873,1240193,SCLC,-0.173305,0.2277967780828476
1046,1299062,SCLC,2.915278,3.2963345050811768
1084,688031,SCLC,-2.95265,-2.512765884399414
1849,687980,SCLC,-0.975438,-1.1398463249206543
1926,1240193,SCLC,-0.291839,-0.4467664361000061
1372,688010,SCLC,3.294784,2.4636833667755127
1085,688031,SCLC,1.499545,1.4362571239471436
1239,688006,SCLC,2.501927,1.472212791442871
1862,753594,SCLC,-0.570461,-1.5009369850158691
1191,1330973,SCLC,-0.200357,-3.772080421447754
2106,688023,SCLC,0.500029,1.5904077291488647
1047,687995,SCLC,4.822459,5.012966156005859
1621,688006,SCLC,4.229876,4.473095893859863
2045,688023,SCLC,3.36947,4.498631954193115
1032,688018,SCLC,5.564265,2.973066568374634
1068,688025,SCLC,1.205388,2.2545783519744873
1549,687995,SCLC,5.469694,5.564532279968262
1017,688006,SCLC,2.071713,2.2548632621765137
1073,688023,SCLC,6.125567,4.851868629455566
1564,1330973,SCLC,5.890889,5.2465057373046875
1091,687985,SCLC,2.533224,1.8083230257034302
1046,688006,SCLC,2.294847,1.694575309753418
1853,688021,SCLC,6.645641,5.983273506164551
2048,688031,SCLC,-4.67696,-4.378175258636475
2046,688025,SCLC,4.444239,3.2214462757110596
1191,907295,SCLC,-3.461832,-2.365326404571533
1919,688027,SCLC,1.581991,1.5243102312088013
1930,910692,SCLC,0.993927,0.47037142515182495
1058,687985,SCLC,-0.196758,0.4393664002418518
1563,687983,SCLC,5.738477,5.7608323097229
1634,753551,SCLC,3.199999,3.8055107593536377
1190,724872,SCLC,2.535242,-0.47200167179107666
1049,688006,SCLC,4.13702,3.940483808517456
1593,688018,SCLC,1.209636,2.3402645587921143
1930,1330973,SCLC,3.90046,1.7987537384033203
2111,688023,SCLC,4.537702,3.9896199703216553
1563,688010,SCLC,5.780094,5.574378490447998
1083,910692,SCLC,3.394992,3.881526231765747
1191,753589,SCLC,-1.790335,-3.4235188961029053
1053,688001,SCLC,-0.720223,0.836890697479248
1617,910692,SCLC,5.898581,3.8414807319641113
1620,1330972,SCLC,5.269849,5.109229564666748
1635,1330972,SCLC,5.224549,4.902855396270752
1179,1240192,SCLC,0.568107,0.20858198404312134
1919,688026,SCLC,1.316084,2.243989944458008
1073,1240189,SCLC,4.551254,3.8442633152008057
1012,1240193,SCLC,0.501233,0.31792744994163513
1911,724872,SCLC,-4.230884,-5.636013507843018
1053,713878,SCLC,3.227866,3.44514536857605
2047,688001,SCLC,1.004472,0.5386224389076233
1013,1299062,SCLC,5.229791,4.783031940460205
1997,688023,SCLC,2.470055,2.2381069660186768
1510,907295,SCLC,2.8048,3.6633853912353516
1549,1330973,SCLC,5.755244,4.669572353363037
1010,687995,SCLC,3.803943,3.593275785446167
1614,908483,SCLC,1.79389,2.3308942317962646
1190,910937,SCLC,-1.737757,-2.748666286468506
1093,688021,SCLC,6.750379,5.671331882476807
1373,688013,SCLC,3.765485,4.711242198944092
1940,688010,SCLC,2.52168,3.856794834136963
1375,753610,SCLC,5.324947,4.395114421844482
1909,1322212,SCLC,-0.1237,-0.6746636033058167
1624,688018,SCLC,3.063015,4.775388717651367
1919,687983,SCLC,1.685482,1.761307716369629
1084,1298349,SCLC,-2.278606,-2.1108295917510986
1926,688031,SCLC,3.69221,0.7396771311759949
2048,906808,SCLC,0.396436,-0.8377946615219116
1079,687980,SCLC,3.208541,3.174792528152466
1510,753551,SCLC,3.749529,3.218616247177124
1259,688025,SCLC,1.607014,-2.2303879261016846
1615,687997,SCLC,6.116315,5.628504276275635
1060,907295,SCLC,1.409151,1.3833657503128052
2110,687980,SCLC,3.463675,3.8171112537384033
1005,1297439,SCLC,2.462877,2.6698496341705322
1634,713878,SCLC,3.9629,3.6148712635040283
1083,688010,SCLC,2.613862,3.4821386337280273
2047,1322212,SCLC,3.485032,4.46803092956543
1917,753589,SCLC,4.166957,3.561746597290039
1924,687980,SCLC,2.595191,1.7978997230529785
1560,688023,SCLC,3.756637,2.348480463027954
1911,687985,SCLC,-5.400149,-5.298404216766357
1625,688014,SCLC,5.840707,6.085871696472168
1933,688023,SCLC,2.147941,3.643949031829834
1083,688001,SCLC,1.682235,0.5324963331222534
1091,910692,SCLC,1.048362,1.1331888437271118
1179,1240193,SCLC,-1.545614,-0.6172271966934204
1006,713899,SCLC,2.400162,2.528493642807007
1916,1240189,SCLC,2.949068,2.540558338165283
1080,688006,SCLC,-0.481347,-1.8573589324951172
1560,688010,SCLC,4.6538,3.99910306930542
1576,753594,SCLC,1.304604,1.96349036693573
1168,713880,SCLC,2.305121,2.280872106552124
1073,688001,SCLC,6.439985,2.6260340213775635
1004,1322212,SCLC,-3.305044,-4.0912017822265625
1933,688010,SCLC,3.038383,3.48330020904541
1180,724872,SCLC,-3.470215,-3.0400328636169434
1084,908483,SCLC,-1.508464,-2.5127041339874268
1053,1240192,SCLC,4.635568,4.932399749755859
1931,688014,SCLC,5.975601,5.380401611328125
1057,688001,SCLC,-2.918224,-2.5070548057556152
2096,1297439,SCLC,5.005177,3.668505907058716
1936,687985,SCLC,1.075171,2.2331900596618652
1005,907295,SCLC,3.827294,2.276519775390625
1003,688001,SCLC,-4.428952,-5.060800552368164
1927,688014,SCLC,5.975601,5.270902156829834
1618,687985,SCLC,3.223305,3.2950665950775146
1375,687997,SCLC,6.417465,6.444254398345947
1915,687997,SCLC,3.758462,3.893993854522705
1200,1240186,SCLC,4.169622,3.614356517791748
1259,910937,SCLC,-1.868115,-0.6038560271263123
1913,906808,SCLC,5.462317,4.284173011779785
2040,1240186,SCLC,3.124288,1.7694283723831177
1032,910692,SCLC,2.65271,2.448157548904419
1177,688006,SCLC,2.603183,2.3089725971221924
1191,687983,SCLC,-4.752861,-4.796051979064941
1910,753589,SCLC,1.930785,2.1395022869110107
1786,688027,SCLC,2.204579,2.9833984375
1131,1299062,SCLC,4.775306,6.026829719543457
1053,688006,SCLC,2.67458,2.9038076400756836
1919,1299062,SCLC,3.455726,3.4205715656280518
1913,753547,SCLC,4.72906,4.317693710327148
1916,724872,SCLC,3.209272,3.7428219318389893
1510,1240193,SCLC,1.922977,1.7075977325439453
1630,687983,SCLC,4.862119,3.6076440811157227
1057,687983,SCLC,-1.549246,-1.063279151916504
1620,753589,SCLC,6.342568,5.831657886505127
1084,713880,SCLC,-3.322943,-2.949467182159424
1091,1240189,SCLC,2.629976,1.703095555305481
1084,713878,SCLC,-3.12095,-1.7265503406524658
1629,753610,SCLC,4.144993,3.3689677715301514
1630,924241,SCLC,7.382595,5.759532928466797
1054,688014,SCLC,6.044601,5.531379222869873
1079,910937,SCLC,2.954719,3.848196506500244
1237,688031,SCLC,4.503471,3.7378029823303223
1933,1330973,SCLC,6.7469,6.523999214172363
1079,753589,SCLC,3.569001,4.691026210784912
1073,1240192,SCLC,6.167154,5.717395305633545
1618,907295,SCLC,3.498644,4.458449363708496
1084,1330973,SCLC,-1.814195,-1.9268348217010498
1918,908483,SCLC,4.464096,3.4491446018218994
1249,713899,SCLC,3.156968,3.5331664085388184
1626,687995,SCLC,5.315713,2.8929994106292725
1940,687985,SCLC,2.445332,3.548300266265869
1022,1330973,SCLC,1.901612,3.431264877319336
1131,713880,SCLC,3.018142,4.347693920135498
1089,688023,SCLC,3.058488,2.6549463272094727
1631,687983,SCLC,4.614364,4.6655802726745605
1507,753547,SCLC,4.490533,4.06605339050293
1576,1240186,SCLC,4.07529,3.4388203620910645
1375,688013,SCLC,5.187095,5.622467041015625
1177,753565,SCLC,1.714741,3.4035775661468506
1131,908483,SCLC,2.525658,3.2715790271759033
1939,688014,SCLC,4.037214,2.7695024013519287
1200,753547,SCLC,2.30287,2.4746296405792236
1180,907295,SCLC,-1.736591,0.33958327770233154
1852,1240186,SCLC,6.252356,5.936345100402832
1634,688010,SCLC,2.05408,2.9071462154388428
1046,713880,SCLC,1.87548,1.5135399103164673
1620,688023,SCLC,4.886414,4.738256931304932
1561,753565,SCLC,0.369062,0.968265175819397
1012,1330973,SCLC,2.665008,2.3976328372955322
1873,687997,SCLC,1.505319,3.098820686340332
1036,906808,SCLC,5.235906,5.4915971755981445
1249,688006,SCLC,3.138334,3.8915910720825195
1079,908483,SCLC,1.996462,2.599133014678955
1177,753551,SCLC,1.423223,2.0667526721954346
1179,687985,SCLC,0.345915,-0.2501581907272339
1199,687983,SCLC,3.249576,3.174785614013672
1615,753589,SCLC,6.414626,5.540375232696533
1939,1330973,SCLC,6.631219,4.711112022399902
1375,713880,SCLC,4.820789,5.186951637268066
1372,753594,SCLC,2.41834,2.6937153339385986
1511,688026,SCLC,1.375447,0.510097086429596
1054,688023,SCLC,3.994327,3.4443321228027344
1933,688013,SCLC,2.609836,3.186922073364258
1621,688021,SCLC,5.765854,5.760354995727539
1199,688023,SCLC,3.636526,2.816368579864502
1927,1240186,SCLC,5.325359,5.410442352294922
2096,910937,SCLC,2.955176,3.446453332901001
1924,724872,SCLC,3.387145,3.889944314956665
1933,1330964,SCLC,5.242481,3.9735236167907715
1909,908483,SCLC,1.074412,1.3744678497314453
2045,1330964,SCLC,4.81534,5.051021099090576
1036,1240192,SCLC,4.953672,5.153499126434326
1511,688014,SCLC,0.793886,0.9845242500305176
2110,687985,SCLC,3.860438,4.193151950836182
1511,1240186,SCLC,2.41244,1.646497368812561
1237,910692,SCLC,6.04784,5.254665851593018
1630,688013,SCLC,3.141165,4.582162380218506
1932,713899,SCLC,0.875472,2.151937246322632
1047,910692,SCLC,6.009065,4.963089466094971
2046,687980,SCLC,1.908499,2.381777286529541
1618,1240192,SCLC,3.280842,3.973053216934204
1268,1299062,SCLC,5.317065,5.103311061859131
1635,724872,SCLC,3.632009,4.579349040985107
1089,688013,SCLC,-0.891282,1.2895840406417847
1036,1298349,SCLC,4.135611,4.6648712158203125
1927,724872,SCLC,3.363153,4.593194484710693
1625,753565,SCLC,2.860566,4.336132049560547
1617,688023,SCLC,0.452614,1.4638264179229736
1909,906808,SCLC,0.881198,0.3251466751098633
1051,713880,SCLC,0.474543,1.073338270187378
1916,688025,SCLC,3.747482,3.6626780033111572
1911,688001,SCLC,-5.012432,-5.726473808288574
1250,753551,SCLC,3.999111,2.3221702575683594
1912,753610,SCLC,3.085269,2.614870548248291
2046,753610,SCLC,3.116292,0.9649857878684998
1918,1322212,SCLC,2.212404,2.810655355453491
1512,1299062,SCLC,6.38146,6.0084662437438965
1051,688010,SCLC,-1.504126,0.23107364773750305
1013,1322212,SCLC,1.952648,1.8076261281967163
1034,907295,SCLC,-1.820276,-0.2975844144821167
1909,1240193,SCLC,1.098504,1.6642158031463623
1058,1298349,SCLC,2.82824,2.8640918731689453
1930,688027,SCLC,-0.51108,0.06563273072242737
1924,1330964,SCLC,4.74194,3.027592182159424
1862,1299062,SCLC,-1.417471,-1.280658483505249
1926,1240186,SCLC,2.167751,2.4173636436462402
1564,687995,SCLC,3.799488,3.9041385650634766
1088,1330972,SCLC,-2.577352,-1.1707514524459839
1598,753547,SCLC,3.775291,3.3857274055480957
1913,1240186,SCLC,5.377298,5.022500514984131
1007,688006,SCLC,-3.895017,-4.133047103881836
1936,906808,SCLC,3.47439,3.113868236541748
1924,688026,SCLC,2.300314,1.9511585235595703
1578,753610,SCLC,4.160046,4.418161392211914
1563,1299062,SCLC,6.733774,6.319503307342529
1190,688013,SCLC,-3.300555,-4.479996204376221
1011,688014,SCLC,0.370254,-0.14159314334392548
1047,688025,SCLC,4.829057,4.236663818359375
1578,753547,SCLC,4.131402,4.3204522132873535
1852,1330972,SCLC,4.861025,4.263713359832764
1598,1330972,SCLC,3.871148,3.645587682723999
1507,753610,SCLC,3.939803,3.722390651702881
1093,924241,SCLC,6.975488,6.357870101928711
1013,1240189,SCLC,2.205108,2.07489275932312
1268,753594,SCLC,4.189351,3.6034014225006104
1375,688025,SCLC,6.244861,5.353209018707275
1091,687983,SCLC,1.885186,3.496238946914673
1630,688014,SCLC,5.090642,5.302319526672363
1080,713880,SCLC,-4.446455,-4.400235652923584
1553,907295,SCLC,4.240139,3.8018922805786133
1913,1322212,SCLC,5.328495,4.394707679748535
1057,687985,SCLC,-2.505323,-2.2990474700927734
2044,688031,SCLC,2.196196,2.2565317153930664
1177,1240189,SCLC,3.563085,2.424623489379883
2047,1299062,SCLC,1.30901,2.6657025814056396
1239,687985,SCLC,1.054131,0.9634720087051392
1084,907295,SCLC,-2.551584,-0.657221257686615
1558,1299062,SCLC,5.382392,5.545508861541748
1924,1240193,SCLC,2.062032,1.5910435914993286
1168,1240186,SCLC,3.189304,3.5134730339050293
1561,687980,SCLC,0.932826,1.9298241138458252
1916,688014,SCLC,4.054356,4.9881181716918945
1908,688023,SCLC,2.633005,2.142185688018799
1089,688011,SCLC,4.567902,3.633890151977539
1250,687983,SCLC,1.531211,2.474888563156128
1576,713899,SCLC,2.791888,2.179405450820923
1036,753547,SCLC,4.1654,3.663004159927368
1080,1330973,SCLC,-2.826075,0.06592686474323273
1629,688010,SCLC,2.787613,3.5948731899261475
1916,753565,SCLC,-0.126762,1.3026556968688965
1557,688010,SCLC,5.554265,4.8791069984436035
1011,1330972,SCLC,-0.540096,-0.9091912508010864
1093,713880,SCLC,3.246507,3.6586854457855225
1917,1330964,SCLC,1.259625,2.1416330337524414
1908,906808,SCLC,3.777695,3.431673526763916
1168,910692,SCLC,3.207405,2.9960567951202393
1250,907295,SCLC,4.306081,5.123777389526367
1190,688026,SCLC,3.005351,3.1475961208343506
2109,688023,SCLC,1.091485,2.1776041984558105
1131,687995,SCLC,4.900496,5.3635053634643555
1051,688021,SCLC,5.411885,4.602026462554932
1928,688010,SCLC,3.267685,4.488950252532959
1190,906808,SCLC,1.599165,3.520855665206909
1012,753610,SCLC,0.163647,0.8994823694229126
1022,1240189,SCLC,-1.098472,-1.0095235109329224
1932,688010,SCLC,2.417497,1.5777099132537842
1529,907295,SCLC,2.567184,3.549755573272705
1199,713899,SCLC,3.883139,3.3981218338012695
2045,1240193,SCLC,3.400669,4.158486366271973
1079,1240192,SCLC,3.45208,1.8336455821990967
2047,1240192,SCLC,3.959295,2.352475166320801
1375,687995,SCLC,5.115555,5.605373859405518
1034,753565,SCLC,-3.210628,-3.806049346923828
2044,753547,SCLC,1.606329,2.490199565887451
1930,713880,SCLC,1.053599,-0.8231886625289917
1068,907295,SCLC,1.462868,2.4415395259857178
1549,753610,SCLC,3.385542,3.3320794105529785
1507,688025,SCLC,2.607829,3.34275221824646
1005,688006,SCLC,1.597928,0.8171843886375427
1046,1240189,SCLC,1.092484,0.3145557940006256
1373,1330972,SCLC,5.269849,5.450997829437256
1032,1330973,SCLC,2.754473,3.3372490406036377
1924,688031,SCLC,4.071694,2.8316755294799805
1618,1330972,SCLC,3.312013,3.675334930419922
1004,688027,SCLC,-6.645121,-4.354668140411377
1557,713878,SCLC,5.268138,4.750474452972412
2046,906808,SCLC,3.650404,4.278340816497803
1862,713880,SCLC,-1.814826,-1.4983189105987549
2043,1322212,SCLC,5.310399,4.521254539489746
1088,1240186,SCLC,6.078025,5.0340752601623535
1558,688001,SCLC,0.555317,2.106106996536255
1131,753565,SCLC,5.106894,3.9108970165252686
1093,1330972,SCLC,5.383567,4.560305118560791
1559,753565,SCLC,-2.196718,-3.2841689586639404
1918,910937,SCLC,2.650142,2.832474708557129
1085,1322212,SCLC,2.990128,1.3535163402557373
1250,713880,SCLC,0.346583,1.0135737657546997
1073,1330972,SCLC,6.469159,3.8716063499450684
1372,688026,SCLC,2.942388,3.329720973968506
2096,688026,SCLC,4.35075,3.729731559753418
2043,687983,SCLC,4.470273,4.7592973709106445
1558,907295,SCLC,6.035135,4.6549763679504395
1068,753594,SCLC,1.951661,1.2974205017089844
1613,687980,SCLC,2.512196,3.2057085037231445
1084,724872,SCLC,-1.440459,-2.2240142822265625
1852,688023,SCLC,5.094669,4.414351463317871
2111,1330964,SCLC,4.134201,5.097122669219971
1005,713878,SCLC,2.486395,2.427772283554077
1622,753551,SCLC,3.084368,4.1622467041015625
1598,688010,SCLC,2.860155,3.314531087875366
1060,753610,SCLC,1.619952,0.6514688730239868
1620,908483,SCLC,4.473132,4.695738315582275
1054,907295,SCLC,3.916993,4.500106334686279
1248,688026,SCLC,-6.069835,-5.2013773918151855
2045,907295,SCLC,5.754357,5.289797306060791
1928,688027,SCLC,2.512629,3.1921486854553223
1852,753589,SCLC,5.976119,5.841869831085205
1926,688025,SCLC,2.61719,1.6412403583526611
1080,688013,SCLC,-5.129421,-4.416133880615234
1051,687983,SCLC,3.864888,1.9057482481002808
1079,688013,SCLC,1.877376,2.758904457092285
2043,1240186,SCLC,6.404613,5.422845840454102
1631,687997,SCLC,4.227503,3.864380359649658
1010,713899,SCLC,3.173761,3.6686253547668457
1268,688014,SCLC,5.208421,5.3236494064331055
2109,713880,SCLC,2.051428,2.2225089073181152
1919,753594,SCLC,1.771643,1.9453067779541016
1928,724872,SCLC,3.129642,4.010341644287109
1553,1299062,SCLC,4.872689,5.295534133911133
1598,753594,SCLC,3.397866,3.3490192890167236
1933,724872,SCLC,3.885694,3.722470998764038
1549,1240192,SCLC,4.486839,4.463493824005127
1268,688031,SCLC,2.688521,3.2618374824523926
2045,688027,SCLC,3.881157,4.637716770172119
1939,687997,SCLC,3.396172,2.68017578125
1928,713880,SCLC,4.010347,3.7855544090270996
1558,906808,SCLC,3.589398,4.277446269989014
1080,688001,SCLC,-3.514953,-4.092587471008301
1936,687983,SCLC,2.96739,2.3288040161132812
1873,753547,SCLC,0.693977,0.4937673807144165
1084,1299062,SCLC,-1.967205,-1.114954948425293
1912,687995,SCLC,2.038633,2.1377577781677246
1080,687985,SCLC,-4.802091,-4.38232946395874
1930,753594,SCLC,-1.2572,-0.7480528354644775
1620,753610,SCLC,5.036126,4.239053249359131
1625,687980,SCLC,4.50333,4.4535369873046875
1924,1322212,SCLC,1.408536,1.2045021057128906
1058,713899,SCLC,1.227136,1.646660327911377
1084,910937,SCLC,-2.57513,-2.211822271347046
1563,924241,SCLC,7.585245,7.282104015350342
1080,753589,SCLC,0.621733,0.09376581013202667
1168,688023,SCLC,2.797477,2.4120407104492188
1925,1330973,SCLC,4.913606,5.528757572174072
1620,753547,SCLC,4.870211,4.650331974029541
2106,1240192,SCLC,5.020458,4.904741287231445
1249,924241,SCLC,5.578154,5.892894268035889
2106,753547,SCLC,1.981095,1.7050137519836426
1559,688025,SCLC,-0.998389,-1.1744664907455444
1199,688010,SCLC,2.823576,3.2271337509155273
1855,753594,SCLC,2.795111,3.5703134536743164
1560,688026,SCLC,4.146453,3.1691739559173584
1088,687985,SCLC,2.32828,2.7235188484191895
1910,688010,SCLC,-3.576733,-1.3790102005004883
1200,1298349,SCLC,3.217788,2.6071114540100098
2109,907295,SCLC,3.852509,2.6167469024658203
1131,753594,SCLC,2.987924,4.501585006713867
1786,910937,SCLC,3.650248,2.4682669639587402
1873,724872,SCLC,0.683015,0.6449909806251526
1559,688021,SCLC,1.474555,0.03271551430225372
1268,753565,SCLC,3.947432,4.0885539054870605
1915,1299062,SCLC,4.59184,4.005955219268799
1799,907295,SCLC,6.194899,5.864279747009277
1939,1330964,SCLC,4.028068,2.5302205085754395
1928,688001,SCLC,2.13697,2.491222858428955
2040,1322212,SCLC,0.185553,0.6672258377075195
1936,1330973,SCLC,4.192745,3.957401752471924
1179,1322212,SCLC,0.65852,0.4206061363220215
1512,688010,SCLC,3.427686,4.97731351852417
1618,688023,SCLC,3.614672,3.652315378189087
1996,1240193,SCLC,3.714146,2.6325299739837646
1576,688018,SCLC,3.217299,3.4731390476226807
1849,1299062,SCLC,0.762784,0.337912380695343
1088,753589,SCLC,3.545546,4.078432083129883
1058,753565,SCLC,1.430801,0.5343356132507324
1941,906808,SCLC,-4.947666,-2.3353593349456787
1622,1240192,SCLC,4.38726,3.909911870956421
1248,1240192,SCLC,-3.577925,-5.142946720123291
1931,688025,SCLC,4.269739,4.794888496398926
1131,907295,SCLC,6.63463,6.292943954467773
1507,688001,SCLC,3.966189,4.378564357757568
1927,753610,SCLC,4.330532,4.266495704650879
1624,753565,SCLC,-0.224104,1.5830662250518799
1933,1330972,SCLC,2.539667,2.895245313644409
1083,687997,SCLC,3.917179,4.559074401855469
1080,1322212,SCLC,-3.803563,-4.011354446411133
1013,713899,SCLC,2.220923,3.6262245178222656
1058,688014,SCLC,3.380656,3.503265142440796
1058,1330973,SCLC,1.43398,1.6979306936264038
2111,687983,SCLC,5.359617,4.725987434387207
1913,1330964,SCLC,5.863028,4.530533313751221
1560,907295,SCLC,5.494635,5.01913595199585
1862,688023,SCLC,-2.57408,-1.5944535732269287
1941,1298349,SCLC,-2.11925,-1.4897100925445557
1559,713878,SCLC,-1.779738,-1.267912745475769
1617,753551,SCLC,0.661593,1.558290719985962
1635,688014,SCLC,5.597292,5.97326135635376
1191,910937,SCLC,-3.961014,-4.607579708099365
1918,910692,SCLC,3.697021,3.814429759979248
1268,688025,SCLC,2.702869,3.5352084636688232
1786,1330973,SCLC,3.699616,4.072162628173828
1373,688001,SCLC,0.680875,1.713752031326294
1054,688001,SCLC,-1.33781,2.300204038619995
1004,688026,SCLC,-2.726799,-2.5727994441986084
1933,753594,SCLC,4.568199,3.893918991088867
1855,907295,SCLC,5.248169,4.987459659576416
1558,753547,SCLC,1.628204,2.4306466579437256
1930,688023,SCLC,-0.716135,-1.0409198999404907
1180,687985,SCLC,-3.934477,-3.245072364807129
2111,724872,SCLC,3.720296,4.114996910095215
1936,687995,SCLC,0.872984,2.4597408771514893
1373,688031,SCLC,4.15436,3.8740053176879883
1259,1299062,SCLC,4.795191,4.2849225997924805
1941,1322212,SCLC,-5.539199,-2.2921977043151855
1625,910692,SCLC,5.723241,5.527242183685303
1010,687980,SCLC,3.132541,3.2522919178009033
1089,713899,SCLC,3.654505,2.869354724884033
1615,687980,SCLC,3.395912,4.682123184204102
1058,1240186,SCLC,3.090204,2.8773114681243896
1936,1330972,SCLC,2.285096,2.2204904556274414
1558,753594,SCLC,1.959456,2.529900312423706
1997,687997,SCLC,4.500412,3.860372543334961
1598,906808,SCLC,4.045546,4.168941020965576
1047,688021,SCLC,6.752652,6.633370876312256
1180,713880,SCLC,-3.767095,-3.7052807807922363
1911,1240189,SCLC,-5.145152,-5.47275972366333
1911,688006,SCLC,-5.472259,-4.598416328430176
1553,753594,SCLC,1.929246,2.4082319736480713
1862,688026,SCLC,-1.30564,-1.2377867698669434
1910,1299062,SCLC,4.875691,3.4464285373687744
2045,687985,SCLC,3.355168,4.557816505432129
1873,753589,SCLC,3.352133,3.0172107219696045
1007,724872,SCLC,-5.237943,-5.21412467956543
1614,688001,SCLC,3.314214,1.822948932647705
1852,1240192,SCLC,6.153173,5.680789470672607
1250,753589,SCLC,4.765942,4.758391857147217
1089,713880,SCLC,3.358759,2.8999593257904053
1634,687980,SCLC,3.56583,2.915599822998047
1199,688006,SCLC,2.880826,3.391218423843384
1054,908483,SCLC,2.795217,3.7558255195617676
1046,688031,SCLC,0.917942,0.3211680054664612
1563,687980,SCLC,4.892589,4.851545333862305
1620,688018,SCLC,6.550008,5.993006706237793
1060,1240186,SCLC,2.966201,2.8985495567321777
1372,1240193,SCLC,2.585701,2.631136417388916
2048,1330973,SCLC,-0.348746,0.3817383646965027
1933,1299062,SCLC,6.142418,5.800934314727783
2111,1298349,SCLC,4.729255,5.036125659942627
1177,908483,SCLC,2.776354,3.41678524017334
1908,688001,SCLC,0.652031,0.5386224389076233
1034,688014,SCLC,-2.119535,-1.931323766708374
1250,713878,SCLC,2.623793,0.8051746487617493
1512,724872,SCLC,4.660177,4.6601057052612305
1922,688014,SCLC,2.64995,3.518284797668457
1553,688018,SCLC,4.857978,3.4186389446258545
1930,687995,SCLC,0.473863,1.1129823923110962
1168,908483,SCLC,2.736361,2.3828811645507812
1931,753610,SCLC,5.041438,4.3792195320129395
1939,1322212,SCLC,0.981317,1.8965362310409546
2046,688023,SCLC,4.311042,1.9654639959335327
1635,687997,SCLC,5.981888,5.934401988983154
1622,687995,SCLC,3.861858,4.4392828941345215
1910,1330964,SCLC,-0.747524,-0.04933150112628937
1507,713880,SCLC,4.7684,4.407581806182861
1627,1330972,SCLC,2.94537,2.354182481765747
1624,713899,SCLC,3.690524,3.7685275077819824
1626,687983,SCLC,2.361684,3.7965052127838135
1375,908483,SCLC,5.57141,5.290429592132568
1200,906808,SCLC,3.221631,3.104423761367798
2111,687995,SCLC,4.886853,4.444449424743652
1375,907295,SCLC,6.558379,6.194476127624512
1915,713880,SCLC,2.580818,2.3646626472473145
1191,688023,SCLC,-5.933448,-5.092602252960205
1911,907295,SCLC,-3.912553,-2.661180019378662
1927,1330964,SCLC,5.860468,5.315157413482666
1553,688014,SCLC,3.24929,4.2045135498046875
1017,687983,SCLC,4.128832,4.25765323638916
1003,724872,SCLC,-1.207314,-2.412432909011841
1032,724872,SCLC,1.117352,2.1405582427978516
1032,753594,SCLC,1.159343,1.3275086879730225
1620,687980,SCLC,3.723562,4.877278804779053
1786,688001,SCLC,1.468843,0.7103670835494995
1003,688021,SCLC,0.454577,-0.8424638509750366
2043,688021,SCLC,6.575043,5.737720012664795
1511,906808,SCLC,2.310965,0.9982106685638428
1613,1299062,SCLC,4.104956,5.184703350067139
1919,688023,SCLC,1.607917,1.3075450658798218
1079,1322212,SCLC,2.493035,3.221947431564331
2096,688001,SCLC,1.753165,1.919761061668396
1017,753565,SCLC,1.748415,3.0098421573638916
2110,688001,SCLC,4.824927,3.3732621669769287
1180,753589,SCLC,0.79,1.8135511875152588
1916,1299062,SCLC,4.564583,4.4102463722229
1615,713880,SCLC,4.897318,4.682150363922119
1909,687983,SCLC,1.853106,2.009706974029541
1085,907295,SCLC,1.592627,2.6316440105438232
1007,1240186,SCLC,-1.559213,-1.4886606931686401
1004,724872,SCLC,-5.417533,-4.715481758117676
1618,908483,SCLC,3.277289,3.2355196475982666
1005,753589,SCLC,4.387401,4.2763800621032715
2110,687995,SCLC,4.314955,4.5292534828186035
1250,753547,SCLC,1.961084,0.5523526072502136
1375,753565,SCLC,5.735111,5.738150119781494
1006,687983,SCLC,2.790819,1.9027113914489746
1011,687995,SCLC,-1.140358,-0.6038761734962463
1852,713880,SCLC,3.882705,4.828540802001953
1080,687995,SCLC,-0.679162,-3.386801242828369
1036,687980,SCLC,4.407442,3.850369453430176
2047,688026,SCLC,3.224565,3.8100669384002686
1006,753610,SCLC,-1.207954,-0.862720251083374
1168,1298349,SCLC,1.678161,2.578217029571533
1036,687983,SCLC,5.368516,4.69282341003418
1079,687985,SCLC,3.338725,2.100484848022461
2111,713880,SCLC,3.694502,3.620857000350952
1180,688006,SCLC,-1.843425,0.7116365432739258
1933,906808,SCLC,3.614877,4.019842624664307
2046,1298349,SCLC,4.4375,4.113040924072266
1911,753594,SCLC,-5.798374,-4.5309906005859375
1058,688023,SCLC,0.436007,0.952880322933197
1200,1240192,SCLC,2.844759,2.8870863914489746
1564,688014,SCLC,5.176897,5.214651584625244
1909,753594,SCLC,1.071932,1.6434942483901978
1913,688031,SCLC,3.7238,3.531186580657959
1852,688014,SCLC,5.946757,5.377985000610352
1932,1322212,SCLC,-0.155571,0.5247801542282104
1940,687995,SCLC,3.124212,4.248301029205322
1200,753594,SCLC,2.27228,2.5470170974731445
1036,1322212,SCLC,4.676314,4.0858378410339355
1168,753547,SCLC,2.618851,2.749680280685425
2107,688013,SCLC,4.354801,4.627057075500488
1177,687980,SCLC,3.120347,2.909710645675659
1010,753565,SCLC,3.652071,3.1225318908691406
1007,687985,SCLC,-6.067713,-5.50215482711792
1553,688013,SCLC,4.145734,3.3536934852600098
1049,688001,SCLC,2.689196,2.608454704284668
1022,687995,SCLC,1.032489,0.0506722629070282
1924,1330973,SCLC,2.718677,3.8295040130615234
1053,688023,SCLC,1.201495,1.7147001028060913
1593,687980,SCLC,1.025288,0.6092395186424255
1177,688013,SCLC,-0.186848,1.0275671482086182
1046,906808,SCLC,2.060243,2.4933717250823975
2044,688001,SCLC,2.501595,2.2326290607452393
1085,687985,SCLC,1.573337,1.7394739389419556
1617,688001,SCLC,0.557444,-0.5880906581878662
1073,910937,SCLC,3.724606,4.417195796966553
1631,687985,SCLC,3.03578,3.5909218788146973
1507,1240189,SCLC,4.913215,4.2789716720581055
1578,688014,SCLC,5.215511,6.300879955291748
1936,688001,SCLC,1.433297,1.5273113250732422
1239,713880,SCLC,0.290504,1.0058696269989014
1054,1240189,SCLC,1.331203,3.272449016571045
1909,1298349,SCLC,1.361266,1.5970664024353027
2109,687985,SCLC,1.968366,1.831628680229187
1849,1240186,SCLC,2.393433,0.2548679709434509
1559,1240193,SCLC,-2.638017,-2.819232940673828
2109,1297439,SCLC,2.644525,2.6298370361328125
1927,687980,SCLC,4.696504,4.268714427947998
1003,1240193,SCLC,-3.434906,-4.086670398712158
1011,1330973,SCLC,0.804923,1.3584078550338745
1924,688001,SCLC,1.415267,1.1170250177383423
1940,688014,SCLC,4.332183,4.121752738952637
2043,724872,SCLC,4.510147,3.9920618534088135
1873,688010,SCLC,1.140355,1.1215416193008423
1912,1330973,SCLC,1.463949,3.2320761680603027
1006,1330972,SCLC,-0.264814,-0.8944482803344727
1621,908483,SCLC,4.462405,2.9844706058502197
1013,688010,SCLC,3.469111,3.276629686355591
1003,688018,SCLC,-2.031672,-2.9820666313171387
1915,688013,SCLC,2.742491,2.5841064453125
1046,1240192,SCLC,2.215708,2.654642343521118
1003,688031,SCLC,-2.897812,-3.3897452354431152
1910,688013,SCLC,-2.529415,-1.6790246963500977
1557,907295,SCLC,6.157941,5.750565528869629
2106,1299062,SCLC,4.970777,5.295534133911133
1085,688023,SCLC,2.036918,1.546263575553894
1564,1330964,SCLC,4.007407,4.215755939483643
1855,688014,SCLC,5.002123,5.680659770965576
1922,687995,SCLC,3.141865,3.090830087661743
1559,687997,SCLC,-1.75772,0.6306064128875732
1561,1240186,SCLC,3.816251,3.349876642227173
1046,753589,SCLC,3.152718,2.8812360763549805
1003,713880,SCLC,-3.689053,-3.8069796562194824
1997,753547,SCLC,-0.925062,1.7080835103988647
2106,688001,SCLC,1.081296,1.3144391775131226
1199,1330972,SCLC,4.570103,3.539123296737671
1558,1330964,SCLC,6.165428,4.405145645141602
2043,687997,SCLC,4.241108,5.38161039352417
1177,688031,SCLC,1.62161,2.705191135406494
1926,1298349,SCLC,2.324936,1.5720443725585938
1613,910692,SCLC,4.693429,4.316562652587891
1034,724872,SCLC,-3.618836,-2.7663915157318115
1083,753547,SCLC,2.394544,3.006103038787842
2047,688027,SCLC,3.517061,3.860736131668091
2045,753594,SCLC,4.568486,4.194310188293457
1917,688014,SCLC,2.595159,4.03422737121582
1080,907295,SCLC,0.24869,0.4757903814315796
1576,910692,SCLC,3.160254,3.3217217922210693
1168,753594,SCLC,2.959886,2.1807820796966553
1237,688013,SCLC,4.987167,4.51207160949707
1510,688021,SCLC,3.865252,5.174659729003906
1576,724872,SCLC,1.660613,2.004847764968872
2096,753589,SCLC,5.124402,5.164199352264404
1913,688023,SCLC,4.429028,3.916471481323242
1799,1240192,SCLC,5.759754,4.789709568023682
1558,688031,SCLC,2.186727,1.264323353767395
1091,688006,SCLC,2.771544,3.351762294769287
1627,924241,SCLC,5.157606,4.550724983215332
1013,688014,SCLC,4.914232,4.907088756561279
1614,1240189,SCLC,1.684385,2.7198359966278076
1005,687995,SCLC,1.784589,1.4682337045669556
1854,713880,SCLC,4.755272,4.640286922454834
1912,1298349,SCLC,3.083827,3.3810296058654785
2040,688026,SCLC,2.389087,0.34460216760635376
1005,688013,SCLC,-1.551348,-0.5782642960548401
2109,910937,SCLC,2.139275,1.8970917463302612
1510,924241,SCLC,6.344866,4.496592998504639
1005,688025,SCLC,0.358268,0.02681654691696167
1510,753589,SCLC,3.88956,5.543615818023682
1576,1240189,SCLC,2.721335,2.0288805961608887
1006,1298349,SCLC,3.596637,2.591021776199341
1620,753551,SCLC,4.539209,4.537426471710205
2096,910692,SCLC,2.461415,2.567593812942505
1926,687997,SCLC,3.218555,2.8601696491241455
2106,1298349,SCLC,3.12386,4.080682277679443
1598,688006,SCLC,2.882599,3.3120510578155518
2107,753547,SCLC,4.805259,4.273615837097168
1941,1330972,SCLC,-5.526708,-4.347157001495361
1375,724872,SCLC,5.454576,5.492663383483887
2047,688014,SCLC,2.989675,3.9332892894744873
1012,907295,SCLC,2.81414,1.4166271686553955
1073,688027,SCLC,6.152833,5.505764961242676
1862,753610,SCLC,-2.091162,-1.9961731433868408
1933,1240193,SCLC,1.942013,3.4995460510253906
1624,924241,SCLC,7.108981,6.797202110290527
1563,1240189,SCLC,5.433001,4.9690775871276855
1932,688013,SCLC,1.705711,1.190475344657898
1624,688025,SCLC,-0.964258,1.9816608428955078
2096,753594,SCLC,2.138353,2.4549641609191895
1010,910937,SCLC,3.946236,3.6703085899353027
1615,688014,SCLC,5.287652,5.914318561553955
1553,688006,SCLC,4.045565,2.8569674491882324
1259,753565,SCLC,-2.345657,-0.29238778352737427
1620,688025,SCLC,4.87911,4.654846668243408
1996,908483,SCLC,3.96251,3.0429630279541016
1996,724872,SCLC,2.686939,3.170745849609375
1849,907295,SCLC,0.030772,0.17291907966136932
1079,713880,SCLC,3.344003,1.2460383176803589
1168,713899,SCLC,3.70538,3.051304817199707
1250,688006,SCLC,3.482017,2.272519111633301
1625,713899,SCLC,5.288441,5.226105690002441
1936,1330964,SCLC,0.63556,2.5056989192962646
1058,687997,SCLC,3.741688,3.8398728370666504
1237,1330973,SCLC,6.009781,6.351063251495361
1916,688031,SCLC,2.967577,2.3673768043518066
1054,688006,SCLC,5.455031,4.572532653808594
1917,1298349,SCLC,3.498152,3.8904902935028076
1927,688023,SCLC,4.926214,3.906587839126587
1855,1330972,SCLC,3.232594,2.9527649879455566
2046,687995,SCLC,4.059915,3.335197687149048
1912,1299062,SCLC,5.206188,4.1559739112854
1910,687995,SCLC,-1.490294,0.13599947094917297
1613,924241,SCLC,6.56473,6.271456718444824
1200,713878,SCLC,2.725148,3.136622905731201
1375,1240192,SCLC,5.304225,6.342772960662842
1011,688025,SCLC,-1.412125,-1.2982537746429443
1618,753610,SCLC,3.313256,2.397613286972046
1084,688023,SCLC,-3.171874,-2.892299175262451
1013,688031,SCLC,1.661535,1.6400941610336304
1997,1240186,SCLC,4.226816,3.6370904445648193
1250,910692,SCLC,3.176326,4.296303749084473
1179,688026,SCLC,-1.457691,0.7740671634674072
1022,687985,SCLC,0.115662,-0.9320590496063232
1047,688027,SCLC,5.535354,5.037635803222656
2106,753610,SCLC,1.825853,2.8874318599700928
1927,910692,SCLC,5.90922,5.145000457763672
1511,687983,SCLC,-0.939816,-0.8070055246353149
1036,1240189,SCLC,4.503917,4.196751117706299
1557,688018,SCLC,5.554632,5.644240379333496
2047,753589,SCLC,4.115405,3.9967751502990723
2109,1298349,SCLC,2.52505,2.399090528488159
1873,1322212,SCLC,1.23267,0.1659332811832428
1563,688001,SCLC,4.636508,5.1268720626831055
1559,687980,SCLC,-1.129604,-2.748199939727783
1634,713899,SCLC,4.497981,4.306852340698242
1010,687985,SCLC,3.377829,3.089883327484131
1916,687983,SCLC,2.96394,2.7290501594543457
1563,688014,SCLC,6.250161,5.976568698883057
1629,688031,SCLC,3.556129,3.362405300140381
1089,907295,SCLC,4.23326,4.170857906341553
1051,907295,SCLC,3.087286,5.079254627227783
1057,1240189,SCLC,-2.205948,-2.310633420944214
1620,687983,SCLC,4.841514,5.332619667053223
1911,688031,SCLC,-5.540484,-5.4397149085998535
1560,688021,SCLC,5.907709,5.165698528289795
1799,688025,SCLC,4.936419,3.146991729736328
1634,1240189,SCLC,3.296134,3.304965019226074
1913,753594,SCLC,3.247076,4.12020206451416
1131,688018,SCLC,6.930574,5.476360321044922
1925,687985,SCLC,4.006462,4.339979648590088
1372,1240189,SCLC,0.928584,1.3378492593765259
1049,687995,SCLC,4.307275,4.573060989379883
1630,687985,SCLC,3.446526,3.3753716945648193
2048,687997,SCLC,-2.528872,-1.4072190523147583
1932,688025,SCLC,2.712237,2.3288333415985107
1553,687980,SCLC,2.334055,1.3378188610076904
1559,753610,SCLC,-4.319386,-3.5314512252807617
1239,688027,SCLC,0.640423,1.7606786489486694
1563,688018,SCLC,6.547751,6.242422103881836
1621,688023,SCLC,3.739229,3.511869192123413
1626,688010,SCLC,5.408873,1.4482067823410034
1561,688031,SCLC,2.751719,2.355386257171631
1200,1240189,SCLC,2.16848,2.5061354637145996
2045,688011,SCLC,5.469071,4.591826915740967
1593,713878,SCLC,0.507759,1.1008892059326172
1049,753589,SCLC,5.505408,5.001962184906006
2106,1297439,SCLC,2.395625,3.0543429851531982
1927,1299062,SCLC,6.419728,5.874231815338135
1873,687983,SCLC,1.196942,0.7589102983474731
1578,753551,SCLC,4.410559,5.0222039222717285
1003,1330973,SCLC,2.048421,2.254563808441162
1918,753589,SCLC,5.437204,3.989905595779419
1007,1297439,SCLC,-3.129775,-2.942417621612549
1614,687997,SCLC,5.184973,5.216052532196045
1080,1240186,SCLC,0.738091,0.3178858160972595
1005,753547,SCLC,3.09845,2.671706199645996
1510,687997,SCLC,4.115872,4.375328540802002
1786,688006,SCLC,1.086647,1.609057903289795
1913,1330972,SCLC,5.10601,3.927727460861206
1010,713880,SCLC,3.287257,2.9762096405029297
2111,1299062,SCLC,4.466043,5.7933173179626465
1190,713880,SCLC,-5.071554,-3.356247663497925
1054,724872,SCLC,2.386288,3.39275860786438
2107,753589,SCLC,6.276139,5.911923885345459
1180,688018,SCLC,-1.138246,-0.5161563754081726
1936,908483,SCLC,0.889851,2.1344871520996094
1237,753610,SCLC,4.701222,4.356358051300049
1006,688025,SCLC,3.047688,0.5913212299346924
1924,907295,SCLC,5.775793,4.545164585113525
1375,753547,SCLC,5.162528,5.102581024169922
1941,910692,SCLC,-1.286733,-1.84395170211792
1006,688013,SCLC,-0.842225,-1.5674324035644531
1199,688026,SCLC,3.737935,3.2314441204071045
1237,908483,SCLC,4.146375,4.274186611175537
1057,1299062,SCLC,-0.077689,-0.9599651098251343
2109,688001,SCLC,1.916695,1.5232325792312622
1996,687997,SCLC,6.057582,4.636270523071289
1618,753551,SCLC,3.913602,3.4483683109283447
1032,1299062,SCLC,2.867516,3.386432647705078
1627,1240186,SCLC,3.117519,3.815814971923828
1598,713880,SCLC,2.606826,3.0633442401885986
1068,1330972,SCLC,0.151466,1.4379481077194214
1922,688027,SCLC,1.424494,1.5528026819229126
1511,1330972,SCLC,-3.191934,-2.6895782947540283
1853,907295,SCLC,1.948177,1.4123615026474
1168,1330972,SCLC,2.006027,1.8799291849136353
1004,1330973,SCLC,-1.972737,0.016599565744400024
1177,713899,SCLC,4.535205,4.333710193634033
1622,688018,SCLC,6.509451,5.238836765289307
1507,924241,SCLC,6.1235,6.894026756286621
1926,1322212,SCLC,0.268502,-0.1935076266527176
1259,753547,SCLC,3.25776,3.577369213104248
2044,753589,SCLC,3.660684,3.4052412509918213
2048,687980,SCLC,-4.423348,-4.937084674835205
1007,910692,SCLC,-2.263391,-2.5925040245056152
1259,910692,SCLC,0.14056,0.5087198615074158
1248,753610,SCLC,-7.096476,-4.869722366333008
1854,1330972,SCLC,4.272513,4.614325046539307
1908,1330973,SCLC,5.01143,4.345052719116211
1560,910937,SCLC,3.538514,2.594160556793213
1057,688023,SCLC,-2.377847,-2.029204845428467
1512,753589,SCLC,6.242629,5.873159408569336
1068,688014,SCLC,2.260281,3.0686330795288086
1046,1240186,SCLC,4.599062,4.917462348937988
1005,713899,SCLC,1.740951,1.868717074394226
1373,688014,SCLC,5.918034,5.865501880645752
1507,688013,SCLC,4.661384,4.276129245758057
1084,753547,SCLC,-1.557455,-2.8527073860168457
1017,688027,SCLC,3.389602,4.522610187530518
1046,1322212,SCLC,1.840062,1.4861685037612915
1034,688023,SCLC,-3.90922,-3.4049723148345947
1911,688014,SCLC,-3.014896,-3.9427294731140137
1131,753547,SCLC,2.579142,4.416507244110107
1561,688011,SCLC,3.293286,4.1698713302612305
2111,753610,SCLC,2.788066,2.555290460586548
1375,1299062,SCLC,7.818775,6.543238162994385
1083,687980,SCLC,3.195408,2.7657392024993896
1997,688001,SCLC,-4.000847,-1.4137552976608276
1080,688031,SCLC,-4.858737,-4.284331798553467
1615,907295,SCLC,5.768318,5.910944938659668
1054,687997,SCLC,5.492558,5.395216464996338
1529,1330964,SCLC,1.023046,-0.2660697102546692
2046,910937,SCLC,4.520396,2.277463674545288
1047,687985,SCLC,4.719427,5.04198694229126
1919,906808,SCLC,1.281755,2.3313636779785156
1913,713899,SCLC,5.121007,4.409394264221191
1936,724872,SCLC,2.565858,1.6875286102294922
1017,688001,SCLC,1.741733,1.2785810232162476
1913,1240192,SCLC,4.309175,4.766592979431152
1200,688014,SCLC,3.79164,3.6532936096191406
1997,687980,SCLC,-0.900125,-0.3540669083595276
2106,687997,SCLC,3.950765,4.746114253997803
1933,753547,SCLC,2.878212,3.8703982830047607
1873,688014,SCLC,1.559729,2.9849324226379395
1941,688023,SCLC,-4.308416,-5.083408832550049
1085,1298349,SCLC,2.181851,2.1460134983062744
1925,1240189,SCLC,4.559643,4.445640563964844
1036,1330964,SCLC,5.861788,6.051138401031494
1089,1240193,SCLC,2.578381,3.0222160816192627
1919,688014,SCLC,0.752644,2.4978561401367188
1180,1240192,SCLC,-2.916286,-3.339430809020996
2048,753589,SCLC,1.339536,-1.9699509143829346
1917,1240186,SCLC,4.11755,4.051732540130615
1558,687983,SCLC,4.344064,3.627798318862915
1007,910937,SCLC,-6.04159,-5.401538372039795
1561,1299062,SCLC,4.40032,3.868034839630127
1058,753589,SCLC,3.556476,2.603680372238159
1093,687980,SCLC,4.83253,3.604431390762329
1372,753565,SCLC,1.938137,1.450143814086914
1635,687995,SCLC,5.385377,4.978037357330322
1510,688023,SCLC,4.096824,1.6678249835968018
1373,753547,SCLC,4.907964,4.341587066650391
1912,753565,SCLC,-0.293504,1.2971028089523315
1007,1298349,SCLC,-3.966404,-3.1143391132354736
1627,713899,SCLC,2.984199,2.9563381671905518
1618,1299062,SCLC,5.164972,4.825126647949219
1910,1330973,SCLC,1.433261,1.4047234058380127
1909,687995,SCLC,-0.880929,1.5551421642303467
1011,713899,SCLC,-2.380281,-0.9547027349472046
1561,906808,SCLC,4.929543,4.507757663726807
1939,724872,SCLC,1.19755,1.8403409719467163
1239,1330972,SCLC,0.494347,0.9848667979240417
1559,688001,SCLC,-3.864745,-4.075575828552246
1549,1240193,SCLC,4.402382,4.26040506362915
1005,1322212,SCLC,1.540165,0.8356095552444458
1079,713878,SCLC,2.861048,3.0402231216430664
1011,688001,SCLC,-2.086638,-2.8527636528015137
1057,688031,SCLC,-0.898189,-2.296553373336792
1862,1240186,SCLC,-0.776802,-0.6655052304267883
1854,687995,SCLC,3.706512,4.563124179840088
1854,688021,SCLC,5.571739,6.659893989562988
1997,687985,SCLC,3.858506,2.902066707611084
1003,688023,SCLC,-2.022564,-3.2628939151763916
1032,1322212,SCLC,1.13137,1.044297695159912
1080,688014,SCLC,0.114019,-1.6111209392547607
1510,1240192,SCLC,3.891718,4.045241355895996
1054,688011,SCLC,4.698069,4.5706095695495605
1190,687980,SCLC,-2.065298,-3.0453269481658936
1621,924241,SCLC,7.173275,5.777791500091553
1013,1240186,SCLC,5.584764,5.561794757843018
1049,688010,SCLC,4.471666,3.5138919353485107
1629,753589,SCLC,6.519994,5.179364204406738
1852,1240189,SCLC,5.294778,4.4045729637146
1618,724872,SCLC,3.007593,3.0333125591278076
1179,688031,SCLC,-0.33981,-0.6317611932754517
1131,687985,SCLC,3.450034,5.6152753829956055
1089,688001,SCLC,2.392866,0.6895513534545898
1249,907295,SCLC,5.761699,4.806868553161621
1925,1240192,SCLC,4.978723,4.90273904800415
1060,713880,SCLC,1.132449,1.0916953086853027
1011,1299062,SCLC,5.399296,2.596128463745117
1004,687980,SCLC,-3.862369,-5.419936656951904
1613,753594,SCLC,2.45533,2.9378106594085693
1089,687995,SCLC,4.264526,3.4409351348876953
2043,688031,SCLC,4.335724,3.2491769790649414
1912,724872,SCLC,2.402832,3.2225542068481445
1239,753610,SCLC,0.998606,1.0742098093032837
1913,688010,SCLC,5.167881,4.344435691833496
1005,713880,SCLC,2.166243,2.080256223678589
1054,687995,SCLC,4.948293,4.6573076248168945
1635,688011,SCLC,5.110425,4.8245463371276855
1268,688013,SCLC,4.67535,4.516598701477051
1013,753589,SCLC,5.193663,5.168959617614746
1084,687997,SCLC,-0.924084,-0.29755717515945435
1507,724872,SCLC,4.727451,4.015745162963867
1373,688025,SCLC,3.628907,4.940141201019287
1003,1299062,SCLC,-2.393159,-2.5011398792266846
1924,908483,SCLC,3.035427,3.052661895751953
1618,753565,SCLC,2.822069,2.9854624271392822
1073,688006,SCLC,5.584438,5.010130405426025
1997,910937,SCLC,1.407287,0.5356382131576538
1635,687980,SCLC,4.741979,4.5727338790893555
1199,688025,SCLC,3.858023,2.994194746017456
1560,688014,SCLC,4.214574,5.026538848876953
1625,1240186,SCLC,5.779206,5.513396263122559
1629,688011,SCLC,4.215865,3.9051904678344727
1909,688010,SCLC,-3.212668,-0.4760470986366272
1918,1330964,SCLC,2.656609,3.308950424194336
2047,1330973,SCLC,5.203648,4.345052719116211
1012,1240189,SCLC,0.248949,0.2230168581008911
2045,1322212,SCLC,4.66096,4.9666032791137695
1786,753594,SCLC,2.846409,2.4021902084350586
2110,1299062,SCLC,5.410582,5.573056221008301
1627,687985,SCLC,2.471722,2.570528745651245
1036,1240193,SCLC,3.274052,3.3813893795013428
1925,910937,SCLC,4.963316,4.295523166656494
1529,713880,SCLC,-1.308827,-0.6299312710762024
1007,907295,SCLC,-2.014315,-1.305320143699646
1627,688011,SCLC,3.033882,3.064197540283203
1618,1240189,SCLC,3.133628,3.0686540603637695
1180,1240189,SCLC,-3.560309,-3.5923924446105957
1051,688011,SCLC,2.995837,2.1203255653381348
1131,905976,SKCM,3.372768,4.514685153961182
1622,906830,SKCM,5.55096,5.350980758666992
1058,905976,SKCM,1.153355,1.7841424942016602
1854,907067,SKCM,4.356513,4.9637627601623535
1046,906865,SKCM,1.819275,2.2163889408111572
1083,905975,SKCM,3.907931,3.1933979988098145
1558,1299078,SKCM,3.448607,2.5215587615966797
2048,910932,SKCM,-1.989181,-2.1000802516937256
1373,907067,SKCM,-3.098481,-2.7756307125091553
1620,907058,SKCM,5.601966,5.093966960906982
1259,1240153,SKCM,3.370633,3.6549785137176514
1058,907067,SKCM,0.958647,1.6033986806869507
1594,687448,SKCM,6.297105,5.958127021789551
1057,909713,SKCM,-2.30308,-1.7793540954589844
1908,909784,SKCM,3.074345,2.4524946212768555
2096,905974,SKCM,-0.257902,1.4967725276947021
1631,910903,SKCM,1.907801,2.126464366912842
1613,905956,SKCM,4.600826,4.768764495849609
1032,905975,SKCM,2.234441,1.7516677379608154
1918,906818,SKCM,4.005248,4.113259315490723
1786,907058,SKCM,3.906125,2.991424083709717
2048,1299078,SKCM,-3.839317,-3.8056693077087402
1079,905976,SKCM,3.597291,3.4090750217437744
1084,910853,SKCM,-1.464338,-2.3562519550323486
1786,909784,SKCM,4.551584,3.6955361366271973
1512,906818,SKCM,5.261738,5.446935176849365
1855,910921,SKCM,3.391938,5.759434700012207
1939,906792,SKCM,2.116413,1.9461948871612549
1849,905976,SKCM,-0.663037,-0.03785012662410736
1190,909784,SKCM,0.682195,-0.5548669695854187
1549,1240130,SKCM,4.16042,4.510851860046387
1259,906818,SKCM,2.868543,3.8721837997436523
2106,908128,SKCM,4.155368,3.6684768199920654
2048,1299080,SKCM,-2.785104,-3.0279712677001953
1625,1240226,SKCM,5.270986,6.319486618041992
1168,909784,SKCM,4.232975,3.4306788444519043
1057,906818,SKCM,-1.07392,-1.0715436935424805
1079,1240153,SKCM,3.476144,3.991727352142334
2109,907169,SKCM,1.686886,2.389624834060669
1854,910853,SKCM,4.50772,4.644716739654541
1620,910903,SKCM,4.112544,4.4669013023376465
2045,906792,SKCM,3.740116,4.315845489501953
1932,909723,SKCM,4.727704,3.126710891723633
1022,908125,SKCM,1.635697,2.510716676712036
1084,1240226,SKCM,0.525643,-1.2104324102401733
1049,907169,SKCM,4.208901,4.310975551605225
1080,908125,SKCM,0.044018,-0.7007045745849609
1917,905976,SKCM,3.128401,2.850870370864868
2109,1240153,SKCM,4.440133,1.6544684171676636
1060,909713,SKCM,-4.167648,-3.8940677642822266
1512,906865,SKCM,5.19768,4.700893402099609
1089,908128,SKCM,4.636241,5.589692115783691
1053,907058,SKCM,2.622367,3.2531745433807373
1618,906818,SKCM,4.392775,4.432501792907715
1190,905977,SKCM,4.395572,0.6998330950737
1259,906865,SKCM,3.02965,4.229238033294678
2106,907067,SKCM,-0.146509,2.368917942047119
1006,905974,SKCM,0.127862,-0.8175630569458008
2044,905976,SKCM,3.128502,3.7594046592712402
1940,905974,SKCM,4.679402,3.177802562713623
1053,1240226,SKCM,3.899192,3.482952117919922
1180,1299080,SKCM,-2.438608,-3.507852554321289
2111,909784,SKCM,5.973491,4.933085918426514
1375,1299078,SKCM,6.023536,5.7326788902282715
1576,907058,SKCM,1.382968,2.8305044174194336
1003,907172,SKCM,-2.312575,-2.539269208908081
1006,1240226,SKCM,1.012656,2.4572954177856445
1617,906814,SKCM,2.464449,3.1027841567993164
1624,906793,SKCM,3.085875,3.609654426574707
1248,906793,SKCM,-4.89857,-5.592733383178711
1873,907169,SKCM,0.478882,0.5345033407211304
1510,910903,SKCM,3.613144,4.242372989654541
2043,910853,SKCM,5.144316,4.323222637176514
1593,905974,SKCM,0.440802,1.3553104400634766
1131,905974,SKCM,2.747582,2.4114294052124023
1017,908128,SKCM,5.454249,5.163025856018066
1913,907067,SKCM,4.880432,4.573569297790527
1179,906814,SKCM,2.192479,0.7100263833999634
1553,907067,SKCM,1.067459,2.368917942047119
1625,907067,SKCM,4.647236,4.501250267028809
1854,909725,SKCM,5.579929,5.156201362609863
1909,905976,SKCM,3.003965,2.7703020572662354
2045,906793,SKCM,5.39233,5.007560729980469
1511,906814,SKCM,-0.847669,-1.0694067478179932
1011,906865,SKCM,1.414307,2.6238644123077393
1635,905975,SKCM,5.547215,5.360637187957764
1080,1299078,SKCM,-2.165504,-3.286074161529541
2107,910903,SKCM,4.521306,4.0533576011657715
1060,905976,SKCM,-4.320327,-3.708134889602661
1068,753546,SKCM,0.851527,2.030467987060547
1852,910921,SKCM,5.7708,4.639623641967773
1084,910903,SKCM,-3.795938,-3.4450087547302246
1177,906792,SKCM,2.701349,3.541064977645874
1620,687448,SKCM,7.255978,6.697562217712402
1928,910932,SKCM,4.611141,3.9156289100646973
1558,906830,SKCM,5.760335,5.668430805206299
1613,909784,SKCM,4.812416,4.729058265686035
1615,910921,SKCM,4.35182,4.479419231414795
1932,909784,SKCM,4.170569,2.456740140914917
1005,1299080,SKCM,4.380055,3.2417564392089844
1939,906830,SKCM,2.654371,2.582341432571411
1004,1299078,SKCM,-4.288157,-4.336913585662842
1917,1299080,SKCM,2.706058,3.0790255069732666
1912,905975,SKCM,4.314282,2.7338356971740723
1239,906865,SKCM,3.767376,2.8618416786193848
1177,906793,SKCM,2.996524,3.4014620780944824
1375,910853,SKCM,5.68727,6.038112640380859
1614,1299081,SKCM,2.061961,2.184720039367676
1091,1299080,SKCM,0.815887,2.9257702827453613
1593,1240153,SKCM,2.323066,1.573608160018921
1049,1299081,SKCM,4.062784,3.82277774810791
2096,1299080,SKCM,0.818005,0.3978556990623474
1013,1299080,SKCM,1.52748,2.392645835876465
1786,910921,SKCM,2.99603,3.2730226516723633
2111,905955,SKCM,4.479678,5.094787120819092
1131,907067,SKCM,3.906556,3.9208619594573975
1997,906814,SKCM,2.425093,3.390807628631592
1084,905955,SKCM,-1.283277,-0.9795219898223877
1909,906865,SKCM,1.245939,2.0361268520355225
1549,687448,SKCM,5.622865,5.8401336669921875
1005,910932,SKCM,3.699077,3.2948203086853027
1578,906830,SKCM,6.097745,5.703512191772461
1939,905974,SKCM,1.643134,3.1050281524658203
2047,906793,SKCM,0.221811,-0.03722967207431793
1168,910921,SKCM,1.76638,2.6392505168914795
1615,687448,SKCM,7.234204,6.331730842590332
1006,907058,SKCM,0.073704,1.3293386697769165
1058,905975,SKCM,1.554584,1.7648289203643799
1168,687448,SKCM,3.75616,3.9614086151123047
1004,906792,SKCM,-5.549113,-6.072012424468994
1849,905975,SKCM,-0.405666,-0.40378081798553467
1873,1299081,SKCM,0.81725,0.6521532535552979
1635,906865,SKCM,4.683336,4.583940029144287
2048,906792,SKCM,-5.398511,-4.864678859710693
2106,906865,SKCM,1.631525,2.4554076194763184
1912,687448,SKCM,4.007491,3.2340610027313232
1032,907067,SKCM,1.424334,2.0942955017089844
1372,909713,SKCM,-5.730199,-6.576474189758301
1190,687448,SKCM,2.400643,0.47665584087371826
2111,1299078,SKCM,3.908832,3.402649164199829
1168,1240226,SKCM,3.582492,4.036081314086914
1564,905955,SKCM,0.414964,0.8044014573097229
1620,1299081,SKCM,5.298518,4.696889400482178
1239,905955,SKCM,1.655957,3.933483362197876
1054,907058,SKCM,2.222803,3.4107117652893066
1180,906814,SKCM,-2.916113,-2.870147943496704
1011,906793,SKCM,2.073224,2.5621042251586914
1561,1299080,SKCM,2.87861,2.844973564147949
1911,906814,SKCM,-4.837425,-4.868072509765625
1085,1299081,SKCM,2.452245,2.339899778366089
1631,906792,SKCM,2.791717,2.4705166816711426
1631,1240226,SKCM,2.74307,3.346129894256592
1911,905977,SKCM,-3.844384,-4.144160747528076
1936,905977,SKCM,3.227242,3.143996238708496
1372,906818,SKCM,-5.653883,-6.465160369873047
1917,905975,SKCM,1.053125,2.1293275356292725
1510,687448,SKCM,5.631559,4.393991947174072
1614,906818,SKCM,2.614007,2.9130568504333496
1511,1240153,SKCM,-0.48615,-1.7359129190444946
1908,905976,SKCM,-0.369875,0.5483315587043762
1564,1299080,SKCM,-1.886997,-1.2519829273223877
1249,909784,SKCM,5.639354,5.301389694213867
1507,905977,SKCM,6.056827,5.606246471405029
1634,906818,SKCM,4.227022,4.975860118865967
1849,906818,SKCM,-1.373969,0.46368348598480225
1239,906830,SKCM,4.046344,3.5889885425567627
1622,1299081,SKCM,3.466901,4.29534387588501
1629,1299081,SKCM,4.626192,4.7257490158081055
1928,906865,SKCM,3.976886,3.8446285724639893
1060,909723,SKCM,-3.29331,-2.1897993087768555
1939,906814,SKCM,1.52018,2.595353841781616
1799,1299080,SKCM,-0.607208,5.0046820640563965
1047,910853,SKCM,5.296407,5.194977283477783
2111,1240153,SKCM,2.913151,3.6637253761291504
1054,907169,SKCM,2.266349,4.120550632476807
1053,910921,SKCM,2.716913,2.2224748134613037
1007,906818,SKCM,-3.675911,-3.2116589546203613
2106,1299080,SKCM,2.615523,2.5468873977661133
1012,905974,SKCM,0.974379,1.1811414957046509
1017,909723,SKCM,6.108966,4.953864097595215
1011,1299081,SKCM,3.710994,1.0635435581207275
1629,906830,SKCM,5.799538,5.778096675872803
1853,905955,SKCM,4.912611,4.215621471405029
1510,909723,SKCM,4.576188,4.376708507537842
1936,1240153,SKCM,2.239593,2.0901968479156494
1908,687448,SKCM,2.292828,1.4200630187988281
1047,909784,SKCM,2.555433,2.310450792312622
1084,907169,SKCM,-1.674717,-2.3230886459350586
1918,909725,SKCM,4.083349,2.976114273071289
2109,908125,SKCM,3.516693,3.366776466369629
2047,905975,SKCM,-0.594994,0.08668385446071625
1933,908128,SKCM,4.926971,4.271612644195557
1910,906792,SKCM,2.76747,2.177060842514038
1622,905977,SKCM,4.884922,5.255195140838623
1924,1240153,SKCM,4.595054,3.617151975631714
1933,906814,SKCM,4.307682,3.2982661724090576
1529,909713,SKCM,0.632448,1.3314019441604614
1913,905974,SKCM,4.453712,4.696336269378662
2111,908125,SKCM,5.230353,5.183626651763916
1088,905955,SKCM,2.879153,3.9928205013275146
1919,687448,SKCM,3.042377,3.2942612171173096
2109,906818,SKCM,1.175737,2.212339401245117
1180,910853,SKCM,-3.494876,-3.077943801879883
1618,1240153,SKCM,3.614367,2.858398675918579
1917,909725,SKCM,4.419381,3.309051752090454
1873,910932,SKCM,1.368401,0.8584842681884766
1925,905974,SKCM,5.110387,4.458930015563965
1051,906793,SKCM,0.840234,1.710058569908142
1561,909713,SKCM,4.923243,3.3323991298675537
1631,906818,SKCM,2.860631,3.0228564739227295
2043,906818,SKCM,5.605652,4.720701694488525
1080,909713,SKCM,-3.060633,-2.2242560386657715
2044,1240226,SKCM,4.352929,4.5449018478393555
1909,906818,SKCM,2.557234,2.4623918533325195
1911,906830,SKCM,-4.59361,-4.610319137573242
1925,909723,SKCM,5.174308,5.7618608474731445
1022,908128,SKCM,1.3665,1.18575918674469
1635,909784,SKCM,5.920227,6.035461902618408
1941,1299080,SKCM,-4.135793,-3.827603340148926
2043,907169,SKCM,4.512062,4.330096244812012
1022,909713,SKCM,1.107488,0.1641973853111267
1084,1299081,SKCM,-3.703,-3.0556111335754395
1593,908125,SKCM,2.142938,2.4644718170166016
1593,909713,SKCM,2.305508,2.3602423667907715
1625,910853,SKCM,4.69603,4.396399021148682
2046,907067,SKCM,3.582265,2.9706661701202393
2040,909784,SKCM,1.560379,1.2052843570709229
1036,1240226,SKCM,1.026498,0.2848486006259918
1996,905974,SKCM,4.750076,2.5787715911865234
1635,1240226,SKCM,5.563192,6.181002616882324
1249,907058,SKCM,3.519024,3.672518014907837
1529,908125,SKCM,1.763701,3.33158278465271
2096,910903,SKCM,2.161534,2.284595251083374
1051,1240130,SKCM,1.340959,2.033277750015259
1852,909713,SKCM,4.3914,5.0062360763549805
1873,909725,SKCM,1.968512,1.7801860570907593
1373,905976,SKCM,-3.126408,-1.9064784049987793
1629,687448,SKCM,6.025734,6.341223239898682
1080,906865,SKCM,-1.928622,-2.077162027359009
1085,909784,SKCM,3.850761,3.998883008956909
1913,687448,SKCM,4.837571,5.845958709716797
2096,1240153,SKCM,0.287017,0.6173608303070068
1179,907058,SKCM,1.797736,0.6234936118125916
1058,909725,SKCM,2.024144,2.087881565093994
1511,907172,SKCM,-0.986976,-1.334249496459961
1853,753546,SKCM,6.232489,5.204711437225342
1634,909725,SKCM,4.395689,4.569645404815674
2111,905974,SKCM,2.486567,2.3719482421875
1922,1299080,SKCM,1.967934,2.2437405586242676
1852,907169,SKCM,5.100961,4.787851333618164
1915,906814,SKCM,3.091294,2.837596893310547
1006,909723,SKCM,4.834877,2.0309994220733643
1060,906818,SKCM,-3.63345,-4.246403694152832
1598,908125,SKCM,4.14839,4.7355499267578125
1073,907169,SKCM,5.850272,5.754680156707764
1939,910853,SKCM,1.863702,2.036212682723999
1634,906830,SKCM,5.395153,5.305294990539551
1931,1299080,SKCM,5.730798,5.331130504608154
1927,1299078,SKCM,4.868469,4.527348518371582
1529,909725,SKCM,2.308495,3.089580535888672
1852,1299081,SKCM,3.566168,4.527667045593262
1916,910921,SKCM,1.741831,2.032787799835205
1997,905955,SKCM,4.908611,4.9388885498046875
1563,907172,SKCM,6.102747,5.903199195861816
1915,905975,SKCM,2.916814,2.540276288986206
1933,907172,SKCM,6.066134,4.59650182723999
1635,910853,SKCM,4.612458,4.911520004272461
1915,687448,SKCM,4.052425,4.038749694824219
1553,1240226,SKCM,3.992538,2.5372347831726074
1873,910921,SKCM,0.265335,0.3981553316116333
1268,905956,SKCM,4.558342,4.981035232543945
1621,1240226,SKCM,4.732393,5.882476806640625
1941,908128,SKCM,-4.028963,-5.414707183837891
2107,1240153,SKCM,3.488927,4.2169318199157715
1032,909784,SKCM,2.86439,2.97357439994812
1177,910932,SKCM,4.501062,4.536584377288818
1922,1240153,SKCM,2.178902,2.190997362136841
1051,909784,SKCM,3.868053,2.8709158897399902
1085,910853,SKCM,3.371845,2.223881244659424
1010,1299081,SKCM,2.741944,3.357492685317993
1006,907172,SKCM,0.694654,0.5961003303527832
1239,910921,SKCM,1.800479,1.3852757215499878
2047,908128,SKCM,3.497142,2.356938600540161
1034,1299081,SKCM,-3.378755,-3.1442031860351562
2046,905974,SKCM,2.725272,1.799410104751587
1012,906830,SKCM,3.622254,2.626497507095337
1032,910932,SKCM,2.107595,2.0879783630371094
1917,909784,SKCM,2.980984,2.817533016204834
1004,910921,SKCM,-3.979771,-4.754919528961182
1053,906814,SKCM,3.150576,2.907958745956421
1873,906814,SKCM,0.57768,0.6317718625068665
1624,907169,SKCM,4.180924,4.193838596343994
1372,907058,SKCM,-4.706881,-5.64850378036499
1615,1299078,SKCM,4.695036,4.469130992889404
1003,753546,SKCM,-0.525514,-0.7194247245788574
2048,907067,SKCM,-4.664768,-2.936911106109619
1561,906865,SKCM,2.459361,2.3788933753967285
1512,909713,SKCM,5.622468,5.1774749755859375
1799,910853,SKCM,2.502969,5.025570869445801
1046,905955,SKCM,1.029064,3.5790178775787354
1011,909784,SKCM,2.694316,2.8142690658569336
1564,905977,SKCM,-0.309286,-0.01607207953929901
1912,907172,SKCM,3.160499,2.278547763824463
1084,907058,SKCM,-1.383532,-1.9385120868682861
1786,907067,SKCM,3.371167,3.0037879943847656
1047,907067,SKCM,2.206359,3.715897560119629
1617,905956,SKCM,-1.183723,1.8655837774276733
1011,905974,SKCM,1.836413,1.2942030429840088
1375,687448,SKCM,8.275071,7.358716011047363
1940,905976,SKCM,3.484792,3.9120590686798096
1932,907067,SKCM,1.831257,1.9521369934082031
1799,907058,SKCM,5.871384,5.176893711090088
1559,1299080,SKCM,-4.035284,-2.589841604232788
1557,1240226,SKCM,6.250438,6.030033588409424
1511,1299078,SKCM,-1.141633,-1.1523913145065308
1079,905977,SKCM,3.191368,3.5515592098236084
2111,1240226,SKCM,5.422755,4.652406692504883
2109,906814,SKCM,0.541253,1.9972981214523315
2109,910853,SKCM,2.823071,2.949880838394165
1084,905974,SKCM,-2.733592,-3.51753568649292
1073,1299078,SKCM,3.712488,4.1082987785339355
1561,906814,SKCM,1.339542,1.8767855167388916
1268,909725,SKCM,5.451035,4.936831474304199
1239,907169,SKCM,1.297081,3.0737545490264893
1068,910903,SKCM,0.880597,1.1398512125015259
1873,909713,SKCM,1.859635,1.5723322629928589
1017,910921,SKCM,3.717642,3.8906898498535156
1635,909725,SKCM,5.437564,5.77825927734375
1930,906830,SKCM,0.341485,0.9744257926940918
1006,905975,SKCM,-0.728006,-0.14264719188213348
1073,909713,SKCM,4.431656,5.347268104553223
2107,910932,SKCM,5.007913,4.158166885375977
1997,906792,SKCM,3.538176,4.017536163330078
1268,906865,SKCM,3.702509,4.181906700134277
1085,909723,SKCM,2.151241,3.277958393096924
1909,908128,SKCM,2.684999,3.1780381202697754
1614,909713,SKCM,1.815026,2.3378231525421143
1940,1299078,SKCM,3.267801,3.397372245788574
1549,906830,SKCM,6.006345,5.936275005340576
1073,908125,SKCM,6.238752,6.471513748168945
1598,1299081,SKCM,5.486223,4.64389705657959
1199,905974,SKCM,2.056406,3.3811216354370117
1909,910903,SKCM,2.310267,2.0371627807617188
1908,907067,SKCM,0.356796,-0.047120049595832825
1855,905955,SKCM,5.592176,5.298250198364258
1034,906814,SKCM,-2.941372,-2.5279507637023926
1200,906818,SKCM,3.645429,3.2394213676452637
1560,905956,SKCM,4.626709,4.941831588745117
1941,906793,SKCM,-6.26774,-4.878515720367432
2110,910921,SKCM,4.984584,4.508902549743652
1017,906814,SKCM,4.405804,4.379543781280518
1003,909723,SKCM,-1.360977,-0.7035302519798279
2040,905977,SKCM,1.399808,2.03920578956604
1091,910932,SKCM,4.415039,2.727151870727539
1553,1299081,SKCM,2.944973,2.0470645427703857
1085,905975,SKCM,2.608375,2.0071566104888916
1852,907058,SKCM,5.300184,5.107157230377197
1177,905975,SKCM,5.122651,4.398396015167236
1852,905956,SKCM,4.813707,5.383022785186768
1940,910903,SKCM,2.392846,3.8663408756256104
1068,1240130,SKCM,0.200308,-0.0449606329202652
1910,905975,SKCM,2.93571,3.633334159851074
1512,910932,SKCM,3.668238,4.840569019317627
1003,906865,SKCM,-1.225834,-1.9385108947753906
1250,907058,SKCM,2.699791,3.2324931621551514
1512,1240153,SKCM,4.683295,4.854780673980713
1918,909784,SKCM,1.25943,2.546651840209961
1927,906793,SKCM,5.366643,5.507354259490967
1630,905974,SKCM,3.126537,1.7088189125061035
1510,905955,SKCM,4.970634,5.338939666748047
2109,910903,SKCM,1.681309,1.7102833986282349
1179,907169,SKCM,1.999016,0.4500323534011841
1563,906814,SKCM,5.316798,5.176572799682617
1799,1240130,SKCM,3.902855,4.668078899383545
2046,907058,SKCM,3.114924,3.0119528770446777
1635,910903,SKCM,4.52365,4.491137504577637
1006,906792,SKCM,0.168482,-1.147803544998169
1627,1299080,SKCM,2.803137,2.810593605041504
1613,906814,SKCM,4.685785,3.8451778888702393
1598,1240226,SKCM,6.556774,4.93257999420166
1564,905975,SKCM,-2.094471,-1.1186965703964233
1853,905975,SKCM,3.904495,4.7933831214904785
1940,908128,SKCM,5.001469,4.527449607849121
1631,753546,SKCM,5.678397,3.988743782043457
2048,906793,SKCM,-3.611136,-4.391295433044434
1060,1240153,SKCM,-4.720166,-3.7042179107666016
1046,907172,SKCM,2.161583,3.3586301803588867
1933,909713,SKCM,5.634408,4.783844947814941
1375,906792,SKCM,5.721405,5.171662330627441
1036,906830,SKCM,0.292615,0.06970706582069397
1083,906792,SKCM,2.942708,2.3524229526519775
1627,906818,SKCM,3.023225,3.3628883361816406
1131,906865,SKCM,5.106169,3.8472976684570312
1862,907058,SKCM,-1.219169,-1.8223633766174316
1578,905976,SKCM,5.384693,4.958606243133545
2046,906818,SKCM,2.596221,3.0699806213378906
1853,906814,SKCM,3.143107,3.9522058963775635
1375,910903,SKCM,5.183854,4.8828959465026855
2107,906818,SKCM,4.230208,4.10773229598999
1089,908125,SKCM,4.898733,5.189536094665527
1510,905975,SKCM,4.140166,3.70335054397583
1073,910921,SKCM,4.053363,4.445272445678711
2046,1240153,SKCM,1.33598,3.259568214416504
1941,908125,SKCM,-4.655221,-4.605597972869873
1917,907067,SKCM,1.928152,3.153968095779419
1564,906814,SKCM,-0.003199,0.8561732172966003
1634,907067,SKCM,4.56805,3.847771406173706
1997,905977,SKCM,5.976611,5.058460235595703
1085,1240153,SKCM,2.719166,1.5034795999526978
1873,907058,SKCM,1.397675,1.353517770767212
1073,906792,SKCM,4.540757,4.331301689147949
1191,906792,SKCM,-5.73058,-6.267998695373535
1032,910903,SKCM,2.00497,1.7719306945800781
1559,905955,SKCM,0.774934,1.5362977981567383
2044,1299078,SKCM,3.808889,3.1516270637512207
1849,907067,SKCM,-1.704679,-0.11297501623630524
1507,1240130,SKCM,4.169429,4.601341724395752
1614,908125,SKCM,3.748308,3.705472230911255
1576,906814,SKCM,2.019409,2.4074933528900146
1928,906814,SKCM,3.413031,4.125116348266602
1073,905975,SKCM,5.383613,4.693310737609863
1917,906865,SKCM,2.232735,3.459988594055176
1200,906814,SKCM,2.953747,2.5955872535705566
1089,1240153,SKCM,3.217141,3.4887237548828125
1617,753546,SKCM,6.459753,2.021315336227417
1910,1240226,SKCM,0.649006,3.4110820293426514
1919,910903,SKCM,2.10433,2.025994300842285
1911,906792,SKCM,-6.375491,-6.909334182739258
1558,906793,SKCM,2.466355,3.0164880752563477
1630,907058,SKCM,2.577804,4.064318656921387
1919,1240226,SKCM,3.428788,3.1015257835388184
1996,906793,SKCM,3.713366,2.128471851348877
1617,907058,SKCM,1.815003,2.1920888423919678
1507,906865,SKCM,3.618043,4.481001853942871
1510,1240226,SKCM,4.861175,4.777371883392334
1626,1299081,SKCM,3.098619,2.235661268234253
1622,910921,SKCM,4.988599,4.492764949798584
1010,910903,SKCM,3.40709,2.8298349380493164
2044,1299081,SKCM,2.441399,2.7598156929016113
1068,1240153,SKCM,0.852847,0.09725393354892731
1909,905974,SKCM,2.356549,1.8176565170288086
1916,1299081,SKCM,3.117267,2.3490941524505615
1200,909713,SKCM,2.687173,3.118981122970581
1010,905975,SKCM,3.71244,3.077756643295288
1560,910932,SKCM,4.814854,4.408042907714844
1073,905974,SKCM,3.218004,2.180262804031372
1786,907172,SKCM,4.088167,2.876673698425293
1512,906814,SKCM,5.416031,4.765307903289795
1933,1299078,SKCM,4.888114,4.069084167480469
1618,907169,SKCM,5.214095,3.903499126434326
1626,906830,SKCM,4.017624,3.0118606090545654
1598,910921,SKCM,4.636903,4.471226692199707
1180,910921,SKCM,-3.310103,-3.124774217605591
1622,907169,SKCM,5.203212,4.122174263000488
1627,909784,SKCM,3.557057,3.2871391773223877
1564,909723,SKCM,0.753115,-0.10820673406124115
1558,909725,SKCM,2.387112,4.6532793045043945
1073,908128,SKCM,6.59756,6.718105792999268
1928,1240226,SKCM,5.864695,5.781841278076172
1177,1299081,SKCM,3.526257,3.501147508621216
1855,909784,SKCM,5.098548,7.0852952003479
1553,909713,SKCM,3.622144,2.86832857131958
1915,909713,SKCM,3.247705,2.9068398475646973
1093,1299081,SKCM,3.818811,4.076037883758545
2046,906865,SKCM,3.626868,3.1952011585235596
2106,906792,SKCM,1.588311,2.1557576656341553
1248,909725,SKCM,-0.554019,-1.9462881088256836
1997,909713,SKCM,3.805951,3.9546027183532715
1003,906830,SKCM,-3.015398,-2.34854793548584
1915,905976,SKCM,2.241298,3.210007667541504
1057,905977,SKCM,-0.172951,0.5717252492904663
2106,906814,SKCM,1.845774,2.8487424850463867
1939,906865,SKCM,1.868473,2.135193347930908
1549,905975,SKCM,5.441506,4.971566677093506
1073,905956,SKCM,6.797381,6.561250686645508
1549,1240153,SKCM,5.048853,4.618021011352539
1618,910853,SKCM,4.245847,3.9841673374176025
1093,905974,SKCM,4.777415,3.856524705886841
1180,908125,SKCM,-2.743585,-1.3516318798065186
1926,907058,SKCM,1.796323,0.7125592827796936
1032,753546,SKCM,4.206978,3.1302201747894287
1239,907067,SKCM,3.066033,2.674510955810547
1559,907169,SKCM,-1.172959,-1.431014060974121
1017,906830,SKCM,5.21932,4.9894022941589355
1563,905956,SKCM,5.205871,5.593410491943359
1375,906793,SKCM,6.368729,5.2754225730896
1168,909713,SKCM,3.681316,2.868244171142578
1004,906830,SKCM,-1.684015,-0.7607666850090027
1372,906814,SKCM,-2.681382,-2.168050765991211
2047,910932,SKCM,0.725977,1.4461166858673096
1005,1299078,SKCM,1.622399,3.125293254852295
2045,906818,SKCM,5.104174,4.887883186340332
2046,905977,SKCM,5.233046,4.059113502502441
1622,906818,SKCM,5.356255,4.674160480499268
1910,910853,SKCM,2.413816,1.801961064338684
1004,905975,SKCM,-4.375594,-4.743052005767822
1624,906865,SKCM,2.172179,3.209367036819458
1912,909723,SKCM,5.787195,4.353328227996826
1933,906792,SKCM,2.094811,2.887373208999634
1560,906830,SKCM,5.719968,5.4210333824157715
1034,908125,SKCM,-2.052083,-1.2707386016845703
1190,906865,SKCM,0.503772,0.1471806764602661
1625,753546,SKCM,5.943038,6.264781951904297
1913,909784,SKCM,5.801422,5.633452415466309
1862,907172,SKCM,-1.661003,-1.839202880859375
1083,1240130,SKCM,2.899584,2.8073041439056396
2096,906793,SKCM,0.449677,-0.16190557181835175
2096,905975,SKCM,0.033695,0.17222315073013306
1620,910921,SKCM,5.580215,4.802091121673584
1915,905974,SKCM,2.892965,2.833373785018921
1249,905975,SKCM,3.786995,3.3449771404266357
1088,907169,SKCM,3.266794,2.9884142875671387
1010,1299080,SKCM,2.996267,3.3278486728668213
1854,910932,SKCM,3.424753,4.6072306632995605
1131,1299078,SKCM,5.753031,2.772620439529419
1034,907058,SKCM,-1.848231,-2.244293212890625
1631,908125,SKCM,3.196768,4.117543697357178
1372,910921,SKCM,-2.565789,-2.167173147201538
1852,905955,SKCM,4.084308,5.002050399780273
1190,907058,SKCM,2.009119,1.4239691495895386
1013,905977,SKCM,3.795696,3.624176263809204
2107,905976,SKCM,3.273245,4.17764139175415
1003,905976,SKCM,-3.641147,-1.9533629417419434
1239,907172,SKCM,3.299843,2.762248992919922
1576,1240226,SKCM,3.931362,3.5804684162139893
1091,909723,SKCM,5.526929,3.811070442199707
1924,910921,SKCM,3.55179,2.691098213195801
1005,907169,SKCM,4.770447,3.6443676948547363
1012,905976,SKCM,1.687812,2.182347297668457
1051,910903,SKCM,0.946072,0.4803837239742279
1191,909723,SKCM,-1.487846,-3.2583107948303223
1011,907169,SKCM,2.56208,2.3472342491149902
1057,908128,SKCM,-1.366443,-0.21094901859760284
1512,1299078,SKCM,5.019182,4.858060836791992
2111,905975,SKCM,3.486097,3.387657642364502
1093,906814,SKCM,3.838599,4.075685977935791
1003,908128,SKCM,-0.301909,0.4145689010620117
1622,910903,SKCM,3.854927,4.472143173217773
1918,907067,SKCM,3.858672,3.2453057765960693
1578,1299081,SKCM,5.476684,5.052052021026611
1200,910921,SKCM,3.330735,2.7939653396606445
1930,1240226,SKCM,2.434828,2.0413436889648438
1529,909784,SKCM,3.269764,2.512253999710083
1557,907067,SKCM,4.318756,4.529395580291748
1168,909723,SKCM,4.638785,4.293831825256348
1553,910921,SKCM,2.323587,1.558077335357666
1912,1299080,SKCM,2.607363,2.666354179382324
2047,907169,SKCM,2.95484,2.243096351623535
1922,906818,SKCM,2.182551,2.9619758129119873
1510,907067,SKCM,4.367939,3.8335516452789307
1549,908125,SKCM,6.034746,5.076592445373535
1853,1240130,SKCM,4.011681,3.4427404403686523
1917,1240153,SKCM,1.483834,2.873253583908081
1199,906814,SKCM,2.434548,3.6204254627227783
1549,906792,SKCM,3.664443,4.23005485534668
1931,909784,SKCM,5.995124,6.317134857177734
1046,910853,SKCM,1.196911,1.8223531246185303
1200,906830,SKCM,4.08862,3.6763949394226074
1250,906830,SKCM,2.481681,4.261529922485352
2110,1299081,SKCM,3.585856,4.3386406898498535
1012,906865,SKCM,0.593823,1.307732343673706
1549,910853,SKCM,1.119696,4.540856838226318
1054,908128,SKCM,3.420745,4.872865200042725
1373,1299081,SKCM,3.288378,0.9810777306556702
1913,905977,SKCM,5.274254,5.51076078414917
1560,687448,SKCM,6.517062,5.739639759063721
1373,905975,SKCM,-3.534968,-3.4445104598999023
1941,909713,SKCM,-4.034575,-4.042480945587158
1054,906818,SKCM,5.137981,3.8739805221557617
1618,909713,SKCM,3.774933,3.7864091396331787
1852,909725,SKCM,5.937063,5.755360126495361
1625,907169,SKCM,4.806802,4.734453201293945
1911,910921,SKCM,-6.854537,-6.210909366607666
1621,905975,SKCM,5.595034,4.244160175323486
1088,687448,SKCM,3.749066,3.9459917545318604
1022,907058,SKCM,1.644989,0.7255764603614807
1629,906793,SKCM,4.830309,4.676366329193115
1997,1240153,SKCM,3.42821,4.090500354766846
1941,906830,SKCM,-2.720599,-4.807756423950195
1557,907169,SKCM,5.303085,4.6751484870910645
1011,907058,SKCM,4.787163,3.255495548248291
1849,1299080,SKCM,0.063803,0.0966716855764389
1372,910932,SKCM,-3.043845,-3.053844928741455
1629,905975,SKCM,5.227869,4.845346927642822
1933,909725,SKCM,5.999744,5.462192535400391
1088,906830,SKCM,2.031857,2.618330717086792
1036,906792,SKCM,3.149031,2.810082197189331
1268,910921,SKCM,4.059255,4.61181640625
1630,753546,SKCM,4.316634,5.31479549407959
1626,906814,SKCM,2.155216,2.8948917388916016
1630,1240226,SKCM,4.300025,4.434609889984131
2046,906793,SKCM,3.941043,2.69528865814209
1854,1240226,SKCM,5.396546,5.779473304748535
1853,1299081,SKCM,4.986252,4.967247486114502
1259,1299078,SKCM,3.181794,2.6130051612854004
1614,687448,SKCM,5.045157,4.35873556137085
1249,906792,SKCM,3.016507,3.346964120864868
1510,906830,SKCM,5.30951,4.019651412963867
1268,905955,SKCM,4.524256,4.548355579376221
1620,905974,SKCM,4.715422,4.6023383140563965
1079,905955,SKCM,1.451359,4.552499771118164
1179,906865,SKCM,1.312774,0.9361767768859863
1912,908125,SKCM,3.043962,4.037893772125244
1862,910921,SKCM,-3.328349,-1.6030056476593018
1620,907169,SKCM,5.30376,5.186551570892334
1621,905977,SKCM,4.938838,5.890491485595703
1625,909784,SKCM,4.79834,5.562628269195557
1200,907169,SKCM,2.580782,2.325652837753296
1625,1240130,SKCM,3.362557,4.219187259674072
1624,910921,SKCM,2.316791,3.0474796295166016
1560,1299078,SKCM,2.942139,3.1924023628234863
2048,908128,SKCM,-2.758583,-1.0270016193389893
1598,906830,SKCM,5.822737,5.277484893798828
1049,907067,SKCM,4.140121,3.8319554328918457
1047,906814,SKCM,3.982378,4.624995231628418
1085,687448,SKCM,3.955402,4.211006164550781
1622,905976,SKCM,3.546547,4.109041213989258
1912,910903,SKCM,1.698661,2.2413740158081055
1036,1299080,SKCM,2.181547,-0.1218719631433487
1854,753546,SKCM,4.589059,6.116479396820068
1854,910921,SKCM,4.75414,4.708520412445068
1558,910853,SKCM,1.319649,2.7989578247070312
1507,906830,SKCM,6.418157,6.07587194442749
1924,906865,SKCM,4.03787,3.8019721508026123
1010,906865,SKCM,3.023464,2.9012632369995117
1626,753546,SKCM,3.191833,4.889842510223389
1558,910932,SKCM,1.876412,2.969597101211548
1627,905956,SKCM,2.983287,3.1312437057495117
1849,905955,SKCM,1.233946,-0.3823623061180115
1047,908128,SKCM,6.33832,5.231204509735107
2046,907172,SKCM,4.253095,3.7794883251190186
1927,905976,SKCM,3.588018,5.457240104675293
1613,906792,SKCM,3.289933,4.048806667327881
1915,905955,SKCM,2.417645,3.214993715286255
1032,905977,SKCM,2.937949,3.3049185276031494
1010,1299078,SKCM,3.727423,3.6449575424194336
1080,905977,SKCM,-0.511121,1.158653974533081
1011,905977,SKCM,6.298532,4.467199802398682
1177,1299078,SKCM,4.128419,4.039170265197754
1093,909713,SKCM,5.639449,4.547589302062988
1034,910853,SKCM,-2.298913,-2.4697961807250977
1635,907169,SKCM,5.264945,5.16799783706665
1799,905955,SKCM,4.913359,5.768111705780029
1372,906865,SKCM,-4.173472,-3.849134922027588
1620,1299078,SKCM,5.218923,4.837613105773926
1996,905976,SKCM,4.470308,3.5547118186950684
1259,908125,SKCM,5.472401,4.692248344421387
1627,910853,SKCM,2.983408,2.6860783100128174
1634,905977,SKCM,5.566658,5.238189697265625
1913,910932,SKCM,4.911127,4.125612735748291
1909,906792,SKCM,1.157948,1.8018198013305664
1919,905955,SKCM,1.103209,2.474821090698242
1073,910903,SKCM,3.803712,3.1391913890838623
1239,1299080,SKCM,2.143884,3.0910096168518066
2040,910853,SKCM,1.206036,0.9151495099067688
1179,910921,SKCM,0.086555,1.0645605325698853
1996,1299078,SKCM,3.25557,3.732969284057617
1529,905955,SKCM,-0.214396,2.2791659832000732
1626,687448,SKCM,7.198939,4.185056209564209
1047,907169,SKCM,4.801841,4.944472789764404
1917,687448,SKCM,1.707747,3.2641940116882324
1060,1240226,SKCM,-2.400101,-1.7748503684997559
1634,687448,SKCM,7.073447,5.734333515167236
1507,1299078,SKCM,5.096751,4.543704032897949
1626,1299080,SKCM,3.673106,2.489833116531372
1168,908125,SKCM,4.359797,4.213536262512207
1854,908125,SKCM,4.386172,5.476944446563721
1046,907169,SKCM,1.536918,1.71812903881073
1933,907058,SKCM,5.027358,4.485428810119629
1529,906818,SKCM,-0.853936,2.1834018230438232
1598,1299078,SKCM,4.28475,4.836421012878418
1053,906818,SKCM,5.087729,3.9715957641601562
1053,910853,SKCM,3.952635,4.097274303436279
1563,906793,SKCM,6.459827,5.424459934234619
1563,910853,SKCM,5.682259,5.245918273925781
1079,906818,SKCM,4.414038,4.357720375061035
1034,909784,SKCM,-2.114999,-2.156561851501465
2043,906793,SKCM,4.361026,4.566625118255615
1613,910921,SKCM,4.610136,4.1769185066223145
1852,906818,SKCM,4.208107,5.332589149475098
1593,1240130,SKCM,0.001578,1.6389799118041992
1507,905974,SKCM,4.696043,4.5556111335754395
1036,906865,SKCM,1.120111,0.5234056711196899
1268,1240226,SKCM,5.864458,5.466366291046143
1079,907058,SKCM,2.888653,4.31682825088501
2040,909725,SKCM,1.065997,0.6926989555358887
1939,909713,SKCM,1.881379,2.477250099182129
1932,907172,SKCM,2.42114,2.38218355178833
1511,905955,SKCM,-0.668671,0.41484570503234863
1248,905974,SKCM,-3.134183,-5.364123344421387
1910,907058,SKCM,3.90041,3.5509026050567627
1909,907169,SKCM,0.999214,1.6424000263214111
1576,687448,SKCM,4.724967,4.085128307342529
1049,909784,SKCM,4.713467,4.765103816986084
1918,905975,SKCM,3.15507,3.5863752365112305
1862,910903,SKCM,-1.819917,-1.6254860162734985
1909,906793,SKCM,2.169513,2.0146961212158203
1925,910853,SKCM,4.603549,4.493257522583008
1911,908125,SKCM,-4.377706,-3.4534006118774414
1022,906814,SKCM,1.632028,1.2005925178527832
1373,910932,SKCM,3.843386,-0.5445560812950134
1635,907058,SKCM,5.415867,5.190825462341309
1058,906792,SKCM,1.177197,1.1025564670562744
1011,908125,SKCM,3.278531,3.9014854431152344
1007,1299081,SKCM,-4.967285,-6.033822059631348
1180,909784,SKCM,-1.885868,-2.303753614425659
1924,908125,SKCM,5.432412,5.290092945098877
1093,910853,SKCM,3.825329,3.953758955001831
1022,909723,SKCM,2.645317,2.1695144176483154
2106,905976,SKCM,2.592145,2.3226425647735596
1564,905956,SKCM,1.079998,1.38314688205719
1862,909725,SKCM,-0.66167,-1.550007939338684
1786,905977,SKCM,3.771445,3.548543691635132
1621,909713,SKCM,4.29841,4.515362739562988
2096,908128,SKCM,3.021294,2.66367506980896
1852,910853,SKCM,5.389142,4.920238971710205
1557,1240130,SKCM,2.907746,4.2818217277526855
1034,906818,SKCM,-2.116635,-2.2290680408477783
1926,906865,SKCM,0.971846,0.5066332817077637
1036,910932,SKCM,5.142013,0.8037552237510681
1557,909713,SKCM,5.612959,4.855065822601318
2109,905977,SKCM,3.147772,2.618786334991455
1854,909713,SKCM,4.401221,5.108948230743408
1237,906865,SKCM,4.901558,4.413021087646484
1131,909784,SKCM,3.538709,5.415608882904053
1190,909723,SKCM,1.573756,1.8341875076293945
1047,910932,SKCM,3.778892,3.768585681915283
1936,906793,SKCM,2.841771,2.5282108783721924
1933,1299080,SKCM,5.319939,4.783401966094971
1191,907169,SKCM,-5.646848,-6.489185810089111
2040,908128,SKCM,1.399117,1.2158063650131226
1004,906865,SKCM,-3.498056,-3.8102498054504395
1375,908125,SKCM,6.912073,6.6404337882995605
1553,910853,SKCM,3.661425,3.4697062969207764
2109,1240226,SKCM,4.45025,2.7112269401550293
2045,908128,SKCM,6.167198,5.314835071563721
1237,909725,SKCM,5.643967,5.741387367248535
1912,907169,SKCM,1.52175,2.824021577835083
1631,905976,SKCM,3.44973,3.26259183883667
1634,905956,SKCM,4.218553,4.568239688873291
1614,1240153,SKCM,2.011582,2.359360694885254
1200,910853,SKCM,2.961302,2.695371150970459
1916,907169,SKCM,2.845634,3.4923934936523438
1915,906865,SKCM,2.827941,2.5865325927734375
1131,910932,SKCM,5.027407,4.0066962242126465
1089,909723,SKCM,5.519808,5.892642974853516
1073,906814,SKCM,6.3973,5.777589797973633
1168,905955,SKCM,3.043751,3.6247010231018066
1372,906793,SKCM,-5.204961,-5.751842021942139
1621,907058,SKCM,3.425944,4.471865177154541
1259,907058,SKCM,4.019274,4.159217834472656
1911,907058,SKCM,-4.614211,-4.818086624145508
1996,1240226,SKCM,4.188408,4.397258281707764
1558,909723,SKCM,5.441508,6.070857048034668
1873,1299080,SKCM,0.61333,1.2817237377166748
1259,1240226,SKCM,2.984563,4.124105453491211
1911,910903,SKCM,-6.357317,-5.714052677154541
1091,907058,SKCM,1.982685,2.7639036178588867
1931,910921,SKCM,4.2746,5.2206034660339355
1032,910921,SKCM,1.479529,2.4984238147735596
2046,908128,SKCM,3.611178,3.5472159385681152
1190,909725,SKCM,-1.35731,-0.2624548077583313
1615,907169,SKCM,5.260061,4.732496738433838
1624,909725,SKCM,2.988103,3.679103374481201
1925,905955,SKCM,4.312715,4.912121295928955
2045,910921,SKCM,3.291475,4.404330730438232
1786,905955,SKCM,3.672419,3.440854787826538
2109,909723,SKCM,6.342067,3.5121545791625977
1006,907169,SKCM,1.617532,1.7223379611968994
1239,909713,SKCM,3.489262,3.761728286743164
1079,909784,SKCM,2.402831,2.334608554840088
2040,905976,SKCM,1.015152,1.6037598848342896
2044,905975,SKCM,3.132425,3.2696940898895264
1576,905977,SKCM,3.983247,3.517970085144043
1177,1240226,SKCM,5.983151,5.559823513031006
1022,905955,SKCM,-0.062645,2.7015085220336914
1630,906814,SKCM,3.138412,3.5589559078216553
1932,910903,SKCM,1.885862,1.9396042823791504
1852,905975,SKCM,4.766377,5.019099235534668
1996,909713,SKCM,5.468195,3.597982406616211
1578,907067,SKCM,4.525271,4.9286723136901855
1190,906830,SKCM,-2.641649,-1.4856127500534058
1578,905955,SKCM,6.648792,5.486737251281738
1576,905974,SKCM,2.307466,2.4246885776519775
1627,906792,SKCM,2.195215,2.105325698852539
1268,687448,SKCM,6.902376,5.726255416870117
2045,906830,SKCM,6.133878,5.718216896057129
1629,909725,SKCM,4.849893,5.5281829833984375
1634,1299081,SKCM,4.337072,4.289557456970215
2096,910853,SKCM,4.566325,2.823349714279175
1576,908125,SKCM,3.403058,3.3293051719665527
1558,910903,SKCM,1.958873,2.4643993377685547
1909,910853,SKCM,1.946676,1.3580918312072754
1060,907169,SKCM,-0.712001,-1.1009949445724487
1917,906792,SKCM,1.142406,0.8735584020614624
1084,909725,SKCM,-3.516082,-1.6881777048110962
1563,1299081,SKCM,5.318813,4.944406986236572
1927,909784,SKCM,5.050528,6.039748191833496
1939,1299080,SKCM,1.630271,2.7491095066070557
1621,905955,SKCM,4.764519,5.329155921936035
1786,909713,SKCM,3.42095,3.348994493484497
1918,909723,SKCM,6.383068,5.991664409637451
1621,905976,SKCM,4.85182,4.429687976837158
1529,910932,SKCM,2.011622,0.7568221688270569
1034,906792,SKCM,-2.755019,-2.9042322635650635
1933,906830,SKCM,6.377998,5.70407247543335
1190,906818,SKCM,-3.706025,-2.1530747413635254
1941,687448,SKCM,-4.72624,-4.223626613616943
1563,906818,SKCM,6.183484,5.652091026306152
1553,1240153,SKCM,2.156807,2.2661900520324707
1908,909723,SKCM,1.671585,0.5896264910697937
2110,906793,SKCM,4.483635,3.859138250350952
1068,907169,SKCM,0.761311,0.7945213317871094
1237,910921,SKCM,4.30146,4.813392639160156
1168,910853,SKCM,1.813484,2.676680088043213
1911,907067,SKCM,-5.080941,-4.703649997711182
1249,907067,SKCM,1.579889,3.525820016860962
1909,910932,SKCM,2.355955,2.180668592453003
1927,905955,SKCM,3.465836,5.114157676696777
2106,687448,SKCM,3.190033,3.567688465118408
1928,905975,SKCM,4.178472,4.584390163421631
1060,906830,SKCM,-3.967814,-3.12522292137146
2111,1299080,SKCM,4.713604,3.6354455947875977
1003,905956,SKCM,-2.567593,-0.33646535873413086
2045,909784,SKCM,3.492512,5.37473726272583
1635,905976,SKCM,5.431052,5.140885353088379
1932,906792,SKCM,1.802498,1.8050932884216309
1003,905977,SKCM,0.832252,-0.6337164044380188
1177,910853,SKCM,4.057778,4.154445171356201
1091,906865,SKCM,2.595352,2.759697437286377
1088,909725,SKCM,1.891882,3.536762237548828
1034,1240153,SKCM,-1.57691,-2.361161947250366
1996,907067,SKCM,3.587218,3.627775192260742
1004,908125,SKCM,-0.664078,-1.1782827377319336
1507,905956,SKCM,5.097937,4.88948392868042
1057,910903,SKCM,-3.462027,-2.973334312438965
1079,908128,SKCM,2.723516,4.053825378417969
1909,905975,SKCM,1.9075,2.3587629795074463
2109,907058,SKCM,1.121275,1.5264410972595215
1927,905977,SKCM,5.950243,6.0948004722595215
1051,910921,SKCM,1.295755,1.0535180568695068
1068,905956,SKCM,-0.531448,2.0236282348632812
1576,905955,SKCM,2.373106,2.7302255630493164
1915,906793,SKCM,3.106114,2.7240357398986816
1083,910853,SKCM,3.848046,3.175163745880127
1862,909784,SKCM,-1.551921,-1.4762991666793823
1862,905974,SKCM,-1.631501,-1.690645694732666
1924,907058,SKCM,4.796601,3.926236391067505
1926,908125,SKCM,1.825063,2.023437023162842
1561,910903,SKCM,1.181616,1.5446445941925049
1511,907169,SKCM,-1.535511,-1.2865829467773438
1259,906830,SKCM,2.715952,3.1781604290008545
1510,906793,SKCM,3.047109,3.4391043186187744
1268,910903,SKCM,3.605645,3.861114025115967
1088,910932,SKCM,4.154892,2.9302868843078613
1936,909725,SKCM,3.452972,2.485156297683716
1786,753576,ESCA,4.880407,4.475919246673584
1853,910079,ESCA,3.505716,3.9100453853607178
1268,906817,ESCA,6.078178,5.540145397186279
1852,753623,ESCA,5.584164,4.9430084228515625
1852,946353,ESCA,5.069205,4.7154951095581055
1926,1298359,ESCA,0.207127,0.13304737210273743
1915,1503367,ESCA,4.020266,3.1098439693450928
1909,753623,ESCA,1.458285,2.5188632011413574
1918,1503368,ESCA,2.644625,3.659262180328369
1855,1503361,ESCA,3.312557,4.823459148406982
1620,735784,ESCA,5.519963,5.61580753326416
1017,1503367,ESCA,5.128933,4.607363700866699
1177,946356,ESCA,5.520132,5.697781085968018
1375,753621,ESCA,6.879437,6.125629425048828
1510,946356,ESCA,4.749828,4.948755264282227
1199,907320,ESCA,3.450326,3.2331979274749756
1855,753555,ESCA,4.929275,3.3688666820526123
1053,1503361,ESCA,2.926176,2.986257314682007
1549,1503366,ESCA,2.272492,2.6910877227783203
1510,1503367,ESCA,4.197202,4.616693019866943
1007,753574,ESCA,-3.753876,-3.363553762435913
1507,1298359,ESCA,4.669705,4.736770153045654
1080,1299064,ESCA,-5.23254,-4.364578723907471
1941,1503368,ESCA,-3.153304,-2.1648013591766357
1911,946355,ESCA,-4.753227,-4.624436378479004
1054,1503361,ESCA,2.66765,4.3057732582092285
1634,907319,ESCA,3.544172,4.425870418548584
1191,753575,ESCA,-4.975209,-4.316433429718018
1564,946355,ESCA,2.5669,1.7943352460861206
1083,1240167,ESCA,1.752648,2.779284715652466
2045,907317,ESCA,5.268808,4.812388896942139
1557,1298222,ESCA,5.223614,4.868648052215576
2048,1503362,ESCA,-4.88163,-3.9485812187194824
1177,1503367,ESCA,5.838889,4.021376132965088
1012,753573,ESCA,1.845008,1.4749157428741455
1091,910549,ESCA,2.691753,1.7485829591751099
2045,907318,ESCA,4.884812,4.799403667449951
1631,735784,ESCA,3.992836,4.663833141326904
1913,907318,ESCA,4.654732,3.9558939933776855
1046,1503362,ESCA,2.473141,1.5251429080963135
1931,907318,ESCA,5.342496,5.1030707359313965
1936,907319,ESCA,2.809517,2.419842004776001
1057,946353,ESCA,0.281101,-0.13810332119464874
1563,946355,ESCA,6.355563,5.6595330238342285
1634,946353,ESCA,4.701532,4.06904935836792
1372,1503368,ESCA,3.233568,1.6655303239822388
1578,907318,ESCA,4.987613,4.700634002685547
2045,753574,ESCA,6.136766,6.382767677307129
2110,1299064,ESCA,4.089896,3.509096384048462
1922,753623,ESCA,1.405595,1.6237473487854004
1916,1503366,ESCA,2.72656,3.264472007751465
1093,907320,ESCA,3.938444,3.9670259952545166
1507,753621,ESCA,5.919971,5.229380130767822
1853,753575,ESCA,5.674943,5.536766052246094
1022,753575,ESCA,0.11882,0.3556908369064331
1799,753555,ESCA,0.18168,2.518230438232422
1576,1503361,ESCA,2.28782,2.5783300399780273
1576,906817,ESCA,4.344634,4.359610557556152
1180,907320,ESCA,-3.677925,-2.9839141368865967
1624,753574,ESCA,5.135221,4.834936618804932
1622,735784,ESCA,4.404198,4.906650066375732
1862,1503367,ESCA,-2.112628,-1.6225508451461792
1054,906817,ESCA,5.719555,5.749972343444824
2044,910549,ESCA,3.5689,3.0206687450408936
2043,907317,ESCA,4.06282,4.649774074554443
1622,753621,ESCA,5.772626,4.68544864654541
1012,1503362,ESCA,1.062288,1.4232513904571533
1375,907319,ESCA,6.299242,5.606504440307617
1089,906817,ESCA,5.058589,5.830177307128906
1011,1503361,ESCA,1.11915,2.596020221710205
1849,753614,ESCA,-1.378499,-0.1265120655298233
1593,1503366,ESCA,1.78168,2.304135799407959
1190,1503365,ESCA,2.776361,2.3935749530792236
1629,735784,ESCA,4.345704,4.989054203033447
2044,946355,ESCA,3.878506,3.2553443908691406
1068,1503363,ESCA,1.922658,1.109616756439209
1627,1503361,ESCA,2.760355,2.5479531288146973
1259,907317,ESCA,3.633749,3.2859933376312256
1051,907320,ESCA,1.834248,2.188339948654175
1926,753623,ESCA,1.003343,0.019360065460205078
2111,1298359,ESCA,2.853398,3.582340717315674
1910,1503371,ESCA,3.053736,1.947974681854248
1553,753614,ESCA,2.301966,3.786736249923706
2040,1503367,ESCA,-3.415396,-1.362741231918335
1375,1503361,ESCA,5.777072,5.869389533996582
1180,907319,ESCA,-4.142188,-2.89632248878479
1913,753574,ESCA,5.591284,5.658764362335205
1909,1503371,ESCA,2.145915,2.6883695125579834
1911,1299064,ESCA,-3.756267,-5.0905914306640625
1940,946353,ESCA,3.14836,3.762173652648926
1855,753614,ESCA,2.683546,3.226278305053711
2047,906817,ESCA,3.32519,4.992790222167969
1799,1298222,ESCA,5.317214,3.9187607765197754
1060,753623,ESCA,0.55428,0.4721473455429077
1852,753576,ESCA,6.528746,6.17688512802124
1560,906817,ESCA,4.655649,5.431453227996826
1558,946355,ESCA,0.942298,0.37653225660324097
1053,1503365,ESCA,2.370258,3.7166125774383545
1249,1503361,ESCA,1.611021,3.5205397605895996
1180,1503365,ESCA,-0.426137,-2.1370880603790283
1529,1503362,ESCA,1.407686,1.5410834550857544
1849,1298222,ESCA,-1.168133,0.1903226375579834
1635,946355,ESCA,4.710524,5.227019309997559
1922,946353,ESCA,2.554044,2.0954790115356445
1012,907319,ESCA,1.803456,1.7196712493896484
1179,1503363,ESCA,-0.03576,-0.27102744579315186
1854,1503365,ESCA,6.760645,6.226405620574951
1512,907318,ESCA,4.801055,4.628070831298828
1997,1298222,ESCA,1.944834,4.115872383117676
1917,1240167,ESCA,0.050001,1.2772663831710815
1997,753623,ESCA,1.7064,3.3995962142944336
1926,906817,ESCA,3.449931,1.7512520551681519
1058,1299064,ESCA,0.572423,1.0471686124801636
1928,907318,ESCA,4.886258,3.7526462078094482
1190,753573,ESCA,1.598739,1.6237879991531372
1084,1503363,ESCA,-2.314635,-3.050139904022217
1248,907320,ESCA,-5.082238,-4.967751502990723
1191,1503366,ESCA,-3.935607,-3.991213321685791
1559,1503368,ESCA,-0.716719,-0.8158150911331177
1941,907317,ESCA,-6.04804,-3.4011476039886475
1079,1503363,ESCA,1.042233,0.5328959822654724
1006,753574,ESCA,5.053105,4.2601776123046875
1927,907317,ESCA,3.65115,4.234177589416504
1855,1298359,ESCA,4.182341,3.804560899734497
1930,1503361,ESCA,0.950118,0.7376381754875183
1049,907317,ESCA,3.23822,3.700554847717285
1618,910079,ESCA,5.507703,3.571336030960083
1034,753574,ESCA,-1.680307,-2.164947986602783
1049,1503361,ESCA,2.889902,3.8114640712738037
1049,1298222,ESCA,4.456296,4.477942943572998
1168,1503361,ESCA,2.863007,2.5611202716827393
1553,753623,ESCA,2.845978,2.584162712097168
1912,1298359,ESCA,0.71256,2.321709156036377
1047,753621,ESCA,5.983137,5.683663368225098
2045,753576,ESCA,6.606668,5.927276611328125
1936,1503366,ESCA,1.541997,2.2090539932250977
2044,1240167,ESCA,2.423611,2.418818712234497
1939,1503362,ESCA,2.711629,2.6439709663391113
1918,753576,ESCA,5.083188,4.240241527557373
1091,753555,ESCA,3.127235,1.1751420497894287
1006,907319,ESCA,1.577124,1.5429617166519165
2111,1503362,ESCA,3.515721,3.104245662689209
2040,1503362,ESCA,0.647841,0.8143435120582581
1179,753555,ESCA,-0.669714,0.11299611628055573
1553,753555,ESCA,1.60028,2.03640079498291
1248,906817,ESCA,-3.679002,-3.4046833515167236
1939,1298222,ESCA,2.101106,2.7288858890533447
1939,946355,ESCA,1.985805,3.6792519092559814
1007,946353,ESCA,-5.814724,-5.312643527984619
1911,1503368,ESCA,-2.93948,-2.4958953857421875
2109,753576,ESCA,3.930637,4.2683820724487305
2047,1503367,ESCA,0.413293,1.4286785125732422
1180,906817,ESCA,-0.754026,-0.4032607674598694
1259,735784,ESCA,3.377931,3.953453302383423
1617,907321,ESCA,1.231695,1.1600873470306396
1049,907318,ESCA,4.106813,3.596575975418091
1199,1298359,ESCA,2.907894,3.2412548065185547
1564,753574,ESCA,2.220073,2.920275926589966
1046,753573,ESCA,0.985454,1.4643831253051758
1375,1503363,ESCA,5.029245,6.362143039703369
1917,753555,ESCA,1.701927,1.069126009941101
1917,753623,ESCA,1.993977,1.3941150903701782
1559,906817,ESCA,0.95298,-0.054048970341682434
1049,910079,ESCA,2.794469,4.105632305145264
1250,1240167,ESCA,0.203947,1.4744080305099487
1034,907317,ESCA,-2.754023,-3.730952262878418
2107,1503362,ESCA,5.327934,5.012330532073975
1003,753555,ESCA,-3.049552,-3.094174385070801
1080,1503371,ESCA,-1.070923,-3.589545488357544
1051,1503371,ESCA,3.376177,1.7246441841125488
1629,907318,ESCA,5.02298,4.356582164764404
1375,1298359,ESCA,5.977072,6.205700397491455
1373,907317,ESCA,4.711994,4.942251205444336
1631,1503368,ESCA,3.444565,4.376213550567627
1594,753555,ESCA,4.069488,4.340653896331787
1922,753575,ESCA,1.685172,2.2000410556793213
2106,753621,ESCA,5.373752,3.525712251663208
1057,907318,ESCA,-2.075399,-2.5620017051696777
1268,1240167,ESCA,4.776873,4.0831732749938965
1089,1503371,ESCA,5.512991,4.599692344665527
1936,753623,ESCA,3.276215,2.292480945587158
1080,946355,ESCA,-1.595713,-1.4175020456314087
1561,735784,ESCA,0.957707,2.5032005310058594
1239,753621,ESCA,1.377463,2.7085251808166504
1919,753621,ESCA,0.426115,1.1402558088302612
1079,1503366,ESCA,3.691176,3.212686777114868
2107,910549,ESCA,5.355967,4.848264694213867
1177,753623,ESCA,5.172469,4.774058818817139
1093,753621,ESCA,5.747863,4.633767127990723
1626,753623,ESCA,2.152559,2.6694834232330322
1564,910079,ESCA,3.387063,2.6891424655914307
1249,1503363,ESCA,2.741259,3.262812376022339
1010,907319,ESCA,1.102607,1.7119660377502441
2107,907319,ESCA,4.763391,4.967172145843506
1058,907320,ESCA,1.168573,1.0159169435501099
1510,753623,ESCA,3.635267,3.6946001052856445
1631,753574,ESCA,3.149498,4.523647785186768
1624,946353,ESCA,3.981395,3.560438871383667
1085,1240167,ESCA,2.278971,2.430713176727295
1073,906817,ESCA,5.033722,6.522350788116455
2107,753575,ESCA,6.203317,6.453590393066406
1060,1503361,ESCA,0.488015,1.7430438995361328
1049,1240167,ESCA,3.846363,3.620432138442993
1622,1503371,ESCA,4.395834,3.4352946281433105
1928,1503371,ESCA,5.04428,4.746906280517578
1593,907320,ESCA,4.844633,3.040571689605713
2040,753614,ESCA,1.666539,0.859089732170105
2044,946353,ESCA,2.444904,3.1957035064697266
1996,946355,ESCA,5.30077,4.366194725036621
1932,753573,ESCA,2.09486,2.4921326637268066
1933,907317,ESCA,2.571504,4.206058979034424
1003,946353,ESCA,-1.819749,-1.8303947448730469
1085,907319,ESCA,2.27591,2.605457067489624
2107,1503361,ESCA,5.314182,5.254970550537109
2045,1298359,ESCA,5.096822,5.326771259307861
1559,753574,ESCA,0.48601,-0.5160053372383118
1919,1298359,ESCA,-0.394505,-0.6756780743598938
1578,907319,ESCA,4.549544,4.997171401977539
1621,753574,ESCA,6.27679,6.364719867706299
1051,1298222,ESCA,0.64392,2.6761162281036377
1598,1503363,ESCA,4.477145,3.621242046356201
1549,946355,ESCA,0.970395,-0.6751659512519836
1507,753576,ESCA,6.050008,5.431156635284424
1620,1503365,ESCA,6.438969,6.936605930328369
1089,753614,ESCA,3.015023,3.4162516593933105
1036,753621,ESCA,5.033614,4.910139560699463
1852,1298222,ESCA,5.211435,5.2246503829956055
1088,753574,ESCA,5.341006,4.51860237121582
1558,1503361,ESCA,3.588179,3.6171391010284424
1083,1503365,ESCA,6.001195,3.7883830070495605
1849,906817,ESCA,0.907225,2.058656692504883
1004,907320,ESCA,-3.822302,-4.366060256958008
1618,1503367,ESCA,4.461395,4.020846843719482
2040,946353,ESCA,0.607978,1.287161111831665
1373,1503361,ESCA,4.336527,4.6560211181640625
1908,946353,ESCA,4.944445,3.0065059661865234
1578,753575,ESCA,7.11048,6.398290157318115
1799,910079,ESCA,-0.44407,-1.7772269248962402
1909,1298359,ESCA,1.80108,2.1669986248016357
1911,906817,ESCA,-1.382463,-2.634002208709717
1250,1503366,ESCA,3.423901,2.895099401473999
2047,1240167,ESCA,1.940505,2.33597469329834
1624,910079,ESCA,3.810424,3.9625213146209717
1635,946356,ESCA,5.793573,5.9455132484436035
1093,907317,ESCA,2.518742,3.92142391204834
1996,1298222,ESCA,3.571171,4.1104865074157715
1032,753621,ESCA,1.76411,1.5047715902328491
1909,753574,ESCA,3.308873,2.64506459236145
1622,753614,ESCA,4.605882,4.32765531539917
1006,753623,ESCA,1.821453,1.396606683731079
2043,1240167,ESCA,5.379971,4.6468892097473145
1034,753623,ESCA,-4.721296,-4.311856269836426
1032,1503365,ESCA,1.252918,1.7950555086135864
1621,907318,ESCA,5.007649,4.326639175415039
1598,753574,ESCA,5.969531,5.063162326812744
2044,753623,ESCA,2.602502,3.1045284271240234
1011,906817,ESCA,4.055316,5.414769172668457
1629,910549,ESCA,5.037017,4.413693428039551
1939,753573,ESCA,0.794799,2.404662847518921
1925,1503363,ESCA,5.978283,4.686473369598389
1091,753574,ESCA,2.460364,2.453984260559082
1017,910549,ESCA,4.589831,4.337319850921631
2046,753576,ESCA,4.427469,4.813231468200684
1629,946355,ESCA,4.485852,4.580917835235596
1003,753614,ESCA,-4.069639,-3.1637563705444336
1190,753555,ESCA,-1.529354,-0.7644197940826416
1177,1503362,ESCA,4.397083,4.578997611999512
1005,1240167,ESCA,0.719416,2.1153595447540283
1012,946355,ESCA,1.771583,2.1851062774658203
1939,1503367,ESCA,2.81359,3.4908926486968994
1011,1503365,ESCA,4.543811,3.9400510787963867
1917,1503361,ESCA,3.430443,2.2434263229370117
1003,946356,ESCA,2.117589,-1.7799420356750488
1239,907320,ESCA,1.710724,1.7410297393798828
1131,1503365,ESCA,8.047948,5.337334632873535
1005,1503371,ESCA,4.694938,3.803900957107544
1073,753575,ESCA,6.481483,6.674727916717529
1799,1503362,ESCA,3.408652,3.731186628341675
1560,1240167,ESCA,1.91783,2.0732154846191406
1511,1503365,ESCA,1.356413,0.6785240769386292
1013,1298359,ESCA,4.672072,3.867063045501709
1168,1503362,ESCA,1.651809,2.139880418777466
1630,1298359,ESCA,4.936468,3.20912766456604
1576,753623,ESCA,2.766857,2.5585649013519287
1927,753574,ESCA,6.826155,5.991889953613281
1373,910549,ESCA,4.826272,4.33778190612793
1559,753575,ESCA,-2.514478,-1.8964872360229492
1004,753576,ESCA,-1.880863,-1.0597940683364868
1093,753574,ESCA,4.347313,5.344553470611572
1549,907317,ESCA,3.044529,2.434798240661621
1080,906817,ESCA,1.045451,1.4664536714553833
1012,1503363,ESCA,1.013222,1.274902582168579
1564,753614,ESCA,1.545328,1.788254737854004
1046,1299064,ESCA,0.787367,0.9940096139907837
1849,946355,ESCA,-0.25582,-0.16943590342998505
1512,1503366,ESCA,5.462352,5.322280406951904
1553,1503362,ESCA,1.074534,1.8600895404815674
1862,753576,ESCA,-0.5256,-0.6694355010986328
1557,1503365,ESCA,6.312968,6.3742194175720215
1635,1503365,ESCA,6.576496,6.837086200714111
1068,1503365,ESCA,1.511906,2.5471436977386475
1250,946353,ESCA,1.642322,2.0362777709960938
1919,1503371,ESCA,-1.715915,-2.1705689430236816
1620,910079,ESCA,4.431737,5.425313472747803
1239,1503367,ESCA,2.05188,1.3197492361068726
1635,1503361,ESCA,4.788502,4.996905326843262
2040,753576,ESCA,3.126223,2.6157596111297607
2048,753621,ESCA,-2.026482,-3.033327579498291
1635,753574,ESCA,6.08096,6.3545660972595215
1926,1503366,ESCA,2.429172,1.1763893365859985
1909,1503362,ESCA,1.617592,2.367074489593506
2106,1503367,ESCA,3.107517,4.968776702880859
1912,1503365,ESCA,1.920816,2.9614815711975098
1598,1503368,ESCA,4.262067,4.550425052642822
2106,753574,ESCA,4.073554,4.614974021911621
1916,753623,ESCA,1.592531,2.525695323944092
1011,1503362,ESCA,0.305448,3.0524556636810303
1557,753573,ESCA,3.142564,4.184881687164307
1560,753575,ESCA,3.90585,3.350860834121704
1630,1503363,ESCA,3.57708,3.102468252182007
1036,907320,ESCA,4.615935,4.419218063354492
1941,907320,ESCA,-4.424764,-3.5794425010681152
2111,1299064,ESCA,4.978382,2.5310230255126953
1928,1240167,ESCA,4.505653,3.6360716819763184
1626,910079,ESCA,1.993586,3.1532976627349854
1932,910549,ESCA,1.928103,2.4198217391967773
1924,753575,ESCA,2.985844,4.352846145629883
1594,753614,ESCA,4.052109,4.841319561004639
1054,1503367,ESCA,5.184997,3.8065543174743652
1849,1240167,ESCA,-1.404113,-1.0009398460388184
1084,907319,ESCA,-1.637831,-2.21425724029541
1060,1503371,ESCA,1.939826,2.0092341899871826
1598,1503365,ESCA,6.731215,6.09537935256958
1080,910549,ESCA,-4.162806,-3.2407281398773193
1006,1240167,ESCA,-0.769285,0.5383726358413696
1006,753573,ESCA,0.233463,2.9703760147094727
1593,907318,ESCA,3.352794,2.4075255393981934
1919,1503366,ESCA,1.058432,0.9932315349578857
1910,1503368,ESCA,2.214064,1.6215616464614868
1576,910549,ESCA,3.093619,2.8361778259277344
1618,753555,ESCA,2.93885,3.291599988937378
1179,1503367,ESCA,-0.531791,-0.5647940635681152
1620,946355,ESCA,6.075974,5.374208927154541
1073,753574,ESCA,5.384428,6.4805474281311035
1168,753575,ESCA,-0.124972,1.1052955389022827
1853,1298222,ESCA,1.646759,4.118375301361084
1084,1503361,ESCA,-1.040237,-1.6864529848098755
1593,753555,ESCA,1.544759,1.6048129796981812
1928,910549,ESCA,4.348789,4.130765914916992
1049,753575,ESCA,6.75872,5.755209445953369
1553,946353,ESCA,3.400185,2.7175397872924805
1268,910549,ESCA,3.192984,4.383716583251953
1032,1298359,ESCA,0.052442,-1.5625509023666382
1510,1503363,ESCA,1.549081,3.0292062759399414
1559,753576,ESCA,-0.650609,0.7079291939735413
1089,1298222,ESCA,5.319923,4.810754776000977
1558,1299064,ESCA,0.668818,1.1011499166488647
2111,907320,ESCA,4.872546,3.5750937461853027
1553,910079,ESCA,3.073578,2.6508665084838867
1629,753623,ESCA,4.630379,4.969419479370117
1080,753576,ESCA,-1.294888,0.09140992164611816
1006,1299064,ESCA,1.001132,2.225670099258423
1088,907318,ESCA,3.082235,2.7918457984924316
1627,1240167,ESCA,1.909616,2.4612808227539062
1091,907319,ESCA,1.949126,2.3581318855285645
2048,753614,ESCA,-4.400931,-3.7145817279815674
1372,1298359,ESCA,-0.499115,-0.3833329677581787
1010,1298359,ESCA,0.347655,0.22036074101924896
1259,1503371,ESCA,3.722646,2.5264177322387695
1919,735784,ESCA,1.778764,1.7030389308929443
1177,1503361,ESCA,3.410899,5.008715629577637
1997,946353,ESCA,1.650865,2.721672534942627
1624,907321,ESCA,2.341517,1.9706250429153442
1036,1503368,ESCA,5.284262,5.495485782623291
1873,753555,ESCA,0.2676,0.31000813841819763
1564,907319,ESCA,2.818468,3.093629837036133
1576,1503368,ESCA,2.554753,3.0845611095428467
1006,906817,ESCA,3.839582,4.448938846588135
1068,910549,ESCA,1.659583,1.1976957321166992
1032,1503367,ESCA,2.713813,2.5475246906280518
1011,753621,ESCA,2.906857,2.6800994873046875
1625,946353,ESCA,5.008439,5.036932468414307
1011,946353,ESCA,2.540422,1.3988906145095825
1939,910079,ESCA,4.535416,3.930368423461914
1200,1503363,ESCA,3.670611,2.8337562084198
1924,1503361,ESCA,4.286984,3.1428449153900146
1093,1298359,ESCA,5.042831,4.052525043487549
1068,946353,ESCA,1.567541,1.0252416133880615
2044,1503368,ESCA,4.865866,4.049946308135986
1079,753574,ESCA,0.796424,0.6988464593887329
1177,946353,ESCA,4.729113,4.653497219085693
1561,910549,ESCA,1.459031,0.9163380861282349
1940,753574,ESCA,3.948694,4.525155067443848
1849,907321,ESCA,-2.680457,-0.7860883474349976
1627,946355,ESCA,3.646358,3.0000011920928955
1624,910549,ESCA,2.18788,3.1768431663513184
1557,735784,ESCA,5.22169,5.307121276855469
1512,1503362,ESCA,5.40674,5.133939743041992
1624,735784,ESCA,3.132972,4.880012512207031
1079,946353,ESCA,0.56348,0.2918139696121216
2048,910549,ESCA,-1.627642,-3.6052064895629883
1627,753555,ESCA,2.156612,2.249593496322632
1259,1503362,ESCA,4.540095,3.1856212615966797
1058,906817,ESCA,3.447854,2.621110439300537
1239,1503371,ESCA,1.845022,2.3724615573883057
1917,753573,ESCA,-0.622635,1.4981074333190918
1034,907319,ESCA,-4.105021,-3.2471816539764404
1917,907318,ESCA,1.063225,1.8016115427017212
1615,753574,ESCA,6.183902,6.374507904052734
1630,946355,ESCA,4.218438,3.4639976024627686
1854,906817,ESCA,5.874562,6.206814765930176
1941,907318,ESCA,-3.902918,-3.1763126850128174
1190,906817,ESCA,3.711984,2.7964203357696533
1084,907320,ESCA,-1.244099,-2.2789483070373535
1036,753574,ESCA,6.618062,6.02994966506958
1249,1503366,ESCA,2.259657,3.7494232654571533
1250,1298359,ESCA,2.141697,2.1268720626831055
1853,735784,ESCA,5.080564,4.267184257507324
1941,735784,ESCA,-3.727863,-4.03249979019165
2096,1298222,ESCA,2.358124,2.959866762161255
1200,1298222,ESCA,3.004981,3.1969776153564453
1560,753573,ESCA,2.831398,2.6329798698425293
1855,910079,ESCA,5.716666,4.325243949890137
1578,753574,ESCA,5.234711,6.155688762664795
1005,753555,ESCA,3.154215,3.0465004444122314
1073,1503371,ESCA,5.917359,4.182408809661865
1621,753575,ESCA,6.495197,6.5198259353637695
1930,1298222,ESCA,0.60269,1.3260831832885742
1373,1298359,ESCA,5.644014,5.043849945068359
1510,1503361,ESCA,3.346863,3.0244381427764893
1625,910079,ESCA,4.961944,5.140651702880859
1557,946355,ESCA,4.07856,4.773993015289307
1036,907319,ESCA,4.326645,4.188161849975586
1927,753575,ESCA,7.193305,5.836927890777588
2047,1503365,ESCA,2.568044,2.768618106842041
1925,910079,ESCA,5.657007,4.939216613769531
1912,910549,ESCA,3.560029,2.5214316844940186
1635,910079,ESCA,4.939075,5.311832427978516
1630,753555,ESCA,2.495717,3.117251396179199
1925,1503365,ESCA,5.483047,6.5044097900390625
1613,753621,ESCA,4.475149,3.3354332447052
2111,735784,ESCA,5.674722,4.795093059539795
1053,1298359,ESCA,1.819798,2.889782667160034
1089,946356,ESCA,6.834329,5.212834358215332
1853,1298359,ESCA,4.32959,4.114268779754639
1372,1503371,ESCA,0.089907,2.2338125705718994
1915,1503361,ESCA,2.468125,2.6190943717956543
1564,907318,ESCA,2.328184,2.273096799850464
1559,910549,ESCA,-2.431893,-2.9097418785095215
1088,946356,ESCA,4.928185,3.105729103088379
1873,946353,ESCA,1.03441,1.3954493999481201
1862,1503366,ESCA,-0.920863,-0.8568788766860962
1268,946356,ESCA,5.683538,5.260042667388916
1003,907320,ESCA,-1.093072,-2.025750160217285
1873,946355,ESCA,0.201051,0.882843017578125
1613,946356,ESCA,5.754943,4.18335485458374
1011,753573,ESCA,5.345679,2.060046672821045
1084,753573,ESCA,-3.26933,-3.3477532863616943
1088,753555,ESCA,1.875057,1.9844259023666382
1022,1503367,ESCA,-1.525448,-0.0487341433763504
1051,907319,ESCA,2.433878,2.4246487617492676
1916,946353,ESCA,2.726755,2.5681917667388916
1057,1298222,ESCA,1.794818,-0.7199674844741821
1080,753574,ESCA,-1.05882,-0.5049190521240234
1010,753623,ESCA,2.316686,2.408247470855713
1557,753621,ESCA,5.953056,5.170693874359131
1924,1503371,ESCA,2.730016,2.7513468265533447
1079,1503368,ESCA,3.717437,1.3541258573532104
1624,753614,ESCA,3.580624,3.4924962520599365
1926,907317,ESCA,-0.340913,-0.015377894043922424
1911,1240167,ESCA,-4.835293,-5.713879108428955
1909,910079,ESCA,3.304053,2.617680311203003
1093,1503361,ESCA,4.111686,3.9328784942626953
1853,753576,ESCA,4.745954,3.979069471359253
1549,946353,ESCA,3.679745,2.261019229888916
1593,1298222,ESCA,4.823844,2.781008720397949
1786,1503365,ESCA,5.596357,5.82714319229126
1940,1503368,ESCA,4.248689,3.7185840606689453
1635,1298359,ESCA,5.012351,5.1033854484558105
2106,753573,ESCA,0.005556,-0.6943210959434509
1036,735784,ESCA,5.693017,5.270979404449463
1922,1240167,ESCA,1.671571,1.4798858165740967
2044,1503366,ESCA,4.443256,3.723007917404175
1046,1240167,ESCA,0.939649,1.1687742471694946
1180,907318,ESCA,-3.753865,-3.677450656890869
1855,907318,ESCA,4.559982,3.3544962406158447
1614,1298222,ESCA,3.73063,4.086857318878174
1926,946355,ESCA,-0.253956,0.23857858777046204
1180,753575,ESCA,0.504372,-2.284881114959717
1529,1299064,ESCA,-1.156719,-0.1505517214536667
1918,1298222,ESCA,3.58398,3.5569324493408203
1079,753573,ESCA,1.170945,-0.8221864700317383
1004,906817,ESCA,0.249065,0.622745931148529
2048,1299064,ESCA,-2.413671,-4.08465051651001
2110,753614,ESCA,4.301258,3.9308671951293945
1922,1503363,ESCA,1.189802,1.9650503396987915
1931,1298359,ESCA,5.801256,5.690382957458496
1190,753621,ESCA,3.531553,-0.5768027901649475
1598,907317,ESCA,4.814978,3.777387857437134
1004,910079,ESCA,-4.661422,-3.9076051712036133
1512,1503363,ESCA,5.984122,5.270491123199463
2045,910079,ESCA,6.02462,5.358102321624756
1511,1503363,ESCA,-1.682855,-1.4000390768051147
1237,907319,ESCA,5.340138,4.899845123291016
1996,735784,ESCA,4.488288,4.6653265953063965
1919,1503363,ESCA,3.306691,1.6776423454284668
1549,1503362,ESCA,2.225485,2.8387680053710938
1873,1503368,ESCA,1.198563,1.324052333831787
1259,753623,ESCA,3.377838,3.4499754905700684
1626,1298222,ESCA,5.453857,2.8678903579711914
1927,735784,ESCA,5.653598,5.357779502868652
1799,735784,ESCA,5.046471,4.010670185089111
1529,907320,ESCA,-0.720031,1.4067680835723877
1932,1298359,ESCA,2.528572,2.52781343460083
1084,1299064,ESCA,-1.239775,-2.996431827545166
1912,753575,ESCA,2.909891,3.245809555053711
1940,753576,ESCA,5.369787,4.028120517730713
2106,907318,ESCA,1.592828,1.594501256942749
1629,1503363,ESCA,5.471151,4.219979286193848
2109,1503365,ESCA,5.651407,3.4363033771514893
1933,1299064,ESCA,4.853634,3.487536907196045
1910,753575,ESCA,2.31723,3.4521310329437256
1618,907318,ESCA,3.078574,3.0167064666748047
1634,907321,ESCA,3.255857,3.5521066188812256
1200,753614,ESCA,3.159669,2.683070182800293
1191,1503371,ESCA,-4.840671,-4.569309711456299
1068,1298222,ESCA,0.100958,1.6925748586654663
1853,946355,ESCA,3.534393,4.129350662231445
1168,753623,ESCA,2.410872,1.9265450239181519
1180,735784,ESCA,-2.909722,-1.9057953357696533
1927,753573,ESCA,4.518796,4.4744954109191895
1996,753621,ESCA,3.699204,4.370548725128174
1910,753576,ESCA,3.865064,3.1600420475006104
2106,1298359,ESCA,0.625708,2.07502818107605
1006,1298359,ESCA,2.42242,2.335350275039673
1190,753575,ESCA,5.493402,2.956836223602295
1635,1503362,ESCA,5.289376,5.0863165855407715
1558,753573,ESCA,1.185121,1.3036338090896606
1620,1503368,ESCA,5.096818,5.218034744262695
1022,1298359,ESCA,-0.926116,-0.3869740962982178
1093,753555,ESCA,3.259834,3.8083207607269287
1054,1503363,ESCA,2.435937,3.4585916996002197
1131,946355,ESCA,4.881274,6.268451690673828
1908,1503365,ESCA,2.592932,2.768618106842041
1561,907318,ESCA,0.834773,0.5237424969673157
1624,753623,ESCA,3.134801,3.271458148956299
1091,1298359,ESCA,1.647183,1.4412100315093994
1373,753575,ESCA,7.214291,6.429269313812256
1091,1503371,ESCA,3.738792,2.8579747676849365
1613,1503362,ESCA,2.887803,1.827927827835083
1510,906817,ESCA,5.401774,5.651061534881592
1511,910079,ESCA,-1.044418,0.21823588013648987
1073,907318,ESCA,2.328231,3.9303879737854004
1088,1503361,ESCA,3.576547,3.9542033672332764
1996,753574,ESCA,4.81076,5.096303462982178
1177,753614,ESCA,3.580096,4.159988880157471
1085,753623,ESCA,3.368884,2.6770663261413574
1034,1503367,ESCA,-2.170429,-2.3758544921875
1054,907319,ESCA,4.848096,4.510395526885986
1930,1503363,ESCA,-0.074493,-0.042480871081352234
1237,946355,ESCA,4.546887,5.369285583496094
1560,753576,ESCA,2.950379,4.8577446937561035
1852,1503362,ESCA,3.730145,5.08087682723999
1928,1503368,ESCA,4.902932,4.900209903717041
1996,753555,ESCA,3.414626,3.982269525527954
1910,1503366,ESCA,1.634462,2.140380382537842
2043,1503361,ESCA,5.347152,4.606735706329346
1168,1240167,ESCA,0.9855,1.0234394073486328
1003,753574,ESCA,0.771646,-0.7461720705032349
1563,907317,ESCA,4.668413,5.131214618682861
1003,753621,ESCA,-1.257903,-2.5281898975372314
1849,1503368,ESCA,1.544034,-0.30471324920654297
1933,1503363,ESCA,5.315881,4.959163188934326
1060,753621,ESCA,0.74604,0.6141423583030701
1036,946353,ESCA,4.124835,4.288229465484619
1932,1503368,ESCA,3.360657,3.2608959674835205
1200,1299064,ESCA,2.671625,2.3571813106536865
1927,1503367,ESCA,6.062089,5.3509440422058105
1919,753555,ESCA,-1.217516,-0.7675955295562744
1053,1503362,ESCA,1.208548,2.388571262359619
1911,753573,ESCA,-6.158049,-4.733564853668213
1180,1503368,ESCA,0.975115,-1.148376703262329
1093,907318,ESCA,4.808234,3.4856770038604736
1852,946355,ESCA,5.671184,5.267143249511719
1918,946355,ESCA,2.062138,2.874509811401367
1916,907319,ESCA,3.010948,2.5426793098449707
1259,1240167,ESCA,2.789452,1.9171102046966553
1191,1240167,ESCA,-5.087482,-5.0106635093688965
1085,1503371,ESCA,2.120061,2.676198720932007
1375,946353,ESCA,5.510078,5.845064163208008
1849,1298359,ESCA,0.715098,-0.4892351031303406
1034,946353,ESCA,-2.996868,-3.279188632965088
1908,946355,ESCA,3.335075,2.559723377227783
2045,1503361,ESCA,4.286366,4.820505142211914
1268,910079,ESCA,4.078351,3.884462833404541
1022,1503363,ESCA,0.431155,-0.16130049526691437
1199,753555,ESCA,3.949407,2.9535837173461914
1593,906817,ESCA,4.510292,5.744329929351807
1622,946356,ESCA,6.252393,5.118223667144775
1940,1503362,ESCA,3.781247,3.7352547645568848
1053,1503368,ESCA,2.092884,2.954637050628662
1046,907317,ESCA,2.065609,0.875178337097168
1200,1503361,ESCA,3.343958,2.721684217453003
2046,1299064,ESCA,4.231342,1.2030085325241089
2040,1503366,ESCA,1.730064,1.3766170740127563
1131,907320,ESCA,6.587499,6.283288955688477
1080,946353,ESCA,-4.44271,-3.373535394668579
1854,735784,ESCA,6.050716,5.302027225494385
1013,1503366,ESCA,4.379358,3.993736505508423
1786,907317,ESCA,2.903384,2.6906661987304688
1629,946353,ESCA,3.930011,4.542433738708496
2040,1503371,ESCA,1.806622,1.0259079933166504
1010,1503361,ESCA,3.604093,3.3405213356018066
1622,910079,ESCA,5.299391,4.22646951675415
1627,907320,ESCA,3.112337,3.1289236545562744
1507,753555,ESCA,4.707216,4.432684898376465
1917,946355,ESCA,1.565973,2.1950690746307373
2106,1503363,ESCA,0.810987,1.190542459487915
1578,753623,ESCA,5.770549,5.301828384399414
1190,907318,ESCA,1.072383,2.031095027923584
1915,1503365,ESCA,2.475873,2.791273355484009
1190,946355,ESCA,0.943543,1.1550986766815186
1620,753623,ESCA,4.89227,5.143620014190674
1199,1503368,ESCA,3.871513,4.3715715408325195
1564,906817,ESCA,4.513172,5.280155658721924
1007,907320,ESCA,-4.998352,-5.625263690948486
1199,1240167,ESCA,2.779688,2.903386116027832
1036,753623,ESCA,4.007823,3.9562363624572754
1549,1299064,ESCA,1.117591,0.803213894367218
1053,753614,ESCA,2.987828,3.996415615081787
1912,1240167,ESCA,1.99738,2.1687543392181396
1613,907320,ESCA,3.738563,3.3454818725585938
1058,753614,ESCA,1.280088,0.5399526357650757
1013,1240167,ESCA,2.143688,3.061875343322754
1088,753621,ESCA,3.350892,3.0529685020446777
1561,907320,ESCA,0.129144,1.0874662399291992
1561,907319,ESCA,1.145292,1.712652564048767
1007,753614,ESCA,-5.114322,-5.6011643409729
1131,910549,ESCA,5.195781,5.395065784454346
1933,907320,ESCA,5.805814,4.48921537399292
1250,907318,ESCA,2.616206,1.9240500926971436
2107,753621,ESCA,5.954077,5.39437198638916
1080,1503363,ESCA,-3.798966,-3.2174935340881348
1054,1503362,ESCA,3.825284,3.618149995803833
1510,907318,ESCA,3.50794,3.4193360805511475
1873,907317,ESCA,0.671927,0.671578586101532
1615,1240167,ESCA,3.373114,4.471086025238037
1003,1503366,ESCA,-2.882568,-1.4283643960952759
1017,753573,ESCA,4.916283,4.437047481536865
1578,1503365,ESCA,6.131964,6.5916008949279785
1631,753623,ESCA,2.854448,2.8988072872161865
1618,753623,ESCA,3.152254,3.621448278427124
1626,946356,ESCA,6.456852,4.3741936683654785
1259,753573,ESCA,3.284219,4.076189994812012
1908,753576,ESCA,4.372897,3.6905007362365723
1927,753623,ESCA,4.457184,4.697956085205078
1089,753623,ESCA,3.529307,4.16157341003418
1631,753614,ESCA,3.39853,2.3226630687713623
1996,1503368,ESCA,4.504806,4.609219551086426
1093,753576,ESCA,5.690099,4.97401762008667
1057,753574,ESCA,-1.635786,-0.9353280067443848
1168,1503368,ESCA,1.175823,1.378940463066101
1179,1503361,ESCA,-0.208241,-0.13826023042201996
1131,1503367,ESCA,6.987229,5.354458332061768
1624,1503367,ESCA,5.984698,3.5563879013061523
1259,946355,ESCA,6.051116,4.173559665679932
2106,910079,ESCA,4.28178,2.6508665084838867
2046,907318,ESCA,3.35199,1.9850984811782837
1250,910549,ESCA,1.465181,1.8117904663085938
1940,753621,ESCA,3.265926,4.106141090393066
1910,753555,ESCA,3.087653,2.21071457862854
2111,1503361,ESCA,3.109131,4.368244647979736
2096,910549,ESCA,2.700725,2.0337870121002197
1013,1298222,ESCA,4.194012,4.15997838973999
1177,753573,ESCA,3.722452,5.034429550170898
1634,1503371,ESCA,3.58441,3.4402213096618652
1259,753574,ESCA,5.502169,5.119352340698242
1634,1503362,ESCA,4.219913,4.075146198272705
1512,753555,ESCA,5.176786,4.83270788192749
1006,946355,ESCA,4.275616,2.345332384109497
1250,1503361,ESCA,0.490411,1.6450941562652588
1615,907321,ESCA,4.741295,4.286618709564209
1626,1503367,ESCA,6.169116,2.825554847717285
1549,1503365,ESCA,2.625251,1.8883601427078247
1511,753623,ESCA,-0.796657,-1.450692892074585
1911,753575,ESCA,-3.672869,-3.6536645889282227
1375,1503368,ESCA,6.699532,7.014053821563721
1237,753573,ESCA,5.458784,4.796415328979492
1626,753574,ESCA,4.682835,4.115721225738525
1060,907319,ESCA,1.41232,0.1455584466457367
1931,1503371,ESCA,5.096926,5.495295524597168
1593,753575,ESCA,5.504092,3.4847676753997803
1507,753614,ESCA,5.123254,4.843621730804443
1053,946353,ESCA,4.382306,3.6238300800323486
2107,1240167,ESCA,5.000514,4.602284908294678
1913,1503367,ESCA,5.747311,4.773107051849365
1557,753574,ESCA,6.460246,6.062946796417236
1034,1503366,ESCA,-2.833726,-2.561321973800659
1005,910079,ESCA,4.020049,4.304471015930176
1239,1298222,ESCA,3.180797,2.8412835597991943
1909,753575,ESCA,3.294172,2.96842098236084
1613,735784,ESCA,5.034956,4.007917404174805
1200,735784,ESCA,4.002619,3.4014434814453125
1849,1503363,ESCA,-1.21232,-1.660081386566162
1553,1240167,ESCA,1.894381,2.4245731830596924
1925,907318,ESCA,3.875765,4.032832145690918
1553,735784,ESCA,2.414373,3.7724828720092773
1630,907321,ESCA,3.735991,2.8097329139709473
1011,907317,ESCA,3.551372,2.70363187789917
2096,1503362,ESCA,1.119612,1.982071042060852
1032,753576,ESCA,3.071916,3.3645052909851074
1083,753574,ESCA,5.495321,4.698719024658203
1005,1503368,ESCA,5.313557,5.694349765777588
1549,1240167,ESCA,1.341045,1.945255160331726
1034,907318,ESCA,-3.0562,-3.935784339904785
1849,907320,ESCA,-0.235202,-0.545556366443634
1022,753573,ESCA,-1.958415,-1.0792077779769897
1854,910079,ESCA,4.251645,4.384094715118408
1916,753576,ESCA,4.146877,4.207920551300049
1799,946353,ESCA,3.159153,2.8475072383880615
1046,1503365,ESCA,3.128069,4.142911434173584
1005,907318,ESCA,2.331254,3.30415678024292
2110,753621,ESCA,5.253131,4.934170722961426
1558,1503371,ESCA,-1.261999,-0.702766478061676
1047,907318,ESCA,4.866106,4.794234275817871
1939,910549,ESCA,0.801986,2.3276047706604004
1054,753623,ESCA,4.425666,3.9294891357421875
2045,946353,ESCA,5.232938,5.074176788330078
2046,1503368,ESCA,3.94078,4.10065221786499
1909,1298222,ESCA,2.01756,2.2657811641693115
1089,1299064,ESCA,3.630272,2.5588173866271973
1624,907320,ESCA,3.559241,3.5048487186431885
1005,1503361,ESCA,3.096493,4.648197174072266
1249,1503371,ESCA,2.715704,2.958536148071289
2048,753575,ESCA,-1.066497,-1.3663779497146606
1022,753621,ESCA,-0.425976,0.5375198721885681
1855,946355,ESCA,4.382073,4.351975440979004
1507,753623,ESCA,5.176142,4.842561721801758
2045,753575,ESCA,6.306443,6.518698692321777
1932,735784,ESCA,5.254021,4.050516128540039
1615,946355,ESCA,6.092499,5.229319095611572
1922,753573,ESCA,1.571777,2.0416927337646484
1036,907318,ESCA,4.026994,3.8036937713623047
1618,946353,ESCA,2.987387,3.276076078414917
1080,753573,ESCA,-4.081702,-3.2218525409698486
1563,1503363,ESCA,6.144589,5.7106757164001465
1853,1503367,ESCA,2.508962,3.668483018875122
1375,910079,ESCA,7.606753,6.4087910652160645
1615,1503367,ESCA,5.694885,5.114012241363525
1559,1503366,ESCA,-0.824766,-0.3347902297973633
1996,910079,ESCA,3.949218,3.355161666870117
1049,753623,ESCA,3.144015,3.740269184112549
1909,1299064,ESCA,1.235704,2.129106044769287
1622,1503365,ESCA,6.548425,6.092288494110107
1561,946353,ESCA,1.675277,1.639412522315979
1578,1298359,ESCA,5.404768,5.225550651550293
1190,753574,ESCA,4.87918,2.6130499839782715
1918,1503367,ESCA,3.548717,3.9535059928894043
1079,907320,ESCA,0.01054,-0.8713053464889526
1598,1298222,ESCA,3.612749,4.073479652404785
1911,1503365,ESCA,-2.694534,-3.1207380294799805
2096,1503366,ESCA,3.031724,3.480375289916992
1093,1503371,ESCA,3.41278,4.049469947814941
1511,1298359,ESCA,0.182078,-0.6997796297073364
1559,1503371,ESCA,-2.365184,-2.705151319503784
1927,910549,ESCA,4.057845,4.681896209716797
2040,907317,ESCA,1.084836,1.130053997039795
1933,946353,ESCA,5.033707,4.235894203186035
1268,1298359,ESCA,3.807074,4.321513652801514
1912,753555,ESCA,1.616506,2.3475451469421387
1083,753623,ESCA,4.066037,3.43229079246521
1912,1503366,ESCA,2.522625,2.8994081020355225
1621,753614,ESCA,4.145287,4.612081527709961
2111,910549,ESCA,2.745608,3.2940421104431152
1786,906817,ESCA,5.068914,5.10994291305542
1622,1298222,ESCA,3.675412,4.357702255249023
1911,753574,ESCA,-4.362332,-3.9905667304992676
2107,946353,ESCA,5.182187,4.777197360992432
1936,1298222,ESCA,1.976883,2.61096453666687
1011,1503367,ESCA,3.744843,1.1642922163009644
2109,1503371,ESCA,3.975371,2.4886138439178467
1855,907320,ESCA,3.995333,3.6346981525421143
1578,1503366,ESCA,5.15265,5.015863418579102
1079,907318,ESCA,-0.4912,-0.05768100917339325
1373,753576,ESCA,6.90345,5.433562278747559
2107,753576,ESCA,6.548136,6.056565284729004
1089,907320,ESCA,2.626228,3.796300172805786
1613,1503366,ESCA,2.725445,4.007676601409912
1854,1503368,ESCA,5.226872,4.755167484283447
1510,1503368,ESCA,4.132609,4.102591514587402
2040,753574,ESCA,1.387285,2.6377217769622803
1053,907318,ESCA,3.26986,2.425995111465454
1620,1298222,ESCA,5.220432,5.326353073120117
1373,1299064,ESCA,4.589985,4.742621898651123
1629,753575,ESCA,6.721549,5.949037075042725
1073,753576,ESCA,5.621365,6.388790130615234
1017,1503366,ESCA,4.629564,4.137759685516357
1053,753576,ESCA,4.45334,4.759860515594482
1191,907318,ESCA,-5.190546,-5.2303056716918945
1088,910549,ESCA,1.559207,2.322293996810913
1003,907319,ESCA,-3.107823,-3.6443164348602295
1786,907319,ESCA,3.556294,2.8113999366760254
1853,1503363,ESCA,6.050885,3.620469093322754
1853,753621,ESCA,3.265825,4.323358535766602
1017,753555,ESCA,4.439998,4.31577205657959
1593,753621,ESCA,1.683692,3.1384212970733643
1004,1503371,ESCA,-5.888301,-3.290339231491089
1940,907317,ESCA,4.373736,4.101739883422852
1559,753573,ESCA,-3.223148,-3.801687240600586
1010,946353,ESCA,3.474107,1.8155255317687988
1047,1240167,ESCA,5.69003,4.529607772827148
1598,1298476,PAAD,7.416074,6.093190670013428
1630,910915,PAAD,4.062897,4.801560401916504
1372,724869,PAAD,-2.918557,-2.0024092197418213
1003,1240208,PAAD,-3.009924,-3.127175807952881
1557,753572,PAAD,5.535813,4.946653366088867
2047,724869,PAAD,1.791162,2.5356552600860596
1060,753572,PAAD,-0.020641,0.3998572528362274
1598,724869,PAAD,1.756242,4.612283229827881
1507,1240208,PAAD,5.705852,5.2513837814331055
1908,1298475,PAAD,1.35285,1.9291857481002808
1622,925348,PAAD,6.44736,5.331686496734619
2044,753572,PAAD,2.960658,3.2262792587280273
1618,1298533,PAAD,4.269451,3.8398807048797607
1259,906821,PAAD,1.998376,2.6680145263671875
1630,910546,PAAD,4.788824,4.021183490753174
1563,925346,PAAD,6.370727,6.309099197387695
1561,724869,PAAD,3.119429,2.69138240814209
1908,1298533,PAAD,1.320473,2.054450273513794
1053,1240201,PAAD,5.199583,4.620543956756592
1177,906693,PAAD,4.271122,4.685273170471191
1510,907286,PAAD,4.887321,4.567602634429932
1046,1298136,PAAD,2.289298,4.918651103973389
1083,906693,PAAD,2.855938,3.4828789234161377
1933,925346,PAAD,6.105607,5.614902019500732
1852,753624,PAAD,6.151432,5.738060474395752
1259,724870,PAAD,4.513353,3.3938989639282227
1634,1240201,PAAD,4.48605,4.427670001983643
1926,753624,PAAD,2.605009,1.2213996648788452
1922,925348,PAAD,3.023279,3.266482353210449
1912,910915,PAAD,5.270205,3.5523853302001953
1799,907285,PAAD,6.477551,5.552882671356201
1786,906693,PAAD,3.409372,3.3497633934020996
1557,909904,PAAD,5.626542,5.601589679718018
1068,724870,PAAD,1.519426,1.354575276374817
1089,1298141,PAAD,5.722874,6.314051151275635
1054,909904,PAAD,4.536486,4.9893059730529785
1006,1298136,PAAD,5.541161,3.634148359298706
1003,1240219,PAAD,-2.251948,-0.6652838587760925
2107,1298136,PAAD,7.298382,6.405847549438477
1512,1298216,PAAD,5.980312,5.727320194244385
2043,1298476,PAAD,6.606586,7.485597133636475
1941,1298136,PAAD,-4.542976,-3.8299126625061035
1006,907286,PAAD,1.186122,2.764981746673584
1091,925346,PAAD,2.769523,2.5920310020446777
1917,907285,PAAD,1.628396,2.694831371307373
1051,753572,PAAD,-0.511612,2.018014669418335
1088,1290797,PAAD,3.180225,2.318800449371338
1046,925347,PAAD,6.156575,5.235145092010498
1933,910546,PAAD,5.799465,4.6149210929870605
1191,1298476,PAAD,-1.671729,-2.3300530910491943
1017,1240219,PAAD,5.123756,4.9112372398376465
1629,724870,PAAD,4.843727,4.537684917449951
1180,1290797,PAAD,-3.712301,-3.110152006149292
1613,1298526,PAAD,4.519495,4.802525520324707
1003,907285,PAAD,-0.960316,-1.9993326663970947
1268,1298218,PAAD,4.548869,4.640030384063721
1564,925346,PAAD,1.628191,3.14900803565979
1926,906693,PAAD,0.588681,1.6583365201950073
1054,910907,PAAD,5.609864,5.123502731323242
1079,907286,PAAD,1.813142,2.50946307182312
1006,910907,PAAD,3.42387,3.982563018798828
1512,1298526,PAAD,6.298268,6.207083225250244
1034,724870,PAAD,-1.359359,-3.0440785884857178
1931,925347,PAAD,6.787235,6.769981384277344
1199,1298218,PAAD,5.701872,4.79775333404541
1916,925348,PAAD,4.465132,4.462275981903076
1011,925346,PAAD,5.048934,3.50203800201416
1931,724870,PAAD,4.990436,5.635307312011719
1179,910907,PAAD,1.499432,1.8385964632034302
1873,753572,PAAD,0.727169,0.9105430841445923
1073,1240208,PAAD,4.328241,5.228801250457764
1006,925348,PAAD,2.520943,3.3761796951293945
1916,1240201,PAAD,3.801039,3.922670602798462
1373,1240219,PAAD,6.010605,5.905328273773193
1036,1298476,PAAD,6.602746,6.730447769165039
1559,1298526,PAAD,-1.046438,-0.6578608751296997
1913,1298476,PAAD,7.076212,6.549788475036621
1010,1298218,PAAD,4.659729,4.338870048522949
1180,1240218,PAAD,0.317843,0.3441416621208191
1511,925347,PAAD,3.655496,1.6617097854614258
2109,909904,PAAD,4.922913,3.754115104675293
1939,910702,PAAD,8.068851,4.925596237182617
1372,1298476,PAAD,-1.475726,-0.6272161602973938
1034,1298218,PAAD,-3.707416,-1.6398510932922363
1093,1290797,PAAD,3.132708,3.9594507217407227
1936,925347,PAAD,2.293037,3.6376473903656006
1634,910702,PAAD,6.760967,5.901339054107666
1057,910915,PAAD,1.363761,-0.4397258162498474
1250,1240208,PAAD,3.561334,2.921163558959961
2046,1298533,PAAD,3.276652,3.704693078994751
1085,906821,PAAD,3.295067,3.795315742492676
1558,1240201,PAAD,5.55247,4.478382110595703
1084,910915,PAAD,-0.160447,-0.2907399535179138
1049,1240208,PAAD,5.212751,5.230501651763916
1912,1298476,PAAD,4.549399,4.863197326660156
1005,1298136,PAAD,7.381278,5.147950649261475
2040,909904,PAAD,1.31311,2.5678651332855225
1510,1240201,PAAD,4.449779,4.313690662384033
1931,753572,PAAD,5.341377,5.76516056060791
1199,906693,PAAD,4.446633,3.4861109256744385
1079,753624,PAAD,2.206782,3.242506980895996
1249,724869,PAAD,5.868182,4.443301677703857
2048,1298218,PAAD,-2.262216,0.20306691527366638
1053,724869,PAAD,5.859035,4.4745097160339355
1558,1298216,PAAD,2.649951,4.975025653839111
1085,1240201,PAAD,2.165267,3.156252384185791
1180,907286,PAAD,-2.078333,-2.1258254051208496
1910,1298141,PAAD,2.550979,2.739933490753174
1613,1240208,PAAD,5.458872,5.3213210105896
1046,910702,PAAD,5.96432,6.748681545257568
1250,1240201,PAAD,3.43392,2.187957286834717
2110,925347,PAAD,4.359504,5.660669326782227
1529,1298475,PAAD,0.737606,1.349148154258728
1529,925347,PAAD,4.3949,4.031965255737305
1933,753624,PAAD,6.188442,5.150097846984863
1854,1298218,PAAD,5.548599,5.606196880340576
1073,925346,PAAD,3.693257,4.904234886169434
1011,910915,PAAD,0.554403,3.812131404876709
1093,1298216,PAAD,3.444417,5.019532203674316
1006,907285,PAAD,2.593334,2.934223175048828
1615,1290797,PAAD,4.400444,4.738547325134277
1917,1240218,PAAD,3.787809,4.915167331695557
1560,925346,PAAD,3.926218,4.450677394866943
1928,1298136,PAAD,6.549918,6.22731351852417
1512,1298141,PAAD,6.268335,6.203973293304443
1507,910702,PAAD,6.626638,6.4997334480285645
1010,1240201,PAAD,3.338044,3.5236759185791016
1919,907285,PAAD,2.371505,2.418510913848877
1853,910546,PAAD,3.742162,4.731109619140625
1919,925348,PAAD,3.317712,2.834399461746216
1080,1298475,PAAD,-0.983114,-0.0511031299829483
1936,909904,PAAD,4.052806,3.777182102203369
2044,907285,PAAD,4.803037,4.118191242218018
1054,910702,PAAD,4.544198,5.493048667907715
1578,1298136,PAAD,5.349546,5.533588886260986
1631,1298526,PAAD,3.690457,3.9798340797424316
1083,1240218,PAAD,6.469134,6.19029426574707
1004,909904,PAAD,-0.499356,-1.0786795616149902
1051,724870,PAAD,2.230529,2.240586042404175
1997,1298475,PAAD,3.442137,2.5371274948120117
1011,1298526,PAAD,2.26885,3.527674674987793
1375,910546,PAAD,5.876491,5.803825378417969
1006,910915,PAAD,5.32454,5.2295637130737305
1621,753572,PAAD,5.503205,4.423355579376221
1931,1240201,PAAD,6.08117,5.798027515411377
1089,906693,PAAD,4.998747,4.246158123016357
1168,910907,PAAD,3.352745,4.170269966125488
1080,910915,PAAD,1.435633,0.18842348456382751
1593,1298475,PAAD,2.112001,2.37386417388916
1922,906693,PAAD,1.983069,2.5501227378845215
1910,910915,PAAD,1.565612,3.1639487743377686
1862,910907,PAAD,-1.617366,-0.946555495262146
1011,1290797,PAAD,1.386381,3.151179313659668
1036,1240201,PAAD,6.278199,5.09151029586792
1561,909904,PAAD,2.528939,2.9099676609039307
1996,1240219,PAAD,5.398971,4.744168281555176
2040,1298136,PAAD,0.610875,1.7210795879364014
1932,1298218,PAAD,3.410015,4.259664535522461
1620,1240219,PAAD,7.331882,6.951242446899414
1032,925347,PAAD,3.498439,3.7180609703063965
1563,1298218,PAAD,5.676513,6.652008056640625
1631,925348,PAAD,3.595409,3.899635076522827
1620,724869,PAAD,5.942387,6.1108784675598145
1928,1240208,PAAD,4.579312,4.9373459815979
1939,1298526,PAAD,2.389277,3.2523491382598877
2109,724869,PAAD,5.624922,3.428378105163574
2107,909904,PAAD,6.46147,6.41767692565918
1083,1298218,PAAD,3.901325,4.329146385192871
1908,1290797,PAAD,2.474096,1.5603721141815186
2109,906821,PAAD,1.61518,2.7551429271698
1563,1298216,PAAD,6.216492,6.04836893081665
2045,925348,PAAD,5.461058,5.861208915710449
1034,1290797,PAAD,-4.445136,-4.158802509307861
1559,1298475,PAAD,-2.399048,-1.49434232711792
1941,910546,PAAD,-5.309952,-5.007104873657227
1631,1240201,PAAD,3.283034,4.381464004516602
1511,1298141,PAAD,1.559969,0.9197661280632019
1576,910702,PAAD,3.833835,4.761864185333252
1559,925348,PAAD,-0.507897,-1.4216313362121582
1576,724870,PAAD,1.988142,2.9331798553466797
1930,753624,PAAD,1.984309,1.8586790561676025
1511,910546,PAAD,-2.252433,-1.6384189128875732
1629,907286,PAAD,5.32555,4.604742050170898
1034,753624,PAAD,-2.019902,-2.1460697650909424
1928,910907,PAAD,4.905189,5.618790626525879
1510,909904,PAAD,3.960661,4.543046474456787
1199,753572,PAAD,3.504423,4.182476043701172
1909,1240201,PAAD,1.750074,2.4385523796081543
1799,753624,PAAD,4.696708,6.032501697540283
1036,1298141,PAAD,3.418367,5.369659423828125
1068,753624,PAAD,3.658658,2.1979968547821045
1080,753572,PAAD,-4.605506,-2.6683149337768555
1553,1290797,PAAD,2.697238,3.0524463653564453
1557,724870,PAAD,5.258657,4.907938480377197
1924,1290797,PAAD,2.588482,3.217865467071533
1634,724869,PAAD,5.261919,4.468991279602051
1617,1298533,PAAD,2.970057,3.1646766662597656
1936,1298533,PAAD,2.14213,3.126891613006592
1372,910702,PAAD,-1.1966,-1.1984953880310059
1918,1240201,PAAD,2.919718,4.035674571990967
1618,925348,PAAD,6.324921,4.785553932189941
1177,753572,PAAD,5.219965,4.169998645782471
1916,1298216,PAAD,4.595392,4.007806777954102
1621,1290797,PAAD,4.565954,4.428096294403076
1927,1298526,PAAD,6.156767,5.822476863861084
1941,1240208,PAAD,-4.50099,-5.262077331542969
1003,925346,PAAD,-1.74251,-3.138432264328003
1927,907285,PAAD,6.097043,5.762902736663818
1180,910915,PAAD,-1.527099,-1.305546760559082
1084,1298216,PAAD,-1.334111,-0.68815678358078
2106,910915,PAAD,4.6538,5.091939926147461
1131,724870,PAAD,2.44599,4.788325309753418
2106,1298533,PAAD,5.935008,4.744635581970215
1199,909904,PAAD,5.888521,5.028583526611328
2045,753572,PAAD,4.041671,5.125164031982422
2048,1298475,PAAD,-0.594899,-1.5230047702789307
1237,1298475,PAAD,6.337825,6.10746431350708
1909,1298475,PAAD,3.392686,3.324859619140625
1909,906693,PAAD,2.909237,2.1587934494018555
1093,910702,PAAD,7.747364,6.826749324798584
1913,910702,PAAD,8.095432,6.712260723114014
1564,753572,PAAD,2.655574,2.372065305709839
1621,1298218,PAAD,5.634178,5.588253498077393
1622,1298218,PAAD,4.487179,4.533422946929932
1919,1298216,PAAD,3.720402,2.909128427505493
1799,1290797,PAAD,5.172523,3.9218807220458984
1036,910546,PAAD,4.627164,3.6566548347473145
1560,724870,PAAD,3.388615,4.433823585510254
1576,1298475,PAAD,4.499182,3.4338667392730713
1053,907286,PAAD,5.48871,5.069332122802734
1047,1240218,PAAD,7.634919,7.197187900543213
1268,724869,PAAD,5.068299,4.891725540161133
1996,907286,PAAD,4.427789,4.723336696624756
1191,909904,PAAD,-4.125804,-3.441344738006592
1626,910546,PAAD,4.916175,2.176698684692383
1913,925348,PAAD,6.385374,5.666788101196289
1553,724870,PAAD,3.332708,4.315194129943848
1629,1298475,PAAD,5.870049,5.198662757873535
1549,1240201,PAAD,4.463068,4.573222637176514
1927,906693,PAAD,5.183033,4.858141899108887
1997,906821,PAAD,3.581973,4.388097763061523
1058,1298475,PAAD,0.785652,1.681302547454834
1622,1298533,PAAD,4.901886,4.758773326873779
1004,910907,PAAD,-1.018764,-0.5994672179222107
1855,907285,PAAD,6.904461,5.432600498199463
1091,906821,PAAD,2.06417,2.4274516105651855
1177,724869,PAAD,6.071448,5.590808868408203
2043,1240201,PAAD,5.766252,5.16495943069458
2111,724869,PAAD,6.57791,5.727853775024414
2043,753624,PAAD,6.262008,5.526190280914307
1004,1240201,PAAD,-4.737208,-3.291574239730835
1507,1298216,PAAD,5.810511,5.39539098739624
1873,910915,PAAD,2.418348,2.075713872909546
1558,925347,PAAD,5.661046,5.479584217071533
1618,909904,PAAD,4.054054,4.89846658706665
1512,910546,PAAD,4.876921,5.338912487030029
1268,906821,PAAD,4.169377,4.749236583709717
1909,1298533,PAAD,1.985365,2.7542576789855957
1928,910702,PAAD,6.555643,6.64213752746582
1855,1298526,PAAD,6.114103,6.007490634918213
1593,907285,PAAD,2.733874,3.0370852947235107
1799,925348,PAAD,6.301293,6.049286365509033
2111,753624,PAAD,5.758043,5.372023582458496
1168,1298141,PAAD,4.994187,4.613307476043701
1373,1298218,PAAD,5.237363,6.390324592590332
1621,906821,PAAD,4.965967,5.317742824554443
1083,1298533,PAAD,2.753212,2.8066039085388184
1084,906693,PAAD,-2.870148,-1.6366969347000122
1259,1240208,PAAD,3.738974,2.836712121963501
1908,906821,PAAD,2.27835,3.2972099781036377
1634,907285,PAAD,5.10976,5.079379558563232
1131,1298475,PAAD,4.661257,4.990468978881836
1036,1298136,PAAD,4.834252,5.903151988983154
1085,907286,PAAD,2.955889,2.925128698348999
1620,910702,PAAD,7.820078,7.287678241729736
1510,925347,PAAD,3.776103,4.770716667175293
1083,907285,PAAD,2.251827,3.532745361328125
1511,1240218,PAAD,1.499679,1.9309959411621094
1058,906821,PAAD,1.134373,1.5877491235733032
1996,1298475,PAAD,5.337913,4.592105865478516
1131,909904,PAAD,6.928966,6.3632988929748535
1631,1240218,PAAD,6.976158,5.541769981384277
1047,724869,PAAD,6.042617,6.909691333770752
1006,1298216,PAAD,1.535949,3.436131000518799
1511,1298216,PAAD,-0.848667,-0.2229209989309311
1507,1240201,PAAD,5.800869,4.940123081207275
1088,925347,PAAD,6.749148,5.8058857917785645
1058,724869,PAAD,1.54292,2.329768657684326
1629,1298533,PAAD,4.866311,4.9438371658325195
1268,753572,PAAD,4.379167,4.425466060638428
1511,1298136,PAAD,1.290276,1.5408806800842285
1268,906693,PAAD,3.29821,4.3031439781188965
1553,906693,PAAD,1.923259,3.217273712158203
1032,753572,PAAD,2.222548,2.671269416809082
1558,724870,PAAD,2.806462,4.1148247718811035
2046,909904,PAAD,5.237386,4.9915385246276855
1909,1240208,PAAD,2.54977,3.0430283546447754
1862,1298526,PAAD,-1.52176,-1.1987801790237427
1012,1298136,PAAD,3.056734,3.1337385177612305
2111,1298218,PAAD,3.815003,5.923913478851318
1911,907286,PAAD,-3.405093,-4.182024002075195
2106,1298141,PAAD,6.312561,4.355475425720215
2110,925346,PAAD,5.41473,5.365579605102539
1911,724869,PAAD,-3.820158,-3.1456313133239746
1034,910907,PAAD,-1.931585,-1.6529321670532227
1013,1298218,PAAD,4.982674,5.051926612854004
1911,753624,PAAD,-4.095058,-4.39428186416626
1618,753572,PAAD,4.579895,3.8444995880126953
1250,1298218,PAAD,5.538942,3.9769821166992188
1054,1298476,PAAD,7.367369,6.125794410705566
1909,910702,PAAD,5.750005,5.178879261016846
1512,753624,PAAD,5.886391,5.989936828613281
1593,724869,PAAD,5.407628,3.487304925918579
1131,1298216,PAAD,3.181232,6.085399150848389
2045,1298533,PAAD,4.828517,5.063056945800781
1168,907286,PAAD,1.2342,3.0384674072265625
1635,1298533,PAAD,5.296214,5.721822261810303
1620,910915,PAAD,6.607342,6.267083168029785
1626,1298533,PAAD,3.036546,1.53512442111969
1191,1298216,PAAD,-5.25749,-4.899029731750488
1179,910915,PAAD,2.360867,2.0602684020996094
2107,1240219,PAAD,7.334651,6.381407737731934
1034,1240218,PAAD,-1.130512,-0.9224028587341309
1549,910546,PAAD,5.154793,5.227430820465088
1564,724869,PAAD,0.779337,1.033595323562622
1786,1240219,PAAD,3.960394,3.987048387527466
1853,753624,PAAD,3.376963,3.7908775806427
1012,1298526,PAAD,1.39281,2.5429680347442627
1250,1240219,PAAD,6.275065,5.4199090003967285
1553,1298216,PAAD,4.174105,4.7627997398376465
1003,907286,PAAD,-3.378933,-1.6225037574768066
2040,724870,PAAD,0.911061,1.3412446975708008
1054,1298526,PAAD,3.798351,4.701267719268799
1060,1298526,PAAD,0.296977,0.1167784035205841
1593,1240208,PAAD,3.701569,3.857731819152832
1190,925346,PAAD,-2.112447,-1.9498205184936523
1022,753572,PAAD,0.644577,0.06890490651130676
1191,906693,PAAD,-4.406433,-4.863498210906982
1560,724869,PAAD,5.422738,4.169775485992432
1058,1298526,PAAD,1.266237,2.12870717048645
1910,1290797,PAAD,2.280213,2.213005781173706
2107,907285,PAAD,6.211811,6.029992580413818
1073,1298136,PAAD,7.363205,6.269443511962891
1250,925347,PAAD,3.427235,4.045113563537598
1940,1298136,PAAD,3.798874,3.5513410568237305
1079,1298141,PAAD,1.665177,1.4357149600982666
1862,909904,PAAD,-1.349701,-1.1611104011535645
1553,925348,PAAD,3.217794,4.95461893081665
1511,753624,PAAD,-0.412056,-0.5429489612579346
1560,910907,PAAD,5.999916,4.622516632080078
1559,724870,PAAD,-2.486436,-2.9472367763519287
1594,1298533,PAAD,5.824758,5.802520751953125
1529,925348,PAAD,0.414483,2.222057819366455
1917,724869,PAAD,2.534643,3.460069179534912
1200,724870,PAAD,1.906121,3.234025001525879
1190,907286,PAAD,-3.14541,0.1996096819639206
1913,1240208,PAAD,5.157453,4.7540717124938965
1862,910546,PAAD,-2.07472,-2.0025434494018555
2046,907285,PAAD,2.850476,4.28375768661499
1022,1298533,PAAD,0.1124,-0.269933819770813
1940,910546,PAAD,3.453059,3.66625714302063
1635,906821,PAAD,6.224447,5.742881774902344
1007,1290797,PAAD,-4.701221,-4.851790904998779
2045,907285,PAAD,6.420473,5.658117771148682
1511,724870,PAAD,-1.399067,-1.036410927772522
1915,910907,PAAD,4.102438,3.850773334503174
1561,1298476,PAAD,3.671105,3.2628629207611084
1091,910546,PAAD,1.747066,2.7335667610168457
1996,1298141,PAAD,6.239201,4.57925271987915
1913,925347,PAAD,5.619801,5.524393081665039
2111,910915,PAAD,6.127582,6.419578552246094
1054,925346,PAAD,4.15636,4.150487422943115
1558,1298141,PAAD,2.549844,5.187768459320068
1017,724870,PAAD,4.321163,4.40184211730957
1924,925348,PAAD,4.856276,4.659348487854004
2044,925348,PAAD,4.77091,4.222916126251221
2045,1298476,PAAD,8.309232,7.289453983306885
1010,1298476,PAAD,4.668139,4.34693717956543
1268,1298526,PAAD,6.492945,4.9799981117248535
1003,753624,PAAD,-3.660655,-2.2788476943969727
1191,906821,PAAD,-5.264025,-4.598616600036621
1919,1298476,PAAD,3.245963,2.4553005695343018
1131,1298136,PAAD,7.698344,6.6107869148254395
1559,1290797,PAAD,-2.869258,-3.0865163803100586
2048,907286,PAAD,-2.659513,-2.7562506198883057
1034,1240201,PAAD,-4.188683,-3.182920455932617
1079,753572,PAAD,3.110116,1.5595197677612305
1011,907286,PAAD,1.750322,3.219886064529419
1624,1298526,PAAD,5.667707,3.7092196941375732
1621,925348,PAAD,5.301302,5.530021667480469
1091,1290797,PAAD,1.358356,1.0758947134017944
1576,1298533,PAAD,2.476864,3.2011117935180664
1559,724869,PAAD,-0.238742,0.07752320170402527
1012,907286,PAAD,3.003028,3.018312692642212
1563,1298533,PAAD,5.79444,6.3220438957214355
1629,1298218,PAAD,5.289865,4.745934009552002
1080,1298526,PAAD,0.960453,-0.35735470056533813
1512,925347,PAAD,5.761538,6.3012566566467285
1168,906821,PAAD,1.756106,2.242194652557373
1910,909904,PAAD,4.395056,3.946760654449463
1931,1290797,PAAD,5.228303,5.478799819946289
1051,1298533,PAAD,1.471533,2.6782329082489014
1913,1240218,PAAD,5.673351,5.2306809425354
1089,925348,PAAD,5.353723,4.775505542755127
1054,1240201,PAAD,4.597834,4.497458457946777
1093,910915,PAAD,6.292486,5.165837287902832
1918,925347,PAAD,3.271769,4.019107341766357
1012,724869,PAAD,3.283811,2.0041322708129883
1931,925346,PAAD,6.291081,6.097408294677734
1054,906693,PAAD,3.432178,4.214979648590088
1060,1298533,PAAD,-0.430597,-1.322116494178772
2109,724870,PAAD,4.434058,3.1590170860290527
1855,1240218,PAAD,6.209696,7.420717239379883
1131,925347,PAAD,4.323753,6.933133125305176
1621,1298526,PAAD,6.539053,5.7001848220825195
1012,1240201,PAAD,4.521318,2.1892616748809814
1873,910702,PAAD,3.934476,3.2583799362182617
1013,1298141,PAAD,4.29029,5.159768104553223
1131,910702,PAAD,9.082069,8.75881290435791
2048,1240219,PAAD,1.859077,1.3907897472381592
1631,1298533,PAAD,3.248206,3.3436741828918457
2044,1298526,PAAD,4.986749,4.477279186248779
1372,925346,PAAD,-0.302206,0.281074583530426
1085,1298533,PAAD,2.773513,3.3371105194091797
1849,910702,PAAD,1.861313,1.8933062553405762
2047,910702,PAAD,4.028688,3.355616807937622
1268,1298216,PAAD,5.323776,5.034436225891113
2106,1240219,PAAD,7.267667,6.554165840148926
1558,753624,PAAD,3.671389,4.5697736740112305
1529,909904,PAAD,0.073733,1.4277912378311157
2046,925346,PAAD,2.202749,3.4714927673339844
1003,1298533,PAAD,-2.605018,-3.3951950073242188
1017,907286,PAAD,4.767131,4.417530059814453
1852,910915,PAAD,6.903247,6.318913459777832
1007,907286,PAAD,-3.756293,-4.069962501525879
1084,925346,PAAD,0.094717,-1.1315072774887085
1239,1290797,PAAD,2.979894,1.813915491104126
1239,1240201,PAAD,2.402742,2.998950719833374
1630,907285,PAAD,3.452359,4.292527675628662
1928,925348,PAAD,6.755524,5.539466857910156
1909,910546,PAAD,2.365759,2.5976762771606445
1624,925347,PAAD,2.130233,4.352541446685791
1510,1298533,PAAD,3.995866,3.8113369941711426
1079,910546,PAAD,0.117201,0.8733027577400208
1177,907285,PAAD,4.824461,5.445378303527832
1053,1298216,PAAD,2.926189,5.117177963256836
1997,1298216,PAAD,5.35451,4.671764373779297
1073,925347,PAAD,7.386896,6.328279972076416
1854,906821,PAAD,5.720624,5.229331970214844
1997,1298476,PAAD,6.393962,4.688624858856201
1620,906821,PAAD,6.340353,5.734734058380127
1510,1298476,PAAD,4.280375,5.371352195739746
1093,1298533,PAAD,4.726178,4.7705535888671875
1941,1298216,PAAD,-5.973056,-5.271276473999023
1084,909904,PAAD,0.029181,-0.0420316606760025
2110,1240201,PAAD,4.940675,4.850583553314209
1593,1298136,PAAD,2.990531,4.869359016418457
1191,910546,PAAD,-4.850811,-5.07014799118042
1624,1240208,PAAD,1.799304,3.375890016555786
1200,1240219,PAAD,4.394096,4.108163833618164
1941,753572,PAAD,-6.393433,-5.758397579193115
1631,925347,PAAD,3.467911,4.770176410675049
1199,925347,PAAD,5.053751,5.1407470703125
1853,1298136,PAAD,3.025595,3.0989303588867188
1915,1240219,PAAD,4.246568,4.6267828941345215
1613,1298218,PAAD,5.150011,5.314932823181152
1179,907286,PAAD,2.007883,1.340079426765442
1013,1298216,PAAD,2.262967,4.725001811981201
1168,1298526,PAAD,3.886122,4.054523468017578
1933,1298476,PAAD,8.892529,7.378666400909424
1057,910907,PAAD,0.069743,-0.21610061824321747
1849,910546,PAAD,-0.026124,-0.15188650786876678
1786,907285,PAAD,1.736237,4.600743770599365
1919,724869,PAAD,3.039394,2.68139386177063
1006,1290797,PAAD,0.359562,1.649225115776062
1200,1298475,PAAD,3.648049,3.6503052711486816
1913,724869,PAAD,5.69685,5.516636848449707
1635,1298216,PAAD,6.0384,5.754167556762695
1631,724870,PAAD,2.895023,3.601379871368408
1932,925347,PAAD,3.054715,5.213527679443359
1922,910546,PAAD,3.576964,2.637390375137329
1930,925347,PAAD,3.567601,2.7763478755950928
1007,910702,PAAD,-1.048659,0.4505298137664795
1928,907285,PAAD,4.365817,5.437740325927734
1511,910907,PAAD,0.175351,0.8496448993682861
1093,925346,PAAD,5.222859,5.270708084106445
1873,1240208,PAAD,1.255649,1.038591742515564
1553,1298526,PAAD,3.734638,4.665107727050781
1512,1240218,PAAD,5.387591,6.755045413970947
1091,925348,PAAD,2.408608,1.6711348295211792
1930,724870,PAAD,-0.316447,0.25947102904319763
1615,906693,PAAD,4.751955,5.005449295043945
1849,1240218,PAAD,1.617724,1.8223490715026855
1940,910915,PAAD,3.947572,3.79528546333313
1786,1298533,PAAD,2.615133,4.511157035827637
1036,906821,PAAD,4.110013,4.878644943237305
1005,1240208,PAAD,2.245259,3.4558582305908203
1549,1298136,PAAD,4.360551,5.10820198059082
1049,1298216,PAAD,4.90828,5.106663703918457
1911,906821,PAAD,-4.300577,-4.084354400634766
1057,925346,PAAD,-0.390477,-0.8474187850952148
1563,910546,PAAD,6.182742,5.824944019317627
1131,1240218,PAAD,8.717316,8.299054145812988
1190,1240218,PAAD,6.796896,3.0878448486328125
1614,925348,PAAD,4.082181,4.594310283660889
1618,1298218,PAAD,4.959853,4.515021800994873
1180,1298526,PAAD,-1.206917,-1.1707419157028198
1250,907286,PAAD,2.893546,4.17739725112915
1511,925348,PAAD,1.679437,0.20776736736297607
1997,925346,PAAD,3.05306,4.617004871368408
1011,925347,PAAD,3.512263,4.755986213684082
1200,1298216,PAAD,3.800583,3.5796844959259033
2106,906693,PAAD,2.417935,3.217273712158203
1032,910702,PAAD,3.812228,3.8459908962249756
1093,909904,PAAD,5.915397,5.553773403167725
1006,753572,PAAD,1.382745,1.4086251258850098
1529,910907,PAAD,1.682495,2.880075216293335
1507,1298218,PAAD,5.5924,5.185390472412109
1022,907286,PAAD,1.168424,1.0940018892288208
1862,1240218,PAAD,-1.685081,1.0743799209594727
1047,907286,PAAD,5.428337,5.204832553863525
1005,925347,PAAD,6.356554,5.925113677978516
1200,724869,PAAD,4.025799,3.8699567317962646
1047,1298141,PAAD,7.59423,6.432253360748291
1237,925348,PAAD,6.189745,6.429281234741211
2109,1298533,PAAD,1.618168,3.0915985107421875
1940,724869,PAAD,3.272483,3.940586566925049
2044,1240219,PAAD,5.946654,5.150306224822998
1624,1298218,PAAD,6.217979,4.864870071411133
1005,1298475,PAAD,5.1609,4.27899694442749
1177,1298136,PAAD,5.47785,5.292871952056885
1560,1240218,PAAD,5.73665,6.158984661102295
1022,910907,PAAD,0.37553,1.1729989051818848
1563,906693,PAAD,5.657209,5.491552352905273
1912,1298136,PAAD,4.115216,4.439523220062256
1093,724869,PAAD,6.024196,4.715926170349121
1786,1298475,PAAD,4.2084,4.70650053024292
1089,910915,PAAD,6.907667,5.48558235168457
1036,1290797,PAAD,3.70832,3.5049777030944824
1996,1240218,PAAD,4.792643,5.868575096130371
1925,1240218,PAAD,6.7622,6.349853992462158
1593,910702,PAAD,4.112467,4.269066333770752
1073,1298141,PAAD,7.186618,6.879617214202881
1997,753624,PAAD,3.678009,3.505291223526001
1918,1298216,PAAD,3.773587,4.261509895324707
1911,1240219,PAAD,-2.986665,-2.1806349754333496
2045,1240219,PAAD,6.177175,6.732975006103516
1549,910907,PAAD,4.699367,4.213579177856445
1624,907286,PAAD,4.278867,4.840618133544922
1594,1298216,PAAD,5.668605,4.656974792480469
1936,753572,PAAD,0.381076,2.7349441051483154
1919,910907,PAAD,2.424778,2.964106798171997
1912,925347,PAAD,4.509867,4.215279579162598
1940,1240201,PAAD,3.676817,3.9328856468200684
1372,1298526,PAAD,-0.100754,-0.3016352653503418
2107,724869,PAAD,6.572824,6.14052152633667
1529,910546,PAAD,0.810509,-0.23078326880931854
1553,1240219,PAAD,6.469982,6.554165840148926
1799,1298475,PAAD,5.538478,5.344669818878174
1855,1298475,PAAD,3.082281,5.007260322570801
1080,1298476,PAAD,0.949922,0.7507230043411255
1624,724869,PAAD,6.230494,4.10606575012207
1083,1240208,PAAD,4.83557,4.028578281402588
1250,925348,PAAD,3.35925,3.0208189487457275
1916,906693,PAAD,4.246082,3.2073187828063965
1918,909904,PAAD,4.222257,3.909787178039551
1939,1240201,PAAD,1.930135,2.571070432662964
1012,753572,PAAD,2.469257,1.949567198753357
1873,925348,PAAD,1.921008,1.8979439735412598
1560,753572,PAAD,5.169531,4.725269317626953
1239,1298136,PAAD,3.257599,4.413864612579346
2107,925347,PAAD,6.62501,6.389288902282715
1068,1298475,PAAD,1.423742,1.9245492219924927
1931,1298216,PAAD,6.038991,6.116723537445068
1372,909904,PAAD,2.29125,0.7132010459899902
1563,907285,PAAD,5.943238,6.5146894454956055
1053,1298533,PAAD,5.070292,3.986356735229492
1560,1298218,PAAD,4.775388,4.38807487487793
1614,1298533,PAAD,4.364056,3.9284207820892334
1022,724870,PAAD,0.410786,0.1490480899810791
1053,1298141,PAAD,2.961668,4.350396633148193
1177,1240218,PAAD,7.650223,6.408892631530762
1512,1240201,PAAD,5.377402,5.423542499542236
1003,910915,PAAD,2.557426,1.700225591659546
1625,909904,PAAD,6.110172,5.778902053833008
1068,1240208,PAAD,1.657702,1.873490810394287
1017,907285,PAAD,4.44318,5.436897277832031
1005,753572,PAAD,3.512312,2.508155584335327
2096,1298533,PAAD,2.516719,2.043151378631592
1010,1290797,PAAD,2.434066,2.3945119380950928
1049,724869,PAAD,5.260075,5.6479926109313965
2107,1298216,PAAD,5.902619,5.996195316314697
1912,907286,PAAD,3.681999,4.015969276428223
1613,1298475,PAAD,5.971898,4.300220489501953
1003,906693,PAAD,-1.452904,-1.8578505516052246
1916,1240208,PAAD,4.704634,4.107699871063232
1091,1298475,PAAD,1.79564,1.3937385082244873
1053,1240208,PAAD,5.194067,4.779751777648926
1635,909904,PAAD,6.272717,6.124222278594971
1032,910915,PAAD,1.76454,2.792346715927124
2107,1298141,PAAD,7.230716,6.076754093170166
1057,906821,PAAD,-1.689368,-1.3661373853683472
1373,907285,PAAD,6.310305,5.871257781982422
1786,753624,PAAD,2.731627,3.068390130996704
2107,1298533,PAAD,5.272611,5.490248203277588
1010,1298526,PAAD,4.450928,4.514143466949463
1799,1298218,PAAD,5.258419,6.1454176902771
1932,910915,PAAD,2.886522,4.352306842803955
1613,1298533,PAAD,1.378268,3.7578179836273193
1200,1298136,PAAD,4.796783,3.117310047149658
1873,907285,PAAD,1.877238,1.6405373811721802
1925,906693,PAAD,5.002087,4.650280475616455
1925,907285,PAAD,5.762033,5.732732772827148
2110,906693,PAAD,4.242794,4.3667707443237305
1179,1240208,PAAD,1.92285,1.0319221019744873
1614,1298216,PAAD,5.39285,5.442241668701172
1372,1298136,PAAD,-1.607306,-1.0259841680526733
1168,1298136,PAAD,3.221934,3.897167205810547
1915,909904,PAAD,3.696644,3.7467737197875977
1089,909904,PAAD,4.55498,5.2239813804626465
1578,925347,PAAD,6.026425,5.639315128326416
2110,910546,PAAD,3.587602,4.842884540557861
1627,925348,PAAD,2.794156,3.6827898025512695
1997,909904,PAAD,5.732559,4.162594318389893
1091,1298526,PAAD,2.10848,1.8851555585861206
2040,1298141,PAAD,1.375515,1.2608062028884888
1593,1298216,PAAD,4.805452,4.53872537612915
1553,1240218,PAAD,7.463244,6.634650230407715
2096,724869,PAAD,0.919952,2.654059886932373
1625,1240219,PAAD,5.946805,6.5922722816467285
1614,925347,PAAD,5.666631,5.331948280334473
1918,925346,PAAD,3.06199,3.777965784072876
2043,906693,PAAD,5.563599,4.91615104675293
1239,1240218,PAAD,4.081105,6.470938682556152
2111,1298475,PAAD,4.646014,4.969584941864014
1629,1298526,PAAD,5.816475,5.303360462188721
1912,1290797,PAAD,2.518856,2.6648781299591064
1239,925347,PAAD,3.807051,4.774872303009033
1249,906821,PAAD,2.908319,4.147637367248535
1631,906821,PAAD,3.679474,3.912649631500244
1630,1240219,PAAD,6.105516,5.853871822357178
1853,910915,PAAD,6.139499,4.986915111541748
1786,1240201,PAAD,2.863821,3.8275346755981445
1237,925347,PAAD,6.516246,6.242221355438232
1237,925346,PAAD,6.207621,6.003232955932617
1022,925348,PAAD,1.235221,0.38895028829574585
2110,1290797,PAAD,3.753229,4.3361639976501465
1089,907285,PAAD,3.311248,4.43825626373291
1931,910907,PAAD,6.072272,6.460613250732422
1080,910907,PAAD,0.052369,0.1848323494195938
1549,753624,PAAD,3.355492,4.669859409332275
2111,1298136,PAAD,6.989233,5.626797199249268
1917,1298475,PAAD,2.000484,2.209456205368042
1615,1298533,PAAD,5.849684,5.453892230987549
1553,1298218,PAAD,5.221144,5.283597469329834
1005,724869,PAAD,5.768586,5.452207088470459
1237,910546,PAAD,4.990404,5.435660362243652
1060,1240201,PAAD,-0.425416,0.3693941533565521
2040,1240208,PAAD,1.37865,2.1909592151641846
1047,1298526,PAAD,7.140043,6.477327823638916
1190,1298533,PAAD,0.249158,-1.919008493423462
1004,1298136,PAAD,2.069357,0.3739776909351349
1939,906821,PAAD,4.171922,3.586768388748169
1930,1240218,PAAD,2.506691,2.833238363265991
1022,1240201,PAAD,0.798939,0.7318751811981201
1852,753572,PAAD,4.897591,5.055828094482422
1561,1240218,PAAD,5.154807,5.226366996765137
1005,907286,PAAD,1.53998,4.0880937576293945
1631,910546,PAAD,3.310492,3.381376266479492
1249,753624,PAAD,4.753818,4.163389205932617
1622,1240218,PAAD,6.507244,5.708545207977295
2047,1298136,PAAD,3.745704,2.898066520690918
1011,1298136,PAAD,2.723571,2.3150086402893066
1926,1298476,PAAD,0.932783,1.7043147087097168
2111,910702,PAAD,5.737078,4.955016136169434
1177,1298475,PAAD,4.724571,5.4463300704956055
1916,910546,PAAD,3.836858,3.9026293754577637
1930,925346,PAAD,0.63264,1.695637822151184
1073,910915,PAAD,8.045047,6.406192302703857
1593,925347,PAAD,2.005294,5.432450771331787
1922,724869,PAAD,3.444661,3.1313278675079346
2045,906693,PAAD,5.076595,4.903484344482422
1631,1240208,PAAD,5.080063,4.600703239440918
1578,1298533,PAAD,5.433542,5.3578033447265625
1200,1298526,PAAD,3.886232,3.8035945892333984
1855,906821,PAAD,5.807358,5.272404670715332
1085,1298476,PAAD,6.35185,5.823224067687988
1373,906693,PAAD,4.080072,4.752403259277344
1507,1240219,PAAD,6.535259,5.959102153778076
2046,753624,PAAD,4.811231,4.775155067443848
1631,724869,PAAD,3.623732,4.294925212860107
1085,724869,PAAD,3.953896,4.012361526489258
1631,753572,PAAD,4.935866,4.198784828186035
1080,925348,PAAD,-2.161158,-0.6049394011497498
1083,1298475,PAAD,4.40279,3.0576071739196777
1917,1290797,PAAD,1.470394,1.3821096420288086
1049,910546,PAAD,4.686327,4.900599956512451
1862,1298136,PAAD,-0.389047,-0.9655724763870239
1561,1298216,PAAD,2.990749,3.4526872634887695
1131,1240201,PAAD,6.195712,5.482097625732422
2110,907285,PAAD,5.899441,5.305536270141602
2048,1240218,PAAD,2.02525,2.134347915649414
1996,1298533,PAAD,3.371876,4.389906883239746
1239,1240219,PAAD,4.598717,5.132000923156738
2043,1298526,PAAD,6.596197,5.974976539611816
1046,724870,PAAD,1.442627,1.9820280075073242
1007,1298136,PAAD,-3.244493,-2.377329111099243
1085,1298475,PAAD,3.697409,3.3123233318328857
1177,909904,PAAD,5.095473,5.7293548583984375
1250,724870,PAAD,2.139458,1.948073387145996
1928,724870,PAAD,3.205031,4.571441650390625
1561,910915,PAAD,2.630386,2.254737615585327
1799,907286,PAAD,5.740027,5.645042419433594
1051,1298526,PAAD,3.660449,3.850177764892578
1912,753572,PAAD,3.513874,3.1358630657196045
1507,1240218,PAAD,7.379483,6.245457172393799
1622,724870,PAAD,4.991464,4.289597034454346
1012,1240208,PAAD,2.190785,2.4178950786590576
1916,910702,PAAD,5.455461,5.5943708419799805
1928,753572,PAAD,4.52866,4.779654502868652
1088,1240201,PAAD,4.3441,2.8852341175079346
1918,1298136,PAAD,3.224989,4.456020355224609
1617,1240218,PAAD,5.780132,5.95121431350708
2110,1298475,PAAD,4.292636,5.041528224945068
1932,1298136,PAAD,3.215772,4.151626110076904
1621,925347,PAAD,6.647849,5.946581840515137
1079,909904,PAAD,0.281139,1.2683570384979248
1939,753572,PAAD,2.038768,2.4670610427856445
1510,1298526,PAAD,3.145987,4.508607864379883
1017,1298136,PAAD,5.903481,5.199521541595459
1200,753572,PAAD,3.386251,2.9383459091186523
1558,1298136,PAAD,6.667191,5.333852767944336
1625,907285,PAAD,4.789958,5.340574264526367
1913,753572,PAAD,3.683487,4.638812065124512
1085,1240208,PAAD,3.463147,3.636308193206787
1855,925347,PAAD,7.09379,6.432162761688232
1560,1298476,PAAD,5.833529,5.19674825668335
1049,907286,PAAD,4.79806,4.305751800537109
1177,907286,PAAD,4.98681,4.93058443069458
1250,1298526,PAAD,3.778665,3.684082269668579
1558,925346,PAAD,3.451661,3.901036262512207
1930,925348,PAAD,1.549668,1.5654298067092896
1996,910702,PAAD,6.674673,6.577731132507324
1046,910546,PAAD,2.796223,1.5172780752182007
1083,910546,PAAD,4.223972,3.7905619144439697
1913,1298141,PAAD,6.096243,5.248584747314453
1373,753624,PAAD,4.81133,6.027790069580078
1629,925348,PAAD,5.546237,5.696308612823486
1080,753624,PAAD,-2.047023,-0.7928274869918823
1053,1298476,PAAD,3.97347,5.61953592300415
1862,1298475,PAAD,-0.857416,-1.438046932220459
1786,1298136,PAAD,5.340377,3.600011110305786
1564,1240218,PAAD,3.023665,3.562657117843628
1372,753624,PAAD,-1.427075,-0.6855596899986267
1908,907285,PAAD,2.266962,2.6349544525146484
1930,907285,PAAD,0.038667,1.4436994791030884
1089,1240219,PAAD,4.05448,6.502561569213867
1012,1290797,PAAD,0.990326,1.3694134950637817
1058,909904,PAAD,2.056144,2.390949249267578
1168,925346,PAAD,2.537007,2.983520746231079
2106,724870,PAAD,3.339162,4.315194129943848
1200,907286,PAAD,3.021159,3.229487180709839
1529,1298476,PAAD,4.89491,5.81338357925415
1625,906693,PAAD,5.466626,4.9182868003845215
1011,753562,HNSC,1.67481,2.3631274700164795
1013,1290724,HNSC,3.787612,4.196333885192871
1036,1299059,HNSC,5.375532,4.618389129638672
1093,909708,HNSC,3.268711,3.7352020740509033
1997,924111,HNSC,0.745149,2.67293119430542
1862,753561,HNSC,-2.465305,-1.7460240125656128
1927,907062,HNSC,5.405871,4.8060808181762695
1561,909708,HNSC,1.053069,1.2508580684661865
1557,1240162,HNSC,4.76153,4.941802024841309
1088,924111,HNSC,0.985975,1.3756014108657837
1922,924111,HNSC,1.950331,1.1273486614227295
1927,753541,HNSC,5.312399,5.200026988983154
1529,753532,HNSC,3.020478,0.1833462119102478
1034,924111,HNSC,-4.627689,-4.898703575134277
1933,1290724,HNSC,4.700915,4.6029815673828125
1012,1240196,HNSC,3.018916,3.302450180053711
1510,1298531,HNSC,4.338524,3.714352607727051
1237,1299050,HNSC,6.025617,5.509991645812988
1058,910904,HNSC,1.816744,1.600486397743225
1916,1299050,HNSC,3.536137,2.56063175201416
1022,906863,HNSC,0.267364,-0.3690754175186157
1557,909709,HNSC,3.956952,4.698969841003418
1626,753541,HNSC,4.248531,3.4255433082580566
1916,753562,HNSC,2.401415,1.7289198637008667
1529,910936,HNSC,1.57181,0.5023176670074463
1180,753541,HNSC,-3.144142,-3.013862371444702
1621,910916,HNSC,4.749372,4.79954719543457
2044,907062,HNSC,3.472936,3.156013011932373
2044,1240196,HNSC,3.578636,4.336600303649902
1054,1290724,HNSC,3.273375,3.607739210128784
1911,753541,HNSC,-5.467116,-5.874204635620117
1168,906863,HNSC,0.803805,1.3916335105895996
2040,1240196,HNSC,1.003024,2.5578653812408447
1915,906863,HNSC,0.780639,1.746877670288086
1925,910911,HNSC,5.415898,4.9810991287231445
1930,909709,HNSC,1.704893,1.2541872262954712
1088,1298529,HNSC,3.128112,3.262317419052124
1034,906863,HNSC,-2.853854,-2.939572811126709
1909,924111,HNSC,1.992632,2.233881711959839
1131,1240122,HNSC,6.283098,6.217750072479248
1852,906863,HNSC,5.447293,4.961977958679199
1578,753562,HNSC,5.127398,4.879034996032715
1199,1240196,HNSC,3.444839,4.618676662445068
2045,906863,HNSC,5.490538,4.964413166046143
1375,924111,HNSC,6.020952,5.199821949005127
1179,907061,HNSC,0.58344,0.2752494812011719
1631,1299050,HNSC,3.853595,3.2252795696258545
1624,910916,HNSC,3.497819,3.775670051574707
1004,910911,HNSC,-2.400366,-2.574343204498291
1799,1298531,HNSC,0.85418,2.3299272060394287
1006,1240196,HNSC,1.657979,3.0526278018951416
1997,1299050,HNSC,5.869524,4.033383846282959
1034,1240121,HNSC,-3.501195,-4.196881294250488
1873,1299052,HNSC,2.852034,2.077303409576416
1089,924111,HNSC,3.348089,2.9705886840820312
1053,1240121,HNSC,4.275083,2.8623709678649902
1068,753583,HNSC,1.236468,1.773531436920166
1918,753532,HNSC,0.297413,1.6861406564712524
1997,753532,HNSC,5.692762,5.539175510406494
1908,910936,HNSC,0.624945,1.1512489318847656
1085,910936,HNSC,4.088034,3.1034436225891113
1630,753532,HNSC,1.895651,2.2724289894104004
1073,906837,HNSC,3.613968,2.719552516937256
1073,1240122,HNSC,5.0769,5.2683186531066895
1088,753541,HNSC,1.011277,0.6055633425712585
1259,910911,HNSC,3.877141,3.6058695316314697
1006,910916,HNSC,2.224031,1.2090845108032227
1932,906863,HNSC,2.735109,3.175464630126953
2047,753561,HNSC,2.576262,2.3221137523651123
2045,907061,HNSC,4.750654,4.517724990844727
1933,909708,HNSC,3.625534,4.203774452209473
1032,909709,HNSC,-0.359953,1.7800592184066772
1093,910904,HNSC,4.751631,4.142020225524902
1058,907062,HNSC,1.514033,1.1291544437408447
1940,1240196,HNSC,3.958723,4.603965759277344
2047,910904,HNSC,1.13566,2.775219440460205
1011,1299052,HNSC,2.009279,2.452894926071167
1855,1240121,HNSC,5.747408,3.16127347946167
1615,909708,HNSC,3.769361,4.277370929718018
1557,907061,HNSC,3.592266,4.009035587310791
1259,753541,HNSC,1.723216,0.9816946387290955
1862,906863,HNSC,-1.090803,-1.826460599899292
1936,1299050,HNSC,2.514846,3.276956558227539
1617,1240196,HNSC,4.929343,3.0693254470825195
1010,753583,HNSC,4.539087,3.7008535861968994
2111,1298529,HNSC,5.504405,5.0832109451293945
2109,753532,HNSC,2.255678,1.7348980903625488
1924,906863,HNSC,4.663601,3.873213768005371
1624,753562,HNSC,2.046179,2.1884632110595703
2043,1299050,HNSC,5.711211,5.590480804443359
1003,906863,HNSC,-3.873749,-3.9304299354553223
1017,1240162,HNSC,5.607389,5.152887344360352
1854,910916,HNSC,4.283668,4.126383304595947
1004,1240122,HNSC,-1.373773,-2.3524019718170166
1012,753562,HNSC,1.674985,1.1758759021759033
1510,1240122,HNSC,3.336661,4.4649858474731445
1936,910916,HNSC,2.441385,1.9334524869918823
1237,1299052,HNSC,6.033461,5.7727789878845215
1622,906863,HNSC,3.63036,4.136624813079834
1933,753583,HNSC,4.672309,5.433300495147705
1917,1240121,HNSC,1.366124,1.6206209659576416
1049,1299050,HNSC,4.107301,4.696058750152588
1006,1299050,HNSC,3.237776,4.123417377471924
1635,909708,HNSC,5.28008,4.390839099884033
2045,924111,HNSC,4.594589,4.5015997886657715
1625,753541,HNSC,5.48448,4.988195896148682
2110,910911,HNSC,5.446619,4.876543998718262
1926,907062,HNSC,1.365812,0.3161146640777588
1036,909709,HNSC,4.808878,4.342977046966553
1557,906837,HNSC,4.162262,3.8632051944732666
1996,910916,HNSC,3.350477,3.851736545562744
1593,906837,HNSC,1.573444,1.3509819507598877
1047,1299050,HNSC,6.075952,5.904745578765869
1168,910904,HNSC,3.484544,1.8394582271575928
1909,910904,HNSC,2.505216,2.3081228733062744
1553,753532,HNSC,0.979682,0.8030943870544434
1786,910911,HNSC,3.079263,3.821450710296631
1168,1240122,HNSC,1.694498,2.6327686309814453
1085,924111,HNSC,2.474472,2.402597427368164
1625,1290724,HNSC,4.056176,4.354007244110107
1558,909708,HNSC,1.411879,1.8886953592300415
2045,910916,HNSC,5.228461,5.09977388381958
1559,1298529,HNSC,-3.389378,-0.36827778816223145
1862,1299059,HNSC,-1.900007,-1.6170729398727417
1593,907061,HNSC,3.188214,1.8339855670928955
1916,1240162,HNSC,2.828721,2.2856087684631348
2111,753532,HNSC,4.066424,4.269288063049316
1085,753538,HNSC,1.458011,2.256807327270508
1375,910911,HNSC,6.754617,5.918468952178955
2045,907062,HNSC,4.238624,4.877629280090332
1073,753562,HNSC,3.935762,3.1609020233154297
1854,753538,HNSC,4.890064,4.1612348556518555
1996,910904,HNSC,4.902879,3.9452037811279297
1249,910904,HNSC,3.992679,3.974517822265625
1373,1240162,HNSC,5.669786,5.390020847320557
1626,753583,HNSC,2.988639,1.919589638710022
1003,906837,HNSC,-2.760316,-3.5898852348327637
1940,906863,HNSC,3.499534,4.084212779998779
1011,910916,HNSC,1.817657,1.6115328073501587
1003,753561,HNSC,-2.98966,-1.7724380493164062
1268,909709,HNSC,3.395175,4.253298759460449
2106,906837,HNSC,0.653624,2.1679797172546387
1084,1240162,HNSC,-0.535711,-2.2604174613952637
1053,1299052,HNSC,4.36499,3.501685857772827
1079,1240122,HNSC,0.974344,1.3394310474395752
1022,1240162,HNSC,-0.643272,0.21086207032203674
1913,1299052,HNSC,5.244919,4.824060440063477
1179,1290724,HNSC,-0.849421,-0.33437633514404297
1259,753583,HNSC,6.157227,5.518823146820068
1849,1298531,HNSC,-0.524558,0.172982856631279
1918,924111,HNSC,2.183224,1.9904128313064575
1576,1299059,HNSC,2.933974,2.9839539527893066
2106,753538,HNSC,2.523366,4.06491231918335
1032,910936,HNSC,-1.707964,-2.526087760925293
1003,910911,HNSC,-2.885609,-0.8441081047058105
1180,906837,HNSC,-3.565911,-3.3604674339294434
1936,1240162,HNSC,3.860528,3.6376590728759766
1239,1240121,HNSC,0.478328,1.170670986175537
1083,753583,HNSC,4.982557,3.8033015727996826
1627,1240122,HNSC,3.299736,3.411874294281006
1047,753562,HNSC,4.66481,4.647040367126465
1237,1290724,HNSC,5.327531,5.260201930999756
1268,907062,HNSC,4.588988,4.09781551361084
1576,753532,HNSC,3.116002,2.990161657333374
1909,907062,HNSC,2.39266,2.7176690101623535
1190,1299059,HNSC,-1.754728,-2.369082450866699
1862,907062,HNSC,-0.858584,-1.8466720581054688
1047,753532,HNSC,2.41533,1.85982346534729
1862,909708,HNSC,-1.741436,-1.8737082481384277
1057,1299052,HNSC,1.257905,-0.22538165748119354
1006,910936,HNSC,2.848131,2.252727746963501
2043,753583,HNSC,3.110913,4.987973690032959
2043,1299052,HNSC,4.778865,5.671717166900635
1131,910916,HNSC,5.884847,5.64083194732666
1622,910916,HNSC,3.973011,4.0658698081970215
1621,906863,HNSC,4.51416,4.727853775024414
1631,910936,HNSC,2.178991,1.1482642889022827
1631,910916,HNSC,4.355578,3.6964833736419678
1932,924111,HNSC,2.220566,1.4362900257110596
2043,753561,HNSC,5.159594,4.527143955230713
1375,907061,HNSC,5.732649,5.205075740814209
1549,909709,HNSC,0.744362,2.433905839920044
1627,906863,HNSC,2.887433,2.658418655395508
2043,910916,HNSC,5.241861,4.61016845703125
1199,753561,HNSC,1.765238,2.983802318572998
1930,1299059,HNSC,0.138431,0.7580102682113647
1373,909709,HNSC,5.639543,4.363842487335205
2107,1299059,HNSC,5.313143,5.224244594573975
1057,910911,HNSC,-0.511438,-0.010567471385002136
1560,910936,HNSC,0.228074,0.1774396300315857
1089,906863,HNSC,2.593441,3.3847594261169434
1177,753562,HNSC,3.529778,4.163162708282471
1512,910904,HNSC,5.42781,5.205154895782471
1996,909709,HNSC,4.413664,4.053203105926514
2044,910911,HNSC,4.779457,3.7969627380371094
1912,1299059,HNSC,2.451986,3.274941921234131
1909,909708,HNSC,1.971318,1.5518238544464111
1557,1299050,HNSC,5.154916,4.8451924324035645
1560,907062,HNSC,4.747631,3.5336761474609375
1621,924111,HNSC,4.093522,4.3910322189331055
1190,1299052,HNSC,4.510871,1.8120187520980835
1089,1240196,HNSC,5.268126,5.020007133483887
1634,1290724,HNSC,5.66764,4.644650936126709
1058,910936,HNSC,-1.048318,-1.2380366325378418
1922,1299059,HNSC,2.085935,2.794478416442871
1862,909709,HNSC,-1.311023,-1.6846262216567993
2106,1299050,HNSC,1.558589,2.417614698410034
1006,1240162,HNSC,1.057903,2.4138998985290527
1594,1290724,HNSC,3.981749,4.692854404449463
1083,910936,HNSC,1.966831,3.0775794982910156
1034,910936,HNSC,-5.365364,-5.074302673339844
1054,1240196,HNSC,4.442698,5.107030391693115
1598,1240121,HNSC,4.008924,3.8065342903137207
1564,753583,HNSC,4.14049,3.188060998916626
1561,753538,HNSC,-0.050771,0.3734338581562042
1512,1299050,HNSC,5.405316,5.479616641998291
1917,753561,HNSC,-0.044188,1.398679256439209
1017,1240196,HNSC,3.957387,5.2332377433776855
1068,909708,HNSC,1.115013,0.4881575405597687
1855,1299059,HNSC,4.363877,4.065800189971924
1248,924111,HNSC,-3.817468,-4.6691718101501465
1057,1298529,HNSC,-0.882472,-1.476314902305603
2043,1299059,HNSC,4.862179,4.948144435882568
1079,1299059,HNSC,-0.023798,1.4975650310516357
1598,909708,HNSC,3.750974,3.5773894786834717
1624,906837,HNSC,2.111634,1.6641803979873657
1996,907062,HNSC,4.479892,4.143133163452148
1939,909708,HNSC,0.880295,1.3181803226470947
1007,1290724,HNSC,-5.075187,-5.457290172576904
1005,1298529,HNSC,3.13797,3.714604616165161
1578,1298531,HNSC,4.172664,4.648720741271973
1168,910911,HNSC,0.881727,1.2830394506454468
1941,1298529,HNSC,-3.52154,-4.196651935577393
1268,1298531,HNSC,3.673234,3.6903581619262695
1259,1290724,HNSC,2.57076,3.5957388877868652
2040,1240122,HNSC,2.442828,2.151905059814453
1621,907061,HNSC,5.179863,4.399654865264893
1917,1240162,HNSC,2.262809,2.9320247173309326
1997,1299059,HNSC,5.131536,4.508971691131592
1250,1299052,HNSC,4.03761,2.99627423286438
1873,910904,HNSC,1.45975,1.338130235671997
1237,907062,HNSC,5.622686,4.982009410858154
1012,753583,HNSC,3.182169,2.032789468765259
1034,753562,HNSC,-3.47274,-4.971344470977783
1079,910911,HNSC,-0.654411,-0.005870729684829712
1576,906863,HNSC,3.147193,2.740220069885254
1853,1240121,HNSC,4.936485,3.5158302783966064
1006,909708,HNSC,-0.649539,-0.9150635004043579
1799,1240196,HNSC,4.29304,4.663632869720459
2106,907062,HNSC,2.040999,2.5851173400878906
1918,1240196,HNSC,4.215776,3.884298801422119
1190,1299050,HNSC,3.29213,1.3851507902145386
1941,1299052,HNSC,-2.791703,-3.71767520904541
1560,1299052,HNSC,5.242135,3.775358200073242
1621,753538,HNSC,5.143188,5.268298625946045
1911,1240121,HNSC,-5.610892,-5.770773410797119
1593,909708,HNSC,1.421543,1.00725257396698
2045,1299050,HNSC,5.771759,5.574798583984375
1510,1299052,HNSC,5.447773,4.395606517791748
1617,910916,HNSC,2.810526,2.901951313018799
1997,1299052,HNSC,3.292403,3.2345809936523438
1873,753561,HNSC,0.181913,0.613784909248352
1941,1299059,HNSC,-3.812946,-4.197019100189209
1910,753561,HNSC,0.630967,2.1734373569488525
1627,910904,HNSC,2.800237,3.1165895462036133
1621,1240162,HNSC,5.21999,5.623075008392334
1911,1299050,HNSC,-3.926023,-3.9584550857543945
1512,906863,HNSC,5.293342,4.953205585479736
1512,753538,HNSC,5.344717,4.992112636566162
1373,1299059,HNSC,5.700472,5.014942646026611
1997,753561,HNSC,2.728398,3.2162673473358154
1852,907062,HNSC,4.820415,4.7807416915893555
1237,924111,HNSC,3.99504,4.743521690368652
2043,910911,HNSC,4.996204,5.067478179931641
1199,753562,HNSC,2.394573,3.0067648887634277
1854,924111,HNSC,4.833134,4.236942768096924
1622,1290724,HNSC,5.58693,4.810972690582275
1557,1290724,HNSC,5.221975,4.605798244476318
1564,753562,HNSC,2.76926,1.670080542564392
2045,753561,HNSC,4.061969,4.6038055419921875
1622,910936,HNSC,3.588211,4.10419225692749
1036,907062,HNSC,5.390825,4.283320903778076
1922,1240196,HNSC,2.910544,3.473695755004883
1996,1290724,HNSC,4.553965,3.8194468021392822
2107,753541,HNSC,4.559185,4.978932857513428
1924,907061,HNSC,2.747546,2.814424514770508
1190,1290724,HNSC,1.028861,1.4740771055221558
1239,753583,HNSC,3.754953,2.6970343589782715
1058,753561,HNSC,-0.257183,0.0907566100358963
1046,753538,HNSC,1.135637,1.3554556369781494
1598,906837,HNSC,3.725983,3.961962938308716
1046,910936,HNSC,1.963356,2.4083235263824463
1615,909709,HNSC,4.169251,4.864739418029785
2044,910904,HNSC,4.298017,3.594836473464966
1012,1298529,HNSC,2.76254,2.3473193645477295
1560,1240162,HNSC,2.86069,3.1643946170806885
1614,910936,HNSC,2.92958,2.7213175296783447
2043,1240122,HNSC,5.631864,5.171440124511719
1549,909708,HNSC,2.124008,2.6445302963256836
1630,924111,HNSC,2.871879,2.3899924755096436
1049,753538,HNSC,4.283795,4.2125372886657715
1598,1240196,HNSC,4.576738,5.118249893188477
1180,910904,HNSC,-3.153722,-2.5434505939483643
1917,1240196,HNSC,3.819216,2.881880283355713
1239,1299059,HNSC,3.35174,2.6253228187561035
1622,909708,HNSC,3.248248,3.328227996826172
1177,906863,HNSC,3.325758,4.439334392547607
1249,906837,HNSC,2.561043,2.8267054557800293
1032,753583,HNSC,4.560513,2.5451807975769043
1004,753538,HNSC,-4.590437,-5.208949565887451
2111,753561,HNSC,3.494634,2.140679359436035
1003,910904,HNSC,-2.203023,-1.0070048570632935
1615,1290724,HNSC,5.424228,4.658950328826904
1180,924111,HNSC,-3.683699,-3.3973422050476074
1615,1299052,HNSC,6.047115,5.594794273376465
2111,1240162,HNSC,5.507926,4.683421611785889
1852,909709,HNSC,5.486088,4.94981575012207
1873,909708,HNSC,0.903924,0.12680122256278992
1631,753532,HNSC,2.198017,2.3974227905273438
1011,907061,HNSC,2.947881,2.04666805267334
2096,1298529,HNSC,4.259394,4.136325359344482
1239,910911,HNSC,3.348789,2.9230904579162598
1629,1299059,HNSC,5.202467,4.557075500488281
1549,1298531,HNSC,0.35475,1.172700047492981
1053,909709,HNSC,3.661461,3.687739849090576
1916,753583,HNSC,3.573248,3.2252962589263916
1854,1299059,HNSC,5.074782,4.715883731842041
1576,1240196,HNSC,3.708482,3.8806214332580566
1085,753583,HNSC,2.70179,3.199323892593384
1180,1240196,HNSC,-1.412815,-1.6141352653503418
1559,1240196,HNSC,-2.680694,-0.8727264404296875
1091,753561,HNSC,1.54304,0.9792128205299377
1557,753538,HNSC,5.095141,4.714583873748779
1512,910911,HNSC,5.724318,5.338972091674805
1190,910936,HNSC,1.341663,-2.406055450439453
1852,753532,HNSC,4.883459,5.484559059143066
1924,909708,HNSC,2.880282,3.6988749504089355
2045,906837,HNSC,4.498241,4.549242973327637
1250,1298531,HNSC,1.314927,1.0689879655838013
1593,753562,HNSC,2.791244,1.7697724103927612
1630,910916,HNSC,3.169807,3.5718705654144287
1249,910911,HNSC,4.832209,4.283044815063477
1593,753583,HNSC,5.587116,2.9218549728393555
1051,1240196,HNSC,2.356851,4.198177337646484
2043,1290724,HNSC,4.283609,4.904656887054443
1627,907062,HNSC,3.047175,2.7914164066314697
1080,1290724,HNSC,-3.283211,-3.228255271911621
1013,910936,HNSC,4.273412,3.968944549560547
1250,907062,HNSC,3.258794,2.4442973136901855
1053,753561,HNSC,0.095762,1.063836693763733
2044,753583,HNSC,4.165704,4.176951885223389
1168,909709,HNSC,1.864847,2.35439133644104
1553,1240122,HNSC,4.543675,4.142759799957275
1635,906863,HNSC,5.10862,5.0156049728393555
1852,924111,HNSC,4.947818,4.094173908233643
1849,910936,HNSC,0.33216,0.4411253333091736
1928,1240196,HNSC,5.724567,5.455563068389893
1200,1290724,HNSC,2.542901,2.7913873195648193
1911,910936,HNSC,-6.129951,-5.764388561248779
1036,1299050,HNSC,5.120247,4.832716941833496
1373,1299052,HNSC,5.714757,5.475579261779785
1051,1240122,HNSC,3.257559,2.9049551486968994
2110,753562,HNSC,3.558566,3.8195996284484863
1924,1240122,HNSC,4.27546,4.336327075958252
1918,910904,HNSC,3.63174,3.2270171642303467
1631,1299059,HNSC,3.838774,4.012240409851074
1510,1240121,HNSC,3.839938,3.9793918132781982
1620,1240196,HNSC,5.660033,5.86688232421875
1853,1298531,HNSC,2.523665,3.7454874515533447
1852,909708,HNSC,4.851066,4.471825122833252
1007,753583,HNSC,-2.881817,-4.077362060546875
1237,1299059,HNSC,5.608771,5.093058109283447
1927,924111,HNSC,4.706201,4.297948360443115
1051,907062,HNSC,3.280443,2.6633033752441406
1057,910904,HNSC,-1.016834,-1.3642276525497437
1060,910916,HNSC,-0.422304,-0.061410799622535706
1922,753562,HNSC,1.824639,1.5162476301193237
1873,753562,HNSC,0.501204,0.5623658895492554
1022,753538,HNSC,-0.361401,0.3554471731185913
1190,1240121,HNSC,-3.192414,-4.059884071350098
1630,910936,HNSC,1.540597,1.4137603044509888
1012,1240122,HNSC,0.412218,2.5697546005249023
1091,1290724,HNSC,1.816579,1.3147010803222656
1057,1240122,HNSC,1.213792,-0.611082136631012
1629,910936,HNSC,4.71005,4.6278228759765625
1997,907061,HNSC,3.506089,2.4946699142456055
1047,909708,HNSC,4.727618,4.253208637237549
1250,907061,HNSC,0.779015,1.063535451889038
1924,906837,HNSC,1.694409,2.831840991973877
1239,1290724,HNSC,1.000961,2.11014723777771
1053,1299059,HNSC,4.228866,4.253849506378174
2046,753532,HNSC,1.814683,4.064983367919922
1180,910916,HNSC,-3.793636,-3.5082006454467773
2044,909708,HNSC,2.382774,2.4180994033813477
1926,753561,HNSC,-1.307173,-0.30741703510284424
1004,1299050,HNSC,-0.487627,-2.4988694190979004
1088,1290724,HNSC,3.710219,3.059321165084839
2096,1240122,HNSC,2.774215,3.3123340606689453
1068,924111,HNSC,0.686549,0.10899543762207031
1032,1240196,HNSC,2.081384,2.262324094772339
1248,910904,HNSC,-4.482084,-3.6116788387298584
1615,753532,HNSC,3.968511,4.95814323425293
1005,910904,HNSC,2.967847,3.892667293548584
1512,1240121,HNSC,5.180145,4.509119033813477
1862,910911,HNSC,-1.906668,-1.4554226398468018
1618,1298531,HNSC,2.459242,3.0103299617767334
1007,753541,HNSC,-6.060866,-6.059564590454102
1012,910904,HNSC,1.822075,1.9593510627746582
1200,909709,HNSC,3.240673,2.962113380432129
2111,907062,HNSC,4.1613,4.138762950897217
1576,1298531,HNSC,3.122603,2.361987352371216
1237,1240162,HNSC,6.479561,5.786105632781982
1007,1240122,HNSC,-4.111517,-4.1587910652160645
1631,910904,HNSC,3.487391,3.873785972595215
2106,909709,HNSC,2.806451,3.0995192527770996
2048,910916,HNSC,-5.070456,-4.956135272979736
1912,909708,HNSC,2.191495,2.3346471786499023
1926,753583,HNSC,1.183804,1.9755752086639404
1190,910911,HNSC,-1.012877,0.38200685381889343
1855,1240196,HNSC,6.192248,5.569980621337891
1854,753541,HNSC,3.96491,4.315454959869385
1629,1299052,HNSC,4.47261,4.78817892074585
1047,906837,HNSC,4.877527,4.011670112609863
1249,910916,HNSC,2.94505,3.623412609100342
1631,753538,HNSC,4.578233,3.5295956134796143
1912,909709,HNSC,3.70255,2.568615674972534
2045,1299052,HNSC,5.930967,5.817211151123047
1003,1240162,HNSC,-2.65046,-2.2718183994293213
1375,906837,HNSC,6.122762,5.24488639831543
1862,910904,HNSC,-0.905851,-1.4775950908660889
1190,753562,HNSC,-3.652792,-3.999216079711914
1939,753541,HNSC,1.556987,2.7671380043029785
1259,753561,HNSC,3.871739,3.8638463020324707
1057,1240162,HNSC,-2.012945,-1.859666109085083
1615,910916,HNSC,4.43818,4.887384414672852
1131,1299059,HNSC,6.460189,5.620357513427734
1917,910916,HNSC,1.856537,1.126686692237854
1177,1240122,HNSC,5.554584,5.25176477432251
2110,906837,HNSC,2.814445,3.686100482940674
1912,906863,HNSC,4.497357,2.8790993690490723
1091,1240162,HNSC,2.270221,1.3361696004867554
1088,907062,HNSC,1.279991,1.5885292291641235
1510,753532,HNSC,0.826423,3.2468228340148926
1553,1240162,HNSC,2.456254,2.1939282417297363
1916,1299059,HNSC,3.55063,3.7007932662963867
1047,910916,HNSC,4.993255,4.847094535827637
1614,1240122,HNSC,6.134501,4.572474956512451
1549,1240122,HNSC,3.297001,3.0255227088928223
1060,906863,HNSC,-0.196571,-0.263854444026947
2045,1240162,HNSC,6.725707,5.828011989593506
1930,1240196,HNSC,2.188073,1.5800784826278687
1618,1299059,HNSC,3.972689,3.8686716556549072
1598,906863,HNSC,3.852138,3.803406238555908
1931,753583,HNSC,6.423882,5.759189128875732
1372,906837,HNSC,-0.235406,-1.234514594078064
1927,1299052,HNSC,6.013398,5.268996238708496
1912,753561,HNSC,-1.614435,0.43213993310928345
1003,753562,HNSC,-4.417918,-4.021014213562012
1613,910916,HNSC,2.533118,3.050788164138794
1131,907061,HNSC,3.490579,4.602368354797363
1849,909708,HNSC,-0.07645,-1.2277659177780151
1013,909709,HNSC,4.557059,4.376682281494141
2109,910936,HNSC,2.712529,1.7772362232208252
1927,909708,HNSC,3.745472,4.259582042694092
1862,1240162,HNSC,-1.75392,-1.391161561012268
1855,907062,HNSC,5.468121,3.9657888412475586
1622,907062,HNSC,2.644503,4.484099388122559
1179,753532,HNSC,-0.398234,0.27332180738449097
1786,1299059,HNSC,3.126256,3.357375144958496
1928,753532,HNSC,3.814669,3.979081153869629
1259,906863,HNSC,1.82322,1.6918890476226807
1576,906837,HNSC,2.215773,2.053448438644409
1563,1299052,HNSC,6.227391,6.136927604675293
1933,753562,HNSC,4.212701,3.8880884647369385
1022,1290724,HNSC,-1.238639,-0.5008007884025574
1910,1298529,HNSC,3.149605,3.572652578353882
1089,753562,HNSC,3.389169,3.031827211380005
1564,1240122,HNSC,2.602542,3.094430923461914
1010,906837,HNSC,2.320779,1.4838314056396484
1060,753532,HNSC,-0.897518,0.4331415891647339
1576,1240122,HNSC,3.356178,3.336045026779175
1549,753583,HNSC,5.423428,4.555792808532715
1564,1240196,HNSC,3.704615,4.491518974304199
1560,753561,HNSC,1.539716,1.8467531204223633
1259,753562,HNSC,1.877295,1.8656196594238281
1911,1299052,HNSC,-4.777928,-2.7025058269500732
1068,910911,HNSC,1.301879,1.6463022232055664
1083,753532,HNSC,3.363078,4.010101795196533
1013,909708,HNSC,1.489585,2.4593284130096436
1180,753562,HNSC,-4.212328,-3.6104249954223633
2047,910911,HNSC,3.119121,2.9930307865142822
1563,1240196,HNSC,6.380486,6.042257785797119
1561,910911,HNSC,0.563781,1.9718897342681885
1621,753541,HNSC,5.488958,4.92538595199585
2046,910904,HNSC,4.332781,3.5237338542938232
1054,1298529,HNSC,2.48239,4.262528419494629
1507,924111,HNSC,4.653858,3.9747631549835205
1177,753538,HNSC,4.464804,4.157532215118408
1913,753562,HNSC,3.706687,4.470991611480713
2110,907062,HNSC,4.801246,4.515201091766357
1912,910911,HNSC,2.923469,3.2501068115234375
2043,1298529,HNSC,5.968022,5.661780834197998
1928,910911,HNSC,5.957262,5.271881103515625
1939,753562,HNSC,1.627134,2.2254691123962402
1564,910911,HNSC,2.802716,3.1026883125305176
1941,1299050,HNSC,-2.211797,-4.109222412109375
1131,906863,HNSC,4.246111,5.329274654388428
1617,753583,HNSC,4.649547,0.7791441679000854
1932,1299050,HNSC,2.193543,2.710705280303955
2048,1290724,HNSC,-4.160349,-2.9705753326416016
1080,1299050,HNSC,-1.994731,-0.8920495510101318
1627,910911,HNSC,2.731027,3.298062324523926
2040,753583,HNSC,1.5183,1.1739588975906372
1598,910911,HNSC,4.361679,4.110086917877197
1799,906863,HNSC,1.904077,3.468580484390259
2111,910936,HNSC,3.635913,5.432680606842041
1625,753532,HNSC,4.65189,4.31983757019043
1916,909709,HNSC,3.737755,3.4487645626068115
1939,753561,HNSC,0.784356,1.9170491695404053
1932,753562,HNSC,2.791625,2.1395046710968018
1060,1240122,HNSC,1.246461,0.893081545829773
1627,753532,HNSC,3.195015,2.6501734256744385
1007,906837,HNSC,-6.590403,-6.427196979522705
1615,910936,HNSC,5.104154,4.167966365814209
1010,753541,HNSC,1.373427,1.1810375452041626
1927,1240122,HNSC,4.725364,5.159723281860352
1564,1299052,HNSC,-0.977244,2.875749111175537
1032,753541,HNSC,0.878546,-0.3728368282318115
1578,1299050,HNSC,5.107981,5.354284286499023
1249,909709,HNSC,5.125065,3.644354820251465
1622,1299050,HNSC,4.650244,4.644228935241699
1529,1298529,HNSC,2.411245,2.2332146167755127
1237,910911,HNSC,5.771023,5.466883182525635
1922,906863,HNSC,2.816806,1.5768922567367554
1093,907061,HNSC,4.407518,3.762655019760132
1049,1290724,HNSC,3.667131,3.54815936088562
1004,910916,HNSC,-5.906871,-5.4854912757873535
1060,910904,HNSC,0.056647,0.39987242221832275
1799,753532,HNSC,5.227816,4.326024055480957
1191,909708,HNSC,-5.632931,-5.017435073852539
2044,910936,HNSC,2.388895,2.888131856918335
2106,924111,HNSC,2.596467,1.8684866428375244
2111,909709,HNSC,5.466297,4.588037014007568
1046,753532,HNSC,2.584242,2.00075364112854
1932,1290724,HNSC,2.946294,2.2858798503875732
1093,1240122,HNSC,5.371749,4.415007591247559
2107,753583,HNSC,5.870557,5.689886093139648
1915,910911,HNSC,1.908933,1.5126028060913086
1594,1298531,HNSC,3.208763,3.72691011428833
1373,1240121,HNSC,4.682576,4.12306547164917
1199,910911,HNSC,4.133462,3.5663084983825684
1919,1299059,HNSC,2.425079,1.8706220388412476
1060,1299050,HNSC,-1.104251,0.37736254930496216
1618,753538,HNSC,3.333577,3.3969268798828125
1013,1298529,HNSC,5.371444,4.25993537902832
1034,753532,HNSC,-5.814055,-5.748528957366943
1931,753562,HNSC,4.385632,4.922841548919678
1036,753532,HNSC,3.117515,3.008070945739746
2043,909709,HNSC,5.40711,4.818201065063477
1614,1299059,HNSC,3.03155,3.99556827545166
1046,924111,HNSC,2.357129,1.27444326877594
1593,1299059,HNSC,2.0162,2.57680082321167
1624,906863,HNSC,2.056987,3.438709020614624
1941,753561,HNSC,-4.178019,-3.4689393043518066
1862,753532,HNSC,-2.562276,-1.3109214305877686
1614,753583,HNSC,5.886412,4.125885486602783
1852,910911,HNSC,5.61856,5.292069435119629
1049,910936,HNSC,4.311377,3.728029251098633
1191,753532,HNSC,-4.843356,-5.1906304359436035
1177,924111,HNSC,3.917243,3.827542781829834
2046,910916,HNSC,3.988292,3.2907307147979736
1557,753583,HNSC,6.344893,5.036029815673828
1910,753562,HNSC,2.538813,2.2387404441833496
1625,909709,HNSC,4.544135,4.721619606018066
1853,910911,HNSC,4.03658,4.1512041091918945
1563,1290724,HNSC,5.676534,5.85181188583374
1553,1298531,HNSC,1.413921,2.1273229122161865
1529,1299052,HNSC,-2.493327,1.10336434841156
1200,909708,HNSC,1.781751,1.9179507493972778
1578,906837,HNSC,4.619022,4.564541816711426
1918,1290724,HNSC,2.666771,2.1748335361480713
1036,906837,HNSC,3.498004,3.1974549293518066
1047,753561,HNSC,4.690389,5.157289505004883
1507,1240196,HNSC,5.206642,5.534950256347656
1060,907061,HNSC,-0.120709,-0.5357508063316345
1578,1240122,HNSC,5.467003,5.380810737609863
1091,1240122,HNSC,2.761447,2.9119951725006104
2107,1240196,HNSC,5.607598,5.855166435241699
1053,1240196,HNSC,4.853038,4.609314441680908
1932,753541,HNSC,3.499375,3.5230448246002197
1200,910904,HNSC,3.241287,2.9883415699005127
1997,1290724,HNSC,4.250389,3.501319169998169
1626,1240162,HNSC,3.417158,3.1013545989990234
1615,924111,HNSC,5.070137,4.352755546569824
1012,907062,HNSC,2.345319,2.06170392036438
1617,909709,HNSC,1.996566,3.7564220428466797
1855,1240162,HNSC,3.740422,4.832266330718994
1375,1299050,HNSC,5.748866,6.3523054122924805
1626,753562,HNSC,0.433403,0.8587589859962463
1054,1299059,HNSC,4.688657,4.441198825836182
1911,753538,HNSC,-4.779278,-6.051771640777588
2043,753538,HNSC,5.41542,5.108829975128174
1930,753561,HNSC,-0.75793,-0.1886930614709854
1168,1298529,HNSC,3.322439,3.18207049369812
1622,753532,HNSC,5.700325,4.877225399017334
1060,1299059,HNSC,0.439124,0.022796720266342163
1049,1240196,HNSC,5.227455,5.330869197845459
1190,909709,HNSC,3.076756,0.9170818328857422
1510,909708,HNSC,2.771197,3.5204994678497314
1006,907061,HNSC,-1.679333,0.7210566401481628
1618,907061,HNSC,2.785653,2.933979034423828
1941,910904,HNSC,-3.800169,-3.7807512283325195
1933,909709,HNSC,5.57509,4.177514553070068
1624,907062,HNSC,5.373296,4.284642219543457
1926,753538,HNSC,1.1395,0.2624405026435852
1047,753538,HNSC,5.050501,5.325270175933838
1625,1240121,HNSC,4.777208,4.352260112762451
1924,910904,HNSC,4.412688,3.855300188064575
2107,753561,HNSC,3.909826,4.512554168701172
1003,909708,HNSC,-4.799467,-3.801882266998291
1085,1299059,HNSC,2.576194,3.001288890838623
1179,753561,HNSC,-0.600779,-0.7435672283172607
1928,1298529,HNSC,4.119552,5.157123565673828
1996,909708,HNSC,2.825551,2.8905420303344727
1051,924111,HNSC,-1.478197,0.29652881622314453
1011,753532,HNSC,0.376182,3.253242254257202
1017,910911,HNSC,3.850983,4.595290660858154
1563,910916,HNSC,5.165324,5.081788539886475
1073,1299050,HNSC,5.446422,5.432823181152344
1854,1240121,HNSC,4.908065,4.207088947296143
1617,1240121,HNSC,-3.80316,1.4907550811767578
1058,1290724,HNSC,0.009355,1.0201854705810547
1237,910904,HNSC,5.084921,5.287629127502441
1908,910911,HNSC,2.491483,2.9930307865142822
2109,1240122,HNSC,4.352242,3.2836577892303467
1622,910904,HNSC,4.589429,4.390255928039551
1557,910911,HNSC,5.127062,5.206254005432129
1922,909709,HNSC,2.874454,2.342776298522949
1939,1298529,HNSC,2.189008,4.020030975341797
1013,1240162,HNSC,4.764204,5.04607629776001
1177,906837,HNSC,3.532626,3.5500898361206055
1558,1299052,HNSC,2.585507,0.8270226120948792
1598,753561,HNSC,4.375019,3.9171903133392334
1853,1290724,HNSC,4.23815,4.914443492889404
1131,909708,HNSC,2.831694,3.7745070457458496
2107,907061,HNSC,4.635097,4.505874156951904
1927,906837,HNSC,4.53508,4.301633358001709
1083,1290724,HNSC,4.505701,3.4596285820007324
1634,910904,HNSC,4.853165,4.49490213394165
1799,1299050,HNSC,0.520178,1.5903364419937134
1068,1299050,HNSC,2.380467,1.5923527479171753
1199,1298529,HNSC,3.895494,4.492103099822998
1083,1240196,HNSC,4.963728,4.609066486358643
1093,910916,HNSC,3.406729,4.153449058532715
1625,906837,HNSC,3.618285,3.8222851753234863
1936,910904,HNSC,2.332524,2.5638530254364014
1617,907061,HNSC,-5.779626,0.7792527079582214
1239,1240122,HNSC,4.1465,2.8797035217285156
2046,753541,HNSC,3.984956,3.370755434036255
1191,1240162,HNSC,-4.784125,-4.639477729797363
1996,1240121,HNSC,2.907218,3.5475969314575195
1626,910936,HNSC,0.418691,1.6769057512283325
1190,753538,HNSC,-1.272903,-2.8042612075805664
1510,1299050,HNSC,2.665235,3.687854290008545
1613,753562,HNSC,2.559596,2.944242000579834
1635,1290724,HNSC,5.49656,5.1648359298706055
1372,1298529,HNSC,0.746524,1.531038761138916
1629,924111,HNSC,3.433778,4.567809581756592
1507,1299059,HNSC,5.276445,4.701677322387695
1634,1299059,HNSC,4.573779,4.299258232116699
1060,1290724,HNSC,0.937301,1.2170060873031616
1032,910911,HNSC,0.224377,0.9943301677703857
1268,910916,HNSC,4.490386,4.015305995941162
1053,924111,HNSC,3.017514,2.2039217948913574
1088,1299050,HNSC,5.626941,4.454392433166504
1085,1240122,HNSC,4.116323,3.2045249938964844
1549,910911,HNSC,0.48156,1.8259685039520264
1177,1240162,HNSC,6.053422,5.467723846435547
1862,910916,HNSC,-2.293537,-2.0435080528259277
1199,910936,HNSC,3.283455,2.2252414226531982
1060,753561,HNSC,0.490614,0.2660039961338043
1512,753561,HNSC,5.210392,4.513803005218506
1259,910916,HNSC,1.504745,1.6331526041030884
2047,907061,HNSC,2.92196,2.353177070617676
1873,907062,HNSC,1.814639,0.9868254065513611
1373,1299050,HNSC,5.041456,5.25925874710083
1930,910904,HNSC,1.682452,1.1415663957595825
1199,906837,HNSC,2.113455,3.090595245361328
1928,1299050,HNSC,4.95553,4.385890007019043
1613,1240122,HNSC,4.14717,3.9814984798431396
1089,753561,HNSC,3.593481,2.619907855987549
1617,907062,HNSC,5.17023,2.099644660949707
1553,753538,HNSC,2.864438,4.06491231918335
1919,910911,HNSC,0.427247,0.7131083011627197
2045,1240121,HNSC,4.569018,4.678068161010742
1925,1240121,HNSC,4.475715,4.1036906242370605
1908,1240122,HNSC,2.802009,2.78936767578125
1626,1290724,HNSC,2.675277,1.9390829801559448
1510,906837,HNSC,3.661642,3.406330108642578
1622,909709,HNSC,4.667817,4.584049224853516
1855,753562,HNSC,2.929502,3.3678388595581055
1239,753561,HNSC,2.532882,1.4100533723831177
1618,1240122,HNSC,5.545867,4.131252765655518
1013,1240122,HNSC,5.216648,4.353567600250244
1057,1299059,HNSC,-0.507387,-1.087404727935791
1250,909709,HNSC,1.309192,2.499202013015747
1512,907061,HNSC,5.282308,4.4845709800720215
1629,949094,GBM,6.05086,5.059869766235352
1598,905986,GBM,4.782229,4.448034286499023
1915,906835,GBM,4.157405,4.261425495147705
1372,687586,GBM,2.236108,1.8398252725601196
1855,687586,GBM,3.668425,5.046380519866943
1911,906839,GBM,-3.306153,-3.4930551052093506
1268,905983,GBM,4.020949,5.122486114501953
1620,687590,GBM,5.16268,5.498114109039307
1916,687588,GBM,1.547084,2.750236749649048
2106,906835,GBM,5.202067,5.500983715057373
2107,687586,GBM,5.155225,5.097774982452393
1091,1240169,GBM,3.091443,2.831151008605957
1941,910933,GBM,-5.34535,-4.319077014923096
1614,907313,GBM,2.844032,3.57320499420166
1058,946370,GBM,3.220736,1.2613953351974487
1054,946370,GBM,3.754921,4.176224231719971
1940,687562,GBM,2.4252,3.331047296524048
1012,909905,GBM,1.626968,1.7324295043945312
1913,907313,GBM,5.005229,4.933864593505859
1617,687562,GBM,1.054198,-0.8545591831207275
2096,907313,GBM,2.531635,2.603508710861206
1060,687590,GBM,0.389404,1.0411497354507446
1576,906873,GBM,2.674645,2.2266488075256348
1046,687590,GBM,2.704929,3.8130340576171875
1615,946370,GBM,3.755366,5.458162307739258
1512,907313,GBM,5.515533,5.478626728057861
1529,1240169,GBM,-0.130813,2.1299078464508057
1862,906839,GBM,-2.154009,-1.5641365051269531
1629,687562,GBM,3.736925,4.5002875328063965
1375,906835,GBM,8.705989,8.113094329833984
1088,949094,GBM,1.723151,2.526416540145874
1630,946370,GBM,2.405395,4.131486415863037
1168,910933,GBM,2.192386,2.4425272941589355
1786,687563,GBM,0.123903,3.2364704608917236
1022,910933,GBM,0.44477,-0.2055462747812271
1054,1240169,GBM,6.17023,5.188127517700195
1852,906746,GBM,5.931649,5.688943386077881
1058,687590,GBM,1.178558,2.3431336879730225
2043,949094,GBM,5.455144,4.782074451446533
1085,687586,GBM,2.750255,2.797433376312256
1910,946370,GBM,2.174643,2.543931245803833
1054,687590,GBM,3.771861,4.783464431762695
1003,907313,GBM,-0.966944,-0.550459623336792
1931,1240169,GBM,6.312724,6.101003646850586
1034,1240169,GBM,-1.506439,-2.318220376968384
1510,909905,GBM,4.836929,5.054688930511475
1924,946370,GBM,4.050046,3.659325122833252
1553,905983,GBM,3.649614,3.9242160320281982
1626,910933,GBM,2.459548,2.577195167541504
1925,910694,GBM,6.25636,5.85675573348999
1625,946370,GBM,3.352856,5.178334712982178
1011,1240169,GBM,2.223571,4.7418532371521
1635,1240169,GBM,5.851087,5.639684677124023
1854,687568,GBM,5.37605,5.1576995849609375
1013,687590,GBM,4.582102,4.238682270050049
1561,905983,GBM,4.04101,2.823857069015503
1613,910694,GBM,5.254585,4.729734897613525
1913,910933,GBM,5.31789,4.0295867919921875
1007,687561,GBM,-5.157606,-6.082690715789795
1053,906835,GBM,6.891053,5.4631524085998535
1922,910943,GBM,1.010111,2.1352322101593018
1578,687562,GBM,4.4687,4.848381042480469
1635,906835,GBM,7.299394,7.4253034591674805
1593,946368,GBM,2.753091,3.330015182495117
1510,1240168,GBM,3.732959,3.895404100418091
1576,906746,GBM,2.882552,3.5448031425476074
1051,949094,GBM,0.632728,1.428087830543518
2096,687561,GBM,2.899096,3.0637946128845215
1006,910943,GBM,3.83877,3.760352849960327
1250,687568,GBM,1.777728,3.3760416507720947
1615,906746,GBM,5.406961,5.5807576179504395
1613,909905,GBM,4.696849,4.6239848136901855
1091,946368,GBM,1.696425,2.123422622680664
1199,687562,GBM,2.683838,3.2935080528259277
1631,906835,GBM,6.275139,5.4772868156433105
1549,905986,GBM,4.485604,4.950100421905518
2045,906835,GBM,6.68385,7.195077419281006
1249,909905,GBM,5.088515,4.218210220336914
2107,687563,GBM,5.408516,4.944796085357666
1191,1240169,GBM,-5.233835,-4.4914326667785645
1036,906839,GBM,4.52885,4.765748500823975
1873,1240169,GBM,1.875479,1.7520076036453247
1180,946370,GBM,-3.859534,-2.210909366607666
1011,909729,GBM,3.022759,2.3699095249176025
1553,907313,GBM,2.35336,3.6856689453125
2110,949094,GBM,4.843432,4.451837062835693
1003,905983,GBM,-3.235664,-2.4462578296661377
1849,1240169,GBM,0.78294,0.02144220471382141
1060,946368,GBM,1.169548,1.7490042448043823
1928,906839,GBM,5.328157,4.528838157653809
1930,909745,GBM,0.115887,0.13282723724842072
1578,687588,GBM,5.075743,5.68601131439209
1006,1240169,GBM,4.463365,4.0271897315979
1854,906873,GBM,4.110467,4.0134382247924805
1854,906746,GBM,5.988337,5.10493803024292
1936,949094,GBM,3.422224,2.5454342365264893
1006,909745,GBM,2.67302,2.289435625076294
1007,687568,GBM,-3.961724,-4.340667247772217
2106,687586,GBM,3.122445,3.187737226486206
1618,909729,GBM,3.141213,3.7400543689727783
2110,906835,GBM,6.942551,6.424121379852295
1634,687590,GBM,3.501643,4.344140529632568
1630,910933,GBM,2.795368,3.253021240234375
1564,687588,GBM,4.147571,4.067691802978516
1849,946368,GBM,0.170654,-0.022587701678276062
1617,909745,GBM,5.795953,3.961034059524536
1799,909745,GBM,5.345367,5.496114730834961
1932,687590,GBM,2.217276,2.9550561904907227
1022,906746,GBM,-0.144652,0.4443502426147461
2040,909729,GBM,2.691044,0.5701926946640015
2040,910694,GBM,1.99621,1.6438875198364258
2045,946368,GBM,5.406923,4.806416034698486
1191,687588,GBM,-5.250825,-5.141792297363281
1529,1240168,GBM,-1.612154,0.5794878602027893
1614,906873,GBM,1.75843,3.3099913597106934
1615,949094,GBM,5.317201,4.647254467010498
1928,687563,GBM,2.928819,3.8363444805145264
1997,687563,GBM,3.73066,4.282740592956543
1936,687588,GBM,1.358001,2.8670191764831543
1855,910933,GBM,5.853039,3.6676249504089355
1053,949094,GBM,3.398094,2.2681384086608887
1549,1240168,GBM,4.00655,4.312665939331055
1004,946368,GBM,-3.946907,-4.1934309005737305
1855,910694,GBM,6.444631,6.175283432006836
1268,687561,GBM,3.916266,4.120394229888916
1237,910694,GBM,5.983711,5.982724666595459
1507,946368,GBM,4.877816,4.645880222320557
1916,687562,GBM,2.019581,1.9621390104293823
2043,906839,GBM,5.66628,5.702117919921875
1180,687561,GBM,-3.422078,-3.201951265335083
1177,910943,GBM,5.918921,5.4470672607421875
1268,687590,GBM,3.688991,4.435018062591553
1199,1240169,GBM,4.010776,4.540121078491211
1093,906873,GBM,3.538479,4.042278289794922
1372,905983,GBM,0.773037,2.4843006134033203
1046,687586,GBM,1.797191,2.120208263397217
1012,909745,GBM,2.561899,2.3260185718536377
1933,907313,GBM,5.565105,5.089260578155518
1549,906835,GBM,6.570561,6.642624378204346
1634,906839,GBM,4.973521,4.3457465171813965
1928,687561,GBM,4.006147,4.38871955871582
1560,910943,GBM,4.679509,4.72412633895874
1058,687562,GBM,0.59081,0.4888497591018677
2111,949094,GBM,5.124212,4.570433139801025
1180,949094,GBM,-2.930826,-2.897916316986084
1199,946368,GBM,3.360943,3.996691942214966
1918,687568,GBM,5.215823,4.152034759521484
2044,910694,GBM,4.260249,3.6223344802856445
1635,687586,GBM,4.757254,5.033985614776611
1168,687568,GBM,2.322514,3.358583688735962
1073,909729,GBM,7.040748,5.3255085945129395
1925,946370,GBM,5.255645,5.303735733032227
1068,909745,GBM,1.660225,1.8049381971359253
1250,687563,GBM,0.374855,0.8571778535842896
1179,909745,GBM,1.434901,1.0142574310302734
1932,687561,GBM,1.889513,2.870250940322876
1922,909905,GBM,1.041467,1.4981223344802856
1073,906746,GBM,6.072593,5.563302516937256
1996,909905,GBM,4.723382,4.122607231140137
1852,905986,GBM,4.579452,5.4907732009887695
1017,906746,GBM,4.741885,4.2927398681640625
1006,687561,GBM,1.035739,1.5435348749160767
1034,687590,GBM,-1.592331,-2.7224583625793457
1250,949094,GBM,1.551107,1.091956615447998
1620,910933,GBM,3.37318,4.395467281341553
1561,910943,GBM,2.606528,2.587830066680908
2047,909745,GBM,3.393415,3.4604623317718506
1621,909745,GBM,5.071293,5.131885051727295
1010,907313,GBM,3.772451,3.9147560596466064
1922,687561,GBM,0.298115,1.541506052017212
2096,946368,GBM,3.526923,3.341764211654663
1004,687563,GBM,-5.163714,-4.56427001953125
1003,906873,GBM,-4.526351,-3.11014723777771
1088,910694,GBM,5.78152,5.111390113830566
1375,905986,GBM,7.126576,6.126584529876709
1511,905983,GBM,-1.339926,-0.5566149950027466
1593,906873,GBM,1.955579,1.959904670715332
1032,949094,GBM,2.115755,2.0463926792144775
1047,1240170,GBM,3.886455,5.27934455871582
2044,910933,GBM,3.160237,2.997203826904297
1034,906839,GBM,-5.64581,-2.434192657470703
1057,687586,GBM,-2.106975,-2.2008872032165527
2048,1240169,GBM,-1.643079,-1.2010194063186646
1057,687568,GBM,-2.000768,-0.5744972825050354
1237,907313,GBM,5.682419,5.397711753845215
1011,910933,GBM,1.169639,2.014730930328369
1598,910943,GBM,4.997054,5.225979328155518
1618,687588,GBM,4.277104,3.9990289211273193
1996,687568,GBM,4.171236,3.774904489517212
1558,687590,GBM,3.86302,4.019352912902832
1941,687586,GBM,-2.697275,-4.502233028411865
1022,906835,GBM,2.152438,2.380073070526123
1927,687586,GBM,4.379447,4.797770023345947
1922,687590,GBM,1.804136,2.2876663208007812
1613,949094,GBM,4.576681,4.215857982635498
1925,687586,GBM,5.089747,4.827482223510742
1625,906835,GBM,5.8263,7.635776042938232
1627,687563,GBM,2.615911,2.7262163162231445
1940,906835,GBM,4.20411,4.329867839813232
1511,687563,GBM,-2.864421,-1.4390993118286133
1093,1240168,GBM,3.457755,3.954502582550049
1060,687561,GBM,1.961409,1.109201192855835
1073,910943,GBM,7.269407,6.473677158355713
1615,909745,GBM,5.642154,5.242709636688232
1003,687590,GBM,-2.951987,-2.000386953353882
1621,905983,GBM,4.601826,5.906777381896973
1239,1240169,GBM,3.946415,4.117959499359131
1510,906835,GBM,7.257546,5.725902080535889
1529,687563,GBM,-2.297319,-0.11761482059955597
2043,1240168,GBM,5.506541,4.612815856933594
1931,909745,GBM,5.717687,5.777073860168457
1917,909729,GBM,2.597585,2.7614455223083496
1003,687568,GBM,-3.149507,-2.417304754257202
1084,1240169,GBM,-0.09071,-1.0117895603179932
2096,949094,GBM,2.9423,3.3065271377563477
2044,906746,GBM,4.376487,3.845400094985962
1564,687563,GBM,2.097775,2.3994386196136475
2109,687588,GBM,2.797482,2.9165353775024414
2111,906835,GBM,5.798611,6.811669826507568
2110,905986,GBM,4.611258,5.070863723754883
1375,946368,GBM,5.804988,5.67135763168335
1200,910943,GBM,4.02928,3.8318090438842773
1083,687590,GBM,4.231297,3.3189876079559326
1629,687586,GBM,4.695035,4.820647239685059
1017,687568,GBM,4.371057,4.840341567993164
1996,687586,GBM,4.832434,3.824216365814209
1085,906835,GBM,4.846905,5.263717174530029
1036,906835,GBM,3.192421,5.126626014709473
1854,909905,GBM,4.990304,4.776528358459473
1939,910694,GBM,3.898376,3.062808036804199
1613,687562,GBM,2.736596,2.601846933364868
1560,906873,GBM,2.484118,3.1706676483154297
1634,910943,GBM,5.932531,5.297852516174316
1625,946368,GBM,5.500907,4.666678428649902
1013,905986,GBM,4.611911,4.904155731201172
1626,687563,GBM,1.846514,1.7355225086212158
1557,910933,GBM,4.64654,4.141903877258301
1927,1240169,GBM,5.458931,5.371764659881592
1249,910694,GBM,5.852627,5.278793811798096
1010,687563,GBM,2.810122,3.597693920135498
1512,687563,GBM,5.374639,5.132307529449463
1177,906873,GBM,3.03452,3.394824743270874
1635,1240168,GBM,5.250033,4.991880893707275
1068,949094,GBM,1.692859,1.4667905569076538
1373,905983,GBM,5.273337,5.665892124176025
1058,687563,GBM,0.929908,0.6400711536407471
1179,946370,GBM,3.800863,2.568843126296997
1918,687586,GBM,2.770508,2.9130098819732666
1091,909729,GBM,2.407895,1.9314539432525635
1626,687561,GBM,2.329908,1.5338678359985352
1578,910694,GBM,4.99919,6.028306007385254
1626,910694,GBM,3.048065,5.02351188659668
1007,906839,GBM,-3.67161,-2.7559292316436768
1177,687590,GBM,3.482321,4.8018059730529785
1036,687562,GBM,2.947504,3.2401981353759766
2048,910694,GBM,0.258566,1.0753618478775024
1047,909729,GBM,5.795672,5.312304496765137
1908,687563,GBM,2.845284,2.7591712474823
1131,910694,GBM,6.846442,6.888891220092773
1013,687586,GBM,3.204768,3.725494384765625
1131,687562,GBM,2.928183,3.670644998550415
1913,949094,GBM,5.114442,4.620825290679932
1561,905986,GBM,3.685859,3.130192518234253
1177,906839,GBM,5.804205,4.740676403045654
1268,687588,GBM,5.196722,4.873222351074219
1249,906839,GBM,5.221747,4.773045063018799
1598,906746,GBM,5.352958,4.896406650543213
1200,910933,GBM,2.89007,2.369318723678589
1927,909729,GBM,5.345457,4.752838611602783
2109,906839,GBM,2.660006,2.6344668865203857
2107,905983,GBM,6.146713,6.007123947143555
1629,946368,GBM,4.744556,4.918821334838867
1916,946368,GBM,3.501636,3.067753553390503
1049,906746,GBM,4.795994,4.383181571960449
1615,946368,GBM,4.730131,4.905576229095459
1912,910933,GBM,4.553569,2.919032335281372
1372,909729,GBM,2.139187,2.28820538520813
1913,906839,GBM,4.7238,5.075768947601318
1624,909729,GBM,4.981713,2.977123975753784
1005,909905,GBM,2.62206,2.7383487224578857
1553,906746,GBM,3.137654,3.1518912315368652
1034,687563,GBM,-4.700076,-4.333199977874756
1007,905986,GBM,-3.934258,-4.5133867263793945
1012,1240168,GBM,1.220311,1.7808407545089722
1250,1240168,GBM,2.152366,1.0244483947753906
1928,909745,GBM,4.699,4.544951915740967
1007,1240170,GBM,-5.110318,-5.376618385314941
1627,949094,GBM,2.687645,2.7196152210235596
2106,687590,GBM,4.169593,3.4512834548950195
1996,946368,GBM,2.908007,3.769402027130127
1191,687568,GBM,-5.037246,-4.926928520202637
1068,909905,GBM,1.368769,1.2294418811798096
1613,1240169,GBM,3.72947,4.8590779304504395
2040,1240169,GBM,3.036633,0.6523037552833557
2046,687561,GBM,2.373217,2.5658161640167236
2109,687563,GBM,1.080876,2.023386240005493
1620,910694,GBM,5.982501,6.036139965057373
1553,909729,GBM,2.480396,2.9346680641174316
1083,906835,GBM,6.328229,5.965884208679199
1917,910943,GBM,2.372956,2.925492763519287
1068,906839,GBM,0.854293,1.9860321283340454
1849,687562,GBM,-2.079944,-1.1824535131454468
1073,687586,GBM,4.802335,4.836709976196289
1091,909905,GBM,2.590895,1.596259593963623
1564,1240168,GBM,3.281884,3.530672311782837
1855,687590,GBM,5.508148,5.620290756225586
1629,906839,GBM,5.985138,5.138671398162842
1622,907313,GBM,4.744015,4.754565238952637
1933,687562,GBM,2.830702,3.370532274246216
1916,907313,GBM,3.553459,3.238487958908081
1618,906873,GBM,2.974875,2.880143642425537
1058,946368,GBM,1.786015,1.0314711332321167
1621,906839,GBM,5.206039,4.796188831329346
1909,909905,GBM,2.086515,2.458134889602661
1941,946370,GBM,-2.854919,-3.366730213165283
1927,687562,GBM,3.910461,4.125123023986816
1560,909745,GBM,4.488974,3.822936534881592
1003,687586,GBM,-2.376573,-2.5913281440734863
1046,949094,GBM,2.126003,2.2577860355377197
1862,949094,GBM,-1.854238,-1.992138385772705
1918,910933,GBM,5.155015,3.6953203678131104
1507,906746,GBM,5.489934,5.2676239013671875
1926,1240168,GBM,0.046968,1.7401140928268433
1854,905983,GBM,5.262894,5.43120813369751
1928,909905,GBM,3.93571,3.9733633995056152
1910,949094,GBM,3.790514,2.8002965450286865
1915,1240170,GBM,2.724024,2.919495105743408
1621,687568,GBM,5.997064,5.67168664932251
1085,906746,GBM,3.387845,3.6562483310699463
1180,687588,GBM,-1.627068,-1.7027908563613892
1032,907313,GBM,2.303476,2.5487356185913086
1621,906835,GBM,7.459167,7.065253257751465
1911,906835,GBM,-3.065024,-2.572357177734375
1179,949094,GBM,0.832076,0.8890604376792908
2047,910694,GBM,4.400421,4.426077842712402
1936,946370,GBM,2.571905,2.4380483627319336
1917,687561,GBM,1.565993,1.6899259090423584
2110,905983,GBM,5.848319,5.5183796882629395
1910,910943,GBM,4.799656,3.446232795715332
1013,1240168,GBM,4.440879,3.3972349166870117
1549,906873,GBM,1.007243,3.49104380607605
1259,909729,GBM,2.739752,4.1917948722839355
1617,910933,GBM,2.906692,1.3792119026184082
1049,687568,GBM,2.733833,4.5685296058654785
1936,909745,GBM,3.011939,3.1667778491973877
1084,909905,GBM,-2.983022,-4.068926811218262
1855,909745,GBM,2.754796,5.9067792892456055
1925,687562,GBM,3.284648,4.414022922515869
1932,909905,GBM,3.908854,2.755561351776123
1549,946370,GBM,4.716829,4.80499792098999
1268,905986,GBM,4.117861,4.724668502807617
1617,906839,GBM,1.238682,2.7466530799865723
1626,906746,GBM,3.266281,2.9639971256256104
1627,687588,GBM,2.047484,3.312920093536377
2044,949094,GBM,2.620511,3.1158933639526367
1598,687568,GBM,4.587184,4.093891143798828
1593,1240169,GBM,5.251518,4.367840766906738
1091,905986,GBM,2.840365,2.701817512512207
1622,906839,GBM,5.936697,4.884898662567139
1237,946370,GBM,4.70371,5.515177249908447
1932,906746,GBM,4.54109,4.0273308753967285
2047,907313,GBM,0.600475,2.7309515476226807
1060,687586,GBM,1.26336,1.6462522745132446
1046,1240169,GBM,2.3445,4.656879901885986
2044,906835,GBM,7.411379,6.036824703216553
2107,906839,GBM,5.85739,5.617282390594482
1578,949094,GBM,5.425621,5.301369667053223
1630,910694,GBM,4.535882,4.570289134979248
1930,946368,GBM,-0.060027,-0.1511576920747757
1933,906746,GBM,6.03345,5.258275985717773
1268,906873,GBM,4.817344,3.585540771484375
1996,687588,GBM,3.652039,4.307913780212402
1010,906746,GBM,4.075871,3.977964162826538
1191,906746,GBM,-3.582454,-5.2850871086120605
1622,906873,GBM,3.490708,4.444814682006836
1200,906835,GBM,4.738996,5.081985950469971
1557,1240169,GBM,4.976561,5.129638671875
1032,946368,GBM,2.994719,2.0485730171203613
1626,905983,GBM,2.790187,4.57833194732666
1855,906746,GBM,5.442067,5.992619037628174
1939,687563,GBM,3.591861,2.7139198780059814
1250,687561,GBM,1.071731,1.0866873264312744
1924,1240169,GBM,5.696686,4.165974140167236
1004,909905,GBM,-5.48237,-4.656235218048096
1560,910933,GBM,4.113645,4.218481540679932
1529,687562,GBM,-1.157841,-0.827242374420166
1624,905986,GBM,4.961639,4.130128860473633
1873,906746,GBM,0.582938,1.0571551322937012
2048,910933,GBM,-2.444084,-3.6267573833465576
1909,687561,GBM,2.773902,1.7575347423553467
1631,909729,GBM,3.138651,2.856633186340332
1620,687588,GBM,5.755334,5.879988670349121
1089,905986,GBM,3.583559,5.100775718688965
1559,906839,GBM,-1.196249,-2.837503671646118
1250,1240169,GBM,3.860353,2.73799467086792
1578,909745,GBM,5.409473,5.72720193862915
1079,909745,GBM,-2.065788,-0.28056174516677856
1913,687561,GBM,4.680624,4.668015480041504
1013,1240169,GBM,5.200943,5.464486122131348
1630,687562,GBM,2.218145,2.491689682006836
1372,687563,GBM,0.402776,0.2796362042427063
1924,687588,GBM,3.135486,3.677327871322632
1179,687562,GBM,-0.605202,-0.5886674523353577
1005,687561,GBM,2.56301,2.094621419906616
1563,687562,GBM,4.469689,4.789628982543945
1073,905983,GBM,6.856577,6.369176864624023
1918,910694,GBM,3.707011,3.6854026317596436
1051,687563,GBM,1.662768,0.5810222625732422
1200,687568,GBM,3.50978,3.1237640380859375
2045,905986,GBM,3.904115,5.349834442138672
1563,1240169,GBM,5.780302,6.215810775756836
1060,1240168,GBM,1.640216,1.474909782409668
1017,906835,GBM,6.893261,5.965763092041016
1034,946368,GBM,-4.582269,-4.0151214599609375
1036,946368,GBM,4.193753,4.599867343902588
1168,905983,GBM,2.881422,3.4634220600128174
2043,946368,GBM,4.824875,4.771481990814209
1926,909729,GBM,-0.161182,1.3194469213485718
2043,909729,GBM,4.506484,4.922667026519775
1036,906746,GBM,6.445704,4.910833835601807
1853,905986,GBM,4.61475,4.330018997192383
1047,909745,GBM,5.950122,5.377607822418213
1237,909729,GBM,5.130576,5.115581512451172
1853,1240168,GBM,4.354859,3.3899707794189453
1563,906873,GBM,4.89437,4.790405750274658
1853,1240169,GBM,5.035827,4.310598850250244
1618,910694,GBM,4.374514,5.4233317375183105
1910,910933,GBM,1.263646,2.8197059631347656
1630,906873,GBM,2.058507,2.2846906185150146
1855,946368,GBM,4.527975,4.871896743774414
1621,905986,GBM,3.8321,5.372470855712891
1917,946368,GBM,2.500078,2.304708480834961
1559,909905,GBM,-3.876623,-3.091525077819824
1613,910933,GBM,2.222736,2.650418519973755
1237,946368,GBM,5.295592,4.9290995597839355
1630,906839,GBM,4.357882,3.756718397140503
1563,906835,GBM,8.4349,8.18651008605957
1996,946370,GBM,3.638107,4.469424724578857
1917,687562,GBM,0.056868,0.8904659152030945
1593,909729,GBM,3.031804,2.5007853507995605
1179,909905,GBM,1.092175,0.41538387537002563
1046,1240168,GBM,1.222488,1.726441502571106
1250,906839,GBM,1.151058,1.7729010581970215
1549,910694,GBM,5.783471,5.513266086578369
1268,910943,GBM,5.365474,5.218163013458252
1529,906835,GBM,2.739434,2.827366352081299
1190,1240169,GBM,5.247959,3.0616869926452637
1549,687568,GBM,4.45183,5.006556510925293
1873,687568,GBM,1.083447,1.5409741401672363
1913,687563,GBM,3.97204,4.782699108123779
2107,687562,GBM,4.567476,4.320389270782471
1080,687568,GBM,-0.049353,-1.2802153825759888
1853,946370,GBM,4.002426,4.60221004486084
1909,946370,GBM,1.703751,2.410311698913574
1372,910694,GBM,3.879736,2.7728593349456787
1093,687568,GBM,5.118772,4.57252836227417
1598,687562,GBM,4.711453,4.101616382598877
1046,687562,GBM,0.533867,0.8254280090332031
1049,687563,GBM,1.702846,3.93239426612854
1200,905986,GBM,3.243634,2.973529577255249
1996,905986,GBM,4.820781,3.715364933013916
1190,910943,GBM,2.496654,0.9304239749908447
1613,687590,GBM,4.917099,4.465009689331055
1375,905983,GBM,7.125711,6.469604015350342
2107,1240168,GBM,5.043862,5.095597743988037
1854,687562,GBM,4.094175,4.181282043457031
1559,906873,GBM,-3.961972,-3.7246532440185547
2044,946370,GBM,2.99447,3.7383108139038086
1191,905986,GBM,-4.716316,-4.953869819641113
2106,687561,GBM,1.638027,1.8836902379989624
1855,909729,GBM,6.402967,5.163078308105469
2111,1240168,GBM,4.707867,4.296246528625488
1910,687568,GBM,2.390275,3.4116501808166504
1073,687562,GBM,3.266237,3.4131217002868652
1997,910694,GBM,4.317312,4.074395656585693
1563,1240168,GBM,5.096962,5.339965343475342
1054,909745,GBM,3.045461,4.08038854598999
1511,909745,GBM,-0.631462,-0.9654511213302612
1997,949094,GBM,4.947993,3.8960916996002197
1012,946368,GBM,1.567002,1.9333232641220093
1079,905983,GBM,4.116827,1.3974194526672363
2046,909745,GBM,3.246354,3.3093369007110596
1051,1240169,GBM,2.859671,3.477921962738037
1131,905986,GBM,6.767206,6.16749382019043
1168,906839,GBM,2.686548,2.7525243759155273
1933,687586,GBM,5.144384,5.041288375854492
1853,687563,GBM,4.901336,5.110750675201416
2111,687586,GBM,3.16693,4.377133846282959
1996,910933,GBM,5.28928,3.1302411556243896
2110,687561,GBM,4.298847,4.248910903930664
1786,905986,GBM,2.71037,2.165412187576294
1089,906835,GBM,6.261728,7.277505874633789
1621,687562,GBM,3.360201,3.5442323684692383
1553,910933,GBM,4.185524,3.207310676574707
1627,910694,GBM,3.797587,4.027035713195801
1190,687586,GBM,1.54036,-0.8444968461990356
1917,687563,GBM,1.316428,1.4755406379699707
1006,907313,GBM,3.968301,2.9325320720672607
1239,1240168,GBM,1.726849,1.927590250968933
1091,687562,GBM,1.496773,1.8209972381591797
1933,687563,GBM,2.807115,4.665907382965088
1928,910943,GBM,4.905011,5.2826056480407715
1004,909745,GBM,-3.015635,-3.9513463973999023
1049,687561,GBM,3.231395,3.168016195297241
1621,1240169,GBM,5.879952,5.421362400054932
1180,905983,GBM,-1.778064,-1.0912469625473022
2043,910933,GBM,4.025219,4.139978885650635
1089,907313,GBM,3.163468,4.735365867614746
1068,905986,GBM,2.229154,1.9539191722869873
1068,687568,GBM,0.658554,1.889857292175293
1007,907313,GBM,-2.965834,-3.348594903945923
1003,906835,GBM,0.019731,-0.19797883927822113
1915,687562,GBM,2.716042,2.29508638381958
1091,906835,GBM,2.359625,3.3317577838897705
1199,687568,GBM,4.182661,4.163553237915039
1237,1240168,GBM,4.43446,4.899650573730469
1053,910933,GBM,3.924327,3.3870368003845215
1011,906746,GBM,5.149743,3.1292948722839355
1022,687568,GBM,1.056148,0.9329583644866943
1620,905986,GBM,5.936951,5.630491256713867
1512,946368,GBM,4.903934,5.09423828125
2107,906746,GBM,4.599508,5.582932472229004
1873,946368,GBM,1.096854,1.083878993988037
1080,906746,GBM,-3.370545,-1.8236653804779053
1372,906746,GBM,0.521416,0.8922134041786194
1614,909905,GBM,4.321388,3.999584674835205
1919,946368,GBM,2.618021,2.002511501312256
2109,910943,GBM,2.210343,2.692099094390869
1576,687568,GBM,3.50887,3.097011089324951
1930,687563,GBM,0.447451,-0.47248172760009766
1372,687588,GBM,1.053855,0.9487923979759216
1862,907313,GBM,-1.223648,-1.5499924421310425
1786,910694,GBM,3.400256,2.9279592037200928
1908,910694,GBM,5.172157,4.426077842712402
1634,687563,GBM,4.44288,4.671558856964111
1553,687563,GBM,3.689043,2.9307374954223633
1919,687563,GBM,1.383786,2.0445079803466797
1564,687562,GBM,2.119173,2.784242630004883
1200,687588,GBM,3.733271,3.4013521671295166
1630,946368,GBM,5.055883,3.6806085109710693
1200,909745,GBM,2.912886,3.1050586700439453
1068,946368,GBM,2.084189,1.3128212690353394
1862,910943,GBM,-2.303829,-1.8827557563781738
1624,946368,GBM,2.964388,3.25007963180542
2096,909905,GBM,4.210556,2.7984752655029297
1939,910943,GBM,2.47355,3.4874539375305176
1259,909745,GBM,2.994842,3.5601584911346436
1617,909729,GBM,-3.531485,1.1573437452316284
1259,1240169,GBM,4.1771,4.9165568351745605
1034,687586,GBM,-4.450284,-4.2358078956604
1510,946370,GBM,3.83292,4.8882527351379395
1054,946368,GBM,3.062617,4.143134593963623
1852,687561,GBM,4.278323,4.728890895843506
1180,906746,GBM,-1.730864,-2.2120296955108643
1627,687561,GBM,2.905183,2.49678897857666
1091,687563,GBM,1.872004,1.8503282070159912
1190,909745,GBM,3.971133,-0.26299411058425903
1529,910943,GBM,2.525515,2.8384828567504883
1910,909745,GBM,3.627417,3.1507081985473633
2046,1240168,GBM,3.512556,2.9141812324523926
1624,910943,GBM,2.21787,4.01685905456543
1529,905983,GBM,0.322806,-0.06593979895114899
1168,909729,GBM,3.14595,2.9918763637542725
1909,687563,GBM,2.056303,2.3254716396331787
1909,946368,GBM,2.484436,1.890877604484558
1083,687562,GBM,2.85454,2.3286051750183105
1083,907313,GBM,3.377418,3.1004879474639893
1249,687588,GBM,3.926149,4.69366979598999
1563,907313,GBM,5.613354,5.8577117919921875
1925,687568,GBM,5.577387,5.126877784729004
2106,909729,GBM,2.285566,2.9346680641174316
1918,946368,GBM,4.141547,3.3227410316467285
1930,687590,GBM,-0.103503,0.4502479135990143
1177,905986,GBM,4.348002,5.333035945892334
1614,906746,GBM,5.571512,4.762272834777832
1017,687590,GBM,4.450959,4.248922824859619
1060,905983,GBM,1.496634,2.5696167945861816
1084,906835,GBM,1.410667,-1.583925485610962
1199,906839,GBM,4.104619,3.9584550857543945
1179,687590,GBM,2.964692,2.1340208053588867
1032,687586,GBM,2.715805,2.2513082027435303
1060,910933,GBM,-1.784238,-1.2153875827789307
1237,905983,GBM,6.309547,5.815919876098633
1933,687561,GBM,3.975347,4.604306697845459
1558,910933,GBM,3.044512,3.50241756439209
1561,687562,GBM,1.25011,1.227845549583435
1853,910933,GBM,5.294871,4.186948776245117
1853,687588,GBM,5.572108,4.700077533721924
1250,907313,GBM,0.574802,1.686605453491211
1918,909745,GBM,1.080075,2.060910940170288
1618,1240168,GBM,3.793389,3.6717984676361084
1941,687590,GBM,-2.606692,-3.8423590660095215
2045,687563,GBM,5.308898,4.672488689422607
2044,1240169,GBM,4.559053,4.432826519012451
1051,909729,GBM,2.187169,1.7298896312713623
1088,906873,GBM,1.058851,1.4545867443084717
1073,949094,GBM,4.381504,4.815933704376221
1996,687563,GBM,3.241845,3.5689942836761475
1180,1240168,GBM,-1.932646,-3.135605573654175
1032,1240168,GBM,2.202598,2.1457889080047607
1560,687562,GBM,2.804447,3.003009080886841
1940,687561,GBM,3.687273,3.762706756591797
1191,910933,GBM,-5.081569,-4.550654888153076
1093,687561,GBM,4.365921,4.3760857582092285
1088,906746,GBM,2.515405,2.6052093505859375
1615,1240169,GBM,6.160128,5.656362056732178
2043,907313,GBM,5.441075,5.276576995849609
1939,687590,GBM,4.242828,3.427269697189331
1373,906746,GBM,6.062453,5.667679786682129
1925,906835,GBM,6.667037,7.069496154785156
1011,1240170,GBM,4.330911,2.5481204986572266
1084,946368,GBM,-1.568522,-2.7667534351348877
1054,687568,GBM,4.180619,5.466674327850342
1598,687563,GBM,4.423235,4.942844867706299
1131,910943,GBM,7.114287,5.925632476806641
1013,905983,GBM,4.953558,5.575526714324951
1622,906746,GBM,5.054088,5.367733001708984
1911,910943,GBM,-3.980677,-4.213759899139404
1003,910694,GBM,1.22754,0.6725918650627136
1618,946368,GBM,4.033329,4.1643266677856445
1239,910694,GBM,4.509923,4.904888153076172
1073,906839,GBM,7.150709,5.894551753997803
1634,905983,GBM,4.732102,4.88854455947876
1373,910694,GBM,6.316184,5.875461101531982
1004,910943,GBM,-1.481524,-2.2096917629241943
1034,906746,GBM,-2.630678,-3.9123358726501465
1913,687568,GBM,6.231448,4.75361967086792
1053,909745,GBM,2.087935,2.9131035804748535
1799,909905,GBM,5.378906,5.437375068664551
1051,906746,GBM,4.027324,2.3736863136291504
1917,1240168,GBM,0.696092,2.452796697616577
1091,905983,GBM,3.779931,2.214844226837158
1060,906746,GBM,-0.332264,1.5102394819259644
1239,905983,GBM,2.315932,3.258481025695801
1200,687590,GBM,2.927062,3.3418030738830566
1013,949094,GBM,4.421203,3.520143508911133
1179,906746,GBM,1.644415,1.90144681930542
1849,909745,GBM,-0.081534,0.005012616515159607
1932,906835,GBM,6.015028,4.996836185455322
1068,906835,GBM,2.974981,2.8253653049468994
1051,946368,GBM,2.058695,1.6587945222854614
1855,687562,GBM,2.94416,3.9913816452026367
1250,687562,GBM,1.248897,0.5480000972747803
1598,909745,GBM,4.321073,5.206047534942627
1053,687563,GBM,3.788201,3.1218743324279785
1919,909905,GBM,1.424898,2.0053560733795166
1079,906839,GBM,0.330326,1.756921648979187
2048,907313,GBM,-2.689022,-2.556791305541992
1557,905983,GBM,6.04908,5.375731468200684
1936,906746,GBM,1.686627,3.2255139350891113
1093,909905,GBM,4.418833,4.797129154205322
1922,910933,GBM,2.296884,2.1355607509613037
1057,905986,GBM,-0.478699,-1.3570555448532104
1022,906839,GBM,1.092295,1.3424949645996094
1034,905986,GBM,-3.577456,-3.334019184112549
1862,946370,GBM,-1.695082,-1.7237372398376465
1529,909745,GBM,1.182058,2.090696334838867
1022,909905,GBM,0.057538,-0.1312984973192215
1068,910933,GBM,0.682431,1.4771403074264526
1560,687561,GBM,2.992025,3.4006385803222656
1627,946370,GBM,2.088357,3.4288651943206787
2046,910694,GBM,3.598546,4.067582607269287
1088,906835,GBM,4.554526,5.50801944732666
1560,906839,GBM,4.585211,4.071632385253906
1529,906839,GBM,1.156522,4.245670318603516
1199,907313,GBM,4.876618,3.8057782649993896
1799,906835,GBM,7.374754,7.2619476318359375
1621,910943,GBM,6.529441,5.6487016677856445
1626,1240169,GBM,3.605821,3.399653911590576
1511,909905,GBM,-0.766014,-0.9422225952148438
1068,905983,GBM,1.231859,2.191535472869873
1908,949094,GBM,4.345149,3.4918389320373535
1512,911905,OV,6.835183,7.0509033203125
1560,1240222,OV,4.872636,3.63238787651062
1558,949090,OV,1.708523,3.957735300064087
1625,1298365,OV,4.272639,5.155887126922607
1083,911905,OV,6.171354,5.081352710723877
1927,1240198,OV,5.685256,5.498787879943848
1013,905968,OV,4.350499,3.0375261306762695
1618,1240200,OV,4.880134,4.288679122924805
1006,1240222,OV,0.904088,0.32323116064071655
1625,905968,OV,5.174773,3.6929125785827637
2046,905969,OV,5.107395,4.177737236022949
2043,905969,OV,6.254935,6.6457600593566895
1996,905933,OV,2.408263,4.108222484588623
1618,911905,OV,6.5837,5.679901599884033
1068,946360,OV,1.826629,1.727241039276123
1626,1479987,OV,1.480184,0.7628309726715088
2110,909257,OV,4.189332,3.990027666091919
1852,905959,OV,7.137068,6.508636474609375
1629,905968,OV,3.760838,4.130771636962891
1924,905990,OV,5.864217,4.9301838874816895
1046,905933,OV,2.079458,2.455462694168091
1614,1299070,OV,3.693085,4.415989875793457
1626,1480364,OV,1.108961,3.0817947387695312
1190,909753,OV,2.261586,3.134045124053955
2110,910548,OV,4.979643,5.2201032638549805
1507,1240200,OV,6.368549,5.5564351081848145
1085,911905,OV,5.863627,5.98925256729126
2107,1240199,OV,7.509922,7.956161975860596
1930,949090,OV,-0.694749,1.4078223705291748
1933,1480364,OV,5.671866,5.745691299438477
1931,1240222,OV,4.139088,5.164556503295898
1006,1240197,OV,3.265192,3.4417495727539062
1786,1240198,OV,3.996878,3.4914584159851074
1084,911905,OV,-1.150459,0.6667802929878235
1560,905969,OV,1.951474,3.443915843963623
1557,905959,OV,4.302778,5.938235282897949
1560,1480372,OV,3.837638,4.4724602699279785
1910,1479987,OV,0.973049,3.1931540966033936
1372,946360,OV,1.902646,2.584041118621826
1177,909753,OV,5.419552,5.1585235595703125
1006,1480362,OV,4.669351,4.6326093673706055
1032,1480372,OV,2.51212,2.7936625480651855
2106,909257,OV,2.41892,2.1703336238861084
1068,905959,OV,5.05943,2.640270233154297
1034,905990,OV,-1.603116,-2.121062755584717
1799,910548,OV,5.134294,5.102659225463867
1006,1480364,OV,4.341844,3.190842866897583
2044,909753,OV,4.399987,4.998438835144043
1089,905990,OV,4.989001,5.5125932693481445
1852,1240200,OV,6.522498,6.146714687347412
1510,1240222,OV,5.615009,4.701288223266602
1088,1299070,OV,1.222917,0.5146884918212891
1268,911905,OV,6.186473,5.4704437255859375
1054,1480362,OV,5.156502,5.515204429626465
1022,905969,OV,-0.208324,0.42994430661201477
1079,1480372,OV,1.746716,0.31335100531578064
1083,905959,OV,5.595876,4.795708656311035
1594,1480372,OV,6.009152,6.6201252937316895
1564,1240197,OV,-0.201539,1.9276514053344727
1996,1298365,OV,6.115024,4.672957420349121
1917,1480364,OV,2.708271,3.1213951110839844
1786,1298365,OV,4.702641,3.7001829147338867
1250,911905,OV,3.69382,3.529463291168213
1617,911905,OV,-0.72144,4.005130290985107
1873,1479987,OV,1.202147,0.6326860189437866
1003,909753,OV,-0.608,-1.025900959968567
1049,905968,OV,2.889765,3.378399133682251
2044,909257,OV,2.421976,2.31382417678833
1091,905969,OV,1.893284,1.9775938987731934
1930,1480364,OV,4.421977,1.5699808597564697
1049,1299070,OV,3.760783,3.85155987739563
2106,905959,OV,3.268222,4.353016376495361
1190,905933,OV,2.826877,0.06948967278003693
1083,1299070,OV,2.728935,2.56156325340271
1931,911905,OV,7.557141,7.111093521118164
1615,910548,OV,6.107888,5.749358177185059
1629,1298365,OV,5.118231,5.568711757659912
1915,905933,OV,2.619116,2.8219494819641113
1561,905969,OV,1.133822,2.1056265830993652
1908,905990,OV,3.717752,3.8137097358703613
1058,1298365,OV,0.116582,1.7043582201004028
1085,910548,OV,3.119887,3.7618377208709717
1036,1480371,OV,5.282943,4.928925514221191
1032,1240199,OV,2.983873,3.074408769607544
1799,1299070,OV,3.658956,4.790707111358643
1939,905933,OV,2.080824,3.006175994873047
1259,905959,OV,3.447949,5.174961090087891
1936,909753,OV,4.197875,3.803534984588623
1933,905959,OV,7.026792,6.245404243469238
1007,905959,OV,-2.930467,-2.1915528774261475
1634,905990,OV,4.981056,4.744041442871094
1786,1240200,OV,4.404392,4.515079975128174
1012,949090,OV,1.031442,1.9685859680175781
1036,905990,OV,5.854402,5.417108535766602
1786,905969,OV,4.565816,5.286457538604736
1058,1240197,OV,3.314692,2.2836294174194336
1372,949090,OV,-3.270726,-0.42128920555114746
1622,1480364,OV,4.804122,4.678027153015137
1003,1240197,OV,-1.552601,-0.8056044578552246
1594,905968,OV,3.814182,3.6922354698181152
1927,1298365,OV,5.920001,5.40263032913208
1191,946360,OV,-5.294866,-4.347081661224365
1004,1299070,OV,-5.680986,-5.362147331237793
1200,905991,OV,1.808069,2.418220281600952
1855,946360,OV,6.73401,5.540101051330566
1058,1240129,OV,1.099814,1.8768340349197388
2047,1480362,OV,5.033572,4.565730094909668
1629,909753,OV,4.10649,4.624756336212158
1618,1480364,OV,3.923297,4.249634265899658
1941,1479988,OV,-4.323204,-4.35660982131958
1919,1298365,OV,1.984265,1.7229965925216675
1614,1479988,OV,5.505404,3.807011604309082
2106,1240200,OV,3.40855,3.696096181869507
1046,1240222,OV,1.290273,1.5823888778686523
1073,949090,OV,5.384937,4.469062328338623
1073,905959,OV,4.690067,6.351443767547607
1578,905969,OV,5.769263,5.913069725036621
1054,1298365,OV,2.657555,3.4698431491851807
1940,946360,OV,3.335142,3.7283005714416504
1190,946360,OV,1.614151,1.0327969789505005
1927,905969,OV,5.715669,6.13815975189209
1373,1240199,OV,7.194942,6.969142436981201
1073,909257,OV,3.188337,3.877389907836914
1560,1480362,OV,6.326376,5.4708356857299805
1622,909753,OV,3.210119,4.533046245574951
1910,1298365,OV,4.172967,3.2934069633483887
1022,949090,OV,-0.784643,-0.20070801675319672
1919,1480372,OV,2.763625,2.589022397994995
2096,905959,OV,5.650818,4.730438232421875
1011,1479987,OV,1.122759,3.728257894515991
1529,909257,OV,-1.492453,-0.7838330268859863
1168,911905,OV,4.117966,4.303399562835693
1259,909753,OV,6.575955,4.500067234039307
1011,1240198,OV,-0.917521,0.3018190264701843
1799,1240200,OV,2.564885,3.2731969356536865
1564,1480362,OV,6.136991,5.21458101272583
1930,1480372,OV,2.879869,2.087867259979248
1005,1480372,OV,4.627478,4.556732177734375
1011,946360,OV,-0.578024,0.3613276481628418
1928,1480364,OV,5.121905,4.679903030395508
1911,1480364,OV,-3.014792,-3.0458977222442627
1925,1240200,OV,6.286392,5.506633758544922
1010,946360,OV,3.622026,4.172805309295654
1553,909753,OV,3.765796,5.247519016265869
1997,911905,OV,4.566885,5.532097339630127
1004,905968,OV,-3.875169,-3.908895969390869
1003,1240129,OV,1.994484,0.4266677796840668
1089,1480372,OV,6.631862,5.101958274841309
1928,949090,OV,4.48937,4.979342460632324
1068,1240222,OV,0.456205,0.7066112756729126
1054,905959,OV,5.705969,5.129035949707031
1553,1240222,OV,-0.591197,1.5052911043167114
1372,910548,OV,2.385439,2.4453275203704834
1085,905990,OV,2.734884,3.7000699043273926
1933,911905,OV,7.897034,6.955711841583252
2109,905969,OV,5.199257,3.0450711250305176
1200,1240198,OV,3.404067,3.5077974796295166
1598,909753,OV,4.713191,4.331935882568359
1617,1479987,OV,2.019691,2.3782799243927
1239,1479988,OV,2.867153,2.831735610961914
2045,1240222,OV,5.638848,4.401302337646484
1928,1480362,OV,5.618466,5.869637489318848
1372,1240200,OV,-1.673085,-1.8840665817260742
1852,905990,OV,5.826703,6.01323938369751
1996,905959,OV,4.756486,5.158441066741943
1013,905990,OV,4.144057,5.047493934631348
1259,911905,OV,5.418868,5.985659599304199
1631,905933,OV,5.69568,5.115941524505615
1939,909257,OV,2.075373,3.142672061920166
2109,1479988,OV,2.936071,3.885180711746216
1022,905990,OV,1.524011,1.8465919494628906
1941,910548,OV,-1.699344,-4.733286380767822
1511,1479987,OV,-2.469422,-2.3346896171569824
1598,1240129,OV,6.03178,4.824763298034668
1997,1240198,OV,0.692473,0.43050527572631836
1909,1240200,OV,3.079671,2.41937255859375
1237,1480362,OV,5.77442,6.098958969116211
1593,1479987,OV,2.964836,2.87970232963562
1939,1480364,OV,5.240163,3.5848681926727295
1091,911905,OV,2.49453,3.184955596923828
1918,1298365,OV,1.735205,2.690448522567749
1003,905969,OV,0.809877,-0.720736563205719
1190,1240222,OV,1.361754,-3.901259422302246
1615,1240198,OV,5.047667,5.568423271179199
1627,905933,OV,3.486601,3.0417864322662354
1576,1480372,OV,3.873062,3.837247371673584
1928,1240200,OV,5.704275,4.63887357711792
1621,905933,OV,4.48346,5.25486421585083
1200,949090,OV,3.38552,3.1916003227233887
1912,910548,OV,2.082559,3.4985809326171875
1553,905969,OV,2.802933,4.038954257965088
1615,1298365,OV,5.473201,5.341720104217529
1916,905968,OV,-0.588999,-0.9220234155654907
1908,905991,OV,2.057944,2.8486757278442383
1559,1240200,OV,-0.572764,-1.8247456550598145
1909,905990,OV,2.360139,2.687805414199829
1051,1298365,OV,3.526156,2.58512282371521
1626,905990,OV,4.210259,3.074388027191162
1091,1299070,OV,3.07067,2.660980224609375
1622,1299070,OV,3.391283,3.3770954608917236
1373,910548,OV,5.906228,5.721518039703369
1928,946360,OV,5.262157,5.653584957122803
1634,905959,OV,6.798217,5.881998538970947
1010,905933,OV,3.066498,3.5458545684814453
1621,905991,OV,3.746254,4.020066261291504
1036,905969,OV,6.653642,5.577050685882568
1199,1240129,OV,4.086532,4.437910079956055
1561,910548,OV,1.719737,3.544332504272461
1060,1240200,OV,0.148907,-1.3523494005203247
1054,911905,OV,5.7487,4.676711082458496
1559,946360,OV,1.980765,-0.05837903916835785
1017,905990,OV,5.073723,5.223568916320801
1089,909753,OV,4.569711,4.906970024108887
1854,909753,OV,4.643729,5.575135231018066
1007,911905,OV,-3.112246,-1.763803243637085
1630,905959,OV,4.717283,4.555431365966797
1799,1240198,OV,5.655233,3.825989007949829
1564,1479987,OV,3.567291,3.080031394958496
1268,910548,OV,5.07047,4.684061527252197
2107,1240198,OV,6.084346,5.736197471618652
1853,1480364,OV,3.345373,4.714974880218506
1916,1240200,OV,4.323809,3.980933904647827
1913,1479987,OV,3.312055,4.621372699737549
1091,1480364,OV,1.746352,3.964773654937744
1372,909753,OV,-1.345398,-2.6464684009552
1091,905990,OV,3.828848,3.19822096824646
1003,909257,OV,-4.030601,-3.6983141899108887
1563,905990,OV,6.124992,6.472199440002441
1620,1480362,OV,6.182016,6.287145137786865
1013,1480364,OV,5.338965,5.360836505889893
1057,1479987,OV,-3.56687,-3.0510759353637695
1073,1299070,OV,5.302454,4.438929080963135
1013,905933,OV,4.756794,4.226222515106201
2044,910548,OV,5.754419,4.215817928314209
1912,1479987,OV,2.531172,2.8291170597076416
2111,946360,OV,5.25914,5.381411552429199
1200,1298365,OV,4.043064,3.254267930984497
2044,905968,OV,3.156915,3.3204946517944336
2110,949090,OV,4.71994,5.111323833465576
1549,905990,OV,5.62426,4.852214336395264
1088,1240197,OV,3.76472,4.2494425773620605
1179,946360,OV,1.677788,1.3566604852676392
1549,911905,OV,4.850357,4.182283878326416
2046,911905,OV,5.159432,5.51132345199585
1080,1479988,OV,-1.66826,-0.8938491344451904
1561,1240197,OV,5.246386,3.9566948413848877
1168,905991,OV,1.714403,2.1952948570251465
2045,910548,OV,4.989847,5.3188347816467285
1631,905991,OV,3.038041,3.1654555797576904
1557,905969,OV,5.978892,5.9536967277526855
1855,1240200,OV,5.189478,5.3399977684021
1053,1240222,OV,3.046318,2.254774570465088
1598,1480364,OV,4.880351,4.847795486450195
1910,911905,OV,5.402121,4.924847602844238
1085,905969,OV,5.514017,4.406512260437012
1873,911905,OV,2.505562,2.456303119659424
1005,1240198,OV,3.984106,5.310000896453857
1088,911905,OV,5.433809,5.972268104553223
1997,905991,OV,3.234238,4.005104064941406
1007,909257,OV,-6.295953,-5.720452308654785
1012,1299070,OV,1.398752,1.1095104217529297
1179,1480362,OV,2.958191,2.614518642425537
1933,1479988,OV,5.151252,5.212186813354492
1007,1480362,OV,-2.306478,-2.9021360874176025
1629,911905,OV,6.788225,6.635510444641113
1922,905933,OV,1.851554,3.090131998062134
2111,1480372,OV,3.641611,5.684919357299805
1620,1298365,OV,5.972845,5.606912136077881
1249,909753,OV,5.551231,4.051692485809326
1915,1240200,OV,0.685527,-0.7048635482788086
1073,1240200,OV,5.42813,5.087370872497559
2046,909753,OV,4.334691,4.98056173324585
1941,1240200,OV,-5.581294,-5.094872951507568
1375,911905,OV,8.201131,7.611225605010986
2107,910548,OV,6.101773,5.838066577911377
1918,1480372,OV,3.795648,3.9336328506469727
1180,905933,OV,-1.506039,-2.4740242958068848
1919,1299070,OV,1.03263,1.8690212965011597
1933,905991,OV,3.626268,3.856257915496826
1593,1240198,OV,4.086013,3.0052220821380615
2110,946360,OV,6.348578,5.386712551116943
1083,905991,OV,3.553676,3.014482259750366
1180,1480372,OV,-1.413089,-1.0164073705673218
1930,1299070,OV,0.423109,-0.5840771198272705
1553,905968,OV,-1.120447,-1.2157857418060303
1916,1240197,OV,3.689431,4.327004909515381
1047,1240222,OV,2.413298,3.0660712718963623
1032,1299070,OV,2.184191,1.9994244575500488
1375,1480372,OV,6.419985,6.671272277832031
1549,1240129,OV,3.776019,4.94622802734375
1924,1240197,OV,5.013245,4.655693054199219
1200,910548,OV,2.453761,3.676431179046631
2043,1480372,OV,6.277146,6.234530925750732
1003,905990,OV,1.164653,-0.49850380420684814
2040,1240222,OV,0.737877,0.6487559080123901
2106,905969,OV,4.631744,4.038954257965088
1093,909753,OV,4.722679,4.82533597946167
1928,910548,OV,6.005459,5.428659915924072
1511,1480362,OV,1.05148,0.043653473258018494
1563,1240198,OV,6.077171,6.208984851837158
1916,1298365,OV,2.501712,3.377993106842041
1560,946360,OV,5.220397,4.976923942565918
1940,1240200,OV,2.456256,3.6243197917938232
1034,1299070,OV,-2.275031,-2.4884397983551025
1032,909753,OV,3.248505,3.1516129970550537
1199,1298365,OV,4.958022,4.062819957733154
1627,946360,OV,3.141652,3.6173458099365234
1631,1480362,OV,4.868633,5.3434224128723145
1564,905990,OV,4.103485,4.670306205749512
1940,949090,OV,1.313329,3.8671865463256836
1931,1240199,OV,8.24672,8.038627624511719
1615,1240200,OV,6.340414,5.825765132904053
1873,1240222,OV,1.867526,0.854479968547821
1013,1298365,OV,4.623024,4.673330783843994
1558,905991,OV,2.19379,2.706960678100586
1936,905969,OV,3.970038,4.136769771575928
1622,911905,OV,7.081433,6.421422481536865
1034,1240200,OV,-2.923658,-2.488814353942871
1373,1240198,OV,5.827037,5.107804775238037
1563,911905,OV,7.837026,7.491814613342285
1862,905969,OV,-0.880678,-1.283697247505188
1529,1240129,OV,3.92773,4.229387283325195
1563,1298365,OV,6.467126,5.886446475982666
1512,905969,OV,6.889457,6.635211944580078
1093,949090,OV,3.637521,4.770414352416992
1930,1240200,OV,1.144582,1.46158766746521
1560,1240200,OV,3.000388,3.538698434829712
1060,1240197,OV,-2.096842,-0.5956776142120361
1084,1240198,OV,-1.139541,-2.2655398845672607
1617,905968,OV,1.937608,1.2837414741516113
1179,909753,OV,1.726538,1.2392024993896484
1053,909257,OV,2.273961,2.6148836612701416
1239,1479987,OV,2.84651,2.387549877166748
1630,1480371,OV,5.680387,3.657785415649414
1913,1240197,OV,5.122153,5.2456560134887695
1047,909257,OV,4.927397,4.317112445831299
1559,1240197,OV,0.28236,1.0560736656188965
1268,905959,OV,5.754615,5.352132320404053
1576,1299070,OV,2.785551,2.39608097076416
1940,910548,OV,3.05371,3.953657865524292
1852,1480371,OV,5.827026,5.447329044342041
2096,1240199,OV,6.414445,5.328858852386475
1926,909753,OV,2.275515,0.9938107132911682
2106,1240129,OV,6.409427,3.1659457683563232
1010,909753,OV,4.794241,4.851012706756592
1191,905969,OV,-3.764232,-4.3775763511657715
1168,949090,OV,2.080909,3.3187923431396484
1057,1480372,OV,2.736355,-0.17812933027744293
1032,1240222,OV,0.725472,1.905916690826416
1924,1299070,OV,5.182234,3.80367112159729
1073,905990,OV,6.722217,6.3955607414245605
1248,1240129,OV,1.900038,-3.499530553817749
1564,911905,OV,3.237233,4.317959785461426
1004,1240199,OV,1.495453,1.3599059581756592
1191,1299070,OV,-3.843714,-5.040258407592773
1910,905990,OV,4.222634,2.203840494155884
1268,1298365,OV,3.69729,4.555760860443115
1909,1240129,OV,3.068574,2.5986132621765137
1561,1298365,OV,1.579956,2.787581205368042
1855,1299070,OV,3.010878,3.757824420928955
2048,1479987,OV,-3.747437,-3.0036206245422363
1622,1479988,OV,5.72235,5.1017937660217285
1046,1240199,OV,6.70627,5.8118486404418945
1249,1480362,OV,5.753589,5.4139723777771
2043,1240197,OV,5.489844,5.6746015548706055
1239,905969,OV,4.056408,4.144921779632568
1058,1480372,OV,3.161486,2.073596715927124
1013,1299070,OV,3.794938,3.7245771884918213
1190,905959,OV,1.974241,2.6473138332366943
2045,1240129,OV,6.245945,5.124213695526123
1625,946360,OV,4.682678,5.852348804473877
1529,1240200,OV,4.614335,3.572179079055786
1004,1480372,OV,-2.673151,-1.4387834072113037
1557,905968,OV,5.265064,3.873602867126465
1613,905968,OV,1.113008,1.9475106000900269
1626,1240198,OV,2.872203,3.980471611022949
1917,905990,OV,4.209858,3.7291600704193115
1912,1480362,OV,3.620128,4.03941011428833
1630,1480364,OV,4.450423,4.112308502197266
1560,1240129,OV,4.68513,4.555540561676025
1017,905991,OV,3.062811,3.579892635345459
1034,1240129,OV,-1.961237,-2.9573206901550293
1036,1240199,OV,6.968691,7.1838059425354
1862,1480362,OV,-1.688937,-1.5393071174621582
1268,946360,OV,4.302868,4.842029094696045
1873,1480362,OV,2.921493,1.995402455329895
1259,905968,OV,0.771436,1.5881487131118774
1036,905968,OV,3.23288,2.6401963233947754
1068,1480371,OV,-0.458108,1.0869685411453247
1047,909753,OV,7.06672,6.692367076873779
1939,1479987,OV,2.078499,3.830216884613037
1930,911905,OV,3.262609,2.841826915740967
1631,1480364,OV,4.07226,4.084994316101074
1618,909753,OV,3.884549,4.4476847648620605
1912,1240222,OV,0.158708,1.7137110233306885
2045,911905,OV,5.786232,6.425830841064453
1873,1480364,OV,0.990928,1.2120659351348877
1510,1480371,OV,4.177725,3.717899799346924
1939,1240198,OV,2.480066,3.5509889125823975
1560,1479988,OV,5.231338,5.028475284576416
1626,905959,OV,3.07859,3.6803712844848633
1373,1240197,OV,-0.251105,5.2158637046813965
1549,909753,OV,5.752084,5.484195709228516
1635,905990,OV,6.244051,5.833927631378174
1578,1240198,OV,5.618003,5.50565767288208
1079,946360,OV,2.396637,1.593105435371399
1046,1240200,OV,3.451082,3.1518211364746094
1931,1480362,OV,6.535696,6.438790321350098
1529,1240199,OV,7.966157,4.930168628692627
1512,1299070,OV,5.18049,4.72031307220459
1060,1480362,OV,3.141052,3.0860888957977295
1939,946360,OV,1.924577,2.5076606273651123
1529,905959,OV,4.919384,3.358200788497925
1057,1299070,OV,-2.233003,-2.1915149688720703
1915,1480362,OV,3.901466,4.396041393280029
1939,1479988,OV,4.754524,2.998819351196289
1915,905969,OV,3.189633,3.5808615684509277
2047,905969,OV,1.953933,2.468717336654663
1919,1240200,OV,-0.093436,-1.4124560356140137
2045,1240197,OV,6.546436,5.7387847900390625
1191,949090,OV,-5.50532,-3.8717665672302246
1047,1479987,OV,1.7954,2.0126047134399414
1239,905991,OV,1.467682,1.4332351684570312
1997,905968,OV,3.283108,5.669376850128174
2109,905968,OV,0.490684,1.3730597496032715
1191,1240197,OV,-4.573595,-3.9762377738952637
1873,949090,OV,1.200988,1.5074708461761475
2107,1480364,OV,5.94889,6.102415084838867
1786,910548,OV,2.23349,2.976520299911499
1237,1479987,OV,4.849356,4.934505939483643
1855,910548,OV,5.01357,5.576019287109375
1911,1479987,OV,-6.014787,-5.7206501960754395
1054,1480364,OV,4.622565,5.027864933013916
2107,905969,OV,6.933886,6.255181312561035
1200,946360,OV,3.193384,3.621330738067627
1615,905959,OV,7.101389,6.469728946685791
1617,909753,OV,2.824527,4.993456840515137
2040,909753,OV,1.616146,0.904353141784668
1559,1240198,OV,-2.263319,-0.2881793975830078
1510,1480364,OV,6.392926,4.86077880859375
1908,911905,OV,3.70857,4.397150039672852
1373,905959,OV,5.481711,6.31634521484375
1012,1240200,OV,2.192226,1.832252860069275
1940,1480372,OV,3.507034,4.725927829742432
1051,1479987,OV,0.018392,1.3905969858169556
1624,1240222,OV,3.633736,2.8066160678863525
2044,905969,OV,4.083665,4.510372161865234
1922,1479987,OV,1.705938,1.3218305110931396
1786,1240129,OV,3.713024,3.0543744564056396
1909,1480364,OV,2.215975,2.4112446308135986
1913,911905,OV,7.080543,6.5088653564453125
1911,1240129,OV,-2.739693,-3.2201685905456543
1259,1240222,OV,3.314395,1.2387962341308594
1873,1240129,OV,1.925496,1.6686228513717651
1908,1240198,OV,3.676821,3.2957823276519775
2048,909257,OV,-5.114662,-4.460529327392578
1627,909753,OV,4.2488,3.678145170211792
1559,905990,OV,1.216365,1.0342271327972412
1006,949090,OV,2.865598,1.4052488803863525
1635,905991,OV,4.357805,4.696859359741211
1576,1298365,OV,3.840889,3.2759134769439697
1936,905990,OV,3.034677,2.705418825149536
1004,1240198,OV,-1.646396,-0.7826021909713745
1047,1298365,OV,2.906277,4.855546951293945
1621,1480362,OV,5.653432,6.181041240692139
2044,1299070,OV,2.781701,3.052891731262207
1054,1240199,OV,4.914313,5.317923069000244
1927,905933,OV,5.404366,5.10709285736084
1854,1298365,OV,3.918717,5.101517677307129
1068,905990,OV,2.838027,2.3716211318969727
1003,946360,OV,-2.225776,-2.0805675983428955
1089,1240222,OV,1.691753,2.8472084999084473
1915,1479988,OV,4.456,3.1966326236724854
1855,1480364,OV,5.919363,5.59957218170166
1614,1479987,OV,2.80796,2.815156936645508
1131,905968,OV,3.559883,3.5755698680877686
1922,1240200,OV,3.263279,1.5205398797988892
1199,910548,OV,4.075446,4.400264739990234
1053,1240197,OV,3.821319,4.591496467590332
1088,1480372,OV,4.095254,3.4474382400512695
1036,1479988,OV,5.596209,3.0769479274749756
1011,909257,OV,3.416674,3.256005048751831
1017,1480362,OV,5.287669,5.532669544219971
1268,905968,OV,2.720174,3.446913480758667
1558,1298365,OV,2.787289,3.170954942703247
1007,946360,OV,-3.47803,-3.237494468688965
1553,1480362,OV,6.359145,5.183802127838135
1511,1480364,OV,2.414665,0.4938831329345703
1849,1479988,OV,-0.438291,0.4155607521533966
1180,946360,OV,-0.662125,-1.72861647605896
1507,905933,OV,5.259821,5.059399604797363
1190,1240199,OV,6.713609,3.7340714931488037
1058,1480362,OV,2.496638,3.187016010284424
1909,1480362,OV,4.189076,3.4103381633758545
1079,905969,OV,-0.87638,0.021702200174331665
1918,1240222,OV,3.059211,2.1413536071777344
1625,1479988,OV,6.42578,5.611505031585693
1924,910548,OV,3.884271,4.286195278167725
1511,905991,OV,-1.629897,-2.2909955978393555
1563,1240222,OV,5.5941,5.579808712005615
1618,905969,OV,6.590694,4.494897842407227
1179,1240199,OV,3.468912,3.2248892784118652
1073,910548,OV,6.977839,5.554651737213135
1561,1480372,OV,2.363233,2.7792060375213623
1853,1480371,OV,2.202884,2.790532350540161
1919,905968,OV,-0.637326,-0.8780299425125122
2111,1480362,OV,6.579213,5.94588041305542
1786,905933,OV,3.016724,2.856468439102173
1237,1240129,OV,6.602961,5.848288536071777
2107,905959,OV,7.348172,6.63888692855835
1849,1480371,OV,-2.291151,-1.1501264572143555
2045,905991,OV,3.951145,4.454763412475586
1909,1240222,OV,3.408311,2.303948402404785
1088,910548,OV,2.168846,3.0036444664001465
1372,1479987,OV,1.887658,0.4037089943885803
1507,946360,OV,5.906541,5.459432125091553
1191,1479988,OV,-3.933187,-4.739457607269287
1578,1480372,OV,5.712374,5.964046955108643
1925,949090,OV,6.141531,5.528774738311768
1925,905990,OV,5.758261,5.376351356506348
1940,1240198,OV,3.283678,3.617243528366089
1624,1480364,OV,1.964924,3.395237445831299
2044,905991,OV,3.310078,2.5325706005096436
1529,1240197,OV,0.950317,2.4780540466308594
1250,1240200,OV,1.59969,3.345029592514038
1549,1240198,OV,3.654886,2.539224624633789
1259,905933,OV,3.507704,3.532576084136963
1032,949090,OV,1.774901,2.3138411045074463
1908,1240199,OV,4.687483,5.252551078796387
1054,1240198,OV,6.176276,4.664080619812012
1091,949090,OV,1.97589,2.0521087646484375
1553,1479988,OV,5.82745,3.6115262508392334
1511,909753,OV,1.063229,1.1363141536712646
1561,909753,OV,3.723829,3.190448760986328
1179,1479987,OV,-0.244325,-0.41595733165740967
1177,911905,OV,7.157148,6.156755447387695
1084,949090,OV,-2.956423,-1.1529637575149536
1199,905968,OV,2.709696,2.63639497756958
1250,905933,OV,4.144022,3.0751917362213135
1259,1240200,OV,3.797879,4.640249729156494
1093,1298365,OV,5.862239,5.064685344696045
1617,1480371,OV,2.285772,2.284174680709839
1576,1479988,OV,4.028036,3.702742576599121
1996,946360,OV,3.725613,4.613309860229492
1080,905991,OV,-4.874886,-4.023972511291504
1908,1480362,OV,6.629058,4.565730094909668
1618,905933,OV,4.345666,4.386900901794434
1926,1240198,OV,0.890817,0.0727766752243042
1237,1240200,OV,5.957208,6.14854097366333
2109,1480372,OV,3.16752,3.4480857849121094
1996,949090,OV,5.209655,4.527165412902832
1927,909753,OV,5.515105,6.224555492401123
1613,1298365,OV,1.259786,4.008403301239014
1017,905959,OV,6.260071,6.149367809295654
1060,905933,OV,2.237132,1.839887022972107
1200,1240129,OV,4.193368,3.792602300643921
1250,1480362,OV,4.196413,3.669088840484619
1022,1480362,OV,1.790321,1.4076987504959106
1060,949090,OV,-1.283943,0.17840778827667236
1932,1240200,OV,5.414418,3.1064023971557617
1618,1479987,OV,3.327804,2.937730550765991
1068,911905,OV,3.434333,2.5115978717803955
1089,1480364,OV,5.963237,5.511074066162109
1786,949090,OV,1.960494,3.997555732727051
1922,905990,OV,2.634933,4.320631504058838
1375,1240198,OV,6.575579,6.6316447257995605
1626,1298365,OV,3.052823,3.5609195232391357
2045,949090,OV,5.219382,5.31716251373291
1931,905959,OV,6.98703,6.816526889801025
1051,909753,OV,3.884478,3.1413636207580566
1179,1479988,OV,0.813569,1.3041276931762695
1068,1299070,OV,0.930466,0.779461681842804
1915,905990,OV,3.986322,2.9899284839630127
1615,905933,OV,5.865437,5.5486650466918945
1032,1479987,OV,1.149417,1.4754643440246582
1375,1240197,OV,7.27593,7.146518230438232
1917,1299070,OV,1.91728,1.2966312170028687
1618,1480362,OV,6.325316,5.070878028869629
1091,1240199,OV,3.562956,3.8134706020355225
1084,1480362,OV,0.432882,-0.8688079118728638
1924,905969,OV,4.012824,4.074877738952637
1200,905969,OV,4.622782,3.7801284790039062
1940,905991,OV,3.294134,3.420809745788574
1925,905991,OV,4.912478,4.559283256530762
2048,1240222,OV,-2.91219,-3.9592599868774414
1631,1479988,OV,5.211921,3.6802496910095215
1239,1240200,OV,3.287772,3.779783010482788
1053,1480364,OV,4.033714,4.076688289642334
1629,1480371,OV,3.476884,3.798166275024414
1237,1240199,OV,6.751222,7.768376350402832
2048,1298365,OV,-0.013617,-1.0437207221984863
1079,909753,OV,1.264202,2.0203020572662354
1913,1240200,OV,5.523161,5.366302013397217
1003,1240222,OV,-1.840369,-3.3650362491607666
1250,905990,OV,5.355946,4.752925872802734
1131,1240198,OV,3.26994,4.507469654083252
1635,1480372,OV,5.864852,6.298800945281982
1372,1299070,OV,-0.149866,1.4484212398529053
1004,1298365,OV,-1.913823,-1.973280906677246
1034,905968,OV,-4.20034,-5.020719528198242
2110,1480362,OV,5.618771,5.752767086029053
1053,946360,OV,4.168636,4.682314395904541
1852,911905,OV,7.394512,7.047662258148193
1051,905959,OV,5.340442,4.238811016082764
1930,1479987,OV,-0.155941,0.03477734327316284
1862,1240199,OV,1.211392,1.1307801008224487
1912,905990,OV,5.108246,3.851447105407715
1237,909753,OV,5.900317,6.355259418487549
1621,905968,OV,3.532309,3.274991273880005
1013,1240222,OV,4.451921,2.7223517894744873
1168,1240199,OV,2.719978,2.9038429260253906
2106,1479987,OV,2.742614,2.9496829509735107
1933,1240198,OV,5.505864,4.587109088897705
1068,905969,OV,1.97466,2.1361570358276367
1051,1240200,OV,5.430237,3.6632442474365234
1598,1480372,OV,5.54478,5.271317481994629
1855,1298365,OV,6.115426,5.397517681121826
1564,909257,OV,2.656784,2.6445212364196777
1051,1480371,OV,2.297721,0.9567893743515015
1561,1479987,OV,1.86231,1.7956254482269287
1910,949090,OV,2.026491,3.1567840576171875
1091,1479987,OV,1.952089,1.6363914012908936
1168,905959,OV,2.568727,2.9825944900512695
1089,1480371,OV,1.944082,3.986794948577881
1057,905968,OV,-3.5086,-3.5233306884765625
1022,905991,OV,-1.219591,-0.5862237811088562
1034,905959,OV,-2.434724,-1.8023386001586914
1375,909753,OV,6.65331,7.418644905090332
2044,1240200,OV,4.417423,4.656891822814941
1022,911905,OV,0.822533,1.5897489786148071
1068,1240198,OV,1.396305,2.011577606201172
1631,910548,OV,3.191688,4.774437427520752
1996,1480372,OV,4.833189,5.227370738983154
1199,1480362,OV,4.590906,4.99015998840332
2106,909753,OV,4.631544,5.247519016265869
1918,1240199,OV,4.591389,4.786725997924805
1553,905991,OV,4.291155,2.768543243408203
1915,1299070,OV,1.97091,2.4757144451141357
2048,1479988,OV,-3.554924,-2.453829288482666
1910,1240198,OV,0.645608,0.9939525723457336
1089,946360,OV,5.098778,5.047275543212891
1578,1479987,OV,4.572247,5.2205729484558105
1191,905959,OV,-3.592172,-3.6598544120788574
1593,1299070,OV,3.363486,3.0118966102600098
1931,946360,OV,6.387738,6.245652675628662
1012,1298365,OV,2.451443,2.5723183155059814
1913,905959,OV,5.551955,5.9186692237854
2107,1480362,OV,6.168394,6.284278869628906
1617,905990,OV,0.306227,5.412519454956055
1618,1240222,OV,2.83383,3.2273128032684326
1049,1479988,OV,5.271559,4.926894187927246
1862,1479987,OV,-1.321746,-2.0220351219177246
1873,909257,OV,0.76695,0.7998915314674377
1908,1240222,OV,2.757293,3.2077255249023438
1849,946360,OV,-0.469681,-0.047367408871650696
1916,1240129,OV,3.604102,3.188257932662964
1512,905991,OV,4.984436,4.7074384689331055
1006,905991,OV,-1.413968,1.2390775680541992
1011,905933,OV,2.078205,2.4823360443115234
1088,1479987,OV,1.534723,1.3360108137130737
1089,905991,OV,2.914092,3.1805505752563477
1199,1297446,ALL,2.235154,2.4742846488952637
1908,907272,ALL,2.035699,1.425287127494812
1046,907789,ALL,0.497733,0.23869921267032623
1268,906763,ALL,4.434183,3.3125741481781006
1036,909260,ALL,3.854228,4.004016876220703
1557,906877,ALL,5.582822,4.549077987670898
1010,910687,ALL,2.686147,2.6102380752563477
1507,907277,ALL,4.229559,3.973327159881592
1919,949153,ALL,0.828124,0.9809669852256775
2044,909251,ALL,1.886607,1.4870365858078003
1617,908147,ALL,0.88952,-0.43908119201660156
1615,909743,ALL,5.028042,3.954908609390259
2044,949153,ALL,2.261694,2.2690765857696533
1004,1247871,ALL,-4.641164,-4.923708438873291
1003,909702,ALL,-5.308849,-4.968217372894287
1852,905958,ALL,4.88998,4.543821334838867
1507,909251,ALL,4.019283,3.819902181625366
1093,1295740,ALL,2.407209,3.7128818035125732
1598,907789,ALL,3.048632,3.206380844116211
1915,907789,ALL,1.857947,1.9367234706878662
1561,906763,ALL,4.285425,2.2627618312835693
1613,909260,ALL,1.909435,2.0905425548553467
1939,907789,ALL,2.174119,1.987625241279602
1996,1297446,ALL,2.850389,2.901467800140381
1917,949153,ALL,-0.11939,-0.08092005550861359
1557,909743,ALL,5.306215,4.405157089233398
1931,908146,ALL,4.084315,3.9257376194000244
1049,1295740,ALL,2.536924,2.89213228225708
1614,905952,ALL,2.649238,2.530313730239868
1191,909743,ALL,-4.081763,-4.781365871429443
1046,946358,ALL,0.741305,-0.034976884722709656
1373,998184,ALL,2.773263,3.4526195526123047
1199,907787,ALL,1.212485,2.243889570236206
1088,910687,ALL,0.543233,0.2299717217683792
1559,906763,ALL,-3.669118,-3.7667670249938965
1034,909260,ALL,-3.77788,-3.217022657394409
1179,905952,ALL,-1.659536,-1.6449661254882812
1786,907277,ALL,1.452241,1.2837222814559937
1911,909702,ALL,-5.937728,-6.952023029327393
1852,907787,ALL,4.565555,3.9965171813964844
1932,909702,ALL,0.893581,1.342870831489563
1558,909252,ALL,2.978655,2.1524975299835205
1614,909743,ALL,2.270194,2.9673876762390137
1057,910687,ALL,-2.514368,-2.568817377090454
1913,906877,ALL,5.085948,3.8781044483184814
1011,998184,ALL,0.731374,-1.5773866176605225
1915,908146,ALL,2.556903,2.087672710418701
1073,946358,ALL,0.759572,0.4400319457054138
1613,1247871,ALL,2.486153,1.669822335243225
1927,1295740,ALL,4.604651,4.552103042602539
1084,909702,ALL,-3.088979,-3.8195834159851074
1007,906877,ALL,-5.48178,-5.227646827697754
2107,1247871,ALL,4.575832,4.644621849060059
1013,910687,ALL,2.605079,2.048231601715088
1941,906763,ALL,-4.908706,-2.1477222442626953
1911,908146,ALL,-4.384182,-5.8746337890625
1068,905952,ALL,0.577395,0.8823464512825012
1931,905958,ALL,4.67467,3.8869903087615967
1068,909260,ALL,1.148593,1.336167335510254
1047,909252,ALL,1.706794,4.378321647644043
1191,909252,ALL,-4.648299,-5.1831841468811035
1006,906877,ALL,-1.464019,-0.7932312488555908
1003,906877,ALL,-3.89463,-3.603816270828247
2044,1247871,ALL,2.567737,2.559553384780884
1248,907789,ALL,-6.78229,-7.079934120178223
1199,908146,ALL,2.155135,2.645291566848755
2046,906877,ALL,1.171488,1.8354346752166748
1013,909703,ALL,1.168496,2.0048606395721436
1598,1297446,ALL,3.181974,2.9710352420806885
1089,910944,ALL,2.692521,0.7077520489692688
1912,909260,ALL,1.475168,0.3754516839981079
1073,910687,ALL,0.07437,3.257659435272217
1786,909260,ALL,1.824847,2.514134645462036
1553,907787,ALL,4.200997,2.262576103210449
1180,998184,ALL,-4.080421,-3.254532814025879
1941,949153,ALL,0.334285,-5.479457378387451
1034,910687,ALL,-5.298814,-3.854158401489258
2043,949153,ALL,4.425678,4.198071002960205
1564,909703,ALL,4.021662,2.5652828216552734
1003,909260,ALL,-4.327046,-3.10565447807312
1615,906763,ALL,3.803048,3.5029547214508057
1873,905952,ALL,0.504024,0.08355987071990967
1629,1295740,ALL,4.068749,3.9031460285186768
1598,905952,ALL,2.907863,2.951488971710205
1598,909260,ALL,4.150866,3.1427247524261475
1007,906763,ALL,-5.761845,-5.445450305938721
1057,909702,ALL,-3.160719,-3.602086067199707
2044,907272,ALL,2.443896,2.735935688018799
1910,907787,ALL,-4.793152,-4.625532150268555
1191,909703,ALL,-6.440334,-5.907095432281494
1073,909703,ALL,2.635983,3.0078654289245605
1912,908146,ALL,2.557698,2.6021029949188232
2096,906763,ALL,2.053185,2.015181064605713
1012,905952,ALL,-0.0505,-0.06584848463535309
1004,907272,ALL,-5.690773,-5.141366481781006
2044,909743,ALL,1.625438,2.319092035293579
1373,907787,ALL,1.786892,3.2102866172790527
1007,909703,ALL,-5.395823,-5.475964069366455
1553,907789,ALL,-0.820686,-0.4277763366699219
1618,909260,ALL,3.387027,3.3352441787719727
1003,907787,ALL,-4.801399,-4.990890979766846
1049,909260,ALL,2.997094,3.270761013031006
1854,909260,ALL,4.882036,4.137806415557861
1922,909702,ALL,0.789787,1.42009437084198
1060,946358,ALL,-0.237878,-0.25848615169525146
1068,905958,ALL,0.478684,1.5796325206756592
1012,907787,ALL,0.010432,0.05533550679683685
1093,909251,ALL,2.252707,2.2184340953826904
1091,909703,ALL,1.487257,1.823490023612976
1200,946358,ALL,2.024318,2.198967933654785
1191,905952,ALL,-6.395993,-6.043137073516846
1259,908146,ALL,2.574047,1.2216671705245972
1855,908146,ALL,2.230222,2.421562910079956
1927,908146,ALL,2.92777,4.098842144012451
1939,910944,ALL,2.131242,2.0049796104431152
1180,907272,ALL,-3.459156,-3.954035758972168
1200,908147,ALL,1.643749,1.8919997215270996
1091,909702,ALL,0.528604,1.7116775512695312
1036,998184,ALL,2.31352,3.308694362640381
1873,909260,ALL,0.662282,0.39032185077667236
1918,998184,ALL,1.072244,1.7662357091903687
2044,910687,ALL,1.966369,2.6269302368164062
1010,907787,ALL,2.888651,2.81660532951355
1089,1295740,ALL,1.730961,2.1096527576446533
1786,908147,ALL,0.976836,1.358870506286621
1922,908147,ALL,1.768497,1.6929051876068115
1563,906763,ALL,4.566373,4.238801956176758
1557,908146,ALL,3.101793,3.9614951610565186
1996,910944,ALL,3.0353,2.4881699085235596
1049,909702,ALL,1.711039,2.2375879287719727
1068,909743,ALL,0.885736,0.7948827743530273
1625,909743,ALL,4.070152,3.8563718795776367
1558,1247871,ALL,2.530889,2.107452392578125
1200,907277,ALL,1.996452,1.4996846914291382
1557,909251,ALL,4.041107,3.5523672103881836
1268,906877,ALL,5.046349,4.410015106201172
1917,908147,ALL,-0.830163,-0.6145429611206055
1010,906877,ALL,3.755411,3.3789782524108887
1919,909260,ALL,1.13988,2.181274175643921
1625,907277,ALL,3.363403,3.5420491695404053
1034,907272,ALL,-4.194293,-3.5592799186706543
1598,907272,ALL,2.797699,3.2362027168273926
1917,907789,ALL,-0.032165,0.38682326674461365
1624,909251,ALL,0.611744,1.485400676727295
1085,906763,ALL,1.358247,1.5894644260406494
1058,1297446,ALL,3.024445,3.251044750213623
1200,906877,ALL,2.849249,2.83612060546875
1912,1247871,ALL,2.971024,2.2397704124450684
1046,909702,ALL,0.240407,-0.2879462242126465
2040,905958,ALL,-0.856972,0.8698195219039917
1249,909703,ALL,1.99583,2.210146903991699
1918,910944,ALL,3.328377,2.799722909927368
1915,909703,ALL,2.22036,2.1604044437408447
1373,1295740,ALL,2.767618,3.23226261138916
1910,908147,ALL,-1.285417,-0.2990783452987671
1180,905952,ALL,-3.931422,-4.074824810028076
1507,909252,ALL,4.130949,3.8302597999572754
1249,906877,ALL,2.345606,2.3495121002197266
1053,909703,ALL,1.715532,2.3612208366394043
1617,908146,ALL,0.765641,-1.7248859405517578
1854,910687,ALL,3.66837,3.814743757247925
1911,910687,ALL,-6.088383,-6.315540313720703
1564,906877,ALL,5.245776,3.921049118041992
1560,907277,ALL,2.315102,1.5589011907577515
1564,907272,ALL,3.196172,2.893639326095581
1919,910687,ALL,1.641368,1.1563462018966675
1190,909260,ALL,-3.137358,-3.1066675186157227
1913,908147,ALL,3.844562,3.2782580852508545
1933,909743,ALL,3.921537,3.314560890197754
1003,907272,ALL,-1.79544,-2.069622755050659
1073,908147,ALL,1.928842,2.3540287017822266
1179,1247871,ALL,-0.231534,-0.38867491483688354
1561,909743,ALL,1.114474,0.4680156707763672
1529,906877,ALL,0.567963,-0.5840186476707458
1911,1247871,ALL,-7.831445,-6.946787357330322
1854,909252,ALL,3.177061,4.213470458984375
1930,908147,ALL,-1.12418,-0.7625728845596313
1034,1247871,ALL,-3.676418,-4.009125232696533
1199,1247871,ALL,3.520196,3.430722951889038
2110,907787,ALL,3.684838,4.198554515838623
1620,1297446,ALL,4.281538,4.053411483764648
1073,908146,ALL,4.843377,4.248741626739502
1553,909703,ALL,2.125627,1.9607967138290405
2047,907787,ALL,2.798143,2.2596542835235596
1626,910944,ALL,1.02367,-0.4857819080352783
1046,910687,ALL,-0.720651,-0.13068683445453644
1939,949153,ALL,2.167854,2.2550065517425537
1925,905958,ALL,4.262706,4.169643402099609
1627,905958,ALL,2.611596,2.6424779891967773
1510,908146,ALL,3.025397,3.11873197555542
1007,909252,ALL,-5.201289,-5.271825313568115
1634,910944,ALL,2.13368,2.682006597518921
1622,907272,ALL,2.850969,3.178647041320801
1511,949153,ALL,-1.344977,-3.3484249114990234
1372,909702,ALL,1.834889,0.8394050598144531
1622,909260,ALL,3.650153,3.851457118988037
1997,908146,ALL,0.311474,-1.3534340858459473
1928,909260,ALL,2.80815,2.99320912361145
1629,906763,ALL,2.511945,3.2051706314086914
1248,909743,ALL,-6.452635,-7.320563793182373
1131,907787,ALL,1.975731,3.0406413078308105
1932,906763,ALL,1.27659,1.604318380355835
2111,1297446,ALL,1.362771,1.9717203378677368
1032,1297446,ALL,0.973967,1.1046775579452515
1564,910944,ALL,2.150726,1.7302004098892212
2045,1295740,ALL,4.754661,3.75486159324646
1563,910687,ALL,4.161351,4.304734706878662
1073,1247871,ALL,2.205286,2.074641227722168
1614,909703,ALL,2.624175,3.2189338207244873
1620,909260,ALL,4.959943,4.922369480133057
2107,907789,ALL,4.081252,4.0437235832214355
1852,910944,ALL,4.207535,3.9808404445648193
1996,910687,ALL,2.65886,2.4261505603790283
1079,906877,ALL,0.581451,0.6739748120307922
1916,905958,ALL,1.901681,2.0953211784362793
2111,908147,ALL,0.435304,1.255005121231079
1915,998184,ALL,2.058917,2.0126538276672363
2107,905958,ALL,3.453268,4.404641628265381
1799,909251,ALL,3.429939,3.8601372241973877
1248,905958,ALL,-5.610056,-8.495613098144531
1926,1297446,ALL,2.012946,2.189786195755005
1924,906763,ALL,3.883828,2.669245719909668
1268,1295740,ALL,3.740833,3.719844341278076
1559,949153,ALL,-3.633849,-3.519127130508423
1190,907277,ALL,-4.80849,-5.138360500335693
1057,1247871,ALL,-2.104427,-1.3306164741516113
1911,1295740,ALL,-5.689149,-6.231043338775635
2048,907272,ALL,-4.690892,-4.658820152282715
1634,906763,ALL,1.620016,2.977766513824463
1049,906763,ALL,1.880482,2.9183411598205566
1191,906763,ALL,-6.951515,-5.849961757659912
1249,905952,ALL,1.905694,2.0824763774871826
1627,910687,ALL,1.887895,1.5887205600738525
1010,909702,ALL,2.779443,2.4674572944641113
1529,905952,ALL,-1.113006,-1.2963533401489258
2045,910687,ALL,3.572418,3.306962013244629
2048,910687,ALL,-6.471144,-5.342046737670898
1268,905952,ALL,3.960133,3.4751572608947754
1930,909251,ALL,-1.052928,-0.9064012765884399
1053,910687,ALL,0.955415,1.755110263824463
1621,906763,ALL,1.999563,2.2889702320098877
1022,946358,ALL,-1.266688,-1.5509922504425049
1924,946358,ALL,3.930581,3.4458000659942627
2046,907787,ALL,0.812952,1.7696826457977295
1561,907272,ALL,0.956312,0.6617031097412109
1088,1295740,ALL,0.149639,0.2805114686489105
1237,907277,ALL,3.649766,4.083709716796875
1511,909743,ALL,-1.869381,-1.891700267791748
2111,998184,ALL,2.406139,1.7392377853393555
1004,910944,ALL,-6.136222,-6.320584774017334
1622,905958,ALL,3.869664,3.595430374145508
1854,1247871,ALL,4.30806,4.423828125
1553,908147,ALL,-0.038808,0.3812780976295471
1855,909251,ALL,2.656158,2.00175404548645
1200,949153,ALL,1.916462,2.1943349838256836
1862,909260,ALL,-2.29731,-1.2557929754257202
1854,1297446,ALL,3.614293,3.511338233947754
1034,907787,ALL,-4.255214,-3.743957996368408
1916,907277,ALL,-1.800673,0.18416239321231842
1620,909743,ALL,5.300717,4.612584114074707
1017,907789,ALL,3.646564,3.770738124847412
1088,909743,ALL,-0.196583,0.7295393943786621
1005,906763,ALL,3.035955,1.483963966369629
1620,908146,ALL,4.497572,4.23652982711792
1017,946358,ALL,3.226147,3.491422176361084
1131,907789,ALL,1.767995,2.018596649169922
1910,907789,ALL,-3.135266,-0.6529834866523743
1079,909702,ALL,1.146809,1.536515474319458
1563,910944,ALL,3.734702,3.8549702167510986
1558,909251,ALL,1.514566,1.0027310848236084
1259,910944,ALL,-0.634684,0.4767231345176697
1912,905952,ALL,0.456217,-0.1812254935503006
1049,909743,ALL,4.11848,3.434304714202881
1854,905958,ALL,4.172319,3.371953248977661
1060,909702,ALL,0.878048,0.05013449490070343
1507,905952,ALL,4.133245,3.8490216732025146
2043,908147,ALL,3.130705,3.8707737922668457
1190,908147,ALL,-4.676984,-5.795716762542725
1563,907789,ALL,4.630802,4.400208473205566
1557,909260,ALL,4.882544,4.630032539367676
1248,946358,ALL,-5.41333,-5.281835079193115
1940,907277,ALL,2.140856,2.543480157852173
1916,949153,ALL,1.895345,1.1926827430725098
1862,1295740,ALL,-1.139211,-2.325286388397217
1928,905958,ALL,3.848578,3.3750417232513428
1615,906877,ALL,5.004982,4.145537376403809
1093,908147,ALL,2.468009,2.544804573059082
1927,908147,ALL,3.787646,3.441767454147339
1912,905958,ALL,0.510043,1.9853556156158447
1931,909702,ALL,1.815458,3.192586898803711
1941,906877,ALL,-5.906002,-5.54534912109375
1177,906763,ALL,2.408752,2.532552719116211
1996,1247871,ALL,3.743669,3.398642063140869
1093,908146,ALL,3.349456,3.5818488597869873
1909,1297446,ALL,1.044868,0.31536903977394104
1939,909702,ALL,2.266966,2.0341084003448486
1239,906763,ALL,-0.589431,0.4117540121078491
1635,998184,ALL,4.451463,4.289881706237793
1635,909743,ALL,5.085871,4.628835201263428
1941,946358,ALL,-4.277287,-5.034528732299805
1627,905952,ALL,1.579041,2.1176419258117676
1593,909743,ALL,1.001873,1.7697070837020874
1624,910944,ALL,1.64905,1.5183358192443848
1057,907789,ALL,-1.779924,-2.6904795169830322
1915,910687,ALL,2.198419,2.156346559524536
1997,907789,ALL,0.308385,-2.308779001235962
1013,906877,ALL,2.475335,1.6946836709976196
1036,908147,ALL,2.699959,3.484147310256958
1909,946358,ALL,1.787175,-0.546140730381012
1085,909703,ALL,1.538988,1.6309164762496948
2040,907272,ALL,-0.849601,-0.1878155618906021
1372,909703,ALL,1.186001,0.8458541035652161
1909,907789,ALL,-3.955219,1.3180451393127441
1940,909702,ALL,2.993368,2.616541862487793
2111,1247871,ALL,2.188345,0.9191775321960449
1614,1247871,ALL,4.071011,3.771242380142212
1626,1247871,ALL,1.201193,0.40731558203697205
1557,1297446,ALL,4.193582,3.9671823978424072
1006,909743,ALL,-4.394363,-2.0747530460357666
1191,909260,ALL,-5.906445,-4.938965320587158
1089,909703,ALL,0.776689,0.7121968865394592
1933,1247871,ALL,3.530592,1.78263258934021
1004,910687,ALL,-6.008187,-6.16105842590332
1047,908147,ALL,0.117297,1.9213430881500244
1622,908147,ALL,2.577042,2.758737325668335
1250,998184,ALL,0.02235,0.29117918014526367
1237,910944,ALL,3.25041,3.9886956214904785
1997,906877,ALL,3.230105,3.802445411682129
1939,907272,ALL,1.689404,1.9997262954711914
1003,909251,ALL,-5.035286,-5.072101593017578
1559,909251,ALL,-4.417958,-3.9723687171936035
1190,905958,ALL,-2.585897,-3.8888893127441406
1011,910687,ALL,-2.016558,-1.4188026189804077
1022,909252,ALL,-0.986794,-2.048854351043701
1088,906877,ALL,1.131586,1.2993342876434326
1200,1247871,ALL,2.487985,2.405804395675659
1924,909251,ALL,1.189733,0.6203485131263733
2045,909252,ALL,3.244997,3.124051332473755
2096,1297446,ALL,2.413169,2.1016972064971924
1093,910944,ALL,2.253091,2.9917752742767334
1925,1295740,ALL,4.604651,4.623321056365967
1862,910944,ALL,-1.673591,-1.9623231887817383
1932,909252,ALL,1.673661,1.7334904670715332
1630,908147,ALL,3.342408,2.2346019744873047
1620,910687,ALL,4.296059,4.16536808013916
1054,909703,ALL,0.47051,2.0114705562591553
1177,998184,ALL,2.762765,2.852301597595215
1852,998184,ALL,3.660707,4.305468559265137
1249,907272,ALL,2.035397,1.73272705078125
1558,908146,ALL,1.671858,1.9795149564743042
2047,908147,ALL,2.01813,1.6162304878234863
1918,1247871,ALL,3.286285,3.318455219268799
1634,1247871,ALL,3.489586,3.689539909362793
1614,905958,ALL,4.882269,3.928349733352661
2047,1297446,ALL,2.530226,1.8093476295471191
1924,998184,ALL,-1.462298,0.6027935743331909
1576,905952,ALL,1.811902,1.7149122953414917
1854,998184,ALL,2.504879,3.735887050628662
1007,909743,ALL,-4.771518,-5.030770301818848
1259,1297446,ALL,0.878779,0.8421050310134888
2048,909251,ALL,-5.687653,-5.883762359619141
2047,998184,ALL,2.832406,2.4266746044158936
1614,1295740,ALL,4.590244,3.165945053100586
1564,909702,ALL,1.372307,2.443861961364746
1013,909260,ALL,1.618214,2.0851593017578125
1557,905958,ALL,4.926954,4.490921974182129
1926,907277,ALL,-0.403125,-0.7253954410552979
1917,907277,ALL,-1.483569,-0.21789602935314178
1855,909260,ALL,2.528872,3.1384339332580566
1006,910944,ALL,-3.030358,-3.1856656074523926
1625,910687,ALL,4.296163,3.635516881942749
1058,946358,ALL,1.015914,1.5421245098114014
1131,909251,ALL,1.629478,2.688070297241211
1618,998184,ALL,2.865607,2.5947296619415283
2046,907272,ALL,2.010734,1.360210657119751
1922,1247871,ALL,2.743287,2.3360209465026855
1085,1297446,ALL,1.551556,1.8154114484786987
1622,909703,ALL,2.464628,3.4227001667022705
1618,909252,ALL,2.121848,2.9940240383148193
1079,946358,ALL,1.253625,0.3722996711730957
1248,906763,ALL,-6.193315,-7.5927629470825195
1931,998184,ALL,2.838956,3.476475715637207
1940,908146,ALL,2.005138,3.2089381217956543
1034,909703,ALL,-4.194622,-3.833914279937744
1237,909702,ALL,4.389877,3.9720613956451416
1091,949153,ALL,-0.641444,0.9068995714187622
1873,1247871,ALL,1.064364,1.1363807916641235
1613,910944,ALL,0.975815,1.3312339782714844
1259,909702,ALL,-0.302789,0.12828466296195984
1375,909703,ALL,3.670703,3.9572246074676514
1799,910944,ALL,2.249497,2.6148431301116943
1918,907787,ALL,4.478065,2.324235439300537
1084,910687,ALL,-3.633813,-3.505060911178589
1089,1297446,ALL,2.706859,3.2989134788513184
1005,910944,ALL,1.202318,0.5771937370300293
2110,908146,ALL,4.370944,3.6676063537597656
1073,998184,ALL,3.713686,3.6201462745666504
1635,907787,ALL,4.610325,4.436827182769775
1939,909743,ALL,3.12677,2.4269895553588867
1239,907272,ALL,0.070738,1.0540666580200195
1854,909703,ALL,3.533637,4.41940450668335
1576,908147,ALL,1.532593,1.7561836242675781
1013,907787,ALL,0.24648,1.874630331993103
1561,906877,ALL,0.640517,1.3201022148132324
1913,1247871,ALL,4.312262,3.8254780769348145
1620,909251,ALL,3.683778,3.735485076904297
1931,909251,ALL,0.799797,3.133164644241333
1036,1247871,ALL,4.753164,3.592893600463867
1553,998184,ALL,-0.232297,-0.11697204411029816
1918,907272,ALL,2.049674,2.792937994003296
1926,907272,ALL,0.507198,0.008274510502815247
1799,906763,ALL,2.369868,3.270367383956909
1913,909260,ALL,4.920595,4.105541229248047
1191,1295740,ALL,-5.599918,-5.855481147766113
2106,906877,ALL,0.809725,2.031737804412842
1507,906763,ALL,3.330328,3.597323417663574
1615,1247871,ALL,3.807199,4.630329608917236
1620,1247871,ALL,4.489241,4.828444480895996
1578,908146,ALL,4.071777,4.145706653594971
1017,909703,ALL,2.300557,2.231034278869629
1036,907277,ALL,2.266998,3.1518633365631104
1199,909260,ALL,2.182176,2.868673324584961
1085,910687,ALL,1.460062,1.3475570678710938
1199,905958,ALL,3.102957,3.113569736480713
1635,907272,ALL,3.974866,4.147101879119873
1032,909260,ALL,1.066921,1.3566231727600098
1049,905958,ALL,3.590787,3.4433133602142334
1091,910687,ALL,-1.09342,1.3352545499801636
1089,909743,ALL,3.026301,2.0082991123199463
1017,909252,ALL,2.242532,3.0405430793762207
1054,906877,ALL,0.687573,1.8719068765640259
1559,908146,ALL,-2.334518,-3.0995421409606934
1617,949153,ALL,2.988976,0.7813596129417419
1268,1297446,ALL,3.636546,3.3373188972473145
1007,907787,ALL,-5.457334,-5.206303119659424
1932,908146,ALL,1.482496,1.9086647033691406
1908,907277,ALL,1.630378,1.6434682607650757
1598,1247871,ALL,4.383695,2.685701370239258
2047,905958,ALL,0.019696,3.2869129180908203
2040,1297446,ALL,1.322864,-0.24214331805706024
1627,908147,ALL,1.072798,1.5142468214035034
1915,909743,ALL,2.419937,2.4878833293914795
2096,905952,ALL,2.303459,2.3832449913024902
1618,949153,ALL,2.3957,2.2109341621398926
1375,909702,ALL,4.595688,4.7209153175354
2045,908147,ALL,2.780435,2.009845733642578
2046,998184,ALL,1.695866,1.247925043106079
1510,946358,ALL,4.499799,3.073489189147949
1529,907272,ALL,2.742752,-0.1451871544122696
2107,998184,ALL,3.860607,4.084784507751465
2107,1297446,ALL,4.269907,3.946199893951416
1849,1297446,ALL,-1.289243,-2.294407606124878
1053,907787,ALL,2.232337,2.613974094390869
1177,906877,ALL,2.498569,3.258011817932129
1054,1297446,ALL,2.216222,2.0888495445251465
1910,909260,ALL,-0.544297,0.9176541566848755
1593,907789,ALL,-0.095257,0.35887742042541504
1091,909743,ALL,2.353282,1.9446637630462646
1529,907277,ALL,-1.0692,-1.6009044647216797
1034,907789,ALL,-3.159037,-3.887181282043457
1057,909260,ALL,-2.837258,-2.2382972240448
2110,909260,ALL,4.918413,3.9303650856018066
1553,909743,ALL,1.84008,1.1501421928405762
1939,1295740,ALL,2.765297,1.6689711809158325
1079,909251,ALL,1.871323,1.5156757831573486
1913,909702,ALL,3.546839,3.519865036010742
1625,907787,ALL,4.613391,3.8300817012786865
1259,909251,ALL,0.570218,0.03896854817867279
1939,905952,ALL,2.229256,1.9224823713302612
1926,909252,ALL,-0.171003,-0.6205730438232422
1912,910687,ALL,2.432408,1.4374580383300781
1910,946358,ALL,2.724839,-0.9997856616973877
1054,998184,ALL,0.568348,0.17123755812644958
1564,906763,ALL,2.448309,2.645219087600708
1060,1295740,ALL,0.996861,-0.06246088445186615
1180,1295740,ALL,-3.113891,-4.863540172576904
1084,1297446,ALL,-1.880007,-2.774414539337158
1237,905958,ALL,4.606493,4.3613433837890625
2048,909260,ALL,-3.558815,-4.777312278747559
1032,905958,ALL,1.746765,1.5017180442810059
2107,906763,ALL,4.675329,3.9733078479766846
1913,905952,ALL,4.013604,3.3638076782226562
1017,910944,ALL,2.303883,2.960296154022217
1003,910944,ALL,-4.704681,-4.577578544616699
1057,998184,ALL,-4.316964,-2.8473567962646484
1614,998184,ALL,3.262867,2.450171947479248
1557,910687,ALL,4.209395,3.985944986343384
1058,949153,ALL,-1.602811,-1.0398497581481934
1627,909703,ALL,1.9877,2.0831429958343506
1549,946358,ALL,4.061342,3.4245212078094482
1012,1295740,ALL,0.120657,-0.22418008744716644
1375,907789,ALL,5.020606,4.527233600616455
1598,909252,ALL,2.800312,3.2669107913970947
1855,910944,ALL,2.157389,2.7149367332458496
1034,949153,ALL,-3.828333,-4.293381690979004
1200,910944,ALL,1.598922,1.7112759351730347
1862,909702,ALL,-1.973237,-2.570228338241577
1054,907789,ALL,0.982573,0.026276960968971252
1630,905958,ALL,4.455248,4.4504876136779785
1910,905958,ALL,-0.938585,-1.1454339027404785
1549,906877,ALL,3.815597,3.8195455074310303
1912,906877,ALL,1.158345,1.2689287662506104
1053,905958,ALL,1.941932,1.9430217742919922
1079,908146,ALL,2.83164,0.9390919208526611
1080,909703,ALL,-4.637789,-4.243136405944824
1047,909251,ALL,3.293966,2.7411911487579346
1624,905958,ALL,2.705415,3.5093326568603516
1598,907277,ALL,2.729577,2.733255386352539
1507,905958,ALL,4.193748,3.976689338684082
1190,909702,ALL,-3.658191,-5.014829158782959
1918,910687,ALL,2.066438,2.2376186847686768
2040,906763,ALL,-1.732414,-0.9463911056518555
1017,907277,ALL,2.85441,3.0733425617218018
1908,908146,ALL,0.702809,1.483775019645691
1852,949153,ALL,4.164331,4.537957668304443
1933,907787,ALL,2.403791,2.30361270904541
1053,909260,ALL,0.748851,0.5207542181015015
2048,909703,ALL,-4.996957,-4.827406883239746
1237,907787,ALL,4.188113,4.164785385131836
1060,909260,ALL,1.477109,0.8647593259811401
1053,949153,ALL,-0.443437,-0.2100325971841812
1925,909252,ALL,4.178445,4.256834506988525
2109,910687,ALL,1.411016,2.27541446685791
1084,949153,ALL,-3.661908,-3.685487747192383
1915,1247871,ALL,2.348517,2.2270655632019043
1084,907272,ALL,-1.884295,-3.1956515312194824
1058,905958,ALL,0.682744,1.8418736457824707
1022,949153,ALL,-2.069856,-1.5439050197601318
1034,946358,ALL,-3.387135,-3.938575267791748
1913,1295740,ALL,3.729198,3.7029592990875244
1913,906763,ALL,2.404349,3.432347059249878
1022,1297446,ALL,-1.969432,-1.373940348625183
1510,906763,ALL,2.13275,3.029387950897217
1618,907787,ALL,3.328773,2.5925960540771484
1997,909702,ALL,-1.626911,-1.7349473237991333
1079,907787,ALL,1.437061,2.0591251850128174
1620,1295740,ALL,4.604638,4.060818672180176
1928,905952,ALL,2.203371,2.5654101371765137
1177,909743,ALL,1.841634,2.9195070266723633
1621,1297446,ALL,2.97747,3.0868406295776367
1259,906763,ALL,3.020515,1.3071651458740234
2107,909252,ALL,4.411539,4.214032173156738
1930,907277,ALL,-1.204625,-0.8336777687072754
1068,949153,ALL,0.058629,1.0366216897964478
1200,906763,ALL,2.063907,1.753326177597046
1919,907277,ALL,0.660798,0.777884840965271
1911,907789,ALL,-5.635718,-5.342262268066406
1598,908147,ALL,2.427678,2.9630322456359863
1073,909702,ALL,2.998949,2.892998695373535
1051,949153,ALL,-2.316129,-0.7552080750465393
1549,908147,ALL,3.844022,3.386587381362915
1373,905952,ALL,3.245183,2.924546480178833
1915,906877,ALL,2.864776,2.8166451454162598
1079,1247871,ALL,-3.676882,-0.3896913528442383
1507,909260,ALL,4.242659,4.5016398429870605
1006,908147,ALL,-3.703362,-4.8428778648376465
1011,907789,ALL,-3.647939,-1.2573384046554565
1578,907277,ALL,4.068066,3.5659847259521484
1005,907787,ALL,0.053828,0.5234636068344116
1091,906877,ALL,0.261921,2.1837942600250244
1627,907787,ALL,2.306101,2.2169082164764404
2048,1297446,ALL,-3.076189,-4.888391971588135
1915,909260,ALL,2.983077,2.4027862548828125
1626,1295740,ALL,2.554194,0.9339480400085449
1268,909743,ALL,4.971105,4.013792991638184
1926,909260,ALL,-0.068563,-0.3602854013442993
1614,906763,ALL,1.346457,2.391568660736084
1558,907272,ALL,1.463094,1.8621889352798462
1250,907272,ALL,0.548691,-0.01593060791492462
1916,998184,ALL,-2.034854,0.08692237734794617
1190,910687,ALL,-5.908896,-4.222837448120117
1054,1247871,ALL,3.037454,2.3963048458099365
1625,949153,ALL,3.090764,3.369738817214966
1631,908147,ALL,1.906988,1.5370992422103882
1180,909252,ALL,-3.887807,-3.6724705696105957
1190,907789,ALL,-2.069064,-2.202489137649536
2111,909702,ALL,1.952528,1.1841535568237305
1915,907272,ALL,1.831201,1.773389220237732
1918,907277,ALL,2.802849,1.7398815155029297
1593,910687,ALL,0.707013,0.4917290210723877
1629,907272,ALL,3.354824,3.4477922916412354
1909,909702,ALL,0.641376,0.3689526617527008
1268,907789,ALL,3.28201,3.3626716136932373
1259,998184,ALL,-0.395039,0.9763102531433105
1576,998184,ALL,2.155337,1.9439756870269775
1529,949153,ALL,1.604089,-1.054198145866394
1179,907787,ALL,-0.997617,-0.3063662648200989
1940,909251,ALL,1.851953,3.079310655593872
1080,909252,ALL,-4.301785,-4.098259449005127
1912,907277,ALL,-1.767811,-0.7895324230194092
1093,905958,ALL,3.97079,3.699892282485962
1564,909260,ALL,2.536465,3.694495439529419
1084,908147,ALL,-2.850865,-4.194155216217041
1631,1247871,ALL,3.268808,3.412558078765869
1996,946358,ALL,3.330095,3.3002030849456787
1060,906877,ALL,2.303709,1.1854887008666992
1997,1247871,ALL,1.761702,2.453861713409424
2107,907272,ALL,3.712198,4.210940361022949
2045,1247871,ALL,3.730811,3.7288520336151123
1511,909260,ALL,-2.827309,-1.3791457414627075
1853,907277,ALL,2.460262,3.1863832473754883
1012,907272,ALL,-0.436618,0.014716282486915588
1047,906763,ALL,3.117044,3.6621315479278564
1007,909260,ALL,-4.720922,-5.292412757873535
1237,909252,ALL,4.128032,3.970323324203491
1928,907277,ALL,1.963569,2.342313051223755
1909,909743,ALL,1.662147,2.157057523727417
1073,909252,ALL,3.19545,3.333956241607666
2110,909252,ALL,4.411539,3.2186505794525146
1250,906763,ALL,-1.480861,-0.46309685707092285
1854,910944,ALL,3.534733,3.4408998489379883
1939,909260,ALL,2.16518,2.4836525917053223
1053,906763,ALL,1.921032,1.6528434753417969
1996,909703,ALL,3.737987,1.7926466464996338
1629,909252,ALL,3.56134,3.535188913345337
1006,907789,ALL,-0.929994,-2.8947715759277344
1085,1247871,ALL,1.371891,1.4004660844802856
1047,909702,ALL,3.177077,2.7210397720336914
1853,909703,ALL,2.413088,3.5306003093719482
1852,908146,ALL,3.850882,4.291651248931885
1621,910687,ALL,4.263443,3.047070026397705
1248,1297446,ALL,-7.524123,-7.713026523590088
1912,910944,ALL,2.600578,1.013163447380066
2048,909743,ALL,-5.148913,-4.631828784942627
1180,910687,ALL,-4.094552,-4.197579860687256
1168,946358,ALL,2.746249,2.2422821521759033
1559,909252,ALL,-2.115048,-3.3101806640625
1004,1297446,ALL,-4.491996,-5.3083648681640625
1919,909251,ALL,0.35227,0.9532082080841064
1927,907272,ALL,4.397926,4.1050124168396
1617,907789,ALL,-0.196579,-0.7684978246688843
1005,909251,ALL,-0.09341,0.49028515815734863
1006,905952,ALL,-2.468894,-2.927798271179199
1936,910944,ALL,2.256556,1.4104728698730469
1936,906763,ALL,2.409618,1.5749797821044922
1925,909743,ALL,4.346082,4.3824615478515625
1564,907787,ALL,2.769728,2.553990602493286
1598,909251,ALL,2.814933,2.8879261016845703
1557,909703,ALL,4.30075,4.218783378601074
2043,717431,NB,5.576055,4.666905403137207
1862,949171,NB,-0.999293,-1.4117953777313232
1908,949171,NB,0.897078,0.36769020557403564
1190,688087,NB,2.782165,0.8649139404296875
1996,907170,NB,2.993293,1.5305308103561401
1909,949171,NB,2.116918,1.2333060503005981
1557,906872,NB,6.257026,5.541830539703369
1007,949174,NB,-3.432138,-4.686797142028809
1089,724828,NB,4.593136,4.134394645690918
1093,908447,NB,5.938111,5.405759334564209
1199,949179,NB,2.592883,3.6006927490234375
1852,1240181,NB,4.786393,4.849985599517822
1853,910780,NB,4.069906,3.9732627868652344
1004,1240181,NB,-4.46524,-3.4382870197296143
1854,906872,NB,6.014134,5.286223888397217
1250,753618,NB,-0.157449,-0.09217406809329987
1926,949172,NB,-1.00394,-0.3538963794708252
1912,910780,NB,2.211394,2.654680013656616
1931,949174,NB,5.3816,5.909881114959717
1190,906872,NB,2.217496,0.08897851407527924
2111,949172,NB,5.402356,4.731208324432373
2044,907170,NB,1.331519,2.004269599914551
2048,907170,NB,-6.141605,-4.656597137451172
1131,908447,NB,5.527874,4.3862080574035645
1507,753618,NB,4.514212,3.4678521156311035
1626,1240181,NB,-0.098694,0.9243912696838379
1088,949171,NB,0.053447,0.9252042174339294
1912,906872,NB,2.577409,3.072410821914673
1179,906875,NB,-0.060444,-0.104357048869133
1180,906820,NB,-1.613976,-3.4943432807922363
1511,949174,NB,-1.345699,-0.8518668413162231
1925,724828,NB,5.352713,5.137843608856201
1047,906872,NB,2.825415,2.676912307739258
1047,724828,NB,5.56748,5.217761516571045
2111,906875,NB,1.071773,4.052319049835205
1036,949172,NB,2.772515,4.74679708480835
1635,949174,NB,5.055664,5.3358049392700195
2047,907170,NB,1.485163,2.186584711074829
1177,753620,NB,3.24425,2.2239339351654053
2043,1240181,NB,4.695078,3.622476100921631
1058,949177,NB,1.531077,1.1993666887283325
1916,907170,NB,3.620599,2.239177942276001
1593,1240181,NB,0.588888,-0.21082524955272675
1032,949179,NB,1.790947,2.2652595043182373
1909,949178,NB,-0.229328,1.1431379318237305
2043,910780,NB,3.964768,3.935424566268921
1007,753620,NB,-4.761871,-4.907869815826416
1088,906875,NB,1.646088,0.7482669949531555
1617,908440,NB,5.152525,3.3789403438568115
1622,724828,NB,5.634284,5.076615333557129
1560,949172,NB,0.074107,1.4684951305389404
1862,908447,NB,-1.259302,-1.177368402481079
2045,906872,NB,4.860934,5.554348468780518
1036,906820,NB,4.86396,3.9897091388702393
1626,724828,NB,2.167345,3.3897321224212646
1259,949171,NB,-0.93242,1.543791651725769
1168,753618,NB,1.51615,1.7059037685394287
1073,949171,NB,2.843994,2.7966177463531494
1786,949178,NB,2.135283,1.5287225246429443
1912,753618,NB,2.231441,2.179532051086426
1017,1240181,NB,4.292968,3.641406774520874
1034,906872,NB,-3.656281,-1.9834871292114258
1089,906872,NB,3.86731,4.749730110168457
1060,949171,NB,-1.394588,-0.11959172785282135
1941,688086,NB,-0.797393,-3.5570685863494873
1005,753616,NB,3.483352,2.7821905612945557
1622,753620,NB,4.20595,4.143206596374512
1598,688086,NB,4.926532,3.871364116668701
2047,906872,NB,1.99507,2.810403823852539
1237,910780,NB,5.25087,4.6706109046936035
1007,906820,NB,-5.38649,-4.885614395141602
1057,949177,NB,-1.66144,-1.8588619232177734
1131,1240181,NB,3.165245,2.0910441875457764
1373,1240181,NB,2.876171,3.745616912841797
2111,949174,NB,4.567493,5.408022880554199
1916,753620,NB,3.75204,3.4370906352996826
2106,906820,NB,1.444849,3.0776901245117188
1049,688086,NB,2.607016,3.5322933197021484
2045,908440,NB,5.239846,4.644751071929932
1003,753616,NB,-2.616148,-3.547693967819214
1017,910941,NB,3.074205,1.9731231927871704
1927,949172,NB,3.567727,3.5215065479278564
1996,949171,NB,3.580357,3.4628889560699463
1003,753620,NB,-4.39292,-4.910487174987793
2044,949177,NB,2.032248,2.1130728721618652
1918,1240181,NB,1.944486,1.8937596082687378
1199,949177,NB,1.970714,2.523590326309204
1560,907170,NB,3.938206,3.3554129600524902
1083,907314,NB,4.142539,3.0963966846466064
1073,753616,NB,5.715968,4.134894371032715
1786,906872,NB,1.159849,3.404064655303955
1191,910780,NB,-4.695654,-5.454902172088623
1017,688086,NB,2.728427,2.94989013671875
1085,908447,NB,1.773809,2.6813182830810547
1598,906875,NB,4.08831,3.9672019481658936
2046,907314,NB,0.143249,1.3237384557724
2107,688086,NB,4.500412,4.243070125579834
1373,907314,NB,5.365911,3.9952592849731445
1237,949174,NB,5.186817,5.287757396697998
1615,907170,NB,4.127151,3.876513957977295
1511,1240181,NB,-0.679636,0.26208385825157166
1511,908447,NB,-1.803706,-0.6646783947944641
1854,906875,NB,5.639069,4.927814483642578
1051,906875,NB,1.86987,0.03354519605636597
1557,753620,NB,5.376386,4.689617156982422
1004,753618,NB,-5.291149,-5.291856288909912
1080,907170,NB,-6.074243,-3.645425796508789
1557,949171,NB,4.768282,4.254580974578857
1512,753620,NB,5.52696,4.64808988571167
1080,910780,NB,-1.006963,-4.510825157165527
1259,1240181,NB,2.154681,2.7385454177856445
1928,724828,NB,4.991466,4.656683444976807
1549,908440,NB,0.886865,1.7114845514297485
1913,753616,NB,5.510769,5.13743782043457
1375,949179,NB,6.964009,7.1106953620910645
1004,949172,NB,-2.930335,-4.154033184051514
1373,949179,NB,5.745918,5.364082336425781
1561,906872,NB,3.457759,2.9164862632751465
1941,906872,NB,-2.004257,-3.1675620079040527
1560,907314,NB,3.651125,4.399009704589844
1036,717431,NB,4.898435,4.524693012237549
1199,753620,NB,3.233198,3.506192922592163
2048,753616,NB,-4.135349,-3.0387189388275146
1259,906875,NB,2.023719,1.0961757898330688
1168,688086,NB,1.1366,2.2308008670806885
1250,753616,NB,3.680589,0.8726344108581543
2109,949174,NB,1.788172,3.1870334148406982
1373,949178,NB,4.101829,3.7742340564727783
1058,907170,NB,1.71747,1.3231537342071533
1068,949178,NB,0.995684,0.003550410270690918
1919,949177,NB,0.994042,1.391610860824585
1051,906820,NB,-2.771058,-0.2388359159231186
1615,724828,NB,5.736791,5.098380088806152
2043,724828,NB,5.898595,4.6969733238220215
1925,688086,NB,5.346441,4.433730602264404
1085,724828,NB,3.155376,2.8695316314697266
1620,753620,NB,5.452489,4.678013801574707
1849,949171,NB,-1.015496,-2.0712838172912598
1931,908447,NB,5.928062,5.238973140716553
2047,908447,NB,2.786286,2.3846981525421143
1922,717431,NB,1.512691,1.6465234756469727
1511,949171,NB,-2.122851,-2.2494940757751465
1927,949171,NB,3.145868,4.297052383422852
1054,907314,NB,3.87925,2.593282699584961
1932,906820,NB,1.751305,1.043357253074646
1621,949174,NB,4.325095,4.687656879425049
2043,907170,NB,3.315506,3.1702682971954346
1854,949177,NB,3.777402,3.902831554412842
1925,910941,NB,5.273785,5.0594401359558105
1036,753620,NB,5.518654,4.727960586547852
1168,949172,NB,2.862591,3.112048387527466
1997,724828,NB,5.361315,4.299243927001953
1007,949177,NB,-6.636652,-6.735259532928467
1873,910780,NB,0.426408,0.46751075983047485
1084,753620,NB,-2.10658,-2.0043935775756836
1191,907170,NB,-5.628931,-5.553694248199463
1013,907170,NB,1.619142,2.300288200378418
1930,753620,NB,-1.580832,-1.2064321041107178
1190,906820,NB,-4.24084,-2.8134467601776123
1011,949179,NB,2.681603,-0.4906233549118042
1852,949174,NB,5.237569,5.581311225891113
1941,910941,NB,-4.992494,-5.277360916137695
1630,753618,NB,4.088433,3.7244362831115723
1613,688086,NB,0.487512,2.976738214492798
1073,949174,NB,5.864964,5.884411334991455
1922,949177,NB,1.270175,1.4016430377960205
1997,907170,NB,2.412223,0.7317776083946228
2048,906875,NB,-3.299236,-3.534088373184204
1626,949171,NB,1.70151,2.522257089614868
1852,908447,NB,5.376257,5.246857643127441
1924,949172,NB,1.344389,1.2033418416976929
1051,753620,NB,-0.002485,-2.658897638320923
1941,949172,NB,-4.325679,-3.40376353263855
1614,949171,NB,3.674892,3.6512670516967773
1786,753620,NB,1.649799,2.157902717590332
2110,949174,NB,4.127016,4.975568771362305
1939,949178,NB,1.618494,2.048321008682251
1855,724828,NB,5.399229,4.82954216003418
1629,949174,NB,4.191173,3.96260404586792
1622,908440,NB,4.045883,3.5084314346313477
1917,949171,NB,1.879861,0.7899611592292786
2047,949178,NB,1.872123,0.9788843989372253
1237,753616,NB,5.074789,5.158482074737549
1268,753616,NB,4.712235,4.32520055770874
1558,910941,NB,1.795035,2.6400208473205566
1996,907314,NB,3.328884,2.9525017738342285
1931,688087,NB,5.164486,5.695507526397705
1005,949177,NB,1.571654,0.9264561533927917
1032,753620,NB,2.084608,1.6944752931594849
1578,753618,NB,4.268104,4.000792026519775
1594,753616,NB,4.47719,4.43866491317749
1940,908440,NB,3.812957,2.1834771633148193
1634,907170,NB,3.290212,3.3449485301971436
2096,1240181,NB,-1.817847,0.18183091282844543
1559,753620,NB,-2.12302,-1.9552054405212402
1034,949172,NB,-2.573748,-3.7468345165252686
1911,949171,NB,-5.624506,-5.898087501525879
2040,949172,NB,-0.516515,0.6974007487297058
1512,949174,NB,5.474597,5.294077396392822
1624,949174,NB,3.679678,4.267343044281006
2044,906875,NB,4.141947,4.010598659515381
1007,910941,NB,-5.840575,-5.347425937652588
1931,688086,NB,5.465103,4.562143802642822
1561,688086,NB,2.790707,2.093552589416504
1909,910941,NB,2.792123,-0.5568783283233643
2096,949178,NB,2.020024,2.2198240756988525
1925,688087,NB,5.183775,4.466947555541992
1179,717431,NB,1.049786,1.6255077123641968
1622,907170,NB,4.110147,3.555636167526245
1915,753618,NB,2.236051,1.8993958234786987
1091,907170,NB,4.065869,1.5226019620895386
1908,910941,NB,3.067973,3.1602962017059326
1613,906875,NB,2.523798,3.3350579738616943
2047,908440,NB,-1.008085,-1.6156506538391113
1620,724828,NB,5.854205,5.150722503662109
1010,907314,NB,3.994282,3.5347671508789062
1036,688086,NB,4.024363,4.455528736114502
1073,753618,NB,2.04863,2.312000274658203
1036,753616,NB,4.850555,5.106032371520996
1924,949171,NB,4.7847,4.2714409828186035
1631,906820,NB,2.072299,2.301229238510132
1618,907170,NB,3.498581,2.8115649223327637
1926,949177,NB,0.591615,0.06972075998783112
1932,908440,NB,0.650774,-0.23939751088619232
1375,906872,NB,6.416801,7.06747579574585
1049,688087,NB,3.627918,4.501932621002197
1089,753618,NB,2.057293,2.2498936653137207
1079,908440,NB,-1.941702,-2.0369930267333984
1908,753620,NB,1.22528,0.24423988163471222
1560,906872,NB,4.154939,4.153595447540283
1624,753616,NB,3.492806,3.503485918045044
1627,908447,NB,3.478767,3.3430142402648926
1913,906872,NB,6.04609,5.491901874542236
2048,949174,NB,-1.527691,-3.089933395385742
1199,910780,NB,3.01536,2.8244588375091553
1996,949179,NB,3.296843,5.042970657348633
1625,753616,NB,4.942296,5.00984525680542
1613,753620,NB,2.383297,3.053321361541748
1563,949172,NB,5.494993,5.339547634124756
1931,907170,NB,4.371756,3.1970443725585938
1919,724828,NB,3.556772,2.2046401500701904
1862,949172,NB,-1.68981,-1.541590929031372
1022,949178,NB,-1.743865,-2.2786755561828613
1997,949171,NB,4.552774,3.113738775253296
1051,949171,NB,-3.150936,-0.9197593927383423
1912,717431,NB,1.830821,1.771608591079712
1259,753618,NB,0.382384,0.13265882432460785
1560,910941,NB,4.125893,4.029485702514648
1915,753620,NB,3.117342,2.306896686553955
1088,907314,NB,0.947591,0.7149636149406433
1560,724828,NB,4.223805,3.964925527572632
1786,949179,NB,3.696968,3.340284824371338
1036,949179,NB,5.903157,5.595623016357422
1249,949174,NB,4.104719,4.184795379638672
1913,949172,NB,4.307768,3.8368284702301025
1058,753616,NB,1.273739,2.137089490890503
1912,949172,NB,-0.108382,0.5627545118331909
1926,949171,NB,-0.515459,0.4743983745574951
1180,949177,NB,-3.7161,-3.9471240043640137
1613,753618,NB,1.64134,2.143789768218994
1618,906872,NB,3.243931,3.905967950820923
1913,753620,NB,2.801164,3.9836952686309814
1088,688087,NB,2.540334,2.2075774669647217
1560,949177,NB,2.866519,2.8665521144866943
1191,906820,NB,-5.222557,-4.552525043487549
1849,1240181,NB,-2.395047,-2.5464975833892822
1034,949174,NB,-2.104366,-2.562436103820801
1022,717431,NB,0.403614,0.5165913105010986
1003,949172,NB,-2.445108,-3.544102191925049
1996,908440,NB,3.224102,2.895764112472534
2109,1240181,NB,1.056595,1.6058273315429688
1855,910941,NB,3.796789,3.313692569732666
1250,907170,NB,-0.061385,-0.049039557576179504
1940,910941,NB,4.213444,3.29931902885437
1073,949179,NB,6.949209,6.614202976226807
1093,753618,NB,3.060528,3.2084457874298096
1049,949171,NB,2.337899,4.3381571769714355
1088,753620,NB,0.656073,0.6082234382629395
1510,724828,NB,3.390735,3.596301794052124
1017,908447,NB,5.021936,3.9775898456573486
1013,753618,NB,3.011984,2.298269510269165
1622,1240181,NB,4.051114,3.6227235794067383
1933,906875,NB,4.944037,3.5542399883270264
1854,949174,NB,5.112919,5.250805377960205
1939,949174,NB,2.406605,2.3595199584960938
1593,906872,NB,2.749055,3.6012909412384033
1084,688086,NB,-1.362579,-2.279470682144165
1179,908440,NB,-0.368541,-1.4776827096939087
1563,906872,NB,6.601436,6.4516520500183105
1909,910780,NB,-0.697175,-2.9878344535827637
1620,908447,NB,5.739002,5.481374263763428
1915,907314,NB,3.011578,2.879561424255371
1564,1240181,NB,-1.546998,-0.5138024091720581
1626,906872,NB,4.446632,3.4185445308685303
1618,908440,NB,3.357154,2.7407407760620117
1032,907314,NB,2.273345,2.0516369342803955
1618,949178,NB,2.810133,3.4028334617614746
1057,907170,NB,-1.578739,-2.8038992881774902
1079,949172,NB,3.294426,2.4239368438720703
1529,949172,NB,-0.473203,1.062349557876587
1924,906820,NB,3.651868,4.219149589538574
1199,949172,NB,2.489557,3.2065839767456055
1613,908447,NB,1.614117,3.948949098587036
1177,949178,NB,2.820442,2.291105270385742
1629,949171,NB,3.92746,4.166006565093994
1091,753618,NB,1.792144,0.45168715715408325
1373,910941,NB,5.359488,3.4054758548736572
1911,949177,NB,-5.640451,-5.988804340362549
1046,907170,NB,0.493574,-0.13865254819393158
1928,949171,NB,2.288844,4.026737213134766
1624,908440,NB,-0.477628,0.1880689561367035
1563,717431,NB,6.152766,5.806443691253662
1239,907170,NB,0.395934,0.298149436712265
1131,906820,NB,3.995211,3.1400904655456543
1617,753616,NB,2.658466,3.4496212005615234
1006,908440,NB,-0.353886,-3.163632869720459
1011,910780,NB,-3.360827,-1.5663090944290161
1060,949179,NB,2.694737,2.5375635623931885
1598,949171,NB,3.558806,3.983065128326416
1916,688086,NB,3.170843,2.973447322845459
1013,949177,NB,1.302317,2.123945474624634
1131,949178,NB,1.932437,2.5811426639556885
1853,753616,NB,4.446447,4.650801658630371
1617,949178,NB,0.929617,2.3037068843841553
1005,906872,NB,3.854502,3.870659589767456
1932,688086,NB,1.42852,1.033787727355957
1626,907170,NB,2.507375,2.378262758255005
1557,949177,NB,4.774689,4.225101947784424
2107,906875,NB,5.433076,4.311613082885742
2044,908447,NB,4.877779,4.560685634613037
1012,753620,NB,0.586449,0.3336017429828644
1563,907314,NB,5.489825,5.33934211730957
2106,753620,NB,3.259222,3.692875862121582
1627,1240181,NB,1.315472,2.0404105186462402
1375,949177,NB,4.392798,5.119065761566162
2106,908440,NB,1.738391,2.1738030910491943
1854,753620,NB,5.23304,5.043307781219482
1922,910941,NB,1.216552,2.0655202865600586
1912,907170,NB,3.30868,2.09182071685791
2107,717431,NB,5.225672,4.173503398895264
1799,907170,NB,4.370152,4.160454750061035
1634,908440,NB,3.723645,3.6805081367492676
2044,906872,NB,2.433082,4.224083423614502
1012,717431,NB,2.108598,1.0627033710479736
2045,949174,NB,5.378763,5.441883563995361
1630,910941,NB,4.292491,4.854613780975342
1510,717431,NB,2.852674,1.7633676528930664
1862,906875,NB,-1.319993,-1.2806729078292847
2109,688087,NB,2.509597,2.6829798221588135
1006,753620,NB,-0.502726,-0.5641393065452576
1373,908440,NB,4.063612,4.585168838500977
1177,907314,NB,2.679737,2.789811134338379
1079,949179,NB,4.802787,3.121702194213867
1563,949174,NB,5.834561,5.956301689147949
1997,949179,NB,3.407145,1.693949580192566
1627,907314,NB,2.939646,2.9543075561523438
1559,717431,NB,-3.29108,-2.1862316131591797
1624,1240181,NB,1.027749,1.8678139448165894
1080,908440,NB,-3.985526,-3.2335474491119385
1634,910780,NB,2.87191,3.343170404434204
1873,906872,NB,1.316168,1.8722753524780273
1191,753616,NB,-5.626117,-4.648736000061035
1068,910780,NB,0.669239,1.4191982746124268
1022,724828,NB,-0.765276,0.13521304726600647
1549,949179,NB,3.709564,5.52750301361084
1613,949178,NB,0.891216,1.6692878007888794
1634,949171,NB,3.490803,4.061047554016113
1561,753618,NB,2.92446,2.3008148670196533
1873,910941,NB,0.489083,1.2512061595916748
1068,753616,NB,0.907458,1.5414661169052124
1250,688086,NB,1.158825,0.6130579710006714
1511,906872,NB,-2.109103,-0.5957120060920715
1932,1240181,NB,-1.066477,-0.5299859642982483
1908,753618,NB,1.520045,0.29524099826812744
1624,910941,NB,2.760354,3.8523383140563965
1013,949179,NB,3.517742,4.9639363288879395
1177,688086,NB,2.447662,2.5290892124176025
1373,753620,NB,5.356098,3.867845058441162
1003,908447,NB,-4.2433,-4.230660915374756
1507,910941,NB,5.057036,3.904475688934326
2047,906820,NB,-0.899124,-0.6202596426010132
1618,910941,NB,3.237482,3.3131589889526367
1576,906875,NB,1.527788,2.303483009338379
1594,906872,NB,5.771463,6.174795150756836
1849,908440,NB,0.235044,-1.525734782218933
1918,949177,NB,3.187263,2.9360859394073486
1054,906820,NB,1.441462,0.3613011837005615
1855,753618,NB,2.519306,2.923095703125
1563,949178,NB,4.981423,4.284040451049805
1909,949179,NB,1.248494,1.4827486276626587
1239,949178,NB,1.210997,0.38183408975601196
2110,906872,NB,5.796602,5.169064521789551
1058,910780,NB,1.259844,0.7593181729316711
1852,907314,NB,4.612125,5.150341510772705
1560,688087,NB,1.976687,2.307723045349121
1080,688086,NB,-1.978212,-3.2038896083831787
2040,908440,NB,-0.661206,-0.5339866876602173
2106,724828,NB,5.572559,4.036731719970703
1013,908447,NB,4.806776,4.688562870025635
1629,906872,NB,6.175651,5.480594158172607
1617,910780,NB,4.98784,1.2803980112075806
1926,907170,NB,0.103942,-0.3146040439605713
2110,724828,NB,4.469011,4.462142467498779
1799,949178,NB,3.382858,3.5556185245513916
1939,906872,NB,3.593859,3.6669156551361084
1910,949179,NB,2.546334,-1.3991245031356812
1180,753620,NB,-1.406586,-1.9337551593780518
1006,949174,NB,2.030894,2.42971134185791
1089,949171,NB,2.504586,2.530945062637329
1996,949174,NB,3.104508,3.6307480335235596
1620,753616,NB,5.90406,5.1058669090271
1862,910780,NB,-1.210929,-1.6438902616500854
1250,907314,NB,2.109361,1.7075444459915161
1918,906872,NB,4.364498,3.8017430305480957
1005,688087,NB,3.159986,3.004243850708008
1080,688087,NB,-0.419277,-0.8155916929244995
1576,910941,NB,1.263125,2.0348575115203857
1005,908440,NB,1.715171,1.8126219511032104
2040,949177,NB,0.549835,-0.18606339395046234
2040,910941,NB,0.24412,0.9255592823028564
1006,724828,NB,1.00063,1.8735582828521729
2111,1240181,NB,4.028543,3.5171420574188232
1936,753618,NB,1.631926,0.8110644817352295
2044,907314,NB,2.426708,3.656031608581543
1010,906872,NB,3.733546,4.377353191375732
1924,910780,NB,3.405176,2.900531530380249
1553,724828,NB,2.626647,4.036731719970703
2107,949179,NB,5.764521,5.169785976409912
1046,910941,NB,1.002573,0.15296193957328796
2044,1240181,NB,2.554615,3.6621363162994385
1927,908440,NB,5.008328,4.5307488441467285
1996,906872,NB,3.125045,4.52711296081543
1199,907170,NB,3.392551,2.1234302520751953
1012,949179,NB,0.990466,1.134412169456482
1936,949174,NB,3.208629,2.916947603225708
2109,949171,NB,1.42236,2.18853497505188
1941,906875,NB,-3.290467,-3.808152675628662
1010,753618,NB,2.450599,2.4711852073669434
1928,906875,NB,4.4323,4.69350528717041
1940,906820,NB,3.292939,3.481975555419922
1088,688086,NB,1.156403,0.7579354643821716
1239,949174,NB,3.431711,1.70645272731781
1849,949178,NB,-1.959309,-3.5812323093414307
1168,753620,NB,3.925224,1.9644986391067505
1621,906820,NB,4.138745,2.742107629776001
1560,908447,NB,3.215509,3.0763192176818848
1012,908440,NB,-0.131895,-0.33004438877105713
1911,906872,NB,-5.175985,-3.4859933853149414
1928,717431,NB,5.79258,4.158326625823975
1916,717431,NB,3.211963,2.74751615524292
1932,907170,NB,1.821571,0.9953721165657043
1053,906820,NB,3.701349,2.957041025161743
1511,910941,NB,-4.662409,-2.832763671875
2044,753616,NB,2.430784,4.57293176651001
1854,688086,NB,5.391923,4.776162147521973
1549,949178,NB,4.337614,3.8351547718048096
1924,906872,NB,5.896958,4.137709140777588
1168,908440,NB,1.249963,0.9356698393821716
1553,949177,NB,3.18513,2.1918418407440186
1036,906875,NB,4.607694,4.869749546051025
1563,724828,NB,4.808343,5.501145839691162
1080,949172,NB,-0.753943,-3.2244081497192383
2044,949172,NB,2.527385,3.1675808429718018
1926,724828,NB,1.158042,0.6685302257537842
1997,908440,NB,1.464745,2.5367932319641113
1615,908440,NB,3.926719,4.073105335235596
2106,949179,NB,0.422143,1.2608060836791992
1559,724828,NB,-2.584996,-2.754340171813965
1852,949177,NB,3.601893,3.9573256969451904
1512,949171,NB,4.585607,4.271187782287598
1918,949179,NB,2.470782,2.7456178665161133
1529,910780,NB,-0.486718,-2.153352975845337
1083,753616,NB,3.704234,3.1277401447296143
2047,949177,NB,-0.33322,2.4227166175842285
1512,724828,NB,5.745185,5.274796009063721
1627,908440,NB,2.782125,1.7803025245666504
1578,907314,NB,4.697436,5.0042405128479
1624,906820,NB,1.572601,2.5541727542877197
1512,910941,NB,5.25185,4.752988815307617
1249,907314,NB,2.867702,3.570011854171753
1631,724828,NB,3.985085,4.316157341003418
1068,753620,NB,1.236133,1.0744028091430664
1933,906872,NB,5.440537,5.778627872467041
1012,1240181,NB,0.722419,-0.25711190700531006
1054,688087,NB,2.756651,4.037349224090576
1083,906820,NB,1.74876,3.339761734008789
1593,753618,NB,0.919644,0.1720399111509323
1012,949174,NB,1.675035,2.093146324157715
1918,724828,NB,5.624593,3.937274932861328
1046,688087,NB,-0.258529,2.163470983505249
1375,949171,NB,5.528884,4.966917991638184
1004,949174,NB,-2.11552,-3.9871487617492676
1080,949177,NB,-5.082166,-5.229069232940674
1058,949178,NB,1.010272,1.597459316253662
1635,753620,NB,5.425151,4.664376258850098
1034,907314,NB,-1.46387,-1.0548806190490723
1593,910780,NB,0.898122,0.9897959232330322
1007,907170,NB,-7.050233,-6.2619123458862305
1017,949177,NB,3.054555,2.67677903175354
1529,753620,NB,-0.051419,-0.7369742393493652
1007,949171,NB,-5.460986,-5.881832122802734
1088,906820,NB,1.128789,0.5452629923820496
1873,949174,NB,1.707241,1.1267000436782837
1003,907170,NB,-4.393695,-5.622989177703857
1003,724828,NB,-2.487864,-2.427189588546753
1560,688086,NB,4.196115,3.677178382873535
1053,949178,NB,2.114381,2.4330198764801025
1068,908447,NB,1.155831,2.158097267150879
1168,907314,NB,2.974093,2.5498199462890625
1564,688086,NB,3.770294,3.0036492347717285
2111,753618,NB,1.478774,2.2126786708831787
2040,949171,NB,-0.203661,0.4535747170448303
1560,908440,NB,0.621705,1.1400011777877808
1625,949171,NB,3.377778,4.219675540924072
1634,949177,NB,2.124422,2.6818528175354004
1614,949174,NB,4.436663,5.4433770179748535
1613,949174,NB,4.437855,4.266819953918457
1786,1240181,NB,1.015389,1.3323493003845215
1627,724828,NB,3.140535,2.974581480026245
1091,753616,NB,1.395233,0.986173689365387
2043,949179,NB,4.499347,5.089022159576416
1940,907314,NB,3.311493,3.452204704284668
1594,908447,NB,5.677614,5.592539310455322
1560,949174,NB,5.334667,4.407031059265137
1034,688087,NB,-2.461565,-2.482327461242676
1088,724828,NB,2.550617,2.6272149085998535
1922,688086,NB,1.768183,1.7615022659301758
1558,907314,NB,2.612901,3.0890626907348633
2045,910941,NB,4.16016,3.09185528755188
1559,753616,NB,-2.21119,-2.2891499996185303
1558,753616,NB,2.161422,4.019781112670898
1191,949172,NB,-4.198434,-5.286024570465088
1624,907314,NB,5.848185,4.8031392097473145
1259,908447,NB,1.450107,1.1729880571365356
1200,949179,NB,3.860707,3.309556722640991
1910,1240181,NB,-1.171606,-2.3433547019958496
1373,906872,NB,4.673609,3.9160072803497314
1248,908440,NB,-5.049684,-7.1742706298828125
1529,907314,NB,0.07282,-0.1913497895002365
1910,949171,NB,4.072219,2.2364213466644287
1091,949172,NB,-1.429595,-1.137369155883789
1017,949171,NB,2.62891,2.6241836547851562
1852,724828,NB,5.81832,5.22805118560791
1922,910780,NB,1.902854,1.6101773977279663
1924,1240181,NB,2.667194,3.0149624347686768
1557,753618,NB,4.047563,4.2763543128967285
1089,907170,NB,1.487197,1.504408359527588
1511,906820,NB,-2.202203,-2.2231459617614746
1010,1240181,NB,1.945586,2.0553536415100098
1936,753620,NB,3.044335,0.7889806628227234
1557,907314,NB,5.140003,5.453605651855469
1576,908447,NB,3.120396,3.0374181270599365
1558,949179,NB,4.893324,3.310041904449463
1634,688086,NB,4.730209,3.7786993980407715
1853,907170,NB,4.149696,3.6316921710968018
1557,949174,NB,4.753395,5.067868709564209
1630,949178,NB,4.532731,3.5650298595428467
1560,906820,NB,1.657257,2.5067789554595947
1614,910780,NB,2.140364,3.5245554447174072
1564,907170,NB,2.62072,3.0038533210754395
1634,906872,NB,5.151269,4.837647438049316
1924,907170,NB,3.614913,2.994983196258545
1375,688087,NB,6.43538,6.478094577789307
1054,906872,NB,3.130052,4.2202887535095215
1630,724828,NB,4.566179,4.045694351196289
1007,717431,NB,-4.044488,-3.1167404651641846
1559,949177,NB,-4.06902,-2.0525918006896973
1375,753616,NB,6.77325,6.1165642738342285
1032,949178,NB,1.487718,1.3428986072540283
1004,906875,NB,-3.89432,-4.44913911819458
1013,949172,NB,2.603895,3.3332443237304688
1576,906872,NB,4.028578,3.4596400260925293
1022,688086,NB,-0.914936,-1.4900765419006348
1080,1240181,NB,-2.11348,-2.3691117763519287
1854,907314,NB,3.428251,5.237171173095703
1036,753618,NB,3.854314,4.31705379486084
1578,949171,NB,5.468114,4.230993747711182
1549,753620,NB,4.053558,4.439464092254639
1996,688086,NB,5.422179,2.5242185592651367
1239,908440,NB,0.933176,0.5403145551681519
1557,949178,NB,4.597159,4.321850776672363
1250,949171,NB,-0.873283,0.7460269331932068
1799,949171,NB,5.170754,4.964516639709473
1799,753618,NB,3.807226,3.851693630218506
1940,688086,NB,4.202639,2.983804702758789
1058,724828,NB,2.03013,1.9429806470870972
1553,907170,NB,3.140652,2.8389034271240234
1622,753616,NB,3.301704,4.8262104988098145
1932,949177,NB,1.314959,1.5269980430603027
1939,908447,NB,2.438396,2.424572229385376
1199,1240181,NB,3.239289,2.283297538757324
1799,906820,NB,5.394652,4.959234237670898
1034,908447,NB,-3.987929,-2.724698543548584
1248,949178,NB,-8.60856,-8.827006340026855
1373,906869,STAD,5.862924,4.388995170593262
1013,909697,STAD,3.847656,3.2449257373809814
1915,1298358,STAD,3.748546,3.486079454421997
1004,1503364,STAD,-5.167048,-4.1163835525512695
1932,908444,STAD,1.577437,3.22299861907959
1088,906790,STAD,1.860937,2.6536405086517334
2111,1290806,STAD,5.033607,3.5981435775756836
1618,1298357,STAD,4.5367,5.443965435028076
1917,1240151,STAD,1.208809,3.052863121032715
1593,908139,STAD,4.10086,2.489196538925171
1629,908444,STAD,4.045842,3.836883068084717
1931,908445,STAD,5.512252,5.262109279632568
1852,908444,STAD,4.446662,4.801805019378662
1786,1290806,STAD,3.549651,3.2755842208862305
2044,1240151,STAD,2.860625,3.8792238235473633
1073,1298357,STAD,7.633137,6.054251194000244
2045,925340,STAD,5.92844,4.731513023376465
1925,907276,STAD,4.662916,5.82465934753418
1049,906790,STAD,2.617469,3.2356510162353516
1036,908446,STAD,2.274499,3.6149685382843018
1912,908446,STAD,1.855907,1.773970603942871
1911,908445,STAD,-5.062548,-4.924400806427002
1925,908445,STAD,5.510859,4.812825679779053
2043,1322224,STAD,4.233212,3.94378662109375
2043,1240209,STAD,4.102076,5.00628137588501
1924,910924,STAD,1.70515,1.596643328666687
1239,1240151,STAD,3.371266,3.52571702003479
1564,907276,STAD,1.164186,3.4806175231933594
1057,1298357,STAD,2.180964,0.3991658687591553
1852,1298357,STAD,4.309003,6.938506126403809
1852,925340,STAD,5.85871,5.476800441741943
1634,1503364,STAD,4.663536,3.8677802085876465
1084,907055,STAD,-4.64528,-4.684049606323242
1561,906790,STAD,-1.418949,0.7525413632392883
1617,906869,STAD,3.955416,3.783181667327881
1168,908444,STAD,0.425792,2.68648624420166
1179,1298357,STAD,2.674717,1.0310916900634766
1873,908139,STAD,1.469171,1.141249179840088
1003,908139,STAD,1.186429,-0.859794020652771
1058,1298358,STAD,2.754067,2.1176257133483887
1512,906790,STAD,5.0375,4.919224262237549
1036,906790,STAD,4.735498,2.925438404083252
1939,924250,STAD,5.466386,3.377310037612915
1996,907055,STAD,2.724273,3.2542998790740967
1036,1240209,STAD,5.697785,4.553005695343018
1047,908455,STAD,6.517385,4.820499420166016
2044,908139,STAD,5.466462,4.180520057678223
1910,1298358,STAD,0.404502,1.6338768005371094
1250,908461,STAD,3.617148,2.9010329246520996
1997,1290806,STAD,4.112285,3.4340388774871826
1913,1290806,STAD,4.535302,4.407841205596924
1191,908461,STAD,-3.784388,-3.827916145324707
1553,1240151,STAD,2.409527,3.2282986640930176
1933,1298357,STAD,7.1276,6.899646282196045
1005,908139,STAD,5.021876,4.7847795486450195
1940,1290806,STAD,3.879852,3.869962215423584
1913,925340,STAD,5.220153,4.854483604431152
1088,909697,STAD,0.778958,0.46504729986190796
1925,909697,STAD,4.521303,4.598183631896973
1091,908444,STAD,2.337621,2.829028606414795
1922,906790,STAD,1.816378,1.803392767906189
2106,908445,STAD,2.829481,3.510706901550293
1168,907276,STAD,3.757041,3.990861177444458
1549,1322224,STAD,2.213023,3.4436585903167725
1621,907055,STAD,4.452636,3.273461103439331
1933,1240209,STAD,4.297594,4.475963115692139
1615,1503364,STAD,4.513908,4.824233055114746
1613,1298357,STAD,4.475416,5.376075744628906
1168,910924,STAD,1.902667,2.458266019821167
1862,908139,STAD,-1.453497,-1.1533339023590088
1629,906869,STAD,4.376427,5.00050687789917
1004,908444,STAD,-1.455457,-4.430244445800781
1237,1322224,STAD,3.475266,3.8341498374938965
1578,1503364,STAD,5.235122,5.279024124145508
1250,909770,STAD,1.580501,2.5140225887298584
1057,909697,STAD,-2.095649,-1.4495168924331665
1512,1240155,STAD,4.92031,4.913473129272461
1007,1290806,STAD,-2.979709,-3.949110507965088
1004,1240209,STAD,-1.979944,-4.278733253479004
1199,924250,STAD,4.839411,4.115670680999756
1626,1240155,STAD,1.292957,2.6071438789367676
1011,1322224,STAD,0.805265,2.011500120162964
1510,1298357,STAD,8.122645,5.727745056152344
1939,906869,STAD,3.916332,3.6166863441467285
2045,908446,STAD,4.372558,3.557615041732788
1372,1322224,STAD,-1.193913,0.0700758844614029
1996,907276,STAD,4.755585,5.340813159942627
1250,910924,STAD,1.526864,1.8866746425628662
1560,908461,STAD,0.366502,2.4855051040649414
1511,908455,STAD,-2.422398,-1.596961259841919
1913,908455,STAD,5.561612,4.725476264953613
1598,908461,STAD,4.888342,4.376012325286865
1036,908445,STAD,5.306151,4.470573902130127
1913,909770,STAD,4.148472,4.701647758483887
1786,908455,STAD,4.297608,2.9976727962493896
1007,908445,STAD,-4.313357,-4.5232415199279785
1180,1298358,STAD,-2.399671,-1.8309428691864014
1909,909770,STAD,2.499144,1.7907891273498535
1919,1240209,STAD,2.473604,0.9457229971885681
1940,1240209,STAD,3.680713,3.8916401863098145
2109,1298357,STAD,2.687831,4.327506065368652
1849,908445,STAD,-0.524987,-1.706856608390808
1549,925340,STAD,6.096691,5.280279636383057
1915,1240209,STAD,3.403082,2.194615125656128
1557,910924,STAD,5.481636,4.772356986999512
1853,907276,STAD,2.739382,2.923558235168457
2111,1298357,STAD,5.815852,5.801753044128418
1927,910924,STAD,5.164485,4.535545825958252
1054,910924,STAD,3.223218,2.352037191390991
1912,909697,STAD,2.805503,2.5007762908935547
1091,908139,STAD,1.728397,2.5973782539367676
2106,1298357,STAD,5.970498,5.536381721496582
1168,1298357,STAD,2.396938,1.8275002241134644
1930,925340,STAD,0.009551,0.8466971516609192
1088,910924,STAD,1.977462,2.8497684001922607
1068,908139,STAD,2.450176,1.6486626863479614
1928,909697,STAD,4.672864,4.334562301635742
2044,906790,STAD,3.173584,2.309323310852051
1563,1298358,STAD,5.971735,6.199359893798828
1058,909770,STAD,1.901502,1.5276424884796143
1932,1240209,STAD,0.075822,2.6015584468841553
1561,1322224,STAD,-1.49837,0.7640403509140015
2044,1322224,STAD,1.55972,1.9540177583694458
1131,908444,STAD,6.279935,4.144803524017334
1237,908446,STAD,2.700174,4.074605464935303
1022,1298358,STAD,-0.201504,0.5229724049568176
1908,924250,STAD,4.639873,4.182297229766846
1626,908455,STAD,2.701305,2.8411107063293457
1853,1240209,STAD,5.57519,3.985835552215576
2046,1503364,STAD,1.625514,1.67531418800354
1919,908455,STAD,0.443469,0.23366262018680573
1626,906790,STAD,1.043906,1.0113948583602905
1578,906869,STAD,5.814571,5.241918087005615
1093,924250,STAD,6.526533,5.192014217376709
1997,910924,STAD,3.996362,4.510980129241943
1051,908455,STAD,1.820972,1.9496785402297974
2110,907276,STAD,5.953933,4.781211853027344
1036,907055,STAD,3.62156,3.8908803462982178
1936,1240155,STAD,0.409988,1.9261767864227295
1635,925340,STAD,5.618538,5.349607944488525
1615,909697,STAD,4.297077,4.36365270614624
1073,1240209,STAD,6.968131,5.281603813171387
1053,908446,STAD,2.439986,1.8255596160888672
1375,908444,STAD,4.810679,5.591711044311523
1578,1240155,STAD,4.46856,4.830504417419434
1598,908446,STAD,2.812969,2.766672134399414
1034,908455,STAD,-4.152621,-3.3111863136291504
1093,1290806,STAD,3.7522,3.579540491104126
1928,908139,STAD,4.164748,5.115160942077637
1862,924250,STAD,-1.635963,-1.0359193086624146
1248,909770,STAD,-4.858495,-4.109014511108398
1873,1503364,STAD,0.506074,0.5822925567626953
1564,1290806,STAD,3.196233,2.137859582901001
1017,1240151,STAD,3.83252,4.837223529815674
1625,1240209,STAD,5.452076,4.856635093688965
1005,1298358,STAD,4.96197,3.8460326194763184
1617,907055,STAD,1.525539,1.2279688119888306
1168,1240209,STAD,1.894262,1.7929723262786865
1249,907055,STAD,2.557309,2.3552322387695312
1079,1240209,STAD,-4.380121,-0.9847277402877808
1924,1298358,STAD,3.945976,3.567713975906372
1912,910924,STAD,0.874302,-0.10533641278743744
1512,908455,STAD,5.715334,5.01707124710083
1553,1240209,STAD,2.700509,2.488351821899414
2043,910924,STAD,3.461911,4.787459373474121
1627,925340,STAD,3.29154,2.7776663303375244
1854,909697,STAD,5.104109,4.5692524909973145
1926,907276,STAD,2.844635,1.8709511756896973
1926,925340,STAD,-0.218709,-0.3980647921562195
1930,1298357,STAD,3.073921,3.4574062824249268
2096,1298358,STAD,-1.125098,0.29647231101989746
1908,908446,STAD,2.10542,1.6019010543823242
1168,908445,STAD,3.018309,3.321416139602661
1557,1240155,STAD,4.396725,4.629851818084717
1613,1298358,STAD,1.662935,3.3110289573669434
1618,908461,STAD,3.409464,3.5327529907226562
1622,908444,STAD,3.352069,3.660767078399658
1177,908139,STAD,5.237689,5.166976451873779
1010,909770,STAD,2.647403,3.592113494873047
1629,908461,STAD,4.683398,5.030613899230957
1068,907055,STAD,1.337622,0.9360071420669556
1375,908139,STAD,6.722993,6.816300392150879
2096,925340,STAD,1.704139,1.4075382947921753
1916,1290806,STAD,1.582732,2.1286911964416504
1917,1503364,STAD,1.208412,1.2395814657211304
1916,906790,STAD,1.804557,1.497849702835083
1578,925340,STAD,4.772434,4.797327041625977
1553,909697,STAD,1.619526,2.703036069869995
1131,908445,STAD,3.350196,4.466686725616455
1915,924250,STAD,1.816987,2.5660877227783203
1375,908455,STAD,6.225778,5.663625240325928
1631,1503364,STAD,2.292905,2.660200834274292
1058,924250,STAD,3.535836,1.8289378881454468
2106,925340,STAD,1.009107,2.1656196117401123
1051,908139,STAD,1.751997,2.8543992042541504
2044,1298358,STAD,5.242006,3.9655117988586426
1799,907276,STAD,1.726263,4.912387371063232
1617,1240209,STAD,1.346539,2.0599615573883057
1089,908444,STAD,2.548249,2.9066696166992188
2107,908461,STAD,4.533839,5.405370712280273
1918,909697,STAD,3.091522,3.3020827770233154
1200,909697,STAD,2.606044,2.3705263137817383
1549,907055,STAD,4.187121,2.7158925533294678
1558,910924,STAD,2.776144,2.273228645324707
1941,908455,STAD,-4.654339,-4.3062825202941895
1564,908444,STAD,3.060531,1.971803903579712
1559,1322224,STAD,-4.859521,-2.243891954421997
1511,906869,STAD,0.271593,-0.3340996503829956
1627,1240151,STAD,3.599723,2.6371312141418457
1089,908455,STAD,2.69381,3.529067039489746
1559,907055,STAD,-3.130027,-4.143082141876221
1507,908455,STAD,5.20523,4.63881778717041
1625,908444,STAD,5.150481,4.5136399269104
1911,908444,STAD,-5.599187,-5.267206192016602
1634,1240209,STAD,4.657827,4.267500877380371
1631,908455,STAD,2.645599,3.6322484016418457
1079,910924,STAD,1.200988,3.0756537914276123
1022,907055,STAD,-0.438459,-1.5479758977890015
1553,907055,STAD,-0.650172,-0.26510703563690186
1578,909770,STAD,4.392946,5.0162434577941895
1259,1240209,STAD,3.56136,4.383630752563477
1007,1240151,STAD,-4.235915,-3.180837392807007
2043,1240155,STAD,4.0122,4.279599189758301
1003,908445,STAD,-4.842051,-2.761781692504883
1017,1503364,STAD,3.700526,4.5593976974487305
1928,1298358,STAD,5.291748,5.248021125793457
1003,1240209,STAD,-1.673625,-1.7489240169525146
1511,1240151,STAD,-0.633448,-0.5710532665252686
1557,1298358,STAD,5.203352,6.316796779632568
1913,1298357,STAD,6.10025,6.370885848999023
1249,925340,STAD,2.568033,3.462846279144287
1613,907055,STAD,1.192824,2.4337189197540283
1259,1298357,STAD,5.307496,5.565435409545898
1925,908446,STAD,4.4084,3.668063163757324
1635,1298357,STAD,6.540988,6.3754096031188965
1177,906790,STAD,3.614659,3.3315439224243164
1561,1503364,STAD,0.365848,-0.7153193950653076
1512,908446,STAD,4.396581,4.230562686920166
1549,1240151,STAD,6.134985,4.903697490692139
1250,908445,STAD,4.322498,2.5133914947509766
1034,1240209,STAD,-5.033445,-2.8327481746673584
1529,1290806,STAD,-0.071364,2.746015787124634
1073,1503364,STAD,5.067084,3.5814783573150635
1032,908139,STAD,2.032468,2.432490348815918
1996,908446,STAD,3.730695,2.5835795402526855
2047,909770,STAD,1.056123,1.86577308177948
1930,924250,STAD,2.521693,2.3549797534942627
1852,908455,STAD,5.947359,4.943639755249023
1007,1298357,STAD,-1.553419,-1.7607686519622803
1083,907055,STAD,3.254785,3.0548105239868164
1549,1503364,STAD,-1.237756,-0.2958040237426758
2040,1298358,STAD,0.88995,0.8897571563720703
1199,908139,STAD,3.506188,4.028365135192871
1613,908445,STAD,1.731046,2.2847514152526855
1373,1322224,STAD,2.298838,1.9370148181915283
1017,924250,STAD,3.571559,5.811498165130615
1013,908444,STAD,1.741074,3.6568942070007324
1631,1240155,STAD,2.151734,3.711610794067383
1933,907055,STAD,2.891022,3.433427095413208
1912,1240155,STAD,0.833139,1.4445855617523193
1997,1503364,STAD,0.733899,2.982679605484009
1179,907055,STAD,-0.205342,-0.9288725852966309
1862,925340,STAD,-1.439444,-1.2495403289794922
1036,1322224,STAD,2.131439,2.318434000015259
2045,1298357,STAD,6.483525,6.072049617767334
1925,908444,STAD,5.177261,4.6271796226501465
1624,1298357,STAD,2.492911,3.063822031021118
1911,1503364,STAD,-5.849646,-5.366306781768799
1191,908445,STAD,-4.879777,-4.183593273162842
1032,909697,STAD,2.013882,1.924302101135254
1853,1240151,STAD,4.675914,4.787314414978027
1849,1298357,STAD,0.509244,1.9792137145996094
1873,909770,STAD,1.067257,1.069003701210022
1168,906790,STAD,1.868014,2.5696499347686768
1034,1290806,STAD,-2.134433,-3.5153043270111084
1626,908445,STAD,3.026951,2.3191049098968506
1915,909770,STAD,1.691624,3.015930652618408
1916,908461,STAD,2.324838,2.1681888103485107
1915,910924,STAD,3.206312,2.4212512969970703
1036,908139,STAD,5.525818,5.180587291717529
1620,1240155,STAD,4.391875,4.93212890625
1622,1240151,STAD,5.173103,4.437395095825195
1625,910924,STAD,4.321911,4.850486755371094
1200,1298358,STAD,4.03625,3.5349924564361572
1624,1503364,STAD,3.435603,2.853253126144409
1936,906869,STAD,3.314939,2.7110800743103027
1006,910924,STAD,0.10929,-0.49997591972351074
1011,1240151,STAD,2.909806,1.3279210329055786
1058,908139,STAD,2.790735,1.8636722564697266
1996,1240209,STAD,2.518932,4.1004252433776855
1624,907055,STAD,3.997068,2.2748448848724365
1928,1503364,STAD,4.124718,4.050230026245117
1239,924250,STAD,5.122409,5.111660957336426
1862,1290806,STAD,-0.762611,-1.2252357006072998
2109,910924,STAD,2.029025,2.0210843086242676
1005,908455,STAD,-0.638333,2.184859037399292
1930,908446,STAD,0.723462,-0.5108223557472229
1615,907055,STAD,4.854254,4.31397008895874
1927,907276,STAD,5.182427,5.706254959106445
1250,1298358,STAD,3.27839,3.5364325046539307
1046,909697,STAD,0.857776,1.0634220838546753
1012,908445,STAD,1.638222,1.2362738847732544
1910,1240151,STAD,1.746305,2.3435630798339844
1849,908139,STAD,-0.074976,0.6577646732330322
1199,906869,STAD,4.381942,3.7471325397491455
1049,906869,STAD,4.925053,4.43812370300293
2110,909697,STAD,4.830866,3.928964853286743
1511,908444,STAD,-2.622907,-1.7480671405792236
1563,925340,STAD,5.400886,5.857475757598877
1051,1240155,STAD,0.757094,3.319697856903076
1080,1503364,STAD,-4.960678,-2.8102548122406006
1179,908461,STAD,1.14138,0.09517905116081238
1631,1298357,STAD,3.22611,6.059227466583252
1507,906869,STAD,4.871368,4.99576473236084
1012,907055,STAD,1.060173,0.5966607928276062
2045,1240151,STAD,4.552376,4.787655830383301
1190,908461,STAD,1.038387,1.4331244230270386
1510,906869,STAD,3.406077,3.244838237762451
1908,1240151,STAD,2.241793,2.3924155235290527
1054,908446,STAD,1.557385,1.7342746257781982
1006,908445,STAD,0.087346,0.6599695682525635
2045,908444,STAD,5.093708,4.748387336730957
1049,1240155,STAD,4.477624,3.8725147247314453
1375,1290806,STAD,5.913816,6.813661575317383
1561,1298357,STAD,3.490193,3.365077018737793
1047,907276,STAD,7.054244,5.246417999267578
1239,1322224,STAD,0.29397,-0.6028535962104797
1558,1298357,STAD,2.165575,2.3940343856811523
1068,910924,STAD,0.619715,1.3097361326217651
1559,909697,STAD,-3.615818,-3.6170573234558105
1630,908455,STAD,3.298257,3.518172025680542
1853,908444,STAD,2.908417,2.9905176162719727
1996,910924,STAD,4.476811,3.9790115356445312
1022,907276,STAD,1.317336,0.774328351020813
1529,1503364,STAD,2.373593,-0.42454200983047485
1635,1240155,STAD,5.277118,4.820132255554199
1916,908444,STAD,2.579118,3.2273430824279785
1853,1298357,STAD,6.323045,5.96155309677124
1083,909697,STAD,3.127405,2.2053680419921875
1058,1240151,STAD,0.859474,2.1151342391967773
1073,908139,STAD,3.395521,4.845707893371582
1510,910924,STAD,3.719157,2.5100629329681396
1190,924250,STAD,4.193422,3.976104259490967
1930,1240155,STAD,0.363754,1.0139364004135132
1507,910924,STAD,5.415417,4.909020900726318
1013,1322224,STAD,1.088956,1.459253191947937
1916,1240151,STAD,2.546415,3.4407827854156494
1088,908446,STAD,0.642654,1.2917479276657104
1003,924250,STAD,0.256741,0.39899539947509766
1873,925340,STAD,1.012252,0.8798421025276184
1927,1322224,STAD,3.135519,3.6944124698638916
2107,908455,STAD,5.039816,4.996922492980957
1200,907055,STAD,1.675701,2.1606457233428955
1913,908461,STAD,6.6028,5.118167877197266
1908,906790,STAD,-0.406421,-0.6520493626594543
2109,909770,STAD,2.732032,2.8393781185150146
1927,908446,STAD,3.862622,3.4021835327148438
1910,908444,STAD,1.711753,2.0544023513793945
1068,1298358,STAD,2.368155,2.8124611377716064
2110,908461,STAD,5.152924,5.004154682159424
1854,908445,STAD,5.137143,4.623503684997559
1559,906790,STAD,-4.168021,-4.201135635375977
1919,907055,STAD,1.084791,1.190356731414795
1941,908446,STAD,-2.684097,-3.8165884017944336
1249,908445,STAD,2.82414,2.9892032146453857
1013,924250,STAD,4.595584,5.3327507972717285
1939,1290806,STAD,1.638237,3.421865940093994
1634,908461,STAD,4.641167,4.332705974578857
1051,908444,STAD,4.027963,1.5547147989273071
1080,925340,STAD,-3.646337,-2.840874433517456
1933,910924,STAD,5.04413,4.110089302062988
1922,910924,STAD,1.683494,1.7782033681869507
1006,1290806,STAD,2.367886,3.2188079357147217
1997,907276,STAD,4.941431,6.264941692352295
1862,908444,STAD,-0.75994,-1.2342190742492676
2111,909770,STAD,1.298343,3.51448655128479
1626,907276,STAD,3.209144,3.6553189754486084
1005,906869,STAD,2.60008,4.127696990966797
2045,909770,STAD,4.971137,4.974664688110352
2044,1290806,STAD,3.76517,3.2227566242218018
1005,910924,STAD,3.985785,3.694516181945801
2040,909770,STAD,1.364165,-0.6427196860313416
1084,906790,STAD,-4.638671,-2.7192509174346924
1006,907276,STAD,2.973598,3.128337860107422
1250,907276,STAD,1.464737,0.4377092719078064
1933,1322224,STAD,1.089526,3.3791420459747314
1786,908461,STAD,4.701762,3.2113850116729736
1239,908139,STAD,2.525283,2.9512839317321777
1558,908445,STAD,5.514073,3.770930290222168
1549,906869,STAD,1.851182,2.3700711727142334
1510,908461,STAD,4.650502,4.14715576171875
1046,1240151,STAD,2.795213,2.491490602493286
1563,906790,STAD,5.584424,5.011135578155518
1199,1240209,STAD,3.189976,3.477403402328491
1873,907055,STAD,-0.65507,0.07403907179832458
1088,906869,STAD,3.69137,4.559356212615967
1012,1322224,STAD,0.396451,0.3554334044456482
1561,1240155,STAD,0.908631,1.5926045179367065
1932,909770,STAD,3.63564,3.591909170150757
1080,909697,STAD,-4.313648,-4.517630577087402
1010,908444,STAD,3.267915,3.212697982788086
1625,907055,STAD,4.818998,4.442805290222168
1924,908139,STAD,5.682158,4.186159610748291
1931,1290806,STAD,5.063905,5.369784832000732
1088,908455,STAD,0.473349,1.5616439580917358
1559,908139,STAD,-1.614162,-1.0885189771652222
1620,908445,STAD,4.720573,4.939515113830566
1578,910924,STAD,4.809329,5.247442722320557
1012,910924,STAD,0.866942,1.5459637641906738
1373,925340,STAD,3.717879,4.252546787261963
1927,1298357,STAD,4.566686,6.725301265716553
1512,907276,STAD,5.990147,5.942485809326172
1199,1322224,STAD,1.833914,2.0440568923950195
1088,908139,STAD,5.604544,4.3312296867370605
1089,1240155,STAD,2.731934,4.279853820800781
1911,925340,STAD,-5.607107,-5.077987194061279
1996,908139,STAD,3.194305,4.760781764984131
1036,908461,STAD,5.381118,4.699481964111328
1560,1503364,STAD,2.447958,2.4373888969421387
1249,1240155,STAD,1.796551,3.159198045730591
1073,908444,STAD,4.465062,4.223907470703125
1799,1298358,STAD,6.939161,6.1164374351501465
1614,908455,STAD,4.567027,4.008491516113281
1915,907276,STAD,3.434219,3.741831064224243
1617,908455,STAD,2.485628,0.6304013133049011
1560,908139,STAD,3.854157,3.7923085689544678
1511,1290806,STAD,-0.888351,-1.588267207145691
1593,1298357,STAD,1.190294,3.6176400184631348
1849,906790,STAD,-0.682664,-1.8568778038024902
1085,924250,STAD,5.930289,4.539947032928467
1629,906790,STAD,3.221774,3.656989336013794
1918,907276,STAD,5.224723,4.362753391265869
1089,907276,STAD,4.404094,5.075833320617676
1511,1240209,STAD,-1.428285,-0.9660220146179199
1922,908461,STAD,3.427837,1.8621712923049927
1511,1322224,STAD,-2.517285,-2.323925733566284
1873,924250,STAD,2.433273,1.946628212928772
1910,1322224,STAD,0.907111,2.1538257598876953
1512,1240151,STAD,4.907519,5.472318649291992
1054,906869,STAD,4.715948,3.7564780712127686
1080,906869,STAD,-0.568788,-1.8621270656585693
1578,907055,STAD,4.635325,4.586946964263916
1012,1290806,STAD,1.229745,1.1323336362838745
1620,907276,STAD,5.312183,5.820043563842773
1046,906869,STAD,4.087615,2.2136545181274414
1373,1290806,STAD,3.977936,4.628891944885254
1862,1503364,STAD,-1.812797,-1.7546095848083496
1625,1240151,STAD,5.494672,4.323190212249756
2047,908455,STAD,2.332036,2.8435380458831787
1634,910924,STAD,5.168499,3.86094331741333
1034,909770,STAD,-3.097766,-2.635511875152588
1941,908445,STAD,-3.954266,-3.025538682937622
1007,909697,STAD,-5.236715,-5.507701873779297
1017,1298357,STAD,7.24747,6.947865962982178
1613,908461,STAD,2.280621,3.35040545463562
1007,1240155,STAD,-3.252303,-4.762240409851074
1922,1298358,STAD,5.009025,2.1938350200653076
1873,1298358,STAD,2.092485,2.2482266426086426
1003,909697,STAD,-4.302873,-4.543211460113525
1003,907276,STAD,1.644029,0.22968578338623047
1558,1503364,STAD,-2.045392,0.31450778245925903
1053,1298358,STAD,2.952701,2.2923731803894043
1564,908446,STAD,2.374741,1.807066559791565
1080,910924,STAD,-3.6618,-4.6955647468566895
1558,908444,STAD,3.015951,2.9532153606414795
2106,907276,STAD,2.853319,3.9386861324310303
1089,909697,STAD,3.045706,2.5367393493652344
1635,1240209,STAD,4.73776,5.1724724769592285
1510,907055,STAD,3.67105,2.0348546504974365
1248,906869,STAD,-5.045584,-3.284705638885498
1259,1503364,STAD,2.377454,3.5274388790130615
1237,906869,STAD,5.897064,5.380050182342529
1613,925340,STAD,0.521528,2.298593759536743
1598,1240151,STAD,5.160993,4.941454887390137
1529,907276,STAD,3.394792,4.18747615814209
1617,908445,STAD,1.335464,2.407167673110962
1593,908461,STAD,3.246023,2.768801689147949
1529,906790,STAD,0.792469,0.021733969449996948
1268,1240151,STAD,4.838841,4.320736408233643
2048,908139,STAD,-3.215183,-2.7178757190704346
1131,908455,STAD,5.484926,5.357183933258057
1940,907276,STAD,3.19007,5.109498977661133
1012,1503364,STAD,1.091736,1.3346813917160034
1922,1240155,STAD,2.396659,2.570314407348633
1560,906869,STAD,3.700227,3.3392322063446045
1060,1322224,STAD,-0.179085,0.8175373673439026
1034,906869,STAD,-2.065336,-3.242677688598633
1558,906790,STAD,2.988917,1.499853253364563
1559,925340,STAD,-1.986549,-1.149760127067566
1919,906869,STAD,1.205583,1.149375081062317
1912,908139,STAD,3.11956,3.008962392807007
1561,909697,STAD,2.024547,2.3109638690948486
1560,1240151,STAD,5.345708,4.203232288360596
1068,925340,STAD,0.607816,1.5299948453903198
1017,906790,STAD,3.45723,3.912254810333252
1511,1240155,STAD,-1.433211,0.3664860129356384
1909,906869,STAD,2.366336,2.777235269546509
1177,908444,STAD,5.159955,3.9587810039520264
2046,1290806,STAD,3.988269,3.2149784564971924
1079,1322224,STAD,0.524375,1.4493811130523682
1250,908444,STAD,4.997371,1.9491201639175415
1622,908455,STAD,4.88413,4.444746494293213
1908,925340,STAD,1.149431,1.482194185256958
1925,1322224,STAD,3.975875,3.7117767333984375
1199,908461,STAD,5.052672,3.883263111114502
1080,906790,STAD,-3.849761,-4.252386569976807
1926,909770,STAD,0.719667,1.1438077688217163
1093,908444,STAD,3.921787,3.832174777984619
1613,909697,STAD,3.299393,2.7244937419891357
1512,924250,STAD,6.161083,6.303333282470703
1634,909697,STAD,3.136175,3.663616180419922
1614,925340,STAD,3.471441,3.949235439300537
1912,908455,STAD,2.777486,2.585667371749878
1854,1240151,STAD,5.941551,4.7810444831848145
1017,1240155,STAD,4.869358,4.433570384979248
1913,908445,STAD,4.776299,4.405836582183838
1179,910924,STAD,-0.14513,-0.006516903638839722
1080,1298357,STAD,1.377004,0.47882625460624695
1512,909697,STAD,5.099873,4.552124977111816
1088,908444,STAD,1.797108,1.7216365337371826
1559,1298357,STAD,1.760232,0.19553251564502716
1010,1503364,STAD,-0.562318,-0.03558714687824249
1933,1503364,STAD,2.90138,4.231815338134766
1553,908444,STAD,2.878714,3.2529711723327637
1564,908455,STAD,2.473173,2.6524884700775146
1615,907276,STAD,6.236661,5.667160987854004
1200,906869,STAD,3.657538,3.373647928237915
1372,908461,STAD,0.1374,-1.1238601207733154
1862,1298358,STAD,-1.088591,-1.4572426080703735
1862,906790,STAD,-2.165499,-1.7870292663574219
1559,908445,STAD,-3.105582,-2.0801310539245605
1191,1298357,STAD,-3.625223,-2.8430302143096924
1620,1298358,STAD,5.932347,5.963770866394043
2048,906790,STAD,-4.985409,-4.507184982299805
2096,908444,STAD,3.21561,2.5561089515686035
1563,1298357,STAD,7.394064,7.255946636199951
1054,908455,STAD,3.824758,4.3066277503967285
2040,908446,STAD,-2.181395,-0.26865965127944946
1007,907055,STAD,-6.607761,-5.963074684143066
2107,907055,STAD,3.736081,4.786059856414795
1862,908446,STAD,-2.150268,-1.9139814376831055
1032,1503364,STAD,-5.257743,-2.502568244934082
1004,908461,STAD,-0.084727,-2.2334134578704834
1013,1240209,STAD,4.580479,3.7763166427612305
2110,1298357,STAD,6.078437,6.703183650970459
1022,906790,STAD,0.024323,-0.12066023051738739
1917,908446,STAD,0.026851,0.8263655304908752
1598,908444,STAD,3.492907,3.3932292461395264
1036,908444,STAD,4.994049,4.241501331329346
1576,908461,STAD,3.844546,3.081186532974243
1630,908445,STAD,3.803189,4.163516044616699
1941,925340,STAD,-3.343785,-2.8193037509918213
1200,1503364,STAD,3.156818,2.7086946964263916
1259,925340,STAD,3.692914,2.5689234733581543
1940,908139,STAD,4.695964,3.994608163833618
1199,1298358,STAD,5.451479,4.236075401306152
2107,906790,STAD,3.152314,4.267110347747803
1928,907276,STAD,4.498307,5.518495082855225
1058,907276,STAD,3.608598,3.1475775241851807
2106,1322224,STAD,3.769778,0.6063985824584961
1621,908139,STAD,4.459291,5.20432710647583
1932,910924,STAD,2.381129,1.6158148050308228
1268,907276,STAD,3.785065,4.632636547088623
1191,910924,STAD,-5.354256,-5.021976947784424
2040,908445,STAD,-2.930509,-0.8136217594146729
1034,924250,STAD,-1.851773,-0.8607783317565918
1997,908455,STAD,2.82861,4.071818828582764
1060,906869,STAD,0.221413,0.505592942237854
1010,908139,STAD,3.474231,3.9530534744262695
1047,1322224,STAD,3.341204,3.81992769241333
1926,1298358,STAD,2.320363,1.4768390655517578
1073,1240155,STAD,3.928921,3.1238932609558105
1248,1298358,STAD,-4.768154,-4.107056617736816
1073,1298358,STAD,3.640007,4.016308784484863
1635,909697,STAD,4.23515,4.5243682861328125
1200,908455,STAD,3.170829,2.7384753227233887
1180,908444,STAD,-3.726116,-3.7609598636627197
1918,909770,STAD,4.713148,4.1541876792907715
1080,1240209,STAD,-3.382859,-3.4836649894714355
2040,908455,STAD,2.060704,1.0528720617294312
1922,907055,STAD,1.536515,1.4296011924743652
1594,909697,STAD,4.41047,4.493424415588379
1593,1240151,STAD,1.68203,1.5626429319381714
1558,1322224,STAD,1.205235,1.3654189109802246
1079,908455,STAD,0.484896,-1.5659987926483154
1620,1331037,DLBC,3.807751,3.3784890174865723
1046,910930,DLBC,0.356986,0.18666063249111176
1089,1331038,DLBC,3.139347,1.5024230480194092
1853,1331033,DLBC,3.385344,3.373119831085205
1630,1331033,DLBC,2.574516,1.2888898849487305
1941,906832,DLBC,-4.812613,-5.193418979644775
2040,1331036,DLBC,-0.201823,-0.47009408473968506
2096,1331048,DLBC,2.721842,2.207914113998413
1560,1327773,DLBC,2.028098,2.0489935874938965
1511,910919,DLBC,-2.772673,-3.6177175045013428
1799,1303897,DLBC,5.849379,5.441093444824219
1557,1331048,DLBC,3.833543,4.054400444030762
1190,909773,DLBC,-2.545608,-2.770785093307495
1168,907274,DLBC,2.578312,2.6173112392425537
1624,910919,DLBC,-0.85222,-0.5400609374046326
1873,907274,DLBC,0.860308,0.738248884677887
1553,910934,DLBC,-0.029301,-0.08686302602291107
1004,1303897,DLBC,-3.931744,-5.267892837524414
1510,910930,DLBC,3.124821,3.6631968021392822
1259,907274,DLBC,3.946579,3.5825915336608887
1559,910934,DLBC,-4.083337,-4.1129608154296875
1177,907274,DLBC,2.602032,4.223226547241211
1629,910930,DLBC,3.163535,3.725858688354492
1915,1331036,DLBC,0.912347,1.1713870763778687
1849,907274,DLBC,-2.149183,-2.0618627071380615
2106,1331036,DLBC,-0.401059,-1.2096806764602661
1911,910930,DLBC,-6.438966,-6.395760536193848
1615,1297449,DLBC,4.707124,3.691040277481079
1911,906832,DLBC,-7.442591,-6.456097602844238
1925,910935,DLBC,3.736304,3.5901308059692383
1613,1327769,DLBC,1.103488,0.6511716842651367
1553,1331032,DLBC,2.907434,2.932868003845215
1926,1331038,DLBC,2.997942,2.633021831512451
1032,1331032,DLBC,0.979612,1.826352834701538
1003,910934,DLBC,-4.339042,-4.1299309730529785
1022,910919,DLBC,-0.741473,-2.2618680000305176
1799,1331036,DLBC,1.323347,1.7647730112075806
1919,910934,DLBC,1.235156,0.9289218783378601
1084,909773,DLBC,-2.13333,-2.5516858100891113
1557,910930,DLBC,2.993835,3.6809792518615723
1922,910919,DLBC,1.417635,1.8460808992385864
1250,1331045,DLBC,0.886814,3.397017478942871
1083,909773,DLBC,0.988794,2.3381824493408203
1625,1330995,DLBC,5.367423,4.334332466125488
1931,1331050,DLBC,4.363951,3.5345776081085205
1047,1303897,DLBC,2.193475,0.8422811031341553
2044,910935,DLBC,1.71599,2.212468385696411
1177,1303897,DLBC,3.759883,3.7216992378234863
1622,1331037,DLBC,2.137979,2.0212345123291016
1250,1331036,DLBC,-0.817795,-0.5273882746696472
1047,909773,DLBC,3.839663,4.690873146057129
1932,1303897,DLBC,4.379765,4.414461135864258
1625,1297449,DLBC,4.711853,3.381749391555786
1088,1331045,DLBC,1.534762,0.5829981565475464
2045,1331048,DLBC,3.179573,2.536187171936035
1003,1331038,DLBC,-4.801422,-4.17202091217041
1625,1327773,DLBC,3.660145,3.4161183834075928
1005,906832,DLBC,1.634974,2.0432193279266357
1093,1330995,DLBC,3.856518,4.466451644897461
1003,910919,DLBC,-4.090036,-5.1274237632751465
1553,910935,DLBC,3.281048,2.26517391204834
2043,1331033,DLBC,2.629074,3.8326265811920166
1084,910919,DLBC,-5.920623,-5.946961879730225
1047,1327773,DLBC,0.738341,3.97831130027771
1005,1331037,DLBC,2.083892,1.8883938789367676
1060,1331045,DLBC,0.56693,1.1129610538482666
1625,909773,DLBC,3.716711,3.953521251678467
1626,1303897,DLBC,5.805301,4.101999759674072
1088,1331037,DLBC,0.232597,0.9737969040870667
1620,910919,DLBC,3.847237,3.7894210815429688
1627,1297449,DLBC,2.407369,2.135368824005127
1620,1331036,DLBC,3.632018,3.359886407852173
1079,1331038,DLBC,2.108834,1.5232516527175903
1924,1331045,DLBC,3.534487,3.762894630432129
1576,910919,DLBC,1.85359,1.7071456909179688
1060,910919,DLBC,-0.666274,-1.5684770345687866
1179,1331037,DLBC,-0.320993,-0.38092291355133057
1594,1331045,DLBC,4.133848,4.7544097900390625
2111,1331038,DLBC,1.643073,0.5805638432502747
1908,1331038,DLBC,2.590185,2.5382492542266846
1786,1331045,DLBC,2.041713,1.6840052604675293
1799,907274,DLBC,1.420369,3.8597068786621094
1912,906832,DLBC,1.527165,2.874579668045044
1614,1327773,DLBC,2.404779,2.8585734367370605
1046,1331037,DLBC,0.383847,0.6843222379684448
1578,1327773,DLBC,3.625769,3.675588369369507
1073,1330995,DLBC,3.212511,4.0118088722229
2043,1331032,DLBC,4.711704,3.9815521240234375
2110,910930,DLBC,2.731394,3.2585883140563965
1060,1331033,DLBC,-0.421944,-0.015637055039405823
1918,1331037,DLBC,-2.125851,-0.7838640213012695
1084,1331038,DLBC,-2.503241,-2.3447670936584473
1239,907274,DLBC,2.760168,1.8296809196472168
1997,1303897,DLBC,3.092353,1.806030035018921
1549,1297449,DLBC,2.257433,2.804581880569458
1046,1331032,DLBC,0.42205,-0.006534576416015625
1032,1331050,DLBC,0.845182,0.45644938945770264
1630,907274,DLBC,3.222366,2.794980525970459
1918,907274,DLBC,0.240116,2.1834616661071777
2040,906832,DLBC,1.267218,1.2440245151519775
1191,1331032,DLBC,-5.242804,-5.46110200881958
1057,1331032,DLBC,-1.489473,-1.741025686264038
1248,1331050,DLBC,-6.22793,-7.9874749183654785
1034,1331045,DLBC,-1.253624,-1.6494452953338623
1375,1303897,DLBC,6.281827,4.586444854736328
1862,1331033,DLBC,-2.028418,-2.2124621868133545
1909,1327773,DLBC,1.167485,0.15811392664909363
2048,910934,DLBC,-6.12796,-5.469288349151611
1085,1330995,DLBC,1.41665,1.9473464488983154
1931,1331036,DLBC,1.323445,2.6072731018066406
2045,1303897,DLBC,4.236537,5.1289381980896
1621,1331048,DLBC,2.341641,1.8387922048568726
1564,1297449,DLBC,2.694928,3.147247076034546
1629,1331048,DLBC,3.638612,3.412583827972412
1093,1327769,DLBC,3.627455,4.14317512512207
1631,1330995,DLBC,4.583288,3.4156060218811035
1849,909773,DLBC,0.19482,-1.3881051540374756
2110,910934,DLBC,3.755253,2.1975626945495605
1855,1331037,DLBC,1.617189,2.7567458152770996
1852,910934,DLBC,3.810016,4.334388256072998
1079,910930,DLBC,1.740971,1.1728683710098267
1549,1327773,DLBC,2.300863,3.1142804622650146
1615,910930,DLBC,3.621576,4.101019382476807
2046,1330995,DLBC,1.859895,1.761439323425293
1060,1331036,DLBC,-0.594385,-0.35421496629714966
1940,1327769,DLBC,2.780905,3.9558355808258057
1855,1331048,DLBC,2.479823,2.6960723400115967
1057,1330995,DLBC,-3.013205,-2.1485700607299805
1855,1331038,DLBC,3.509598,3.1115167140960693
1598,910935,DLBC,3.307551,3.2091379165649414
1621,910935,DLBC,2.862029,2.4730722904205322
1007,910919,DLBC,-6.052977,-5.8707075119018555
1177,910919,DLBC,1.996348,2.058053970336914
1180,910934,DLBC,-4.600777,-4.241426944732666
1578,907274,DLBC,4.14159,4.319772720336914
1051,1331045,DLBC,-0.552745,1.895980715751648
1507,1330995,DLBC,5.386205,4.376070499420166
2044,1331037,DLBC,2.419138,1.5126017332077026
1553,906842,DLBC,-2.3336,0.6412386894226074
1630,910934,DLBC,3.09749,1.3002623319625854
1939,910934,DLBC,2.614688,1.486560583114624
1375,906832,DLBC,5.293028,5.415734767913818
1083,1327773,DLBC,3.069271,2.3404860496520996
1578,1330995,DLBC,2.458092,4.64839506149292
1873,1303897,DLBC,1.571126,1.773483157157898
2044,1331045,DLBC,3.445566,3.687089204788208
1624,1303897,DLBC,4.960781,4.7814249992370605
2106,1327769,DLBC,1.894745,3.05713152885437
1179,1330995,DLBC,-0.26779,-0.896674394607544
1908,1331050,DLBC,3.092577,2.5672106742858887
1047,1331037,DLBC,2.568091,2.6746559143066406
1910,1327773,DLBC,0.801045,0.8258709907531738
1054,1331038,DLBC,3.473251,3.391411781311035
1373,906832,DLBC,2.088477,3.920217514038086
2048,910919,DLBC,-5.079389,-6.050605297088623
1922,1330995,DLBC,2.231932,2.4383392333984375
1560,1331050,DLBC,2.776785,1.6080782413482666
1179,1303897,DLBC,-0.881812,0.19662320613861084
1621,1297449,DLBC,2.375658,2.560649871826172
1237,909773,DLBC,4.195808,4.119832992553711
1910,909773,DLBC,2.040038,2.3532567024230957
1915,906832,DLBC,2.382234,2.5902469158172607
1088,910934,DLBC,0.314982,0.2558344304561615
1047,907274,DLBC,4.397056,4.517240047454834
1852,906832,DLBC,4.980311,4.861705780029297
1510,1331032,DLBC,4.330975,3.4506185054779053
2107,910930,DLBC,3.009749,4.240484237670898
1933,910935,DLBC,1.481485,2.361640214920044
1199,1327773,DLBC,2.811625,3.1847007274627686
1631,1297449,DLBC,1.250652,0.8424829244613647
1060,1297449,DLBC,-0.713107,0.721186101436615
1022,906832,DLBC,0.26577,-1.0621438026428223
1913,1331050,DLBC,3.21679,3.5328190326690674
1916,1331032,DLBC,2.005306,3.12263822555542
1910,1331036,DLBC,2.266965,2.140902519226074
1249,1331037,DLBC,1.764487,2.299560546875
1085,906832,DLBC,1.079669,1.6225614547729492
1088,910935,DLBC,-0.544759,-0.5107465386390686
2043,1331038,DLBC,2.351103,3.2150540351867676
1005,1330995,DLBC,3.893267,1.7111907005310059
1372,1331037,DLBC,0.885733,0.47599321603775024
2106,1331050,DLBC,-3.816944,-1.6285200119018555
1913,910935,DLBC,3.53594,3.7702651023864746
1179,909773,DLBC,-0.832631,-0.5123107433319092
1032,1303897,DLBC,3.742664,2.9057815074920654
1873,1331045,DLBC,1.41404,1.6398190259933472
1622,906832,DLBC,2.230646,3.426270008087158
1249,1327769,DLBC,1.660846,2.2401373386383057
1622,910934,DLBC,3.778981,2.8501648902893066
1084,1331045,DLBC,-1.571471,-2.3287479877471924
1613,1297449,DLBC,2.702362,1.5113590955734253
1635,907274,DLBC,5.030543,4.486205577850342
1559,1331048,DLBC,-3.162196,-4.311946392059326
1855,1331036,DLBC,1.247325,2.0667989253997803
1558,1331048,DLBC,2.293493,2.328303575515747
1614,907274,DLBC,3.196517,3.368396282196045
1057,1331048,DLBC,-2.678551,-2.884052038192749
1939,910930,DLBC,3.288667,1.9326279163360596
1529,1330995,DLBC,0.652162,0.9577627182006836
1629,1331036,DLBC,3.518328,3.126375913619995
1558,1327773,DLBC,1.90205,2.0486931800842285
1930,1330995,DLBC,0.745491,0.8330480456352234
1941,1331038,DLBC,-5.211402,-4.444619178771973
1017,910930,DLBC,2.224524,2.2304580211639404
1854,909773,DLBC,4.161033,3.5963075160980225
1006,910935,DLBC,-1.720201,-0.5699840188026428
1010,1330995,DLBC,3.361325,2.930856227874756
1849,1327773,DLBC,-0.768881,-2.2477972507476807
1051,907274,DLBC,1.125875,1.923888921737671
1054,906832,DLBC,1.498249,3.278226613998413
1635,910919,DLBC,3.992403,3.997293472290039
1549,1331032,DLBC,4.447927,3.9427990913391113
1913,1327773,DLBC,3.505982,3.908139228820801
1010,910934,DLBC,2.745651,2.487445592880249
1085,1331045,DLBC,2.295724,1.571138858795166
1010,1331032,DLBC,3.099885,3.0176753997802734
1626,907274,DLBC,-0.585116,1.3929266929626465
1997,1331033,DLBC,2.624299,2.866495132446289
1634,907274,DLBC,4.490467,3.758704900741577
1613,1331032,DLBC,2.768371,2.3118021488189697
1913,1331032,DLBC,4.563312,4.151615619659424
1084,1331032,DLBC,-3.835448,-3.46640682220459
1529,1331036,DLBC,-2.462114,-1.8023099899291992
1559,1297449,DLBC,-3.800218,-3.0558407306671143
1529,1331045,DLBC,1.811443,-0.1974536031484604
1996,1327773,DLBC,3.022857,2.798128366470337
1091,1327769,DLBC,1.262888,1.4888792037963867
1625,1303897,DLBC,5.830285,5.885495662689209
1911,1331032,DLBC,-5.937751,-6.277790069580078
1862,910934,DLBC,-2.050746,-3.008925437927246
1631,910935,DLBC,1.344813,0.9813700318336487
1373,1327773,DLBC,2.347654,3.4567999839782715
1621,1327773,DLBC,2.858629,2.5870280265808105
1259,1331048,DLBC,-0.439687,0.0034882277250289917
1191,1330995,DLBC,-5.228323,-5.571683883666992
1933,910930,DLBC,2.112427,2.8190271854400635
1131,1327773,DLBC,2.979095,2.354701519012451
1932,1331050,DLBC,1.778388,1.5452386140823364
1083,1331037,DLBC,0.879324,2.3185431957244873
1852,1303897,DLBC,5.835423,4.941667079925537
1853,1303897,DLBC,5.221138,3.912696123123169
1613,1330995,DLBC,0.419342,0.3951369524002075
1032,1331037,DLBC,0.110208,0.6640525460243225
1786,910934,DLBC,0.872269,0.549264132976532
1080,1331045,DLBC,-2.85719,-2.176379919052124
1022,1331032,DLBC,-1.064983,-0.9654667377471924
1624,909773,DLBC,2.620937,2.832671880722046
1941,910935,DLBC,-4.307296,-4.910801410675049
2106,1331032,DLBC,2.265493,2.932868003845215
1563,1327769,DLBC,4.255534,4.010292053222656
1237,1331045,DLBC,4.890899,4.268769264221191
1598,1331032,DLBC,3.465835,3.5379064083099365
1022,1331036,DLBC,-3.376432,-2.6107704639434814
1375,1331037,DLBC,4.881613,5.474114894866943
1631,1331036,DLBC,-0.738762,0.15803837776184082
1620,1331038,DLBC,3.668022,3.8951947689056396
1079,1327773,DLBC,-2.904447,-0.4042667746543884
1248,1327773,DLBC,-5.848304,-6.156439304351807
1931,906832,DLBC,4.57888,4.523330211639404
1930,1331037,DLBC,-1.895474,-0.4778153896331787
1177,910930,DLBC,2.601446,1.681954264640808
1131,1331037,DLBC,2.83654,2.424724817276001
1622,1331033,DLBC,3.085753,2.796975612640381
1239,1331050,DLBC,-0.155512,0.7147254347801208
1089,1327769,DLBC,1.858028,1.350745677947998
1190,1331032,DLBC,-3.896539,-4.415433883666992
2110,1331038,DLBC,3.711367,3.3800010681152344
1940,1331048,DLBC,3.271398,3.6705362796783447
1011,910930,DLBC,2.733964,1.828853726387024
1249,1330995,DLBC,2.058965,2.7116148471832275
1625,910919,DLBC,2.457386,2.373248338699341
1564,1331048,DLBC,2.814343,2.6249582767486572
1927,1303897,DLBC,5.848604,6.0384721755981445
2043,906832,DLBC,4.990392,4.743088245391846
1049,910934,DLBC,2.01778,1.3429923057556152
1613,1303897,DLBC,2.53851,1.4680756330490112
1507,906832,DLBC,3.945619,4.116040229797363
1634,906842,DLBC,2.286879,2.7720534801483154
1553,910919,DLBC,1.328155,1.6778677701950073
1854,1331038,DLBC,3.711314,3.790647029876709
1561,1331036,DLBC,-1.70087,-2.1489861011505127
1598,1331050,DLBC,3.19869,2.995168685913086
1013,1331048,DLBC,0.917773,2.2325117588043213
1911,910935,DLBC,-7.991619,-7.170804023742676
1563,1303897,DLBC,6.227236,5.683952808380127
1627,910919,DLBC,1.982659,1.8035212755203247
1079,907274,DLBC,0.843006,-0.0017594397068023682
1799,906842,DLBC,0.483307,1.9078162908554077
2040,907274,DLBC,1.506743,0.5030587315559387
2040,909773,DLBC,1.80721,0.5163968801498413
1073,1331036,DLBC,2.235866,1.2749505043029785
1932,906832,DLBC,1.782761,1.8073008060455322
1917,1331033,DLBC,0.960033,1.0497912168502808
1022,1303897,DLBC,-0.637305,-0.05765400826931
1927,910935,DLBC,4.430491,3.4837355613708496
1032,1331038,DLBC,1.803509,1.537808895111084
1051,910935,DLBC,-0.485,-2.8639862537384033
1561,910934,DLBC,-1.659894,-0.6844989657402039
1131,1327769,DLBC,2.690525,1.7947494983673096
1621,1331033,DLBC,1.925671,2.4055957794189453
1626,1331045,DLBC,2.620204,2.8312768936157227
1093,1331038,DLBC,3.184099,3.329465389251709
1613,1331037,DLBC,2.070943,1.8849787712097168
1549,1331050,DLBC,1.944206,1.7197120189666748
1199,1331050,DLBC,1.55263,2.481947660446167
1058,1330995,DLBC,1.988021,2.0918328762054443
1624,907274,DLBC,0.761105,2.2584102153778076
1941,1331037,DLBC,-5.323809,-5.3259077072143555
2096,1331036,DLBC,2.011934,2.0621702671051025
1553,1331038,DLBC,3.527414,3.480426549911499
1073,1331037,DLBC,3.378583,3.3973333835601807
2045,909773,DLBC,3.869682,4.308884620666504
2110,1327769,DLBC,4.57686,2.00293231010437
1089,1331050,DLBC,2.085613,1.578044056892395
1557,1331045,DLBC,4.642925,4.3970866203308105
1199,1331037,DLBC,1.73204,2.143660306930542
1046,1331045,DLBC,0.600995,-0.29378020763397217
1916,1331050,DLBC,-2.181041,-1.164780616760254
1627,910930,DLBC,2.046158,1.8499237298965454
1627,907274,DLBC,2.081098,2.4086170196533203
1932,1327769,DLBC,1.279541,3.03269100189209
1177,906832,DLBC,4.012862,3.7126176357269287
2047,1303897,DLBC,3.035692,3.6282925605773926
1853,909773,DLBC,3.300965,2.2714717388153076
1131,1331048,DLBC,2.768899,1.8105177879333496
1512,1331050,DLBC,4.206155,3.9359397888183594
1854,906842,DLBC,2.822493,3.6325385570526123
1047,1331033,DLBC,3.167788,3.418827772140503
1068,1331048,DLBC,0.076142,0.3969176411628723
1913,1330995,DLBC,5.445677,4.280114650726318
1558,906832,DLBC,1.499051,2.26424241065979
1918,1330995,DLBC,4.692575,4.285097122192383
1180,1331037,DLBC,-3.977897,-4.1574482917785645
1239,1331033,DLBC,0.917521,0.38941502571105957
1627,906842,DLBC,0.781793,1.6200730800628662
1853,1331038,DLBC,2.714528,2.3384697437286377
1940,1331032,DLBC,3.242894,3.6007657051086426
1849,1331048,DLBC,-1.763257,-2.45587158203125
1922,1331048,DLBC,1.546011,1.5755449533462524
1862,1303897,DLBC,-1.665794,-2.1280312538146973
1615,1331032,DLBC,3.639452,4.210565567016602
1131,906832,DLBC,3.547684,3.1672983169555664
1939,909773,DLBC,4.165169,2.272332191467285
2043,910935,DLBC,4.162859,4.070929527282715
1190,910919,DLBC,-4.113275,-5.205359935760498
2044,1327769,DLBC,2.05281,2.4615440368652344
1017,1331038,DLBC,1.845731,2.310377597808838
1559,910935,DLBC,-4.365861,-4.397663116455078
1177,1327769,DLBC,2.791936,2.236690044403076
1560,1331033,DLBC,2.865571,2.247763156890869
1249,1303897,DLBC,5.383763,4.079891681671143
1561,910935,DLBC,2.986711,2.328864812850952
1941,1331045,DLBC,-2.916448,-4.935672760009766
1915,1331037,DLBC,0.8792,1.7529376745224
1373,910919,DLBC,3.092042,1.80832839012146
2044,909773,DLBC,3.956309,2.568061351776123
1922,1331033,DLBC,1.192273,1.0203564167022705
1093,910935,DLBC,2.347547,3.024054527282715
1631,1331033,DLBC,1.544878,0.749754786491394
1625,1331038,DLBC,3.711362,3.8619730472564697
1085,910935,DLBC,0.907563,1.0999656915664673
1083,906842,DLBC,0.546764,1.1333931684494019
1925,1331037,DLBC,3.176321,3.5674381256103516
1372,1330995,DLBC,3.218519,3.057576894760132
1799,1331032,DLBC,4.711535,3.815260410308838
1091,1331037,DLBC,0.822556,1.9917716979980469
2111,1327769,DLBC,2.312811,1.2769277095794678
1089,1303897,DLBC,1.661198,2.3535547256469727
1011,910919,DLBC,2.38438,2.479001522064209
2048,1327773,DLBC,-4.632192,-4.709670543670654
1046,1327773,DLBC,0.251345,0.9611651301383972
1622,1331032,DLBC,3.107427,3.330092430114746
1190,906832,DLBC,-5.096793,-3.912365436553955
1617,1331033,DLBC,0.452978,1.0980215072631836
1005,1331050,DLBC,1.479952,1.0570987462997437
1932,907274,DLBC,1.849483,2.4278173446655273
1909,1327769,DLBC,0.887335,0.9988757967948914
1559,909773,DLBC,-2.800524,-3.4936017990112305
1006,1331045,DLBC,-2.230144,-1.545526385307312
1053,1331050,DLBC,-1.214456,-1.2689733505249023
1563,1331036,DLBC,3.228773,3.7271876335144043
1088,910919,DLBC,0.763202,-0.1559823602437973
1250,1330995,DLBC,2.667289,2.365540027618408
1926,909773,DLBC,0.408836,1.8460761308670044
1168,1331050,DLBC,1.403612,2.601081371307373
1630,1331032,DLBC,2.141358,2.956923246383667
1549,910930,DLBC,3.562267,3.2661523818969727
2048,1331033,DLBC,-5.804995,-6.446596622467041
1005,1331045,DLBC,2.464717,1.4248727560043335
1511,1331045,DLBC,-0.767438,-2.817558526992798
1930,910919,DLBC,-0.78937,-1.1676229238510132
2045,906832,DLBC,4.990392,4.1335320472717285
1925,910919,DLBC,3.386306,3.6069319248199463
1854,910935,DLBC,3.448211,3.7570083141326904
1922,1327773,DLBC,1.549935,1.299263596534729
1079,1331036,DLBC,-3.451681,-0.14433763921260834
2110,910919,DLBC,3.881674,0.925328254699707
1034,1327773,DLBC,-4.90777,-3.4230775833129883
1180,1331048,DLBC,-4.081186,-4.189891338348389
1060,910930,DLBC,0.10066,-0.7980175018310547
1512,1331037,DLBC,3.807933,3.49664306640625
1373,1331036,DLBC,2.515213,2.1409735679626465
1936,1331045,DLBC,1.795943,1.1014140844345093
1908,1327769,DLBC,0.192852,0.20889566838741302
1627,1331038,DLBC,1.382451,1.7986739873886108
2096,1303897,DLBC,4.397128,4.36257266998291
2111,1330995,DLBC,4.636631,2.819040298461914
1614,910935,DLBC,1.407117,0.8391336798667908
1237,1331038,DLBC,3.641385,3.6368253231048584
1919,1303897,DLBC,2.998992,2.4608030319213867
1047,1331045,DLBC,4.734348,3.196568727493286
1635,1331033,DLBC,4.050281,3.9229888916015625
1507,910935,DLBC,0.963635,3.1916463375091553
1560,1297449,DLBC,2.859996,1.8800032138824463
1849,1331045,DLBC,-0.957789,-1.9611074924468994
2045,1330995,DLBC,4.157163,4.0587663650512695
1049,1331033,DLBC,2.706913,2.140437602996826
1084,906832,DLBC,-3.696087,-4.794986248016357
1916,1327769,DLBC,1.840627,2.290060043334961
1625,1331048,DLBC,3.688855,2.914323568344116
1939,1331048,DLBC,1.801521,2.1830501556396484
1372,1303897,DLBC,3.369174,2.367825984954834
1007,910930,DLBC,-6.097264,-5.996126174926758
2045,1327769,DLBC,3.50912,2.261552333831787
1928,1327769,DLBC,2.025405,2.154480218887329
1873,909773,DLBC,0.380798,0.8993020057678223
1005,1303897,DLBC,1.141946,0.8604440689086914
2043,1331050,DLBC,4.236011,4.091434955596924
1598,1331037,DLBC,2.553864,2.093204975128174
2047,910930,DLBC,0.962896,1.5623713731765747
1924,906832,DLBC,3.474602,3.815485954284668
1598,1330995,DLBC,4.318555,3.8728928565979004
1630,906842,DLBC,2.486377,0.3799936771392822
1060,906842,DLBC,-0.736204,-0.17012615501880646
1083,1303897,DLBC,3.979048,2.301421642303467
1940,1331050,DLBC,3.27029,3.614248037338257
1997,1327769,DLBC,3.375431,4.615959644317627
1010,1331037,DLBC,2.080103,2.1312367916107178
1563,1297449,DLBC,4.580305,4.94204568862915
1032,1297449,DLBC,0.914907,1.2911036014556885
1909,1331045,DLBC,-2.752131,1.0889403820037842
1917,909773,DLBC,1.044184,0.9478875398635864
1593,1331048,DLBC,2.62417,0.6591137647628784
1372,910919,DLBC,0.778102,-0.520536482334137
1199,910919,DLBC,1.930284,2.448561668395996
1032,910930,DLBC,1.491349,1.1506978273391724
1561,906842,DLBC,0.067726,-1.3600157499313354
1930,1331036,DLBC,-2.254259,-1.4008209705352783
1849,1297449,DLBC,-0.518823,-2.537100076675415
1190,1331033,DLBC,-3.902512,-3.6213443279266357
1557,1330995,DLBC,5.430778,5.141462326049805
1373,1330995,DLBC,4.912757,3.5517683029174805
1089,907274,DLBC,2.090785,2.692528486251831
1908,910930,DLBC,1.758934,1.5623713731765747
1912,1327769,DLBC,2.961989,2.3379673957824707
2045,907274,DLBC,2.321763,3.101724863052368
1916,910934,DLBC,0.943886,1.0783311128616333
1179,907274,DLBC,0.10742,-0.37196141481399536
1939,1331033,DLBC,2.704384,1.9620434045791626
1621,1330995,DLBC,4.478803,3.8796629905700684
1034,907274,DLBC,-5.896206,-3.765632152557373
1624,1331032,DLBC,1.886536,2.7427268028259277
1916,907274,DLBC,1.184643,1.9704811573028564
1912,1331037,DLBC,-1.639683,-1.489055871963501
1011,1330995,DLBC,-0.555959,-1.406965970993042
1560,1331038,DLBC,3.27133,3.7078542709350586
1190,910935,DLBC,-5.191813,-5.747441291809082
1917,1331032,DLBC,2.2235,1.6596239805221558
1916,1303897,DLBC,4.156406,4.001657009124756
1933,1331037,DLBC,3.773072,1.5879887342453003
1022,909773,DLBC,-1.26093,-1.012380838394165
1997,906832,DLBC,2.102223,0.8907679319381714
1013,1331032,DLBC,3.017075,3.1998205184936523
1593,1331033,DLBC,-0.0125,0.16478389501571655
1854,906832,DLBC,4.990392,4.214660167694092
1088,1331050,DLBC,-0.002381,0.8337612748146057
1036,910919,DLBC,2.729631,3.157636880874634
1618,1331033,DLBC,3.070178,2.1383721828460693
1617,1331045,DLBC,1.625762,1.1595649719238281
1613,910935,DLBC,1.090268,1.0837485790252686
1199,1331048,DLBC,2.378747,3.2272047996520996
1578,1327769,DLBC,4.665639,3.221017599105835
1084,1331036,DLBC,-3.868743,-5.687551498413086
1557,909773,DLBC,3.93644,3.9690165519714355
1131,1331036,DLBC,0.692829,0.9414169192314148
1022,1331045,DLBC,-0.845624,-0.8403947353363037
1620,1297449,DLBC,3.512196,4.365363597869873
1786,910935,DLBC,1.338598,1.6242446899414062
1614,1331033,DLBC,1.466474,2.000074863433838
1799,910919,DLBC,3.014888,3.4251954555511475
1909,1330995,DLBC,1.814132,-1.3369419574737549
1936,910930,DLBC,1.780426,1.4818933010101318
1854,910934,DLBC,2.565971,3.328131914138794
1249,1331032,DLBC,2.146226,2.5885062217712402
1549,1327769,DLBC,4.317099,3.6709823608398438
1200,1331050,DLBC,1.929118,2.0906569957733154
1249,1331033,DLBC,1.834109,1.5687994956970215
1614,1303897,DLBC,5.849985,5.569075107574463
1615,910935,DLBC,3.507511,3.236612558364868
1996,1331036,DLBC,0.419044,2.0960750579833984
1873,1331032,DLBC,-0.011637,0.49770164489746094
1627,1331048,DLBC,2.035932,2.1271414756774902
1635,909773,DLBC,4.153574,4.159658908843994
1068,910935,DLBC,0.465331,0.2531038820743561
1549,910919,DLBC,3.155088,3.3601648807525635
1022,910930,DLBC,-1.668539,-1.511128544807434
1922,910935,DLBC,1.756057,0.9704809784889221
1593,910934,DLBC,0.820551,-0.09246791899204254
1919,1331038,DLBC,0.730377,1.4169832468032837
2043,1330995,DLBC,4.552223,4.6389312744140625
1084,1331037,DLBC,-4.025483,-4.944372653961182
1560,1303897,DLBC,5.721869,5.174753665924072
1512,1303897,DLBC,5.850355,5.39624547958374
1079,906832,DLBC,1.628295,2.1815221309661865
1936,1330995,DLBC,1.952466,1.5812586545944214
1239,906832,DLBC,-0.118789,2.2285542488098145
1199,1327769,DLBC,2.251912,2.55837082862854
1908,1330995,DLBC,3.633966,2.8171157836914062
1558,1331038,DLBC,3.626743,3.214691638946533
1179,1331036,DLBC,-1.149588,-1.526608943939209
1512,906832,DLBC,4.990296,4.6833977699279785
1068,1297449,DLBC,2.00941,1.1428567171096802
1997,910935,DLBC,2.663378,4.744961261749268
1512,1327773,DLBC,3.057376,4.474139213562012
1011,1327769,DLBC,2.85655,1.4585307836532593
1928,907274,DLBC,1.799928,2.7421016693115234
1259,1330995,DLBC,2.035111,2.382699966430664
1630,910930,DLBC,3.881714,3.0945775508880615
1627,910935,DLBC,0.792889,1.896468997001648
1913,1331037,DLBC,3.211771,3.282618522644043
2045,910919,DLBC,2.120323,3.1473991870880127
1631,907274,DLBC,1.487702,1.868412971496582
1631,908141,LAML,1.117294,0.8304483890533447
2046,909253,LAML,0.667075,1.4859267473220825
1627,910688,LAML,1.8691,1.739606261253357
2096,1330947,LAML,0.124666,0.3923380672931671
1916,905938,LAML,1.906705,3.2981457710266113
1190,906870,LAML,-0.429726,-3.840427875518799
1011,907280,LAML,-0.582064,0.0961533635854721
2096,906870,LAML,2.457932,2.1874592304229736
1933,908448,LAML,4.900481,2.102570056915283
1011,1290455,LAML,1.933974,0.8520134687423706
1051,910947,LAML,0.012406,-0.6795352697372437
1011,753548,LAML,1.933587,-1.2394298315048218
1057,909253,LAML,-1.393024,-1.904844045639038
1912,1330947,LAML,1.042059,1.4415173530578613
1911,1330942,LAML,-3.16304,-3.8907694816589355
1060,907280,LAML,-4.067535,-3.2365331649780273
1093,907280,LAML,3.397159,3.9045848846435547
1003,1330947,LAML,-5.1164,-5.746807098388672
1852,907278,LAML,4.824398,4.5883636474609375
2040,1330942,LAML,2.67352,0.6533557772636414
1626,907280,LAML,2.094798,2.36008882522583
1179,908141,LAML,-1.073977,-0.8888278007507324
1916,906870,LAML,1.696381,2.927042245864868
1259,908451,LAML,0.780352,2.621829032897949
1564,753548,LAML,2.570071,1.6417312622070312
1248,909253,LAML,-6.315499,-6.231011390686035
1080,1330947,LAML,-5.874419,-5.612567901611328
1927,908148,LAML,3.782837,3.3523740768432617
1916,909253,LAML,1.640791,1.8963714838027954
1622,907300,LAML,3.754763,3.3907299041748047
1615,753548,LAML,2.978103,3.0612454414367676
1918,908148,LAML,0.29916,2.580508232116699
1854,906870,LAML,5.265308,4.416262149810791
1560,905938,LAML,2.169817,2.5873546600341797
1079,907300,LAML,2.678183,2.10741925239563
1250,907280,LAML,2.407535,1.9181110858917236
1179,1330983,LAML,-0.527145,-1.3022630214691162
1635,1330983,LAML,4.293963,4.29181432723999
1576,907278,LAML,2.452344,2.417541742324829
1925,908148,LAML,4.453427,3.490931272506714
1629,1290455,LAML,2.361777,3.7112209796905518
1068,907275,LAML,-0.226621,0.9417620897293091
1918,905938,LAML,1.802981,2.918009042739868
1928,753548,LAML,2.040786,2.5429134368896484
1248,908148,LAML,-6.386941,-6.314198970794678
1627,1290455,LAML,0.606441,1.6544861793518066
1089,907278,LAML,2.86499,3.873021125793457
1200,1330947,LAML,2.015621,1.2375508546829224
1862,907300,LAML,-1.700771,-1.587371587753296
1085,908451,LAML,2.185666,1.7927639484405518
1560,907275,LAML,1.535461,0.8026003837585449
2045,1290455,LAML,1.669759,3.6421470642089844
1613,753548,LAML,1.566153,1.2319049835205078
1576,907275,LAML,2.332896,1.406765103340149
1179,910688,LAML,-1.224752,-1.7500219345092773
1259,908141,LAML,-1.133622,0.09297756850719452
1924,1330947,LAML,1.678211,2.129300594329834
2096,907300,LAML,0.963512,1.611390233039856
1199,907300,LAML,2.674512,2.2524266242980957
1561,907300,LAML,-0.804848,-0.7095999121665955
1598,1330983,LAML,2.985562,3.196441173553467
1620,910688,LAML,4.164377,3.9602601528167725
2044,1290455,LAML,2.385577,2.6249001026153564
1005,907278,LAML,2.477947,2.270305871963501
1927,910947,LAML,3.35973,3.594175100326538
1372,1330947,LAML,-3.738527,-4.545539855957031
1933,909253,LAML,4.986165,3.32712459564209
1049,908141,LAML,3.018508,3.0207762718200684
1131,906870,LAML,2.197418,1.9082279205322266
1512,908141,LAML,4.290671,3.9393293857574463
2048,1330983,LAML,-4.993247,-4.682387828826904
2044,910688,LAML,4.909304,2.249518632888794
1922,909253,LAML,1.980773,1.7018392086029053
1180,906870,LAML,-4.04054,-4.113612174987793
1613,905938,LAML,2.957781,2.358433485031128
1924,905938,LAML,2.393139,4.043903350830078
1249,908451,LAML,3.099347,2.1330389976501465
2107,910947,LAML,1.852962,3.269904375076294
1032,906870,LAML,0.618951,0.7616427540779114
1564,907280,LAML,-1.021989,-0.3975026607513428
1862,1330942,LAML,-1.572837,-1.0373836755752563
1005,1290455,LAML,1.386818,0.7076895236968994
1927,1330985,LAML,4.989999,3.952753782272339
1614,906870,LAML,2.198098,2.6357827186584473
1625,907280,LAML,4.836828,3.8257994651794434
1006,909253,LAML,1.158058,-0.8299298286437988
1915,909253,LAML,1.310885,2.1621885299682617
1853,910688,LAML,4.518049,3.657992124557495
1083,1290455,LAML,1.698191,2.1039271354675293
1941,910688,LAML,-5.504918,-4.9418792724609375
2040,1330983,LAML,-2.435759,0.9669915437698364
1558,1330947,LAML,1.808272,1.4948567152023315
1005,909253,LAML,2.811906,1.8172417879104614
2045,910688,LAML,2.510406,2.0197436809539795
1006,905938,LAML,0.232367,-0.20117466151714325
1237,907278,LAML,4.931111,4.7351908683776855
1003,907280,LAML,-2.633582,-4.01400899887085
1932,910947,LAML,3.375464,1.4778850078582764
1908,908451,LAML,0.898997,0.4715462923049927
1237,905938,LAML,4.601222,4.018699645996094
1199,908141,LAML,2.484966,2.141716480255127
1932,907278,LAML,2.947259,2.9977779388427734
1931,753548,LAML,2.290716,2.722250461578369
2111,753548,LAML,2.857422,1.2918645143508911
1910,908451,LAML,1.918376,0.8701474070549011
2043,910947,LAML,4.019705,3.960460901260376
1576,907280,LAML,2.39356,1.783152461051941
1199,910947,LAML,2.751233,2.4002768993377686
1928,910688,LAML,3.375499,3.1416921615600586
1168,907278,LAML,2.161125,2.2208569049835205
1873,910688,LAML,0.220355,-0.08223970234394073
1047,1330983,LAML,0.368638,4.400664329528809
1017,910947,LAML,2.063892,2.3893074989318848
1249,905938,LAML,4.046455,2.7220916748046875
1593,1330985,LAML,0.413621,0.052742257714271545
1629,907053,LAML,4.087424,3.8415746688842773
1011,905938,LAML,-0.887512,-1.311507225036621
1239,1330985,LAML,0.334374,0.3932417631149292
1563,910947,LAML,4.145421,4.043593883514404
1091,909253,LAML,3.760168,1.2836174964904785
2110,908448,LAML,2.971603,3.950477123260498
1917,1330947,LAML,-0.59136,-0.7007260918617249
1239,907280,LAML,1.863526,1.2602479457855225
1032,1330983,LAML,1.419179,1.4229669570922852
1931,908451,LAML,4.427783,4.326924800872803
1852,907053,LAML,3.685224,4.328047752380371
1060,907278,LAML,-0.143129,-0.05717708170413971
1924,908148,LAML,0.393157,2.0215559005737305
1051,905938,LAML,-0.70196,0.11055189371109009
1012,905938,LAML,0.201965,0.22357934713363647
2110,908148,LAML,3.763997,2.5053884983062744
1089,908141,LAML,0.061487,0.8461514115333557
1560,908451,LAML,1.993917,3.167276620864868
1624,907300,LAML,0.778761,0.6860467195510864
1032,905938,LAML,1.82684,1.1450936794281006
1852,1330942,LAML,4.811975,4.530459880828857
1925,910688,LAML,4.790995,4.488539218902588
1177,908141,LAML,0.266541,2.1236073970794678
1915,1330947,LAML,1.591174,1.2792630195617676
1549,753548,LAML,0.327238,2.531486988067627
1578,910688,LAML,4.057786,4.1585187911987305
1054,909253,LAML,2.573918,2.7251765727996826
1563,908451,LAML,5.093063,4.483348369598389
1091,905938,LAML,-0.166596,0.4717181921005249
2040,908448,LAML,-4.650721,-2.360506772994995
1593,907278,LAML,1.155552,1.2655733823776245
1093,753548,LAML,3.497811,2.8245065212249756
1941,909253,LAML,-2.221096,-2.6484949588775635
1561,1330985,LAML,2.961824,2.2258262634277344
1080,1330942,LAML,-2.245975,-1.1681867837905884
1615,910688,LAML,3.872626,3.439668893814087
1578,753548,LAML,3.762434,3.9879980087280273
1933,1330947,LAML,0.65555,1.751753568649292
1507,1330947,LAML,1.890372,1.92589271068573
1372,908148,LAML,-1.247448,-3.8892836570739746
2107,910688,LAML,3.492298,3.544842004776001
1576,1330983,LAML,1.379481,1.8700735569000244
1997,1330947,LAML,2.619696,1.9146898984909058
1634,1330983,LAML,2.936326,3.525480031967163
1625,907278,LAML,3.279422,4.416946887969971
1618,908141,LAML,2.436736,1.5274624824523926
1939,1290455,LAML,2.338991,3.0240373611450195
1919,753548,LAML,0.440185,1.137463092803955
1073,1290455,LAML,1.237588,2.240612030029297
1933,905938,LAML,1.49656,2.465442657470703
2043,907278,LAML,4.730082,4.277940273284912
1549,1330985,LAML,3.706929,3.2744269371032715
2045,905938,LAML,3.706029,3.860656976699829
1855,908141,LAML,2.685498,2.9182090759277344
1047,1330942,LAML,4.457563,4.435842990875244
2109,908448,LAML,1.872806,1.763249397277832
1512,909253,LAML,4.529003,4.153544902801514
1909,908448,LAML,-2.697847,-2.4641456604003906
1053,905938,LAML,4.129984,3.0988729000091553
1909,907278,LAML,-1.527004,-3.7862210273742676
1073,909253,LAML,4.429238,3.854581594467163
2046,907300,LAML,0.751372,1.2940833568572998
1083,907275,LAML,2.714352,0.9172911643981934
1080,906870,LAML,-3.585832,-4.547086715698242
2110,908451,LAML,4.10795,3.911177158355713
1917,1330985,LAML,-0.325307,0.15077544748783112
1911,905938,LAML,-5.027766,-5.651081562042236
1936,907278,LAML,2.339752,1.5843734741210938
1862,906870,LAML,-2.238564,-2.0920236110687256
2107,1330985,LAML,4.265053,4.105755805969238
1799,907278,LAML,2.783827,4.653316497802734
2046,905938,LAML,3.364902,1.8419532775878906
1614,907300,LAML,1.798495,2.6361327171325684
2110,905938,LAML,4.23334,3.7557644844055176
2107,1330947,LAML,2.303048,3.34073805809021
1911,1290455,LAML,-5.773166,-6.050252914428711
1786,909253,LAML,1.586291,1.5881507396697998
1862,909253,LAML,-1.281905,-1.476556658744812
1373,906870,LAML,2.047888,2.597500801086426
1057,910688,LAML,-3.337577,-3.38881516456604
1614,1290455,LAML,2.641975,2.8691234588623047
1912,907280,LAML,1.823612,2.7556118965148926
1912,753548,LAML,2.218605,2.0585973262786865
1131,1330983,LAML,5.384396,3.106180191040039
1622,908451,LAML,3.910776,3.3894639015197754
1249,907278,LAML,2.746853,2.8070034980773926
1924,1290455,LAML,2.388712,3.075342893600464
1912,908141,LAML,0.91805,1.483497142791748
1268,1330983,LAML,3.142098,3.8163981437683105
1091,910947,LAML,0.524004,1.9128488302230835
1053,1330947,LAML,0.965403,0.9610335826873779
1620,907300,LAML,3.504226,4.105953216552734
1912,1330942,LAML,3.791288,3.9789071083068848
1617,1330983,LAML,2.987387,0.42489999532699585
1613,1330985,LAML,-0.628393,1.299227237701416
1512,1330942,LAML,4.373482,4.571728229522705
1372,1330985,LAML,-3.741933,-1.4579248428344727
1626,906870,LAML,-0.59566,-0.8093671798706055
1997,1330942,LAML,4.114234,2.953176498413086
1939,907300,LAML,1.393682,2.286787271499634
1559,910947,LAML,-4.680953,-4.321249485015869
1084,1330942,LAML,-1.482464,-1.955665111541748
1557,1330942,LAML,4.92116,4.494226932525635
1047,908148,LAML,4.130092,0.879439115524292
1855,1330985,LAML,1.910774,2.58598256111145
1053,908451,LAML,2.943304,3.167895555496216
1630,905938,LAML,4.348793,3.250723361968994
1635,907275,LAML,4.372537,4.013680458068848
1510,1330985,LAML,2.995861,2.8654608726501465
1862,907280,LAML,-2.204688,-1.889427661895752
1093,1290455,LAML,3.584341,3.364501953125
2107,908451,LAML,4.56743,4.200271129608154
1200,1330983,LAML,1.991378,2.509023904800415
1200,905938,LAML,2.338496,2.4512531757354736
1560,907280,LAML,3.900346,3.3597426414489746
1852,1290455,LAML,4.887165,4.303889751434326
1626,1330942,LAML,2.424039,2.6615254878997803
2047,1290455,LAML,-0.815585,0.011038079857826233
1624,907275,LAML,-0.881524,0.20985202491283417
1939,907280,LAML,1.342328,2.5608906745910645
1618,1330983,LAML,2.204922,3.230882406234741
1131,905938,LAML,5.772691,3.016963243484497
1005,1330985,LAML,0.751936,0.5041419267654419
2044,907280,LAML,4.222719,3.7710752487182617
1373,909253,LAML,3.044351,3.5776631832122803
2107,908148,LAML,3.27908,3.2717294692993164
1131,908141,LAML,2.347508,2.368938446044922
1618,1330985,LAML,3.062933,2.7717838287353516
1561,1330942,LAML,5.052917,3.688913345336914
1916,910688,LAML,0.435288,0.9948287606239319
1022,1330985,LAML,-1.534381,-2.1890337467193604
2047,908448,LAML,2.444255,0.5771385431289673
1237,909253,LAML,4.986165,4.121417999267578
1011,910947,LAML,-2.100639,-0.7979007959365845
1922,910688,LAML,2.092305,1.844900131225586
1578,905938,LAML,4.818404,4.320591926574707
1057,910947,LAML,-1.633125,-1.8264923095703125
1593,1290455,LAML,-0.351623,1.1373881101608276
1168,908148,LAML,1.712236,1.5232115983963013
1561,1330983,LAML,-0.625298,1.470755934715271
1799,1330942,LAML,4.926315,5.146729946136475
1913,753548,LAML,3.951998,3.2506356239318848
1916,907280,LAML,2.757753,3.772841691970825
1007,907278,LAML,-4.321055,-4.131988048553467
1926,907300,LAML,-0.088976,0.11495114862918854
1940,1290455,LAML,3.247656,2.716878652572632
1924,906870,LAML,2.341355,3.7930541038513184
1909,1330985,LAML,1.075749,0.43619728088378906
1010,907278,LAML,3.219752,2.9278786182403564
1068,910688,LAML,-0.126077,0.43389758467674255
1512,908448,LAML,4.338462,4.536435604095459
1933,1290455,LAML,1.992158,2.6717653274536133
1549,1330947,LAML,2.46162,1.660744309425354
1529,908141,LAML,-2.08519,-2.407557249069214
1051,907053,LAML,1.919829,0.12799176573753357
1630,1330947,LAML,-0.414885,1.2548859119415283
1852,910947,LAML,4.019706,3.828732490539551
1084,908448,LAML,-3.172514,-2.814574718475342
1849,1330985,LAML,-0.978316,-1.6890811920166016
1911,908148,LAML,-5.564219,-6.623311996459961
1622,1330985,LAML,2.897661,3.33721661567688
1091,907280,LAML,1.24799,1.6316215991973877
1168,1330985,LAML,1.166676,1.2169127464294434
1922,1330947,LAML,1.345984,1.12564218044281
1085,908148,LAML,-4.554658,0.8530900478363037
1631,1290455,LAML,0.683775,2.0598416328430176
1177,1330947,LAML,0.657075,1.757549524307251
1930,907278,LAML,0.815538,0.916056215763092
2043,910688,LAML,3.19485,3.9421355724334717
1036,753548,LAML,3.702897,2.543497085571289
1627,753548,LAML,1.67096,1.2728395462036133
1191,1330985,LAML,-7.04285,-6.143794059753418
1635,908451,LAML,4.674772,4.271824836730957
1576,1330942,LAML,2.473759,2.685758590698242
1941,908141,LAML,-4.008188,-4.993086338043213
1910,906870,LAML,-2.967285,-2.809260129928589
1529,1330942,LAML,1.562719,-0.14628787338733673
1922,1290455,LAML,1.52207,1.91001558303833
1873,1290455,LAML,0.135024,0.3471583127975464
1598,908141,LAML,2.989434,2.5561227798461914
1073,910947,LAML,0.556843,1.9779188632965088
1091,908148,LAML,-1.059873,-0.43289077281951904
1563,908141,LAML,4.138213,3.988131046295166
1179,905938,LAML,0.377485,-1.3606986999511719
2111,1330983,LAML,3.038042,3.353940010070801
1179,1330947,LAML,-1.974214,-1.2315536737442017
1624,1290455,LAML,-0.924301,-0.17218796908855438
1190,907300,LAML,-3.330191,-4.0293989181518555
1093,1330942,LAML,4.544996,4.581705093383789
1036,907278,LAML,4.326934,4.057951927185059
1060,909253,LAML,-1.045981,-1.0191850662231445
1936,905938,LAML,1.359002,2.0029799938201904
1057,1330942,LAML,-0.886596,0.30732616782188416
1259,905938,LAML,0.962461,3.472794771194458
1237,908141,LAML,3.672807,3.633876085281372
1939,909253,LAML,4.982074,2.4297990798950195
1799,908141,LAML,4.316386,2.7292184829711914
2048,910688,LAML,-4.729299,-5.79301118850708
1559,1330942,LAML,1.061355,-1.2308685779571533
1249,906870,LAML,1.45288,1.4970721006393433
1511,1290455,LAML,-2.631466,-2.1931588649749756
1239,907300,LAML,-0.473125,0.15305614471435547
1620,906870,LAML,4.241971,4.5826096534729
1529,908451,LAML,-1.655327,-1.2099002599716187
1036,908451,LAML,5.150832,4.435596466064453
1088,753548,LAML,-0.104911,-0.4891887307167053
1625,905938,LAML,3.271004,3.2500951290130615
1034,907278,LAML,-3.763438,-3.4707553386688232
1564,907300,LAML,-0.119952,-0.09530578553676605
1615,906870,LAML,2.510169,4.130020618438721
1563,907280,LAML,4.922584,4.533022403717041
1250,753548,LAML,-0.93725,-0.529873251914978
1933,908141,LAML,3.648068,1.7736669778823853
1578,907300,LAML,3.706976,4.115330696105957
1046,908148,LAML,-0.556633,0.30109649896621704
1012,908451,LAML,1.313851,0.8538759350776672
1190,909253,LAML,-2.493901,-2.8501763343811035
2044,910947,LAML,2.815349,2.1880760192871094
1626,908141,LAML,-0.85276,-1.4881489276885986
1036,908448,LAML,4.900481,3.022477626800537
1916,1330985,LAML,2.075918,2.652425765991211
1629,907300,LAML,3.997593,3.913301467895508
1618,907278,LAML,2.042007,3.1790127754211426
1017,909253,LAML,4.705919,4.141139507293701
1621,910947,LAML,2.976572,2.744612455368042
1529,907278,LAML,0.243435,-0.6568605899810791
2040,907280,LAML,1.006583,0.7697585821151733
1909,905938,LAML,-4.545733,-2.0696663856506348
1997,1290455,LAML,4.875785,4.234455108642578
1093,908448,LAML,1.888167,3.707798957824707
1621,907278,LAML,4.636077,4.742968559265137
1564,907278,LAML,2.883507,2.593562126159668
1200,753548,LAML,1.850893,1.5790725946426392
1011,1330983,LAML,-1.928617,-1.0292532444000244
1073,907275,LAML,4.321523,3.2255733013153076
1549,907280,LAML,3.511126,3.4787402153015137
1511,908448,LAML,-2.570871,-2.6084535121917725
1634,910947,LAML,2.622427,2.5235958099365234
2046,907278,LAML,2.125507,1.2546038627624512
1561,1290455,LAML,-0.212986,1.3726612329483032
1561,910688,LAML,0.977403,0.9242912530899048
1563,907278,LAML,4.778632,4.936707496643066
1511,905938,LAML,-2.761438,-1.7952454090118408
1032,908141,LAML,1.160294,0.9454203248023987
1931,908148,LAML,4.224861,2.9162089824676514
1022,909253,LAML,-2.202501,-1.1213905811309814
1561,908141,LAML,-0.426157,0.5925535559654236
1940,753548,LAML,3.547618,3.1157634258270264
1032,1290455,LAML,0.954069,1.1442643404006958
1022,905938,LAML,0.288082,-0.965573787689209
1085,907278,LAML,1.066111,0.9740267992019653
1068,1330947,LAML,-0.619456,-0.19564388692378998
1578,906870,LAML,4.025662,4.347311019897461
1621,907300,LAML,3.834414,3.774521827697754
1918,907300,LAML,1.751015,2.430328369140625
1613,908141,LAML,1.100262,0.6124952435493469
1908,908141,LAML,0.06184,0.18117542564868927
1079,1330985,LAML,1.439922,-1.1735161542892456
1931,910688,LAML,4.999926,3.6590158939361572
1017,908141,LAML,2.291361,3.0147368907928467
1003,1330942,LAML,-2.246174,-3.329512596130371
1091,910688,LAML,1.329732,1.6303422451019287
1180,1330985,LAML,-3.07157,-4.3339362144470215
1507,907275,LAML,3.665473,3.1499226093292236
1259,1330942,LAML,2.900601,3.6534554958343506
2107,906870,LAML,5.02201,4.055407524108887
1996,908451,LAML,3.538457,3.6871752738952637
2046,908148,LAML,-0.156075,0.012450769543647766
1927,1330947,LAML,3.890748,3.0111682415008545
1372,905938,LAML,-3.417094,-3.869719982147217
1088,908448,LAML,0.249805,-0.19499541819095612
1627,907300,LAML,1.927492,1.8463854789733887
1073,908451,LAML,1.561235,3.0617101192474365
1248,910947,LAML,-6.816552,-7.721985816955566
1089,907275,LAML,3.224686,1.7789037227630615
1010,910947,LAML,2.387289,2.1058425903320312
1073,1330942,LAML,6.101544,5.213809013366699
1614,1330947,LAML,0.453925,1.7862460613250732
1786,1330947,LAML,-1.232935,-0.5631157159805298
1507,906870,LAML,1.752261,3.196929454803467
1177,907275,LAML,3.074986,2.8915703296661377
2040,908451,LAML,0.450737,0.7732458710670471
1941,1330942,LAML,-1.37255,-1.000902533531189
1560,1330947,LAML,2.151003,1.8835601806640625
1578,908451,LAML,4.820373,4.410749435424805
1624,905938,LAML,0.754864,1.8486531972885132
1510,907278,LAML,4.15405,3.6646270751953125
2106,908451,LAML,3.306927,3.5347323417663574
1615,907300,LAML,3.474122,3.72473406791687
1007,907280,LAML,-4.121865,-5.0068135261535645
1022,1330942,LAML,0.274543,0.21181881427764893
1560,907053,LAML,3.891209,3.8660595417022705
1032,1330942,LAML,1.232252,1.881982445716858
1032,910688,LAML,1.198387,1.3302690982818604
2045,906870,LAML,3.576734,3.0130810737609863
1928,907280,LAML,3.451492,3.1074209213256836
1512,908148,LAML,4.546627,3.65108060836792
1003,905938,LAML,-4.551981,-4.4995293617248535
1053,910688,LAML,1.316163,1.012729287147522
1910,908148,LAML,-0.419851,0.9787831902503967
1614,910947,LAML,2.433921,2.41113543510437
1854,1290455,LAML,4.921821,3.4233956336975098
1854,907278,LAML,4.59764,4.184632301330566
1058,906870,LAML,-1.772624,-0.48561859130859375
1909,907300,LAML,-5.314452,-3.463059663772583
1631,1330983,LAML,2.37989,2.3740179538726807
1629,1330942,LAML,5.521508,4.466229438781738
1941,910947,LAML,-3.109216,-4.690596103668213
1786,907300,LAML,1.15719,2.673522472381592
1853,907053,LAML,4.22588,3.4055545330047607
1922,753548,LAML,-0.0476,0.8419965505599976
1237,906870,LAML,3.487545,4.677430152893066
1083,1330985,LAML,1.548857,0.6836349368095398
1080,910688,LAML,-5.725145,-5.509825229644775
1012,907300,LAML,-0.284314,0.09900274872779846
1630,908451,LAML,3.259411,3.486541748046875
1918,910947,LAML,3.117745,2.516270637512207
1007,1330947,LAML,-6.550864,-6.59644079208374
1559,908448,LAML,-3.917183,-4.691614627838135
1089,907280,LAML,2.308486,3.0815024375915527
1613,907280,LAML,4.152935,3.024815082550049
1598,910947,LAML,2.431238,2.3414273262023926
1054,1330947,LAML,-1.491216,0.4536932110786438
2109,1330942,LAML,2.256638,2.7905831336975098
1598,908451,LAML,2.924202,3.0303826332092285
1180,907275,LAML,-4.292838,-4.0236358642578125
1032,907300,LAML,0.399982,1.052374005317688
1928,910947,LAML,2.291717,2.324197292327881
1635,908141,LAML,3.297969,3.9923362731933594
1634,905938,LAML,2.985509,3.5113861560821533
1941,906870,LAML,-1.856604,-3.6392314434051514
1557,1330985,LAML,4.448252,3.831855297088623
1849,907300,LAML,-0.920673,0.7748929262161255
1910,1290455,LAML,1.800943,0.3862765431404114
1578,910947,LAML,4.204681,3.6204240322113037
1510,907280,LAML,2.609223,2.5452215671539307
1919,910947,LAML,1.279499,1.1910622119903564
1199,1330942,LAML,3.228456,3.949213981628418
1563,909253,LAML,4.986165,4.264131546020508
1088,1290455,LAML,1.226506,0.338949978351593
1634,907278,LAML,4.301195,3.7003796100616455
1634,907053,LAML,3.130063,3.1909584999084473
1511,1330942,LAML,0.338695,-0.4422399401664734
1051,753548,LAML,-2.980202,-2.7447080612182617
1917,907278,LAML,1.514864,1.0269109010696411
1511,1330947,LAML,-4.593457,-3.906857490539551
1200,910947,LAML,1.016769,0.6206228733062744
1034,1290455,LAML,-3.730917,-4.516758918762207
1918,909253,LAML,4.859358,3.4854307174682617
1622,905938,LAML,3.19745,3.4837028980255127
1373,907278,LAML,2.62036,2.9283995628356934
1372,1330983,LAML,-4.309682,-3.6107099056243896
1088,907278,LAML,1.571238,1.1308757066726685
1624,1330985,LAML,1.003601,1.247645616531372
2044,1330983,LAML,1.532946,3.5592920780181885
1593,753548,LAML,0.618802,0.30056676268577576
1083,906870,LAML,0.647751,-0.40019237995147705
1190,910947,LAML,-5.012886,-4.880600929260254
1909,1290455,LAML,0.048359,0.040259599685668945
1919,907278,LAML,2.497943,1.3685590028762817
1083,907053,LAML,2.938301,0.7318265438079834
1022,907300,LAML,-0.964671,-1.3959808349609375
1060,1290455,LAML,-4.760291,-4.565771579742432
1578,1290455,LAML,3.773171,4.214990615844727
1634,909704,BLCA,3.760896,4.076124668121338
2046,906798,BLCA,4.198355,2.5033810138702393
1629,909704,BLCA,3.878987,4.392104148864746
2096,909749,BLCA,3.899083,3.5367298126220703
1917,687457,BLCA,3.928245,3.263117551803589
1190,753566,BLCA,-0.051835,4.4080119132995605
1011,724838,BLCA,3.067607,1.9981404542922974
2096,687455,BLCA,1.631028,3.0721373558044434
1933,909749,BLCA,5.403886,4.385429382324219
1011,909704,BLCA,2.816532,3.5862464904785156
1051,907065,BLCA,4.184968,3.2244317531585693
1011,687452,BLCA,2.984122,2.604846239089966
1057,906797,BLCA,-1.083195,-1.3895962238311768
1915,687452,BLCA,1.093429,0.8798226118087769
1913,687452,BLCA,4.544496,4.88564395904541
1060,687459,BLCA,1.5441,2.4248061180114746
1093,906797,BLCA,4.461642,4.802619457244873
1003,1290730,BLCA,-3.805755,-3.4160375595092773
1853,909704,BLCA,4.553046,3.8755249977111816
2040,909704,BLCA,-0.331916,1.1132185459136963
1627,753584,BLCA,2.05985,2.7948458194732666
1179,906798,BLCA,0.756636,0.5131341218948364
1917,687459,BLCA,1.933247,3.1961846351623535
1259,907065,BLCA,4.146432,4.899979114532471
1564,753584,BLCA,3.129659,3.3577880859375
1248,909749,BLCA,-4.239031,-3.315051555633545
1080,910926,BLCA,-4.992529,-3.840574264526367
1928,687452,BLCA,5.751531,4.812018871307373
1917,907066,BLCA,2.120291,4.086727619171143
1624,753552,BLCA,2.949497,2.1328070163726807
1615,909704,BLCA,5.075294,5.137260437011719
1919,753566,BLCA,2.714493,3.5762929916381836
1855,907312,BLCA,2.192163,3.729151487350464
1560,687457,BLCA,5.413422,4.5771918296813965
1079,753566,BLCA,4.251724,1.1181457042694092
1250,906797,BLCA,3.609793,2.1411209106445312
1180,687455,BLCA,-3.152436,-3.317842483520508
1799,687457,BLCA,5.635863,5.58573579788208
1576,909780,BLCA,2.823822,2.539229393005371
1926,687457,BLCA,0.907046,1.5399900674819946
1630,909780,BLCA,4.093845,3.524155616760254
1068,687459,BLCA,2.007429,1.6045441627502441
1919,687452,BLCA,0.522533,0.15829920768737793
1928,907065,BLCA,5.820176,4.798767566680908
1248,753584,BLCA,-3.48673,-3.210095167160034
1629,909780,BLCA,4.491585,4.354440689086914
1089,753566,BLCA,5.801208,6.206399440765381
1200,909780,BLCA,2.881701,2.5122506618499756
1873,909704,BLCA,0.966154,1.0856728553771973
1085,906798,BLCA,2.088023,2.3418121337890625
1560,753552,BLCA,3.377824,2.011249542236328
2045,907312,BLCA,4.691286,4.714546203613281
1613,907065,BLCA,5.375024,4.597066402435303
1576,909749,BLCA,2.93415,2.7520248889923096
1179,909749,BLCA,1.042368,1.6608422994613647
1259,753584,BLCA,3.364206,3.9332621097564697
1925,907066,BLCA,4.580035,5.31857442855835
2096,724838,BLCA,3.674275,3.600334405899048
1199,753566,BLCA,5.350948,5.036906719207764
1561,907066,BLCA,5.931318,5.331845283508301
1613,906798,BLCA,4.043897,3.289306402206421
1621,753566,BLCA,6.047795,6.334249496459961
2044,907312,BLCA,2.801064,2.4750001430511475
1005,753552,BLCA,2.608362,2.651759624481201
1928,753552,BLCA,2.979884,3.6122641563415527
1372,909749,BLCA,0.707134,1.6109408140182495
1933,910926,BLCA,2.450188,4.118834018707275
1049,753552,BLCA,3.777795,3.106290817260742
1131,753584,BLCA,2.915146,4.812858581542969
1512,753566,BLCA,5.281423,6.430678367614746
2048,909780,BLCA,-3.202279,-3.5591697692871094
2044,907065,BLCA,4.642941,4.374250411987305
1924,753584,BLCA,3.158454,3.6194801330566406
1180,753566,BLCA,2.000658,-0.6492965817451477
1613,907312,BLCA,0.75039,2.5969347953796387
1924,909780,BLCA,4.236718,4.2141571044921875
1249,907066,BLCA,4.822236,5.080102443695068
2107,907066,BLCA,5.559022,6.13593053817749
1022,910926,BLCA,-0.238328,-0.7020175457000732
1564,909704,BLCA,1.039768,1.7357298135757446
1908,724838,BLCA,4.663883,2.628185749053955
1005,909780,BLCA,1.724439,2.227104663848877
1928,906798,BLCA,3.430204,4.304457187652588
1614,909749,BLCA,2.87612,3.677380323410034
1626,753566,BLCA,4.120513,4.106182098388672
1006,907312,BLCA,-1.470559,-1.3684985637664795
1916,907066,BLCA,5.083013,4.654829502105713
1855,687455,BLCA,3.572412,4.475956439971924
1083,909704,BLCA,3.6596,3.5236194133758545
1941,909704,BLCA,-4.177495,-3.3973569869995117
2040,909780,BLCA,1.207777,1.5538225173950195
1558,909780,BLCA,3.790075,3.4857587814331055
1005,907312,BLCA,2.528605,1.8455826044082642
2045,907065,BLCA,6.353081,5.163523197174072
1006,687459,BLCA,3.301017,3.8793118000030518
1237,753552,BLCA,5.098118,4.638550281524658
1003,753566,BLCA,-2.47785,-0.10089106857776642
1933,687455,BLCA,4.433889,4.671664714813232
1909,910926,BLCA,1.634428,1.455815315246582
1237,687455,BLCA,4.361364,5.1904096603393555
1199,753584,BLCA,4.261369,4.128078460693359
1932,907065,BLCA,2.560406,3.8904294967651367
1931,906797,BLCA,5.56781,5.53974723815918
2111,687452,BLCA,3.941719,3.7148044109344482
1911,909749,BLCA,-4.598144,-3.7816290855407715
2043,907066,BLCA,4.31837,5.445230007171631
1576,910926,BLCA,1.615464,2.125018358230591
1199,909704,BLCA,3.713388,3.431691884994507
1930,687459,BLCA,1.787756,0.8835114240646362
1168,753584,BLCA,3.32077,3.4701616764068604
1909,687455,BLCA,2.920977,1.8944753408432007
1047,910926,BLCA,4.838823,4.034295082092285
1017,907065,BLCA,4.729194,5.130365371704102
1249,687457,BLCA,3.273459,4.254321575164795
1598,753552,BLCA,2.276937,3.4737186431884766
1630,753552,BLCA,3.177319,2.0891051292419434
1011,687455,BLCA,1.405467,3.0154550075531006
1248,724838,BLCA,-4.76425,-4.348832130432129
1564,687455,BLCA,1.253466,3.0354483127593994
1091,909704,BLCA,1.031175,1.5431993007659912
2110,753584,BLCA,4.343482,4.658382892608643
1918,909780,BLCA,4.43418,3.380418062210083
1239,753566,BLCA,6.322563,4.935779094696045
1032,909704,BLCA,2.310117,1.668127417564392
1931,1290730,BLCA,5.619998,5.424593925476074
1853,907065,BLCA,5.337787,4.208273887634277
1060,687457,BLCA,0.127149,1.3630000352859497
1925,687459,BLCA,5.650341,5.481179714202881
1049,1290730,BLCA,3.678185,4.431621074676514
1012,687455,BLCA,2.852949,2.0049872398376465
2110,753566,BLCA,6.331458,6.1217041015625
1089,906798,BLCA,2.266859,3.5626134872436523
1560,907312,BLCA,4.617477,2.4798150062561035
1625,753566,BLCA,4.826411,5.887998104095459
1022,909780,BLCA,-0.806071,-0.534532904624939
1854,687459,BLCA,4.411513,5.285806179046631
1926,753566,BLCA,4.837493,1.7849116325378418
1177,907312,BLCA,3.035323,4.113593578338623
1916,910926,BLCA,3.297426,2.7006890773773193
1529,910926,BLCA,-0.948515,-1.9496474266052246
1593,687457,BLCA,2.637568,4.480311870574951
1054,906797,BLCA,5.21825,4.799536228179932
1563,910926,BLCA,4.994971,4.838669776916504
1091,724838,BLCA,2.677743,2.3394298553466797
2040,753584,BLCA,1.059016,0.6395565271377563
1593,910926,BLCA,2.630937,1.1546931266784668
1093,687457,BLCA,4.932557,4.771256923675537
1941,907312,BLCA,-3.782499,-5.336640357971191
1563,687455,BLCA,5.640931,5.537558555603027
1080,909780,BLCA,-4.052958,-2.7276904582977295
1617,753566,BLCA,2.879685,5.4700236320495605
1578,907065,BLCA,5.972599,5.258387565612793
1936,687459,BLCA,2.718113,3.215566396713257
1507,909749,BLCA,5.052521,4.990148067474365
1372,753566,BLCA,2.521118,2.408365488052368
2107,907065,BLCA,3.759528,5.745749473571777
1578,906797,BLCA,5.675438,5.371821403503418
1997,909780,BLCA,3.936067,4.597761631011963
1786,687459,BLCA,3.745099,2.430840253829956
1626,753552,BLCA,1.72426,1.8172402381896973
1620,687457,BLCA,5.343099,5.850861072540283
1939,1290730,BLCA,3.743102,3.0449023246765137
1919,910926,BLCA,1.794479,1.4699466228485107
1073,909749,BLCA,5.602832,5.55818510055542
1933,753584,BLCA,5.241165,5.128904819488525
2043,687457,BLCA,4.547645,5.332353115081787
1549,909780,BLCA,5.027341,3.893711805343628
2045,687452,BLCA,4.969635,5.100400447845459
1862,1290730,BLCA,-1.876645,-1.7974467277526855
1047,909704,BLCA,5.376595,4.750332355499268
2109,753584,BLCA,2.196309,2.5916640758514404
1512,907065,BLCA,5.592635,5.705245494842529
1910,909749,BLCA,2.524414,2.2440996170043945
1051,1290730,BLCA,3.375058,2.4616057872772217
1910,906798,BLCA,4.331129,3.2954015731811523
1073,907066,BLCA,8.353894,7.0665435791015625
2046,724838,BLCA,4.201207,3.6061229705810547
1083,753552,BLCA,3.404121,3.3789470195770264
1080,687459,BLCA,-1.528039,-0.7232366800308228
2110,906797,BLCA,4.972023,4.975233554840088
1918,910926,BLCA,2.860587,2.9814019203186035
1912,753552,BLCA,1.734914,2.2647273540496826
1936,906797,BLCA,1.267352,3.033914566040039
1873,907065,BLCA,0.488712,1.0557680130004883
2107,910926,BLCA,3.626753,4.371708393096924
1849,907312,BLCA,-1.133198,-1.1441140174865723
2046,687452,BLCA,3.791167,2.7520065307617188
1615,687455,BLCA,4.899337,5.367216110229492
2110,687452,BLCA,3.027449,4.601710796356201
2107,909749,BLCA,5.699657,5.386252403259277
1912,1290730,BLCA,1.850243,2.0640223026275635
1799,910926,BLCA,4.76404,3.7909176349639893
1908,687452,BLCA,2.493627,2.7200729846954346
1373,687455,BLCA,4.777687,5.242470741271973
1057,906798,BLCA,-0.753863,-1.674971103668213
1615,753584,BLCA,4.647076,4.705409049987793
1913,753584,BLCA,4.651104,4.763978958129883
1913,687459,BLCA,4.685212,5.088501453399658
1168,687457,BLCA,3.971579,3.1985840797424316
1624,753584,BLCA,3.14209,3.084289789199829
1249,753584,BLCA,3.965469,3.5778861045837402
1925,906798,BLCA,4.882372,4.60243034362793
1913,906798,BLCA,3.874526,4.196813106536865
1268,910926,BLCA,3.41843,3.884765148162842
1091,909780,BLCA,3.45592,2.2913694381713867
1053,909704,BLCA,2.705395,3.4593617916107178
1621,687457,BLCA,4.988162,5.325891494750977
1913,1290730,BLCA,4.730883,4.775466442108154
1618,906798,BLCA,2.580122,3.584628105163574
1614,907065,BLCA,3.559796,4.130958080291748
1512,909749,BLCA,4.737999,5.478323936462402
1372,910926,BLCA,-3.352248,-2.447847366333008
1627,687457,BLCA,3.228113,3.335719347000122
1997,909749,BLCA,3.532909,3.3173294067382812
1939,906798,BLCA,4.595751,1.819710612297058
1559,907066,BLCA,-0.994564,1.9021743535995483
1084,909749,BLCA,-0.571618,-2.1588754653930664
1557,909749,BLCA,5.298556,4.846190929412842
1047,753566,BLCA,6.551058,6.302933692932129
1873,753584,BLCA,1.585573,1.5830714702606201
1053,753584,BLCA,3.957486,2.9999239444732666
1631,687459,BLCA,4.528935,5.142424583435059
1786,906798,BLCA,1.537208,2.7921690940856934
1510,910926,BLCA,3.318298,3.444943904876709
1873,907312,BLCA,0.655404,0.4844054877758026
1093,1290730,BLCA,5.446645,4.56107234954834
2107,906797,BLCA,5.447607,5.621933460235596
1200,910926,BLCA,2.382221,1.9802066087722778
1200,687455,BLCA,2.919201,2.700758457183838
1560,753584,BLCA,2.954598,3.8270246982574463
1854,687457,BLCA,5.162718,5.164788246154785
1627,909780,BLCA,2.864359,2.5038509368896484
2047,907312,BLCA,-0.9742,-0.4198301434516907
1625,687457,BLCA,5.256268,5.613536357879639
1939,906797,BLCA,1.734072,3.0268733501434326
1620,907065,BLCA,6.02648,5.716663360595703
1131,753566,BLCA,7.543942,6.934072971343994
1006,687455,BLCA,2.149964,1.6130467653274536
2044,687459,BLCA,4.364234,4.241902828216553
1373,906798,BLCA,5.23227,4.173056602478027
2107,753566,BLCA,5.934818,6.6665568351745605
1131,909704,BLCA,6.010589,5.443099498748779
1620,907312,BLCA,4.543421,4.93482780456543
1561,1290730,BLCA,-1.850697,0.9598451256752014
1917,907312,BLCA,0.710195,1.6649819612503052
1022,909704,BLCA,-0.048283,0.28272366523742676
2047,753584,BLCA,1.35258,3.980752468109131
1237,907312,BLCA,4.964539,4.715551853179932
1011,907312,BLCA,4.815409,2.231471061706543
1924,906797,BLCA,4.797631,3.8939578533172607
1578,907066,BLCA,4.311655,5.530460834503174
1057,907065,BLCA,-1.878239,-0.4499095678329468
1598,687455,BLCA,2.672348,3.2171685695648193
1168,907066,BLCA,1.747734,3.2279162406921387
1563,687452,BLCA,6.22498,5.491161346435547
1852,687457,BLCA,4.680971,5.5274810791015625
1915,687457,BLCA,3.592018,2.8864569664001465
1917,753552,BLCA,2.959999,1.4931399822235107
1007,724838,BLCA,-4.252185,-4.505901336669922
1926,1290730,BLCA,-0.778449,0.02290603518486023
1940,910926,BLCA,2.889882,3.5976319313049316
1924,910926,BLCA,3.138716,3.6734538078308105
1911,724838,BLCA,-4.820454,-4.887908458709717
1010,724838,BLCA,3.629408,3.514435291290283
1068,907065,BLCA,1.610328,1.3226615190505981
1512,906797,BLCA,5.532657,5.408967971801758
1936,687455,BLCA,3.09352,2.515194892883301
1549,909704,BLCA,4.165935,2.7789554595947266
1529,753552,BLCA,1.977861,0.9610570669174194
1051,687455,BLCA,1.752885,0.9353516697883606
1634,687452,BLCA,4.682486,4.617680549621582
1854,687455,BLCA,3.193156,5.004591464996338
1084,906797,BLCA,-1.485814,-1.3288174867630005
1853,753566,BLCA,4.390081,4.962191581726074
1912,907066,BLCA,4.098911,4.477074146270752
1624,909780,BLCA,2.806588,2.334892749786377
1091,753584,BLCA,2.022434,2.302159070968628
1177,687457,BLCA,5.232234,4.958291530609131
1924,907312,BLCA,3.100984,3.343113899230957
1085,753584,BLCA,3.177817,3.2417147159576416
1634,1290730,BLCA,5.458326,4.497299671173096
1179,687452,BLCA,-0.520786,0.20919127762317657
1930,907312,BLCA,-0.650886,-0.5434631109237671
2043,907065,BLCA,4.232567,5.390052795410156
1034,910926,BLCA,-3.727878,-3.74198579788208
1629,687455,BLCA,3.947928,3.8973772525787354
1199,687452,BLCA,4.094658,3.0956473350524902
1786,909749,BLCA,2.807135,3.286163091659546
1578,753566,BLCA,4.229155,6.160671710968018
1941,906797,BLCA,-5.826633,-5.78460168838501
1911,753584,BLCA,-4.263687,-4.30015230178833
1529,909704,BLCA,0.416485,1.5434534549713135
1924,907065,BLCA,2.01798,3.864564895629883
1909,687459,BLCA,2.758973,3.098284959793091
1598,909704,BLCA,4.270407,3.867957592010498
1073,909704,BLCA,3.202566,4.05430793762207
1091,907065,BLCA,1.972854,1.715407133102417
1563,909704,BLCA,5.596889,5.565501689910889
1179,724838,BLCA,1.812317,1.2486344575881958
2111,910926,BLCA,3.697515,3.2946112155914307
1180,687452,BLCA,-1.866181,-2.9161581993103027
1625,907312,BLCA,3.640022,4.223167896270752
1190,906798,BLCA,-4.587367,-4.402411937713623
1131,687452,BLCA,4.020158,5.545800685882568
1036,687459,BLCA,5.453636,5.403555393218994
1060,906798,BLCA,0.588384,1.1414746046066284
1936,753566,BLCA,3.055202,3.4365792274475098
1057,907312,BLCA,-2.052484,-1.638839840888977
1259,687457,BLCA,4.560016,3.3375282287597656
1237,906797,BLCA,5.248711,5.377943992614746
1939,909749,BLCA,3.367069,4.099083423614502
1849,909780,BLCA,-0.542249,-1.1637158393859863
2048,907065,BLCA,0.128134,0.07344253361225128
1559,909704,BLCA,-3.201297,-1.71962308883667
1249,687459,BLCA,5.255587,5.057552337646484
1511,909749,BLCA,-0.42396,-0.477453351020813
1239,753584,BLCA,3.698407,2.788661003112793
1620,909780,BLCA,5.371492,5.046241760253906
1529,906797,BLCA,-1.638487,-1.2124779224395752
1036,906798,BLCA,5.566856,4.195261001586914
1085,1290730,BLCA,3.321223,2.8931028842926025
1626,687452,BLCA,2.864739,3.5097365379333496
1034,687455,BLCA,-1.555254,-2.3794844150543213
1564,909749,BLCA,2.606179,3.796708822250366
1615,909780,BLCA,5.22494,4.7274980545043945
1563,907066,BLCA,6.790533,6.594847202301025
1250,687455,BLCA,2.324625,1.7997360229492188
1933,907312,BLCA,2.863149,4.001004219055176
1578,1290730,BLCA,4.947944,5.278136253356934
1046,753584,BLCA,2.493537,2.3807730674743652
1012,906798,BLCA,2.687246,1.461024522781372
1190,909704,BLCA,0.697752,-2.165252923965454
2044,907066,BLCA,4.538251,5.090099811553955
1627,906798,BLCA,1.434211,2.527362585067749
1036,906797,BLCA,5.530757,5.1542181968688965
1917,1290730,BLCA,0.987773,1.9876503944396973
1630,906798,BLCA,3.804618,2.8921902179718018
1618,1290730,BLCA,3.823175,3.9426004886627197
1017,906797,BLCA,1.848022,4.1478071212768555
1622,906797,BLCA,5.549692,5.014563083648682
1529,687457,BLCA,1.351254,0.6129148006439209
2040,687459,BLCA,1.219364,1.848028540611267
1910,753584,BLCA,2.220234,2.944563150405884
1997,909704,BLCA,4.260958,4.526937484741211
1093,907312,BLCA,4.122168,3.699664831161499
1622,687455,BLCA,4.176129,3.9825119972229004
1564,907312,BLCA,-1.759169,-1.2786281108856201
1200,687452,BLCA,3.255256,2.7232112884521484
1011,910926,BLCA,3.950722,2.008047580718994
1073,687459,BLCA,6.228839,6.229674816131592
1549,753552,BLCA,0.196343,-0.7047427296638489
1511,906798,BLCA,-2.410908,-2.288602113723755
1635,1290730,BLCA,5.353068,5.190084934234619
2046,687457,BLCA,4.815944,4.621325492858887
1561,910926,BLCA,0.872669,1.1912765502929688
1561,909749,BLCA,2.987288,2.432779312133789
1563,907065,BLCA,5.769769,6.199219226837158
1511,687457,BLCA,-1.016978,-0.20549823343753815
1032,753552,BLCA,-2.534574,-1.1018656492233276
1931,909780,BLCA,5.331021,5.182651996612549
1022,753584,BLCA,1.312506,-0.14063294231891632
1561,907312,BLCA,4.669996,2.0618793964385986
1940,687459,BLCA,3.426102,4.038869380950928
1032,906798,BLCA,1.728613,2.3451313972473145
1017,910926,BLCA,3.748165,4.571249008178711
1085,687459,BLCA,3.850643,3.418091297149658
1068,909749,BLCA,1.747569,1.1297426223754883
1578,907312,BLCA,4.214727,4.6599345207214355
1622,687459,BLCA,4.598529,5.38400411605835
1919,724838,BLCA,2.53742,2.6903975009918213
1614,687455,BLCA,5.378546,4.6479268074035645
1909,909704,BLCA,1.46091,2.0511505603790283
1079,1290730,BLCA,-0.91383,-1.556857705116272
1932,687455,BLCA,4.13795,3.5416152477264404
1017,724838,BLCA,4.879328,4.374334335327148
1003,910926,BLCA,-4.359769,-3.9143528938293457
1091,909749,BLCA,2.731068,2.0030713081359863
1190,687459,BLCA,2.676476,0.6307740211486816
1507,687459,BLCA,4.60325,5.465365409851074
1259,909780,BLCA,-0.048185,2.816998243331909
2107,687455,BLCA,5.772561,5.344756126403809
1996,907065,BLCA,4.404144,4.251560688018799
2046,753566,BLCA,4.141527,4.0235724449157715
1928,906797,BLCA,4.851107,4.78023099899292
1372,687455,BLCA,-0.822574,0.9827120304107666
1088,724838,BLCA,1.436764,2.195373296737671
1629,906798,BLCA,4.203089,4.082367420196533
1073,907065,BLCA,5.850866,6.237831115722656
1248,909780,BLCA,-6.068411,-4.632905006408691
1089,753552,BLCA,4.022081,2.461862325668335
1010,909704,BLCA,3.07386,2.710413932800293
1073,909780,BLCA,3.559024,4.013886451721191
1615,906798,BLCA,5.043671,4.672126293182373
1849,687459,BLCA,1.783261,0.01954995095729828
1507,687455,BLCA,5.154328,4.435180187225342
1177,906797,BLCA,2.296111,4.318070888519287
2040,906797,BLCA,1.578809,1.522613286972046
1941,910926,BLCA,-5.427344,-5.16614294052124
1561,687452,BLCA,1.822476,1.477004885673523
1593,687455,BLCA,4.486472,3.881324052810669
1624,1290730,BLCA,3.04108,4.259827613830566
1510,753552,BLCA,2.056839,3.175314426422119
2106,906797,BLCA,3.984046,4.160740375518799
1617,687457,BLCA,2.822569,4.4518537521362305
1007,753552,BLCA,-2.931242,-5.303492546081543
1022,907066,BLCA,0.24875,2.102938652038574
1560,724838,BLCA,4.89002,4.400184154510498
1032,907065,BLCA,3.197631,2.404245138168335
1032,753584,BLCA,2.293782,2.261317253112793
2045,687455,BLCA,5.11803,4.940589427947998
1928,909749,BLCA,4.15481,4.568045616149902
1512,753584,BLCA,5.295016,5.260974407196045
1003,687455,BLCA,-2.798417,-2.1868019104003906
1053,906798,BLCA,3.82613,3.8239450454711914
1911,907312,BLCA,-6.499496,-6.326465606689453
1615,753566,BLCA,6.182744,6.293582916259766
1862,724838,BLCA,-1.018096,-1.5322647094726562
1855,909780,BLCA,2.965879,3.929093599319458
1057,1290730,BLCA,-2.585763,-1.4106584787368774
1910,907066,BLCA,3.912417,2.26495361328125
1635,687457,BLCA,4.524518,5.694516658782959
1630,910926,BLCA,2.922043,2.572274923324585
1941,909749,BLCA,-5.710992,-3.7123451232910156
1799,907065,BLCA,6.224862,4.845570087432861
1854,907312,BLCA,4.881393,4.330483913421631
1922,909780,BLCA,2.558844,2.3406412601470947
1237,687457,BLCA,6.157245,5.679737091064453
1083,1290730,BLCA,1.847687,3.4282450675964355
1080,907312,BLCA,-4.157205,-2.902317523956299
1012,753552,BLCA,1.120464,1.390474557876587
1631,909704,BLCA,2.50767,3.0247020721435547
1919,907066,BLCA,1.71255,2.7549901008605957
1007,910926,BLCA,-6.541059,-5.335181713104248
1559,724838,BLCA,-3.750444,-2.9539315700531006
1089,753584,BLCA,3.847755,4.687495708465576
1613,1290730,BLCA,2.575303,3.387515068054199
1613,687455,BLCA,3.340864,4.187628269195557
1054,909704,BLCA,3.17698,3.9264097213745117
2109,909704,BLCA,2.405726,2.4206337928771973
1598,910926,BLCA,3.451862,3.571138620376587
1180,906797,BLCA,-2.339976,-2.171426773071289
1032,687459,BLCA,3.607205,3.3877789974212646
1930,724838,BLCA,-0.01012,-0.2613303065299988
1786,909704,BLCA,-0.997321,2.6015965938568115
1635,753566,BLCA,5.508578,6.286949634552002
1941,724838,BLCA,-4.131614,-5.704954147338867
1557,1290730,BLCA,5.564611,4.725802898406982
1852,909749,BLCA,5.641145,5.318174839019775
1912,687452,BLCA,4.2441,2.899164915084839
1593,687459,BLCA,2.106689,3.489051342010498
1510,753566,BLCA,5.282401,5.544741630554199
1922,907065,BLCA,3.909165,2.7619833946228027
1199,909780,BLCA,3.57523,3.536010265350342
1563,1290730,BLCA,5.80165,5.537448883056641
1088,907312,BLCA,1.00845,1.4712142944335938
1635,907065,BLCA,5.889416,5.555126667022705
1635,906797,BLCA,5.620722,5.506637096405029
1511,909780,BLCA,-1.206553,-1.8444154262542725
1049,910926,BLCA,3.75485,3.2857017517089844
1918,687459,BLCA,4.21405,4.375957489013672
1511,910926,BLCA,-2.27039,-2.7136313915252686
1200,907312,BLCA,2.246523,2.259068489074707
1034,907066,BLCA,-0.622241,-1.5878480672836304
1919,906798,BLCA,1.947058,2.49237060546875
1622,910926,BLCA,4.784163,3.4945836067199707
1373,687457,BLCA,6.080876,5.692710876464844
1372,909780,BLCA,-0.133763,-0.5860646963119507
1088,753552,BLCA,2.090404,2.4203286170959473
1625,910926,BLCA,3.286773,4.1504106521606445
2044,909780,BLCA,3.175458,2.807966470718384
1593,907065,BLCA,2.745641,3.396918296813965
1083,687457,BLCA,4.30884,4.086333274841309
1190,909749,BLCA,3.117508,1.4389843940734863
1911,687455,BLCA,-4.365188,-4.654782295227051
1922,687455,BLCA,1.707396,2.0383901596069336
1083,687459,BLCA,4.232183,4.534932613372803
1022,687457,BLCA,1.356934,1.0398756265640259
1060,907312,BLCA,-2.714298,-1.9996907711029053
1593,753552,BLCA,2.609674,2.0633132457733154
1926,1240134,MESO,0.072087,0.7173780202865601
1853,908150,MESO,3.811835,4.10053825378418
1003,1290812,MESO,-0.087886,-0.18468882143497467
1012,1290808,MESO,2.406216,2.935959815979004
1073,1290809,MESO,6.729679,5.719703197479248
1190,1290809,MESO,-1.107316,-0.8243592977523804
1862,1290809,MESO,-2.03176,-1.7790966033935547
1093,1290808,MESO,5.222298,4.960854530334473
1180,1290813,MESO,-3.563368,-2.8969197273254395
1375,1290812,MESO,8.081715,7.923133373260498
1053,908152,MESO,4.756716,2.9099857807159424
1576,1240138,MESO,4.487007,3.859205484390259
1629,1290809,MESO,6.35308,6.0318708419799805
1080,907173,MESO,0.136274,-0.1839360147714615
1005,908462,MESO,5.888126,3.9600510597229004
1507,907173,MESO,3.688224,4.910537242889404
1598,688058,MESO,4.1489,5.12345552444458
1931,1240132,MESO,6.778867,7.010992527008057
1011,1290809,MESO,4.472405,4.2340312004089355
1625,1240136,MESO,5.973405,5.249658584594727
1553,1240135,MESO,5.204339,4.375021457672119
1849,1240135,MESO,0.711721,0.03909467160701752
1930,1290808,MESO,2.19008,1.4201380014419556
1561,908462,MESO,3.370175,1.7318249940872192
1011,1240134,MESO,2.331362,3.5575687885284424
1624,908470,MESO,2.879427,3.92217755317688
1578,1240137,MESO,6.206718,5.363739013671875
1862,907173,MESO,-1.185389,-1.5449333190917969
1614,908150,MESO,3.528512,4.345348358154297
1625,1240137,MESO,4.321416,4.904411792755127
1615,1240141,MESO,6.712044,6.426262855529785
1916,908462,MESO,2.435371,2.0410525798797607
1557,1290808,MESO,6.421494,5.113378047943115
1613,907173,MESO,5.318356,4.678805351257324
1912,1290814,MESO,3.129431,3.4985573291778564
1928,908152,MESO,3.18538,4.914656639099121
1593,1290810,MESO,3.616601,3.875812530517578
1250,1240131,MESO,3.462098,3.5300614833831787
1629,1240134,MESO,6.041224,5.164156913757324
1250,1240136,MESO,1.873627,2.5449094772338867
1854,1240141,MESO,6.618884,5.913048267364502
1621,1240136,MESO,5.73375,5.429230690002441
1561,1240132,MESO,4.244605,4.319961071014404
1621,1290814,MESO,6.080192,5.496441841125488
1635,688058,MESO,5.678346,6.024129390716553
2044,908462,MESO,2.892503,3.3620498180389404
1237,908470,MESO,7.231815,6.73926305770874
1557,1240132,MESO,6.04453,5.839366912841797
1620,1240131,MESO,7.193314,7.239396572113037
1799,1240137,MESO,4.369084,5.372016429901123
1941,907173,MESO,-2.942852,-2.7700912952423096
1507,1240141,MESO,6.275493,5.9630446434021
1933,1240134,MESO,5.804169,5.127680778503418
1068,1240136,MESO,0.830102,1.7692945003509521
1855,1290812,MESO,7.025846,8.030040740966797
2047,908470,MESO,4.96865,3.604830265045166
1853,908470,MESO,7.11659,6.111730575561523
1627,688058,MESO,3.868304,4.1202545166015625
1191,1290808,MESO,-4.70144,-4.446500778198242
1005,1290813,MESO,3.545103,2.1907191276550293
1922,907173,MESO,1.253133,2.0717482566833496
2107,1240141,MESO,6.899276,6.521902561187744
1996,1290814,MESO,4.076582,5.0255560874938965
1268,1290812,MESO,5.634067,5.930213451385498
1512,1290814,MESO,6.056301,6.001696586608887
1006,1290812,MESO,5.626943,5.848078727722168
1191,1240132,MESO,-0.988806,-3.0945231914520264
1054,908150,MESO,4.448793,4.8680830001831055
1248,907173,MESO,-2.453406,-3.075725793838501
1005,1290809,MESO,5.080952,3.580319404602051
1060,907173,MESO,1.255056,0.9203781485557556
1006,908462,MESO,2.140837,2.027846336364746
1003,1240131,MESO,0.384146,-0.06559757888317108
1559,1240138,MESO,-2.964252,0.319048672914505
1908,1290808,MESO,3.444485,4.1246562004089355
1559,1290810,MESO,-0.990487,-0.8589409589767456
1012,908462,MESO,1.563829,2.05111026763916
2046,1290813,MESO,2.290708,2.605661392211914
2110,908470,MESO,6.04736,5.882906913757324
1268,1240138,MESO,4.051158,5.009999752044678
2096,908470,MESO,5.491192,3.8005123138427734
1177,1290812,MESO,6.72108,6.747608184814453
1179,688058,MESO,1.763721,3.2762818336486816
1559,1290809,MESO,-2.68724,-2.0205445289611816
1248,1240132,MESO,-0.878213,-2.1400578022003174
1561,1290812,MESO,7.296065,5.409177303314209
1032,1290809,MESO,2.508585,2.9659488201141357
1507,1290812,MESO,6.143295,6.711921691894531
1631,908470,MESO,3.534024,3.885035276412964
1191,908152,MESO,-3.826335,-3.710644245147705
1996,1290812,MESO,4.354149,5.739986419677734
1941,688058,MESO,-4.289802,-2.9079532623291016
1927,1240134,MESO,4.274543,4.9463067054748535
1561,1240138,MESO,3.407329,3.5526323318481445
1629,1240141,MESO,5.909412,5.787289619445801
1549,908150,MESO,4.030534,4.5850510597229
1854,1240138,MESO,5.729958,5.385377883911133
1560,1240134,MESO,3.196723,3.6076040267944336
1634,1240137,MESO,5.409908,4.661349773406982
1168,1290808,MESO,2.714886,3.489396333694458
2109,908150,MESO,3.829797,2.7141947746276855
1200,1240134,MESO,3.072704,3.115739345550537
1373,1240132,MESO,6.740022,6.558914661407471
1239,1290808,MESO,3.807729,4.34278678894043
1561,1290813,MESO,1.775482,1.6727778911590576
1068,1290812,MESO,2.954186,3.2390239238739014
1925,908152,MESO,5.666117,5.2962470054626465
2111,1290810,MESO,4.769135,5.215365409851074
1621,1240135,MESO,4.27991,5.376034736633301
1088,1290814,MESO,4.536453,4.429921627044678
1085,1240131,MESO,4.463638,5.436825752258301
1614,1290813,MESO,2.079025,2.4905200004577637
1909,908150,MESO,1.878004,2.4011170864105225
1931,1240134,MESO,5.129015,5.681094169616699
1930,1240132,MESO,3.877426,3.24939227104187
1598,1240131,MESO,5.359812,6.142423629760742
1564,1240141,MESO,3.555354,4.3791117668151855
1915,908462,MESO,3.50821,3.190864324569702
1131,1240134,MESO,6.254287,4.986089706420898
1088,1240141,MESO,3.419808,4.1920623779296875
1849,908152,MESO,-1.369064,0.2551223933696747
1168,1240141,MESO,1.36472,3.208738088607788
1936,908470,MESO,4.608035,4.698215007781982
1249,1290814,MESO,5.951735,5.22682523727417
1926,1290814,MESO,1.10653,0.91439288854599
1933,1290810,MESO,6.479121,6.024113178253174
1909,907173,MESO,2.69681,2.8975465297698975
1011,1240132,MESO,4.018198,4.83065128326416
1593,908470,MESO,4.699951,5.200290679931641
1915,1240141,MESO,2.671639,3.039605140686035
1022,1240132,MESO,2.592819,2.183584690093994
1091,1290813,MESO,0.798478,1.368985891342163
1849,908150,MESO,1.081988,0.050927743315696716
1060,688058,MESO,2.878184,1.064280390739441
1200,1290814,MESO,3.023094,4.172618389129639
1564,1290812,MESO,4.318898,5.161534786224365
1930,1290814,MESO,2.708223,1.2872799634933472
1131,688058,MESO,7.049409,6.1783223152160645
1996,908150,MESO,3.660988,3.9499597549438477
1915,1290814,MESO,3.387212,3.7291998863220215
1191,1290812,MESO,-4.047764,-4.032207012176514
1091,1290809,MESO,1.681554,2.783151865005493
1911,1240131,MESO,-2.155827,-2.599637746810913
1578,1290812,MESO,7.375013,6.518772602081299
1873,908152,MESO,2.385561,0.8443319797515869
1635,1240135,MESO,5.927432,5.7930498123168945
1635,907173,MESO,5.982914,5.613768577575684
2040,1240141,MESO,3.367777,3.2878477573394775
1053,907173,MESO,4.231853,3.9372670650482178
1936,1290814,MESO,4.126896,3.158087968826294
1613,1290810,MESO,4.012926,4.802983283996582
1168,1240134,MESO,3.551376,2.9851882457733154
1168,908462,MESO,3.284524,3.51999568939209
1799,1240132,MESO,6.748046,6.26482629776001
1559,1240131,MESO,-0.120058,0.622843861579895
1930,1290809,MESO,0.869515,0.41095468401908875
2045,907173,MESO,5.646229,4.937845706939697
1618,1240138,MESO,4.862511,4.618865013122559
1997,1240132,MESO,5.646649,5.169198513031006
1375,1290809,MESO,6.111045,7.139464378356934
1913,907173,MESO,4.081584,5.038413047790527
1131,1290808,MESO,7.337505,6.654963970184326
1925,1240131,MESO,5.904155,6.725302696228027
1191,1290810,MESO,-3.446455,-4.032323837280273
1510,1240141,MESO,5.229128,5.272353649139404
1529,1290809,MESO,-0.777122,1.1882489919662476
1250,907173,MESO,0.019959,1.9092596769332886
1624,688058,MESO,3.941413,4.760241508483887
1598,1290813,MESO,4.011098,3.631603956222534
1089,1240131,MESO,7.039412,7.074127674102783
2040,688058,MESO,1.421401,1.3522990942001343
1931,907173,MESO,6.129724,5.775914192199707
1799,1290813,MESO,3.343589,3.9931929111480713
1373,1290810,MESO,5.564158,5.410647392272949
1131,908150,MESO,4.814593,5.491336345672607
1049,1240132,MESO,5.816946,5.682408809661865
1614,1240134,MESO,2.132065,3.570533275604248
2110,1290813,MESO,5.213583,4.127283573150635
1919,1290813,MESO,0.791408,1.7787184715270996
1634,907173,MESO,3.839272,4.717194557189941
1622,1240132,MESO,6.087037,6.067656993865967
1627,1240134,MESO,3.458677,2.947979688644409
1635,1240134,MESO,5.644579,5.3189592361450195
1084,688058,MESO,-2.598919,-2.516461133956909
2040,908470,MESO,1.460655,2.45784854888916
1032,1290810,MESO,2.817821,3.1173994541168213
1631,907173,MESO,3.078088,3.7590105533599854
1549,908462,MESO,3.631027,4.488673686981201
1615,1290812,MESO,7.931266,7.434171676635742
1529,908152,MESO,0.741087,-0.26495927572250366
1598,1240141,MESO,5.439623,4.893833160400391
1786,908462,MESO,4.091418,3.1321656703948975
1620,908470,MESO,6.323111,6.775687217712402
2110,908462,MESO,4.775592,4.850531101226807
1576,1240137,MESO,3.040904,3.194880247116089
1191,908150,MESO,-4.136641,-4.869620323181152
1131,907173,MESO,2.453999,5.237580299377441
1939,1290813,MESO,2.085911,3.268728733062744
1561,1240141,MESO,4.106067,2.844672679901123
1620,907173,MESO,5.473178,5.728186130523682
1177,688058,MESO,6.176843,5.401425838470459
1510,908152,MESO,3.587608,3.6940839290618896
1997,1290812,MESO,2.765251,4.057622909545898
1626,908152,MESO,5.062029,3.9970128536224365
2043,688058,MESO,5.613829,5.81047248840332
1375,908150,MESO,6.337874,6.0701446533203125
1237,1290813,MESO,5.170598,4.897796630859375
1091,1240131,MESO,3.81034,3.692972183227539
1559,1240134,MESO,-1.740427,-2.2035226821899414
1032,1240141,MESO,1.132289,2.2882399559020996
2110,908152,MESO,4.917706,5.08842134475708
1564,1240131,MESO,5.706056,4.683960437774658
1012,908152,MESO,1.162482,1.598911166191101
1053,1290809,MESO,1.2947,3.1251916885375977
2048,1290810,MESO,0.124901,-1.3128793239593506
1940,907173,MESO,3.230537,4.012504577636719
1057,688058,MESO,-1.507806,-1.4948939085006714
1909,908470,MESO,3.071857,3.6490261554718018
1940,1240132,MESO,3.786322,4.718100070953369
1007,1240132,MESO,-1.432481,-1.3317890167236328
1625,907173,MESO,4.26001,5.106076240539551
1625,1290814,MESO,6.337594,5.656308650970459
1560,1290814,MESO,4.719667,4.774652004241943
1630,1290810,MESO,3.943985,4.060758590698242
1617,688058,MESO,6.343806,3.2264819145202637
1578,1240138,MESO,5.92994,5.53895902633667
1930,1290813,MESO,0.66955,0.26824313402175903
1615,908150,MESO,4.890877,5.05720329284668
1553,688058,MESO,4.013533,3.4941563606262207
1631,908150,MESO,2.668944,4.219273090362549
1010,1240141,MESO,2.827955,3.8472506999969482
1786,908152,MESO,0.946359,2.431391716003418
1620,1240137,MESO,5.323457,5.349986553192139
1931,908152,MESO,4.067444,6.060776710510254
1615,1290809,MESO,6.333372,6.1846160888671875
1049,1290813,MESO,-0.639965,3.6677987575531006
1259,908152,MESO,3.783002,2.821455717086792
1268,1240135,MESO,4.359131,4.80914831161499
1598,907173,MESO,3.428888,4.766634941101074
1083,1240137,MESO,3.516542,3.497706413269043
1996,908470,MESO,4.675122,5.471766948699951
1375,908462,MESO,6.486832,6.404223918914795
1561,1240136,MESO,4.142373,3.2199103832244873
1529,1240132,MESO,3.329947,4.72318696975708
1618,1240131,MESO,5.125949,6.136955738067627
1080,688058,MESO,-1.178289,-0.7314826250076294
1928,1290814,MESO,5.154661,5.310697555541992
1916,1290813,MESO,2.802268,2.8442819118499756
1613,1290808,MESO,5.482858,4.908636569976807
1997,908150,MESO,2.621381,3.7553107738494873
1917,908470,MESO,2.844211,3.903655767440796
1507,1290809,MESO,6.128736,5.672519207000732
1563,1240141,MESO,6.815353,6.967540264129639
1191,1290809,MESO,-5.03093,-4.944154262542725
1372,907173,MESO,1.931575,0.45075321197509766
1926,907173,MESO,1.204858,1.2480331659317017
1593,1240131,MESO,4.944371,5.665120601654053
1036,1290809,MESO,5.303105,3.7723095417022705
1625,688058,MESO,4.946598,6.03455114364624
2106,1290814,MESO,5.233723,4.419608116149902
1051,1240135,MESO,2.529427,3.3278143405914307
1919,688058,MESO,2.89525,2.404723644256592
1627,1240131,MESO,3.426638,5.103649616241455
1926,908152,MESO,1.823187,0.3904264271259308
1932,908462,MESO,2.27987,3.0273170471191406
2044,1290809,MESO,4.463929,4.083879470825195
1854,908150,MESO,3.856937,4.639516353607178
1073,1290814,MESO,5.698061,6.438909530639648
1079,1290812,MESO,4.979145,3.0873711109161377
1091,1240134,MESO,0.796691,1.8590670824050903
1563,1240138,MESO,6.619285,6.5691633224487305
1917,908462,MESO,0.334502,2.7316548824310303
2111,1290813,MESO,4.725313,2.9265832901000977
1615,1240132,MESO,5.433217,6.507274627685547
1622,907173,MESO,4.756939,4.877139568328857
1510,908462,MESO,4.410304,4.455115795135498
1563,908470,MESO,7.502433,7.247014045715332
1046,688058,MESO,3.102928,4.3003010749816895
1060,908152,MESO,-0.300505,1.5063905715942383
1051,907173,MESO,2.382722,2.7093820571899414
1627,1240138,MESO,3.423922,4.031238079071045
1940,908462,MESO,3.73666,3.673137903213501
1927,1290812,MESO,6.811064,7.002284049987793
1620,1290812,MESO,8.09472,7.523681640625
2043,908152,MESO,4.096068,4.612766742706299
1093,1290812,MESO,7.034602,6.6584248542785645
2048,1290808,MESO,-0.872142,-0.5515826940536499
2106,1240134,MESO,1.825673,3.4159140586853027
1931,1290813,MESO,5.151849,4.925944805145264
1084,1240134,MESO,-2.937728,-1.4143084287643433
1617,1290814,MESO,4.873676,4.789729595184326
1512,908470,MESO,6.483559,6.820517063140869
1046,1240131,MESO,6.15524,6.574573040008545
1849,1290808,MESO,0.646466,0.0721098780632019
1622,1240134,MESO,4.445558,4.740396976470947
1036,688058,MESO,5.631179,4.7426438331604
1594,1290809,MESO,5.050731,6.262975692749023
2040,1240134,MESO,0.241447,0.6961924433708191
1912,688058,MESO,3.482812,3.078911542892456
1093,1240132,MESO,6.16119,5.91445255279541
1932,908152,MESO,3.909821,2.9535622596740723
1047,1240131,MESO,5.668415,5.061058521270752
1013,908150,MESO,3.273397,4.008194923400879
1933,1290814,MESO,6.356746,5.924441337585449
1058,1290814,MESO,2.010271,2.4228498935699463
1913,1240132,MESO,5.561422,5.917267322540283
1046,908470,MESO,3.345661,5.077816009521484
1936,1240134,MESO,3.498789,2.83591890335083
1927,908462,MESO,5.10227,5.147513389587402
1085,908150,MESO,3.011942,3.1668853759765625
1022,908470,MESO,0.850485,1.440171241760254
1199,1240131,MESO,5.038772,5.498579025268555
1940,908150,MESO,3.63191,3.8584647178649902
1799,688058,MESO,5.876337,5.92136812210083
1563,1240131,MESO,8.057648,7.637070178985596
1179,908470,MESO,1.146228,2.147993326187134
1088,907173,MESO,3.099358,4.8090667724609375
1618,1290812,MESO,5.89731,6.280116081237793
1012,1240132,MESO,3.781726,3.78311824798584
1068,1240137,MESO,2.488973,1.609072208404541
2107,1290810,MESO,6.421765,5.848381042480469
1910,908150,MESO,2.122212,2.9895753860473633
1249,1240134,MESO,4.365161,3.735586166381836
2045,908152,MESO,3.504545,5.314203262329102
1054,1290808,MESO,5.124751,5.5154008865356445
1560,1240132,MESO,6.456423,5.433916091918945
1559,1290812,MESO,-0.106214,0.3134179413318634
1034,907173,MESO,-3.337414,-2.94429087638855
1927,1240131,MESO,7.333239,6.844569683074951
1032,1240132,MESO,3.684608,4.180879592895508
1091,908462,MESO,1.914901,2.1411032676696777
1057,1290812,MESO,-0.277584,1.4588176012039185
1034,908470,MESO,-1.662053,-1.4155138731002808
1022,1290812,MESO,2.716391,2.8984789848327637
1507,1290808,MESO,5.58142,5.328208923339844
1507,1240135,MESO,5.140237,5.058833599090576
1578,908152,MESO,5.498657,4.773768424987793
1618,908152,MESO,4.492864,3.4616219997406006
1913,1290812,MESO,5.19464,5.986120700836182
1079,1240131,MESO,4.723045,2.822589159011841
1853,907173,MESO,3.373738,4.67916202545166
2044,1240141,MESO,5.016998,4.695286750793457
2043,908470,MESO,7.051941,6.647776126861572
1022,907173,MESO,0.888439,1.3305130004882812
1003,1290810,MESO,-2.307479,-2.0657706260681152
1091,1290810,MESO,2.489348,2.5127789974212646
1593,1290809,MESO,1.700402,3.637861728668213
1180,1290809,MESO,-1.215442,-1.4554511308670044
1239,1240141,MESO,5.615106,4.617336273193359
1915,908152,MESO,2.879904,3.5508739948272705
1576,1240141,MESO,4.244344,3.651231050491333
1177,1290814,MESO,5.686428,5.138477802276611
1624,1290810,MESO,3.284165,3.558072566986084
1933,1240132,MESO,6.727959,6.5248894691467285
1613,1290813,MESO,4.435418,2.602015256881714
2109,1240141,MESO,5.011923,3.934360980987549
1268,907173,MESO,2.836378,4.706545829772949
1940,688058,MESO,4.142163,4.526188850402832
1372,688058,MESO,2.643827,0.5419898629188538
1011,908150,MESO,0.88497,3.0189881324768066
1549,908470,MESO,3.175898,3.8780670166015625
2044,1240134,MESO,2.685017,3.4064173698425293
1634,1240138,MESO,6.022278,5.290274620056152
1997,688058,MESO,4.717237,4.8366780281066895
1080,908150,MESO,-1.038135,-2.606818675994873
1933,688058,MESO,4.720929,5.551864147186279
1239,1290813,MESO,2.659458,1.9350107908248901
1924,1240134,MESO,3.06858,3.7921833992004395
1259,1240131,MESO,5.126513,4.962623119354248
1940,908470,MESO,3.377249,4.887606620788574
1593,1240138,MESO,5.530037,4.487211227416992
1007,1240134,MESO,-3.917192,-4.646980285644531
1032,1240137,MESO,2.924992,2.19557785987854
1614,908152,MESO,5.721407,3.5656590461730957
1034,1240131,MESO,0.552728,0.5197336077690125
1034,908152,MESO,-1.698662,-2.5364418029785156
1625,1240135,MESO,5.522052,5.449599266052246
1996,907173,MESO,3.992502,4.653026580810547
1578,1240136,MESO,6.18559,5.4845194816589355
1003,907173,MESO,-2.420773,-0.15074367821216583
1054,1290810,MESO,4.348228,3.8627331256866455
1239,908150,MESO,4.152408,2.781395435333252
1073,1240135,MESO,4.680522,5.778327941894531
1786,1240131,MESO,2.234947,3.344862461090088
1060,1240134,MESO,1.535899,1.7215808629989624
1191,1290814,MESO,-5.310111,-4.490451335906982
1093,1240137,MESO,5.65859,4.585384845733643
1168,908152,MESO,2.485436,3.0803985595703125
1617,1290809,MESO,4.823746,2.661334276199341
1557,1290809,MESO,6.210562,5.707283973693848
2111,1290812,MESO,7.646498,7.263219833374023
1849,1240136,MESO,-0.656429,0.18400642275810242
1910,1290814,MESO,4.45133,3.5604937076568604
1626,1290810,MESO,2.705543,2.7878928184509277
1012,1290813,MESO,1.637813,1.273607850074768
1557,908152,MESO,5.199248,5.1807990074157715
1630,688058,MESO,4.486138,4.598011016845703
1010,908152,MESO,1.526706,3.667759895324707
1624,908150,MESO,2.151057,3.6568355560302734
1916,1290814,MESO,3.388927,3.606921911239624
1629,688058,MESO,4.768392,5.9541239738464355
1630,1240138,MESO,4.294251,4.209475517272949
1058,908150,MESO,1.850721,1.7300302982330322
1911,1240134,MESO,-4.780004,-4.27148962020874
1598,908152,MESO,3.683526,4.004885196685791
1034,688058,MESO,-2.417626,-2.440826654434204
1922,1290808,MESO,3.365404,3.5069942474365234
1079,1290813,MESO,-0.536223,-1.0996358394622803
1615,1240134,MESO,4.143769,5.055078506469727
2046,1290812,MESO,6.86848,5.9198689460754395
1179,1290814,MESO,2.870969,2.787832260131836
1613,1240131,MESO,5.332549,6.822948932647705
1578,1240141,MESO,5.474815,6.028207778930664
1088,1290812,MESO,5.099102,6.072132587432861
1598,908462,MESO,6.624121,5.37717866897583
1626,1240132,MESO,4.138483,3.2359976768493652
1913,688058,MESO,4.852426,5.484997272491455
1131,1290813,MESO,3.237227,3.3536314964294434
1089,1240137,MESO,4.847246,4.6060919761657715
1563,908150,MESO,5.985377,5.611565589904785
1053,688058,MESO,4.470712,3.724212169647217
1912,1290809,MESO,1.4618,2.3174688816070557
1629,1290808,MESO,5.786821,5.4493327140808105
1200,908150,MESO,2.727049,2.9719109535217285
1036,1240136,MESO,4.796613,5.147928714752197
2040,1290808,MESO,1.730287,2.433248519897461
1620,1240141,MESO,6.708745,6.500555515289307
1912,1290813,MESO,3.231963,2.7658302783966064
1268,1290808,MESO,5.646585,4.7612786293029785
1853,1240138,MESO,5.934164,5.414523124694824
1918,1290808,MESO,4.245198,4.221053600311279
1084,908462,MESO,-2.451809,-3.3041491508483887
1622,1290814,MESO,5.498269,5.532740116119385
1630,1240136,MESO,4.418075,4.076476573944092
1190,688058,MESO,0.52658,-0.3207867741584778
1084,908152,MESO,-0.661048,-0.9911881685256958
1919,1290809,MESO,2.800715,2.447000503540039
1088,1240131,MESO,4.297215,6.026311874389648
1032,907173,MESO,4.521009,3.0589632987976074
1073,688058,MESO,5.485376,6.132933616638184
1922,1240134,MESO,0.989469,1.7939203977584839
1073,1240134,MESO,5.270654,5.2175493240356445
1051,1290808,MESO,4.283105,4.2060041427612305
1003,908152,MESO,-3.018823,-2.0894572734832764
1049,1290810,MESO,5.328005,4.650832176208496
1799,908150,MESO,3.902178,4.984525203704834
1180,1240136,MESO,-2.471906,-1.4202314615249634
1598,1240137,MESO,5.244459,4.904472827911377
1922,908150,MESO,1.527577,2.1026084423065186
1049,908150,MESO,3.161236,3.936767101287842
1614,1290808,MESO,5.706561,5.095508098602295
1249,1240136,MESO,5.284073,4.358799457550049
1916,1240134,MESO,2.692925,3.056810140609741
2106,1290812,MESO,6.746812,6.0446696281433105
1054,1240131,MESO,5.544054,6.571471691131592
1079,908150,MESO,-0.849981,0.31032320857048035
1613,908150,MESO,4.607543,3.500391721725464
1853,1290808,MESO,5.7513,4.3324294090271
1853,1240135,MESO,4.297404,4.938527584075928
1091,1290808,MESO,2.6975,3.1698460578918457
1941,908152,MESO,-2.596859,-4.682829856872559
1627,908152,MESO,3.715991,3.2261977195739746
1922,1290813,MESO,-0.193964,1.4301211833953857
1268,1240134,MESO,4.25775,4.241612434387207
1089,1290809,MESO,5.123549,4.539815902709961
1549,1240137,MESO,4.047192,4.618340969085693
2046,908150,MESO,3.063872,2.800752878189087
1553,1290812,MESO,5.718782,6.0446696281433105
1854,1290814,MESO,3.956361,5.254735469818115
2046,1290814,MESO,4.344921,4.404430866241455
1939,1240141,MESO,4.663713,3.623443841934204
1057,1240131,MESO,-0.247896,1.7974668741226196
1049,688058,MESO,5.366021,4.348117828369141
1624,1290814,MESO,5.42156,4.266635417938232
1006,908150,MESO,2.3037,3.215496778488159
1047,910698,KIRC,4.385081,4.991564750671387
1909,910922,KIRC,3.274677,2.528107166290283
1006,905980,KIRC,5.183172,3.8427956104278564
1598,905947,KIRC,4.741839,4.551412582397461
1032,910922,KIRC,0.839724,0.7075770497322083
1089,905978,KIRC,5.371128,4.927839279174805
1862,753585,KIRC,-2.136041,-1.834824562072754
1089,753585,KIRC,3.020312,2.963685989379883
1058,905947,KIRC,0.994853,1.5119059085845947
1079,905948,KIRC,0.877174,-1.2147228717803955
1093,753558,KIRC,5.605925,5.4809041023254395
1854,909974,KIRC,4.930275,6.335387706756592
1557,905979,KIRC,6.072343,5.639220714569092
1564,910920,KIRC,3.428396,3.185647964477539
1375,910922,KIRC,6.482648,6.496333122253418
1613,1524416,KIRC,3.220746,3.583926200866699
1239,1298168,KIRC,3.134341,3.0919158458709717
1912,1524416,KIRC,2.669513,2.5595531463623047
1576,905979,KIRC,3.995102,3.9509871006011963
1003,905979,KIRC,-1.377338,-1.1728692054748535
1005,910952,KIRC,3.073239,1.7490534782409668
1614,909781,KIRC,6.625338,6.106138706207275
1576,909250,KIRC,2.343592,3.786231517791748
1053,905980,KIRC,4.413227,4.5294904708862305
1268,905979,KIRC,5.948168,5.422739028930664
1549,910922,KIRC,1.82298,1.7263891696929932
1012,905980,KIRC,2.859705,3.260301113128662
1005,905980,KIRC,6.816508,6.276762008666992
1248,905979,KIRC,-5.573532,-2.1476335525512695
2111,1298169,KIRC,4.068187,4.6986284255981445
1011,909974,KIRC,1.993397,2.580432415008545
1598,905950,KIRC,4.436734,4.0398783683776855
1250,905948,KIRC,2.310394,2.296191453933716
1578,910922,KIRC,5.383954,5.231596946716309
1940,909250,KIRC,3.463524,4.10365104675293
1913,905950,KIRC,4.498959,5.029804706573486
1558,905950,KIRC,2.18632,1.849562168121338
1012,910922,KIRC,1.16184,1.6888892650604248
1576,905948,KIRC,2.58872,2.9490535259246826
1622,1298169,KIRC,4.93113,4.795473098754883
1939,905950,KIRC,4.788767,4.762113094329834
1372,905950,KIRC,0.00653,-0.08469010889530182
1908,910698,KIRC,2.522645,3.01617169380188
1553,1524416,KIRC,2.934522,2.6522653102874756
1578,910920,KIRC,3.675792,4.963551998138428
1011,910698,KIRC,1.21102,2.2090141773223877
1626,905950,KIRC,2.043889,1.7276626825332642
1079,1298168,KIRC,-0.577213,-1.6059666872024536
2044,905948,KIRC,5.099996,5.150160312652588
1621,753585,KIRC,5.297408,4.678796291351318
1799,905950,KIRC,2.45805,3.15705943107605
1054,909250,KIRC,4.97775,4.196556568145752
1627,909974,KIRC,3.905491,4.035782814025879
1917,910698,KIRC,0.210262,1.5084079504013062
1924,1298169,KIRC,5.092365,3.720154047012329
1932,910920,KIRC,1.842772,2.4948976039886475
1003,1509073,KIRC,-0.269928,-1.8633530139923096
1561,905948,KIRC,2.925075,2.736133098602295
1558,905948,KIRC,2.136994,3.1881802082061768
1916,1298168,KIRC,1.598049,2.794178009033203
1849,909250,KIRC,1.369625,0.5469571352005005
1373,909974,KIRC,6.942833,4.459695816040039
1849,910920,KIRC,0.826779,0.27895766496658325
1615,1509073,KIRC,4.445823,4.870312213897705
1849,905947,KIRC,-0.584787,-0.08044867217540741
2048,905980,KIRC,0.755637,0.23961298167705536
1629,905948,KIRC,6.148869,5.263567924499512
2043,905950,KIRC,4.127895,5.238887786865234
1561,909250,KIRC,3.032202,3.2091081142425537
1073,905979,KIRC,6.600829,6.391546726226807
1180,909250,KIRC,-1.203451,-1.9667749404907227
1079,909250,KIRC,1.3277,-0.9083007574081421
1177,905950,KIRC,5.511658,3.534266233444214
1613,909250,KIRC,3.234978,4.34756326675415
1849,905978,KIRC,1.013222,0.1119663268327713
1563,1509073,KIRC,5.200067,5.7272186279296875
1372,910952,KIRC,-0.851573,-0.09089113771915436
1553,905950,KIRC,3.669354,3.5977017879486084
1507,910922,KIRC,4.715589,4.786789417266846
1618,905979,KIRC,4.158861,5.038139343261719
1005,1524416,KIRC,2.642111,2.9298312664031982
1936,1298168,KIRC,4.009108,3.6539971828460693
1849,753558,KIRC,0.245695,0.2499556988477707
1131,910920,KIRC,2.943267,3.5951626300811768
1259,910698,KIRC,1.726202,2.301334857940674
1613,905980,KIRC,3.055697,5.180780410766602
1558,910920,KIRC,2.99506,2.8494040966033936
1179,1298168,KIRC,2.752899,1.4192068576812744
1917,905979,KIRC,4.66691,4.082460880279541
1631,910952,KIRC,1.622688,1.68754243850708
1635,910922,KIRC,5.329602,5.488155841827393
1046,909974,KIRC,4.254186,4.622819423675537
1852,905978,KIRC,5.884203,5.371750354766846
1939,909974,KIRC,6.279893,5.258601665496826
1930,753585,KIRC,1.686656,0.48483800888061523
1051,753585,KIRC,1.911147,2.45544695854187
1627,905950,KIRC,3.618329,3.240107536315918
1553,905980,KIRC,3.463793,4.883378505706787
1624,910922,KIRC,2.178712,4.060794353485107
1622,905980,KIRC,5.276242,6.397298336029053
1786,909250,KIRC,3.264857,3.7297370433807373
1927,905947,KIRC,4.76016,4.628978729248047
1259,1298168,KIRC,4.380551,3.7392303943634033
1557,905978,KIRC,5.146949,4.640186786651611
1373,905980,KIRC,6.52643,5.483122825622559
1011,910952,KIRC,1.754994,1.3851598501205444
1615,1298169,KIRC,4.403511,5.245171070098877
1618,910698,KIRC,3.046428,3.781123161315918
1199,905980,KIRC,6.771172,4.837916374206543
1622,753558,KIRC,5.231038,5.561453819274902
1928,909250,KIRC,6.261285,5.20209264755249
1553,905978,KIRC,1.372024,2.397188901901245
1199,909974,KIRC,4.002102,4.57300329208374
1621,1298169,KIRC,4.767638,4.974685192108154
1911,905947,KIRC,-6.086669,-5.088691711425781
1915,1298168,KIRC,2.91253,2.575202703475952
1598,1298169,KIRC,4.431287,4.3777546882629395
1177,910920,KIRC,3.543092,3.5696423053741455
1617,905947,KIRC,2.383379,-1.051756739616394
1191,905950,KIRC,-5.135368,-4.811920166015625
1622,910922,KIRC,4.075539,4.579583168029785
2110,909974,KIRC,5.966315,6.068305492401123
1561,1509073,KIRC,4.159016,2.244896411895752
1046,905950,KIRC,-0.433805,1.6657685041427612
1936,909250,KIRC,2.959024,3.8373565673828125
1006,1298169,KIRC,1.232075,2.1530275344848633
1576,909974,KIRC,5.108689,4.143074989318848
1925,910698,KIRC,5.030873,4.772790431976318
1855,905948,KIRC,5.960326,5.461787223815918
1626,1524416,KIRC,3.847845,3.081498384475708
1250,1524416,KIRC,1.709521,1.8798505067825317
1927,905948,KIRC,5.926883,5.409127235412598
1088,909781,KIRC,7.083995,7.428329944610596
1634,910698,KIRC,5.394559,4.508277893066406
1510,905948,KIRC,3.695082,3.4664127826690674
1060,905950,KIRC,0.639093,1.2060126066207886
1558,1298168,KIRC,2.168326,3.097421407699585
1915,905979,KIRC,2.610253,3.6175599098205566
2106,909974,KIRC,6.025407,4.283010005950928
1563,905980,KIRC,7.690146,7.365341663360596
1563,1524416,KIRC,5.734942,5.56377649307251
1862,909250,KIRC,-1.053817,-1.6670759916305542
1564,753585,KIRC,4.406629,2.73936128616333
1873,905947,KIRC,0.958504,0.9912793040275574
1007,909974,KIRC,-2.663436,-1.9526722431182861
2045,905948,KIRC,4.193223,4.517529010772705
1618,910922,KIRC,3.618048,3.050379991531372
1941,905979,KIRC,-4.128101,-5.180804252624512
1613,1298169,KIRC,2.765968,3.432987689971924
1168,1524416,KIRC,3.063358,2.7525997161865234
1635,909781,KIRC,6.331429,7.254739761352539
1626,753585,KIRC,3.160702,2.746243476867676
1940,905948,KIRC,3.474643,3.4948697090148926
1199,910922,KIRC,4.062316,3.408324956893921
1927,909781,KIRC,7.539495,7.232026100158691
1032,1509073,KIRC,2.280268,2.1940200328826904
1268,909781,KIRC,6.418858,5.695336818695068
1032,1298169,KIRC,1.758886,2.4156243801116943
1507,909974,KIRC,6.372496,5.849236488342285
1911,910920,KIRC,-3.481806,-3.427910327911377
1084,909974,KIRC,-0.526947,-0.17236588895320892
1046,910698,KIRC,0.82339,1.6320112943649292
2047,753585,KIRC,4.267294,2.4837751388549805
1051,905950,KIRC,2.08266,2.952009916305542
1862,1298169,KIRC,-1.710629,-1.7649106979370117
1931,905947,KIRC,5.180265,5.269871711730957
1594,1509073,KIRC,4.379752,4.3914995193481445
1248,1524416,KIRC,-5.098938,-4.132930755615234
1259,910920,KIRC,2.437001,3.1863627433776855
1510,1524416,KIRC,5.080989,4.6309895515441895
1564,909250,KIRC,3.467346,4.376379489898682
1131,909250,KIRC,5.554605,5.050938606262207
1177,905979,KIRC,5.116165,6.0446295738220215
1996,905980,KIRC,5.702012,5.54425573348999
1997,905980,KIRC,3.467873,5.319443702697754
1912,910920,KIRC,3.512397,2.080010414123535
1093,1509073,KIRC,3.333895,4.771439552307129
1249,910920,KIRC,2.484841,3.4064059257507324
1933,910698,KIRC,3.640595,4.652474403381348
1627,1509073,KIRC,3.044624,2.8200864791870117
1940,910922,KIRC,4.485732,3.4658641815185547
1635,905950,KIRC,5.895295,5.368295669555664
1624,905979,KIRC,6.145065,4.954431056976318
1180,905947,KIRC,-2.43853,-3.0461294651031494
1855,910920,KIRC,4.787487,4.808130264282227
1131,905947,KIRC,2.97436,3.696486711502075
1080,905979,KIRC,-0.282515,-0.5731024146080017
1598,910922,KIRC,4.061114,3.8415515422821045
1084,1524416,KIRC,-4.008132,-2.654890298843384
1131,1298169,KIRC,3.182675,5.381234645843506
1852,910920,KIRC,4.730863,5.07303524017334
1940,905979,KIRC,3.404721,4.495866775512695
1799,905980,KIRC,1.814229,4.865156650543213
1625,905950,KIRC,5.249173,4.981592655181885
1268,753585,KIRC,3.179523,4.458004951477051
1180,910698,KIRC,-2.09288,-3.1440253257751465
1620,905950,KIRC,5.934496,5.639110088348389
1996,909250,KIRC,3.497476,5.133131980895996
1083,905947,KIRC,4.0207,3.5024147033691406
1613,910920,KIRC,2.261731,2.9708750247955322
1511,905950,KIRC,-2.60754,-2.0189411640167236
1250,753558,KIRC,2.571652,2.382601737976074
1614,910952,KIRC,1.825173,2.5374953746795654
2107,910952,KIRC,3.50078,4.185180187225342
2107,910698,KIRC,4.256013,4.911384582519531
1131,910922,KIRC,3.991571,5.341668128967285
2106,905979,KIRC,6.240852,4.369147777557373
1613,905947,KIRC,3.127473,3.4251174926757812
1625,905980,KIRC,6.363588,5.998809337615967
1598,753558,KIRC,5.743514,5.185523986816406
1919,905948,KIRC,1.673804,1.7267483472824097
1928,905980,KIRC,5.650179,5.4345598220825195
1529,1524416,KIRC,0.942509,1.6662274599075317
1635,753585,KIRC,5.716708,5.581436634063721
1054,1298169,KIRC,4.347149,4.324231147766113
1853,905980,KIRC,5.937588,6.481886386871338
1036,1509073,KIRC,4.893205,4.216982841491699
1614,910920,KIRC,2.417074,3.4586386680603027
1852,910922,KIRC,4.626177,5.6917948722839355
1249,753585,KIRC,3.968233,4.112173080444336
1131,909781,KIRC,7.574778,6.979317665100098
1013,905950,KIRC,4.189689,2.3851819038391113
2046,905947,KIRC,1.489267,2.840822219848633
1918,910920,KIRC,1.471083,1.840435266494751
1853,753558,KIRC,4.663862,5.445809841156006
1873,910952,KIRC,-0.00141,-0.1590481549501419
1910,905947,KIRC,3.281154,2.0166985988616943
1915,905980,KIRC,2.644853,3.0281965732574463
1996,909974,KIRC,6.674624,5.276861190795898
1529,753585,KIRC,-0.653312,1.1796561479568481
1022,909250,KIRC,1.290193,2.021740436553955
1625,1524416,KIRC,5.029042,4.702263355255127
1613,910922,KIRC,1.918859,2.428114175796509
1873,1298168,KIRC,1.652457,1.538490891456604
1089,1298168,KIRC,5.082302,4.16518497467041
1626,910922,KIRC,0.580274,3.0035367012023926
1634,905978,KIRC,4.899674,4.863839149475098
1190,910922,KIRC,-2.5623,-2.2551276683807373
1996,910698,KIRC,3.099978,3.4456918239593506
1553,1509073,KIRC,3.96703,2.506263256072998
1053,1524416,KIRC,2.162031,2.592499017715454
1051,910698,KIRC,2.331587,1.0429823398590088
1561,910920,KIRC,1.921413,2.328064441680908
2043,1298169,KIRC,5.654776,5.168630123138428
1510,1298168,KIRC,5.766774,4.177931308746338
1624,753585,KIRC,3.539789,3.8559622764587402
1085,910920,KIRC,1.815215,3.026455879211426
1179,905947,KIRC,-0.374583,-0.3897411823272705
1093,909250,KIRC,5.025746,5.523374557495117
1012,909974,KIRC,3.793958,2.642117738723755
1941,905980,KIRC,-4.657712,-3.453566789627075
1630,1509073,KIRC,2.880632,3.056985378265381
1563,909250,KIRC,6.494925,6.303744792938232
2045,753585,KIRC,4.776209,4.231527805328369
1060,905978,KIRC,0.889385,1.404661774635315
1250,905978,KIRC,0.44884,1.8795850276947021
2045,909250,KIRC,4.527573,5.088500022888184
1933,909781,KIRC,7.719036,7.457382678985596
1034,905950,KIRC,-1.207328,-5.005485534667969
1925,905947,KIRC,4.469821,4.7375640869140625
2111,1524416,KIRC,4.04405,4.3474016189575195
1627,1298169,KIRC,3.157207,3.195272445678711
1560,910952,KIRC,3.350097,2.722353219985962
1034,909781,KIRC,-0.238432,-1.3005377054214478
1239,905948,KIRC,4.434403,3.5627353191375732
1199,910920,KIRC,3.767812,3.591583251953125
1928,905947,KIRC,3.728126,3.9771578311920166
1553,905979,KIRC,5.175723,4.369147777557373
1912,753585,KIRC,1.607684,1.5766665935516357
1911,909781,KIRC,-0.675982,-0.5272473692893982
1913,1298168,KIRC,4.708584,5.287154674530029
1053,909781,KIRC,4.817765,5.749067306518555
1940,905980,KIRC,5.904931,4.963176727294922
1022,905948,KIRC,0.683043,0.7474186420440674
1529,905948,KIRC,1.184292,3.311628818511963
1510,910922,KIRC,4.779037,3.845201253890991
1057,753585,KIRC,-2.569849,-2.8842499256134033
1248,910952,KIRC,-2.158404,-4.253558158874512
1373,909250,KIRC,6.149205,5.393868446350098
1593,909974,KIRC,5.099721,4.858778476715088
1563,910920,KIRC,4.945945,5.336879730224609
1997,910920,KIRC,1.948172,1.2116973400115967
1598,1524416,KIRC,5.492939,4.834349632263184
1190,910952,KIRC,-3.531749,-4.095720291137695
1622,905978,KIRC,5.04657,5.145973205566406
1191,909781,KIRC,-4.47134,-2.6201164722442627
1560,909781,KIRC,7.325546,6.51278018951416
1011,905950,KIRC,2.703017,3.4586124420166016
1093,905950,KIRC,4.498339,4.9475531578063965
1598,753585,KIRC,5.356992,3.975285053253174
1560,905979,KIRC,5.861637,5.347225666046143
1930,1298168,KIRC,-0.339801,1.3762247562408447
2110,905979,KIRC,5.891234,5.902006149291992
1083,1524416,KIRC,3.733547,3.6687750816345215
1088,905980,KIRC,7.010024,5.573354244232178
2107,905947,KIRC,5.620147,4.8668365478515625
1940,910698,KIRC,1.912774,3.5600998401641846
1511,1298168,KIRC,-0.277846,-0.6804216504096985
1007,910698,KIRC,-5.722991,-5.971645355224609
1032,910698,KIRC,1.143341,1.7950013875961304
1034,909974,KIRC,-3.137231,-1.1258983612060547
1932,1298168,KIRC,4.658277,3.362093925476074
1873,910698,KIRC,-0.336348,0.8025354743003845
1629,905979,KIRC,4.881263,5.733519077301025
1931,910922,KIRC,4.862853,5.73919153213501
1926,1298168,KIRC,0.481692,0.6715825200080872
1936,905950,KIRC,3.670094,3.4376158714294434
1177,1298169,KIRC,5.350834,4.900847911834717
1091,1298169,KIRC,1.646914,2.1327741146087646
1073,910952,KIRC,2.80974,3.1933140754699707
1557,910952,KIRC,5.978126,5.344193935394287
1057,905979,KIRC,-0.755034,0.39596566557884216
1200,753585,KIRC,3.63966,3.126892566680908
2107,909974,KIRC,7.06062,6.190126895904541
1529,909250,KIRC,0.356715,4.386336803436279
1919,905979,KIRC,2.448266,3.075207233428955
1010,905979,KIRC,4.267876,4.112928867340088
1083,910922,KIRC,4.082145,3.4294614791870117
1177,905978,KIRC,4.565118,4.81373405456543
1131,905978,KIRC,3.226415,4.721922397613525
1625,910698,KIRC,3.958504,4.2844438552856445
1034,905948,KIRC,-3.258085,-3.3962242603302
1073,905948,KIRC,5.481413,6.333860397338867
1922,905979,KIRC,2.436075,3.1320884227752686
1924,910920,KIRC,3.855471,2.911329984664917
1593,909250,KIRC,2.432162,4.329809665679932
2107,909781,KIRC,7.285827,7.683340549468994
1578,909974,KIRC,5.58686,5.790143966674805
1936,905947,KIRC,2.135208,2.210426092147827
2045,1298168,KIRC,5.182609,4.399967193603516
1911,753585,KIRC,-5.546518,-4.333704948425293
1373,905947,KIRC,4.842018,4.662367343902588
1053,905979,KIRC,4.520961,5.021677494049072
1578,910952,KIRC,4.985488,4.874269962310791
1940,753585,KIRC,1.674347,3.052302837371826
1036,910920,KIRC,3.589803,3.549248456954956
1911,910952,KIRC,-5.614742,-5.350759506225586
2106,910920,KIRC,2.861668,2.2819106578826904
1576,905950,KIRC,3.613559,2.637700319290161
1085,753585,KIRC,2.413304,2.9996628761291504
1997,753585,KIRC,0.612001,3.2090954780578613
1073,1298168,KIRC,6.829715,5.2896528244018555
1191,905948,KIRC,-6.238889,-5.217193126678467
1549,909974,KIRC,2.613769,2.9483931064605713
1032,905947,KIRC,1.344344,1.7522356510162354
1051,1509073,KIRC,2.189887,2.1521241664886475
1621,905950,KIRC,4.792934,4.325557708740234
1049,1524416,KIRC,4.115944,4.180919170379639
1060,910920,KIRC,0.803306,1.1437371969223022
1624,910920,KIRC,2.905635,3.8081250190734863
1512,910920,KIRC,5.165849,5.021974563598633
1049,905980,KIRC,6.096042,5.756800174713135
1925,910920,KIRC,5.396894,4.783233165740967
1558,909974,KIRC,1.216291,2.93023943901062
1054,910920,KIRC,2.764856,3.4345147609710693
1593,905978,KIRC,3.848836,3.6566998958587646
1068,905980,KIRC,1.722766,2.2114734649658203
1799,909781,KIRC,7.673868,7.2952799797058105
1190,910698,KIRC,-3.045156,-1.8137874603271484
1852,905979,KIRC,6.02014,6.041676998138428
1549,905948,KIRC,5.28877,3.77270770072937
1918,909250,KIRC,1.236244,3.24076771736145
1060,905980,KIRC,1.584433,1.10026216506958
1080,905980,KIRC,1.286429,1.0177159309387207
1507,909250,KIRC,5.806141,5.404502868652344
1614,1298169,KIRC,3.862548,4.290610313415527
1593,753558,KIRC,3.443488,3.8200809955596924
1507,1524416,KIRC,4.60763,4.7392659187316895
1786,905947,KIRC,1.701502,2.4070205688476562
1057,910920,KIRC,-0.900823,-1.5364729166030884
1049,905950,KIRC,2.647461,3.9315714836120605
1621,910952,KIRC,5.176847,3.934093952178955
1006,905950,KIRC,-1.328801,0.7041750550270081
1634,905950,KIRC,4.295395,4.566763877868652
1617,1509073,KIRC,4.757802,-0.04518802464008331
1916,910698,KIRC,1.102843,1.7098644971847534
1854,753558,KIRC,5.745251,5.278852462768555
2040,910698,KIRC,0.864471,0.16208210587501526
1248,910922,KIRC,-3.29427,-3.672992467880249
1013,910698,KIRC,1.102494,3.6095573902130127
1931,910952,KIRC,5.152089,4.87845516204834
1017,1298169,KIRC,4.288004,4.684573173522949
1239,1524416,KIRC,2.921141,3.1306681632995605
1909,753585,KIRC,2.097259,2.249180316925049
2040,909974,KIRC,1.860407,2.507934093475342
2096,1524416,KIRC,3.631552,3.674427032470703
1614,753585,KIRC,4.053162,3.5534515380859375
1237,910922,KIRC,5.543499,5.6214375495910645
1080,909974,KIRC,1.532328,2.1544501781463623
1615,753558,KIRC,5.036022,5.789599895477295
1179,910920,KIRC,1.088902,1.3271222114562988
1629,1524416,KIRC,4.43959,5.256992816925049
1089,905980,KIRC,5.231767,5.772953987121582
1613,905979,KIRC,5.609628,5.322485446929932
1168,909250,KIRC,3.372522,3.5013575553894043
1373,1298168,KIRC,4.996523,4.738291263580322
2046,905980,KIRC,5.209317,4.771441459655762
1618,910920,KIRC,3.678626,3.252164363861084
1626,905980,KIRC,1.356663,2.9892125129699707
1004,905980,KIRC,-0.580454,-1.1724469661712646
1200,905979,KIRC,2.844246,4.178581714630127
1561,905947,KIRC,2.797083,1.6602917909622192
1560,753558,KIRC,3.701334,4.504825115203857
1630,909974,KIRC,6.805992,4.326840400695801
1917,910920,KIRC,1.522226,2.0709893703460693
1930,909250,KIRC,2.307223,2.656217336654663
1507,910952,KIRC,4.396319,4.752435684204102
2047,905979,KIRC,3.00239,3.97402286529541
1373,905979,KIRC,4.816644,6.027608871459961
1854,1509073,KIRC,4.068961,4.724153518676758
1080,909781,KIRC,2.01006,2.032902956008911
1079,910698,KIRC,0.339006,-1.2504230737686157
2110,905980,KIRC,6.435302,6.195672512054443
1626,905979,KIRC,4.756209,4.4700608253479
1084,910922,KIRC,-1.706253,-2.9714438915252686
1910,910922,KIRC,1.668397,2.124201774597168
1022,1298169,KIRC,-0.180057,-0.09802861511707306
1073,753558,KIRC,5.270133,5.216459274291992
1190,753585,KIRC,-2.239464,-3.4651458263397217
1529,905979,KIRC,3.835336,1.972951889038086
1003,905948,KIRC,-0.524668,0.07332034409046173
1549,1298169,KIRC,4.046442,4.3573431968688965
1080,910952,KIRC,-0.875751,-1.4804645776748657
1936,905980,KIRC,4.916337,5.109943389892578
1912,905979,KIRC,3.960119,3.4312520027160645
1617,909781,KIRC,7.368199,6.205909729003906
1576,909781,KIRC,4.494928,4.884983539581299
2043,910952,KIRC,5.204966,5.238147258758545
1941,909781,KIRC,-5.163263,-2.044837236404419
1617,905979,KIRC,6.389427,5.505418300628662
1799,905947,KIRC,4.638113,3.6641085147857666
1249,753558,KIRC,5.026832,4.480578899383545
1941,910952,KIRC,-2.846663,-3.510087013244629
1617,910920,KIRC,5.045484,4.120064735412598
1618,905950,KIRC,2.599434,2.451443672180176
2048,909781,KIRC,2.030999,0.5753025412559509
1624,909974,KIRC,5.265282,5.464709758758545
1049,910920,KIRC,0.889895,3.4531753063201904
1622,1509073,KIRC,5.269661,5.080182075500488
1613,905978,KIRC,3.203327,4.34964656829834
1564,910922,KIRC,2.909346,1.9931808710098267
1093,905947,KIRC,5.440438,4.35189962387085
1003,909250,KIRC,-0.447455,0.6047274470329285
2110,1298169,KIRC,5.658218,4.867943286895752
1131,910698,KIRC,3.369921,3.9698691368103027
1005,1298168,KIRC,4.9532,3.976663589477539
1180,910920,KIRC,-3.166467,-2.5873358249664307
1625,910920,KIRC,4.292983,4.487916946411133
1199,905947,KIRC,3.379487,3.378013849258423
1922,910920,KIRC,0.386508,1.4200912714004517
1909,905979,KIRC,3.415708,3.7431142330169678
1032,905980,KIRC,0.548056,2.281747341156006
2107,1524416,KIRC,5.574518,5.166552543640137
1618,905978,KIRC,4.605905,4.2885003089904785
2107,905979,KIRC,6.005945,6.357109546661377
1996,910952,KIRC,4.489564,4.028043746948242
1237,905947,KIRC,5.217222,5.12227201461792
1786,1298169,KIRC,1.913299,2.8700900077819824
1053,905948,KIRC,0.893201,1.6351027488708496
1615,910698,KIRC,4.934148,4.515751361846924
1507,753558,KIRC,5.575079,5.304896354675293
1239,909250,KIRC,5.271043,4.887330055236816
1931,909781,KIRC,7.51435,7.786466121673584
1873,1295741,MM,-0.752797,-0.2614424228668213
1635,1327766,MM,3.677255,4.072870254516602
1593,1330950,MM,-0.015939,0.8685785531997681
1091,1659818,MM,-1.34018,-0.654861569404602
1862,924239,MM,-1.897835,-2.3466293811798096
1060,1327775,MM,-1.85145,0.49332427978515625
1613,1327766,MM,2.774734,0.9297271966934204
1034,753563,MM,-4.794278,-4.324509620666504
1618,924239,MM,3.418693,3.0323758125305176
1012,909249,MM,0.478921,0.4262657165527344
1922,1327766,MM,1.850741,1.6589092016220093
1085,1295741,MM,1.637435,1.5434249639511108
1088,909249,MM,1.864127,1.6484812498092651
1034,724825,MM,-4.887193,-4.970636367797852
1012,1330950,MM,0.348173,0.5509762763977051
1908,907281,MM,1.916951,1.8073887825012207
1558,906765,MM,1.759035,2.100140333175659
1621,724825,MM,3.90854,4.179943084716797
1912,907281,MM,1.139323,1.9827008247375488
1250,924239,MM,0.135563,0.03900626301765442
1621,909249,MM,3.45297,4.063925266265869
2047,905964,MM,2.077932,1.8123544454574585
1511,753615,MM,-0.707515,-0.9198871850967407
1997,753612,MM,5.072999,-1.0520466566085815
1191,724825,MM,-5.787452,-4.866347312927246
1007,683665,MM,-5.327559,-5.445652008056641
1873,753612,MM,2.122331,2.111872911453247
1613,753612,MM,0.444405,3.5709855556488037
1931,1327766,MM,2.985108,4.261813163757324
1564,905964,MM,2.186628,2.20131516456604
1618,1327766,MM,3.215976,3.1436831951141357
1909,683665,MM,0.29715,-0.4782980680465698
2045,683665,MM,4.465872,3.6624608039855957
1080,1297447,MM,-4.096463,-3.1224708557128906
1560,905964,MM,3.459587,3.069406270980835
1631,907791,MM,5.195246,5.097038269042969
1911,753615,MM,-3.298348,-5.104362964630127
1375,1297447,MM,5.413704,6.0570855140686035
1622,906765,MM,3.121637,3.179628610610962
1093,1295741,MM,2.869423,2.8194456100463867
2106,1327775,MM,-0.313933,0.20260120928287506
1618,683665,MM,1.939583,3.2157113552093506
1910,909249,MM,1.317609,1.6832293272018433
1239,924239,MM,0.780599,1.125072956085205
1177,1297447,MM,5.119918,4.94196081161499
1626,1659818,MM,1.026091,-1.1541163921356201
1557,1327775,MM,4.282937,4.893139839172363
1022,924239,MM,-2.174448,-0.823265552520752
1799,1330950,MM,4.526687,3.7346062660217285
1931,1297447,MM,4.656838,5.1436285972595215
1047,683665,MM,4.148882,3.8249292373657227
1168,1327766,MM,1.266057,2.195465564727783
1553,753612,MM,3.312528,2.3592019081115723
1634,1295741,MM,1.723443,1.7082386016845703
1131,1659818,MM,2.182704,2.6440799236297607
1168,906765,MM,2.715908,1.6991896629333496
1617,907281,MM,1.595114,1.5229721069335938
1996,753612,MM,4.545681,3.30795955657959
1512,906765,MM,4.611778,4.671342849731445
1786,1327766,MM,0.85083,1.9082664251327515
1620,905964,MM,3.842836,4.1963019371032715
2040,1330950,MM,-0.356284,0.6060978174209595
1553,1327775,MM,0.04049,0.20260120928287506
1913,753612,MM,4.847409,4.024709224700928
1549,753615,MM,3.809303,4.987913608551025
1922,907281,MM,1.691743,1.613885760307312
1200,1327775,MM,2.593174,2.0707428455352783
1049,683665,MM,3.190342,3.0782623291015625
1510,1659818,MM,-0.950488,0.8455168008804321
1932,905964,MM,1.616197,1.8441542387008667
1922,1297447,MM,2.644094,2.3979272842407227
1375,1327766,MM,3.955935,4.868124008178711
1941,724825,MM,-5.702927,-5.001712799072266
1084,1330950,MM,-6.886141,-4.779306411743164
1933,909249,MM,3.926664,2.847855806350708
1855,753563,MM,2.566373,2.5873756408691406
1053,907281,MM,0.740946,1.6915864944458008
1507,1327775,MM,4.047479,4.464974403381348
1011,1659818,MM,-0.827383,-1.561691403388977
1191,909249,MM,-5.63685,-5.191705226898193
1635,724825,MM,3.988799,4.568803310394287
2110,724825,MM,4.256415,3.8474197387695312
1199,1297447,MM,5.125229,3.386586904525757
1179,1295741,MM,-0.699539,-1.2486492395401
1919,909249,MM,0.892043,1.3627734184265137
1578,1297447,MM,5.567707,4.997189044952393
1053,1330950,MM,0.147301,0.8959940075874329
1006,907281,MM,0.916026,1.7697166204452515
1613,907791,MM,5.386212,3.0740270614624023
1199,753615,MM,3.716756,3.6442527770996094
1617,1659818,MM,0.825633,0.2837415039539337
1180,753615,MM,-3.471794,-3.2771310806274414
1852,753612,MM,5.070773,4.985495090484619
1079,924239,MM,1.659156,0.9336876273155212
1634,683665,MM,2.401207,3.1628973484039307
1168,924239,MM,2.477908,2.202643394470215
1909,906765,MM,-0.075757,0.8751013278961182
1799,1297447,MM,5.123236,5.2926025390625
2110,906765,MM,2.770197,3.62930965423584
1248,724825,MM,-4.96883,-3.211361885070801
1593,907791,MM,1.511313,1.5239163637161255
1613,753615,MM,2.54255,2.6538541316986084
1624,753612,MM,2.748617,2.6230106353759766
1249,907791,MM,2.135773,3.619931936264038
1564,1327775,MM,1.924677,2.923056125640869
1926,924239,MM,-0.376041,0.18366509675979614
1933,906765,MM,2.238193,2.9888758659362793
2107,1297447,MM,4.941479,4.635836601257324
1011,1327766,MM,0.020412,2.1777708530426025
1034,909249,MM,-4.576807,-4.527171611785889
1853,683665,MM,1.573407,3.15926194190979
1626,724825,MM,-1.671239,-0.4675437808036804
1917,753615,MM,4.164671,2.106243371963501
2107,724825,MM,3.55088,4.131781578063965
2107,905964,MM,4.369588,3.8889153003692627
1917,724825,MM,2.369753,2.2537648677825928
1558,1330950,MM,2.369962,2.5604686737060547
1199,724825,MM,2.873925,3.1638710498809814
1557,1330950,MM,3.438297,4.437607288360596
1629,1330950,MM,4.501129,3.873605489730835
1057,1327775,MM,-2.435956,-1.9698281288146973
1630,753612,MM,4.40627,4.761861324310303
1908,753615,MM,2.940952,2.25656795501709
1919,683665,MM,2.134478,1.6768755912780762
1003,906765,MM,-4.68342,-5.293005466461182
1053,753563,MM,2.904613,2.3690338134765625
1191,1295741,MM,-7.125837,-6.003722667694092
1561,724825,MM,-3.763798,-2.5921995639801025
1034,1327766,MM,-3.597092,-2.9414896965026855
1631,1327775,MM,1.379838,2.76952862739563
1852,924239,MM,4.543336,4.091854572296143
1924,1659818,MM,-0.929363,-1.0452678203582764
1557,1659818,MM,4.209275,4.019474029541016
1560,1330950,MM,0.797809,1.6618742942810059
1916,906765,MM,1.092224,0.9803638458251953
1168,753563,MM,1.681562,1.342340111732483
1013,906765,MM,1.380322,1.755234718322754
1080,753615,MM,-4.251929,-3.2546324729919434
2043,1295741,MM,4.591119,3.740246534347534
1199,1327766,MM,2.489371,2.800429105758667
1073,907791,MM,7.643349,5.59291410446167
1578,753612,MM,3.2652,4.940792083740234
2044,753612,MM,4.529011,2.7623002529144287
1085,907281,MM,0.877169,2.0307328701019287
1631,753563,MM,1.831266,2.148528814315796
1249,1659818,MM,1.78445,2.4540140628814697
1854,924239,MM,4.543488,3.857534646987915
1853,906765,MM,4.598302,3.8183646202087402
1079,1295741,MM,0.538151,0.7234480977058411
1941,1295741,MM,-6.102852,-5.831562519073486
1529,1659818,MM,-0.290593,0.7544668912887573
1617,905964,MM,-2.893396,1.3626848459243774
1997,1327775,MM,2.701941,0.969012439250946
1249,753615,MM,2.507488,2.8326566219329834
1630,1659818,MM,4.330163,3.8870468139648438
1932,1659818,MM,-0.801423,0.22276310622692108
2045,753563,MM,4.044096,3.037661075592041
1180,907791,MM,-3.840436,-3.3376667499542236
1593,905964,MM,0.03756,0.6339852213859558
2107,924239,MM,4.543488,3.8885931968688965
1372,753615,MM,-2.890294,1.3653454780578613
1058,1295741,MM,0.164427,0.24547046422958374
1091,907281,MM,0.460104,0.8820892572402954
1190,1330950,MM,-4.091412,-3.554565668106079
1852,906765,MM,4.593316,4.467251777648926
1060,1327766,MM,-0.523715,-0.18448521196842194
2045,1297447,MM,4.479216,4.569982051849365
2106,753563,MM,1.335529,2.9731030464172363
1180,1330950,MM,-4.192585,-4.0464186668396
1004,683665,MM,-5.87502,-5.656789302825928
1559,724825,MM,-4.312027,-4.096535682678223
1375,924239,MM,5.539682,5.237340450286865
1079,724825,MM,0.473005,0.6406174898147583
1939,753612,MM,4.579607,1.9836269617080688
1248,753615,MM,-1.159586,-5.268174648284912
2110,1330950,MM,4.265178,3.5367627143859863
1259,1659818,MM,1.314259,2.1989400386810303
1237,1297447,MM,5.138818,4.661349773406982
1996,905964,MM,3.050147,3.1462104320526123
1915,724825,MM,2.375614,2.2708284854888916
1561,1330950,MM,-1.748918,0.4333632290363312
1627,1330950,MM,2.357522,2.1009321212768555
1786,753612,MM,2.197279,3.035900592803955
1011,906765,MM,-1.094815,1.2928035259246826
1250,909249,MM,-0.037941,-0.007174655795097351
1237,683665,MM,4.303313,4.113656044006348
1259,753615,MM,4.11946,4.330132007598877
1939,753615,MM,2.680711,2.535754919052124
1022,905964,MM,-1.280537,-1.0533392429351807
1510,907281,MM,0.704209,1.720147967338562
1557,1297447,MM,5.125229,5.247560024261475
1593,683665,MM,0.598766,0.6696584224700928
1046,1659818,MM,1.70372,1.6475777626037598
1922,924239,MM,2.063388,1.5806469917297363
1089,907281,MM,-0.292035,2.82246732711792
1853,1295741,MM,2.50557,1.9143009185791016
1085,1659818,MM,1.875373,1.7475018501281738
1933,753612,MM,4.19345,4.266911506652832
1909,753615,MM,2.02386,0.7517414093017578
1853,907281,MM,2.440735,2.6677803993225098
1625,907791,MM,5.589826,4.556072235107422
1083,1659818,MM,2.299741,1.5720877647399902
1576,905964,MM,1.211163,1.9346801042556763
2045,724825,MM,3.093011,3.2618861198425293
1011,1297447,MM,0.781279,1.3374048471450806
1928,753563,MM,2.296919,2.634307384490967
1932,909249,MM,0.985304,1.0894500017166138
1060,1659818,MM,-0.233657,0.30226680636405945
1046,1295741,MM,1.109798,0.32874858379364014
1239,907281,MM,-0.154967,1.5041749477386475
1007,1295741,MM,-6.896044,-6.530690670013428
1553,1659818,MM,-1.594667,-1.921412467956543
1598,907791,MM,1.826879,3.831284761428833
1180,683665,MM,-4.319519,-4.063698768615723
2043,724825,MM,4.583223,4.039992332458496
1576,1327766,MM,1.912057,1.4581977128982544
1093,1327766,MM,3.672801,3.5020861625671387
1618,1330950,MM,4.078223,2.8709194660186768
1799,1659818,MM,3.924501,4.596965312957764
1051,906765,MM,0.179619,-2.202765464782715
1053,1327775,MM,0.799585,0.7266343235969543
1511,905964,MM,-2.853563,-1.9887428283691406
1168,753612,MM,3.450082,2.9543070793151855
1250,753563,MM,-1.339892,-0.3563729524612427
1635,1297447,MM,4.772318,4.9322190284729
1131,905964,MM,2.946555,1.9245803356170654
1786,1297447,MM,2.648717,2.9757814407348633
1010,906765,MM,2.680278,3.033996820449829
1007,1297447,MM,-5.047297,-4.9026665687561035
1613,1327775,MM,3.660796,3.1555259227752686
1005,907281,MM,1.480072,2.4627742767333984
1931,1330950,MM,4.394738,4.415782451629639
1511,1297447,MM,-0.40535,-1.268319845199585
1855,724825,MM,2.156853,3.244230270385742
1928,909249,MM,1.999473,2.1811513900756836
1576,683665,MM,2.180849,1.4735198020935059
1073,1330950,MM,2.747055,2.6917333602905273
1034,907281,MM,-4.727648,-4.252328395843506
1373,1295741,MM,0.481797,1.571631669998169
1268,753563,MM,4.049815,4.531947612762451
1911,1327775,MM,-4.507128,-5.434762477874756
2107,683665,MM,4.592807,4.229536056518555
1939,683665,MM,1.699278,1.934905767440796
1928,924239,MM,2.697533,2.621951103210449
1622,1659818,MM,2.460307,3.0359256267547607
1054,683665,MM,3.628834,3.354240894317627
1199,906765,MM,2.14196,3.041337013244629
1576,724825,MM,2.272316,1.7879021167755127
1855,924239,MM,4.077886,3.806429147720337
1614,753612,MM,4.377011,4.4162373542785645
1085,1330950,MM,1.875037,1.9252640008926392
1073,724825,MM,2.729493,2.8766117095947266
1250,753612,MM,0.009821,0.13811926543712616
1084,1295741,MM,-5.582291,-5.399811744689941
1005,1330950,MM,1.233063,2.257068157196045
1200,924239,MM,0.774613,1.63470458984375
1529,906765,MM,-1.681184,-1.619852066040039
1620,907791,MM,6.043895,5.537231922149658
1634,753615,MM,5.21482,3.7906055450439453
1909,924239,MM,0.749569,0.5618888139724731
1910,1330950,MM,2.607954,1.568807601928711
1200,724825,MM,2.562934,2.2603015899658203
1630,909249,MM,2.849543,2.9306366443634033
1563,753615,MM,5.40139,4.974571228027344
1854,753615,MM,3.982365,4.520806789398193
1131,683665,MM,2.693092,4.208526134490967
1058,753612,MM,2.386195,2.558725357055664
1032,905964,MM,1.389594,1.4746105670928955
1873,683665,MM,0.614892,0.7725624442100525
1786,724825,MM,1.419251,1.1403038501739502
1626,1295741,MM,-1.322285,-1.1667612791061401
1625,753612,MM,4.135167,3.7444255352020264
1049,1327766,MM,2.202354,2.7054927349090576
1557,906765,MM,4.746921,4.175877094268799
1576,1659818,MM,1.350259,2.0876874923706055
1909,1297447,MM,2.822644,-0.5119933485984802
1621,683665,MM,3.815534,3.4622128009796143
1618,909249,MM,4.198369,2.7356085777282715
1088,683665,MM,2.461645,0.3923628628253937
1051,1295741,MM,-3.440204,-1.7597779035568237
1268,683665,MM,2.68918,3.0438332557678223
1578,909249,MM,4.560084,4.2990827560424805
1925,906765,MM,4.510217,4.6579413414001465
1268,924239,MM,4.061571,3.923008441925049
1079,1327775,MM,2.091525,1.678641438484192
1049,1295741,MM,3.295465,1.865947961807251
1916,909249,MM,0.827144,1.9719370603561401
1559,1327766,MM,-3.033696,-3.150012493133545
1910,1327766,MM,-0.030894,1.9480329751968384
1529,753612,MM,-0.349678,2.431293487548828
1852,907281,MM,4.360841,3.8889966011047363
1916,1297447,MM,3.049121,3.2475783824920654
1013,1327766,MM,1.523315,2.6191225051879883
2045,905964,MM,4.145898,3.5158886909484863
1022,724825,MM,-0.444203,-1.4846407175064087
1786,753563,MM,1.284055,1.8749045133590698
1635,907791,MM,5.946782,5.378299236297607
1375,905964,MM,4.142165,5.147810459136963
1627,753612,MM,2.585226,2.3557844161987305
1057,907281,MM,-2.586923,-2.5882482528686523
1373,753615,MM,1.322452,3.5567917823791504
1925,907281,MM,3.267611,3.941012382507324
1627,683665,MM,2.144101,1.6415208578109741
1852,1659818,MM,3.101968,4.146098613739014
1529,1295741,MM,-1.427651,-1.2562828063964844
1561,906765,MM,-1.500457,-0.12401191890239716
1512,1659818,MM,4.275173,4.270609378814697
1179,1297447,MM,-1.087411,0.5041998028755188
1634,905964,MM,2.930153,3.139984607696533
1617,906765,MM,1.72196,1.4232404232025146
1849,1327775,MM,-1.354116,-1.0648643970489502
1004,907281,MM,-6.191222,-6.8136749267578125
1933,1327775,MM,3.255137,3.570749282836914
1237,907791,MM,5.825605,5.11001443862915
1624,1659818,MM,1.573321,0.18167805671691895
2045,906765,MM,1.043917,2.140233278274536
1549,1295741,MM,3.959046,3.351468324661255
1131,753563,MM,2.760035,2.564716339111328
1919,906765,MM,2.049267,1.4597529172897339
1911,905964,MM,-7.14327,-6.081193923950195
1559,905964,MM,-2.944403,-3.5130655765533447
1622,1330950,MM,4.09431,3.8586771488189697
1032,724825,MM,1.436951,1.8406578302383423
1996,1330950,MM,4.704183,2.9173173904418945
1941,753615,MM,-5.437392,-3.271969795227051
1003,753612,MM,-3.770258,-0.9137698411941528
1786,1295741,MM,1.507109,2.148668050765991
1931,753612,MM,5.062368,5.44040584564209
1941,683665,MM,-4.57666,-4.820313453674316
1936,753615,MM,2.912235,1.923760175704956
1080,907281,MM,-5.481445,-5.7776780128479
1927,1330950,MM,4.196755,4.307635307312012
1939,724825,MM,2.7331,2.0766818523406982
1627,909249,MM,1.888679,1.5712441205978394
2045,753612,MM,4.527966,3.5768611431121826
2048,1297447,MM,-4.609269,-3.473121404647827
1179,753615,MM,0.455329,-0.04807130992412567
1051,724825,MM,1.674953,2.1511452198028564
1621,924239,MM,3.875515,4.336364269256592
1598,683665,MM,2.057174,3.3861467838287354
1563,905964,MM,3.289764,4.502638339996338
1630,905964,MM,2.171673,3.365522623062134
1003,907791,MM,2.124949,-1.1020066738128662
1510,907791,MM,3.266331,3.5515804290771484
1089,924239,MM,3.681641,2.9665117263793945
1005,1659818,MM,1.912311,2.8904645442962646
1190,683665,MM,-2.626585,-4.604493618011475
1089,905964,MM,0.833194,1.6233431100845337
1626,753563,MM,0.888066,0.07326434552669525
1873,753615,MM,2.222495,1.4324731826782227
1032,924239,MM,1.676721,1.6958739757537842
1620,1330950,MM,4.703466,4.521448135375977
1199,1295741,MM,1.684303,2.170494556427002
1617,1330950,MM,1.91394,0.8364845514297485
1053,1297447,MM,2.239929,2.4399969577789307
1926,683665,MM,0.856473,0.594757080078125
1259,1327775,MM,4.601192,4.366521835327148
1557,1327766,MM,4.230036,3.896517753601074
1012,907281,MM,-0.183234,0.3607853651046753
1058,1659818,MM,-1.126361,-1.6646076440811157
1932,1297447,MM,1.663539,1.969765067100525
1558,905964,MM,2.471565,1.7792657613754272
1631,907281,MM,1.697407,2.0015907287597656
1911,753612,MM,-3.550231,-3.789572238922119
1239,909249,MM,1.214103,0.9921651482582092
1625,1327766,MM,3.493192,3.4159438610076904
1626,906765,MM,1.067225,1.953409194946289
1259,753612,MM,5.11086,3.376042127609253
1799,683665,MM,4.157599,4.166686058044434
1060,909249,MM,-0.427331,-0.6997911334037781
1512,1297447,MM,5.121378,4.9612345695495605
1594,1327766,MM,3.997928,3.952503204345703
2043,753612,MM,3.956301,4.680724620819092
1617,1295741,MM,0.169155,1.0392006635665894
1922,1327775,MM,1.718441,2.0021016597747803
1511,906765,MM,-4.111095,-3.8458046913146973
1036,1327775,MM,5.067892,5.208573341369629
1083,907281,MM,1.310537,0.541265070438385
1177,753612,MM,2.641414,4.944284915924072
1046,753612,MM,3.777665,1.770056128501892
1629,1297447,MM,3.633478,4.092074394226074
1372,1327766,MM,1.1412,1.9488638639450073
1199,753612,MM,2.503982,3.376011610031128
1563,924239,MM,3.931077,4.106844425201416
1634,1297447,MM,4.360499,3.9371588230133057
1191,924239,MM,-4.899606,-5.368376731872559
1507,724825,MM,4.364754,4.1104326248168945
1925,1295741,MM,2.979728,3.409156560897827
1873,909249,MM,0.565469,-0.0560297816991806
1179,924239,MM,-0.929799,-0.1929769068956375
1560,1659818,MM,0.22835,0.5398839712142944
2110,753615,MM,4.99572,4.384562969207764
1598,1297447,MM,3.362041,3.761549949645996
1622,1295741,MM,1.271319,1.6934285163879395
1613,1659818,MM,2.065329,2.0139195919036865
1529,753615,MM,0.929685,2.4397616386413574
1854,1330950,MM,4.151175,4.249754905700684
1168,1659818,MM,2.331847,2.595057725906372
1622,724825,MM,3.103017,4.119388103485107
2048,753615,MM,-3.336067,-2.755526542663574
1997,683665,MM,-2.560291,-0.5309295058250427
1083,905964,MM,1.819399,0.9965481758117676
1034,1327775,MM,-3.625054,-3.863839626312256
1931,909249,MM,3.629257,4.072032451629639
1625,683665,MM,2.815945,3.8460559844970703
1080,683665,MM,-4.654914,-4.144818305969238
1913,724825,MM,3.826092,4.307119846343994
1512,909249,MM,4.198738,3.9575653076171875
1927,683665,MM,4.458436,4.281686305999756
2043,909249,MM,4.185262,3.526308298110962
1928,683665,MM,3.887386,3.7894811630249023
2111,1330950,MM,2.408405,2.4996354579925537
1940,1327775,MM,4.608652,2.942265033721924
1911,1297447,MM,-4.760146,-5.4270339012146
1908,1327775,MM,2.971714,0.2773214876651764
1237,724825,MM,4.488375,4.513541221618652
1083,753563,MM,1.153352,1.296575903892517
1615,753615,MM,4.586126,5.036936283111572
1083,924239,MM,1.23112,1.1426138877868652
1910,724825,MM,2.916015,1.969307541847229
2046,1295741,MM,0.409545,1.987046241760254
1375,1330950,MM,3.813092,5.552335262298584
1046,905964,MM,0.922736,0.6663120985031128
1911,724825,MM,-5.50117,-5.408297538757324
1177,906765,MM,1.810007,1.8356614112854004
1908,906765,MM,1.871456,2.1084096431732178
1013,924239,MM,1.581516,2.5799827575683594
1933,724825,MM,3.459404,3.2398581504821777
1849,753615,MM,0.127078,-0.03713993728160858
1057,753612,MM,-0.699425,-0.3525989055633545
1911,1327766,MM,-5.382597,-6.096374034881592
1058,1327775,MM,0.453768,-0.047881826758384705
1940,753612,MM,5.104293,3.597947597503662
1854,907281,MM,3.604287,3.5295135974884033
1997,753615,MM,4.726355,3.090909242630005
1563,1327766,MM,3.816277,4.1051225662231445
1911,1330950,MM,-5.022498,-5.560915470123291
1576,1327775,MM,2.14951,2.0415990352630615
1032,1659818,MM,1.590824,0.7941872477531433
2111,1297447,MM,1.292538,3.9707627296447754
1927,1659818,MM,4.330212,4.129001617431641
2045,753615,MM,4.41349,4.841458797454834
1931,753615,MM,3.156046,5.267003059387207
1936,1297447,MM,1.707929,2.3595192432403564
1996,1659818,MM,2.698687,3.0428338050842285
1922,909249,MM,-0.076018,1.506885051727295
2046,1330950,MM,0.469322,1.724877119064331
1239,1327775,MM,1.3697,2.807173490524292
1627,1298151,LIHC,3.016847,3.3961715698242188
1849,1298146,LIHC,1.602325,0.9874656796455383
1073,909719,LIHC,4.87374,4.4760847091674805
1179,909738,LIHC,3.299649,2.311217784881592
1625,907071,LIHC,5.780415,6.201350688934326
1190,1298151,LIHC,3.983693,2.9033782482147217
1372,1298151,LIHC,-0.662001,0.36210477352142334
1563,1240147,LIHC,4.729737,5.181954860687256
1563,909719,LIHC,5.114303,5.49862003326416
1510,909736,LIHC,1.943315,3.83096981048584
1006,1240160,LIHC,4.26339,2.5723025798797607
2040,909737,LIHC,0.727464,0.5035297274589539
2048,909719,LIHC,-2.845994,-3.0989251136779785
1933,1240160,LIHC,5.636623,4.814594268798828
1249,910850,LIHC,2.70325,5.110996723175049
1614,1240147,LIHC,1.614863,2.0180418491363525
1179,1240216,LIHC,1.285882,1.4281542301177979
1919,1240160,LIHC,3.157705,2.9897444248199463
1010,907057,LIHC,3.537109,3.1582531929016113
2046,910850,LIHC,4.29287,3.548762798309326
1047,1298146,LIHC,6.35214,5.507039546966553
1625,1240216,LIHC,6.260803,5.455148220062256
1249,909737,LIHC,4.324164,4.010674953460693
1933,1240217,LIHC,5.005255,4.124929428100586
1629,1240216,LIHC,7.053732,5.081518173217773
1940,909719,LIHC,2.786888,4.11143159866333
1191,1298151,LIHC,-5.583929,-4.6037092208862305
1933,909719,LIHC,3.285619,4.7722930908203125
1073,907057,LIHC,4.897533,4.807178020477295
1560,1240157,LIHC,4.326108,3.9580228328704834
1372,1240158,LIHC,0.322951,0.6603119373321533
1237,1298151,LIHC,5.374575,5.851223468780518
1917,1298151,LIHC,1.996921,2.1418368816375732
1925,907071,LIHC,6.199132,5.66465950012207
1080,909736,LIHC,-1.217759,-1.7133891582489014
1614,1240157,LIHC,4.059856,4.127708911895752
1036,909736,LIHC,5.837779,4.438756942749023
1168,907057,LIHC,2.408179,2.674405336380005
1051,1240216,LIHC,1.7187,3.9589147567749023
1624,910850,LIHC,5.059403,5.237954616546631
1510,1240216,LIHC,4.869187,4.46914529800415
1093,909738,LIHC,3.599804,5.235673427581787
1799,909736,LIHC,6.17663,5.0724382400512695
1909,1298146,LIHC,2.893317,2.721379280090332
1237,1240217,LIHC,4.906248,4.724525451660156
1849,1240147,LIHC,-0.445841,-2.173957586288452
1924,910850,LIHC,6.341524,5.725322723388672
1073,907071,LIHC,7.761291,7.554080009460449
2107,907071,LIHC,5.795729,6.115372657775879
1931,1298151,LIHC,5.825627,6.101641654968262
1941,909737,LIHC,-5.273956,-4.052058219909668
1613,1240160,LIHC,5.512546,4.578056335449219
1564,909736,LIHC,1.60237,3.7579054832458496
1010,1240216,LIHC,3.720278,4.183907985687256
1925,1240217,LIHC,5.680001,4.328613758087158
1618,907071,LIHC,3.408784,3.450831890106201
1918,1240160,LIHC,5.487765,5.165078639984131
1908,1298151,LIHC,2.748815,2.8737680912017822
1625,1240147,LIHC,3.790124,4.324337959289551
1853,1298146,LIHC,4.573164,2.0717170238494873
1631,1240216,LIHC,5.587316,5.199726581573486
1373,909737,LIHC,5.747714,5.437934875488281
1930,1240216,LIHC,2.862098,0.9731711745262146
1925,909738,LIHC,5.236767,5.538580894470215
1012,909738,LIHC,2.082172,3.0412933826446533
1576,909736,LIHC,2.744371,3.107790470123291
1199,909719,LIHC,4.623374,4.055822372436523
1634,1298151,LIHC,3.910721,4.648669719696045
1930,1240217,LIHC,0.029888,-0.559866189956665
1625,909737,LIHC,3.966944,4.5416083335876465
1997,909719,LIHC,4.011679,4.0302934646606445
1237,909719,LIHC,4.125855,5.083820819854736
1131,1298151,LIHC,6.759519,4.889049530029297
1908,907057,LIHC,2.667561,2.240628957748413
2043,1240216,LIHC,4.055243,5.464485168457031
1615,1240147,LIHC,3.986061,4.172584056854248
1997,909737,LIHC,2.284114,4.2759785652160645
1786,909736,LIHC,4.191764,3.420274496078491
1853,1240216,LIHC,5.810993,4.112566947937012
1634,909736,LIHC,4.65763,4.402581214904785
1558,909738,LIHC,2.445706,3.848726749420166
1561,1240217,LIHC,5.178231,3.8910703659057617
1058,1240160,LIHC,3.259975,3.163583755493164
1191,910850,LIHC,-3.298195,-2.7495617866516113
1618,1298151,LIHC,4.126672,4.098849296569824
1199,1298151,LIHC,3.639016,3.8903419971466064
2107,1240217,LIHC,5.114863,5.026667594909668
1060,1240217,LIHC,0.929148,0.6336150169372559
1006,907071,LIHC,3.252361,4.109524250030518
1180,910850,LIHC,-0.014361,-0.6813790798187256
1576,1240147,LIHC,2.121273,2.6590890884399414
1032,909736,LIHC,2.247265,2.609182119369507
1997,907057,LIHC,3.755392,4.314956188201904
1933,909738,LIHC,6.507033,5.458386421203613
1621,907071,LIHC,4.722088,4.898191452026367
1239,1240158,LIHC,1.427667,3.9660720825195312
1598,1298146,LIHC,4.432929,3.4333791732788086
1032,1298151,LIHC,2.302956,1.7105350494384766
1180,1240217,LIHC,-4.481103,-3.63397216796875
1578,1240159,LIHC,5.440515,5.2384185791015625
1849,1240157,LIHC,1.374971,0.21922193467617035
2045,910850,LIHC,6.476788,5.280582904815674
1926,1240160,LIHC,2.977703,1.183749794960022
1918,909737,LIHC,2.720442,2.4425160884857178
1239,909737,LIHC,2.810583,2.5806944370269775
1854,907057,LIHC,5.262368,4.575747013092041
1011,1240216,LIHC,2.303555,3.5142905712127686
2107,1240158,LIHC,6.128215,5.510440349578857
1853,1240158,LIHC,2.907381,4.744484901428223
1250,1240217,LIHC,0.216378,1.5603556632995605
1997,1240217,LIHC,3.008073,3.843367576599121
1007,1298151,LIHC,-2.981174,-3.211697816848755
1618,909736,LIHC,4.898733,3.719712018966675
1249,1240157,LIHC,4.035978,4.09678840637207
1177,1240160,LIHC,3.961459,5.085870742797852
1578,909719,LIHC,5.238683,5.0323991775512695
1012,1298151,LIHC,0.300291,2.08720064163208
1088,910850,LIHC,4.058846,4.23469877243042
1372,1240216,LIHC,1.189687,1.9068909883499146
1620,1240147,LIHC,2.702876,4.5758137702941895
1922,910850,LIHC,4.461983,2.6352598667144775
1563,907071,LIHC,6.173204,6.197015285491943
1799,1298151,LIHC,5.267947,3.9683027267456055
1083,909736,LIHC,4.437218,3.161576747894287
2110,1240217,LIHC,5.05362,4.5887603759765625
1557,1240160,LIHC,4.602485,6.378597736358643
1932,909719,LIHC,4.330408,2.6379752159118652
2047,1240158,LIHC,3.427156,2.7955572605133057
1510,909719,LIHC,4.690507,4.481086730957031
1068,907071,LIHC,1.687313,2.321734666824341
1507,1240157,LIHC,5.740295,5.301196575164795
1614,907071,LIHC,5.08039,4.371028900146484
1375,1298151,LIHC,6.044951,6.8812737464904785
1512,1240159,LIHC,6.518298,5.715732097625732
1073,910850,LIHC,6.296804,6.135767459869385
2045,1240157,LIHC,3.370396,4.90566873550415
1180,1240158,LIHC,-1.390683,-1.7886416912078857
1058,1240217,LIHC,3.164076,2.267646312713623
1873,910850,LIHC,2.246681,2.3047311305999756
1083,1240158,LIHC,4.323082,3.457118272781372
1080,1240159,LIHC,-2.554382,-0.7011846303939819
1032,1240160,LIHC,4.182458,4.389304161071777
1931,910850,LIHC,4.711654,6.388829708099365
1917,909738,LIHC,5.064329,3.784517765045166
1855,907057,LIHC,3.917095,4.220155239105225
2046,907057,LIHC,4.18597,3.3582420349121094
1939,1298151,LIHC,2.035495,3.379136085510254
1624,1240157,LIHC,4.344697,4.326381206512451
1022,1240160,LIHC,2.919608,2.3794469833374023
1079,1298151,LIHC,1.658373,-0.03502316772937775
1080,910850,LIHC,0.627561,-0.24117331206798553
1912,910850,LIHC,4.75211,4.471309185028076
1598,909736,LIHC,5.668696,4.833667278289795
1916,907071,LIHC,4.594011,4.234074115753174
1068,909736,LIHC,2.279633,1.8318111896514893
1177,1240157,LIHC,4.772925,5.294651985168457
1084,909737,LIHC,-1.785562,-2.6597952842712402
1237,907071,LIHC,6.009105,5.934720993041992
1930,909719,LIHC,0.257902,0.10451550781726837
1012,909719,LIHC,1.479274,1.6950808763504028
1924,909736,LIHC,2.742376,3.729841947555542
1593,1240160,LIHC,4.938158,3.905900239944458
1922,909736,LIHC,1.794358,1.5833675861358643
1631,1240158,LIHC,2.675556,3.4904844760894775
1375,907057,LIHC,5.412622,5.58962345123291
1080,907071,LIHC,0.374272,0.47921431064605713
1054,1240217,LIHC,3.504866,3.5968072414398193
1931,1240157,LIHC,5.899505,5.968630790710449
2111,909738,LIHC,5.244197,5.333099365234375
1578,909737,LIHC,5.975981,5.8424787521362305
1372,909736,LIHC,0.05434,1.1845579147338867
1913,909737,LIHC,5.358814,5.050971031188965
1512,1240157,LIHC,5.431829,5.768731594085693
1630,907071,LIHC,3.44087,3.9880552291870117
1179,1240159,LIHC,1.953463,1.127968192100525
1563,1240160,LIHC,6.330808,6.085274696350098
1926,1240216,LIHC,2.145841,1.5070523023605347
1625,909719,LIHC,5.042799,4.811584949493408
1559,1240147,LIHC,-4.174909,-2.31070613861084
1005,1240159,LIHC,5.152123,5.312704086303711
1925,909719,LIHC,4.844503,5.10813045501709
1057,907057,LIHC,-0.777268,-2.14192533493042
1855,909736,LIHC,4.327197,5.7951579093933105
2040,907071,LIHC,0.929853,1.2984732389450073
1911,1240157,LIHC,-4.019971,-3.9546775817871094
1559,1240157,LIHC,1.076954,-0.5264831781387329
1051,907057,LIHC,0.729271,1.954693078994751
1564,1240157,LIHC,2.056284,2.8454909324645996
1249,909736,LIHC,3.963906,4.051654815673828
1003,1240157,LIHC,-1.261201,-0.9464290142059326
1560,1298151,LIHC,4.061928,3.730142593383789
1997,1240157,LIHC,3.946906,1.6489094495773315
1006,909719,LIHC,2.020286,1.0317482948303223
1053,1240216,LIHC,4.348011,4.6271138191223145
1926,910850,LIHC,1.910632,1.6223816871643066
1093,1240157,LIHC,5.00763,4.821840763092041
1624,1240217,LIHC,2.16379,4.236764907836914
1084,1240157,LIHC,-4.185804,-2.16031813621521
1034,909737,LIHC,-4.010027,-4.793374061584473
1626,909738,LIHC,5.092953,3.7019309997558594
1013,1298146,LIHC,4.572556,5.6258134841918945
1855,909719,LIHC,4.548834,4.528982639312744
1179,1298151,LIHC,0.230278,1.386368989944458
1013,909738,LIHC,3.833302,4.849259853363037
1918,1240159,LIHC,4.031702,3.7403130531311035
1915,1240159,LIHC,4.383538,3.4111194610595703
1930,1240159,LIHC,2.083464,1.654722809791565
1036,909737,LIHC,4.54159,4.188199043273926
1922,907057,LIHC,1.370633,2.022627115249634
1012,1298146,LIHC,2.086457,2.3564724922180176
1560,1240160,LIHC,4.578374,5.185273170471191
1512,909738,LIHC,5.309868,5.83502197265625
1084,1298151,LIHC,-0.494577,-1.8253076076507568
1084,1240216,LIHC,0.064699,-0.19494609534740448
1918,1240157,LIHC,0.041526,1.430350661277771
2106,907071,LIHC,3.253003,3.9955060482025146
1089,1240216,LIHC,6.021769,5.611186981201172
1615,1298146,LIHC,5.255391,5.932361602783203
1564,1240160,LIHC,3.18399,3.884066343307495
1931,909737,LIHC,5.374116,5.83323335647583
1930,909738,LIHC,0.121159,2.4575693607330322
1047,1240158,LIHC,5.634166,4.365983963012695
1911,909736,LIHC,-3.281122,-3.881740093231201
1862,909738,LIHC,-1.347651,-1.2900136709213257
1561,909738,LIHC,3.32228,3.0247116088867188
2110,909736,LIHC,5.1577,4.896110534667969
1849,907071,LIHC,-0.675338,-0.3119751214981079
2096,1298151,LIHC,3.745652,2.9488704204559326
1511,909719,LIHC,-1.108812,-0.7734348773956299
2048,1240216,LIHC,-0.031901,-0.4940682053565979
1549,1240216,LIHC,4.718071,5.004485607147217
2043,907071,LIHC,5.657447,5.292037487030029
1046,1240160,LIHC,4.792475,5.531245708465576
1618,1240158,LIHC,2.542833,3.9260482788085938
1083,910850,LIHC,5.369881,4.713455677032471
1939,910850,LIHC,5.258781,4.540099620819092
1561,910850,LIHC,5.158711,3.9558141231536865
1622,1240160,LIHC,2.796727,4.333099365234375
1564,907057,LIHC,3.049521,3.411635637283325
1620,909737,LIHC,4.398875,5.4693121910095215
1615,907057,LIHC,5.422965,4.83958101272583
1915,1240216,LIHC,2.754038,3.5737316608428955
1512,909719,LIHC,4.812179,5.201432704925537
1626,1240159,LIHC,2.064943,1.8128440380096436
1168,1240160,LIHC,3.885547,4.265684127807617
2046,1298151,LIHC,2.965193,4.016689777374268
1089,910850,LIHC,4.896828,4.930662631988525
1034,1240217,LIHC,-3.055458,-2.264116048812866
1627,1298146,LIHC,3.936859,3.597067356109619
1561,909719,LIHC,5.030686,3.117090940475464
2107,909719,LIHC,4.470937,5.138255596160889
2046,1240217,LIHC,2.74742,3.8766300678253174
1915,1298151,LIHC,2.028077,2.177687168121338
1786,1240159,LIHC,4.202842,3.725935220718384
1372,907071,LIHC,-0.099292,1.5712566375732422
1593,909719,LIHC,3.822806,2.436384439468384
1057,909738,LIHC,-1.124317,-0.48019152879714966
1622,910850,LIHC,4.748716,4.7695794105529785
1083,909719,LIHC,3.313131,3.626565933227539
1862,1298146,LIHC,1.544478,-1.0303367376327515
2046,909719,LIHC,4.573751,3.813310384750366
1054,1298151,LIHC,5.437571,4.63567590713501
1936,907071,LIHC,3.221741,2.7219934463500977
1593,909736,LIHC,2.3887,3.1770172119140625
1053,907071,LIHC,5.476126,4.555590629577637
1598,909738,LIHC,5.207302,5.042884349822998
1940,1240157,LIHC,3.389965,3.9226973056793213
1054,909736,LIHC,3.900189,4.345648288726807
1617,1240147,LIHC,2.736413,2.534815788269043
1177,907071,LIHC,5.818377,4.906553268432617
1911,1298151,LIHC,-4.795138,-3.840878963470459
1617,1240158,LIHC,4.751541,3.522930145263672
1933,907071,LIHC,3.489675,5.315096855163574
1997,909738,LIHC,3.606083,4.136981010437012
1249,909738,LIHC,3.281853,4.6124138832092285
1908,1298146,LIHC,3.653623,3.3014233112335205
1047,909736,LIHC,5.635201,4.118510723114014
1085,909737,LIHC,3.798698,3.91178035736084
1017,907071,LIHC,4.550943,4.4606781005859375
1924,1240217,LIHC,3.665195,4.180319786071777
1079,907057,LIHC,0.308299,0.9003730416297913
1563,909737,LIHC,5.940163,6.021892547607422
1786,907057,LIHC,2.185825,2.2316131591796875
2110,909738,LIHC,3.902756,5.222523212432861
2109,909719,LIHC,2.044641,3.134442090988159
1563,1298151,LIHC,5.890404,6.366863250732422
1034,1240160,LIHC,-0.248655,-1.1695356369018555
1922,1298146,LIHC,3.591775,2.0519027709960938
1073,909737,LIHC,4.136605,5.579672813415527
2107,1240216,LIHC,5.737151,6.0563764572143555
1919,1298151,LIHC,1.515489,1.0203903913497925
1614,1240159,LIHC,3.699419,4.197340965270996
1786,910850,LIHC,3.216693,3.6014342308044434
1372,910850,LIHC,-0.326515,0.18210434913635254
1854,1298151,LIHC,4.81709,5.057647705078125
1854,1240217,LIHC,3.106242,4.739048480987549
1180,909737,LIHC,-3.200784,-2.369612216949463
1372,1240217,LIHC,0.259343,1.9767851829528809
1559,1240216,LIHC,-0.211285,-1.0032668113708496
1007,910850,LIHC,-1.346442,-2.6228668689727783
1200,910850,LIHC,3.769084,3.6075525283813477
1248,909736,LIHC,-2.581112,-3.5680453777313232
1918,1298151,LIHC,2.971085,3.1467151641845703
1511,1240160,LIHC,1.819648,2.9575514793395996
1615,909737,LIHC,3.506639,4.930159568786621
1034,1240158,LIHC,-5.817289,-2.9468870162963867
2046,1240157,LIHC,3.474687,3.3007709980010986
1936,1240159,LIHC,3.839206,2.901092529296875
1873,907071,LIHC,2.188732,1.6526336669921875
1853,909738,LIHC,5.430955,4.903920650482178
1862,907071,LIHC,0.702326,-1.234772801399231
1058,909719,LIHC,2.111471,2.155519962310791
1058,910850,LIHC,4.4622,3.495068311691284
1088,1240159,LIHC,4.621374,5.160602569580078
1013,909737,LIHC,4.608606,4.448927402496338
1941,1240216,LIHC,-4.98997,-4.770436763763428
1084,907057,LIHC,-3.403025,-1.5079436302185059
1046,1240157,LIHC,2.396794,3.5067572593688965
1852,907071,LIHC,6.098082,6.000068187713623
1913,907057,LIHC,4.484859,4.400530815124512
1250,1240160,LIHC,3.972057,2.70072865486145
1200,1240159,LIHC,4.194042,3.55881404876709
1529,1240160,LIHC,3.446184,4.800098419189453
1926,907071,LIHC,3.974546,1.5080424547195435
1849,1240159,LIHC,-0.156553,0.5132453441619873
2110,907057,LIHC,4.11821,4.354220390319824
1005,910850,LIHC,4.514594,3.987025260925293
1053,1240158,LIHC,4.389979,3.6345605850219727
1131,910850,LIHC,7.024468,6.973414897918701
1553,1298151,LIHC,5.088548,3.4335150718688965
1268,909737,LIHC,3.163121,4.4628496170043945
1626,1240217,LIHC,2.491769,3.8162684440612793
1549,909736,LIHC,5.854539,4.592163562774658
2096,1240157,LIHC,2.545658,2.6496267318725586
2046,1298146,LIHC,5.188553,3.926412343978882
2044,1298151,LIHC,4.551347,4.490203380584717
1940,907057,LIHC,3.587118,3.7687201499938965
1060,1298146,LIHC,1.832889,1.2133115530014038
1168,1240217,LIHC,2.089692,2.7557497024536133
1507,1240147,LIHC,3.452131,4.662647247314453
1625,1240158,LIHC,4.052611,4.791106224060059
1598,1240216,LIHC,5.584378,4.330738067626953
1622,907071,LIHC,3.256363,4.249492168426514
1917,1240159,LIHC,5.781203,3.3611583709716797
1918,907057,LIHC,4.420268,3.6834771633148193
1511,1298151,LIHC,0.333348,-0.17108787596225739
1036,909738,LIHC,3.496906,5.081182479858398
2109,907057,LIHC,3.262587,2.732473373413086
1191,1240159,LIHC,-1.355914,-4.590878009796143
1006,1298151,LIHC,3.359477,3.444880723953247
1910,1240216,LIHC,1.542692,2.9685239791870117
1936,1240158,LIHC,2.090184,3.2029531002044678
1239,909738,LIHC,3.690546,4.340734481811523
1073,1240158,LIHC,7.543911,4.99452543258667
1855,1240160,LIHC,5.279245,4.541793346405029
1622,909738,LIHC,3.749598,5.198938846588135
1177,909736,LIHC,3.775586,4.5674262046813965
1918,1240217,LIHC,4.324368,4.247261047363281
1375,909736,LIHC,6.242012,6.469766139984131
1911,1298146,LIHC,-0.58459,-2.4895081520080566
1624,1240160,LIHC,4.367556,5.411056041717529
2111,910850,LIHC,4.409999,5.501258850097656
1613,909738,LIHC,4.738112,4.389807224273682
1549,909738,LIHC,3.189554,3.6742324829101562
1054,1240158,LIHC,4.163604,3.8451919555664062
1011,1240157,LIHC,2.570552,2.2169134616851807
1930,1240158,LIHC,1.555898,1.7341210842132568
1932,1298146,LIHC,2.813946,4.231505393981934
1051,909719,LIHC,3.310244,2.2477049827575684
1613,907071,LIHC,5.463026,4.78648567199707
1022,1240157,LIHC,0.72298,0.9944895505905151
1928,909738,LIHC,6.159591,4.953762531280518
1268,1240217,LIHC,5.552065,4.323572158813477
1917,1298146,LIHC,2.771778,3.7994539737701416
1079,1240157,LIHC,-0.630902,-0.11160741746425629
1930,1298146,LIHC,3.372625,2.5323610305786133
1930,1240157,LIHC,1.513335,1.8892440795898438
1177,910850,LIHC,6.094216,5.194859981536865
1529,1298146,LIHC,2.647592,2.1927003860473633
1912,1240217,LIHC,2.385436,3.2237141132354736
1613,1240217,LIHC,1.453686,4.021129131317139
1563,909736,LIHC,5.987225,6.000908374786377
1089,1240159,LIHC,4.955545,5.307794570922852
1010,910850,LIHC,4.308889,4.145840644836426
1852,1298151,LIHC,5.510595,6.038076400756836
1913,910850,LIHC,5.699839,5.936559677124023
2106,1240160,LIHC,4.541544,4.466178894042969
1927,910850,LIHC,5.025236,5.918298244476318
1011,1298146,LIHC,4.933623,1.6023328304290771
1200,1240160,LIHC,3.515497,3.876110553741455
1248,909737,LIHC,-4.468395,-3.1062254905700684
1854,909737,LIHC,5.262141,4.868523120880127
1627,909738,LIHC,3.667009,3.733534097671509
1926,1240157,LIHC,-0.733211,-0.20728854835033417
1564,909719,LIHC,3.194675,2.4229736328125
1908,909719,LIHC,3.840381,2.141361951828003
1085,1240160,LIHC,2.801649,2.1438910961151123
2046,909738,LIHC,5.444287,4.32746696472168
1593,1298146,LIHC,2.713039,4.29074239730835
1634,1240157,LIHC,4.841685,4.428613185882568
1997,1240159,LIHC,3.533456,3.8097410202026367
1058,1240216,LIHC,2.836154,2.6193761825561523
1625,1240217,LIHC,4.652259,4.769867420196533
1915,1240158,LIHC,3.355015,3.4834794998168945
1630,1240147,LIHC,2.044384,2.5903372764587402
1507,909736,LIHC,5.902449,4.886993885040283
1013,1240217,LIHC,2.932526,3.2316157817840576
1910,1298146,LIHC,2.895452,2.9648475646972656
1046,1298151,LIHC,2.258163,2.6356582641601562
1922,1298151,LIHC,1.836691,2.6030468940734863
1613,1240159,LIHC,3.169947,4.400562286376953
1011,907057,LIHC,1.048804,3.047285318374634
1179,909737,LIHC,0.870605,0.8626459240913391
1629,1298146,LIHC,5.361823,4.173045635223389
2045,907071,LIHC,5.481382,5.781320571899414
1916,1240157,LIHC,1.806766,2.1706674098968506
1618,907057,LIHC,2.95679,3.730351686477661
1068,1240217,LIHC,0.338429,0.8183926343917847
1003,1240160,LIHC,0.950818,0.07509675621986389
1093,909736,LIHC,5.299656,4.6244893074035645
1199,1240157,LIHC,3.520079,4.046439170837402
1576,1240143,LUSC,3.819107,2.94919753074646
1799,687815,LUSC,-0.50588,-1.950348138809204
1200,1298223,LUSC,3.553425,3.2152316570281982
1011,1298226,LUSC,0.773489,2.7526960372924805
1199,753569,LUSC,3.451332,3.5897693634033203
1085,908443,LUSC,3.256731,2.582937240600586
1250,908443,LUSC,3.884926,2.6195034980773926
1916,1298226,LUSC,2.95489,2.98602032661438
2110,687787,LUSC,5.003569,4.574819564819336
1239,724879,LUSC,3.843385,4.443941593170166
1034,724879,LUSC,-2.996928,-2.5626137256622314
1058,1240183,LUSC,2.603949,1.7733936309814453
1918,753554,LUSC,2.007882,2.933638095855713
1997,753554,LUSC,-0.725485,4.3488545417785645
1259,724879,LUSC,5.027731,3.790208578109741
1549,1240183,LUSC,2.456632,2.0083963871002197
1598,687815,LUSC,4.524691,3.766169309616089
1200,753569,LUSC,3.071013,3.166262149810791
1557,908443,LUSC,5.607359,5.420346260070801
1177,909728,LUSC,5.674139,5.140805244445801
1006,1298223,LUSC,1.541001,3.8851850032806396
1507,753556,LUSC,4.602501,4.893576145172119
1627,753556,LUSC,2.10665,2.6054036617279053
1057,753556,LUSC,-2.766098,-2.656020164489746
1010,687815,LUSC,0.816161,1.1412029266357422
1375,909728,LUSC,6.976436,6.654861927032471
1626,1240143,LUSC,3.860796,2.6305530071258545
1199,1240183,LUSC,4.233985,3.9876747131347656
1930,1298226,LUSC,-0.041969,0.5508526563644409
1032,1298226,LUSC,0.438824,2.099759817123413
1618,753569,LUSC,3.934739,3.763828992843628
1910,687815,LUSC,0.775924,1.2631393671035767
1931,1240143,LUSC,6.121692,5.938800811767578
1190,753569,LUSC,0.621898,-0.9134912490844727
1512,724879,LUSC,6.495814,6.252689838409424
1083,1240183,LUSC,4.59528,4.833672046661377
1996,1240183,LUSC,4.585729,4.683579444885254
1627,1240142,LUSC,2.490868,2.2925219535827637
1618,1240142,LUSC,3.668686,2.9597601890563965
1268,753554,LUSC,4.493905,4.496129989624023
2048,1298226,LUSC,-4.689274,-2.2067458629608154
1997,1298226,LUSC,2.200469,3.6098203659057617
1006,753554,LUSC,2.275994,2.2714731693267822
1926,753556,LUSC,-0.678169,-0.19620753824710846
1932,1240143,LUSC,2.213185,3.7335336208343506
2045,1298223,LUSC,4.356832,5.303975582122803
2107,687787,LUSC,5.830332,5.233219623565674
1931,1298538,LUSC,5.680258,5.798219203948975
1853,753569,LUSC,3.220439,3.841721296310425
1084,724879,LUSC,-1.215865,-0.7252557873725891
1922,908443,LUSC,1.088895,2.583679437637329
1012,908443,LUSC,1.692423,1.39995539188385
1080,687787,LUSC,-3.706398,-3.0605309009552
1249,724879,LUSC,4.184592,4.542377471923828
1631,1240143,LUSC,3.464339,4.281141757965088
1013,687815,LUSC,3.661617,3.2443737983703613
1557,687787,LUSC,5.510391,5.3150811195373535
2107,753556,LUSC,5.669005,4.86824369430542
1622,753554,LUSC,4.985312,4.217976093292236
1180,909728,LUSC,-0.496373,-1.9025506973266602
1618,753556,LUSC,3.848892,3.4289138317108154
1085,687815,LUSC,3.05822,2.588759422302246
1073,1298226,LUSC,4.049246,5.06004524230957
2047,687815,LUSC,3.827609,3.153362989425659
1933,1240183,LUSC,4.513839,5.077816963195801
1054,687815,LUSC,3.049442,3.153963088989258
1852,724879,LUSC,6.541765,6.081225872039795
1032,753569,LUSC,2.244026,2.0183303356170654
2048,724879,LUSC,-2.845344,-0.90233314037323
1908,753556,LUSC,2.561706,2.493028163909912
1621,909728,LUSC,4.114115,5.149860382080078
2048,753569,LUSC,-2.41284,-2.65739107131958
1237,1240142,LUSC,4.987989,4.488152027130127
1563,687787,LUSC,5.624272,5.7661519050598145
1512,1298538,LUSC,5.925223,5.471886157989502
1168,1298226,LUSC,0.397277,2.5194365978240967
1922,753556,LUSC,2.245341,1.7024855613708496
2040,1298223,LUSC,2.252085,1.6733386516571045
1910,687787,LUSC,1.423285,1.8423281908035278
1553,753569,LUSC,0.11762,3.16903018951416
1873,905941,LUSC,3.56686,2.764713764190674
1564,687815,LUSC,4.365276,1.9459600448608398
1510,905941,LUSC,4.091104,5.802712440490723
1625,1298538,LUSC,5.719279,5.278119087219238
1372,753556,LUSC,-0.816806,0.0007622092962265015
1613,687787,LUSC,4.727105,4.2555012702941895
1010,1298226,LUSC,1.382672,3.189196825027466
1908,909728,LUSC,2.71375,2.462188243865967
1598,1240142,LUSC,4.916371,3.8528759479522705
1617,1298223,LUSC,5.639504,2.597773790359497
1057,1240143,LUSC,-1.286124,-1.026412844657898
1250,1240142,LUSC,1.170401,1.1750171184539795
1613,1240183,LUSC,4.878825,5.008195400238037
1925,1240183,LUSC,5.809015,5.412923812866211
1926,905941,LUSC,3.838706,2.051034450531006
1191,1298226,LUSC,-5.946909,-5.1533002853393555
1912,1240143,LUSC,3.488774,4.130550861358643
1563,1240183,LUSC,6.611637,6.575756549835205
1622,1298538,LUSC,4.938029,4.6571431159973145
1177,724879,LUSC,5.99038,5.4801506996154785
1615,909728,LUSC,4.8937,5.614950180053711
1089,687787,LUSC,4.826407,3.94134783744812
1598,1298538,LUSC,5.173466,4.328769683837891
1928,687787,LUSC,4.592048,5.118004322052002
1054,909728,LUSC,4.518823,3.4324333667755127
1613,687815,LUSC,0.695826,2.4366455078125
1034,908443,LUSC,-1.568698,-2.316598892211914
1911,753556,LUSC,-5.366544,-4.698894023895264
1237,905941,LUSC,6.73709,7.244810104370117
1931,687815,LUSC,5.585582,5.259223937988281
1614,905941,LUSC,4.732422,5.941415786743164
1057,724879,LUSC,-0.370024,-0.9839805364608765
2107,1298223,LUSC,5.33852,5.418990612030029
1053,687815,LUSC,2.953468,2.2736082077026367
1620,753556,LUSC,4.972069,4.8065104484558105
1068,753554,LUSC,1.975288,1.4526746273040771
1012,753556,LUSC,2.028571,1.7047110795974731
1912,1240183,LUSC,3.429409,3.3195858001708984
1854,1298538,LUSC,4.987715,4.7795586585998535
1268,1240183,LUSC,4.87556,4.624456405639648
1613,1298223,LUSC,2.700153,4.225658893585205
1626,1240142,LUSC,0.810448,1.0699996948242188
1927,1298538,LUSC,5.913157,5.2055206298828125
1940,753556,LUSC,3.737549,3.8048548698425293
1913,1240142,LUSC,4.40699,4.2748122215271
2107,753569,LUSC,4.624289,5.135333061218262
1073,909728,LUSC,7.038605,4.646966457366943
1931,753554,LUSC,6.103131,5.813838481903076
1180,753556,LUSC,-4.049077,-2.971290111541748
1561,1240143,LUSC,4.578998,4.428941249847412
1373,1240143,LUSC,4.803327,4.892117977142334
1248,687787,LUSC,-4.97062,-3.8527889251708984
1047,908443,LUSC,5.938707,4.021095275878906
1852,1240143,LUSC,6.063144,5.459547519683838
1558,1240143,LUSC,5.149482,4.964099407196045
1924,753569,LUSC,1.351855,3.582516670227051
1631,687815,LUSC,2.547215,2.665070056915283
1549,687787,LUSC,5.539881,5.090782642364502
1005,1240183,LUSC,4.837835,5.2176361083984375
1237,687787,LUSC,5.009323,5.439469337463379
1073,908443,LUSC,4.239161,4.572181224822998
1060,687787,LUSC,1.530413,1.437751054763794
1909,1240142,LUSC,2.690273,2.1814870834350586
1618,1240143,LUSC,4.649273,3.9445300102233887
1372,1240142,LUSC,-0.413143,-0.7712767124176025
1909,1298223,LUSC,3.423367,2.0622377395629883
2046,753569,LUSC,3.592657,3.4763736724853516
1003,909728,LUSC,-2.863123,-2.6622703075408936
1617,753569,LUSC,3.444314,2.3429975509643555
1006,753556,LUSC,1.783373,2.9058775901794434
2046,1298223,LUSC,0.790818,3.8947267532348633
1085,909728,LUSC,2.71399,3.5762147903442383
1922,724879,LUSC,2.397977,3.044684648513794
1912,1240142,LUSC,0.918522,1.6272270679473877
1939,687787,LUSC,3.862421,3.9606049060821533
1017,687787,LUSC,4.568956,4.145419120788574
1564,1240183,LUSC,3.308355,4.028786659240723
1013,908443,LUSC,3.46533,3.4592180252075195
1940,687815,LUSC,4.718025,2.8556787967681885
1084,1298226,LUSC,-2.085023,-1.9541590213775635
1013,687787,LUSC,4.614632,4.399433135986328
1626,905941,LUSC,3.961668,3.840409994125366
1931,908443,LUSC,5.998435,5.673288345336914
1909,687787,LUSC,1.906857,2.153345823287964
1849,753554,LUSC,0.204947,-0.4294835925102234
1511,753556,LUSC,-1.113308,-1.0554759502410889
1912,909728,LUSC,5.567001,3.220431327819824
1629,753556,LUSC,4.351836,4.996711254119873
1909,905941,LUSC,5.094521,3.930088996887207
1080,908443,LUSC,-2.578532,-3.381995677947998
1617,1240183,LUSC,2.25151,2.5724730491638184
1073,1240183,LUSC,6.155104,6.674445152282715
1373,1298226,LUSC,3.947132,4.946756362915039
1630,724879,LUSC,2.64027,4.548813343048096
1930,753556,LUSC,1.036308,-0.19218100607395172
1053,1298226,LUSC,4.328272,3.3485360145568848
1852,905941,LUSC,7.851653,7.246456623077393
1996,687787,LUSC,3.330685,4.501489639282227
1084,1240142,LUSC,-2.779397,-3.1737451553344727
1576,687787,LUSC,2.13267,2.4731760025024414
1926,724879,LUSC,1.263081,1.2678096294403076
1036,687787,LUSC,5.041767,5.019567966461182
1179,1240142,LUSC,-1.142927,0.2914590537548065
1621,1298226,LUSC,4.790444,4.984612941741943
1625,753554,LUSC,4.642301,4.653303146362305
1915,753556,LUSC,3.456601,1.944850206375122
1083,724879,LUSC,3.578707,3.9111626148223877
1079,1298223,LUSC,4.317392,2.4138150215148926
1873,1240183,LUSC,2.32908,1.3832426071166992
1919,687815,LUSC,-2.270835,-2.229739189147949
1621,1240143,LUSC,4.970977,5.213780879974365
1635,724879,LUSC,6.130051,6.158196449279785
2109,687787,LUSC,2.266798,3.099888324737549
1911,1240183,LUSC,-3.249759,-3.960484027862549
2110,905941,LUSC,6.841613,6.5266618728637695
1624,753569,LUSC,3.699168,3.7816598415374756
1079,687815,LUSC,0.899218,2.3277900218963623
1940,1298226,LUSC,3.858844,3.7529373168945312
1564,1298223,LUSC,4.417496,3.1118340492248535
1910,753556,LUSC,2.631279,2.9303321838378906
1932,1298223,LUSC,2.486749,3.221926212310791
1239,687815,LUSC,0.528854,2.0446250438690186
1799,908443,LUSC,4.589148,5.509954929351807
1625,724879,LUSC,4.463797,5.6621317863464355
1932,724879,LUSC,5.467322,4.032649040222168
1199,1240142,LUSC,2.348503,2.8627781867980957
1620,1240183,LUSC,6.185748,6.081615447998047
1928,1240142,LUSC,3.596745,3.526298999786377
1852,909728,LUSC,5.744795,5.793800354003906
1049,724879,LUSC,5.802877,5.54182243347168
1510,687815,LUSC,3.311807,3.6271936893463135
1168,1240143,LUSC,2.284502,3.516904830932617
1168,687815,LUSC,0.556184,2.247260808944702
1529,905941,LUSC,6.955032,5.47487211227417
1634,1298223,LUSC,5.379783,4.352245330810547
1046,1298538,LUSC,2.244661,1.7980352640151978
1259,908443,LUSC,2.592273,4.0865654945373535
1997,1240142,LUSC,4.188682,3.809810161590576
1047,1298223,LUSC,5.953522,5.659752368927002
1559,753554,LUSC,-2.518694,-1.890138864517212
1017,753554,LUSC,3.653653,4.737889289855957
1919,908443,LUSC,2.55871,2.0652573108673096
1022,1298223,LUSC,-1.47353,0.7550983428955078
1068,753556,LUSC,1.123218,0.532307505607605
1250,905941,LUSC,1.604038,3.0764591693878174
1507,908443,LUSC,5.623097,4.8836798667907715
1629,905941,LUSC,6.822426,6.8797712326049805
1873,753554,LUSC,0.953332,1.0683236122131348
2043,753569,LUSC,5.81563,5.0197319984436035
1168,1298223,LUSC,0.85423,1.8712913990020752
2046,1298226,LUSC,3.047671,3.1648170948028564
1936,905941,LUSC,5.290397,4.603812217712402
1034,1298226,LUSC,-4.059781,-3.8285083770751953
1916,1240183,LUSC,3.55798,3.5601630210876465
1559,753569,LUSC,-3.017301,-0.9601478576660156
1563,724879,LUSC,6.106913,6.656552791595459
1200,908443,LUSC,3.47468,2.86647367477417
1917,1240143,LUSC,4.462134,2.880000591278076
1373,1240183,LUSC,5.216843,5.7536115646362305
1559,1240143,LUSC,0.502839,-2.325824022293091
1925,753556,LUSC,4.337808,4.990598678588867
1930,687787,LUSC,0.816508,1.2016360759735107
1190,1298538,LUSC,-0.481662,1.0515068769454956
1855,1240183,LUSC,4.431074,5.864340305328369
1615,687815,LUSC,4.066866,5.127976417541504
1168,753554,LUSC,2.9975,3.242797613143921
1529,1298226,LUSC,0.014881,1.6235748529434204
1624,687815,LUSC,4.011589,3.3516135215759277
1250,1298223,LUSC,5.780349,3.0530648231506348
1549,1240142,LUSC,2.033329,2.5440971851348877
1786,1240142,LUSC,1.241409,2.392652750015259
1051,753556,LUSC,0.9141,1.2364013195037842
1620,1298226,LUSC,5.790816,5.310596466064453
2096,753569,LUSC,1.541118,2.207493305206299
1007,909728,LUSC,-4.254713,-3.887791156768799
1179,724879,LUSC,1.812595,1.112038254737854
2047,905941,LUSC,4.490713,4.7847900390625
1268,753556,LUSC,5.535347,3.914065361022949
1996,753569,LUSC,4.569423,3.9357242584228516
1034,1240183,LUSC,-2.270056,-1.792649507522583
1180,1240143,LUSC,0.694184,-2.8008663654327393
1080,1298538,LUSC,-3.207478,-1.8972320556640625
1941,1298538,LUSC,-1.596731,-2.8727169036865234
1053,905941,LUSC,7.015961,5.811917781829834
1917,753556,LUSC,0.06457,2.112528085708618
1013,905941,LUSC,6.555572,6.244814395904541
1268,1240143,LUSC,4.803199,4.73911190032959
1073,1240142,LUSC,3.189174,3.074937582015991
1576,909728,LUSC,3.625705,3.435392141342163
1057,753569,LUSC,-0.716036,-1.1645559072494507
1924,1298538,LUSC,1.215436,1.8878810405731201
1239,753569,LUSC,2.972147,2.254937171936035
1908,753569,LUSC,1.873292,2.207608699798584
1576,687815,LUSC,3.282996,2.579439401626587
1060,724879,LUSC,0.491395,0.943131685256958
1855,1298538,LUSC,4.704005,4.57333517074585
1005,909728,LUSC,3.633211,3.566319704055786
1849,1298226,LUSC,-0.412376,0.17344947159290314
1512,753554,LUSC,5.130109,5.293422222137451
1925,905941,LUSC,7.522875,7.099542140960693
1564,1240142,LUSC,1.512877,1.4125200510025024
1375,753554,LUSC,7.168577,6.197688579559326
1237,1240183,LUSC,5.987287,6.014534950256348
1191,909728,LUSC,-2.621076,-4.897428512573242
1997,1240183,LUSC,4.183191,3.1382789611816406
1549,1298226,LUSC,2.080477,3.7571003437042236
2043,687787,LUSC,5.593527,4.801566123962402
1080,1240183,LUSC,-1.086413,0.5003079771995544
1933,687815,LUSC,5.317476,4.013893127441406
1593,905941,LUSC,4.697715,6.545933723449707
1922,909728,LUSC,2.006985,2.2675588130950928
2107,1298538,LUSC,5.979366,5.180941104888916
1915,1298538,LUSC,0.719048,0.9640427827835083
1799,724879,LUSC,5.849799,5.677766799926758
1036,909728,LUSC,4.169204,4.322772026062012
1561,687787,LUSC,3.76702,3.7194950580596924
1068,908443,LUSC,2.647705,1.3860197067260742
1007,687815,LUSC,-5.582397,-5.4022440910339355
1854,753554,LUSC,5.091123,4.659687042236328
1576,1298223,LUSC,3.350489,3.011690855026245
1925,1298226,LUSC,6.095298,5.074951648712158
1058,908443,LUSC,-0.057053,1.28420090675354
1854,753569,LUSC,4.73519,4.674328327178955
1927,1298223,LUSC,5.824582,5.051042079925537
1912,753554,LUSC,2.291804,2.536777973175049
1578,905941,LUSC,5.81868,6.550092697143555
1373,909728,LUSC,2.744262,4.470615386962891
1529,1240183,LUSC,3.376469,2.298997640609741
1627,1240143,LUSC,3.663291,3.2790188789367676
1927,724879,LUSC,6.238162,6.061690330505371
2110,1298538,LUSC,4.032611,4.420304775238037
1054,1298226,LUSC,4.828328,4.046764850616455
1011,1240142,LUSC,2.571218,2.351970672607422
1930,753569,LUSC,0.755553,1.3502397537231445
1051,905941,LUSC,5.879654,4.316168308258057
1593,1298223,LUSC,2.528699,2.8712778091430664
1022,1240142,LUSC,-2.73365,-0.273276686668396
1237,1240143,LUSC,5.772668,5.657397747039795
1190,687815,LUSC,-4.550513,-2.2948126792907715
2048,909728,LUSC,-3.979474,-1.3934186697006226
1250,753556,LUSC,1.099228,1.309133529663086
1936,1240143,LUSC,2.912312,2.228072166442871
2111,1240183,LUSC,6.284676,5.502519607543945
1131,687815,LUSC,5.754874,4.155125617980957
2045,909728,LUSC,3.634805,5.167170524597168
1615,753569,LUSC,5.269722,5.010173797607422
1919,753569,LUSC,2.107331,1.8591169118881226
1268,687787,LUSC,4.266935,4.64525842666626
1010,909728,LUSC,2.042296,2.831785202026367
1849,909728,LUSC,0.614539,0.2078791707754135
2040,724879,LUSC,1.330398,2.2323250770568848
1560,1298538,LUSC,1.603956,2.2032177448272705
1012,687787,LUSC,1.584227,1.5650322437286377
1190,1298223,LUSC,4.136703,2.218726396560669
1620,1298223,LUSC,5.408205,5.533084869384766
1852,1298223,LUSC,5.290973,5.475613117218018
2040,1298538,LUSC,1.720614,1.5321074724197388
1996,908443,LUSC,5.23392,4.43292236328125
2040,1240143,LUSC,0.273834,1.5490100383758545
1862,1240143,LUSC,-1.230706,-1.0825656652450562
2110,1240142,LUSC,3.571017,3.576667547225952
1915,1298223,LUSC,1.441514,2.3521358966827393
1852,753569,LUSC,5.22876,5.133307456970215
1177,1240143,LUSC,5.860964,4.8809943199157715
1549,753569,LUSC,4.251275,3.341233968734741
1200,1298538,LUSC,2.893891,3.5624074935913086
2047,753569,LUSC,1.040792,2.207608699798584
1786,1240183,LUSC,3.724324,4.107894420623779
1629,724879,LUSC,5.339916,5.690455436706543
1560,687787,LUSC,5.146367,4.430272102355957
1013,1298538,LUSC,4.595196,4.350055694580078
1047,753554,LUSC,5.407304,5.4682936668396
1915,1298226,LUSC,0.710264,2.5062947273254395
1557,1298226,LUSC,5.03816,4.621243953704834
1011,724879,LUSC,3.873555,3.673551082611084
1915,908443,LUSC,3.79709,3.0889182090759277
1853,1298223,LUSC,3.931084,4.047604084014893
1085,1298226,LUSC,2.158407,2.885291337966919
1630,909728,LUSC,4.545286,3.645474672317505
1003,1240183,LUSC,0.107593,-0.48749595880508423
1561,909728,LUSC,2.433284,2.7058653831481934
1634,687815,LUSC,4.072125,3.677642822265625
1006,1240142,LUSC,-0.545255,0.2555367648601532
1051,1298226,LUSC,1.443327,2.2952992916107178
1931,905941,LUSC,7.793053,7.745273113250732
1799,905941,LUSC,7.421035,7.339590072631836
2111,753554,LUSC,5.813494,3.5867533683776855
1853,1298226,LUSC,5.06801,4.684262752532959
1091,908443,LUSC,4.316178,3.05487322807312
1079,909728,LUSC,-0.217961,0.017381832003593445
1012,753554,LUSC,1.112368,1.3646674156188965
1557,753554,LUSC,4.822001,4.709959030151367
1007,905941,LUSC,-1.758982,-0.7751151323318481
1941,753556,LUSC,-3.100009,-3.3472275733947754
1799,753556,LUSC,3.136186,2.5156569480895996
2043,1298226,LUSC,5.765191,5.036141395568848
1911,1298226,LUSC,-5.480592,-4.48274040222168
1032,753554,LUSC,2.833648,2.3035471439361572
1131,753554,LUSC,6.029004,5.166597843170166
2048,1298538,LUSC,-3.126826,-3.2732551097869873
1177,908443,LUSC,4.165107,4.83217191696167
1083,1240143,LUSC,2.915449,3.315349578857422
1250,687815,LUSC,2.068078,1.785692572593689
1051,1240143,LUSC,-0.856847,2.1707162857055664
1918,724879,LUSC,3.681644,4.039858341217041
1618,905941,LUSC,6.676879,5.973911285400391
1248,1240183,LUSC,-2.44008,-3.87113618850708
1799,1240142,LUSC,2.241454,3.3053207397460938
2111,905941,LUSC,7.773992,6.9029645919799805
1179,753556,LUSC,-1.145194,-0.5745458602905273
1051,1298538,LUSC,1.402217,2.581695318222046
1512,1240142,LUSC,4.77636,4.5637946128845215
1003,753554,LUSC,-4.083769,-2.6344943046569824
2109,753554,LUSC,2.91597,3.038858413696289
1911,724879,LUSC,-4.423208,-3.278207302093506
1910,909728,LUSC,2.558756,3.081496477127075
1057,908443,LUSC,-3.055423,-1.6532341241836548
1373,908443,LUSC,5.47142,5.388082504272461
1941,1298223,LUSC,-2.265937,-3.052626609802246
1910,1240143,LUSC,-0.981701,2.2546372413635254
1179,687815,LUSC,-0.466532,0.2760891318321228
1004,724879,LUSC,-2.384242,-1.6008918285369873
1049,1240142,LUSC,2.30307,3.3519127368927
1922,1240143,LUSC,4.405794,3.213421583175659
1564,724879,LUSC,1.776844,2.877758264541626
1626,687815,LUSC,3.599265,3.1698215007781982
2111,908443,LUSC,3.988632,4.28021240234375
1053,1298223,LUSC,3.350008,3.7879674434661865
1179,905941,LUSC,3.098137,3.949967861175537
1614,753569,LUSC,3.450636,3.884990692138672
1507,1290722,THCA,5.376015,4.703059196472168
2040,924151,THCA,0.706621,0.7869833111763
1558,1290722,THCA,3.595168,3.2071807384490967
1854,930083,THCA,7.814915,7.178766250610352
1911,906864,THCA,-5.110129,-4.500609874725342
1925,906828,THCA,3.887376,4.793711185455322
1931,906696,THCA,5.368308,5.1853837966918945
1373,1240154,THCA,1.869471,1.9154185056686401
1908,1240154,THCA,1.79994,1.0680001974105835
2048,1290722,THCA,-1.803869,-2.7984113693237305
1932,906696,THCA,1.670597,2.195293664932251
1613,930083,THCA,7.131133,7.049993991851807
1855,906864,THCA,6.038779,5.217658042907715
1926,930299,THCA,2.93301,3.303624153137207
1058,924151,THCA,2.053976,1.6299723386764526
1629,906696,THCA,4.13593,3.93502140045166
1913,906795,THCA,5.550123,5.159036636352539
1057,924102,THCA,0.644327,-0.8660887479782104
1068,1290722,THCA,1.884682,1.2711889743804932
1011,910568,THCA,3.392459,3.665072441101074
1054,924102,THCA,5.790202,4.497312545776367
1621,1240154,THCA,5.118282,3.756018877029419
1248,924238,THCA,-2.437639,-3.8258776664733887
1088,924151,THCA,4.154305,3.0714831352233887
2047,924102,THCA,1.94494,2.74899959564209
1919,1240154,THCA,1.412698,2.5011472702026367
1237,906795,THCA,5.754343,5.6118483543396
1931,1240223,THCA,7.515446,7.610330581665039
1084,924102,THCA,-0.038395,-1.3050847053527832
1873,924102,THCA,1.504341,1.676226019859314
1918,930299,THCA,3.987995,4.950440406799316
1249,1240154,THCA,2.11836,2.7178447246551514
1083,906828,THCA,4.134173,3.4982032775878906
1375,910568,THCA,6.147604,6.24088716506958
1927,930299,THCA,4.370925,6.2044148445129395
1852,924151,THCA,5.848361,5.5252556800842285
1918,924151,THCA,4.707846,2.9874799251556396
1941,906864,THCA,-5.596517,-4.531564712524414
1372,930299,THCA,1.501873,1.578456997871399
1084,906795,THCA,-0.815744,-1.3224502801895142
1091,1290722,THCA,1.658093,2.49849796295166
2106,1240154,THCA,1.780377,2.909372568130493
1620,924151,THCA,5.788212,5.49048376083374
1549,924151,THCA,5.086343,3.3195297718048096
1006,924104,THCA,3.267792,1.1917003393173218
1549,924238,THCA,4.117462,4.026825904846191
1006,924102,THCA,4.737497,2.553896427154541
1564,1290722,THCA,1.577266,2.680804491043091
1615,906696,THCA,3.985832,4.626217365264893
1239,1240223,THCA,4.710905,5.29600191116333
1598,924104,THCA,6.003321,5.003030300140381
1199,1240154,THCA,3.01456,3.753831624984741
1373,1290722,THCA,4.984508,4.492703914642334
1635,1240223,THCA,7.012543,6.916203022003174
1625,906828,THCA,5.264767,4.588808536529541
1560,924102,THCA,6.218958,4.484522342681885
1909,1240223,THCA,3.835801,3.9281673431396484
1012,924102,THCA,1.996235,2.1344234943389893
2110,930083,THCA,7.160611,7.211635589599609
1013,930083,THCA,7.153752,6.711443901062012
1629,1240223,THCA,6.490698,6.62350606918335
2043,906864,THCA,5.878966,5.0254411697387695
1911,1240154,THCA,-5.974832,-6.050405979156494
2040,906864,THCA,1.606839,1.0218391418457031
1131,1240223,THCA,7.826309,7.746485710144043
1924,924102,THCA,5.047558,4.551127910614014
1635,924104,THCA,5.59262,5.328289985656738
1922,924102,THCA,2.876803,2.629483222961426
1259,906696,THCA,3.043732,2.555116653442383
1564,930083,THCA,6.266649,5.170419216156006
1200,906795,THCA,4.090476,3.5876214504241943
1036,1290722,THCA,5.495053,4.367556095123291
1250,1240154,THCA,1.199987,1.631893277168274
1930,906828,THCA,-0.716905,-0.36873024702072144
1930,910568,THCA,0.49675,0.14233407378196716
1629,906795,THCA,4.927908,5.669552326202393
1613,906828,THCA,4.830183,4.323082447052002
1558,906828,THCA,2.01523,4.226318359375
1268,906696,THCA,3.979725,4.162469387054443
1057,924238,THCA,-3.32245,-2.9188289642333984
1852,930083,THCA,8.048052,7.78317403793335
1939,924238,THCA,4.016706,1.9553728103637695
1012,1240154,THCA,0.772943,1.2786757946014404
1930,906864,THCA,0.356143,0.5661053657531738
1091,924151,THCA,1.304664,1.6725690364837646
1909,930083,THCA,4.675113,4.095952033996582
1191,930299,THCA,-4.980588,-1.1367287635803223
1199,906864,THCA,3.491273,3.9226791858673096
1529,924238,THCA,1.565137,0.564490556716919
1180,930083,THCA,1.07364,1.075512409210205
1911,1240223,THCA,-2.167975,-1.850916862487793
1560,930083,THCA,6.967678,6.783486843109131
1013,906696,THCA,3.88367,3.420586109161377
1200,924102,THCA,3.600358,3.4191834926605225
1237,1240154,THCA,4.387442,4.505788803100586
1017,1240223,THCA,5.66007,5.3650617599487305
1010,924102,THCA,4.630968,3.659745216369629
1873,924104,THCA,0.682934,1.265037178993225
1928,906828,THCA,2.714904,4.221138000488281
1615,1290722,THCA,5.181118,4.979441165924072
1557,1240223,THCA,6.887116,6.623075008392334
1913,906696,THCA,4.609918,4.140220642089844
1626,906696,THCA,0.29616,2.369530439376831
1557,924102,THCA,6.147449,4.769125938415527
1615,930083,THCA,6.599867,7.388894081115723
1053,930083,THCA,5.986318,6.053448677062988
1855,924104,THCA,6.536393,5.060293674468994
1073,906696,THCA,5.921771,2.9293346405029297
1924,910568,THCA,5.306488,4.226241111755371
1916,930299,THCA,3.949009,5.596606731414795
1036,924102,THCA,4.651426,4.568597316741943
1054,1240223,THCA,6.283129,6.516170978546143
1854,906864,THCA,5.316399,4.610600471496582
1049,924238,THCA,3.146775,3.567631959915161
1191,924151,THCA,-6.107806,-5.063422203063965
1553,1290722,THCA,3.792931,3.8011865615844727
2106,1240223,THCA,6.353916,6.158938884735107
1068,924151,THCA,1.163771,1.8590168952941895
1910,910568,THCA,4.475643,2.8374645709991455
1799,924151,THCA,4.931112,4.220297813415527
1373,924104,THCA,2.092677,3.926591396331787
1080,906828,THCA,-3.949777,-2.388354778289795
1578,906864,THCA,5.471399,5.150094985961914
1080,930083,THCA,2.500973,1.7389013767242432
1250,906795,THCA,3.326978,2.3229928016662598
1005,930083,THCA,7.927176,7.866352558135986
2045,910568,THCA,5.261896,5.207696437835693
1615,1240154,THCA,5.127096,4.4564642906188965
1928,930083,THCA,6.659801,6.782494068145752
1051,924102,THCA,4.962369,2.782528877258301
1083,1240154,THCA,3.539663,2.531796932220459
1558,1240223,THCA,5.998475,7.06812858581543
2106,910568,THCA,4.534513,4.200463771820068
1913,924238,THCA,4.820874,4.560794353485107
1079,924104,THCA,-0.482862,0.8806630373001099
1635,924238,THCA,5.338612,5.004973888397217
1168,906696,THCA,2.524823,2.514761447906494
1615,924238,THCA,5.306697,4.458315849304199
1560,906864,THCA,5.880075,4.312892436981201
1916,1240223,THCA,5.969443,4.885895729064941
1854,906696,THCA,2.917444,4.539357662200928
1073,924102,THCA,6.114016,5.6728668212890625
1373,930299,THCA,6.026919,6.345085620880127
2044,924151,THCA,3.896023,3.715364933013916
1085,924238,THCA,2.644561,2.9266209602355957
1032,930083,THCA,5.65024,5.341291904449463
1007,910568,THCA,-3.730746,-3.89288330078125
1259,924238,THCA,1.99974,2.097456693649292
1916,1240154,THCA,3.674435,2.8128273487091064
1091,924104,THCA,1.228911,2.601128101348877
1046,924151,THCA,1.125189,2.296955108642578
1630,906696,THCA,2.470767,3.2438137531280518
1913,910568,THCA,4.358201,4.74642276763916
2048,906828,THCA,-3.862965,-2.701307535171509
1179,924104,THCA,0.335417,1.3942158222198486
1925,930299,THCA,5.832033,6.71859884262085
1560,930299,THCA,6.333877,5.331693649291992
1017,906795,THCA,4.562601,4.880401611328125
1996,924104,THCA,2.728986,4.002521991729736
1068,906828,THCA,0.94493,1.4245665073394775
2096,1290722,THCA,2.212287,2.942497491836548
1012,906795,THCA,1.865473,2.2317254543304443
1529,906828,THCA,-1.394685,-1.2427279949188232
2107,930299,THCA,6.980078,6.491489887237549
1925,906696,THCA,4.253873,4.488266468048096
1179,906795,THCA,1.772757,1.7403675317764282
1032,924104,THCA,2.009187,2.073167324066162
2109,906828,THCA,2.704105,3.5126473903656006
2046,924104,THCA,4.962018,3.6983985900878906
1624,906828,THCA,1.711665,3.282831907272339
2040,906696,THCA,0.377829,0.9465841054916382
1618,924238,THCA,3.33045,3.287451982498169
1088,906864,THCA,1.850804,2.6582469940185547
1931,906828,THCA,5.014486,5.597187519073486
1615,924151,THCA,5.295652,5.376845836639404
1259,906864,THCA,2.24674,3.297559976577759
1620,1240223,THCA,7.491571,7.135687351226807
1036,906696,THCA,2.160128,2.2489466667175293
1034,930299,THCA,2.762751,0.47705280780792236
1598,1240154,THCA,3.691629,4.242970943450928
1853,1240223,THCA,7.168722,5.746287822723389
1010,1240223,THCA,5.545988,5.511723041534424
1926,910568,THCA,1.759635,0.5397602915763855
1375,930299,THCA,7.634417,7.536394119262695
1630,1290722,THCA,3.204705,3.7557289600372314
1036,930083,THCA,6.489166,7.042322158813477
1058,1240223,THCA,4.988446,4.525417327880859
1054,906795,THCA,2.707872,4.2661662101745605
1191,906795,THCA,-5.461582,-4.847253799438477
1507,906864,THCA,5.519081,4.73238468170166
1854,906828,THCA,5.276236,4.58581018447876
1507,1240154,THCA,3.862568,4.423732757568359
1908,906795,THCA,3.607428,3.2361583709716797
1553,924238,THCA,1.914124,1.7722755670547485
1549,930083,THCA,6.910508,7.092021465301514
1179,910568,THCA,4.608222,1.985853672027588
2045,924238,THCA,5.136258,4.041604042053223
1621,924151,THCA,4.106281,4.78821325302124
1916,906864,THCA,1.27169,3.385676145553589
1849,1290722,THCA,-1.168857,0.15668313205242157
1615,906795,THCA,6.149476,5.267303466796875
1017,924238,THCA,3.590247,3.408675193786621
1855,1290722,THCA,2.928462,4.687862873077393
1928,924104,THCA,4.97378,4.549870014190674
1093,924238,THCA,4.239886,4.6597676277160645
1011,924238,THCA,2.326565,2.50837779045105
1058,1240154,THCA,1.066396,1.9482078552246094
1634,924151,THCA,3.404123,4.353039264678955
1239,924104,THCA,1.25035,2.999154806137085
1594,924102,THCA,6.151998,4.96209716796875
1057,910568,THCA,-0.28024,-1.6236525774002075
2040,924102,THCA,1.347429,1.148723840713501
2107,1240223,THCA,6.158249,6.497869968414307
1631,924238,THCA,2.817814,2.638523817062378
1558,924151,THCA,5.234018,2.8059959411621094
1058,906795,THCA,0.510228,1.5192111730575562
1006,1240154,THCA,-0.863919,-0.06898675858974457
1925,924102,THCA,6.233651,5.304228782653809
1615,1240223,THCA,7.398911,6.96382474899292
1564,906864,THCA,5.430545,3.8512494564056396
1080,924151,THCA,-3.339642,-2.065514326095581
1849,924104,THCA,0.241885,0.09663818776607513
1085,924102,THCA,3.507672,3.2092339992523193
1563,1240154,THCA,5.367761,4.8491740226745605
1060,910568,THCA,2.040133,1.4301890134811401
1931,930299,THCA,7.126814,6.917508602142334
1909,906696,THCA,1.88383,2.1101605892181396
1012,930299,THCA,1.753067,2.8560378551483154
1614,1290722,THCA,5.365137,3.472698211669922
1049,910568,THCA,4.103531,4.342952728271484
1049,906696,THCA,3.937656,3.393008232116699
1007,930083,THCA,-1.915159,-0.4790306091308594
1941,906828,THCA,-5.625023,-5.897699356079102
2106,930083,THCA,7.856557,5.961680889129639
1085,906828,THCA,2.335612,2.534149169921875
1007,906696,THCA,-4.895821,-4.75339937210083
1034,906696,THCA,-4.919712,-3.726623296737671
1375,924104,THCA,5.9895,6.130850791931152
1564,906828,THCA,2.023161,1.4303810596466064
1054,910568,THCA,3.408926,4.645941257476807
1091,906828,THCA,2.029488,1.8482410907745361
2107,906828,THCA,5.59222,5.3024444580078125
2111,906795,THCA,3.41633,4.87036657333374
1003,924238,THCA,-2.508788,-2.3348443508148193
1191,930083,THCA,-1.929136,-2.0631535053253174
1613,1240154,THCA,2.435953,2.402059316635132
2043,910568,THCA,4.334162,5.0811381340026855
1913,1240154,THCA,4.035963,4.259494304656982
1909,924104,THCA,2.110096,2.8653488159179688
1849,924238,THCA,-0.389277,-0.12455500662326813
1614,924102,THCA,4.037202,3.8788905143737793
1919,930299,THCA,3.542587,4.336062908172607
1939,906795,THCA,2.730106,2.8515594005584717
1918,1240223,THCA,5.638038,5.189273357391357
1003,906864,THCA,-3.359043,-2.4039101600646973
1873,910568,THCA,2.265454,1.4397296905517578
1932,924151,THCA,2.604948,2.7762253284454346
1924,906828,THCA,3.548729,4.179819107055664
1576,1290722,THCA,3.022563,2.6494576930999756
1268,1290722,THCA,5.335513,4.239326477050781
1051,1290722,THCA,2.70411,2.504044771194458
1079,906864,THCA,2.442699,0.7699006199836731
1924,924238,THCA,2.462012,2.347315788269043
1925,1240154,THCA,4.134112,4.500782489776611
1084,906696,THCA,-0.851778,-2.0098018646240234
2040,930299,THCA,-0.400934,1.5578038692474365
1939,930083,THCA,2.907875,6.011486530303955
1578,930083,THCA,5.746278,7.239398002624512
1626,924238,THCA,-0.124124,1.997849464416504
1073,930299,THCA,6.640606,7.875857830047607
1618,1240154,THCA,4.597671,3.1047964096069336
2110,906828,THCA,3.925865,4.680633544921875
1088,1240154,THCA,0.839599,1.3964482545852661
1625,924104,THCA,5.034307,4.8104472160339355
1627,1240223,THCA,4.119174,4.786977291107178
1022,906795,THCA,0.142888,0.8084747195243835
1561,924104,THCA,4.422106,2.8172240257263184
1634,906795,THCA,5.815471,4.892142295837402
2043,924151,THCA,5.082979,5.518767356872559
1168,924104,THCA,2.644263,2.887216329574585
1089,906828,THCA,4.181001,3.659031867980957
1941,930083,THCA,-4.16562,-0.7433336973190308
2109,1290722,THCA,2.259682,2.87695050239563
2048,924151,THCA,-4.263301,-2.638887882232666
1249,924104,THCA,2.498038,3.8381564617156982
1512,930083,THCA,7.861662,7.891974449157715
1248,1240154,THCA,-5.194932,-5.288577556610107
1085,930299,THCA,4.532635,4.398688793182373
1862,930083,THCA,-1.278707,-0.8318905830383301
2111,924151,THCA,3.52887,3.8472750186920166
1003,906696,THCA,-3.296968,-2.7173678874969482
1593,1290722,THCA,2.093521,2.4064667224884033
1268,1240223,THCA,6.069418,5.983431339263916
2040,1290722,THCA,1.089776,1.19394850730896
1372,906828,THCA,-0.565621,-1.04977285861969
1013,910568,THCA,3.389336,4.726439952850342
1560,906828,THCA,3.619399,3.946979522705078
1046,924104,THCA,2.095969,2.3614602088928223
1058,906864,THCA,2.833603,1.8710334300994873
1005,906828,THCA,3.054602,2.2584011554718018
1917,924151,THCA,0.93401,1.6121368408203125
1080,1290722,THCA,-0.88104,-2.427274703979492
1624,906864,THCA,3.7499,3.7123053073883057
1200,906864,THCA,3.944297,2.9616785049438477
1511,924151,THCA,-0.475206,-0.7565321922302246
1618,924102,THCA,3.564071,4.3195481300354
1058,906828,THCA,1.008244,1.8162811994552612
1060,906696,THCA,-3.092101,-1.7305160760879517
1912,930083,THCA,5.244322,5.041382312774658
1022,924151,THCA,-0.300611,-0.0907202810049057
2043,906795,THCA,5.520643,5.457690715789795
1089,924104,THCA,4.960029,4.39463996887207
1239,1240154,THCA,2.112288,1.7100801467895508
1852,924102,THCA,6.374424,5.428097248077393
1924,1240154,THCA,2.786068,3.6123039722442627
2106,924238,THCA,2.565018,1.7722755670547485
1786,930083,THCA,6.663539,4.93078088760376
1940,924151,THCA,4.312379,3.566235065460205
1005,1240154,THCA,1.25755,1.8012534379959106
1852,906864,THCA,5.947287,5.288088798522949
1924,1290722,THCA,3.535885,4.2671589851379395
1855,924238,THCA,3.658639,5.093545436859131
1010,930299,THCA,5.346261,4.726836204528809
1627,924104,THCA,3.496095,3.107520341873169
1012,910568,THCA,1.836909,2.107755422592163
1191,906696,THCA,-5.417678,-4.6437273025512695
1624,906795,THCA,2.938476,2.6215033531188965
1912,924102,THCA,3.632768,3.418239116668701
1093,930299,THCA,4.66137,6.152451515197754
1564,1240154,THCA,0.153123,1.1049777269363403
1626,906795,THCA,1.076365,1.9310765266418457
2096,910568,THCA,3.10645,3.822108507156372
1915,930083,THCA,4.656128,5.431876182556152
1249,1290722,THCA,3.800817,3.591024875640869
1630,924238,THCA,2.500577,3.5780832767486572
1873,1240223,THCA,2.540195,2.8208794593811035
1932,906828,THCA,3.389493,3.8951892852783203
1917,906696,THCA,2.125677,1.9721194505691528
2047,906696,THCA,0.242982,0.84432053565979
1997,906696,THCA,3.375014,3.715157985687256
2047,1290722,THCA,1.738758,2.367877960205078
1073,910568,THCA,5.012347,5.776073455810547
1862,906828,THCA,-1.168015,-1.9023523330688477
1621,1290722,THCA,5.171239,4.8680338859558105
1089,930083,THCA,7.420492,7.434027194976807
1557,906864,THCA,6.041128,4.648594856262207
1918,924102,THCA,5.529166,4.001622200012207
1057,924104,THCA,-1.687381,-1.8219151496887207
1058,1290722,THCA,1.197784,1.9363819360733032
1180,924104,THCA,-1.88672,-2.6706182956695557
1630,930083,THCA,4.467575,5.883239269256592
1512,1240223,THCA,7.441289,6.911067485809326
1005,1240223,THCA,6.749114,5.642969608306885
1559,1290722,THCA,-3.676168,-2.978945016860962
1007,906828,THCA,-5.984434,-4.7486491203308105
1622,906696,THCA,3.34983,3.6244258880615234
1511,910568,THCA,-0.032722,-0.9156205654144287
1053,924104,THCA,3.341231,3.8067827224731445
1259,1290722,THCA,3.300045,3.9846837520599365
1854,906795,THCA,4.509665,4.98607873916626
1088,910568,THCA,2.164369,2.4187614917755127
1626,924151,THCA,0.595061,3.0293045043945312
1199,1290722,THCA,4.005661,3.7239480018615723
1248,930083,THCA,-3.090497,-0.5570805668830872
1190,924102,THCA,-2.180484,0.7880944013595581
2045,906864,THCA,5.88662,4.930878639221191
1248,924107,CESC,-0.636558,-4.3737993240356445
1372,907068,CESC,0.876365,0.043830156326293945
1068,724839,CESC,2.793327,3.0588619709014893
1013,906824,CESC,4.465061,3.5619397163391113
1598,906843,CESC,4.078139,3.8331379890441895
1006,930298,CESC,3.411809,2.924611806869507
1559,906843,CESC,-2.416367,-3.1165804862976074
1054,687506,CESC,4.828953,4.553238868713379
1918,907068,CESC,3.491609,4.074786186218262
1613,906843,CESC,2.801123,3.1176235675811768
1627,907068,CESC,3.316869,3.300109386444092
1168,930298,CESC,3.625654,2.357832431793213
1913,924107,CESC,4.699458,4.728503704071045
1930,687506,CESC,0.675907,0.4882144331932068
1013,924107,CESC,3.289867,2.8925411701202393
1089,724839,CESC,5.803489,6.457536697387695
1927,724839,CESC,6.850906,6.855329990386963
1046,1298134,CESC,1.78139,1.823839783668518
1924,724839,CESC,6.548129,5.302803993225098
1191,924107,CESC,-4.88275,-4.46078634262085
1512,1298134,CESC,4.778728,4.972850322723389
1375,907068,CESC,6.136144,6.051914691925049
1621,924107,CESC,4.909804,3.6465673446655273
1239,924107,CESC,0.254523,1.0390161275863647
1373,724839,CESC,7.049092,6.3854146003723145
1620,906843,CESC,5.406135,4.803966045379639
2110,724839,CESC,5.353846,6.067357540130615
2111,687514,CESC,5.704332,4.162520408630371
1372,687506,CESC,-0.298087,0.4722568988800049
1936,930298,CESC,3.853891,2.5697085857391357
1054,1240212,CESC,5.402921,5.13527774810791
1549,1240179,CESC,4.005955,4.077385425567627
1375,906843,CESC,6.102626,5.644455909729004
1036,930297,CESC,4.73658,5.134764194488525
1629,1240179,CESC,4.273779,3.642958879470825
2106,687505,CESC,0.74943,1.2271755933761597
1512,724839,CESC,7.105657,6.716516494750977
1910,906843,CESC,1.07627,1.910903811454773
1916,906843,CESC,3.383523,2.693294048309326
1625,907068,CESC,5.330168,5.275081157684326
1088,1240179,CESC,1.975845,3.854099988937378
1924,687506,CESC,4.113509,3.6624295711517334
2047,687506,CESC,1.708562,2.846680164337158
1012,1240212,CESC,2.643589,2.5184249877929688
1919,724839,CESC,3.711716,3.6643223762512207
1615,930297,CESC,5.244057,5.55140495300293
1634,930297,CESC,5.241752,4.63888692855835
1068,907068,CESC,2.721922,1.8334814310073853
1051,1240179,CESC,1.665291,3.3221259117126465
1560,930297,CESC,5.551667,4.56863260269165
1006,930297,CESC,3.666932,4.457669734954834
1512,906843,CESC,4.544097,4.767520427703857
1918,687505,CESC,4.389513,2.9160428047180176
1922,930297,CESC,3.752695,3.8352255821228027
1913,1240179,CESC,3.817812,4.076085567474365
2107,1298134,CESC,4.125896,5.233829021453857
1578,930297,CESC,5.704965,5.385294437408447
1911,930298,CESC,-3.178496,-4.421674728393555
1849,1240179,CESC,0.529739,0.05528882145881653
1559,930297,CESC,0.285763,0.3046337366104126
1510,1298134,CESC,3.279264,3.2866547107696533
1926,930297,CESC,1.037034,2.0012524127960205
1091,930297,CESC,3.136021,2.7374632358551025
1375,930298,CESC,7.190944,5.976103782653809
1917,907068,CESC,2.229306,3.170163154602051
1249,930297,CESC,3.458559,4.383317947387695
1926,1240212,CESC,0.846798,1.6920260190963745
1060,907068,CESC,-0.095529,0.38956254720687866
1908,906824,CESC,3.769799,3.017685651779175
1131,687505,CESC,2.898803,5.061559677124023
1085,906843,CESC,3.524363,2.767723560333252
1910,1298134,CESC,4.111179,2.4524271488189697
1926,906824,CESC,-0.197006,0.46644335985183716
2111,687506,CESC,3.020682,3.816098690032959
1053,924107,CESC,1.599805,0.9172074198722839
1559,724839,CESC,2.027037,2.3327150344848633
1933,687505,CESC,3.065494,4.061252593994141
2046,907068,CESC,4.494758,3.8298499584198
1034,687514,CESC,-1.807643,-2.9992311000823975
1996,924107,CESC,4.466698,3.2398293018341064
1912,907068,CESC,3.663656,3.6041133403778076
1084,930297,CESC,-2.248069,-1.3781193494796753
1068,906843,CESC,0.362427,1.690394401550293
1919,1240179,CESC,0.359652,2.0839474201202393
1177,1240179,CESC,5.030631,4.831417083740234
1849,724839,CESC,0.614894,1.2249239683151245
1622,687505,CESC,3.264736,3.2964160442352295
1250,1240179,CESC,2.282922,3.691225051879883
1855,724839,CESC,7.63558,6.794727802276611
1927,687514,CESC,5.744542,4.810001850128174
1250,906824,CESC,1.966836,1.9223824739456177
1932,930298,CESC,3.571617,3.076934576034546
1931,907068,CESC,6.043593,5.6695685386657715
1849,906843,CESC,-0.325369,0.014860942959785461
1199,906824,CESC,2.682617,3.2721102237701416
1529,930297,CESC,1.834665,2.516547918319702
1017,724839,CESC,5.391693,5.3372015953063965
1051,687514,CESC,2.167292,2.78379487991333
1199,687514,CESC,3.349,3.776461601257324
2048,906824,CESC,-3.783068,-2.929104804992676
1511,1298134,CESC,0.179123,-0.5785831212997437
1068,1240179,CESC,2.586533,1.584632396697998
1598,906824,CESC,4.882006,3.8886306285858154
2047,907068,CESC,2.791679,2.956796169281006
1918,906843,CESC,4.24811,2.8819591999053955
1918,1298134,CESC,4.682022,4.085390567779541
1799,1298134,CESC,4.881669,4.774888038635254
1919,906843,CESC,0.854779,1.2895779609680176
1046,906824,CESC,2.33161,2.338505268096924
1058,687514,CESC,0.754487,0.6635351777076721
1191,930298,CESC,-3.756391,-4.8017706871032715
1849,930297,CESC,0.928191,0.8365013003349304
1010,1240179,CESC,3.010872,3.0375006198883057
1179,687505,CESC,-0.978005,-0.020916834473609924
1553,1298134,CESC,3.085447,4.004642963409424
1928,930297,CESC,5.585851,5.100398540496826
1927,1240212,CESC,5.789515,5.344040870666504
1799,906824,CESC,2.964932,3.0868358612060547
1091,906843,CESC,3.392986,1.8373428583145142
1928,924107,CESC,2.871612,3.1842446327209473
1007,930297,CESC,-3.426156,-3.205986976623535
1058,1298134,CESC,2.581005,2.3716509342193604
1919,687505,CESC,0.236148,1.1102635860443115
1629,724839,CESC,5.466858,6.13021993637085
1373,906843,CESC,5.43004,4.592558860778809
1917,906843,CESC,2.534321,2.4385929107666016
1852,930297,CESC,5.841121,5.636815071105957
1091,687514,CESC,2.791256,1.8982781171798706
1080,724839,CESC,1.604452,2.840724229812622
1908,1240179,CESC,2.876381,2.6923787593841553
1615,906824,CESC,5.332832,4.834150314331055
2107,687506,CESC,4.275674,4.917342185974121
1997,1298134,CESC,2.401789,3.5279581546783447
1017,930298,CESC,5.570611,4.3491129875183105
1916,924107,CESC,1.388879,0.4247804880142212
1557,906843,CESC,3.676697,4.293891906738281
1510,907068,CESC,4.721049,4.217861652374268
1012,924107,CESC,0.702246,1.7433176040649414
1249,906843,CESC,2.883079,3.4669315814971924
1593,1240179,CESC,4.229021,2.98812198638916
2110,930297,CESC,5.063292,5.260297775268555
1131,1240212,CESC,6.794391,6.155584812164307
1083,1240179,CESC,3.836357,3.8923499584198
1939,907068,CESC,4.405233,3.5060200691223145
1613,906824,CESC,3.163,3.3086862564086914
1926,1298134,CESC,4.24438,2.1475253105163574
1084,906824,CESC,-3.314597,-1.8440070152282715
1625,924107,CESC,3.338884,3.0486130714416504
1057,924107,CESC,-3.472889,-4.047200679779053
1931,724839,CESC,7.332452,7.208288192749023
1852,724839,CESC,7.095109,6.626128673553467
1563,687506,CESC,5.179067,5.182946681976318
1058,930298,CESC,1.252604,1.995045781135559
1011,906824,CESC,1.851847,1.8060904741287231
1940,687506,CESC,3.484946,3.7600340843200684
1239,687506,CESC,2.352617,2.526646137237549
1511,1240212,CESC,-2.655388,-0.716293454170227
1927,930298,CESC,5.587862,4.815672874450684
1068,687514,CESC,1.120514,1.62827730178833
1510,724839,CESC,5.185874,6.1320343017578125
1093,724839,CESC,4.435727,6.024494647979736
1549,1298134,CESC,4.310228,4.586304187774658
1919,930298,CESC,1.004825,1.66513192653656
1786,906824,CESC,3.683187,2.696239471435547
2043,724839,CESC,6.238576,6.254565715789795
1375,1240179,CESC,6.293337,5.443195819854736
1933,724839,CESC,7.264402,5.462813854217529
1089,687505,CESC,3.081602,3.091179370880127
1022,724839,CESC,4.024834,2.907724380493164
1854,687514,CESC,5.410079,4.663151264190674
1629,687506,CESC,4.136673,4.455568790435791
1079,907068,CESC,2.592581,2.4511568546295166
1012,687505,CESC,0.405851,1.559939980506897
1908,930297,CESC,3.512171,3.795651912689209
2045,924107,CESC,4.927271,4.3043107986450195
1057,906824,CESC,-1.308344,-1.0659356117248535
1200,687506,CESC,2.678487,2.846540927886963
1046,930297,CESC,4.807678,3.545809030532837
1036,1298134,CESC,4.01331,4.609281063079834
1915,724839,CESC,4.779184,4.4906439781188965
1007,687506,CESC,-5.52583,-4.6692609786987305
2045,687506,CESC,3.216181,4.768355369567871
1563,687514,CESC,5.544821,5.393337726593018
1852,906824,CESC,5.557434,4.612622261047363
1799,687514,CESC,3.067767,2.217341661453247
1613,687505,CESC,3.193924,2.5781376361846924
1561,930298,CESC,1.771526,2.1683847904205322
1912,724839,CESC,4.874611,4.677963733673096
1047,924107,CESC,3.952677,3.534698486328125
1620,687505,CESC,5.29805,4.977901458740234
1013,724839,CESC,5.61243,5.845337390899658
1553,930297,CESC,5.557337,4.256529331207275
1010,687505,CESC,2.191288,3.059817314147949
1373,906824,CESC,5.65936,4.488074779510498
1928,687514,CESC,4.55958,4.552090167999268
1199,724839,CESC,5.410575,5.498255252838135
2046,724839,CESC,5.91622,5.511710166931152
1034,1240212,CESC,-2.443832,-2.517058849334717
1060,1240212,CESC,2.743274,1.2413461208343506
1564,907068,CESC,2.871553,2.8049025535583496
2110,687505,CESC,4.20113,4.680891036987305
2107,906824,CESC,5.303782,4.770574569702148
1854,1298134,CESC,4.460958,4.677236080169678
1003,930297,CESC,0.618098,-0.5085563659667969
1560,687506,CESC,4.759929,3.4979162216186523
1873,906843,CESC,1.978723,0.9664793610572815
1996,687514,CESC,3.785394,3.9183781147003174
1927,906843,CESC,4.086189,4.430363178253174
1617,687514,CESC,4.134381,-0.02829022705554962
1248,906824,CESC,-3.479111,-4.248542308807373
1250,930298,CESC,1.90069,3.019118309020996
1200,687505,CESC,2.591488,2.268488645553589
1057,930297,CESC,-2.040949,-0.2915995121002197
1855,930297,CESC,5.833159,5.484884738922119
1564,724839,CESC,3.752579,4.82647705078125
1564,930297,CESC,4.540393,4.3026652336120605
1268,687506,CESC,4.764847,4.174115180969238
1268,906824,CESC,4.103032,4.171323299407959
1634,724839,CESC,5.367379,5.800456523895264
2043,930298,CESC,5.900821,4.887842178344727
1941,906843,CESC,-5.07381,-3.524625301361084
1079,1240212,CESC,4.461793,1.7010928392410278
1918,1240212,CESC,4.836035,4.175068378448486
1849,1240212,CESC,-0.819557,0.04816645383834839
2096,724839,CESC,5.16094,5.264002323150635
1932,924107,CESC,2.090925,1.2377930879592896
2109,1240179,CESC,2.083223,3.050394296646118
1630,687505,CESC,2.029812,2.9736056327819824
2048,930297,CESC,-0.097381,-0.22774751484394073
1617,907068,CESC,2.660382,2.950685977935791
1058,930297,CESC,2.281838,2.806415557861328
1918,924107,CESC,0.409437,0.8008114099502563
1939,906824,CESC,2.592286,2.4839324951171875
1559,687514,CESC,-2.411171,-3.324974775314331
1910,930297,CESC,3.254843,2.998137950897217
1927,1298134,CESC,4.62121,4.665974140167236
1911,1298134,CESC,-4.495872,-4.993676662445068
2044,930297,CESC,2.977169,4.369570732116699
1909,1240212,CESC,2.884614,2.28342866897583
2046,1298134,CESC,3.513533,2.9719717502593994
1250,930297,CESC,3.583548,4.404524803161621
1932,906824,CESC,2.785068,3.020612955093384
2110,1240212,CESC,5.7653,4.927767753601074
1997,687514,CESC,3.971547,2.977184534072876
1512,930297,CESC,5.565349,5.611679553985596
1003,724839,CESC,-1.963715,-0.4757065773010254
1629,930298,CESC,4.058399,4.573401927947998
1629,906843,CESC,3.844732,4.365621566772461
1372,924107,CESC,-3.966093,-4.1590986251831055
1631,687506,CESC,5.149075,3.7481725215911865
1191,1240212,CESC,-5.077738,-4.46914529800415
1005,1240212,CESC,1.382322,3.2614762783050537
1022,1240179,CESC,1.427317,1.5885945558547974
1034,906843,CESC,-2.347565,-3.00956654548645
1372,1240212,CESC,2.84196,1.7068500518798828
1080,1240179,CESC,-4.107847,-2.7479240894317627
1560,906824,CESC,2.725446,3.0151829719543457
1576,930297,CESC,3.589248,3.410792350769043
1190,687505,CESC,-3.695821,-1.9008302688598633
1927,907068,CESC,5.153693,5.180516719818115
1618,1298134,CESC,3.000307,3.5577335357666016
1079,906843,CESC,0.62278,-0.932205080986023
2106,930297,CESC,4.209035,4.256529331207275
2109,906843,CESC,2.347928,2.6352596282958984
1617,1298134,CESC,3.355163,0.6127595901489258
1511,724839,CESC,0.568453,0.43014103174209595
1190,906843,CESC,-1.022707,1.5941327810287476
1559,687505,CESC,-3.668419,-3.4211764335632324
2046,1240212,CESC,5.169374,4.332684516906738
2040,1240212,CESC,1.395478,1.666515588760376
1003,687505,CESC,-3.640911,-2.9242842197418213
1372,1298134,CESC,1.422064,1.7240186929702759
1268,687514,CESC,4.532811,4.0592827796936035
1268,907068,CESC,3.785995,4.625673294067383
1013,1240212,CESC,4.902077,4.162137985229492
1631,906843,CESC,2.516017,3.370554208755493
1047,907068,CESC,6.255467,5.400976657867432
1005,906824,CESC,3.30473,2.88812255859375
1924,1298134,CESC,4.85882,4.437637805938721
1936,906824,CESC,3.409108,2.1584484577178955
1621,906843,CESC,4.183717,4.6248979568481445
1927,906824,CESC,3.765295,4.56455659866333
1911,724839,CESC,-2.845421,-2.62852144241333
1940,724839,CESC,4.169055,4.325982570648193
2043,687514,CESC,5.389312,4.873186111450195
1085,1298134,CESC,2.17912,2.1735129356384277
1627,906824,CESC,3.167218,2.6403799057006836
1578,1240179,CESC,5.216413,4.698009014129639
1621,1298134,CESC,3.850502,4.80625581741333
1510,1240179,CESC,4.082966,3.6209185123443604
1635,907068,CESC,4.13915,5.303072452545166
1259,1240212,CESC,2.991055,3.0549392700195312
1006,687505,CESC,0.503132,0.13841795921325684
1853,930298,CESC,3.873546,4.057803630828857
1924,687505,CESC,1.191654,1.872323751449585
1372,687505,CESC,0.119257,1.44579017162323
1011,687514,CESC,1.769879,2.2157890796661377
1237,687514,CESC,5.437943,5.018118381500244
1012,1240179,CESC,1.494633,2.1073691844940186
1930,724839,CESC,1.158964,2.7930264472961426
1915,924107,CESC,-0.493667,-0.281960129737854
1910,1240212,CESC,3.192043,3.230623722076416
1511,1240179,CESC,-1.184615,-0.3988834023475647
1564,930298,CESC,2.106638,2.8500051498413086
1199,687506,CESC,3.661809,3.4754278659820557
1249,924107,CESC,2.368979,2.4473371505737305
2044,687505,CESC,2.761673,2.7249603271484375
1558,924107,CESC,-1.148798,-0.9808610677719116
1915,1240212,CESC,3.528889,3.056553602218628
2111,906843,CESC,4.135131,4.039670467376709
1553,906824,CESC,2.573112,1.658136248588562
2040,1298134,CESC,0.398207,0.7305169701576233
2044,906843,CESC,4.819281,3.406613349914551
1084,687514,CESC,-1.828772,-1.9137940406799316
1259,906843,CESC,3.561318,3.9793128967285156
1168,924107,CESC,-1.085986,-0.7184308171272278
1259,687514,CESC,4.634873,3.7007954120635986
1058,1240179,CESC,2.465334,2.6198599338531494
1068,906824,CESC,1.724547,1.1255325078964233
1237,1298134,CESC,5.013015,5.018460750579834
1375,687514,CESC,5.517715,6.053565979003906
1006,687506,CESC,2.746651,1.941023826599121
1922,1240212,CESC,2.064293,3.156454563140869
1007,907068,CESC,-3.049775,-3.637197732925415
1510,930297,CESC,4.652742,4.487396717071533
1054,930297,CESC,5.386633,5.330822467803955
1093,906843,CESC,3.480872,3.9389541149139404
2107,1240179,CESC,4.195829,5.047564506530762
1088,907068,CESC,1.296984,2.668412685394287
1873,1240212,CESC,1.044858,1.4628889560699463
1613,1240179,CESC,4.351574,3.9881558418273926
1576,1240179,CESC,2.077894,2.634093999862671
1085,930297,CESC,2.857415,3.482527732849121
1084,1240212,CESC,-0.693359,-1.1620539426803589
1017,687514,CESC,3.704728,4.491904258728027
1200,1240179,CESC,2.911035,2.5784056186676025
1927,687505,CESC,4.353302,4.4487080574035645
1786,906843,CESC,2.832585,3.1527535915374756
1563,930297,CESC,6.479281,5.966500759124756
1854,687506,CESC,5.419652,4.5679473876953125
1083,687505,CESC,2.934829,3.3401122093200684
1036,687505,CESC,3.745454,4.392033576965332
2107,724839,CESC,7.148249,6.601095676422119
1620,906824,CESC,4.934604,4.958716869354248
1786,687506,CESC,2.376584,2.9961912631988525
1624,1298134,CESC,3.491571,3.33074688911438
1057,1240179,CESC,-1.177416,0.08107873797416687
1926,930298,CESC,-0.4411,1.8735886812210083
1564,687505,CESC,2.010585,2.986579179763794
2111,1240179,CESC,5.143762,4.494721412658691
1631,907068,CESC,4.444294,4.198758602142334
1239,687505,CESC,2.281693,1.0800323486328125
1614,907068,CESC,5.622033,4.346645832061768
1625,1240179,CESC,3.810233,4.537221908569336
2109,687505,CESC,2.547272,2.0509836673736572
1927,1240179,CESC,4.268411,4.431841850280762
1036,907783,LCML,2.284763,2.819357395172119
1060,907783,LCML,-2.290523,-2.5476865768432617
1375,910544,LCML,3.554889,3.520460605621338
1237,910951,LCML,3.324069,3.5009045600891113
1084,907311,LCML,-3.663565,-3.138901710510254
1053,910544,LCML,2.370452,1.2531274557113647
1915,905940,LCML,2.435261,2.6471712589263916
1615,905940,LCML,5.247873,4.9939985275268555
1939,910951,LCML,2.164021,1.5606571435928345
1924,906855,LCML,3.709816,3.8038086891174316
1060,910544,LCML,-0.317755,-0.2053341418504715
1012,906855,LCML,0.602489,0.7241473197937012
1084,906855,LCML,-2.89394,-2.757033109664917
2106,907311,LCML,1.930617,3.1400246620178223
1799,910951,LCML,1.397977,1.3026764392852783
1047,910544,LCML,1.009091,1.5799583196640015
1249,910544,LCML,1.785034,2.0746302604675293
1625,907311,LCML,3.306266,3.637331485748291
1034,907311,LCML,-3.223556,-3.643735885620117
1034,906855,LCML,-3.763504,-3.875234603881836
1060,907311,LCML,-3.831959,-2.9950473308563232
1593,905940,LCML,2.672583,1.8625781536102295
1372,905940,LCML,0.091994,0.11367468535900116
1085,1330931,LCML,1.878712,1.0664924383163452
1088,910544,LCML,0.801983,-0.05290801823139191
1933,908126,LCML,4.816501,3.9223074913024902
1013,907783,LCML,-5.761322,-6.859762668609619
1909,906855,LCML,1.552205,0.9982339143753052
1799,907311,LCML,1.169772,1.3339512348175049
1559,910710,LCML,-4.223159,-4.1590166091918945
1593,906855,LCML,0.307018,0.9212974905967712
1928,910710,LCML,2.772278,2.2743237018585205
1191,907311,LCML,-5.428226,-5.640676021575928
1179,910710,LCML,-1.600716,-0.9543671607971191
1630,1327771,LCML,2.567748,2.6767218112945557
1179,905940,LCML,-0.175075,-0.37552928924560547
1910,907783,LCML,0.759054,0.6605770587921143
1529,908126,LCML,0.749972,-1.6089036464691162
1080,905940,LCML,-3.538621,-3.409585475921631
1913,907783,LCML,3.462666,3.872715473175049
1936,910951,LCML,1.962974,1.3778733015060425
1200,910951,LCML,1.39274,1.8379439115524292
1908,905940,LCML,3.167701,2.014410972595215
1618,907783,LCML,1.703435,1.0780091285705566
1058,910544,LCML,0.002409,0.22365307807922363
1926,906855,LCML,3.143865,0.3958977460861206
1932,908126,LCML,2.821353,2.5079457759857178
1598,907311,LCML,2.499482,3.1430416107177734
1068,910951,LCML,0.254908,1.3402923345565796
1091,907783,LCML,1.60993,1.7539186477661133
1996,910710,LCML,2.417444,2.350766181945801
1259,1330931,LCML,2.187436,1.8057750463485718
1936,906855,LCML,0.62155,1.7448869943618774
1512,910710,LCML,4.473712,3.153878927230835
1926,910951,LCML,-0.486355,0.04773418605327606
1913,908126,LCML,3.454568,4.095497131347656
1862,905940,LCML,-1.287675,-1.3683626651763916
1941,905940,LCML,-5.617573,-3.910170555114746
1933,907783,LCML,4.304645,3.8488166332244873
1199,910710,LCML,2.60944,2.6748366355895996
1057,905940,LCML,-0.910633,-1.8429806232452393
1852,910951,LCML,4.265559,3.4823763370513916
1549,910544,LCML,2.893736,2.871744155883789
1093,910710,LCML,2.314758,3.0145983695983887
1088,1327771,LCML,0.789189,0.4113807678222656
2045,907783,LCML,3.146124,4.003812313079834
1916,905940,LCML,4.041442,3.9302992820739746
1594,907311,LCML,4.033001,3.5188169479370117
1576,905940,LCML,1.903175,2.2982635498046875
2045,910951,LCML,2.781198,2.5574817657470703
1373,910710,LCML,1.969972,1.5771684646606445
1909,907783,LCML,1.738035,1.377992868423462
1010,907783,LCML,2.695207,2.218827724456787
1563,907783,LCML,4.435757,4.3106865882873535
1017,906855,LCML,3.220579,3.522484064102173
1913,907311,LCML,3.885921,3.8612236976623535
1922,906855,LCML,1.835664,1.4419490098953247
1593,910544,LCML,0.218339,0.7462254166603088
1916,907311,LCML,3.179094,3.535222291946411
1058,910710,LCML,1.917221,2.526097536087036
1919,907311,LCML,0.858304,1.2289916276931763
1578,907311,LCML,3.803294,3.636117458343506
2106,907783,LCML,2.539696,2.785985231399536
1924,910710,LCML,2.817628,3.17350172996521
1915,910710,LCML,2.34252,1.744308352470398
1911,907783,LCML,-6.235371,-6.3937153816223145
1630,905940,LCML,4.35469,3.9339232444763184
1057,910710,LCML,-3.217394,-2.41935396194458
1549,910710,LCML,4.068984,2.583366870880127
1908,910710,LCML,1.483875,0.9871785044670105
1561,905940,LCML,4.774411,3.364872694015503
1046,910710,LCML,0.304979,0.5315878987312317
1854,906855,LCML,4.345021,3.9095234870910645
1004,907311,LCML,-6.146033,-5.650681495666504
1079,907311,LCML,-8.327915,-8.14387035369873
1621,910544,LCML,3.848753,2.1737234592437744
1917,908126,LCML,-0.131609,0.45139241218566895
1620,907311,LCML,4.573295,4.240261077880859
1853,1327771,LCML,3.685222,3.7730088233947754
1614,906855,LCML,3.925177,3.0960898399353027
1168,907311,LCML,0.743135,1.6220563650131226
1928,1330931,LCML,3.504227,3.054046869277954
1564,908126,LCML,0.562488,-0.18279607594013214
1635,1330931,LCML,3.361712,4.214178085327148
1250,907783,LCML,-0.121356,-0.0698028951883316
1046,1330931,LCML,1.488681,1.0526652336120605
1928,905940,LCML,4.322351,4.3223795890808105
1131,1327771,LCML,2.848172,3.2142109870910645
2096,908126,LCML,1.470977,0.630104660987854
1927,1330931,LCML,4.748615,4.299234867095947
1249,905940,LCML,3.885699,2.9185290336608887
1940,910710,LCML,2.117799,2.9508590698242188
1372,910951,LCML,-0.581211,-1.064711093902588
1199,908126,LCML,2.892596,2.9239163398742676
1557,1330931,LCML,4.648352,3.9141407012939453
1053,910951,LCML,0.665841,1.7909296751022339
1931,910710,LCML,4.473712,2.598310947418213
1011,908126,LCML,0.102375,0.8783726692199707
1634,910951,LCML,2.682484,2.852092742919922
1022,905940,LCML,-0.677035,0.8394352197647095
1615,910951,LCML,3.182989,3.3792567253112793
1190,907783,LCML,-4.444301,-4.024437427520752
1191,910710,LCML,-5.95335,-5.954835891723633
1553,910544,LCML,2.485535,1.648606538772583
1997,905940,LCML,3.720704,3.541875123977661
1624,908126,LCML,0.754094,1.1146669387817383
1079,1330931,LCML,-6.903306,-7.0258965492248535
1559,1327771,LCML,-5.112315,-4.004487991333008
1047,906855,LCML,4.169407,2.436652898788452
1005,1330931,LCML,1.407366,1.1674718856811523
1058,906855,LCML,2.168844,1.7692937850952148
1613,905940,LCML,4.705348,2.7735369205474854
1852,905940,LCML,5.407617,4.754051208496094
1046,905940,LCML,1.057981,1.0524557828903198
2043,906855,LCML,4.590713,4.088945388793945
1248,905940,LCML,-4.970026,-4.55710506439209
1051,910951,LCML,-2.141723,-2.9497900009155273
1563,905940,LCML,5.758703,5.190433025360107
1549,905940,LCML,4.913997,4.702791690826416
1507,1327771,LCML,2.48163,2.9812631607055664
1630,910544,LCML,1.443399,1.8899403810501099
1578,1330931,LCML,3.492696,3.954216480255127
1022,907311,LCML,-1.901344,-1.660705327987671
1635,1327771,LCML,4.408683,4.153844356536865
1634,1330931,LCML,2.238094,3.0645217895507812
1913,906855,LCML,4.800963,4.054274082183838
1085,906855,LCML,0.901136,-0.956839919090271
1017,905940,LCML,4.314296,4.478481292724609
1614,907311,LCML,2.500552,2.0896716117858887
1618,910544,LCML,2.713014,2.7203357219696045
1578,905940,LCML,4.765081,4.915807247161865
1622,910544,LCML,2.82997,2.9691710472106934
1006,1330931,LCML,-2.041074,-1.8689091205596924
1559,907783,LCML,-4.044943,-4.0110554695129395
1912,908126,LCML,2.41337,3.4498188495635986
1083,906855,LCML,-0.710842,-0.029311254620552063
1239,907783,LCML,0.559927,0.45751675963401794
1003,910710,LCML,-5.123835,-5.732161045074463
1852,907311,LCML,2.990389,3.70046329498291
1622,907311,LCML,2.664286,3.563136339187622
1010,906855,LCML,3.174842,3.174144744873047
1940,906855,LCML,3.414716,3.4433038234710693
1930,1330931,LCML,-0.223036,0.39677146077156067
1168,905940,LCML,3.466816,2.8400866985321045
1624,907311,LCML,0.713628,0.9435295462608337
1022,910951,LCML,-2.116791,-2.150871515274048
1557,907311,LCML,2.764631,3.982693910598755
1529,907311,LCML,-0.541243,-2.2664010524749756
1561,910544,LCML,-0.017011,0.9817776083946228
1854,907783,LCML,3.769308,3.5800421237945557
2111,910951,LCML,1.823582,0.39492982625961304
1179,1330931,LCML,-0.590763,-0.8046602010726929
1049,908126,LCML,3.53401,2.8235344886779785
1613,907311,LCML,0.696213,-0.3574172258377075
1003,1327771,LCML,-4.540906,-4.638500213623047
1916,906855,LCML,2.747055,3.260828971862793
1085,907783,LCML,1.202717,0.9807505011558533
1036,908126,LCML,2.87936,3.3101820945739746
1089,907783,LCML,2.023395,2.178211212158203
1855,906855,LCML,3.03067,3.5992166996002197
1927,907311,LCML,3.694337,4.340597629547119
1910,1330931,LCML,0.58166,0.9477131366729736
1005,906855,LCML,2.656673,0.9790497422218323
1017,1330931,LCML,3.240841,3.352123737335205
2110,907783,LCML,2.583305,3.191305637359619
1996,907311,LCML,2.080379,3.0436699390411377
1578,910951,LCML,2.666693,3.93625545501709
1011,1327771,LCML,-0.398895,0.7410987615585327
1910,910951,LCML,-0.396842,0.31940507888793945
1375,910951,LCML,5.015915,5.155282020568848
1939,908126,LCML,2.975699,3.1452651023864746
2047,908126,LCML,2.997805,1.0883986949920654
1598,908126,LCML,2.87192,3.342379331588745
1032,910544,LCML,1.2848,0.8018306493759155
1561,1327771,LCML,2.97794,2.649261951446533
1529,1330931,LCML,-1.213767,-1.6799920797348022
1372,907311,LCML,-5.563108,-4.701855182647705
1873,910710,LCML,-0.027445,0.4170483946800232
1373,908126,LCML,1.004565,1.2281790971755981
1912,907311,LCML,1.719414,2.734424114227295
1083,1327771,LCML,-1.404049,-0.7080451250076294
1560,907783,LCML,3.464769,3.422268867492676
1615,1327771,LCML,4.357519,3.784637928009033
1057,1330931,LCML,-3.212924,-1.7484891414642334
1058,905940,LCML,3.080006,1.9823344945907593
1058,1330931,LCML,1.513421,2.1120188236236572
1624,907783,LCML,0.417865,0.8186196088790894
1622,906855,LCML,3.984757,3.9656951427459717
1615,906855,LCML,4.959978,4.318099021911621
1576,1330931,LCML,1.364822,1.8283720016479492
2107,910951,LCML,4.262971,3.51308274269104
1918,906855,LCML,3.473473,3.403165102005005
1922,1330931,LCML,1.842161,1.6073991060256958
1849,907311,LCML,-2.048418,-1.8270723819732666
1007,910544,LCML,-5.892121,-5.857935905456543
1930,910710,LCML,-0.164328,-0.43076270818710327
1627,907783,LCML,1.141471,1.7435853481292725
1598,910544,LCML,3.170674,3.431002378463745
1032,907783,LCML,1.00939,0.9467669129371643
1375,906855,LCML,5.328388,4.564249038696289
2109,908126,LCML,1.948272,1.9192713499069214
1051,907311,LCML,-1.421375,-0.24261410534381866
1996,1330931,LCML,2.897028,3.1168906688690186
1855,905940,LCML,4.400117,4.088885307312012
1034,910544,LCML,-3.318212,-3.8195905685424805
1060,1330931,LCML,-1.284239,-0.5367599725723267
1918,907783,LCML,4.304645,3.4752867221832275
1561,908126,LCML,3.606473,3.8648321628570557
1085,905940,LCML,1.467908,1.4539446830749512
1013,908126,LCML,-5.885319,-6.218033313751221
1073,1330931,LCML,3.322036,3.34987735748291
1084,910544,LCML,-4.014307,-4.769159317016602
1925,910710,LCML,4.178737,3.5181288719177246
1179,1327771,LCML,-1.869892,-0.8884570598602295
1634,906855,LCML,3.71293,3.228012800216675
1010,910710,LCML,2.407312,2.0632271766662598
1620,908126,LCML,4.7414,4.561765193939209
1553,910710,LCML,2.241441,2.4179391860961914
1936,910710,LCML,1.530506,1.2449090480804443
1598,1327771,LCML,3.167801,3.143723964691162
1922,905940,LCML,1.77183,1.9438666105270386
1621,1330931,LCML,2.963204,3.7903242111206055
1053,906855,LCML,2.295896,1.8604166507720947
1093,1327771,LCML,4.263305,4.206142902374268
1918,907311,LCML,4.463271,3.5360279083251953
1013,910951,LCML,-5.19322,-4.393191814422607
1089,906855,LCML,2.503558,1.6834033727645874
1093,905940,LCML,3.439401,3.893611192703247
1852,1327771,LCML,3.08888,3.237431049346924
1046,907051,UCEC,3.343143,3.8642730712890625
1034,907051,UCEC,-1.511681,-2.131012439727783
1618,908130,UCEC,4.736736,4.803178787231445
1199,924187,UCEC,3.994686,4.279792308807373
1249,910781,UCEC,1.981341,3.225396156311035
1598,909735,UCEC,3.661723,3.9244425296783447
1012,908130,UCEC,3.219436,2.1370553970336914
1933,907051,UCEC,5.129174,6.0255045890808105
2111,924187,UCEC,6.394025,5.846878528594971
1916,1240174,UCEC,2.283499,2.7374768257141113
1853,924187,UCEC,5.278113,5.029290676116943
1913,1240127,UCEC,5.89458,5.200799942016602
1928,924187,UCEC,5.332585,5.4666523933410645
1915,908130,UCEC,3.218827,3.1854522228240967
1873,909735,UCEC,1.469335,0.7900318503379822
1088,907051,UCEC,5.418825,5.696560382843018
1250,908129,UCEC,1.287088,2.837678909301758
1093,1240127,UCEC,4.320775,4.341882228851318
1084,924187,UCEC,-1.756381,-2.1081323623657227
1085,908129,UCEC,3.480972,3.6323435306549072
1915,910781,UCEC,3.08639,2.978123903274536
1852,908129,UCEC,5.906505,5.731280326843262
1058,910781,UCEC,-0.705247,0.7902096509933472
1786,908129,UCEC,1.539066,2.863247871398926
2046,924187,UCEC,5.091301,5.126303195953369
1910,1240174,UCEC,1.075106,2.271235942840576
1180,1240127,UCEC,-3.308412,-2.8156371116638184
1053,910781,UCEC,1.256252,1.904742956161499
1058,908129,UCEC,0.753878,1.5867397785186768
2107,910691,UCEC,5.593915,5.318103790283203
1179,909735,UCEC,0.275344,-0.04313991963863373
1088,910691,UCEC,3.235349,3.727003574371338
1079,924187,UCEC,-0.845031,0.003849208354949951
1873,924187,UCEC,1.212688,1.8760170936584473
1626,924187,UCEC,1.338992,3.2547836303710938
1624,924187,UCEC,2.787814,4.635873794555664
1799,910691,UCEC,4.707301,5.569088459014893
1559,1240127,UCEC,0.356079,0.016748398542404175
1560,924187,UCEC,5.595082,4.6066107749938965
1017,907051,UCEC,4.870571,5.537135601043701
1032,1240174,UCEC,1.93197,1.9588980674743652
2048,924187,UCEC,0.712408,0.37571895122528076
1916,1240127,UCEC,0.836926,1.4615343809127808
1933,924187,UCEC,2.74696,5.576488018035889
2111,909735,UCEC,2.118333,3.7016761302948
2110,1240174,UCEC,4.393446,4.8210225105285645
1372,1240127,UCEC,2.800359,2.299665689468384
1013,909735,UCEC,3.415792,2.612891674041748
1924,1240174,UCEC,2.417569,3.003657341003418
1057,924187,UCEC,-1.24085,0.47230684757232666
2110,908129,UCEC,4.577605,5.024629592895508
1047,907051,UCEC,5.657084,6.459133148193359
1563,910691,UCEC,6.166274,5.857473373413086
1928,908130,UCEC,6.161719,5.1339192390441895
1057,908129,UCEC,-0.911973,0.11349964141845703
1060,924187,UCEC,2.573361,2.6133761405944824
1940,908130,UCEC,3.850665,3.903113603591919
1073,907051,UCEC,6.478283,6.335751056671143
1926,908130,UCEC,3.017121,2.18416166305542
1046,1240127,UCEC,1.989863,2.7005832195281982
1180,909735,UCEC,-3.664596,-2.960965871810913
1010,910691,UCEC,4.192365,3.6159489154815674
1259,910781,UCEC,4.930075,4.884970188140869
1932,908130,UCEC,4.979173,5.141684532165527
1908,908129,UCEC,5.436239,3.787260055541992
1557,907051,UCEC,5.629419,5.726462364196777
1927,908129,UCEC,5.447124,5.188127517700195
1931,910781,UCEC,4.184185,5.164093494415283
1060,909735,UCEC,1.156356,0.5113236904144287
1557,908129,UCEC,5.533247,4.802982330322266
1051,924187,UCEC,3.575507,3.270958185195923
2096,1240127,UCEC,4.863589,3.1357262134552
1614,907051,UCEC,5.533269,5.348259925842285
1168,1240174,UCEC,1.730096,2.6031599044799805
1559,924187,UCEC,0.205471,0.22656577825546265
1854,1240174,UCEC,4.583781,4.688703536987305
1849,909735,UCEC,-1.312808,-1.1780067682266235
1180,924187,UCEC,-0.882011,-1.1732975244522095
1036,908130,UCEC,6.001216,4.939001560211182
1507,908129,UCEC,4.663471,5.010707378387451
1004,909735,UCEC,-5.671799,-4.499001502990723
1576,924187,UCEC,4.178833,3.849137306213379
1911,1240174,UCEC,-4.423666,-4.859619140625
1594,910781,UCEC,4.393773,3.062321186065674
1593,907051,UCEC,3.113959,4.33950138092041
1259,909735,UCEC,3.128204,1.330594778060913
1615,1240127,UCEC,5.562056,5.376373767852783
1913,924187,UCEC,6.368169,5.187591552734375
1939,908130,UCEC,4.959165,2.0922317504882812
1624,908129,UCEC,4.179878,4.657254695892334
1131,910691,UCEC,2.930488,5.378013610839844
1909,1240127,UCEC,3.05341,2.478316068649292
1089,908129,UCEC,5.659536,5.418702125549316
1936,908129,UCEC,3.732141,3.2155532836914062
1557,908130,UCEC,4.642792,5.067363739013672
1053,1240127,UCEC,2.262497,2.1639773845672607
1912,907051,UCEC,3.976352,4.112051486968994
1553,910781,UCEC,0.567051,1.1149507761001587
1046,910781,UCEC,1.519083,1.7760014533996582
1011,910691,UCEC,2.659239,2.418246269226074
1939,1240174,UCEC,1.46954,3.275697708129883
1017,1240127,UCEC,5.712188,5.588284492492676
1862,1240127,UCEC,-1.576429,-1.4374483823776245
1625,1240127,UCEC,4.660336,5.05238151550293
1853,1240127,UCEC,3.202569,4.0956926345825195
1873,1240127,UCEC,1.131963,1.1673803329467773
1239,910781,UCEC,3.252136,1.9742683172225952
1560,910781,UCEC,1.878377,2.362955331802368
1058,924187,UCEC,1.22916,1.422593116760254
1006,907051,UCEC,4.41422,4.814224720001221
1060,907051,UCEC,2.184358,2.2628397941589355
1925,909735,UCEC,3.76242,4.597672939300537
1799,908129,UCEC,4.400523,4.440783977508545
1553,908130,UCEC,1.513241,2.5033509731292725
1060,910691,UCEC,2.119365,2.126084566116333
1613,909735,UCEC,2.153829,2.7400119304656982
1558,908130,UCEC,6.109418,5.200852870941162
1909,1240174,UCEC,2.059601,2.583170175552368
1617,1240174,UCEC,3.403754,-4.123587131500244
1593,910691,UCEC,4.149802,3.138917922973633
1908,1240127,UCEC,3.946524,2.1784520149230957
1564,907051,UCEC,5.09652,4.519112586975098
1179,908130,UCEC,2.057407,1.5408306121826172
2044,909735,UCEC,4.164251,2.659390687942505
1093,908129,UCEC,4.571529,4.598420143127441
1047,1240127,UCEC,5.657095,5.3607378005981445
1190,910691,UCEC,2.651798,0.9544259905815125
1613,924187,UCEC,4.729377,5.234796047210693
1854,924187,UCEC,5.187393,5.371386528015137
1022,907051,UCEC,1.305925,1.4703723192214966
1199,908129,UCEC,3.925289,4.355494499206543
2107,1240127,UCEC,5.907699,5.687651634216309
1578,907051,UCEC,5.592817,5.547272682189941
1927,909735,UCEC,4.125396,4.553822994232178
1013,1240174,UCEC,4.19961,3.0547666549682617
1549,1240174,UCEC,3.563329,3.328077793121338
1926,909735,UCEC,1.115492,-0.06956391036510468
1079,909735,UCEC,-0.525478,-0.6357828974723816
2044,1240127,UCEC,3.837742,4.098919868469238
1006,1240174,UCEC,2.126826,3.175830125808716
1939,1240127,UCEC,5.694068,3.9756953716278076
1080,910781,UCEC,-4.108963,-3.343576669692993
1909,909735,UCEC,1.535589,2.5166356563568115
1919,1240174,UCEC,1.474875,1.654357671737671
1003,924187,UCEC,1.086801,0.277375727891922
1563,908130,UCEC,5.686909,6.086544036865234
1615,924187,UCEC,5.871949,6.029331207275391
1010,908130,UCEC,4.417021,3.948936939239502
1939,910691,UCEC,1.968295,2.3097872734069824
1930,1240127,UCEC,1.217852,0.6296032071113586
1852,908130,UCEC,4.666734,5.755534648895264
1631,910691,UCEC,1.492147,3.4767332077026367
1022,910691,UCEC,-0.533105,0.6500167846679688
1564,1240127,UCEC,3.549817,3.956146717071533
1924,908129,UCEC,2.601205,3.3334903717041016
1852,1240127,UCEC,5.533928,5.792818546295166
2048,907051,UCEC,0.204714,-0.4423336982727051
1511,908129,UCEC,0.215896,0.37220704555511475
1924,909735,UCEC,3.223135,2.818354845046997
1049,910691,UCEC,4.742782,3.7434914112091064
2040,1240127,UCEC,1.496742,1.0662355422973633
1003,1240174,UCEC,-1.465849,-1.609403133392334
1634,924187,UCEC,4.777181,5.411174297332764
1916,910781,UCEC,1.161159,1.230865478515625
1036,909735,UCEC,2.800304,4.206456184387207
1576,910691,UCEC,1.930711,2.6256706714630127
1559,908129,UCEC,-1.220868,0.15495708584785461
1849,908130,UCEC,0.423109,-0.4928092360496521
1620,910691,UCEC,5.595653,5.372150897979736
1005,908129,UCEC,6.240241,5.018801212310791
1017,924187,UCEC,4.001215,5.761560440063477
1917,924187,UCEC,3.270654,4.3173322677612305
1248,1240127,UCEC,-5.978563,-5.224538803100586
1084,1240127,UCEC,-1.798865,-1.2248411178588867
1559,907051,UCEC,1.522375,0.7046763300895691
1563,1240127,UCEC,6.524157,6.164373874664307
1561,1240174,UCEC,2.484089,1.732316493988037
2107,909735,UCEC,3.607275,5.091874122619629
1239,1240127,UCEC,2.886154,3.0762863159179688
1032,908130,UCEC,3.927774,2.5813181400299072
1852,907051,UCEC,6.137313,6.202493190765381
1853,907051,UCEC,3.502009,3.7723488807678223
1917,907051,UCEC,2.810241,3.5070135593414307
1131,1240174,UCEC,5.505607,5.12293004989624
1997,1240127,UCEC,4.250884,4.434947490692139
2107,907051,UCEC,5.444006,6.175967693328857
1561,908129,UCEC,-0.203438,2.306044578552246
1618,910691,UCEC,3.793494,4.036818027496338
1924,907051,UCEC,5.264053,4.925849437713623
1058,907051,UCEC,2.833273,2.536914825439453
1168,924187,UCEC,2.885735,3.1495156288146973
1849,1240127,UCEC,0.593452,-1.591295599937439
1913,910781,UCEC,5.415285,4.839243412017822
2040,924187,UCEC,2.083511,1.9994165897369385
1089,910691,UCEC,3.805405,4.26142692565918
1918,908130,UCEC,5.073619,4.014049530029297
2106,908129,UCEC,1.421965,2.3967370986938477
1093,910691,UCEC,3.042532,4.035763263702393
1007,910781,UCEC,-4.545084,-4.277636528015137
1091,907051,UCEC,3.656865,2.712207317352295
1614,924187,UCEC,4.630944,4.849491119384766
2048,910781,UCEC,-3.108055,-3.0179965496063232
2107,908130,UCEC,6.182916,5.831594944000244
1996,1240174,UCEC,3.53427,3.9075770378112793
1561,908130,UCEC,3.567524,4.478775978088379
1051,908129,UCEC,2.99128,3.0031769275665283
1918,1240174,UCEC,3.497727,2.8749570846557617
1089,1240127,UCEC,5.187659,5.1171770095825195
1034,909735,UCEC,-4.210259,-3.4131178855895996
1529,908129,UCEC,2.653462,3.544236183166504
1918,910691,UCEC,2.506156,2.898183822631836
1615,907051,UCEC,6.177322,5.939830780029297
1237,1240174,UCEC,4.048058,5.031750202178955
1084,909735,UCEC,-1.419319,-2.8361685276031494
1083,910781,UCEC,3.03411,2.5773119926452637
2044,924187,UCEC,4.26555,5.0984907150268555
2107,908129,UCEC,5.22095,5.705470561981201
1635,910691,UCEC,5.652991,5.199440956115723
1010,924187,UCEC,3.538019,3.6463623046875
1913,910691,UCEC,5.266833,4.630825996398926
1557,909735,UCEC,4.20378,4.336905479431152
1627,909735,UCEC,2.438487,2.5232203006744385
1614,910781,UCEC,4.870521,3.90187406539917
1085,1240127,UCEC,3.208991,3.1144704818725586
1191,909735,UCEC,-5.133799,-5.211307048797607
1053,908129,UCEC,1.648225,3.028083324432373
1179,1240174,UCEC,-0.515693,0.1995193362236023
1927,910781,UCEC,3.740951,4.492274761199951
1013,924187,UCEC,5.583705,5.63564395904541
1621,909735,UCEC,4.172841,4.282202243804932
1911,910691,UCEC,-3.989444,-3.6977009773254395
1080,908130,UCEC,0.351584,-1.200148344039917
1011,924187,UCEC,1.539051,2.2245001792907715
2096,909735,UCEC,2.230983,3.3647961616516113
1259,1240174,UCEC,3.231684,3.932502508163452
1622,910691,UCEC,2.935945,4.290753364562988
2043,924187,UCEC,5.067622,5.919343948364258
1553,910691,UCEC,0.735299,0.8684359788894653
1060,908130,UCEC,2.072498,2.3355093002319336
1912,1240174,UCEC,1.906144,2.190338611602783
1057,1240174,UCEC,-2.457066,-0.5796090364456177
1927,1240174,UCEC,4.246176,4.741531848907471
2096,924187,UCEC,3.850167,4.674744606018066
1930,924187,UCEC,1.882688,2.6475658416748047
1578,910781,UCEC,4.25509,4.94340705871582
1131,910781,UCEC,3.837726,5.234387397766113
1168,906868,LGG,3.688959,2.8842833042144775
2107,905984,LGG,4.554533,4.117318630218506
1046,905984,LGG,-0.007504,0.9437084794044495
1941,908144,LGG,-3.034266,-3.4080400466918945
1080,909750,LGG,-2.776975,-4.252849578857422
1618,905984,LGG,3.206066,2.6585075855255127
1855,906871,LGG,2.840992,4.376711845397949
1922,908144,LGG,1.020338,2.1147000789642334
2110,906871,LGG,4.988788,4.282600402832031
1046,908145,LGG,-0.135727,0.9154555201530457
1560,906868,LGG,3.344101,3.750875473022461
1084,906868,LGG,-3.363847,-3.927149772644043
1032,906871,LGG,1.847115,1.893857717514038
1786,908144,LGG,3.751278,3.1838271617889404
1926,908145,LGG,-0.739909,-0.2367119938135147
1936,907271,LGG,3.786733,3.524995803833008
2109,907042,LGG,0.587868,1.642446756362915
1034,905984,LGG,-3.736396,-5.488437175750732
1918,906871,LGG,2.811514,2.6460633277893066
2110,907042,LGG,3.174816,3.9357450008392334
1057,907271,LGG,-2.6476,-1.9670791625976562
1239,907279,LGG,4.185314,4.808454990386963
1626,906868,LGG,3.249333,2.0894129276275635
1928,906868,LGG,4.826045,4.293732643127441
1873,908144,LGG,0.556791,1.4302949905395508
1510,907042,LGG,4.414096,4.113033294677734
1373,907271,LGG,6.07255,5.743007659912109
1529,905984,LGG,0.230846,0.04311130940914154
1627,907042,LGG,2.340164,1.9761263132095337
1622,907279,LGG,5.272639,5.426311016082764
1372,908145,LGG,-0.158609,0.2867715358734131
1022,905984,LGG,-1.933252,-1.37978196144104
1375,908145,LGG,4.677228,5.120135307312012
1010,907271,LGG,4.18949,4.114053249359131
1931,907279,LGG,6.632323,6.41827917098999
1085,907042,LGG,2.731579,2.4066131114959717
1615,905984,LGG,4.028657,3.6409285068511963
1179,907042,LGG,-0.809665,-0.2333746701478958
1022,907271,LGG,-0.78857,0.2038986086845398
1051,907042,LGG,-1.983769,0.842272937297821
1013,909750,LGG,2.972303,2.641947031021118
1373,908144,LGG,6.125056,6.058517932891846
1925,906868,LGG,4.523321,4.932056903839111
1373,907042,LGG,3.50018,4.568721771240234
1560,906871,LGG,3.369912,3.1486029624938965
1049,907271,LGG,4.057974,3.9841842651367188
2047,907271,LGG,2.893184,3.8620502948760986
1007,907279,LGG,-2.570337,-1.2447326183319092
1012,906871,LGG,1.328755,1.3242723941802979
1032,905984,LGG,1.501708,1.6859849691390991
1924,909750,LGG,2.280602,2.520390033721924
1576,906871,LGG,2.405205,2.5234410762786865
1017,905984,LGG,3.197454,2.8037853240966797
1593,906871,LGG,2.172127,2.18336820602417
1047,905984,LGG,4.46719,2.6865837574005127
2047,907279,LGG,3.041037,3.3301525115966797
1003,908144,LGG,-0.646514,-1.0124436616897583
1191,907042,LGG,-5.011419,-5.471125602722168
1634,907042,LGG,4.116166,4.025888442993164
1010,906871,LGG,1.758882,3.1364479064941406
1507,907271,LGG,6.082244,5.090665817260742
1058,907279,LGG,2.161615,2.040534019470215
1013,908144,LGG,3.342968,4.460381507873535
1908,909750,LGG,5.2716,3.1450836658477783
1200,909750,LGG,2.290515,2.335693359375
1190,906871,LGG,-2.486067,-3.55757737159729
1799,907279,LGG,7.053331,6.01755952835083
1922,905984,LGG,0.92291,2.0960586071014404
1635,905984,LGG,3.979962,4.3446149826049805
1088,906868,LGG,2.80315,2.2677161693573
1034,907042,LGG,-4.99543,-5.268091678619385
1083,907279,LGG,1.516931,4.537042140960693
1529,908144,LGG,4.701878,3.336102247238159
1036,906871,LGG,4.165263,4.139857769012451
2110,907279,LGG,6.475333,5.67168664932251
1997,908144,LGG,3.032229,4.4593892097473145
1930,908144,LGG,0.666577,0.824493408203125
1375,907271,LGG,7.153415,6.316347122192383
1940,906868,LGG,4.147142,3.6258838176727295
2047,909750,LGG,3.51411,3.1450836658477783
1006,905984,LGG,1.632991,-0.30496376752853394
1558,906868,LGG,3.263714,3.163078784942627
1011,908144,LGG,4.056182,3.6565561294555664
1911,906871,LGG,-5.685433,-5.753589153289795
1936,905984,LGG,1.511704,1.705230474472046
1036,907042,LGG,2.301492,3.070064067840576
1922,906868,LGG,1.990311,1.8111978769302368
1084,907279,LGG,-1.904082,-1.0802507400512695
1910,907042,LGG,2.329974,3.2610039710998535
1373,906868,LGG,5.284761,5.106874942779541
1248,908144,LGG,-2.330413,-2.8651249408721924
1564,907279,LGG,3.345524,3.06050968170166
2096,906868,LGG,4.00621,3.409432888031006
1191,908145,LGG,-5.430399,-5.503701210021973
1909,906868,LGG,2.048988,1.8885847330093384
1058,909750,LGG,0.641643,0.7589036226272583
2043,907279,LGG,5.557117,6.441543102264404
1079,908145,LGG,1.147649,-0.884902834892273
1073,908144,LGG,7.558483,5.662065505981445
1925,908145,LGG,4.564078,4.566402912139893
1051,906868,LGG,1.225725,1.7045505046844482
1250,906868,LGG,1.228626,1.3314363956451416
1180,906871,LGG,-3.039823,-3.191974401473999
1908,907271,LGG,3.357628,3.8620502948760986
1625,907271,LGG,4.443947,4.7390851974487305
1631,906871,LGG,3.054978,3.2475345134735107
1917,908144,LGG,3.018337,3.202868938446045
1060,908144,LGG,2.776883,1.14692223072052
1006,908145,LGG,-0.544098,-0.6483394503593445
1917,906868,LGG,2.513782,1.8425898551940918
1909,907271,LGG,3.26935,2.758875608444214
1578,907279,LGG,5.868116,6.087975978851318
2048,907271,LGG,-2.558776,-1.971207618713379
1006,909750,LGG,1.410693,1.7053186893463135
2040,909750,LGG,0.777957,0.291978657245636
1085,908145,LGG,2.589607,2.4196927547454834
1563,908144,LGG,6.604964,5.985093116760254
1598,906868,LGG,3.895333,4.671401023864746
1941,907279,LGG,-4.708425,-2.705282688140869
1058,905984,LGG,0.7202,0.6342331767082214
1068,906868,LGG,1.525282,1.485228180885315
1799,906871,LGG,3.727641,4.83458137512207
2044,908145,LGG,2.408753,2.889557123184204
1017,907271,LGG,4.975197,4.9490065574646
1047,908145,LGG,5.665451,2.4768173694610596
2040,908144,LGG,0.662164,0.2570953667163849
1560,908144,LGG,3.524815,3.961324453353882
1177,906871,LGG,4.832151,3.158600330352783
1925,907042,LGG,4.854411,4.6790690422058105
1088,908144,LGG,2.470252,4.176544189453125
1558,907279,LGG,5.512889,5.037319183349609
1131,906868,LGG,2.892116,4.821526050567627
1003,909750,LGG,-3.945857,-3.47115159034729
1237,907279,LGG,5.232,6.236914157867432
1925,906871,LGG,4.015206,4.989004611968994
1511,909750,LGG,-1.201919,-2.171339511871338
1927,907271,LGG,4.956214,5.2205939292907715
2107,907042,LGG,4.262295,4.298000335693359
1373,909750,LGG,3.373941,4.759403705596924
1924,907042,LGG,2.979652,2.5131008625030518
1997,908145,LGG,4.527123,3.736762762069702
1862,909750,LGG,-1.574385,-1.8197929859161377
1191,908144,LGG,-5.79611,-4.885586261749268
1997,907271,LGG,5.286963,4.597807884216309
1917,909750,LGG,0.39894,1.7728102207183838
1507,907279,LGG,4.603339,5.704846382141113
1912,906871,LGG,1.894089,2.0858821868896484
1268,907279,LGG,3.696807,5.305795192718506
1941,906868,LGG,-6.228852,-4.466550827026367
1057,907042,LGG,-3.289368,-3.0916547775268555
1131,907271,LGG,3.405089,5.2614426612854
2107,906871,LGG,4.987244,5.039900779724121
1017,908145,LGG,3.67526,2.92238450050354
1032,907279,LGG,3.39062,3.3484601974487305
1053,905984,LGG,2.059679,2.3828465938568115
1529,906868,LGG,-1.557717,1.2280027866363525
1922,906871,LGG,1.807655,1.7823431491851807
1080,905984,LGG,-5.066547,-4.445382118225098
1624,906868,LGG,4.515309,3.29640531539917
1862,906871,LGG,-1.808558,-1.6092294454574585
1849,906871,LGG,-1.379473,-0.4681832790374756
1068,905984,LGG,0.998813,0.6734345555305481
1549,907279,LGG,5.318147,5.327302932739258
1168,908145,LGG,3.41153,2.485132932662964
1047,907271,LGG,5.498934,5.397070407867432
2110,909750,LGG,3.449847,4.152280330657959
1622,906871,LGG,4.976336,4.67758321762085
1053,908144,LGG,2.248085,2.9982895851135254
1630,906868,LGG,3.223698,3.4808857440948486
1916,908144,LGG,2.275195,2.482231616973877
1862,908145,LGG,-1.923,-1.7047797441482544
1510,907279,LGG,4.856347,4.440270900726318
1168,909750,LGG,3.356508,2.610032081604004
1058,907042,LGG,-0.14777,0.6972262263298035
1598,907279,LGG,5.000733,5.292738437652588
1085,908144,LGG,4.566886,4.256554126739502
1996,906868,LGG,3.73953,3.8523435592651367
1563,907042,LGG,5.065058,5.008015155792236
1930,907279,LGG,2.366158,2.4729082584381104
1933,906868,LGG,5.145173,4.948119640350342
1060,907279,LGG,-0.060451,2.3977177143096924
1909,905984,LGG,1.745326,2.0006513595581055
1927,908144,LGG,5.482589,5.180809020996094
1058,907271,LGG,1.539842,1.235960841178894
1922,907271,LGG,1.988658,2.1255381107330322
1529,906871,LGG,0.706421,0.11014978587627411
2048,908145,LGG,-5.413101,-4.920429229736328
1932,908144,LGG,3.656261,3.4707577228546143
1917,906871,LGG,1.181301,1.4582788944244385
1939,905984,LGG,1.704001,2.8084185123443604
1004,909750,LGG,-3.196367,-4.756783485412598
1005,906868,LGG,3.834026,2.4576380252838135
1529,907042,LGG,-1.046993,0.5039311647415161
2046,907271,LGG,1.366362,3.194478988647461
1512,906868,LGG,4.316297,5.092484474182129
1913,906871,LGG,4.427896,4.641810894012451
2043,906868,LGG,4.78906,4.8297295570373535
1553,907042,LGG,2.73995,1.5859808921813965
1054,909750,LGG,4.770991,3.989175796508789
1913,907279,LGG,5.599081,5.787595272064209
1786,907042,LGG,2.239665,2.090815782546997
1928,908144,LGG,4.385553,4.584047794342041
1512,906871,LGG,4.621885,5.02844762802124
1913,906868,LGG,5.201244,4.627261638641357
1168,908144,LGG,4.168191,4.034682273864746
1091,907271,LGG,3.634242,2.230663299560547
2096,907042,LGG,0.929942,2.6098194122314453
1615,907042,LGG,4.206035,3.9839887619018555
1799,906868,LGG,4.295533,4.957268238067627
1615,906868,LGG,4.531841,4.841999530792236
1068,907042,LGG,2.171549,0.7577657699584961
1854,907042,LGG,4.04777,4.229668617248535
1259,905984,LGG,1.120655,0.7446008920669556
1013,907271,LGG,2.941423,4.314018249511719
1913,908144,LGG,5.081263,5.114438533782959
1915,906871,LGG,2.959786,2.50111985206604
2047,906868,LGG,0.310533,3.2977054119110107
1561,907042,LGG,1.683666,1.5412572622299194
2107,908145,LGG,4.833269,4.204822540283203
1578,905984,LGG,4.577165,4.984523773193359
1630,906871,LGG,2.671145,3.138615608215332
1011,907279,LGG,2.284163,4.141396999359131
1036,924100,PRAD,5.153903,5.977564811706543
1930,1299075,PRAD,0.524849,0.9194803237915039
1004,907788,PRAD,-3.856416,-4.717770099639893
1191,905935,PRAD,-3.609399,-4.7247796058654785
1239,905935,PRAD,3.362541,3.85398006439209
1079,1299075,PRAD,2.839053,3.14933705329895
1049,1330993,PRAD,3.480746,3.3499228954315186
1005,1330993,PRAD,2.259418,2.148561954498291
1180,1330993,PRAD,-1.455426,-2.97451114654541
2107,907788,PRAD,4.92703,4.380612850189209
1626,1330993,PRAD,1.576853,1.9794782400131226
1849,924100,PRAD,-1.05824,-1.5343554019927979
2047,924100,PRAD,2.618947,2.9719765186309814
2109,1330993,PRAD,1.901465,2.1211631298065186
1634,1330993,PRAD,4.416057,4.079120635986328
1022,905934,PRAD,3.123222,1.866990566253662
1873,1299075,PRAD,1.8671,1.4084781408309937
1918,907788,PRAD,-2.323483,2.71553373336792
1051,1330993,PRAD,1.167537,1.6479873657226562
2040,924100,PRAD,2.318599,1.463582992553711
1557,905935,PRAD,5.636833,5.537933826446533
1529,905934,PRAD,0.864976,2.2921230792999268
1593,924100,PRAD,1.850475,2.3826637268066406
1613,1299075,PRAD,5.190225,4.551815509796143
1190,1330993,PRAD,-2.686326,-3.340458869934082
1620,1299075,PRAD,5.804065,5.464139461517334
2107,1330993,PRAD,4.942894,4.773627281188965
1941,1299075,PRAD,-3.875305,-3.930542469024658
1012,1330993,PRAD,1.500195,1.685072422027588
2109,907788,PRAD,1.251123,2.0290050506591797
1927,905935,PRAD,5.596624,5.804474353790283
1862,1299075,PRAD,-0.158532,-1.2201858758926392
1930,905935,PRAD,0.420476,1.5540025234222412
1940,905935,PRAD,4.653367,4.533965587615967
1853,907788,PRAD,4.832861,3.9139559268951416
1529,905935,PRAD,1.828903,0.9765509366989136
1576,1330993,PRAD,2.894742,2.578371047973633
1034,905935,PRAD,-1.158497,-2.242072105407715
1511,907788,PRAD,-2.802592,-3.053609609603882
1919,1299075,PRAD,2.763847,2.523627281188965
1179,905935,PRAD,2.284438,1.5659079551696777
1006,905935,PRAD,3.728189,2.5140721797943115
1614,1330993,PRAD,4.28672,3.679887294769287
1911,1299075,PRAD,-4.875472,-3.3739264011383057
1053,924100,PRAD,2.070103,1.8249542713165283
1088,1330993,PRAD,1.518924,2.0132553577423096
1558,1330993,PRAD,4.389901,2.5243594646453857
1022,1330993,PRAD,-1.055105,-0.606893002986908
1939,905935,PRAD,4.78194,3.7092554569244385
2106,1330993,PRAD,3.055987,3.1898672580718994
1615,1299075,PRAD,5.765819,4.997808933258057
1631,1330993,PRAD,2.54754,3.1210765838623047
1854,1330993,PRAD,3.658009,4.297714710235596
1928,924100,PRAD,5.264878,5.261803150177002
1372,905935,PRAD,2.658158,2.0378754138946533
2045,907788,PRAD,1.470504,4.560460090637207
1629,905935,PRAD,4.133244,5.598097324371338
1558,905935,PRAD,5.904133,4.756621360778809
1912,907788,PRAD,-3.114579,-2.5977895259857178
1179,907788,PRAD,0.837137,0.08056925237178802
1615,905935,PRAD,5.520234,5.958380222320557
1925,924100,PRAD,6.062725,4.293952465057373
1932,905935,PRAD,4.684746,4.454349994659424
1626,905935,PRAD,4.013667,4.023984909057617
1088,905935,PRAD,2.31772,3.0988314151763916
1928,1299075,PRAD,3.175566,4.57454776763916
1046,905935,PRAD,4.639972,3.3981175422668457
1919,1330993,PRAD,1.494359,1.8346264362335205
1916,924100,PRAD,2.501597,1.9044917821884155
1855,907788,PRAD,2.138358,3.254256010055542
1621,905934,PRAD,6.274112,6.215436935424805
1199,907788,PRAD,2.492018,3.8585429191589355
1557,1299075,PRAD,4.708606,4.911986827850342
1933,924100,PRAD,6.083273,4.908294200897217
1849,905934,PRAD,0.639852,0.9111937880516052
1237,1299075,PRAD,4.396174,5.07052755355835
1093,924100,PRAD,4.167249,4.155837059020996
1614,924100,PRAD,4.000959,4.5345377922058105
1853,1299075,PRAD,3.851953,4.410365581512451
1615,907788,PRAD,5.426822,4.693161964416504
1559,924100,PRAD,-2.131591,-2.057192087173462
1239,1299075,PRAD,3.277084,3.203726291656494
1054,924100,PRAD,2.828738,3.4260318279266357
1013,905935,PRAD,5.056191,4.993332862854004
1631,1299075,PRAD,1.823223,3.4412388801574707
1631,907788,PRAD,3.420053,3.1511807441711426
1017,1330993,PRAD,3.3911,3.9468512535095215
1561,1299075,PRAD,1.422888,1.4285653829574585
1003,924100,PRAD,-3.142631,-2.3476033210754395
1631,905934,PRAD,3.366062,5.51859712600708
1005,1299075,PRAD,3.474737,4.354236602783203
1936,907788,PRAD,3.157589,2.3784496784210205
1046,905934,PRAD,4.625874,4.581142425537109
1578,924100,PRAD,5.52081,5.69321870803833
1926,907788,PRAD,-1.268082,-1.0271756649017334
1629,905934,PRAD,5.276813,5.853159427642822
1089,905935,PRAD,6.101455,4.858617305755615
1909,905934,PRAD,2.094977,3.4611165523529053
1017,907788,PRAD,3.209992,3.852992057800293
1559,905935,PRAD,-1.305637,-1.0074186325073242
2048,907788,PRAD,-3.759454,-4.665062427520752
1630,924100,PRAD,5.022928,3.9988653659820557
1373,907788,PRAD,4.313501,4.277694225311279
1563,905935,PRAD,6.245884,6.173827648162842
1006,1330993,PRAD,1.603271,1.6017751693725586
2043,905934,PRAD,4.995648,6.075263500213623
1032,924100,PRAD,2.433064,2.732792377471924
1093,1299075,PRAD,4.426556,4.559714317321777
1853,905935,PRAD,2.790359,4.698599338531494
1553,1299075,PRAD,0.815226,1.8209232091903687
1085,905935,PRAD,4.184055,3.9697396755218506
1249,905935,PRAD,4.084725,4.743061065673828
1799,905934,PRAD,6.630921,5.811978340148926
1910,924100,PRAD,3.748055,2.560565948486328
1908,924100,PRAD,2.988197,2.9719765186309814
1073,1299075,PRAD,6.098524,4.66567325592041
1375,905934,PRAD,6.432623,7.0279083251953125
1372,1299075,PRAD,3.359636,3.2314469814300537
1199,905935,PRAD,4.891858,4.560896396636963
1047,905934,PRAD,6.837866,6.593653678894043
1916,1330993,PRAD,3.163871,2.7338480949401855
1621,1299075,PRAD,3.972457,5.191707134246826
1549,905935,PRAD,5.423471,5.057522296905518
1930,924100,PRAD,0.45985,0.29741764068603516
1200,924100,PRAD,3.981583,2.2465062141418457
1013,907788,PRAD,1.631688,2.6075518131256104
1507,1330993,PRAD,4.660816,4.299253463745117
2040,1330993,PRAD,-0.404695,1.0463837385177612
1057,905934,PRAD,-1.267715,-0.3575023412704468
1908,1330993,PRAD,4.390874,2.957003593444824
1928,905934,PRAD,6.099738,6.095064640045166
1091,907788,PRAD,2.575059,2.016663074493408
1635,907788,PRAD,5.516838,5.2838215827941895
1177,905934,PRAD,5.848718,6.072135925292969
1924,907788,PRAD,-2.29364,-1.7229399681091309
1910,907788,PRAD,1.265806,1.963092565536499
1177,907788,PRAD,3.656591,3.7508769035339355
1873,1330993,PRAD,0.723229,1.1182059049606323
1022,905935,PRAD,0.936229,1.3816533088684082
1936,905935,PRAD,3.640692,3.633028745651245
1375,907788,PRAD,3.944857,6.775550842285156
1559,907788,PRAD,-2.557347,-3.275792121887207
1786,924100,PRAD,3.233135,2.3688666820526123
1925,905935,PRAD,5.445506,5.73842191696167
1060,924100,PRAD,0.641888,1.4876042604446411
2045,905935,PRAD,5.967969,5.83718204498291
1629,924100,PRAD,4.562896,4.217077255249023
1060,907788,PRAD,1.886727,0.8428316712379456
1511,1299075,PRAD,-0.636303,0.10632070899009705
1051,907788,PRAD,4.365219,2.0143027305603027
1614,1299075,PRAD,3.227317,4.519110202789307
1017,924100,PRAD,5.238895,4.54518461227417
1627,907788,PRAD,2.33774,2.52878475189209
1873,905935,PRAD,2.343264,2.0290415287017822
1191,907788,PRAD,-4.894041,-5.558285713195801
1939,1299075,PRAD,1.895036,2.8275041580200195
1614,905935,PRAD,5.782479,5.459117412567139
1507,924100,PRAD,6.06293,5.27393913269043
1911,1330993,PRAD,-5.287403,-5.367151260375977
1927,1299075,PRAD,4.892494,4.882202625274658
1268,924100,PRAD,4.825634,5.297546863555908
1010,1330993,PRAD,2.889697,3.028548240661621
1919,905935,PRAD,2.206008,3.0173988342285156
1558,905934,PRAD,4.944551,5.30814790725708
1375,906834,MB,5.144706,4.455810070037842
1060,909248,MB,-1.898243,-1.5190403461456299
1561,906834,MB,1.920515,1.29562509059906
1928,909248,MB,4.998168,4.787962913513184
1941,906834,MB,-3.70121,-5.023872375488281
1939,906833,MB,3.671198,1.9756364822387695
1576,909248,MB,3.160104,3.2224607467651367
1032,909248,MB,2.244037,2.4805424213409424
1563,909248,MB,5.968278,5.947471618652344
1913,909248,MB,5.114757,4.6332807540893555
1918,909248,MB,5.444023,3.9541993141174316
1852,683667,MB,5.082062,4.495692253112793
1237,906833,MB,4.549427,4.384039878845215
2110,906833,MB,3.281048,3.8215994834899902
1930,909248,MB,-0.057723,0.5294315814971924
1003,683667,MB,-2.006249,-2.1802804470062256
1084,683667,MB,-2.65381,-2.385451078414917
1177,909248,MB,4.430099,4.443615436553955
1873,683667,MB,0.296065,0.7175419330596924
1917,906834,MB,-1.040965,0.01516510546207428
1786,906833,MB,1.649919,2.036311626434326
1627,909248,MB,2.280931,3.016537666320801
1939,906834,MB,2.320702,2.2268292903900146
1085,906834,MB,1.70212,1.4927831888198853
2046,683667,MB,2.274957,2.729671001434326
1559,683667,MB,-3.36606,-2.3603005409240723
1618,906834,MB,4.621516,2.820922374725342
1083,683667,MB,1.103857,2.28682541847229
1005,906833,MB,0.267666,1.3816289901733398
1911,906833,MB,-6.508994,-5.791539192199707
1022,906833,MB,-0.369969,-0.6716814041137695
1093,906834,MB,3.176145,3.094085931777954
1613,906834,MB,1.191851,1.28774893283844
1922,683667,MB,1.611562,1.7326855659484863
1932,906833,MB,3.182448,2.7567763328552246
1932,906834,MB,1.274582,1.4813312292099
1578,909248,MB,5.168653,5.0962066650390625
1093,906833,MB,4.084831,3.6239771842956543
1250,683667,MB,1.891691,2.0328474044799805
1529,683667,MB,0.524999,2.700524091720581
1049,909248,MB,4.507124,4.763278007507324
1237,906834,MB,3.399454,4.022315979003906
1940,909248,MB,4.751718,3.7953672409057617
1563,683667,MB,4.128256,5.034996509552002
1013,906834,MB,2.601204,2.167165756225586
1931,906834,MB,3.962433,3.6870479583740234
1997,909248,MB,3.690713,3.8868963718414307
1510,906833,MB,3.73384,3.627941370010376
1259,683667,MB,3.741974,2.0365793704986572
1259,909248,MB,3.383347,2.8205366134643555
1941,683667,MB,-4.278141,-4.513756275177002
1564,683667,MB,3.904334,2.8210554122924805
1928,906833,MB,4.861249,3.8213071823120117
2096,683667,MB,2.734057,3.214785099029541
1614,909248,MB,3.638168,3.6106150150299072
1912,906833,MB,2.963842,2.4545719623565674
1049,906833,MB,3.919753,3.2756412029266357
1047,906834,MB,1.599711,3.6895995140075684
1621,683667,MB,3.778697,3.3087470531463623
1560,683667,MB,2.342297,2.054067611694336
1915,906834,MB,1.859219,2.526651620864868
1635,906833,MB,4.883884,4.509121417999268
1012,909248,MB,2.084765,1.9178729057312012
1617,683667,MB,0.874163,2.030923366546631
1250,906834,MB,-0.027083,-0.5905440449714661
1631,909248,MB,2.999185,3.4725139141082764
1199,906834,MB,2.600819,2.517422676086426
1939,909248,MB,2.753622,2.3998782634735107
1854,906834,MB,3.672424,4.30524206161499
1910,683667,MB,0.032912,0.8836584091186523
1854,909248,MB,5.702934,5.146369934082031
1926,906833,MB,-0.134884,-0.23493553698062897
1908,683667,MB,2.849667,2.3077168464660645
1613,906833,MB,2.099851,3.11130428314209
2110,906834,MB,3.303086,3.820584535598755
1051,683667,MB,1.319071,2.87916898727417
1089,906833,MB,2.042374,3.5252106189727783
1191,683667,MB,-6.118548,-5.271458148956299
1004,683667,MB,-5.003389,-4.2178826332092285
1553,909248,MB,3.205999,3.7530059814453125
1922,906834,MB,0.750738,1.3734893798828125
1855,906834,MB,2.376361,2.4126312732696533
1849,906834,MB,-0.56739,-2.009794235229492
1007,909248,MB,-5.139681,-4.456084251403809
1131,683667,MB,3.074239,3.8285839557647705
1512,683667,MB,4.590234,4.46953821182251
1248,906834,MB,-7.58246,-6.88999605178833
1862,906833,MB,-2.08203,-1.5671814680099487
2047,909248,MB,0.526603,1.9486128091812134
1054,909248,MB,3.271582,3.6786563396453857
1918,683667,MB,3.210067,1.7669354677200317
1919,909248,MB,2.485856,2.248556137084961
2110,909248,MB,4.073513,4.837554931640625
1852,909248,MB,5.714519,5.517177581787109
1022,906834,MB,-2.372847,-1.919248104095459
1549,909248,MB,5.696503,5.004513740539551
1909,906834,MB,1.449609,0.8377929925918579
1004,906833,MB,-5.437173,-5.140208721160889
1925,683667,MB,4.744363,3.938082695007324
1179,683667,MB,-0.174074,0.18467222154140472
1927,909248,MB,5.019437,5.297181129455566
1634,909248,MB,5.099714,4.509972095489502
1007,906833,MB,-6.343596,-5.944572448730469
1557,683667,MB,4.668314,4.264503479003906
1088,683667,MB,2.411908,2.2823972702026367
1926,683667,MB,-0.00329,-0.06478078663349152
1068,906833,MB,0.885311,1.0096644163131714
1049,906834,MB,1.339379,2.8109991550445557
1931,906833,MB,5.063823,4.763672828674316
1625,683667,MB,4.288239,4.213483810424805
1922,907269,CLL,1.387054,1.601955771446228
1190,907270,CLL,-5.871898,-5.70123291015625
1932,907270,CLL,2.171991,2.0460920333862305
1511,907270,CLL,-4.085985,-4.627364158630371
1010,907270,CLL,1.82504,2.4169058799743652
1017,907269,CLL,2.146794,2.3259143829345703
1372,907269,CLL,1.066968,0.2415255904197693
1622,907269,CLL,2.73293,3.0192503929138184
1917,907269,CLL,0.947212,0.28946250677108765
1631,907270,CLL,-0.45875,0.38132035732269287
2107,907270,CLL,3.347694,3.2583518028259277
1054,907270,CLL,0.30184,0.10489332675933838
1940,907270,CLL,3.174109,3.4138691425323486
1510,907269,CLL,3.151493,2.9915530681610107
1011,907269,CLL,-0.109843,-0.2763679623603821
1054,907269,CLL,0.384328,0.9092217683792114
1005,907269,CLL,0.578571,0.09608522057533264
1620,907269,CLL,3.86857,3.971407651901245
1507,907270,CLL,3.09569,2.7054085731506348
1559,907269,CLL,-4.927282,-4.242138385772705
1250,907269,CLL,-0.610503,-0.6160932779312134
1089,907269,CLL,1.182621,0.8120393753051758
1079,907270,CLL,0.173208,0.12166322767734528
1013,907270,CLL,0.750555,1.6894279718399048
2040,907269,CLL,0.28035,0.44024544954299927
1855,907269,CLL,1.836097,2.842285633087158
2111,907270,CLL,1.581978,1.717635989189148
1853,907270,CLL,4.779506,3.4219560623168945
1507,907269,CLL,2.3889,3.2774131298065186
1005,907270,CLL,-0.129025,0.04033651947975159
2110,907270,CLL,2.311289,2.0811312198638916
1168,907269,CLL,1.467156,1.7627471685409546
1635,907269,CLL,4.614121,4.512298107147217
1853,907269,CLL,5.038967,3.768961191177368
1085,907269,CLL,1.991481,1.579546332359314
1051,907269,CLL,-1.954958,-1.715517520904541
1373,907270,CLL,-0.307123,1.0321015119552612
2048,907269,CLL,-6.783857,-5.846933364868164
1634,907270,CLL,2.080294,2.5657734870910645
2109,907270,CLL,1.257252,1.6122220754623413
1248,907270,CLL,-5.606705,-6.477829456329346
1919,907270,CLL,1.228179,0.39252907037734985
1036,907270,CLL,1.181178,1.6679348945617676
1627,907270,CLL,0.821971,1.7188115119934082
1177,907270,CLL,1.359929,1.1828970909118652
1259,907269,CLL,-0.827464,-1.218657374382019
1928,907270,CLL,1.080651,1.478144884109497
1058,907269,CLL,-0.830199,-0.4099826216697693
1909,907269,CLL,-0.635827,-0.735144853591919
1017,907270,CLL,2.050278,2.2024142742156982
1060,907269,CLL,-0.413308,-0.940351128578186
1239,907269,CLL,0.148429,0.15921255946159363
1918,907270,CLL,2.121727,1.4844622611999512
1561,907269,CLL,-0.948783,-0.03254400193691254
2047,907270,CLL,1.584474,0.5933672189712524
1625,909744,ACC,4.471651,4.204970836639404
1010,909744,ACC,0.931514,2.7373199462890625
1190,909744,ACC,-3.865964,-3.6969707012176514
1177,909744,ACC,4.332759,3.474226474761963
1168,909744,ACC,0.735354,2.1945838928222656
1549,909744,ACC,-0.61612,3.199387788772583
1239,909744,ACC,0.993385,1.2358113527297974
1621,909744,ACC,3.562308,3.5168545246124268
1940,909744,ACC,3.610817,2.9733166694641113
1939,909744,ACC,1.433243,2.206425905227661
1054,909744,ACC,2.761664,2.8889057636260986
1853,909744,ACC,3.702294,2.8104465007781982
1941,909744,ACC,-6.173269,-5.517337799072266
1051,909744,ACC,1.13922,1.338691234588623
1089,909744,ACC,2.620158,2.3723504543304443
1849,909744,ACC,-1.361503,-1.6257078647613525
1259,909744,ACC,3.251249,1.7688847780227661
1507,909744,ACC,4.378807,4.379084587097168
1563,909744,ACC,5.078275,4.953459739685059
1629,909744,ACC,3.645653,3.358988046646118
2045,909744,ACC,4.398989,4.703548908233643
1049,909744,ACC,3.775263,3.0315356254577637
1615,909744,ACC,3.611313,4.497344017028809
1908,909744,ACC,1.204635,1.6794698238372803
1511,909744,ACC,-1.872598,-2.544193983078003
1093,909744,ACC,3.434971,3.311450958251953
1007,909744,ACC,-5.853104,-5.20440673828125
2106,909744,ACC,2.622521,2.950982093811035
